WORLD 121 150
[0 63 1]
[0 62 1]
[0 62 0]
[0 63 0]
[0 62 2]
[0 63 2]
[0 64 0]
[0 64 1]
[0 64 2]
[0 62 -1]
[0 64 -1]
[0 61 -1]
[0 61 1]
[0 65 -1]
[0 61 2]
[0 65 2]
[1 64 3]
[1 66 1]
[1 62 -2]
[1 65 -2]
[1 64 -2]
[1 63 -2]
[1 61 0]
[1 60 2]
[1 60 0]
[1 65 0]
[2 63 -3]
[2 61 -2]
[2 61 -3]
[2 60 -1]
[2 60 1]
[2 66 -3]
[2 66 -2]
[2 65 1]
[2 66 -1]
[2 67 1]
[2 66 2]
[2 65 4]
[2 63 3]
[2 64 4]
[2 63 4]
[2 63 -1]
[2 64 -3]
[2 65 -3]
[2 62 -3]
[2 60 3]
[3 65 -4]
[3 59 2]
[3 59 0]
[3 59 1]
[3 62 3]
[3 64 5]
[3 60 -3]
[3 67 2]
[3 67 -2]
[3 67 0]
[3 66 0]
[3 63 -4]
[3 61 4]
[3 67 -4]
[3 66 -4]
[3 64 -4]
[3 66 4]
[3 65 5]
[3 65 3]
[3 68 2]
[3 59 -1]
[3 59 -2]
[3 60 -2]
[3 60 -4]
[3 61 -4]
[3 62 -4]
[4 68 1]
[4 68 0]
[4 69 2]
[4 69 3]
[4 58 -1]
[4 59 -3]
[4 58 1]
[4 58 2]
[4 58 -2]
[4 66 -5]
[4 68 -5]
[4 68 -3]
[4 67 -3]
[4 63 -5]
[4 64 6]
[4 61 3]
[4 62 4]
[4 65 -5]
[4 67 -5]
[4 62 5]
[4 60 5]
[4 64 -5]
[4 59 -5]
[4 61 -5]
[4 59 -4]
[4 66 3]
[4 62 -5]
[4 58 0]
[4 67 3]
[4 67 5]
[4 67 4]
[5 69 0]
[5 65 -6]
[5 66 -6]
[5 67 -6]
[5 59 4]
[5 61 6]
[5 61 5]
[5 60 6]
[5 63 5]
[5 68 -4]
[5 69 -4]
[5 69 -6]
[5 57 -2]
[5 60 -6]
[5 58 -5]
[5 62 -6]
[5 68 4]
[5 67 6]
[5 66 5]
[5 57 -1]
[5 58 -3]
[5 57 -3]
[5 64 -6]
[5 68 -2]
[5 69 -2]
[5 69 1]
[5 68 -1]
[5 67 -1]
[5 58 -4]
[5 69 4]
[5 70 4]
[5 70 2]
[5 68 3]
[5 60 -5]
[5 63 6]
[5 65 7]
[5 58 3]
[5 57 2]
[5 57 1]
[5 57 3]
[5 59 3]
[5 57 0]
[5 68 5]
[5 70 3]
[6 70 -1]
[6 70 -2]
[6 69 -3]
[6 70 -3]
[6 57 -4]
[6 71 3]
[6 71 2]
[6 62 6]
[6 68 6]
[6 66 -7]
[6 58 4]
[6 60 4]
[6 62 7]
[6 61 7]
[6 59 7]
[6 70 1]
[6 58 5]
[6 66 6]
[6 64 7]
[6 70 5]
[6 57 4]
[6 63 -7]
[6 65 -7]
[6 61 -6]
[6 59 -6]
[6 68 7]
[6 66 7]
[6 69 -1]
[6 68 -7]
[6 68 -6]
[6 69 -7]
[6 57 -5]
[6 56 4]
[6 56 3]
[6 59 -7]
[6 61 -7]
[6 60 -7]
[6 56 -2]
[6 56 -3]
[6 56 2]
[6 56 -1]
[6 58 -6]
[6 69 5]
[6 56 1]
[6 71 4]
[6 69 -5]
[6 70 -5]
[7 55 2]
[7 55 1]
[7 55 3]
[7 71 1]
[7 58 -7]
[7 57 -7]
[7 57 -6]
[7 71 5]
[7 71 6]
[7 69 6]
[7 57 5]
[7 59 6]
[7 56 0]
[7 55 0]
[7 63 7]
[7 61 8]
[7 63 8]
[7 56 -5]
[7 56 -4]
[7 62 8]
[7 65 8]
[7 59 5]
[7 70 -4]
[7 55 4]
[7 62 -7]
[7 70 -7]
[7 70 -8]
[7 66 -8]
[7 67 -7]
[7 64 -7]
[7 64 -8]
[7 62 -8]
[7 60 -8]
[7 59 -8]
[7 67 7]
[7 69 7]
[7 67 -8]
[7 68 -8]
[7 69 -8]
[7 58 -8]
[7 69 8]
[7 70 0]
[7 72 4]
[7 72 2]
[7 71 -5]
[7 70 6]
[7 55 -1]
[7 55 -3]
[7 55 -4]
[7 55 -2]
[7 59 8]
[7 58 7]
[7 60 7]
[7 71 -4]
[7 72 5]
[7 72 3]
[7 71 -2]
[7 55 5]
[7 56 5]
[8 60 9]
[8 62 9]
[8 54 -4]
[8 54 -3]
[8 72 1]
[8 55 -5]
[8 67 -9]
[8 69 -9]
[8 54 0]
[8 54 -1]
[8 71 -3]
[8 71 -1]
[8 72 -3]
[8 72 -2]
[8 63 9]
[8 70 -9]
[8 71 -9]
[8 68 8]
[8 66 8]
[8 64 8]
[8 63 -8]
[8 65 -9]
[8 65 -8]
[8 54 3]
[8 54 4]
[8 54 2]
[8 56 -6]
[8 71 -6]
[8 70 -6]
[8 71 -7]
[8 68 -9]
[8 56 -7]
[8 70 7]
[8 70 8]
[8 61 -9]
[8 61 -8]
[8 62 -9]
[8 73 5]
[8 73 6]
[8 72 -5]
[8 64 9]
[8 65 9]
[8 57 -8]
[8 57 -9]
[8 73 4]
[8 72 -4]
[8 72 -6]
[8 59 9]
[8 58 9]
[9 71 8]
[9 71 -8]
[9 71 -10]
[9 69 9]
[9 70 9]
[9 71 7]
[9 72 0]
[9 53 4]
[9 53 3]
[9 53 -1]
[9 53 0]
[9 53 -4]
[9 54 -2]
[9 53 -3]
[9 54 -6]
[9 54 -5]
[9 73 -4]
[9 53 -5]
[9 56 -8]
[9 74 5]
[9 72 7]
[9 53 2]
[9 64 10]
[9 73 -5]
[9 61 9]
[9 61 10]
[9 59 10]
[9 72 -8]
[9 61 -10]
[9 63 -9]
[9 62 -10]
[9 64 -10]
[9 64 -9]
[9 73 -3]
[9 72 -1]
[9 73 -2]
[9 66 -10]
[9 68 -10]
[9 67 -10]
[9 72 -7]
[9 69 -10]
[9 70 -10]
[9 72 -9]
[9 74 3]
[9 67 9]
[9 72 6]
[9 74 4]
[9 60 10]
[9 58 -10]
[9 56 -9]
[9 58 -9]
[9 66 10]
[9 65 10]
[9 66 9]
[9 60 -9]
[9 60 8]
[9 68 9]
[9 67 8]
[9 55 -6]
[9 55 -7]
[10 73 -1]
[10 71 0]
[10 60 -10]
[10 62 -11]
[10 54 1]
[10 52 0]
[10 53 1]
[10 53 -2]
[10 64 11]
[10 65 11]
[10 70 -11]
[10 68 -11]
[10 59 11]
[10 67 -11]
[10 66 -11]
[10 66 -9]
[10 65 -10]
[10 67 10]
[10 66 11]
[10 52 -6]
[10 52 3]
[10 71 9]
[10 72 8]
[10 72 9]
[10 61 11]
[10 62 10]
[10 62 11]
[10 63 -11]
[10 63 -10]
[10 74 -1]
[10 54 -7]
[10 52 -1]
[10 73 3]
[10 75 5]
[10 75 4]
[10 73 2]
[10 74 2]
[10 75 2]
[10 75 3]
[10 52 -2]
[10 52 -4]
[10 73 0]
[10 69 10]
[10 59 -10]
[10 58 -11]
[10 57 -10]
[10 59 -11]
[10 53 -6]
[10 71 -11]
[10 69 -11]
[10 68 10]
[10 64 -11]
[10 73 8]
[10 73 7]
[10 54 -8]
[10 72 -10]
[10 73 -8]
[10 75 6]
[10 52 2]
[10 59 -9]
[10 52 -5]
[10 55 -8]
[10 73 -6]
[10 73 -7]
[10 60 11]
[11 53 -8]
[11 55 -9]
[11 51 2]
[11 52 1]
[11 63 -12]
[11 76 4]
[11 76 3]
[11 76 1]
[11 76 2]
[11 74 1]
[11 60 -11]
[11 54 -9]
[11 74 0]
[11 75 -1]
[11 51 -3]
[11 51 -2]
[11 74 -6]
[11 57 -12]
[11 57 -11]
[11 58 -12]
[11 65 -11]
[11 67 -12]
[11 69 11]
[11 67 11]
[11 63 10]
[11 64 12]
[11 65 12]
[11 51 -4]
[11 74 -5]
[11 75 1]
[11 51 1]
[11 63 11]
[11 62 12]
[11 63 12]
[11 71 10]
[11 70 10]
[11 51 0]
[11 53 -7]
[11 66 12]
[11 62 -12]
[11 75 7]
[11 76 5]
[11 60 12]
[11 61 12]
[11 65 -12]
[11 51 -5]
[11 51 -6]
[11 56 -11]
[11 74 8]
[11 73 9]
[11 68 11]
[12 50 0]
[12 63 13]
[12 74 6]
[12 76 7]
[12 75 8]
[12 61 -12]
[12 64 -13]
[12 77 0]
[12 77 2]
[12 77 1]
[12 56 -13]
[12 57 -13]
[12 61 13]
[12 53 -9]
[12 52 -9]
[12 73 1]
[12 75 0]
[12 50 -2]
[12 50 -3]
[12 58 -13]
[12 59 -13]
[12 70 11]
[12 65 -13]
[12 50 -6]
[12 63 -13]
[12 61 -11]
[12 62 -13]
[12 56 -12]
[12 67 12]
[12 75 -5]
[12 75 -6]
[12 56 -10]
[12 55 -10]
[12 55 -12]
[12 55 -11]
[12 66 -13]
[12 67 -13]
[12 50 -4]
[12 68 12]
[12 52 -8]
[12 62 13]
[12 76 -2]
[12 75 -2]
[12 76 0]
[12 76 6]
[12 77 5]
[12 53 -10]
[12 54 -10]
[12 52 -3]
[12 77 4]
[12 77 3]
[13 57 -14]
[13 56 -14]
[13 55 -14]
[13 49 -3]
[13 74 7]
[13 76 -3]
[13 74 -2]
[13 66 -12]
[13 67 -14]
[13 77 -1]
[13 76 -6]
[13 74 -7]
[13 76 -5]
[13 61 -14]
[13 61 -13]
[13 78 2]
[13 78 1]
[13 78 4]
[13 52 -10]
[13 50 -1]
[13 49 -2]
[13 77 6]
[13 50 -5]
[13 58 -14]
[13 78 6]
[13 54 -11]
[13 78 3]
[13 49 0]
[13 49 -1]
[13 60 -12]
[13 60 -13]
[13 62 14]
[13 64 13]
[13 60 -14]
[13 59 -12]
[13 59 -14]
[13 78 0]
[13 78 -1]
[13 76 -1]
[13 64 -12]
[13 64 -14]
[13 53 -11]
[13 54 -12]
[13 63 -14]
[13 74 -4]
[13 76 -4]
[13 75 -4]
[13 51 -9]
[13 75 -3]
[13 77 -2]
[13 77 -3]
[13 51 -7]
[13 50 -7]
[13 49 -7]
[13 51 -8]
[13 51 -10]
[13 68 -12]
[14 77 -5]
[14 77 -6]
[14 50 -10]
[14 51 -11]
[14 50 -11]
[14 55 -13]
[14 54 -15]
[14 55 -15]
[14 50 -9]
[14 50 -8]
[14 52 -7]
[14 64 -15]
[14 65 -14]
[14 48 0]
[14 48 -1]
[14 77 -4]
[14 48 -8]
[14 48 -6]
[14 48 -7]
[14 49 -6]
[14 49 -8]
[14 59 -15]
[14 61 -15]
[14 60 -15]
[14 63 14]
[14 58 -15]
[14 57 -15]
[14 69 -12]
[14 79 3]
[14 78 5]
[14 79 5]
[14 53 -12]
[14 74 -3]
[14 52 -11]
[14 63 -15]
[14 62 -15]
[14 56 -15]
[14 78 -3]
[14 78 -2]
[14 79 0]
[14 79 -2]
[14 79 1]
[14 79 2]
[14 79 -1]
[14 49 -4]
[14 48 -3]
[14 62 -14]
[14 50 1]
[14 66 -15]
[14 66 -14]
[15 47 -7]
[15 47 -8]
[15 49 -10]
[15 49 -9]
[15 63 15]
[15 64 14]
[15 65 -15]
[15 54 -16]
[15 55 -16]
[15 56 -16]
[15 63 -16]
[15 62 -16]
[15 78 -5]
[15 64 -16]
[15 80 2]
[15 80 1]
[15 51 -12]
[15 52 -12]
[15 80 -1]
[15 80 0]
[15 48 -4]
[15 49 -5]
[15 47 0]
[15 68 -13]
[15 79 4]
[15 80 4]
[15 65 -16]
[15 49 -11]
[15 79 -3]
[15 49 1]
[15 80 -2]
[15 61 -16]
[15 59 -16]
[15 60 -16]
[15 58 -16]
[15 78 -4]
[15 48 -5]
[15 80 6]
[15 53 -13]
[15 54 -13]
[15 48 -2]
[15 47 -2]
[15 47 -6]
[15 47 -5]
[15 53 -16]
[15 53 -14]
[16 81 -3]
[16 80 3]
[16 52 -13]
[16 81 0]
[16 81 -2]
[16 81 1]
[16 81 2]
[16 81 3]
[16 64 15]
[16 52 -17]
[16 52 -16]
[16 53 -15]
[16 47 -1]
[16 47 1]
[16 46 0]
[16 47 -4]
[16 48 -10]
[16 57 -17]
[16 58 -17]
[16 63 -17]
[16 64 -17]
[16 54 -17]
[16 60 -17]
[16 59 -17]
[16 61 -17]
[16 80 -3]
[16 47 -3]
[16 65 15]
[16 65 14]
[16 55 -17]
[16 53 -17]
[16 48 -12]
[16 62 -17]
[16 52 -14]
[16 48 -11]
[16 50 -12]
[16 50 -13]
[16 48 -9]
[16 46 -7]
[16 46 -9]
[16 47 -9]
[16 81 5]
[16 80 5]
[16 46 -3]
[16 46 -8]
[17 47 -10]
[17 55 -18]
[17 45 -9]
[17 45 -8]
[17 46 -10]
[17 51 -13]
[17 51 -14]
[17 51 -15]
[17 66 13]
[17 66 14]
[17 82 2]
[17 46 -4]
[17 46 -2]
[17 82 -2]
[17 65 16]
[17 54 -14]
[17 52 -15]
[17 56 -17]
[17 54 -18]
[17 81 6]
[17 81 4]
[17 51 -17]
[17 51 -16]
[17 52 -18]
[17 61 -18]
[17 82 4]
[17 82 6]
[17 82 3]
[17 56 -18]
[17 46 1]
[17 45 0]
[17 64 16]
[17 48 -13]
[17 47 -13]
[17 47 -11]
[17 49 -13]
[17 46 2]
[17 82 0]
[17 81 -1]
[17 45 -7]
[17 45 -6]
[17 63 -18]
[17 62 -18]
[17 53 -18]
[17 82 1]
[17 64 -18]
[17 58 -18]
[17 60 -18]
[17 47 -12]
[17 49 -12]
[18 44 -7]
[18 45 -5]
[18 44 -5]
[18 45 1]
[18 57 -18]
[18 57 -16]
[18 54 -19]
[18 65 -18]
[18 64 -19]
[18 63 -19]
[18 62 -19]
[18 61 -19]
[18 45 -4]
[18 56 -19]
[18 55 -19]
[18 82 7]
[18 81 7]
[18 60 -19]
[18 83 5]
[18 82 5]
[18 50 -17]
[18 45 -10]
[18 46 -14]
[18 46 -13]
[18 83 4]
[18 83 3]
[18 59 -18]
[18 83 0]
[18 44 0]
[18 45 -1]
[18 46 -1]
[18 67 13]
[18 66 15]
[18 67 14]
[18 65 13]
[18 50 -14]
[18 58 -19]
[18 59 -19]
[18 57 -19]
[18 65 17]
[18 66 16]
[18 66 17]
[18 45 -11]
[18 46 -11]
[18 50 -15]
[18 47 -14]
[18 82 -1]
[18 45 -2]
[18 45 -3]
[18 50 -16]
[18 64 17]
[18 49 -14]
[19 47 -15]
[19 60 -20]
[19 59 -20]
[19 58 -20]
[19 82 8]
[19 81 8]
[19 61 -20]
[19 63 -20]
[19 44 -4]
[19 48 -14]
[19 48 -15]
[19 49 -15]
[19 44 -10]
[19 44 -9]
[19 55 -20]
[19 83 -1]
[19 43 1]
[19 43 -1]
[19 67 17]
[19 66 -19]
[19 67 16]
[19 65 18]
[19 66 18]
[19 44 -6]
[19 53 -19]
[19 54 -20]
[19 49 -16]
[19 83 8]
[19 83 7]
[19 83 6]
[19 84 3]
[19 84 2]
[19 84 4]
[19 57 -20]
[19 56 -20]
[19 84 6]
[19 43 -7]
[19 43 -6]
[19 44 2]
[19 45 2]
[19 44 1]
[19 49 -17]
[19 68 14]
[19 67 15]
[19 43 -5]
[19 43 -4]
[19 45 -12]
[19 46 -12]
[19 44 -11]
[19 84 1]
[19 83 1]
[19 45 -13]
[19 45 -14]
[20 44 -15]
[20 46 -15]
[20 44 -3]
[20 55 -21]
[20 66 19]
[20 58 -21]
[20 56 -21]
[20 68 16]
[20 42 -5]
[20 42 -6]
[20 42 -7]
[20 48 -16]
[20 47 -16]
[20 85 3]
[20 60 -21]
[20 44 -13]
[20 44 -12]
[20 84 7]
[20 84 9]
[20 82 9]
[20 48 -18]
[20 48 -17]
[20 49 -18]
[20 61 -21]
[20 59 -21]
[20 57 -21]
[20 52 -19]
[20 52 -20]
[20 53 -20]
[20 85 1]
[20 84 0]
[20 83 2]
[20 42 1]
[20 42 2]
[20 43 2]
[20 85 4]
[20 85 2]
[20 64 -20]
[20 62 -20]
[20 85 6]
[20 85 7]
[20 84 5]
[20 65 -19]
[20 43 -9]
[20 43 -10]
[20 43 -3]
[20 42 -4]
[20 68 15]
[20 68 18]
[20 67 18]
[20 54 -21]
[20 84 8]
[20 42 0]
[20 44 -1]
[20 43 -11]
[21 86 4]
[21 86 2]
[21 69 16]
[21 68 17]
[21 69 17]
[21 86 1]
[21 86 0]
[21 85 8]
[21 43 0]
[21 43 -2]
[21 44 -2]
[21 86 3]
[21 42 -8]
[21 44 -8]
[21 43 -8]
[21 67 19]
[21 85 5]
[21 65 -20]
[21 65 -21]
[21 64 -21]
[21 55 -22]
[21 56 -22]
[21 54 -22]
[21 43 -13]
[21 43 -12]
[21 43 -14]
[21 67 20]
[21 42 -1]
[21 83 10]
[21 58 -22]
[21 57 -22]
[21 41 -4]
[21 41 -5]
[21 84 10]
[21 85 10]
[21 48 -19]
[21 50 -18]
[21 63 -21]
[21 68 19]
[21 53 -21]
[21 51 -20]
[21 47 -17]
[21 44 -16]
[21 42 -11]
[21 42 -9]
[21 42 -10]
[21 61 -22]
[21 60 -22]
[21 41 -3]
[21 51 -18]
[21 51 -19]
[21 41 -6]
[21 41 -8]
[21 86 6]
[21 86 5]
[21 66 -20]
[21 52 -21]
[21 47 -18]
[21 86 8]
[21 41 1]
[21 45 -16]
[22 58 -23]
[22 56 -23]
[22 50 -19]
[22 42 -13]
[22 44 -14]
[22 42 -14]
[22 48 -20]
[22 47 -19]
[22 47 -20]
[22 49 -19]
[22 41 -7]
[22 40 -7]
[22 87 8]
[22 85 9]
[22 87 9]
[22 87 7]
[22 40 0]
[22 40 1]
[22 41 2]
[22 69 18]
[22 66 -21]
[22 67 -21]
[22 63 -22]
[22 62 -22]
[22 53 -22]
[22 51 -22]
[22 51 -21]
[22 60 -23]
[22 59 -22]
[22 68 20]
[22 69 19]
[22 41 -11]
[22 40 -3]
[22 42 -2]
[22 40 -4]
[22 46 -17]
[22 46 -18]
[22 46 -19]
[22 70 16]
[22 55 -23]
[22 57 -23]
[22 50 -21]
[22 40 -5]
[22 84 11]
[22 83 9]
[22 87 4]
[22 87 6]
[22 41 -9]
[22 43 -15]
[22 44 -17]
[22 42 -3]
[22 85 11]
[22 86 9]
[22 86 10]
[22 86 11]
[22 87 1]
[22 45 -17]
[22 85 0]
[22 54 -23]
[22 41 -10]
[22 46 -16]
[22 64 -22]
[22 65 -22]
[22 66 -22]
[22 41 -1]
[22 41 -2]
[22 41 0]
[22 87 5]
[22 87 3]
[22 42 -15]
[22 52 -22]
[22 67 21]
[22 62 -23]
[22 40 -9]
[22 40 -8]
[23 39 -3]
[23 39 -4]
[23 57 -24]
[23 58 -24]
[23 88 2]
[23 40 -12]
[23 41 -12]
[23 40 -11]
[23 54 -24]
[23 44 -18]
[23 45 -18]
[23 88 3]
[23 39 0]
[23 56 -24]
[23 40 -1]
[23 40 -2]
[23 40 -10]
[23 52 -23]
[23 39 -9]
[23 39 -10]
[23 41 -14]
[23 63 -23]
[23 88 8]
[23 86 7]
[23 43 -16]
[23 65 -23]
[23 64 -23]
[23 46 -20]
[23 45 -20]
[23 88 7]
[23 88 6]
[23 39 -7]
[23 40 -6]
[23 61 -23]
[23 88 4]
[23 70 18]
[23 69 20]
[23 70 20]
[23 46 -21]
[23 41 -13]
[23 45 -15]
[23 39 -6]
[23 49 -20]
[23 42 -16]
[23 41 -16]
[23 68 21]
[23 70 19]
[23 87 2]
[23 53 -24]
[23 55 -24]
[23 39 1]
[23 39 -8]
[23 49 -22]
[23 50 -22]
[23 49 -21]
[23 68 -20]
[23 67 -20]
[23 68 -22]
[23 87 10]
[23 88 9]
[23 53 -23]
[23 67 -22]
[23 66 -23]
[23 86 12]
[23 87 12]
[23 88 5]
[23 60 -24]
[23 61 -24]
[23 47 -21]
[24 39 -5]
[24 38 -3]
[24 68 -21]
[24 68 -23]
[24 69 -23]
[24 69 -21]
[24 89 4]
[24 89 3]
[24 51 -23]
[24 38 -8]
[24 38 -10]
[24 68 22]
[24 38 -11]
[24 63 -24]
[24 44 -19]
[24 45 -19]
[24 48 -21]
[24 48 -22]
[24 89 2]
[24 62 -24]
[24 54 -25]
[24 39 -1]
[24 69 -20]
[24 68 -19]
[24 43 -17]
[24 88 10]
[24 64 -24]
[24 89 7]
[24 89 6]
[24 42 -17]
[24 41 -17]
[24 40 -16]
[24 38 -2]
[24 55 -25]
[24 56 -25]
[24 46 -22]
[24 60 -25]
[24 61 -25]
[24 58 -25]
[24 88 13]
[24 87 13]
[24 86 13]
[24 88 11]
[24 40 -15]
[24 40 -14]
[24 40 -13]
[24 71 20]
[24 69 21]
[24 70 21]
[24 50 -20]
[24 38 1]
[24 38 0]
[24 39 -13]
[24 89 9]
[24 45 -21]
[24 47 -22]
[24 59 -24]
[24 59 -23]
[24 59 -25]
[24 71 18]
[24 71 17]
[24 70 17]
[24 38 -7]
[24 38 -9]
[24 50 -23]
[24 49 -23]
[24 67 -24]
[24 57 -25]
[24 89 8]
[24 85 12]
[24 67 -19]
[24 71 19]
[24 42 -12]
[24 52 -24]
[25 37 -4]
[25 38 -4]
[25 37 -3]
[25 64 -25]
[25 87 14]
[25 37 -6]
[25 38 -6]
[25 37 -7]
[25 42 -18]
[25 43 -18]
[25 41 -15]
[25 39 -16]
[25 46 -23]
[25 47 -23]
[25 37 -1]
[25 37 0]
[25 38 -1]
[25 70 -21]
[25 70 -19]
[25 89 5]
[25 90 6]
[25 90 7]
[25 39 -2]
[25 37 -10]
[25 37 -11]
[25 58 -26]
[25 55 -26]
[25 88 14]
[25 88 12]
[25 90 4]
[25 89 1]
[25 90 3]
[25 90 1]
[25 87 11]
[25 48 -23]
[25 50 -24]
[25 70 -20]
[25 90 8]
[25 39 -11]
[25 71 21]
[25 72 21]
[25 72 17]
[25 41 -18]
[25 40 -17]
[25 52 -25]
[25 53 -25]
[25 51 -24]
[25 69 -22]
[25 37 -2]
[25 69 22]
[25 71 22]
[25 69 -24]
[25 68 -24]
[25 70 -24]
[25 37 -9]
[25 65 -25]
[25 65 -24]
[25 60 -26]
[25 59 -26]
[25 61 -26]
[25 54 -26]
[25 56 -26]
[25 67 -23]
[25 72 18]
[25 44 -20]
[25 43 -19]
[25 44 -21]
[25 44 -22]
[25 63 -25]
[25 66 -25]
[25 68 -25]
[25 66 -24]
[25 39 -17]
[25 72 19]
[25 89 12]
[25 38 -13]
[25 38 -12]
[25 62 -25]
[25 90 2]
[26 89 15]
[26 36 -2]
[26 67 -25]
[26 36 -6]
[26 36 -8]
[26 36 -7]
[26 43 -20]
[26 70 -23]
[26 70 -22]
[26 88 15]
[26 87 15]
[26 73 19]
[26 73 18]
[26 73 17]
[26 41 -19]
[26 72 20]
[26 36 -5]
[26 36 -3]
[26 37 -5]
[26 69 -19]
[26 54 -27]
[26 53 -27]
[26 55 -27]
[26 91 2]
[26 60 -27]
[26 45 -22]
[26 46 -24]
[26 47 -24]
[26 45 -23]
[26 45 -24]
[26 91 8]
[26 91 6]
[26 91 7]
[26 90 12]
[26 90 13]
[26 70 -25]
[26 71 -23]
[26 71 -24]
[26 56 -27]
[26 43 -23]
[26 44 -23]
[26 36 -10]
[26 40 -18]
[26 39 -18]
[26 39 -15]
[26 38 -15]
[26 38 -16]
[26 91 9]
[26 39 -12]
[26 36 0]
[26 36 -1]
[26 64 -26]
[26 50 -25]
[26 49 -24]
[26 62 -26]
[26 70 23]
[26 69 23]
[26 68 23]
[26 38 -17]
[26 43 -22]
[26 43 -21]
[26 90 5]
[26 37 -13]
[26 59 -27]
[26 51 -25]
[26 53 -26]
[26 51 -26]
[26 71 -20]
[26 71 -21]
[26 71 -19]
[26 48 -24]
[26 66 -26]
[26 67 -26]
[26 69 -26]
[26 71 23]
[26 71 -22]
[26 72 22]
[26 38 -14]
[26 37 -14]
[26 57 -26]
[26 57 -27]
[26 69 -25]
[26 91 4]
[26 91 3]
[27 46 -25]
[27 58 -28]
[27 60 -28]
[27 68 -26]
[27 67 -27]
[27 68 -27]
[27 52 -26]
[27 52 -28]
[27 73 23]
[27 73 22]
[27 73 21]
[27 72 23]
[27 36 -13]
[27 38 -5]
[27 91 5]
[27 92 5]
[27 58 -27]
[27 43 -24]
[27 44 -24]
[27 52 -27]
[27 69 24]
[27 71 24]
[27 70 22]
[27 50 -26]
[27 50 -27]
[27 71 -25]
[27 74 17]
[27 74 18]
[27 72 24]
[27 55 -28]
[27 56 -28]
[27 54 -28]
[27 72 -21]
[27 72 -23]
[27 74 20]
[27 36 -12]
[27 36 -14]
[27 63 -27]
[27 65 -26]
[27 64 -27]
[27 35 -2]
[27 42 -21]
[27 42 -20]
[27 47 -25]
[27 89 14]
[27 90 14]
[27 92 4]
[27 92 7]
[27 92 8]
[27 87 16]
[27 70 -26]
[27 70 -27]
[27 69 -27]
[27 36 -9]
[27 35 -7]
[27 37 -8]
[27 35 -8]
[27 45 -25]
[27 42 -19]
[27 40 -19]
[27 35 -3]
[27 36 -4]
[27 35 -6]
[27 35 -5]
[27 61 -27]
[27 63 -26]
[27 72 -24]
[27 65 -27]
[27 90 11]
[27 89 13]
[27 91 11]
[27 68 24]
[27 37 -15]
[27 49 -26]
[27 61 -28]
[27 72 -22]
[27 42 -22]
[27 91 10]
[27 92 10]
[27 92 9]
[27 90 9]
[27 37 -16]
[27 37 -18]
[27 42 -24]
[27 42 -23]
[27 38 -18]
[27 38 -19]
[27 39 -19]
[27 49 -25]
[27 48 -25]
[27 91 12]
[27 91 13]
[27 35 -1]
[27 73 20]
[28 34 -7]
[28 43 -25]
[28 41 -20]
[28 75 17]
[28 93 9]
[28 35 -13]
[28 35 -12]
[28 35 -11]
[28 36 -11]
[28 34 -2]
[28 90 10]
[28 92 12]
[28 36 -17]
[28 62 -27]
[28 34 -5]
[28 35 -4]
[28 34 -4]
[28 71 -26]
[28 57 -29]
[28 59 -29]
[28 34 0]
[28 35 -14]
[28 37 -12]
[28 69 -28]
[28 71 -27]
[28 34 -6]
[28 88 16]
[28 73 -23]
[28 73 -24]
[28 74 19]
[28 75 19]
[28 35 -9]
[28 49 -27]
[28 63 -28]
[28 73 -22]
[28 73 -21]
[28 93 8]
[28 93 10]
[28 37 -17]
[28 72 -25]
[28 36 -16]
[28 47 -26]
[28 46 -26]
[28 48 -26]
[28 51 -27]
[28 44 -25]
[28 44 -26]
[28 74 21]
[28 66 -28]
[28 72 25]
[28 42 -25]
[28 68 25]
[28 92 11]
[28 89 10]
[28 70 24]
[28 75 18]
[28 55 -29]
[28 54 -29]
[28 56 -29]
[28 41 -21]
[28 41 -22]
[28 38 -20]
[28 39 -20]
[28 73 24]
[28 71 25]
[28 73 25]
[28 65 -28]
[28 66 -27]
[28 64 -28]
[28 53 -29]
[28 74 22]
[28 41 -25]
[28 34 -1]
[28 61 -29]
[28 41 -23]
[28 89 11]
[28 59 -28]
[28 53 -28]
[28 45 -26]
[29 60 -29]
[29 62 -28]
[29 62 -30]
[29 60 -30]
[29 62 -29]
[29 33 -3]
[29 42 -26]
[29 41 -26]
[29 40 -26]
[29 74 23]
[29 74 25]
[29 74 24]
[29 34 -14]
[29 94 10]
[29 94 9]
[29 54 -30]
[29 53 -30]
[29 40 -20]
[29 74 -22]
[29 74 -21]
[29 72 -20]
[29 50 -28]
[29 36 -18]
[29 35 -16]
[29 57 -30]
[29 58 -30]
[29 64 -29]
[29 63 -29]
[29 34 -12]
[29 34 -13]
[29 71 26]
[29 94 11]
[29 65 -29]
[29 36 -15]
[29 37 -19]
[29 37 -21]
[29 39 -21]
[29 38 -21]
[29 37 -20]
[29 76 18]
[29 75 20]
[29 57 -28]
[29 55 -30]
[29 46 -27]
[29 40 -21]
[29 76 17]
[29 76 19]
[29 75 23]
[29 75 22]
[29 75 21]
[29 66 -29]
[29 73 26]
[29 72 26]
[29 93 11]
[29 34 -10]
[29 35 -10]
[29 47 -27]
[29 48 -27]
[29 45 -27]
[29 59 -30]
[29 58 -29]
[29 76 16]
[29 34 -9]
[29 44 -27]
[29 43 -26]
[29 67 -28]
[29 33 -2]
[29 33 -6]
[29 69 25]
[29 41 -24]
[29 33 -7]
[29 33 -8]
[29 34 -8]
[29 93 12]
[29 40 -22]
[29 40 -24]
[29 40 -23]
[29 70 26]
[29 33 -5]
[29 34 -3]
[29 74 -23]
[30 66 -30]
[30 64 -30]
[30 43 -27]
[30 42 -27]
[30 32 -8]
[30 32 -6]
[30 61 -30]
[30 73 -20]
[30 63 -30]
[30 33 -15]
[30 33 -14]
[30 34 -15]
[30 77 18]
[30 55 -31]
[30 36 -21]
[30 36 -19]
[30 33 -4]
[30 70 27]
[30 69 27]
[30 40 -25]
[30 38 -22]
[30 36 -20]
[30 36 -22]
[30 47 -28]
[30 95 10]
[30 76 24]
[30 75 24]
[30 76 23]
[30 76 22]
[30 76 20]
[30 77 16]
[30 33 -9]
[30 73 27]
[30 72 27]
[30 60 -31]
[30 61 -31]
[30 35 -17]
[30 35 -19]
[30 35 -18]
[30 50 -29]
[30 49 -28]
[30 44 -28]
[30 41 -27]
[30 52 -31]
[30 54 -31]
[30 57 -31]
[30 56 -30]
[30 56 -31]
[30 32 -4]
[30 39 -23]
[30 59 -31]
[30 58 -31]
[30 35 -15]
[30 34 -16]
[30 75 25]
[30 74 26]
[30 67 -30]
[30 65 -30]
[30 67 -29]
[30 32 -1]
[30 33 -12]
[30 33 -13]
[30 75 -21]
[30 76 21]
[30 75 -22]
[30 39 -26]
[30 40 -27]
[30 39 -22]
[30 72 -19]
[30 48 -28]
[30 63 -31]
[30 34 -11]
[30 77 17]
[30 75 16]
[30 32 -3]
[30 32 -2]
[30 94 12]
[30 39 -24]
[30 46 -28]
[31 76 25]
[31 31 -5]
[31 31 -7]
[31 32 -5]
[31 43 -28]
[31 41 -28]
[31 73 -19]
[31 77 22]
[31 77 23]
[31 35 -21]
[31 45 -28]
[31 45 -29]
[31 32 -13]
[31 35 -20]
[31 34 -19]
[31 34 -18]
[31 71 27]
[31 73 28]
[31 74 27]
[31 75 26]
[31 39 -27]
[31 39 -25]
[31 38 -27]
[31 33 -17]
[31 34 -17]
[31 37 -23]
[31 35 -22]
[31 35 -23]
[31 31 -9]
[31 32 -7]
[31 77 21]
[31 38 -24]
[31 77 24]
[31 77 25]
[31 65 -31]
[31 66 -31]
[31 67 -31]
[31 54 -32]
[31 32 -12]
[31 32 -11]
[31 33 -11]
[31 57 -32]
[31 55 -32]
[31 56 -32]
[31 31 -2]
[31 33 -1]
[31 69 26]
[31 49 -29]
[31 40 -28]
[31 96 11]
[31 74 -20]
[31 53 -32]
[31 52 -30]
[31 53 -31]
[31 33 -10]
[31 78 18]
[31 48 -29]
[31 47 -29]
[31 38 -23]
[31 59 -32]
[31 60 -32]
[31 32 -14]
[31 33 -16]
[31 64 -31]
[31 77 20]
[31 75 -20]
[31 76 -20]
[31 51 -29]
[31 51 -30]
[31 68 26]
[31 95 12]
[31 94 13]
[31 95 13]
[31 61 -32]
[31 62 -31]
[31 64 -32]
[31 68 -31]
[31 42 -28]
[31 62 -32]
[31 31 -4]
[31 58 -32]
[32 95 11]
[32 33 0]
[32 44 -29]
[32 31 -3]
[32 30 -3]
[32 75 -19]
[32 76 -19]
[32 31 -12]
[32 31 -11]
[32 31 -10]
[32 58 -33]
[32 60 -33]
[32 59 -33]
[32 38 -25]
[32 38 -26]
[32 78 24]
[32 78 22]
[32 39 -28]
[32 37 -27]
[32 38 -28]
[32 77 -19]
[32 78 21]
[32 78 23]
[32 61 -33]
[32 62 -33]
[32 63 -33]
[32 78 20]
[32 31 -8]
[32 31 -6]
[32 74 28]
[32 74 29]
[32 30 -8]
[32 30 -10]
[32 32 -10]
[32 78 26]
[32 33 -18]
[32 34 -22]
[32 94 14]
[32 93 14]
[32 40 -29]
[32 32 -16]
[32 32 -17]
[32 66 -32]
[32 68 -32]
[32 67 -32]
[32 75 28]
[32 51 -31]
[32 72 28]
[32 31 -13]
[32 31 -14]
[32 37 -22]
[32 36 -24]
[32 37 -24]
[32 46 -30]
[32 78 17]
[32 78 19]
[32 79 18]
[32 34 -20]
[32 54 -33]
[32 31 -15]
[32 32 -15]
[32 77 19]
[32 63 -32]
[32 45 -30]
[32 44 -30]
[32 41 -29]
[32 65 -32]
[32 64 -33]
[32 32 -9]
[32 48 -30]
[32 47 -30]
[32 50 -30]
[32 50 -31]
[32 52 -29]
[32 77 26]
[32 52 -32]
[32 33 -20]
[32 33 -19]
[32 57 -33]
[32 53 -33]
[32 55 -33]
[32 56 -33]
[32 36 -23]
[32 34 -23]
[32 35 -24]
[32 34 -21]
[32 30 -6]
[32 68 -30]
[32 32 -18]
[32 30 -5]
[33 31 -16]
[33 30 -11]
[33 79 19]
[33 37 -26]
[33 36 -27]
[33 33 -22]
[33 32 -19]
[33 32 -21]
[33 33 -21]
[33 31 -19]
[33 31 -17]
[33 79 24]
[33 30 -9]
[33 33 -23]
[33 79 20]
[33 79 22]
[33 54 -34]
[33 55 -34]
[33 73 29]
[33 75 27]
[33 57 -34]
[33 58 -34]
[33 61 -34]
[33 62 -34]
[33 37 -25]
[33 32 -20]
[33 29 -4]
[33 60 -34]
[33 46 -29]
[33 45 -31]
[33 47 -31]
[33 46 -31]
[33 49 -30]
[33 29 -5]
[33 29 -7]
[33 30 -13]
[33 30 -14]
[33 30 -12]
[33 76 28]
[33 76 29]
[33 36 -25]
[33 29 -9]
[33 29 -11]
[33 49 -31]
[33 79 25]
[33 78 25]
[33 65 -34]
[33 64 -34]
[33 94 15]
[33 30 -4]
[33 77 -20]
[33 43 -30]
[33 43 -31]
[33 63 -34]
[33 30 -7]
[33 29 -8]
[33 76 26]
[33 79 21]
[33 51 -28]
[33 48 -31]
[33 73 30]
[33 51 -32]
[33 53 -34]
[33 35 -25]
[33 56 -34]
[33 39 -30]
[33 40 -30]
[33 44 -31]
[33 29 -6]
[33 95 15]
[33 95 14]
[33 93 13]
[33 42 -29]
[33 38 -29]
[33 37 -29]
[33 72 29]
[33 71 28]
[33 34 -25]
[33 78 27]
[33 79 27]
[33 68 -29]
[33 69 -29]
[34 52 -35]
[34 54 -35]
[34 53 -35]
[34 48 -32]
[34 50 -32]
[34 49 -32]
[34 65 -35]
[34 30 -16]
[34 30 -17]
[34 30 -18]
[34 80 22]
[34 80 23]
[34 80 21]
[34 79 23]
[34 36 -26]
[34 94 16]
[34 29 -10]
[34 46 -32]
[34 47 -32]
[34 57 -35]
[34 55 -35]
[34 56 -35]
[34 29 -12]
[34 28 -11]
[34 28 -6]
[34 34 -24]
[34 32 -24]
[34 33 -24]
[34 80 25]
[34 80 24]
[34 39 -31]
[34 95 16]
[34 77 27]
[34 77 28]
[34 79 26]
[34 78 28]
[34 40 -31]
[34 30 -15]
[34 42 -30]
[34 29 -13]
[34 32 -23]
[34 39 -29]
[34 37 -30]
[34 37 -28]
[34 38 -30]
[34 68 -28]
[34 31 -21]
[34 76 30]
[34 61 -35]
[34 79 28]
[34 80 28]
[34 80 27]
[34 41 -30]
[34 43 -29]
[34 31 -20]
[34 63 -35]
[34 28 -8]
[34 28 -10]
[34 60 -35]
[34 64 -35]
[34 66 -34]
[34 28 -5]
[34 36 -30]
[34 36 -28]
[34 80 19]
[34 80 20]
[34 74 30]
[34 74 31]
[34 72 30]
[34 73 31]
[34 44 -32]
[34 45 -32]
[34 43 -32]
[34 50 -33]
[34 51 -33]
[34 62 -35]
[34 29 -14]
[34 42 -32]
[34 33 -26]
[34 34 -26]
[34 33 -25]
[34 35 -26]
[34 35 -28]
[35 38 -31]
[35 39 -32]
[35 28 -7]
[35 27 -7]
[35 81 23]
[35 55 -36]
[35 56 -36]
[35 34 -27]
[35 35 -29]
[35 36 -29]
[35 61 -36]
[35 63 -36]
[35 62 -36]
[35 65 -36]
[35 64 -36]
[35 42 -31]
[35 43 -33]
[35 42 -33]
[35 33 -27]
[35 67 -34]
[35 65 -33]
[35 45 -33]
[35 49 -33]
[35 48 -33]
[35 47 -33]
[35 32 -26]
[35 29 -15]
[35 77 29]
[35 76 27]
[35 44 -33]
[35 95 17]
[35 96 15]
[35 96 16]
[35 51 -34]
[35 50 -34]
[35 81 25]
[35 81 26]
[35 80 26]
[35 75 29]
[35 77 30]
[35 81 22]
[35 81 20]
[35 81 21]
[35 29 -16]
[35 29 -17]
[35 31 -25]
[35 35 -27]
[35 78 29]
[35 79 29]
[35 31 -24]
[35 31 -23]
[35 32 -22]
[35 80 18]
[35 30 -20]
[35 31 -22]
[35 32 -25]
[35 36 -31]
[35 66 -36]
[35 37 -31]
[35 41 -31]
[35 57 -36]
[35 59 -34]
[35 59 -36]
[35 59 -35]
[35 60 -36]
[35 27 -10]
[35 27 -11]
[35 52 -34]
[35 28 -12]
[35 30 -21]
[35 81 27]
[35 81 28]
[35 74 32]
[35 52 -36]
[35 31 -18]
[35 30 -19]
[35 73 32]
[35 29 -18]
[35 75 30]
[35 75 31]
[35 80 29]
[36 46 -34]
[36 46 -33]
[36 28 -16]
[36 28 -15]
[36 58 -35]
[36 52 -33]
[36 50 -35]
[36 95 18]
[36 74 33]
[36 31 -27]
[36 49 -35]
[36 34 -30]
[36 34 -29]
[36 61 -37]
[36 33 -28]
[36 51 -37]
[36 51 -35]
[36 82 23]
[36 82 22]
[36 78 30]
[36 38 -32]
[36 36 -32]
[36 82 24]
[36 76 31]
[36 55 -37]
[36 54 -37]
[36 54 -36]
[36 32 -28]
[36 32 -27]
[36 34 -28]
[36 97 16]
[36 62 -37]
[36 64 -37]
[36 60 -37]
[36 59 -37]
[36 28 -13]
[36 67 -35]
[36 67 -33]
[36 48 -34]
[36 49 -34]
[36 47 -34]
[36 82 26]
[36 27 -6]
[36 41 -32]
[36 30 -23]
[36 30 -25]
[36 29 -20]
[36 31 -26]
[36 30 -22]
[36 30 -24]
[36 97 15]
[36 57 -37]
[36 28 -18]
[36 29 -19]
[36 82 25]
[36 66 -35]
[36 58 -36]
[36 29 -22]
[36 29 -21]
[36 35 -32]
[36 35 -31]
[36 35 -30]
[36 66 -37]
[36 79 30]
[36 80 30]
[36 82 21]
[36 58 -37]
[36 28 -17]
[36 43 -34]
[36 44 -34]
[36 81 30]
[36 81 29]
[36 81 24]
[36 63 -37]
[36 38 -33]
[36 26 -12]
[36 27 -12]
[36 26 -10]
[37 77 31]
[37 79 31]
[37 56 -38]
[37 55 -38]
[37 56 -37]
[37 54 -38]
[37 33 -29]
[37 60 -38]
[37 59 -38]
[37 77 32]
[37 76 32]
[37 75 32]
[37 29 -25]
[37 29 -23]
[37 29 -24]
[37 27 -17]
[37 27 -18]
[37 34 -32]
[37 28 -19]
[37 65 -37]
[37 61 -38]
[37 82 30]
[37 27 -14]
[37 26 -11]
[37 27 -13]
[37 45 -34]
[37 43 -35]
[37 28 -21]
[37 74 34]
[37 73 34]
[37 30 -27]
[37 27 -16]
[37 45 -35]
[37 46 -35]
[37 47 -35]
[37 31 -29]
[37 83 25]
[37 83 24]
[37 83 26]
[37 81 31]
[37 80 31]
[37 33 -31]
[37 34 -31]
[37 53 -36]
[37 40 -32]
[37 41 -33]
[37 38 -34]
[37 39 -33]
[37 26 -13]
[37 44 -35]
[37 42 -34]
[37 50 -38]
[37 52 -37]
[37 53 -37]
[37 28 -20]
[37 28 -22]
[37 28 -23]
[37 98 16]
[37 98 14]
[37 96 18]
[37 96 19]
[37 27 -19]
[37 63 -38]
[37 37 -32]
[37 35 -33]
[37 62 -38]
[37 66 -33]
[37 65 -38]
[37 64 -38]
[37 48 -35]
[37 34 -33]
[37 50 -36]
[37 49 -36]
[37 82 29]
[37 96 17]
[37 58 -38]
[37 57 -38]
[37 31 -28]
[37 30 -28]
[37 83 22]
[37 83 21]
[38 52 -38]
[38 53 -38]
[38 51 -36]
[38 83 29]
[38 76 33]
[38 75 33]
[38 77 33]
[38 83 27]
[38 84 27]
[38 84 26]
[38 32 -32]
[38 32 -30]
[38 33 -30]
[38 32 -31]
[38 28 -24]
[38 62 -39]
[38 60 -39]
[38 58 -39]
[38 57 -39]
[38 29 -26]
[38 28 -26]
[38 30 -26]
[38 26 -14]
[38 99 15]
[38 98 17]
[38 99 17]
[38 97 17]
[38 26 -15]
[38 26 -17]
[38 54 -39]
[38 78 32]
[38 79 32]
[38 84 25]
[38 84 23]
[38 83 23]
[38 84 24]
[38 61 -39]
[38 44 -36]
[38 43 -36]
[38 49 -37]
[38 97 20]
[38 97 19]
[38 29 -29]
[38 29 -28]
[38 29 -27]
[38 81 32]
[38 82 32]
[38 82 31]
[38 36 -34]
[38 35 -34]
[38 36 -33]
[38 78 31]
[38 73 35]
[38 75 34]
[38 97 18]
[38 65 -39]
[38 64 -39]
[38 47 -36]
[38 41 -34]
[38 42 -35]
[38 59 -39]
[38 26 -18]
[38 34 -34]
[38 33 -32]
[38 48 -36]
[38 80 32]
[38 27 -21]
[38 27 -22]
[38 27 -20]
[38 49 -39]
[38 51 -39]
[38 51 -38]
[38 50 -37]
[38 28 -14]
[38 39 -35]
[38 37 -34]
[38 27 -23]
[38 27 -24]
[38 48 -37]
[38 78 33]
[38 84 22]
[38 84 21]
[38 40 -34]
[38 40 -33]
[38 99 14]
[38 97 14]
[38 98 15]
[38 55 -39]
[38 26 -19]
[38 26 -20]
[38 32 -29]
[38 31 -30]
[38 30 -30]
[38 83 30]
[38 33 -33]
[38 46 -36]
[39 28 -27]
[39 99 13]
[39 100 13]
[39 98 13]
[39 100 15]
[39 41 -35]
[39 83 32]
[39 83 31]
[39 82 33]
[39 85 25]
[39 85 26]
[39 73 36]
[39 50 -40]
[39 52 -40]
[39 52 -39]
[39 51 -40]
[39 98 19]
[39 78 34]
[39 76 34]
[39 77 34]
[39 84 28]
[39 82 27]
[39 62 -40]
[39 61 -40]
[39 25 -16]
[39 26 -16]
[39 83 28]
[39 85 28]
[39 79 33]
[39 47 -38]
[39 96 13]
[39 28 -28]
[39 100 18]
[39 100 16]
[39 32 -34]
[39 32 -33]
[39 33 -34]
[39 85 21]
[39 45 -36]
[39 46 -37]
[39 45 -37]
[39 59 -40]
[39 58 -40]
[39 28 -25]
[39 26 -21]
[39 37 -35]
[39 36 -35]
[39 85 24]
[39 26 -22]
[39 31 -31]
[39 48 -38]
[39 49 -38]
[39 30 -29]
[39 28 -29]
[39 37 -33]
[39 25 -19]
[39 25 -20]
[39 33 -35]
[39 42 -36]
[39 43 -37]
[39 56 -39]
[39 79 34]
[39 75 35]
[39 25 -18]
[39 26 -23]
[39 26 -25]
[39 26 -24]
[39 41 -36]
[39 44 -37]
[39 85 23]
[39 85 22]
[39 60 -40]
[39 27 -15]
[39 25 -14]
[39 25 -17]
[39 100 14]
[39 99 16]
[39 81 33]
[39 40 -35]
[39 39 -34]
[39 64 -40]
[39 53 -39]
[39 54 -40]
[39 30 -31]
[39 65 -40]
[39 38 -36]
[39 39 -36]
[39 40 -36]
[39 98 20]
[39 84 31]
[39 84 30]
[39 98 18]
[39 27 -25]
[39 27 -26]
[39 27 -27]
[40 25 -22]
[40 25 -24]
[40 46 -39]
[40 47 -37]
[40 46 -38]
[40 97 13]
[40 98 12]
[40 99 12]
[40 76 35]
[40 74 36]
[40 76 36]
[40 74 35]
[40 75 36]
[40 49 -41]
[40 50 -41]
[40 51 -41]
[40 25 -21]
[40 24 -21]
[40 24 -19]
[40 86 22]
[40 86 23]
[40 84 32]
[40 85 29]
[40 65 -41]
[40 63 -40]
[40 26 -26]
[40 55 -41]
[40 54 -41]
[40 55 -40]
[40 86 24]
[40 86 25]
[40 82 28]
[40 26 -28]
[40 27 -28]
[40 42 -37]
[40 44 -38]
[40 32 -35]
[40 33 -36]
[40 34 -36]
[40 34 -35]
[40 47 -39]
[40 84 29]
[40 30 -32]
[40 99 21]
[40 99 19]
[40 98 21]
[40 100 12]
[40 29 -30]
[40 29 -31]
[40 31 -32]
[40 99 18]
[40 38 -35]
[40 39 -37]
[40 40 -37]
[40 100 17]
[40 73 37]
[40 74 37]
[40 37 -36]
[40 35 -35]
[40 35 -36]
[40 36 -36]
[40 101 15]
[40 101 16]
[40 52 -41]
[40 27 -29]
[40 85 27]
[40 86 26]
[40 59 -41]
[40 58 -41]
[40 24 -18]
[40 53 -40]
[40 62 -41]
[40 61 -41]
[40 31 -33]
[40 80 34]
[40 80 33]
[40 45 -38]
[40 25 -25]
[40 25 -26]
[40 86 21]
[40 96 12]
[40 38 -37]
[40 86 29]
[40 86 27]
[40 86 28]
[40 85 31]
[40 85 30]
[40 25 -15]
[40 78 35]
[40 77 35]
[40 60 -41]
[40 83 33]
[40 82 34]
[40 57 -40]
[40 101 19]
[40 84 33]
[41 81 34]
[41 24 -26]
[41 24 -24]
[41 85 32]
[41 80 35]
[41 24 -23]
[41 57 -41]
[41 57 -42]
[41 75 37]
[41 46 -40]
[41 24 -25]
[41 99 20]
[41 97 22]
[41 32 -36]
[41 32 -37]
[41 37 -37]
[41 79 35]
[41 78 36]
[41 79 36]
[41 24 -20]
[41 23 -20]
[41 31 -34]
[41 30 -33]
[41 43 -39]
[41 44 -39]
[41 86 31]
[41 87 23]
[41 87 25]
[41 87 26]
[41 76 37]
[41 83 34]
[41 34 -37]
[41 102 16]
[41 101 18]
[41 84 34]
[41 81 35]
[41 87 24]
[41 87 22]
[41 28 -30]
[41 100 19]
[41 100 20]
[41 39 -38]
[41 38 -38]
[41 48 -39]
[41 47 -40]
[41 100 21]
[41 36 -37]
[41 25 -29]
[41 25 -27]
[41 25 -28]
[41 51 -42]
[41 86 30]
[41 86 32]
[41 102 18]
[41 102 20]
[41 37 -38]
[41 29 -33]
[41 29 -32]
[41 28 -32]
[41 58 -42]
[41 60 -42]
[41 45 -39]
[41 87 21]
[41 54 -42]
[41 56 -42]
[41 49 -42]
[41 48 -41]
[41 49 -40]
[41 48 -40]
[41 50 -42]
[41 101 12]
[41 101 11]
[41 62 -42]
[41 63 -41]
[41 87 29]
[41 87 28]
[41 96 14]
[41 74 38]
[41 73 38]
[41 56 -41]
[41 100 11]
[41 99 11]
[41 101 17]
[41 102 15]
[41 43 -38]
[41 41 -38]
[41 26 -27]
[41 23 -21]
[41 23 -22]
[41 24 -22]
[41 77 36]
[41 64 -42]
[41 64 -41]
[41 65 -42]
[41 85 20]
[41 86 20]
[41 53 -42]
[41 55 -42]
[41 41 -37]
[41 40 -38]
[42 26 -29]
[42 26 -30]
[42 24 -28]
[42 52 -42]
[42 63 -42]
[42 63 -43]
[42 41 -39]
[42 40 -39]
[42 30 -34]
[42 101 10]
[42 88 28]
[42 82 35]
[42 46 -41]
[42 102 11]
[42 51 -43]
[42 50 -43]
[42 28 -31]
[42 27 -31]
[42 80 36]
[42 88 23]
[42 29 -34]
[42 42 -38]
[42 88 24]
[42 88 29]
[42 36 -38]
[42 38 -39]
[42 36 -39]
[42 42 -40]
[42 103 18]
[42 102 17]
[42 73 39]
[42 86 19]
[42 27 -33]
[42 53 -41]
[42 83 35]
[42 22 -19]
[42 22 -20]
[42 48 -42]
[42 48 -43]
[42 49 -43]
[42 80 37]
[42 23 -23]
[42 23 -24]
[42 23 -25]
[42 61 -42]
[42 59 -43]
[42 60 -43]
[42 59 -42]
[42 61 -43]
[42 101 22]
[42 76 38]
[42 75 38]
[42 58 -43]
[42 100 10]
[42 102 12]
[42 57 -43]
[42 84 35]
[42 22 -22]
[42 22 -23]
[42 24 -27]
[42 87 32]
[42 77 37]
[42 78 37]
[42 56 -40]
[42 62 -43]
[42 101 20]
[42 103 20]
[42 101 21]
[42 47 -41]
[42 33 -37]
[42 31 -37]
[42 31 -38]
[42 33 -38]
[42 34 -38]
[42 35 -38]
[42 88 26]
[42 50 -39]
[42 45 -40]
[42 44 -40]
[42 88 25]
[42 96 23]
[42 97 23]
[42 96 22]
[42 23 -26]
[42 79 37]
[42 85 33]
[42 39 -39]
[42 102 19]
[42 31 -36]
[42 81 36]
[42 37 -39]
[42 85 19]
[42 84 20]
[42 87 33]
[42 28 -34]
[42 28 -33]
[42 55 -43]
[42 47 -42]
[42 25 -23]
[42 103 14]
[42 87 31]
[42 87 30]
[43 32 -38]
[43 50 -44]
[43 48 -44]
[43 84 18]
[43 89 27]
[43 88 27]
[43 27 -34]
[43 38 -40]
[43 36 -40]
[43 104 20]
[43 82 37]
[43 82 36]
[43 27 -30]
[43 27 -32]
[43 54 -43]
[43 56 -43]
[43 33 -39]
[43 88 30]
[43 89 30]
[43 32 -39]
[43 79 38]
[43 77 39]
[43 77 38]
[43 52 -43]
[43 22 -26]
[43 22 -25]
[43 22 -24]
[43 51 -44]
[43 30 -36]
[43 23 -27]
[43 103 19]
[43 104 19]
[43 83 36]
[43 46 -42]
[43 45 -41]
[43 45 -42]
[43 60 -44]
[43 61 -44]
[43 35 -39]
[43 35 -37]
[43 59 -44]
[43 58 -44]
[43 31 -35]
[43 30 -35]
[43 103 15]
[43 104 14]
[43 78 38]
[43 40 -40]
[43 23 -29]
[43 76 39]
[43 74 39]
[43 75 39]
[43 21 -20]
[43 21 -19]
[43 22 -21]
[43 21 -21]
[43 89 25]
[43 89 24]
[43 39 -40]
[43 26 -32]
[43 102 21]
[43 80 38]
[43 81 38]
[43 88 34]
[43 86 33]
[43 88 32]
[43 86 34]
[43 41 -40]
[43 43 -40]
[43 43 -41]
[43 42 -39]
[43 62 -44]
[43 103 12]
[43 85 36]
[43 85 35]
[43 84 36]
[43 27 -35]
[43 84 19]
[43 83 20]
[43 85 34]
[43 52 -44]
[43 88 31]
[43 21 -24]
[43 21 -22]
[43 99 10]
[43 73 40]
[43 74 40]
[43 31 -39]
[43 30 -38]
[43 26 -34]
[43 26 -33]
[43 57 -44]
[43 44 -41]
[43 102 23]
[44 20 -22]
[44 20 -20]
[44 20 -21]
[44 35 -40]
[44 29 -35]
[44 89 26]
[44 89 31]
[44 88 33]
[44 72 41]
[44 74 41]
[44 73 41]
[44 26 -31]
[44 25 -34]
[44 25 -31]
[44 25 -32]
[44 102 14]
[44 104 15]
[44 37 -40]
[44 43 -42]
[44 79 39]
[44 56 -45]
[44 49 -44]
[44 49 -45]
[44 28 -35]
[44 26 -35]
[44 26 -36]
[44 27 -36]
[44 84 37]
[44 78 40]
[44 76 40]
[44 58 -45]
[44 60 -45]
[44 30 -37]
[44 30 -39]
[44 29 -39]
[44 31 -40]
[44 33 -40]
[44 77 40]
[44 75 40]
[44 85 37]
[44 105 21]
[44 103 21]
[44 104 21]
[44 83 38]
[44 24 -30]
[44 22 -29]
[44 22 -30]
[44 24 -29]
[44 21 -23]
[44 29 -36]
[44 30 -40]
[44 32 -40]
[44 39 -41]
[44 21 -25]
[44 35 -41]
[44 36 -41]
[44 37 -41]
[44 20 -19]
[44 78 39]
[44 87 34]
[44 40 -41]
[44 105 13]
[44 53 -44]
[44 54 -44]
[44 22 -28]
[44 23 -28]
[44 22 -27]
[44 104 13]
[44 104 11]
[44 80 39]
[44 81 39]
[44 46 -43]
[44 44 -42]
[44 44 -43]
[44 45 -43]
[44 47 -45]
[44 47 -43]
[44 47 -44]
[44 48 -45]
[44 89 35]
[44 89 33]
[44 89 34]
[44 34 -40]
[44 53 -43]
[44 62 -45]
[44 89 29]
[44 90 31]
[44 83 18]
[44 83 19]
[44 81 37]
[44 21 -27]
[44 21 -26]
[44 59 -45]
[44 61 -45]
[44 86 35]
[44 20 -23]
[44 20 -25]
[45 57 -45]
[45 58 -46]
[45 76 41]
[45 85 38]
[45 86 36]
[45 86 37]
[45 86 38]
[45 20 -27]
[45 20 -26]
[45 24 -31]
[45 23 -30]
[45 23 -31]
[45 19 -19]
[45 19 -20]
[45 73 42]
[45 27 -37]
[45 25 -36]
[45 49 -46]
[45 47 -46]
[45 81 40]
[45 80 40]
[45 101 13]
[45 103 13]
[45 90 26]
[45 46 -44]
[45 44 -44]
[45 45 -44]
[45 43 -43]
[45 42 -42]
[45 35 -42]
[45 36 -42]
[45 46 -45]
[45 46 -46]
[45 75 41]
[45 106 14]
[45 106 13]
[45 105 14]
[45 106 12]
[45 82 18]
[45 90 33]
[45 90 32]
[45 26 -37]
[45 20 -24]
[45 105 20]
[45 106 22]
[45 106 21]
[45 104 22]
[45 62 -46]
[45 60 -46]
[45 104 10]
[45 102 22]
[45 105 12]
[45 88 35]
[45 88 36]
[45 89 36]
[45 90 36]
[45 21 -29]
[45 21 -30]
[45 21 -31]
[45 19 -22]
[45 24 -33]
[45 29 -41]
[45 31 -41]
[45 82 39]
[45 84 38]
[45 82 38]
[45 84 39]
[45 38 -42]
[45 40 -42]
[45 39 -42]
[45 29 -38]
[45 54 -45]
[45 55 -45]
[45 57 -46]
[45 55 -44]
[45 89 32]
[45 90 30]
[45 29 -40]
[45 28 -40]
[45 28 -39]
[45 28 -38]
[45 25 -30]
[45 53 -45]
[45 28 -36]
[45 63 -46]
[45 61 -46]
[45 63 -45]
[45 50 -45]
[45 71 42]
[45 33 -41]
[45 32 -41]
[45 19 -24]
[45 79 41]
[45 29 -37]
[45 74 42]
[45 87 36]
[45 41 -41]
[45 30 -41]
[45 77 41]
[45 78 41]
[46 28 -41]
[46 28 -37]
[46 27 -39]
[46 91 37]
[46 26 -38]
[46 25 -38]
[46 25 -37]
[46 46 -47]
[46 45 -46]
[46 47 -47]
[46 45 -47]
[46 70 43]
[46 70 42]
[46 72 42]
[46 70 41]
[46 38 -41]
[46 37 -42]
[46 39 -43]
[46 60 -47]
[46 61 -47]
[46 30 -42]
[46 107 22]
[46 105 22]
[46 75 42]
[46 54 -46]
[46 53 -46]
[46 52 -46]
[46 43 -44]
[46 42 -43]
[46 42 -44]
[46 79 40]
[46 82 40]
[46 80 41]
[46 81 41]
[46 82 17]
[46 88 37]
[46 87 37]
[46 22 -32]
[46 20 -30]
[46 22 -31]
[46 20 -32]
[46 25 -35]
[46 24 -36]
[46 78 42]
[46 77 42]
[46 41 -42]
[46 42 -41]
[46 18 -25]
[46 27 -40]
[46 27 -38]
[46 87 35]
[46 18 -20]
[46 18 -21]
[46 80 42]
[46 85 39]
[46 87 38]
[46 19 -23]
[46 24 -32]
[46 106 11]
[46 107 12]
[46 64 -46]
[46 64 -45]
[46 32 -42]
[46 103 23]
[46 20 -29]
[46 20 -28]
[46 90 37]
[46 28 -42]
[46 107 15]
[46 107 14]
[46 36 -43]
[46 48 -47]
[46 83 39]
[46 83 40]
[46 105 15]
[46 35 -43]
[46 34 -42]
[46 58 -47]
[46 18 -23]
[46 19 -21]
[46 62 -47]
[46 41 -43]
[46 40 -43]
[46 90 25]
[46 51 -46]
[46 50 -46]
[46 51 -45]
[46 104 23]
[46 105 23]
[46 33 -42]
[46 34 -41]
[46 49 -47]
[46 48 -46]
[46 45 -45]
[46 44 -45]
[46 59 -46]
[46 56 -46]
[46 56 -44]
[46 73 43]
[46 72 43]
[46 74 43]
[46 19 -26]
[46 19 -25]
[46 19 -27]
[46 19 -28]
[46 25 -33]
[46 23 -34]
[46 102 13]
[47 41 -44]
[47 40 -44]
[47 31 -43]
[47 31 -42]
[47 33 -43]
[47 32 -43]
[47 23 -33]
[47 24 -34]
[47 46 -48]
[47 47 -48]
[47 50 -47]
[47 48 -48]
[47 50 -48]
[47 49 -48]
[47 39 -44]
[47 19 -30]
[47 21 -28]
[47 19 -29]
[47 51 -47]
[47 38 -44]
[47 55 -47]
[47 56 -47]
[47 82 41]
[47 43 -46]
[47 45 -48]
[47 44 -47]
[47 29 -43]
[47 29 -42]
[47 44 -46]
[47 101 14]
[47 107 11]
[47 105 10]
[47 37 -43]
[47 36 -44]
[47 22 -33]
[47 18 -27]
[47 18 -28]
[47 27 -41]
[47 72 44]
[47 18 -26]
[47 89 38]
[47 91 38]
[47 90 38]
[47 89 37]
[47 57 -47]
[47 27 -43]
[47 28 -43]
[47 82 42]
[47 81 42]
[47 79 43]
[47 81 43]
[47 23 -32]
[47 34 -43]
[47 35 -44]
[47 83 41]
[47 76 42]
[47 76 43]
[47 104 24]
[47 105 24]
[47 41 -45]
[47 42 -45]
[47 43 -45]
[47 106 15]
[47 108 14]
[47 108 15]
[47 106 16]
[47 78 43]
[47 79 42]
[47 26 -39]
[47 17 -22]
[47 17 -21]
[47 17 -20]
[47 70 44]
[47 71 44]
[47 65 -45]
[47 24 -37]
[47 23 -36]
[47 23 -35]
[47 18 -29]
[47 85 40]
[47 84 40]
[47 52 -47]
[47 53 -47]
[47 54 -47]
[47 52 -45]
[47 71 43]
[47 17 -23]
[47 17 -24]
[47 20 -31]
[47 19 -32]
[47 19 -31]
[47 19 -33]
[47 83 16]
[47 81 16]
[47 82 16]
[47 83 17]
[47 24 -39]
[47 25 -39]
[47 18 -22]
[47 18 -24]
[47 107 13]
[47 108 13]
[47 108 23]
[47 107 23]
[47 87 39]
[47 86 39]
[47 88 38]
[47 21 -33]
[47 21 -32]
[47 63 -44]
[47 64 -44]
[47 55 -46]
[47 73 44]
[47 92 37]
[47 92 38]
[47 75 43]
[47 108 11]
[47 106 23]
[48 81 44]
[48 80 44]
[48 82 43]
[48 24 -35]
[48 22 -34]
[48 18 -34]
[48 20 -33]
[48 18 -32]
[48 42 -47]
[48 25 -40]
[48 24 -38]
[48 23 -39]
[48 23 -38]
[48 23 -40]
[48 46 -49]
[48 47 -49]
[48 48 -49]
[48 105 16]
[48 107 16]
[48 105 17]
[48 30 -43]
[48 28 -44]
[48 29 -44]
[48 74 44]
[48 26 -42]
[48 26 -41]
[48 17 -25]
[48 17 -26]
[48 84 42]
[48 83 42]
[48 84 41]
[48 53 -48]
[48 51 -48]
[48 52 -48]
[48 73 45]
[48 71 45]
[48 72 45]
[48 17 -29]
[48 106 24]
[48 37 -44]
[48 39 -45]
[48 88 39]
[48 89 39]
[48 18 -30]
[48 82 15]
[48 109 15]
[48 108 16]
[48 80 43]
[48 79 44]
[48 78 44]
[48 16 -23]
[48 16 -22]
[48 105 25]
[48 49 -49]
[48 50 -49]
[48 65 -44]
[48 40 -45]
[48 91 39]
[48 86 40]
[48 87 40]
[48 107 10]
[48 108 10]
[48 108 12]
[48 106 10]
[48 93 37]
[48 16 -20]
[48 109 12]
[48 17 -27]
[48 17 -28]
[48 30 -44]
[48 32 -44]
[48 106 25]
[48 36 -45]
[48 35 -45]
[48 26 -40]
[48 16 -21]
[48 18 -31]
[48 27 -42]
[48 27 -44]
[48 44 -49]
[48 45 -49]
[48 44 -48]
[48 77 43]
[48 54 -48]
[48 88 40]
[48 109 14]
[48 33 -44]
[48 16 -24]
[48 83 43]
[48 34 -44]
[48 21 -34]
[48 20 -34]
[48 74 45]
[48 85 41]
[48 42 -46]
[48 41 -46]
[48 90 39]
[48 17 -30]
[48 56 -48]
[48 57 -48]
[48 23 -37]
[48 106 9]
[48 105 11]
[49 51 -49]
[49 53 -49]
[49 28 -45]
[49 83 44]
[49 17 -31]
[49 47 -50]
[49 107 25]
[49 79 45]
[49 16 -28]
[49 16 -26]
[49 36 -46]
[49 16 -29]
[49 40 -46]
[49 17 -33]
[49 17 -34]
[49 19 -35]
[49 18 -33]
[49 25 -43]
[49 25 -42]
[49 25 -41]
[49 87 41]
[49 32 -45]
[49 75 44]
[49 75 46]
[49 75 45]
[49 46 -50]
[49 24 -41]
[49 24 -40]
[49 20 -35]
[49 22 -35]
[49 55 -48]
[49 55 -49]
[49 54 -49]
[49 49 -50]
[49 51 -50]
[49 19 -34]
[49 41 -47]
[49 22 -40]
[49 23 -41]
[49 22 -41]
[49 22 -39]
[49 22 -37]
[49 22 -38]
[49 34 -46]
[49 50 -50]
[49 37 -45]
[49 30 -45]
[49 29 -45]
[49 52 -49]
[49 109 16]
[49 110 16]
[49 110 14]
[49 106 17]
[49 15 -22]
[49 15 -21]
[49 45 -50]
[49 44 -50]
[49 73 46]
[49 31 -44]
[49 86 42]
[49 86 41]
[49 84 43]
[49 16 -30]
[49 15 -24]
[49 15 -25]
[49 15 -23]
[49 40 -47]
[49 43 -48]
[49 34 -45]
[49 94 37]
[49 93 38]
[49 26 -43]
[49 27 -45]
[49 110 15]
[49 77 44]
[49 76 44]
[49 33 -45]
[49 31 -45]
[49 48 -50]
[49 16 -25]
[49 43 -47]
[49 90 40]
[49 77 45]
[49 78 45]
[49 107 8]
[49 106 8]
[49 105 8]
[50 23 -42]
[50 94 38]
[50 94 39]
[50 74 46]
[50 74 47]
[50 76 47]
[50 75 47]
[50 76 46]
[50 26 -45]
[50 27 -46]
[50 28 -46]
[50 41 -48]
[50 39 -46]
[50 85 42]
[50 46 -51]
[50 21 -36]
[50 22 -36]
[50 77 46]
[50 79 46]
[50 107 9]
[50 21 -38]
[50 21 -37]
[50 54 -50]
[50 21 -40]
[50 35 -46]
[50 15 -30]
[50 15 -28]
[50 42 -48]
[50 15 -31]
[50 15 -29]
[50 16 -31]
[50 53 -50]
[50 55 -50]
[50 16 -34]
[50 17 -32]
[50 76 45]
[50 16 -27]
[50 45 -51]
[50 32 -46]
[50 78 46]
[50 80 45]
[50 80 46]
[50 85 43]
[50 87 43]
[50 86 43]
[50 40 -48]
[50 37 -46]
[50 15 -27]
[50 14 -24]
[50 14 -23]
[50 52 -50]
[50 26 -44]
[50 50 -51]
[50 51 -51]
[50 14 -25]
[50 35 -47]
[50 33 -47]
[50 24 -42]
[50 49 -51]
[50 95 38]
[50 94 36]
[50 95 36]
[50 111 16]
[50 111 15]
[50 84 44]
[50 83 45]
[50 82 45]
[50 56 -49]
[50 25 -44]
[50 24 -44]
[50 18 -35]
[50 91 41]
[50 91 40]
[50 89 41]
[50 16 -33]
[50 16 -35]
[50 15 -26]
[50 31 -46]
[50 110 17]
[50 109 17]
[50 108 17]
[50 43 -49]
[50 44 -51]
[50 43 -50]
[50 24 -43]
[50 16 -32]
[50 21 -39]
[50 21 -41]
[50 30 -46]
[50 47 -51]
[50 29 -46]
[50 19 -36]
[50 22 -42]
[50 39 -47]
[50 108 24]
[50 107 24]
[50 21 -35]
[51 20 -39]
[51 20 -37]
[51 33 -46]
[51 31 -47]
[51 32 -47]
[51 94 40]
[51 93 39]
[51 95 39]
[51 80 47]
[51 78 47]
[51 79 47]
[51 29 -47]
[51 28 -47]
[51 15 -36]
[51 15 -34]
[51 17 -35]
[51 15 -32]
[51 14 -32]
[51 14 -27]
[51 14 -26]
[51 38 -47]
[51 77 47]
[51 73 47]
[51 73 48]
[51 74 48]
[51 52 -51]
[51 53 -51]
[51 42 -50]
[51 92 41]
[51 92 39]
[51 90 41]
[51 87 42]
[51 88 43]
[51 76 48]
[51 45 -52]
[51 42 -49]
[51 26 -47]
[51 27 -47]
[51 23 -43]
[51 23 -44]
[51 91 42]
[51 34 -47]
[51 21 -42]
[51 15 -33]
[51 20 -36]
[51 17 -36]
[51 18 -36]
[51 55 -51]
[51 35 -48]
[51 34 -48]
[51 36 -48]
[51 36 -47]
[51 13 -24]
[51 112 16]
[51 81 46]
[51 81 45]
[51 50 -52]
[51 85 44]
[51 14 -29]
[51 20 -40]
[51 20 -42]
[51 96 38]
[51 40 -49]
[51 86 44]
[51 88 42]
[51 90 42]
[51 89 40]
[51 14 -30]
[51 14 -31]
[51 25 -45]
[51 13 -26]
[51 30 -47]
[51 32 -48]
[51 49 -52]
[51 51 -52]
[51 84 45]
[51 82 44]
[51 109 18]
[51 108 18]
[51 110 18]
[51 111 17]
[51 25 -46]
[51 26 -46]
[51 43 -51]
[51 48 -52]
[51 48 -51]
[51 39 -48]
[51 39 -49]
[51 14 -28]
[51 42 -51]
[51 38 -48]
[51 38 -46]
[51 23 -45]
[51 24 -45]
[52 112 18]
[52 95 41]
[52 93 41]
[52 94 41]
[52 36 -49]
[52 35 -49]
[52 27 -48]
[52 26 -48]
[52 25 -47]
[52 37 -47]
[52 37 -48]
[52 19 -37]
[52 24 -47]
[52 112 17]
[52 113 17]
[52 113 16]
[52 93 40]
[52 72 48]
[52 31 -48]
[52 89 43]
[52 16 -37]
[52 15 -35]
[52 22 -43]
[52 22 -45]
[52 22 -44]
[52 20 -38]
[52 52 -53]
[52 52 -52]
[52 33 -48]
[52 77 48]
[52 13 -30]
[52 13 -32]
[52 73 49]
[52 72 47]
[52 21 -43]
[52 96 39]
[52 97 39]
[52 97 38]
[52 95 37]
[52 24 -46]
[52 75 48]
[52 75 49]
[52 13 -29]
[52 81 47]
[52 39 -50]
[52 40 -50]
[52 92 40]
[52 95 40]
[52 47 -52]
[52 14 -35]
[52 14 -36]
[52 19 -38]
[52 19 -40]
[52 13 -28]
[52 29 -48]
[52 28 -48]
[52 14 -33]
[52 12 -26]
[52 12 -27]
[52 41 -52]
[52 43 -52]
[52 42 -52]
[52 41 -51]
[52 19 -39]
[52 19 -41]
[52 50 -53]
[52 37 -49]
[52 38 -49]
[52 13 -31]
[52 13 -27]
[52 12 -25]
[52 82 46]
[52 47 -53]
[52 49 -53]
[52 48 -53]
[52 110 19]
[52 109 19]
[52 31 -49]
[52 78 48]
[52 13 -33]
[52 89 42]
[52 16 -36]
[52 38 -50]
[52 30 -48]
[52 45 -53]
[52 46 -52]
[52 19 -42]
[52 20 -41]
[52 20 -43]
[52 88 41]
[52 111 19]
[52 111 18]
[53 114 16]
[53 113 18]
[53 49 -54]
[53 50 -54]
[53 48 -54]
[53 12 -29]
[53 12 -30]
[53 23 -46]
[53 23 -48]
[53 27 -49]
[53 34 -49]
[53 18 -39]
[53 18 -38]
[53 11 -26]
[53 11 -27]
[53 12 -28]
[53 18 -41]
[53 18 -40]
[53 39 -51]
[53 40 -51]
[53 25 -48]
[53 24 -48]
[53 110 20]
[53 40 -53]
[53 41 -53]
[53 42 -53]
[53 74 49]
[53 37 -50]
[53 96 40]
[53 30 -49]
[53 32 -49]
[53 28 -49]
[53 11 -24]
[53 13 -25]
[53 12 -24]
[53 11 -25]
[53 36 -50]
[53 21 -44]
[53 26 -49]
[53 40 -52]
[53 41 -50]
[53 20 -44]
[53 14 -37]
[53 15 -37]
[53 13 -36]
[53 13 -37]
[53 37 -51]
[53 29 -49]
[53 22 -46]
[53 21 -45]
[53 33 -49]
[53 46 -53]
[53 96 41]
[53 16 -38]
[53 51 -54]
[53 43 -53]
[53 19 -43]
[53 19 -44]
[53 114 15]
[53 112 19]
[53 12 -33]
[53 46 -54]
[53 12 -32]
[53 98 39]
[53 98 40]
[53 97 40]
[53 53 -53]
[53 72 49]
[53 76 49]
[53 12 -34]
[53 14 -34]
[53 13 -34]
[53 51 -53]
[53 53 -52]
[53 18 -42]
[53 32 -50]
[53 30 -50]
[53 113 19]
[53 18 -43]
[53 13 -35]
[54 17 -39]
[54 38 -51]
[54 39 -52]
[54 16 -39]
[54 44 -53]
[54 44 -54]
[54 43 -54]
[54 23 -47]
[54 23 -49]
[54 20 -45]
[54 115 15]
[54 111 21]
[54 111 20]
[54 10 -25]
[54 10 -24]
[54 10 -26]
[54 10 -27]
[54 22 -47]
[54 45 -54]
[54 24 -49]
[54 22 -49]
[54 38 -52]
[54 37 -52]
[54 36 -52]
[54 36 -51]
[54 11 -30]
[54 17 -40]
[54 17 -42]
[54 11 -28]
[54 114 18]
[54 114 17]
[54 52 -55]
[54 50 -55]
[54 51 -55]
[54 41 -54]
[54 42 -54]
[54 114 20]
[54 114 19]
[54 11 -29]
[54 11 -31]
[54 52 -54]
[54 11 -32]
[54 11 -33]
[54 12 -31]
[54 54 -52]
[54 54 -54]
[54 21 -46]
[54 15 -38]
[54 11 -35]
[54 17 -43]
[54 31 -50]
[54 29 -50]
[54 31 -51]
[54 21 -47]
[54 28 -50]
[54 18 -44]
[54 25 -49]
[54 17 -44]
[54 40 -54]
[54 39 -54]
[54 47 -54]
[54 45 -55]
[54 19 -45]
[54 17 -41]
[54 34 -50]
[54 33 -50]
[54 27 -50]
[54 25 -50]
[54 17 -38]
[54 71 50]
[54 71 48]
[54 12 -37]
[54 12 -35]
[54 115 17]
[54 48 -55]
[54 47 -55]
[54 49 -55]
[54 12 -23]
[54 11 -23]
[54 35 -50]
[54 13 -38]
[54 12 -38]
[54 12 -36]
[54 54 -51]
[55 44 -55]
[55 44 -56]
[55 115 19]
[55 115 18]
[55 51 -56]
[55 115 16]
[55 116 18]
[55 116 16]
[55 22 -48]
[55 21 -48]
[55 26 -50]
[55 26 -51]
[55 27 -51]
[55 40 -55]
[55 41 -55]
[55 9 -25]
[55 53 -54]
[55 38 -55]
[55 39 -55]
[55 18 -37]
[55 47 -56]
[55 16 -41]
[55 35 -51]
[55 35 -52]
[55 20 -46]
[55 20 -48]
[55 20 -47]
[55 22 -50]
[55 23 -50]
[55 37 -53]
[55 38 -53]
[55 36 -53]
[55 18 -45]
[55 17 -45]
[55 113 20]
[55 71 49]
[55 10 -30]
[55 34 -51]
[55 31 -52]
[55 30 -52]
[55 32 -52]
[55 14 -39]
[55 14 -38]
[55 12 -39]
[55 9 -27]
[55 16 -44]
[55 16 -42]
[55 16 -43]
[55 42 -55]
[55 10 -34]
[55 112 21]
[55 112 20]
[55 11 -37]
[55 9 -28]
[55 9 -26]
[55 10 -28]
[55 19 -46]
[55 35 -53]
[55 9 -24]
[55 28 -51]
[55 115 21]
[55 115 20]
[55 32 -51]
[55 30 -51]
[55 44 -52]
[55 54 -53]
[55 11 -39]
[55 13 -39]
[55 11 -38]
[55 10 -33]
[55 10 -32]
[55 33 -51]
[55 39 -53]
[55 46 -55]
[55 10 -29]
[55 24 -51]
[55 49 -56]
[55 18 -46]
[55 55 -53]
[55 70 50]
[55 72 50]
[55 70 51]
[55 71 51]
[55 55 -52]
[56 45 -56]
[56 46 -56]
[56 15 -41]
[56 34 -52]
[56 38 -56]
[56 37 -56]
[56 30 -53]
[56 32 -53]
[56 9 -29]
[56 21 -49]
[56 29 -52]
[56 69 51]
[56 69 52]
[56 71 52]
[56 69 50]
[56 29 -51]
[56 33 -52]
[56 13 -40]
[56 22 -51]
[56 34 -53]
[56 48 -57]
[56 49 -57]
[56 50 -56]
[56 116 17]
[56 117 17]
[56 112 22]
[56 113 22]
[56 116 22]
[56 116 21]
[56 114 22]
[56 116 20]
[56 11 -34]
[56 9 -32]
[56 9 -34]
[56 28 -52]
[56 33 -53]
[56 31 -53]
[56 40 -56]
[56 39 -56]
[56 41 -56]
[56 15 -40]
[56 8 -26]
[56 8 -25]
[56 24 -52]
[56 23 -51]
[56 24 -50]
[56 116 19]
[56 114 21]
[56 113 21]
[56 19 -47]
[56 19 -48]
[56 10 -38]
[56 37 -54]
[56 36 -54]
[56 19 -49]
[56 25 -51]
[56 26 -52]
[56 25 -52]
[56 43 -55]
[56 43 -56]
[56 42 -56]
[56 46 -57]
[56 48 -56]
[56 10 -31]
[56 9 -30]
[56 10 -37]
[56 17 -46]
[56 16 -45]
[56 8 -28]
[56 8 -27]
[56 73 50]
[56 73 51]
[56 56 -53]
[56 56 -51]
[56 38 -54]
[56 9 -35]
[56 14 -40]
[56 72 52]
[56 70 52]
[56 43 -57]
[56 8 -24]
[56 10 -23]
[56 8 -23]
[56 55 -54]
[56 56 -52]
[56 35 -54]
[56 10 -40]
[56 12 -40]
[56 17 -47]
[56 27 -52]
[56 15 -45]
[56 15 -44]
[56 15 -43]
[57 44 -57]
[57 115 22]
[57 117 22]
[57 117 20]
[57 35 -55]
[57 36 -55]
[57 9 -38]
[57 34 -54]
[57 39 -57]
[57 37 -57]
[57 38 -57]
[57 57 -52]
[57 57 -51]
[57 27 -53]
[57 28 -53]
[57 72 53]
[57 72 51]
[57 71 53]
[57 18 -49]
[57 20 -49]
[57 18 -48]
[57 26 -53]
[57 12 -41]
[57 13 -41]
[57 11 -41]
[57 40 -57]
[57 15 -42]
[57 14 -42]
[57 30 -54]
[57 31 -54]
[57 9 -39]
[57 10 -39]
[57 117 18]
[57 19 -50]
[57 20 -50]
[57 18 -50]
[57 9 -22]
[57 7 -23]
[57 41 -57]
[57 117 19]
[57 117 21]
[57 37 -55]
[57 7 -25]
[57 7 -26]
[57 16 -47]
[57 8 -35]
[57 8 -34]
[57 7 -24]
[57 7 -27]
[57 18 -47]
[57 29 -53]
[57 47 -58]
[57 47 -57]
[57 115 23]
[57 34 -55]
[57 42 -57]
[57 114 23]
[57 113 23]
[57 112 23]
[57 16 -46]
[57 15 -46]
[57 73 52]
[57 14 -44]
[57 70 53]
[57 36 -56]
[57 7 -29]
[57 8 -29]
[57 9 -31]
[57 43 -58]
[57 68 50]
[57 49 -58]
[57 48 -58]
[57 117 23]
[57 14 -46]
[57 14 -43]
[57 14 -45]
[57 33 -54]
[57 9 -40]
[57 10 -41]
[57 9 -41]
[57 50 -57]
[57 50 -58]
[57 14 -41]
[57 70 49]
[57 69 49]
[57 68 49]
[57 68 51]
[57 22 -52]
[57 10 -22]
[57 9 -23]
[58 11 -42]
[58 11 -40]
[58 10 -42]
[58 13 -44]
[58 10 -21]
[58 37 -58]
[58 38 -58]
[58 36 -57]
[58 71 54]
[58 72 54]
[58 13 -46]
[58 14 -47]
[58 8 -40]
[58 12 -42]
[58 15 -47]
[58 19 -51]
[58 21 -51]
[58 17 -48]
[58 34 -56]
[58 29 -54]
[58 29 -55]
[58 6 -28]
[58 7 -30]
[58 7 -28]
[58 6 -25]
[58 6 -27]
[58 43 -59]
[58 44 -59]
[58 42 -59]
[58 42 -58]
[58 115 24]
[58 116 23]
[58 114 24]
[58 116 24]
[58 7 -34]
[58 67 51]
[58 118 21]
[58 30 -55]
[58 32 -54]
[58 32 -55]
[58 31 -55]
[58 49 -59]
[58 48 -59]
[58 47 -59]
[58 9 -21]
[58 8 -22]
[58 67 50]
[58 51 -57]
[58 50 -59]
[58 6 -24]
[58 35 -57]
[58 33 -56]
[58 33 -55]
[58 118 22]
[58 68 52]
[58 58 -51]
[58 118 23]
[58 8 -39]
[58 6 -26]
[58 6 -22]
[58 9 -37]
[58 8 -37]
[58 23 -52]
[58 22 -53]
[58 46 -59]
[58 111 24]
[58 113 24]
[58 73 54]
[58 69 54]
[58 70 54]
[58 41 -58]
[58 27 -54]
[58 28 -54]
[58 26 -54]
[58 17 -49]
[58 17 -50]
[58 39 -58]
[58 13 -45]
[59 119 22]
[59 16 -49]
[59 16 -48]
[59 49 -60]
[59 50 -60]
[59 48 -60]
[59 7 -40]
[59 11 -43]
[59 10 -43]
[59 12 -46]
[59 12 -44]
[59 117 24]
[59 119 24]
[59 73 55]
[59 72 55]
[59 36 -58]
[59 35 -56]
[59 7 -31]
[59 5 -24]
[59 8 -38]
[59 113 25]
[59 51 -60]
[59 31 -56]
[59 32 -56]
[59 7 -21]
[59 5 -23]
[59 6 -21]
[59 40 -58]
[59 45 -58]
[59 45 -59]
[59 21 -50]
[59 67 52]
[59 7 -38]
[59 7 -39]
[59 38 -59]
[59 37 -59]
[59 5 -26]
[59 27 -55]
[59 44 -58]
[59 43 -60]
[59 8 -21]
[59 52 -56]
[59 42 -60]
[59 44 -60]
[59 41 -59]
[59 47 -60]
[59 25 -55]
[59 25 -53]
[59 6 -29]
[59 10 -20]
[59 9 -20]
[59 30 -56]
[59 115 25]
[59 15 -48]
[59 14 -48]
[59 13 -47]
[59 28 -55]
[59 28 -56]
[59 29 -56]
[59 46 -60]
[59 12 -43]
[59 74 54]
[59 20 -51]
[59 58 -50]
[59 59 -50]
[59 59 -51]
[59 70 55]
[59 68 53]
[59 114 25]
[59 12 -47]
[59 12 -45]
[59 21 -53]
[59 23 -54]
[59 21 -52]
[59 23 -53]
[59 24 -53]
[59 34 -57]
[59 32 -57]
[59 116 25]
[59 67 53]
[59 69 53]
[59 16 -50]
[59 17 -51]
[59 18 -51]
[59 34 -58]
[59 35 -58]
[59 40 -59]
[59 6 -23]
[59 5 -25]
[59 33 -57]
[59 13 -43]
[60 15 -51]
[60 16 -51]
[60 14 -49]
[60 11 -21]
[60 10 -19]
[60 74 55]
[60 27 -56]
[60 33 -58]
[60 51 -61]
[60 49 -61]
[60 45 -60]
[60 46 -61]
[60 44 -61]
[60 25 -54]
[60 24 -54]
[60 11 -44]
[60 11 -46]
[60 11 -45]
[60 47 -61]
[60 28 -57]
[60 29 -57]
[60 30 -57]
[60 6 -41]
[60 8 -41]
[60 7 -41]
[60 21 -54]
[60 5 -30]
[60 5 -29]
[60 5 -28]
[60 6 -30]
[60 37 -60]
[60 20 -53]
[60 20 -52]
[60 46 -58]
[60 7 -22]
[60 7 -20]
[60 8 -20]
[60 24 -55]
[60 24 -56]
[60 74 56]
[60 72 56]
[60 73 56]
[60 32 -58]
[60 116 26]
[60 114 26]
[60 18 -52]
[60 41 -60]
[60 40 -60]
[60 39 -60]
[60 9 -44]
[60 10 -44]
[60 50 -61]
[60 52 -61]
[60 52 -60]
[60 51 -59]
[60 15 -49]
[60 26 -56]
[60 13 -42]
[60 38 -60]
[60 4 -25]
[60 4 -24]
[60 4 -26]
[60 6 -20]
[60 31 -57]
[60 13 -48]
[60 12 -48]
[60 48 -61]
[60 68 54]
[60 22 -54]
[60 23 -55]
[60 118 24]
[60 120 25]
[60 119 23]
[60 34 -59]
[60 66 54]
[60 66 53]
[60 15 -50]
[60 70 56]
[60 71 55]
[60 69 55]
[60 8 -19]
[60 9 -19]
[60 4 -23]
[60 118 25]
[60 11 -48]
[60 11 -47]
[60 39 -59]
[60 115 26]
[60 35 -59]
[60 19 -52]
[60 41 -61]
[60 43 -61]
[60 4 -27]
[60 5 -27]
[61 115 27]
[61 6 -31]
[61 51 -58]
[61 32 -59]
[61 3 -25]
[61 4 -28]
[61 26 -55]
[61 10 -18]
[61 48 -62]
[61 117 25]
[61 119 25]
[61 51 -62]
[61 11 -20]
[61 19 -53]
[61 18 -53]
[61 17 -52]
[61 10 -47]
[61 10 -46]
[61 10 -45]
[61 26 -57]
[61 27 -57]
[61 38 -61]
[61 39 -61]
[61 7 -19]
[61 120 26]
[61 47 -62]
[61 69 56]
[61 71 56]
[61 70 57]
[61 69 57]
[61 71 57]
[61 45 -61]
[61 22 -55]
[61 113 26]
[61 75 56]
[61 11 -49]
[61 9 -45]
[61 5 -31]
[61 40 -61]
[61 120 23]
[61 120 24]
[61 16 -52]
[61 7 -42]
[61 5 -41]
[61 5 -20]
[61 6 -19]
[61 5 -21]
[61 14 -51]
[61 14 -50]
[61 13 -49]
[61 13 -50]
[61 43 -62]
[61 45 -62]
[61 42 -61]
[61 42 -62]
[61 68 55]
[61 30 -58]
[61 23 -56]
[61 29 -58]
[61 28 -58]
[61 74 57]
[61 73 57]
[61 65 53]
[61 65 54]
[61 8 -43]
[61 8 -42]
[61 6 -40]
[61 33 -60]
[61 33 -59]
[61 34 -60]
[61 25 -56]
[61 24 -57]
[61 50 -62]
[61 118 26]
[61 119 26]
[61 36 -60]
[61 35 -60]
[61 46 -62]
[61 19 -54]
[61 7 -18]
[61 9 -18]
[61 31 -58]
[61 41 -62]
[61 117 26]
[61 31 -59]
[61 66 52]
[61 9 -42]
[61 14 -52]
[61 45 -57]
[61 75 57]
[61 4 -22]
[61 3 -24]
[61 5 -22]
[61 36 -61]
[61 37 -61]
[61 72 57]
[62 6 -18]
[62 17 -53]
[62 64 52]
[62 64 53]
[62 50 -63]
[62 51 -63]
[62 52 -63]
[62 44 -62]
[62 2 -26]
[62 5 -40]
[62 119 27]
[62 118 27]
[62 68 57]
[62 12 -49]
[62 10 -48]
[62 10 -50]
[62 10 -17]
[62 25 -58]
[62 13 -52]
[62 15 -52]
[62 13 -51]
[62 36 -62]
[62 35 -62]
[62 31 -60]
[62 32 -60]
[62 4 -31]
[62 4 -30]
[62 6 -32]
[62 34 -61]
[62 32 -61]
[62 33 -61]
[62 116 27]
[62 114 27]
[62 8 -18]
[62 7 -17]
[62 6 -17]
[62 9 -43]
[62 7 -43]
[62 49 -63]
[62 9 -46]
[62 27 -59]
[62 35 -61]
[62 5 -19]
[62 6 -43]
[62 6 -42]
[62 3 -23]
[62 48 -63]
[62 49 -62]
[62 28 -59]
[62 29 -59]
[62 70 58]
[62 40 -62]
[62 42 -63]
[62 8 -44]
[62 15 -53]
[62 13 -53]
[62 39 -62]
[62 2 -23]
[62 2 -25]
[62 74 58]
[62 73 58]
[62 114 28]
[62 115 28]
[62 116 28]
[62 36 -59]
[62 20 -54]
[62 16 -53]
[62 64 55]
[62 64 54]
[62 21 -55]
[62 22 -56]
[62 38 -62]
[62 66 51]
[62 3 -28]
[62 4 -29]
[62 3 -27]
[62 67 56]
[62 47 -63]
[62 68 56]
[62 20 -55]
[62 25 -57]
[62 76 58]
[62 41 -63]
[62 43 -63]
[62 17 -54]
[62 22 -57]
[62 120 27]
[62 11 -17]
[62 11 -18]
[62 4 -19]
[62 72 58]
[62 4 -20]
[62 71 58]
[62 24 -58]
[62 23 -58]
[62 30 -59]
[62 12 -19]
[63 4 -18]
[63 3 -20]
[63 2 -29]
[63 2 -27]
[63 3 -29]
[63 19 -55]
[63 67 57]
[63 46 -64]
[63 48 -64]
[63 31 -62]
[63 77 57]
[63 76 57]
[63 77 58]
[63 77 59]
[63 3 -26]
[63 1 -26]
[63 8 -16]
[63 63 55]
[63 63 54]
[63 64 56]
[63 9 -51]
[63 10 -51]
[63 9 -49]
[63 11 -50]
[63 4 -32]
[63 3 -32]
[63 3 -30]
[63 3 -31]
[63 63 52]
[63 65 52]
[63 63 53]
[63 14 -54]
[63 14 -53]
[63 16 -54]
[63 11 -19]
[63 8 -45]
[63 7 -45]
[63 2 -22]
[63 50 -64]
[63 51 -64]
[63 52 -64]
[63 52 -62]
[63 53 -63]
[63 65 55]
[63 72 59]
[63 49 -64]
[63 1 -24]
[63 1 -23]
[63 10 -16]
[63 11 -16]
[63 9 -17]
[63 66 55]
[63 66 57]
[63 8 -47]
[63 8 -46]
[63 37 -63]
[63 12 -16]
[63 12 -18]
[63 120 28]
[63 119 28]
[63 42 -64]
[63 41 -64]
[63 40 -64]
[63 1 -27]
[63 30 -60]
[63 21 -56]
[63 26 -58]
[63 27 -60]
[63 26 -60]
[63 43 -64]
[63 7 -44]
[63 75 58]
[63 19 -56]
[63 37 -62]
[63 36 -63]
[63 12 -50]
[63 70 59]
[63 2 -28]
[63 118 28]
[63 117 28]
[63 23 -57]
[63 22 -58]
[63 23 -59]
[63 28 -60]
[63 69 59]
[63 71 59]
[63 9 -47]
[63 9 -48]
[63 5 -43]
[63 5 -44]
[63 6 -44]
[63 33 -62]
[63 116 29]
[63 117 27]
[63 115 29]
[63 12 -51]
[63 39 -63]
[63 40 -63]
[63 5 -18]
[63 34 -63]
[63 7 -16]
[63 5 -17]
[63 25 -59]
[63 34 -62]
[63 17 -55]
[63 18 -55]
[63 5 -32]
[63 7 -33]
[63 6 -33]
[63 12 -53]
[64 6 -45]
[64 76 56]
[64 10 -49]
[64 8 -49]
[64 8 -50]
[64 8 -48]
[64 5 -45]
[64 9 -52]
[64 11 -52]
[64 10 -52]
[64 9 -50]
[64 1 -28]
[64 17 -56]
[64 16 -56]
[64 2 -31]
[64 7 -46]
[64 5 -34]
[64 1 -22]
[64 2 -24]
[64 118 29]
[64 11 -51]
[64 78 59]
[64 78 58]
[64 65 58]
[64 67 58]
[64 65 56]
[64 8 -17]
[64 6 -15]
[64 8 -15]
[64 6 -16]
[64 13 -15]
[64 11 -15]
[64 12 -17]
[64 9 -15]
[64 12 -54]
[64 12 -52]
[64 11 -53]
[64 68 58]
[64 66 56]
[64 62 51]
[64 62 53]
[64 25 -61]
[64 26 -61]
[64 73 59]
[64 72 60]
[64 15 -54]
[64 13 -54]
[64 21 -58]
[64 22 -59]
[64 21 -57]
[64 39 -64]
[64 71 60]
[64 70 60]
[64 8 -51]
[64 32 -63]
[64 2 -21]
[64 27 -61]
[64 29 -61]
[64 28 -61]
[64 69 60]
[64 69 58]
[64 64 57]
[64 65 57]
[64 63 57]
[64 24 -59]
[64 24 -60]
[64 26 -59]
[64 68 59]
[64 62 54]
[64 35 -64]
[64 2 -32]
[64 4 -16]
[64 4 -17]
[64 44 -65]
[64 44 -63]
[64 42 -65]
[64 20 -57]
[64 18 -56]
[64 19 -57]
[64 12 -15]
[64 62 52]
[64 38 -63]
[64 15 -55]
[64 78 57]
[64 4 -44]
[64 33 -63]
[64 20 -56]
[64 3 -33]
[64 29 -60]
[64 31 -61]
[64 32 -62]
[64 67 54]
[64 9 -16]
[64 7 -15]
[64 51 -65]
[64 41 -65]
[64 40 -65]
[64 6 -34]
[64 120 29]
[64 119 29]
[64 47 -65]
[64 49 -65]
[64 46 -63]
[64 45 -65]
[64 46 -65]
[64 5 -33]
[64 18 -54]
[64 7 -48]
[64 7 -47]
[64 2 -30]
[64 4 -33]
[64 23 -60]
[65 62 56]
[65 63 58]
[65 62 58]
[65 43 -66]
[65 44 -66]
[65 14 -55]
[65 16 -55]
[65 0 -28]
[65 0 -27]
[65 1 -29]
[65 71 61]
[65 70 61]
[65 47 -64]
[65 1 -31]
[65 5 -16]
[65 3 -17]
[65 19 -58]
[65 3 -43]
[65 3 -45]
[65 4 -43]
[65 4 -45]
[65 119 30]
[65 117 30]
[65 7 -50]
[65 22 -60]
[65 9 -14]
[65 8 -14]
[65 15 -56]
[65 17 -57]
[65 66 59]
[65 66 58]
[65 21 -59]
[65 20 -58]
[65 48 -66]
[65 121 29]
[65 6 -47]
[65 64 59]
[65 64 58]
[65 4 -46]
[65 6 -46]
[65 27 -62]
[65 28 -62]
[65 26 -62]
[65 5 -15]
[65 30 -61]
[65 29 -62]
[65 45 -64]
[65 50 -65]
[65 51 -66]
[65 12 -14]
[65 13 -14]
[65 8 -53]
[65 61 51]
[65 61 52]
[65 61 50]
[65 63 51]
[65 62 55]
[65 1 -32]
[65 2 -33]
[65 67 59]
[65 61 53]
[65 7 -14]
[65 1 -21]
[65 4 -34]
[65 3 -34]
[65 67 55]
[65 7 -51]
[65 8 -52]
[65 7 -52]
[65 79 58]
[65 39 -65]
[65 41 -66]
[65 39 -66]
[65 40 -66]
[65 10 -53]
[65 10 -54]
[65 24 -61]
[65 23 -61]
[65 33 -64]
[65 5 -46]
[65 42 -66]
[65 43 -65]
[65 14 -56]
[65 18 -57]
[65 25 -60]
[65 47 -66]
[65 45 -66]
[65 6 -14]
[65 38 -64]
[65 36 -65]
[65 34 -65]
[65 6 -48]
[65 73 60]
[65 74 60]
[65 5 -35]
[65 50 -66]
[65 49 -66]
[65 3 -16]
[65 3 -15]
[65 4 -15]
[65 0 -22]
[65 68 60]
[65 10 -14]
[65 10 -15]
[65 38 -65]
[65 11 -55]
[65 13 -55]
[65 12 -55]
[65 16 -57]
[65 44 -64]
[65 46 -66]
[65 73 61]
[65 32 -64]
[65 120 30]
[65 118 30]
[65 67 60]
[66 44 -67]
[66 45 -67]
[66 61 59]
[66 61 58]
[66 61 57]
[66 63 59]
[66 7 -13]
[66 3 -35]
[66 2 -34]
[66 4 -35]
[66 2 -35]
[66 46 -67]
[66 33 -65]
[66 20 -59]
[66 35 -65]
[66 33 -66]
[66 7 -53]
[66 9 -53]
[66 18 -58]
[66 17 -58]
[66 30 -62]
[66 65 60]
[66 65 59]
[66 -1 -29]
[66 0 -29]
[66 8 -13]
[66 28 -63]
[66 27 -63]
[66 40 -67]
[66 38 -66]
[66 38 -67]
[66 -1 -23]
[66 -1 -21]
[66 5 -42]
[66 3 -44]
[66 6 -51]
[66 118 31]
[66 119 31]
[66 37 -65]
[66 37 -64]
[66 43 -67]
[66 6 -49]
[66 5 -49]
[66 1 -30]
[66 16 -58]
[66 0 -21]
[66 60 53]
[66 60 51]
[66 19 -59]
[66 18 -59]
[66 6 -53]
[66 15 -57]
[66 13 -56]
[66 61 54]
[66 60 52]
[66 66 60]
[66 50 -67]
[66 21 -61]
[66 5 -48]
[66 -1 -28]
[66 0 -33]
[66 0 -31]
[66 11 -14]
[66 10 -13]
[66 11 -13]
[66 42 -67]
[66 41 -67]
[66 121 30]
[66 74 62]
[66 73 62]
[66 72 62]
[66 6 -13]
[66 48 -65]
[66 7 -54]
[66 8 -54]
[66 48 -67]
[66 24 -62]
[66 25 -62]
[66 5 -14]
[66 4 -14]
[66 60 49]
[66 60 50]
[66 3 -14]
[66 11 -56]
[66 120 31]
[66 121 31]
[66 74 61]
[66 10 -55]
[66 9 -55]
[66 9 -54]
[66 5 -47]
[66 3 -46]
[66 3 -47]
[66 4 -47]
[66 12 -56]
[66 69 61]
[66 71 62]
[66 63 60]
[66 64 60]
[66 45 -63]
[66 80 59]
[66 34 -64]
[66 32 -65]
[66 14 -13]
[66 47 -67]
[66 63 56]
[66 61 55]
[66 36 -64]
[66 36 -66]
[66 37 -66]
[66 29 -63]
[66 13 -13]
[66 12 -13]
[66 62 57]
[66 21 -60]
[66 7 -49]
[66 6 -50]
[66 72 61]
[66 70 62]
[66 39 -67]
[66 1 -33]
[66 1 -34]
[66 67 61]
[66 2 -44]
[66 2 -46]
[66 2 -45]
[67 4 -42]
[67 6 -55]
[67 -2 -30]
[67 0 -30]
[67 -2 -29]
[67 11 -54]
[67 10 -56]
[67 34 -66]
[67 35 -66]
[67 11 -12]
[67 12 -12]
[67 37 -67]
[67 36 -67]
[67 0 -34]
[67 0 -32]
[67 5 -13]
[67 8 -56]
[67 8 -55]
[67 10 -12]
[67 -1 -32]
[67 -1 -33]
[67 -1 -34]
[67 -1 -22]
[67 1 -20]
[67 -1 -20]
[67 59 52]
[67 35 -63]
[67 7 -12]
[67 6 -12]
[67 60 54]
[67 60 55]
[67 44 -68]
[67 43 -68]
[67 45 -68]
[67 6 -52]
[67 6 -54]
[67 5 -53]
[67 62 61]
[67 64 61]
[67 63 61]
[67 62 60]
[67 2 -47]
[67 5 -50]
[67 5 -51]
[67 19 -60]
[67 18 -60]
[67 20 -60]
[67 17 -59]
[67 17 -60]
[67 46 -68]
[67 0 -35]
[67 31 -63]
[67 30 -63]
[67 59 54]
[67 0 -23]
[67 -2 -23]
[67 -1 -24]
[67 -2 -22]
[67 32 -66]
[67 34 -67]
[67 33 -67]
[67 65 61]
[67 60 59]
[67 60 57]
[67 28 -64]
[67 27 -64]
[67 30 -64]
[67 73 63]
[67 0 -20]
[67 -2 -21]
[67 26 -63]
[67 26 -64]
[67 61 56]
[67 41 -68]
[67 40 -68]
[67 39 -68]
[67 75 62]
[67 66 61]
[67 3 -48]
[67 4 -48]
[67 71 63]
[67 70 63]
[67 22 -61]
[67 20 -62]
[67 7 -55]
[67 118 32]
[67 59 51]
[67 47 -68]
[67 15 -58]
[67 5 -12]
[67 60 56]
[67 120 32]
[67 119 32]
[67 121 32]
[67 62 59]
[67 61 60]
[67 14 -57]
[67 1 -44]
[67 59 49]
[67 59 50]
[67 -1 -31]
[67 -1 -30]
[67 14 -12]
[67 13 -12]
[67 3 -36]
[67 42 -68]
[67 1 -46]
[67 1 -45]
[67 68 62]
[67 68 61]
[67 13 -57]
[67 69 62]
[67 69 63]
[67 37 -68]
[67 38 -68]
[67 1 -35]
[67 1 -36]
[67 10 -57]
[67 31 -64]
[67 31 -65]
[67 24 -63]
[67 2 -48]
[68 58 54]
[68 58 55]
[68 42 -69]
[68 15 -59]
[68 62 62]
[68 63 62]
[68 0 -46]
[68 0 -45]
[68 -3 -22]
[68 -2 -24]
[68 -3 -24]
[68 -3 -23]
[68 -2 -20]
[68 0 -19]
[68 35 -68]
[68 20 -61]
[68 -2 -25]
[68 -3 -20]
[68 71 64]
[68 25 -64]
[68 23 -63]
[68 60 60]
[68 61 61]
[68 0 -47]
[68 36 -69]
[68 -1 -35]
[68 3 -42]
[68 4 -41]
[68 3 -41]
[68 27 -65]
[68 25 -65]
[68 25 -63]
[68 7 -56]
[68 28 -65]
[68 26 -65]
[68 69 64]
[68 72 63]
[68 72 64]
[68 74 64]
[68 66 62]
[68 65 62]
[68 5 -11]
[68 6 -11]
[68 64 62]
[68 -3 -21]
[68 2 -49]
[68 3 -49]
[68 39 -69]
[68 37 -69]
[68 41 -69]
[68 40 -69]
[68 34 -68]
[68 32 -68]
[68 5 -52]
[68 5 -54]
[68 35 -67]
[68 -2 -31]
[68 4 -51]
[68 8 -11]
[68 8 -12]
[68 12 -57]
[68 59 55]
[68 59 56]
[68 59 57]
[68 11 -11]
[68 12 -11]
[68 45 -69]
[68 -2 -35]
[68 -2 -33]
[68 -2 -34]
[68 17 -61]
[68 18 -61]
[68 20 -63]
[68 19 -63]
[68 2 -36]
[68 16 -60]
[68 16 -59]
[68 58 50]
[68 68 63]
[68 22 -62]
[68 59 53]
[68 29 -64]
[68 33 -68]
[68 120 33]
[68 -2 -32]
[68 11 -57]
[68 44 -69]
[68 9 -12]
[68 9 -11]
[68 59 58]
[68 60 58]
[68 30 -65]
[68 31 -66]
[68 59 60]
[68 43 -69]
[68 8 -57]
[68 9 -57]
[68 7 -57]
[68 1 -19]
[68 -1 -19]
[68 2 -43]
[68 1 -43]
[68 0 -43]
[68 1 -49]
[68 1 -48]
[68 6 -56]
[68 -1 -36]
[68 4 -12]
[68 121 33]
[68 9 -56]
[68 11 -58]
[68 4 -50]
[68 4 -52]
[68 58 51]
[68 58 52]
[68 -3 -30]
[68 70 64]
[68 0 -37]
[68 0 -36]
[68 1 -37]
[68 13 -58]
[68 14 -58]
[69 14 -59]
[69 13 -59]
[69 59 59]
[69 60 61]
[69 9 -13]
[69 58 58]
[69 -2 -36]
[69 -1 -47]
[69 -1 -46]
[69 67 62]
[69 67 63]
[69 -4 -24]
[69 -3 -25]
[69 -4 -25]
[69 -4 -23]
[69 -4 -20]
[69 -4 -21]
[69 61 63]
[69 62 63]
[69 7 -58]
[69 -3 -35]
[69 -3 -33]
[69 -3 -34]
[69 17 -62]
[69 16 -61]
[69 10 -11]
[69 11 -10]
[69 60 62]
[69 40 -70]
[69 41 -70]
[69 33 -69]
[69 15 -60]
[69 75 63]
[69 75 64]
[69 74 65]
[69 73 64]
[69 43 -70]
[69 42 -70]
[69 24 -64]
[69 5 -55]
[69 -4 -22]
[69 31 -67]
[69 30 -66]
[69 32 -67]
[69 30 -67]
[69 57 50]
[69 57 51]
[69 57 49]
[69 57 52]
[69 57 53]
[69 -1 -42]
[69 0 -42]
[69 1 -42]
[69 4 -49]
[69 2 -50]
[69 70 65]
[69 68 64]
[69 69 65]
[69 3 -50]
[69 29 -65]
[69 -2 -26]
[69 1 -38]
[69 2 -37]
[69 64 63]
[69 63 63]
[69 10 -58]
[69 -1 -18]
[69 1 -18]
[69 0 -18]
[69 25 -66]
[69 36 -70]
[69 36 -68]
[69 14 -60]
[69 65 63]
[69 5 -10]
[69 6 -10]
[69 7 -10]
[69 71 65]
[69 26 -66]
[69 -4 -19]
[69 6 -57]
[69 5 -57]
[69 4 -40]
[69 7 -11]
[69 58 57]
[69 58 59]
[69 -2 -18]
[69 31 -68]
[69 32 -69]
[69 21 -62]
[69 19 -61]
[69 19 -62]
[69 35 -69]
[69 2 -40]
[69 2 -41]
[69 18 -63]
[69 18 -64]
[69 19 -64]
[69 21 -64]
[69 20 -64]
[69 2 -42]
[69 22 -64]
[69 38 -70]
[69 37 -70]
[69 38 -69]
[69 39 -70]
[69 72 65]
[69 73 65]
[69 12 -58]
[69 -3 -31]
[69 -3 -32]
[69 4 -11]
[69 119 33]
[69 -1 -48]
[69 0 -48]
[69 3 -51]
[69 0 -50]
[69 1 -47]
[69 57 55]
[69 57 54]
[69 58 56]
[69 57 56]
[69 27 -66]
[69 28 -66]
[69 8 -10]
[69 -1 -45]
[69 -3 -36]
[69 18 -62]
[69 6 -58]
[69 8 -58]
[69 34 -69]
[69 10 -59]
[69 11 -59]
[69 12 -59]
[69 -1 -37]
[69 3 -52]
[69 44 -70]
[70 10 -60]
[70 9 -59]
[70 11 -60]
[70 9 -58]
[70 9 -60]
[70 -2 -37]
[70 59 61]
[70 61 62]
[70 74 66]
[70 75 66]
[70 4 -53]
[70 2 -53]
[70 3 -53]
[70 2 -51]
[70 29 -67]
[70 7 -9]
[70 9 -9]
[70 -4 -31]
[70 -4 -32]
[70 29 -66]
[70 -4 -33]
[70 7 -59]
[70 59 63]
[70 66 64]
[70 66 63]
[70 64 64]
[70 -2 -38]
[70 -3 -26]
[70 -2 -48]
[70 -1 -49]
[70 19 -65]
[70 0 -44]
[70 -2 -44]
[70 21 -63]
[70 5 -58]
[70 32 -70]
[70 31 -69]
[70 31 -70]
[70 -5 -22]
[70 120 34]
[70 118 33]
[70 44 -71]
[70 25 -67]
[70 27 -67]
[70 40 -71]
[70 39 -71]
[70 -1 -41]
[70 57 58]
[70 58 60]
[70 71 66]
[70 57 57]
[70 30 -68]
[70 30 -69]
[70 70 66]
[70 69 66]
[70 8 -59]
[70 57 48]
[70 58 49]
[70 56 49]
[70 56 50]
[70 17 -63]
[70 17 -64]
[70 18 -65]
[70 17 -65]
[70 26 -67]
[70 42 -71]
[70 41 -71]
[70 13 -60]
[70 72 66]
[70 56 55]
[70 68 65]
[70 67 65]
[70 8 -9]
[70 14 -61]
[70 35 -71]
[70 23 -64]
[70 22 -63]
[70 23 -65]
[70 0 -17]
[70 5 -9]
[70 6 -9]
[70 4 -9]
[70 4 -10]
[70 -1 -17]
[70 -2 -47]
[70 -2 -46]
[70 -2 -45]
[70 1 -41]
[70 63 64]
[70 62 64]
[70 24 -67]
[70 0 -38]
[70 -5 -24]
[70 -5 -23]
[70 -5 -21]
[70 -4 -35]
[70 56 56]
[70 56 54]
[70 56 51]
[70 58 53]
[70 56 52]
[70 56 53]
[70 76 64]
[70 76 63]
[70 0 -49]
[70 38 -71]
[70 12 -60]
[70 -4 -26]
[70 -5 -25]
[70 -5 -20]
[70 60 64]
[70 60 63]
[70 12 -9]
[70 33 -70]
[70 16 -62]
[70 16 -63]
[70 24 -65]
[70 4 -56]
[70 4 -54]
[70 5 -56]
[70 67 64]
[70 74 63]
[70 0 -41]
[70 -2 -41]
[70 -2 -43]
[70 -2 -42]
[70 65 64]
[70 4 -58]
[70 76 65]
[70 10 -10]
[70 -4 -36]
[70 -3 -37]
[70 73 66]
[71 43 -71]
[71 43 -72]
[71 1 -17]
[71 37 -72]
[71 39 -72]
[71 38 -72]
[71 67 66]
[71 75 65]
[71 75 67]
[71 74 67]
[71 -1 -50]
[71 -2 -50]
[71 62 65]
[71 8 -8]
[71 10 -8]
[71 10 -9]
[71 34 -71]
[71 32 -71]
[71 34 -70]
[71 -2 -39]
[71 -1 -38]
[71 -3 -39]
[71 3 -59]
[71 18 -66]
[71 19 -66]
[71 30 -71]
[71 31 -71]
[71 13 -61]
[71 15 -62]
[71 14 -62]
[71 15 -61]
[71 66 65]
[71 40 -72]
[71 41 -72]
[71 42 -72]
[71 77 65]
[71 77 64]
[71 22 -65]
[71 65 65]
[71 0 -40]
[71 119 34]
[71 7 -8]
[71 4 -57]
[71 23 -62]
[71 2 -52]
[71 1 -50]
[71 5 -8]
[71 55 53]
[71 73 67]
[71 118 34]
[71 -1 -44]
[71 -3 -43]
[71 -6 -21]
[71 -6 -22]
[71 -6 -23]
[71 -4 -27]
[71 23 -66]
[71 -3 -46]
[71 -3 -48]
[71 7 -60]
[71 10 -61]
[71 -6 -24]
[71 63 65]
[71 64 65]
[71 -5 -32]
[71 55 50]
[71 55 49]
[71 55 51]
[71 17 -66]
[71 16 -65]
[71 16 -66]
[71 16 -64]
[71 -3 -45]
[71 -1 -43]
[71 56 58]
[71 -4 -30]
[71 57 61]
[71 58 61]
[71 60 65]
[71 59 64]
[71 55 56]
[71 15 -63]
[71 -4 -38]
[71 -4 -37]
[71 56 48]
[71 58 62]
[71 59 62]
[71 -3 -47]
[71 -2 -49]
[71 -3 -49]
[71 -6 -20]
[71 -5 -19]
[71 2 -54]
[71 -3 -42]
[71 -3 -44]
[71 56 57]
[71 25 -68]
[71 24 -66]
[71 23 -68]
[71 11 -9]
[71 70 67]
[71 9 -8]
[71 -5 -37]
[71 -5 -35]
[71 58 64]
[71 4 -8]
[71 69 67]
[71 55 54]
[71 26 -68]
[71 24 -68]
[71 -6 -26]
[71 29 -68]
[71 1 -39]
[71 1 -52]
[71 3 -54]
[71 77 66]
[71 -3 -41]
[71 11 -61]
[71 -2 -40]
[71 20 -65]
[71 3 -57]
[71 4 -59]
[71 36 -71]
[71 35 -72]
[71 3 -8]
[71 -5 -34]
[71 -5 -33]
[71 3 -55]
[71 4 -55]
[71 8 -60]
[71 8 -61]
[71 28 -68]
[71 27 -68]
[71 33 -71]
[72 20 -67]
[72 19 -67]
[72 57 62]
[72 24 -69]
[72 22 -68]
[72 70 68]
[72 71 67]
[72 71 68]
[72 54 54]
[72 54 52]
[72 17 -67]
[72 16 -67]
[72 0 -39]
[72 1 -40]
[72 2 -39]
[72 14 -63]
[72 57 60]
[72 7 -61]
[72 6 -59]
[72 6 -61]
[72 -5 -36]
[72 -5 -38]
[72 15 -64]
[72 15 -65]
[72 -6 -25]
[72 39 -73]
[72 66 66]
[72 -4 -42]
[72 -4 -41]
[72 58 63]
[72 58 65]
[72 57 63]
[72 57 64]
[72 9 -7]
[72 8 -7]
[72 -1 -39]
[72 3 -58]
[72 32 -72]
[72 62 66]
[72 63 66]
[72 61 66]
[72 -4 -50]
[72 -4 -49]
[72 28 -67]
[72 28 -69]
[72 29 -69]
[72 9 -10]
[72 25 -69]
[72 23 -69]
[72 54 51]
[72 12 -62]
[72 12 -61]
[72 74 68]
[72 75 68]
[72 -5 -26]
[72 -7 -25]
[72 -7 -27]
[72 57 59]
[72 55 59]
[72 38 -73]
[72 56 47]
[72 -4 -34]
[72 -6 -35]
[72 -6 -36]
[72 -6 -19]
[72 -6 -18]
[72 -5 -27]
[72 54 57]
[72 55 55]
[72 54 55]
[72 54 56]
[72 2 -8]
[72 3 -7]
[72 59 65]
[72 6 -8]
[72 36 -72]
[72 37 -71]
[72 11 -8]
[72 37 -73]
[72 26 -69]
[72 27 -69]
[72 -2 -51]
[72 0 -51]
[72 42 -73]
[72 8 -62]
[72 -7 -21]
[72 -7 -19]
[72 -7 -20]
[72 -4 -39]
[72 -7 -23]
[72 73 68]
[72 22 -66]
[72 21 -65]
[72 21 -66]
[72 34 -72]
[72 35 -73]
[72 1 -51]
[72 -5 -39]
[72 22 -67]
[72 18 -67]
[72 76 68]
[72 29 -70]
[72 2 -56]
[72 2 -57]
[72 36 -73]
[72 60 66]
[72 59 66]
[72 -4 -47]
[72 54 53]
[72 -4 -40]
[72 -3 -40]
[72 9 -61]
[72 -3 -50]
[72 64 66]
[72 33 -72]
[72 31 -72]
[72 1 -55]
[72 1 -54]
[72 2 -55]
[72 41 -73]
[72 -4 -44]
[72 54 48]
[72 54 49]
[72 55 48]
[72 54 50]
[72 -1 -40]
[72 10 -7]
[72 76 66]
[72 77 67]
[72 15 -66]
[72 15 -67]
[72 -4 -45]
[72 -6 -33]
[72 -5 -31]
[72 -6 -32]
[72 2 -59]
[72 3 -60]
[72 2 -60]
[72 2 -58]
[72 55 52]
[72 56 61]
[72 -6 -34]
[72 -7 -22]
[72 -4 -48]
[72 68 66]
[72 68 67]
[72 69 68]
[72 1 -53]
[72 35 -70]
[72 44 -72]
[73 -8 -22]
[73 -8 -23]
[73 -8 -24]
[73 -7 -32]
[73 -7 -33]
[73 0 -52]
[73 14 -64]
[73 14 -65]
[73 -6 -39]
[73 -5 -40]
[73 9 -62]
[73 10 -62]
[73 64 67]
[73 65 67]
[73 76 67]
[73 75 69]
[73 74 69]
[73 53 52]
[73 69 69]
[73 56 60]
[73 56 62]
[73 55 60]
[73 55 62]
[73 -7 -24]
[73 55 47]
[73 54 47]
[73 53 57]
[73 55 58]
[73 -5 -18]
[73 19 -68]
[73 18 -68]
[73 20 -68]
[73 21 -67]
[73 22 -69]
[73 10 -6]
[73 9 -6]
[73 40 -73]
[73 -5 -50]
[73 -5 -48]
[73 -5 -49]
[73 72 67]
[73 72 68]
[73 1 -59]
[73 1 -58]
[73 1 -60]
[73 37 -74]
[73 38 -74]
[73 54 58]
[73 -4 -51]
[73 -5 -45]
[73 32 -73]
[73 30 -73]
[73 72 69]
[73 73 69]
[73 59 67]
[73 61 67]
[73 61 65]
[73 60 67]
[73 70 69]
[73 -3 -51]
[73 -2 -52]
[73 -3 -52]
[73 1 -7]
[73 2 -7]
[73 14 -68]
[73 16 -68]
[73 15 -68]
[73 14 -67]
[73 -7 -18]
[73 35 -74]
[73 34 -73]
[73 -7 -35]
[73 24 -70]
[73 53 47]
[73 -8 -26]
[73 -4 -46]
[73 4 -60]
[73 2 -61]
[73 -8 -19]
[73 28 -70]
[73 30 -70]
[73 27 -70]
[73 53 56]
[73 53 54]
[73 53 55]
[73 -7 -36]
[73 53 50]
[73 53 51]
[73 -7 -34]
[73 -5 -41]
[73 11 -62]
[73 53 53]
[73 67 67]
[73 34 -74]
[73 1 -56]
[73 20 -66]
[73 21 -68]
[73 -8 -28]
[73 2 -6]
[73 3 -6]
[73 33 -73]
[73 31 -73]
[73 13 -62]
[73 12 -63]
[73 6 -60]
[73 5 -59]
[73 -8 -20]
[73 -8 -21]
[73 26 -70]
[73 3 -56]
[73 14 -66]
[73 65 66]
[73 5 -61]
[73 23 -67]
[73 6 -62]
[73 62 67]
[73 -6 -37]
[73 53 49]
[73 9 -63]
[73 7 -63]
[73 -5 -47]
[73 0 -53]
[73 6 -7]
[73 58 67]
[73 58 66]
[73 56 65]
[73 57 65]
[73 56 63]
[73 55 57]
[73 3 -61]
[73 1 -61]
[73 53 48]
[73 17 -68]
[73 0 -54]
[73 0 -56]
[73 8 -6]
[74 0 -59]
[74 68 68]
[74 69 70]
[74 -5 -46]
[74 63 68]
[74 0 -61]
[74 0 -60]
[74 54 46]
[74 -1 -51]
[74 64 68]
[74 63 67]
[74 52 56]
[74 52 54]
[74 4 -61]
[74 -9 -21]
[74 -9 -20]
[74 21 -70]
[74 -5 -42]
[74 -6 -41]
[74 -6 -42]
[74 7 -6]
[74 7 -7]
[74 61 68]
[74 62 68]
[74 76 70]
[74 25 -71]
[74 23 -71]
[74 18 -69]
[74 19 -69]
[74 12 -64]
[74 13 -64]
[74 31 -74]
[74 30 -72]
[74 32 -74]
[74 10 -63]
[74 0 -55]
[74 0 -57]
[74 8 -63]
[74 27 -71]
[74 9 -5]
[74 -6 -46]
[74 -6 -48]
[74 73 70]
[74 72 70]
[74 1 -62]
[74 52 48]
[74 52 47]
[74 21 -69]
[74 56 64]
[74 -9 -27]
[74 -8 -27]
[74 -9 -28]
[74 -8 -29]
[74 55 64]
[74 57 66]
[74 -3 -53]
[74 3 -5]
[74 20 -69]
[74 67 68]
[74 66 67]
[74 66 68]
[74 -5 -52]
[74 -4 -52]
[74 -6 -40]
[74 -6 -38]
[74 -7 -40]
[74 -1 -52]
[74 -1 -53]
[74 61 64]
[74 -7 -26]
[74 13 -67]
[74 9 -64]
[74 8 -64]
[74 10 -64]
[74 -6 -50]
[74 -6 -49]
[74 -9 -19]
[74 -8 -18]
[74 16 -69]
[74 -5 -44]
[74 71 69]
[74 52 46]
[74 13 -63]
[74 7 -62]
[74 5 -62]
[74 11 -63]
[74 52 51]
[74 52 50]
[74 -8 -35]
[74 -7 -37]
[74 52 53]
[74 59 68]
[74 -9 -25]
[74 -8 -25]
[74 -5 -17]
[74 -4 -17]
[74 -6 -17]
[74 25 -70]
[74 26 -71]
[74 33 -74]
[74 13 -65]
[74 13 -66]
[74 34 -75]
[74 36 -74]
[74 1 -57]
[74 -1 -56]
[74 28 -71]
[74 1 -6]
[74 1 -5]
[74 14 -69]
[74 60 68]
[74 58 68]
[74 33 -75]
[74 54 59]
[74 53 59]
[74 0 -62]
[74 2 -62]
[74 29 -71]
[74 55 61]
[74 52 52]
[74 75 70]
[74 74 70]
[74 7 -64]
[74 -8 -36]
[74 3 -62]
[74 -1 -55]
[74 0 -58]
[74 57 68]
[74 55 63]
[74 30 -74]
[74 29 -74]
[74 29 -73]
[74 -9 -23]
[74 -9 -22]
[74 -9 -24]
[74 10 -5]
[74 8 -5]
[74 71 70]
[74 -7 -38]
[74 56 59]
[74 54 62]
[74 54 63]
[74 -5 -51]
[75 52 55]
[75 60 69]
[75 -6 -45]
[75 -9 -26]
[75 -7 -17]
[75 -6 -16]
[75 22 -70]
[75 51 54]
[75 33 -76]
[75 13 -69]
[75 15 -69]
[75 13 -70]
[75 13 -68]
[75 -6 -43]
[75 10 -4]
[75 9 -4]
[75 -1 -63]
[75 -1 -62]
[75 28 -72]
[75 27 -72]
[75 20 -70]
[75 -10 -22]
[75 54 60]
[75 54 61]
[75 72 71]
[75 -1 -58]
[75 51 52]
[75 51 53]
[75 51 51]
[75 32 -75]
[75 31 -75]
[75 1 -63]
[75 -1 -57]
[75 12 -65]
[75 22 -71]
[75 22 -72]
[75 23 -70]
[75 24 -72]
[75 11 -64]
[75 11 -65]
[75 9 -65]
[75 56 66]
[75 -1 -54]
[75 -3 -17]
[75 -3 -16]
[75 -3 -18]
[75 17 -70]
[75 19 -70]
[75 18 -70]
[75 -6 -27]
[75 57 67]
[75 56 69]
[75 56 67]
[75 -7 -39]
[75 -5 -16]
[75 -7 -48]
[75 -7 -50]
[75 -10 -25]
[75 28 -73]
[75 28 -75]
[75 30 -75]
[75 28 -74]
[75 29 -75]
[75 70 71]
[75 6 -63]
[75 4 -62]
[75 -4 -53]
[75 -5 -53]
[75 12 -67]
[75 12 -66]
[75 -2 -53]
[75 53 62]
[75 16 -70]
[75 15 -70]
[75 4 -4]
[75 -10 -29]
[75 -9 -29]
[75 -10 -28]
[75 73 71]
[75 71 71]
[75 -10 -27]
[75 51 48]
[75 52 49]
[75 51 47]
[75 51 55]
[75 63 69]
[75 52 60]
[75 53 60]
[75 -8 -41]
[75 -8 -39]
[75 -8 -40]
[75 66 69]
[75 61 69]
[75 -6 -44]
[75 -4 -43]
[75 -1 -61]
[75 62 69]
[75 51 46]
[75 54 64]
[75 53 63]
[75 -2 -54]
[75 -6 -52]
[75 -6 -51]
[75 70 70]
[75 58 69]
[75 5 -60]
[75 2 -63]
[75 3 -63]
[75 0 -4]
[75 1 -4]
[75 12 -68]
[75 -9 -37]
[75 -8 -37]
[75 -7 -51]
[75 -10 -20]
[75 -10 -21]
[75 -1 -60]
[75 53 46]
[75 -8 -34]
[75 -9 -36]
[75 74 71]
[75 75 71]
[75 25 -72]
[75 76 71]
[75 29 -72]
[75 65 68]
[75 67 69]
[75 -7 -42]
[75 -7 -41]
[75 -7 -43]
[75 -10 -18]
[75 65 69]
[75 -9 -30]
[75 6 -65]
[75 7 -65]
[75 -8 -38]
[75 24 -71]
[75 -7 -45]
[75 -7 -47]
[75 8 -65]
[75 10 -65]
[75 -10 -23]
[75 -6 -47]
[75 54 65]
[76 17 -71]
[76 17 -69]
[76 24 -73]
[76 26 -73]
[76 73 72]
[76 75 72]
[76 -9 -38]
[76 -9 -39]
[76 28 -76]
[76 31 -76]
[76 32 -76]
[76 -11 -28]
[76 -4 -15]
[76 -2 -15]
[76 -2 -17]
[76 -8 -33]
[76 -11 -22]
[76 -11 -23]
[76 -1 -59]
[76 -2 -61]
[76 -2 -59]
[76 53 65]
[76 53 64]
[76 53 66]
[76 55 65]
[76 55 66]
[76 2 -64]
[76 3 -64]
[76 1 -64]
[76 13 -71]
[76 12 -70]
[76 14 -71]
[76 12 -71]
[76 14 -70]
[76 -9 -41]
[76 -10 -30]
[76 11 -67]
[76 11 -68]
[76 -3 -54]
[76 50 54]
[76 11 -66]
[76 -4 -16]
[76 -4 -18]
[76 4 -64]
[76 5 -63]
[76 5 -64]
[76 52 45]
[76 51 45]
[76 67 70]
[76 72 72]
[76 76 72]
[76 74 72]
[76 0 -63]
[76 0 -64]
[76 -2 -63]
[76 26 -72]
[76 27 -73]
[76 21 -71]
[76 -5 -15]
[76 21 -72]
[76 21 -73]
[76 22 -73]
[76 -2 -19]
[76 -3 -19]
[76 -6 -15]
[76 -7 -16]
[76 -8 -52]
[76 -7 -52]
[76 -2 -55]
[76 6 -66]
[76 -6 -53]
[76 -4 -54]
[76 -6 -54]
[76 56 68]
[76 71 72]
[76 70 72]
[76 12 -69]
[76 50 48]
[76 50 47]
[76 1 -3]
[76 55 68]
[76 55 67]
[76 56 70]
[76 50 51]
[76 50 50]
[76 50 52]
[76 51 50]
[76 -11 -21]
[76 64 69]
[76 -2 -57]
[76 -2 -56]
[76 60 70]
[76 61 70]
[76 -11 -19]
[76 -10 -19]
[76 -9 -17]
[76 -11 -17]
[76 -9 -18]
[76 -7 -49]
[76 -8 -51]
[76 -8 -50]
[76 18 -71]
[76 19 -71]
[76 -8 -45]
[76 -8 -44]
[76 -8 -46]
[76 -8 -42]
[76 -8 -43]
[76 -11 -29]
[76 -9 -40]
[76 50 55]
[76 68 69]
[76 68 70]
[76 53 61]
[76 -2 -60]
[76 52 64]
[76 52 63]
[76 63 70]
[76 62 70]
[76 -8 -16]
[76 -8 -31]
[76 -10 -31]
[76 -10 -36]
[76 -10 -38]
[76 30 -76]
[76 52 61]
[76 52 62]
[76 7 -66]
[76 6 -64]
[76 -11 -24]
[76 -10 -24]
[76 11 -5]
[76 11 -4]
[76 9 -3]
[76 64 70]
[76 -7 -44]
[76 -2 -58]
[76 4 -5]
[76 -11 -20]
[76 9 -66]
[76 8 -66]
[76 2 -3]
[76 2 -4]
[76 0 -3]
[76 -10 -35]
[76 29 -76]
[76 -11 -26]
[76 -10 -26]
[76 -11 -25]
[76 16 -71]
[76 32 -77]
[77 74 73]
[77 76 73]
[77 -3 -59]
[77 -3 -58]
[77 -3 -57]
[77 67 71]
[77 -11 -27]
[77 -10 -39]
[77 -10 -41]
[77 57 69]
[77 51 63]
[77 51 64]
[77 -7 -54]
[77 15 -72]
[77 20 -71]
[77 20 -72]
[77 -9 -51]
[77 -9 -49]
[77 0 -2]
[77 -12 -23]
[77 -12 -21]
[77 -10 -37]
[77 -9 -35]
[77 -3 -60]
[77 13 -72]
[77 11 -70]
[77 5 -66]
[77 6 -67]
[77 3 -3]
[77 3 -4]
[77 -12 -24]
[77 -7 -15]
[77 18 -72]
[77 17 -72]
[77 5 -65]
[77 4 -63]
[77 -9 -53]
[77 51 49]
[77 50 49]
[77 -8 -47]
[77 -9 -45]
[77 -9 -47]
[77 -9 -42]
[77 -9 -43]
[77 56 71]
[77 57 71]
[77 51 65]
[77 49 53]
[77 10 -67]
[77 10 -66]
[77 63 71]
[77 11 -69]
[77 51 62]
[77 51 61]
[77 23 -73]
[77 24 -74]
[77 -9 -52]
[77 -9 -50]
[77 -5 -14]
[77 -3 -14]
[77 52 65]
[77 -12 -25]
[77 12 -72]
[77 49 49]
[77 -8 -17]
[77 -10 -17]
[77 -9 -16]
[77 -10 -40]
[77 50 46]
[77 1 -2]
[77 54 67]
[77 -8 -53]
[77 -9 -34]
[77 -11 -36]
[77 -11 -35]
[77 -11 -18]
[77 -12 -19]
[77 -12 -20]
[77 54 68]
[77 30 -77]
[77 -12 -22]
[77 65 70]
[77 -8 -48]
[77 70 73]
[77 69 72]
[77 71 73]
[77 69 71]
[77 -8 -32]
[77 -9 -32]
[77 -9 -15]
[77 49 51]
[77 49 52]
[77 52 66]
[77 54 66]
[77 31 -77]
[77 7 -67]
[77 8 -67]
[77 62 71]
[77 15 -71]
[77 -10 -42]
[77 -3 -56]
[77 -2 -14]
[77 -3 -15]
[77 26 -74]
[77 16 -72]
[77 -8 -30]
[77 -3 -55]
[77 -3 -61]
[77 -11 -37]
[77 -11 -39]
[77 49 48]
[77 49 47]
[77 -3 -62]
[77 61 71]
[77 60 71]
[77 -7 -55]
[77 -1 -65]
[77 1 -65]
[77 4 -65]
[77 3 -65]
[77 -5 -55]
[77 -11 -16]
[77 27 -74]
[77 25 -74]
[77 25 -73]
[77 -2 -64]
[77 59 70]
[77 10 -68]
[77 -9 -46]
[77 -9 -44]
[77 21 -74]
[77 9 -2]
[77 10 -2]
[77 55 69]
[77 49 50]
[77 29 -77]
[77 22 -74]
[77 -6 -14]
[77 2 -65]
[77 73 73]
[77 75 73]
[77 64 71]
[77 72 73]
[77 -7 -14]
[78 16 -73]
[78 15 -73]
[78 17 -73]
[78 -11 -41]
[78 -11 -40]
[78 68 72]
[78 59 72]
[78 60 72]
[78 -13 -21]
[78 53 67]
[78 51 66]
[78 51 67]
[78 52 67]
[78 25 -75]
[78 24 -75]
[78 -10 -15]
[78 -10 -16]
[78 -12 -17]
[78 10 -69]
[78 -13 -22]
[78 2 -5]
[78 4 -3]
[78 9 -68]
[78 -8 -15]
[78 -4 -59]
[78 -4 -57]
[78 -4 -58]
[78 18 -73]
[78 -10 -32]
[78 50 62]
[78 50 63]
[78 50 64]
[78 -10 -52]
[78 -10 -53]
[78 53 68]
[78 53 69]
[78 50 45]
[78 73 74]
[78 -4 -14]
[78 -4 -55]
[78 62 72]
[78 63 72]
[78 11 -72]
[78 11 -73]
[78 -13 -19]
[78 -13 -20]
[78 -13 -18]
[78 -12 -18]
[78 -4 -56]
[78 -4 -63]
[78 -2 -62]
[78 48 49]
[78 -4 -13]
[78 -6 -13]
[78 -5 -13]
[78 23 -74]
[78 23 -75]
[78 21 -75]
[78 13 -73]
[78 -12 -36]
[78 -12 -37]
[78 -9 -31]
[78 54 70]
[78 55 70]
[78 71 74]
[78 10 -70]
[78 -11 -43]
[78 -11 -42]
[78 58 70]
[78 59 71]
[78 -10 -50]
[78 48 52]
[78 -10 -43]
[78 11 -2]
[78 10 -3]
[78 65 71]
[78 64 72]
[78 70 74]
[78 69 74]
[78 -10 -44]
[78 -10 -45]
[78 -10 -49]
[78 -8 -49]
[78 48 48]
[78 -4 -60]
[78 50 65]
[78 -9 -48]
[78 -5 -54]
[78 -1 -15]
[78 31 -78]
[78 -4 -62]
[78 -2 -66]
[78 -1 -64]
[78 0 -65]
[78 19 -72]
[78 19 -73]
[78 72 74]
[78 -3 -65]
[78 -2 -65]
[78 -3 -64]
[78 -7 -46]
[78 -7 -56]
[78 -6 -56]
[78 -8 -54]
[78 -10 -54]
[78 29 -78]
[78 75 74]
[78 74 74]
[78 68 71]
[78 3 -66]
[78 -12 -38]
[78 -12 -40]
[78 5 -67]
[78 48 53]
[78 58 72]
[78 57 70]
[78 -11 -38]
[78 2 -66]
[78 0 -66]
[78 1 -66]
[78 14 -72]
[78 -11 -34]
[78 -12 -34]
[78 -10 -48]
[78 -10 -46]
[78 3 -2]
[78 7 -68]
[78 55 72]
[78 57 72]
[78 77 74]
[78 76 74]
[78 77 73]
[78 -10 -47]
[78 -6 -55]
[78 -10 -14]
[78 48 50]
[78 66 72]
[78 66 70]
[78 67 72]
[79 -11 -15]
[79 -11 -14]
[79 -9 -14]
[79 -9 -13]
[79 -11 -13]
[79 -10 -13]
[79 65 72]
[79 64 73]
[79 65 73]
[79 -5 -56]
[79 47 52]
[79 49 54]
[79 49 63]
[79 49 64]
[79 -14 -22]
[79 68 73]
[79 67 73]
[79 63 73]
[79 62 73]
[79 3 -1]
[79 4 -2]
[79 2 -2]
[79 4 -1]
[79 -14 -20]
[79 55 71]
[79 53 71]
[79 54 71]
[79 -11 -47]
[79 -11 -46]
[79 49 62]
[79 29 -79]
[79 66 71]
[79 14 -73]
[79 13 -74]
[79 3 -67]
[79 50 66]
[79 58 71]
[79 72 75]
[79 24 -76]
[79 26 -75]
[79 1 -67]
[79 0 -67]
[79 9 -70]
[79 18 -74]
[79 52 68]
[79 54 69]
[79 -5 -61]
[79 -3 -63]
[79 59 69]
[79 -13 -40]
[79 -12 -41]
[79 -12 -39]
[79 -5 -57]
[79 -5 -58]
[79 -5 -59]
[79 -3 -13]
[79 47 48]
[79 48 47]
[79 -12 -16]
[79 -13 -17]
[79 -8 -57]
[79 -10 -51]
[79 -11 -49]
[79 -12 -42]
[79 -12 -44]
[79 -11 -44]
[79 -12 -43]
[79 76 75]
[79 16 -74]
[79 -13 -37]
[79 -13 -36]
[79 7 -69]
[79 6 -69]
[79 -3 -66]
[79 -1 -67]
[79 30 -78]
[79 77 72]
[79 57 73]
[79 59 73]
[79 -13 -38]
[79 49 46]
[79 49 44]
[79 49 45]
[79 61 72]
[79 61 73]
[79 -9 -55]
[79 -7 -53]
[79 71 75]
[79 -4 -12]
[79 -5 -12]
[79 73 75]
[79 74 75]
[79 75 75]
[79 70 75]
[79 69 73]
[79 69 75]
[79 68 75]
[79 48 51]
[79 47 51]
[79 47 53]
[79 11 -3]
[79 19 -74]
[79 20 -73]
[79 -1 -66]
[79 -11 -52]
[79 -11 -53]
[79 -9 -54]
[79 -11 -48]
[79 -11 -45]
[79 -2 -16]
[79 60 73]
[79 56 72]
[79 -10 -34]
[79 51 68]
[79 52 70]
[79 10 -74]
[79 11 -74]
[79 10 -73]
[79 -11 -54]
[79 14 -74]
[79 11 -71]
[79 10 -71]
[79 4 -66]
[79 2 -67]
[79 4 -67]
[79 47 50]
[79 9 -67]
[79 9 -69]
[79 8 -69]
[79 10 -72]
[79 55 73]
[79 21 -76]
[79 20 -75]
[79 -4 -65]
[79 -4 -66]
[79 66 73]
[79 6 -68]
[79 4 -68]
[80 5 -1]
[80 5 -68]
[80 5 -69]
[80 4 -69]
[80 3 -68]
[80 3 -69]
[80 -1 -68]
[80 -2 -68]
[80 8 -71]
[80 -15 -19]
[80 -14 -21]
[80 -14 -19]
[80 -2 -13]
[80 -4 -67]
[80 -5 -67]
[80 -5 -66]
[80 -12 -45]
[80 54 72]
[80 53 72]
[80 53 70]
[80 -13 -42]
[80 -13 -41]
[80 68 76]
[80 67 75]
[80 74 76]
[80 -6 -58]
[80 -6 -57]
[80 56 73]
[80 54 73]
[80 -4 -64]
[80 -12 -52]
[80 59 74]
[80 -13 -44]
[80 -13 -43]
[80 -13 -16]
[80 -12 -15]
[80 -13 -15]
[80 46 48]
[80 46 49]
[80 47 47]
[80 48 65]
[80 49 65]
[80 48 64]
[80 -13 -39]
[80 0 -68]
[80 -12 -14]
[80 -3 -67]
[80 -2 -67]
[80 71 76]
[80 -12 -54]
[80 -11 -55]
[80 -12 -55]
[80 52 69]
[80 -12 -50]
[80 -11 -50]
[80 -9 -57]
[80 -8 -56]
[80 -9 -56]
[80 46 51]
[80 46 53]
[80 -8 -12]
[80 -10 -12]
[80 -8 -14]
[80 -9 -12]
[80 28 -80]
[80 28 -78]
[80 28 -79]
[80 46 50]
[80 9 -72]
[80 9 -74]
[80 9 -73]
[80 27 -76]
[80 27 -75]
[80 50 67]
[80 49 67]
[80 -8 -13]
[80 64 74]
[80 62 74]
[80 -12 -47]
[80 -15 -21]
[80 -6 -60]
[80 -5 -62]
[80 -6 -62]
[80 9 -71]
[80 -11 -12]
[80 -10 -56]
[80 -10 -55]
[80 -8 -55]
[80 7 -70]
[80 6 -70]
[80 48 45]
[80 48 44]
[80 17 -74]
[80 17 -75]
[80 16 -75]
[80 -3 -12]
[80 -3 -11]
[80 67 74]
[80 66 74]
[80 61 74]
[80 -6 -59]
[80 68 74]
[80 21 -77]
[80 20 -77]
[80 -14 -41]
[80 -5 -11]
[80 -6 -11]
[80 77 75]
[80 76 76]
[80 12 -74]
[80 13 -75]
[80 12 -75]
[80 20 -74]
[80 19 -75]
[80 8 -70]
[80 1 -68]
[80 15 -74]
[80 69 76]
[80 70 76]
[80 3 0]
[80 2 -1]
[80 2 0]
[80 4 0]
[80 8 -68]
[80 18 -75]
[80 60 74]
[80 65 74]
[80 -12 -48]
[80 -12 -49]
[80 23 -77]
[80 23 -76]
[80 25 -76]
[80 24 -77]
[80 25 -77]
[80 58 73]
[80 58 74]
[80 5 0]
[80 11 -75]
[80 -11 -51]
[80 20 -76]
[80 51 70]
[80 51 69]
[80 51 71]
[80 -12 -46]
[80 10 -75]
[80 12 -73]
[81 47 65]
[81 15 -75]
[81 17 -76]
[81 2 1]
[81 3 1]
[81 4 1]
[81 48 66]
[81 47 66]
[81 -12 -56]
[81 -11 -56]
[81 -5 -10]
[81 66 75]
[81 70 77]
[81 72 76]
[81 27 -79]
[81 27 -80]
[81 -7 -12]
[81 -7 -11]
[81 -7 -13]
[81 -4 -10]
[81 -6 -12]
[81 -6 -10]
[81 50 71]
[81 50 69]
[81 50 70]
[81 -13 -14]
[81 -13 -13]
[81 2 -69]
[81 2 -68]
[81 0 -69]
[81 48 46]
[81 47 45]
[81 12 -76]
[81 -3 -68]
[81 -5 -63]
[81 -6 -63]
[81 -7 -62]
[81 7 -71]
[81 -13 -45]
[81 -13 -47]
[81 -13 -46]
[81 -16 -21]
[81 -10 -11]
[81 52 72]
[81 53 73]
[81 -2 -69]
[81 -1 -69]
[81 -7 -60]
[81 14 -75]
[81 27 -78]
[81 67 77]
[81 67 76]
[81 -14 -40]
[81 9 -76]
[81 10 -76]
[81 -10 -57]
[81 -11 -57]
[81 57 74]
[81 56 74]
[81 4 -70]
[81 3 -70]
[81 -9 -11]
[81 76 77]
[81 64 75]
[81 25 -78]
[81 23 -78]
[81 -12 -51]
[81 60 75]
[81 1 0]
[81 46 46]
[81 45 49]
[81 47 49]
[81 24 -78]
[81 22 -76]
[81 22 -78]
[81 57 75]
[81 -6 -61]
[81 -5 -60]
[81 47 44]
[81 -5 -65]
[81 -6 -66]
[81 52 71]
[81 -13 -53]
[81 -12 -53]
[81 -13 -52]
[81 8 -75]
[81 8 -74]
[81 8 -73]
[81 55 74]
[81 54 74]
[81 -4 -68]
[81 -13 -50]
[81 -13 -49]
[81 68 77]
[81 73 77]
[81 75 76]
[81 74 77]
[81 -14 -44]
[81 19 -76]
[81 5 -70]
[81 5 1]
[81 59 75]
[81 -14 -42]
[81 -15 -42]
[81 -15 -41]
[81 45 50]
[81 6 1]
[81 6 0]
[81 11 -76]
[81 -14 -43]
[81 -4 -61]
[81 -5 -64]
[81 28 -77]
[81 -14 -14]
[81 -14 -16]
[81 50 68]
[81 49 68]
[81 49 66]
[81 46 52]
[81 45 51]
[81 -13 -56]
[81 -2 -11]
[81 -2 -12]
[81 -4 -11]
[81 -2 -10]
[81 -3 -10]
[81 7 -72]
[81 8 -72]
[81 5 -71]
[81 6 -71]
[81 -13 -51]
[81 -8 -58]
[81 -10 -58]
[81 -9 -58]
[81 -7 -57]
[81 -7 -58]
[81 45 48]
[81 21 -78]
[81 -15 -20]
[81 65 75]
[81 78 76]
[81 18 -76]
[81 16 -76]
[81 69 77]
[81 48 67]
[81 48 68]
[81 26 -76]
[81 26 -77]
[81 -11 -11]
[81 -12 -13]
[81 -12 -11]
[81 19 -77]
[81 20 -78]
[81 19 -78]
[82 4 -71]
[82 3 -71]
[82 9 -75]
[82 9 -77]
[82 10 -77]
[82 4 -72]
[82 5 -72]
[82 5 2]
[82 7 2]
[82 7 1]
[82 51 72]
[82 -2 -9]
[82 47 46]
[82 46 45]
[82 22 -75]
[82 22 -77]
[82 44 48]
[82 44 49]
[82 -14 -46]
[82 -14 -47]
[82 6 -72]
[82 6 -73]
[82 7 -73]
[82 67 78]
[82 -14 -15]
[82 49 69]
[82 -6 -64]
[82 -6 -67]
[82 -7 -67]
[82 -6 -65]
[82 -7 -66]
[82 66 77]
[82 26 -79]
[82 27 -77]
[82 26 -78]
[82 19 -79]
[82 77 76]
[82 12 -77]
[82 13 -77]
[82 11 -77]
[82 -3 -9]
[82 18 -78]
[82 18 -77]
[82 17 -77]
[82 65 76]
[82 -8 -63]
[82 -8 -62]
[82 -8 -61]
[82 -7 -61]
[82 -7 -59]
[82 -8 -59]
[82 49 70]
[82 -14 -13]
[82 -7 -64]
[82 -13 -57]
[82 -12 -57]
[82 20 -79]
[82 21 -79]
[82 7 -75]
[82 8 -76]
[82 -16 -20]
[82 59 76]
[82 -11 -10]
[82 -10 -10]
[82 -3 -69]
[82 -1 -70]
[82 -2 -70]
[82 -3 -70]
[82 54 75]
[82 56 75]
[82 55 75]
[82 57 76]
[82 58 76]
[82 -15 -43]
[82 -15 -45]
[82 -15 -44]
[82 77 77]
[82 78 77]
[82 25 -79]
[82 -16 -43]
[82 -16 -41]
[82 68 78]
[82 66 78]
[82 -17 -20]
[82 27 -81]
[82 26 -80]
[82 52 73]
[82 44 50]
[82 -8 -60]
[82 47 67]
[82 -13 -48]
[82 -1 -10]
[82 14 -76]
[82 13 -76]
[82 22 -79]
[82 -14 -53]
[82 -14 -54]
[82 61 76]
[82 61 75]
[82 74 78]
[82 7 -74]
[82 -7 -10]
[82 -7 -9]
[82 -16 -42]
[82 -15 -40]
[82 45 52]
[82 70 78]
[82 2 -70]
[82 1 -69]
[82 53 74]
[82 -12 -10]
[82 -13 -10]
[82 -4 -69]
[82 49 72]
[82 1 -70]
[82 64 76]
[82 63 76]
[82 -14 -56]
[82 -5 -68]
[82 -8 -10]
[82 -8 -11]
[82 69 78]
[82 72 78]
[82 -4 -9]
[82 -6 -9]
[82 -5 -9]
[82 52 74]
[82 16 -77]
[82 -14 -52]
[82 -11 -58]
[82 1 1]
[82 3 2]
[82 -10 -59]
[82 46 47]
[82 0 -1]
[82 0 0]
[82 -14 -51]
[82 48 69]
[82 -14 -50]
[82 47 69]
[82 -9 -10]
[82 8 -77]
[82 -14 -12]
[82 4 2]
[82 2 2]
[83 6 2]
[83 4 3]
[83 5 3]
[83 -9 -59]
[83 57 77]
[83 59 77]
[83 58 75]
[83 58 77]
[83 -15 -56]
[83 -14 -57]
[83 -13 -55]
[83 64 77]
[83 65 77]
[83 2 -71]
[83 1 -71]
[83 -6 -69]
[83 -11 -60]
[83 -12 -9]
[83 -2 -71]
[83 -1 -71]
[83 -7 -8]
[83 -17 -42]
[83 -17 -43]
[83 -5 -69]
[83 -4 -70]
[83 -5 -70]
[83 3 -72]
[83 7 -76]
[83 47 68]
[83 46 66]
[83 46 68]
[83 46 67]
[83 69 79]
[83 -16 -45]
[83 -16 -44]
[83 1 -1]
[83 -11 -9]
[83 74 79]
[83 75 79]
[83 73 78]
[83 75 77]
[83 8 -78]
[83 7 -77]
[83 7 -78]
[83 -5 -8]
[83 6 -74]
[83 5 -73]
[83 -17 -19]
[83 -16 -19]
[83 -18 -19]
[83 48 70]
[83 51 73]
[83 -15 -53]
[83 -14 -55]
[83 -13 -54]
[83 -12 -58]
[83 -14 -49]
[83 -15 -54]
[83 -15 -52]
[83 45 45]
[83 46 44]
[83 14 -77]
[83 15 -76]
[83 -13 -9]
[83 -14 -9]
[83 -13 -11]
[83 -14 -10]
[83 21 -80]
[83 14 -78]
[83 13 -78]
[83 78 78]
[83 -7 -65]
[83 -7 -63]
[83 -9 -63]
[83 -9 -9]
[83 -8 -9]
[83 68 79]
[83 -11 -59]
[83 -12 -59]
[83 -17 -44]
[83 -16 -46]
[83 62 75]
[83 62 76]
[83 54 76]
[83 56 76]
[83 -8 -65]
[83 -8 -64]
[83 0 -71]
[83 -1 -11]
[83 1 2]
[83 18 -79]
[83 9 -78]
[83 44 47]
[83 43 47]
[83 50 72]
[83 49 73]
[83 48 73]
[83 -15 -46]
[83 -14 -45]
[83 2 3]
[83 -9 -62]
[83 -9 -64]
[83 66 79]
[83 12 -78]
[83 47 70]
[83 -7 -68]
[83 71 79]
[83 6 -76]
[83 -8 -8]
[83 -15 -48]
[83 -15 -47]
[83 77 78]
[83 -9 -60]
[83 53 75]
[83 52 75]
[83 63 77]
[83 63 75]
[83 62 77]
[83 55 76]
[83 53 76]
[83 4 -73]
[83 65 78]
[83 3 -73]
[83 17 -78]
[83 67 79]
[83 -13 -58]
[83 48 71]
[83 49 71]
[83 56 77]
[83 0 -70]
[83 51 75]
[83 3 3]
[83 71 78]
[83 73 79]
[83 72 77]
[84 45 68]
[84 45 67]
[84 45 69]
[84 56 78]
[84 55 77]
[84 6 -78]
[84 -9 -65]
[84 10 -78]
[84 47 73]
[84 47 72]
[84 75 78]
[84 76 80]
[84 76 78]
[84 75 80]
[84 74 80]
[84 -18 -44]
[84 -18 -45]
[84 -16 -47]
[84 61 77]
[84 72 79]
[84 72 80]
[84 77 79]
[84 -8 -67]
[84 -15 -8]
[84 54 77]
[84 63 74]
[84 15 -78]
[84 15 -77]
[84 -13 -59]
[84 14 -79]
[84 12 -79]
[84 6 -75]
[84 5 -75]
[84 5 -77]
[84 -6 -71]
[84 45 44]
[84 8 -79]
[84 50 73]
[84 50 74]
[84 -18 -42]
[84 -17 -41]
[84 2 -73]
[84 -13 -60]
[84 -17 -46]
[84 2 -74]
[84 2 -72]
[84 -12 -8]
[84 -9 -61]
[84 -10 -62]
[84 -11 -8]
[84 46 69]
[84 52 77]
[84 49 74]
[84 48 72]
[84 -1 -72]
[84 0 -72]
[84 17 -79]
[84 17 -80]
[84 -16 -53]
[84 -15 -55]
[84 -10 -64]
[84 -10 -63]
[84 -16 -48]
[84 -14 -48]
[84 46 70]
[84 -16 -52]
[84 58 78]
[84 -8 -7]
[84 -9 -7]
[84 61 78]
[84 16 -79]
[84 16 -78]
[84 44 46]
[84 -5 -71]
[84 -4 -71]
[84 -6 -70]
[84 -17 -45]
[84 -7 -69]
[84 -7 -70]
[84 43 46]
[84 -14 -11]
[84 -13 -12]
[84 13 -79]
[84 11 -79]
[84 -15 -50]
[84 -15 -49]
[84 62 78]
[84 64 78]
[84 -15 -11]
[84 -15 -10]
[84 -11 -61]
[84 -10 -60]
[84 -10 -61]
[84 73 76]
[84 71 77]
[84 68 80]
[84 66 80]
[84 6 3]
[84 70 79]
[84 69 80]
[84 -12 -60]
[84 -8 -66]
[84 -9 -66]
[84 51 74]
[84 51 76]
[84 52 76]
[84 -9 -8]
[84 66 76]
[84 -16 -49]
[84 -14 -58]
[84 -15 -57]
[84 4 -74]
[84 5 -74]
[84 -3 -72]
[84 -3 -71]
[84 -2 -72]
[84 0 -10]
[84 47 71]
[84 70 80]
[84 78 79]
[84 76 79]
[84 -16 -55]
[84 -16 -57]
[84 60 77]
[84 60 76]
[84 65 79]
[84 -6 -8]
[84 -5 -7]
[84 50 75]
[84 50 76]
[85 -11 -64]
[85 -11 -63]
[85 -11 -65]
[85 -7 -71]
[85 46 73]
[85 46 71]
[85 46 72]
[85 -15 -58]
[85 -16 -56]
[85 -15 -9]
[85 -16 -10]
[85 49 76]
[85 50 77]
[85 51 77]
[85 49 77]
[85 -1 -73]
[85 -2 -73]
[85 16 -81]
[85 16 -80]
[85 77 80]
[85 -9 -67]
[85 -18 -43]
[85 -19 -45]
[85 -10 -8]
[85 -10 -6]
[85 -8 -6]
[85 -12 -61]
[85 -11 -62]
[85 -4 -72]
[85 64 80]
[85 -15 -51]
[85 -16 -50]
[85 1 -72]
[85 -3 -73]
[85 11 -80]
[85 -13 -8]
[85 -13 -61]
[85 6 -77]
[85 5 -78]
[85 44 69]
[85 71 80]
[85 -14 -59]
[85 -18 -47]
[85 -18 -46]
[85 -17 -47]
[85 -17 -48]
[85 -17 -54]
[85 -17 -53]
[85 -16 -54]
[85 53 77]
[85 -7 -72]
[85 -6 -72]
[85 -14 -60]
[85 3 -74]
[85 1 -74]
[85 67 80]
[85 67 81]
[85 60 78]
[85 59 78]
[85 4 -75]
[85 5 -76]
[85 13 -80]
[85 63 78]
[85 7 -80]
[85 9 -80]
[85 45 71]
[85 73 80]
[85 59 79]
[85 57 78]
[85 -5 -6]
[85 -4 -6]
[85 -6 -7]
[85 -6 -6]
[85 -4 -7]
[85 56 79]
[85 55 79]
[85 60 79]
[85 15 -79]
[85 15 -80]
[85 -17 -49]
[85 55 78]
[85 -19 -46]
[85 7 -79]
[85 6 -79]
[85 1 -73]
[85 48 74]
[85 47 74]
[85 -8 -70]
[85 -8 -69]
[85 74 81]
[85 75 81]
[85 -17 -57]
[85 -17 -56]
[85 14 -80]
[85 -10 -66]
[85 -10 -65]
[85 -17 -55]
[85 53 78]
[85 54 78]
[85 -16 -7]
[85 -14 -7]
[85 -10 -67]
[85 12 -80]
[85 11 -78]
[85 -10 -7]
[85 66 81]
[85 -9 -6]
[85 -7 -6]
[85 9 -79]
[85 78 80]
[85 43 45]
[85 45 46]
[85 77 81]
[85 76 81]
[85 44 70]
[85 70 81]
[85 69 81]
[86 -11 -7]
[86 4 -77]
[86 4 -78]
[86 4 -79]
[86 5 -79]
[86 53 79]
[86 54 79]
[86 44 45]
[86 -16 -8]
[86 -17 -8]
[86 -17 -6]
[86 12 -81]
[86 13 -81]
[86 52 78]
[86 -9 -69]
[86 -3 -7]
[86 -11 -5]
[86 -10 -5]
[86 -3 -5]
[86 -5 -5]
[86 -12 -63]
[86 -12 -62]
[86 -12 -64]
[86 14 -81]
[86 78 81]
[86 69 82]
[86 68 82]
[86 8 -80]
[86 6 -81]
[86 8 -81]
[86 7 -81]
[86 -5 -72]
[86 -5 -73]
[86 -7 -5]
[86 -6 -5]
[86 -7 -7]
[86 46 75]
[86 46 74]
[86 48 75]
[86 -17 -51]
[86 -17 -50]
[86 -16 -51]
[86 -8 -71]
[86 -8 -72]
[86 72 81]
[86 -3 -74]
[86 -16 -58]
[86 -18 -57]
[86 -1 -74]
[86 0 -73]
[86 0 -74]
[86 -2 -74]
[86 10 -80]
[86 4 -76]
[86 15 -81]
[86 6 -80]
[86 61 79]
[86 60 80]
[86 59 80]
[86 -10 -68]
[86 -6 -73]
[86 -8 -73]
[86 56 80]
[86 10 -81]
[86 -18 -55]
[86 -18 -56]
[86 58 79]
[86 45 72]
[86 44 68]
[86 43 69]
[86 71 81]
[86 51 78]
[86 50 78]
[86 3 -76]
[86 3 -75]
[86 -9 -70]
[86 -9 -71]
[86 -9 -5]
[86 -19 -44]
[86 -16 -9]
[86 2 -75]
[86 57 79]
[86 45 73]
[86 -15 -60]
[86 75 82]
[86 73 81]
[86 73 82]
[86 -20 -47]
[86 -20 -45]
[86 -20 -46]
[86 -14 -61]
[86 -14 -62]
[86 -18 -48]
[86 48 76]
[86 49 78]
[86 -18 -53]
[86 -9 -68]
[86 -8 -68]
[86 52 79]
[86 -13 -7]
[86 -12 -7]
[86 44 72]
[86 1 -75]
[86 -10 -9]
[86 10 -79]
[86 65 81]
[86 65 80]
[86 43 44]
[86 -15 -59]
[86 -8 -5]
[86 -14 -8]
[86 74 82]
[86 43 70]
[86 -18 -49]
[86 -18 -50]
[86 63 79]
[86 63 81]
[86 64 81]
[86 63 80]
[86 -14 -6]
[86 -15 -6]
[86 -13 -6]
[86 -20 -44]
[86 67 82]
[86 66 82]
[86 62 79]
[86 64 79]
[86 -19 -47]
[87 5 -81]
[87 62 81]
[87 -11 -68]
[87 -11 -69]
[87 57 80]
[87 -13 -62]
[87 -13 -63]
[87 -15 -62]
[87 -15 -7]
[87 66 83]
[87 68 83]
[87 3 -77]
[87 -12 -6]
[87 63 82]
[87 65 82]
[87 64 82]
[87 -4 -75]
[87 -3 -75]
[87 -4 -74]
[87 -2 -75]
[87 -6 -74]
[87 -5 -74]
[87 -4 -73]
[87 -19 -56]
[87 -19 -57]
[87 -18 -58]
[87 -17 -58]
[87 -19 -58]
[87 3 -78]
[87 4 -80]
[87 3 -79]
[87 5 -80]
[87 74 83]
[87 -4 -4]
[87 2 -76]
[87 -18 -51]
[87 -16 -59]
[87 -12 -4]
[87 -10 -4]
[87 -11 -6]
[87 -20 -48]
[87 -10 -70]
[87 62 80]
[87 62 82]
[87 -12 -5]
[87 -13 -5]
[87 50 79]
[87 51 79]
[87 49 79]
[87 78 82]
[87 -13 -64]
[87 -15 -61]
[87 -14 -63]
[87 47 76]
[87 45 76]
[87 45 74]
[87 51 80]
[87 53 80]
[87 52 80]
[87 1 -76]
[87 0 -75]
[87 -7 -73]
[87 -19 -50]
[87 -19 -49]
[87 61 81]
[87 59 81]
[87 67 83]
[87 65 83]
[87 44 74]
[87 -1 -75]
[87 -9 -4]
[87 -8 -4]
[87 11 -81]
[87 13 -82]
[87 69 83]
[87 70 83]
[87 9 -81]
[87 10 -82]
[87 -21 -47]
[87 -19 -48]
[87 -21 -46]
[87 71 82]
[87 72 82]
[87 -16 -60]
[87 -20 -43]
[87 -21 -44]
[87 -21 -45]
[87 -6 -4]
[87 -5 -4]
[87 72 83]
[87 75 83]
[87 58 80]
[87 60 81]
[87 -10 -71]
[87 -10 -69]
[87 44 71]
[87 48 78]
[87 48 77]
[87 -16 -5]
[87 -16 -6]
[87 -15 -5]
[87 14 -82]
[87 -19 -43]
[87 57 81]
[87 -19 -52]
[87 -18 -54]
[87 -18 -52]
[87 -17 -52]
[87 -7 -74]
[87 43 72]
[87 44 73]
[87 43 71]
[87 43 73]
[87 -8 -74]
[87 -9 -72]
[87 -7 -4]
[87 -19 -55]
[87 -19 -54]
[87 5 -82]
[87 44 44]
[87 43 43]
[88 -22 -46]
[88 -22 -45]
[88 2 -78]
[88 -22 -44]
[88 73 83]
[88 71 83]
[88 -9 -73]
[88 3 -81]
[88 66 84]
[88 47 77]
[88 47 78]
[88 -7 -75]
[88 -20 -42]
[88 -20 -49]
[88 51 81]
[88 -11 -72]
[88 -20 -56]
[88 -20 -55]
[88 -4 -3]
[88 -5 -3]
[88 -1 -76]
[88 56 82]
[88 58 81]
[88 58 82]
[88 4 -81]
[88 5 -83]
[88 6 -82]
[88 -6 -3]
[88 73 84]
[88 72 84]
[88 75 84]
[88 50 80]
[88 45 75]
[88 43 75]
[88 43 74]
[88 1 -77]
[88 46 76]
[88 46 77]
[88 69 84]
[88 -19 -51]
[88 45 70]
[88 9 -82]
[88 8 -82]
[88 61 80]
[88 -11 -67]
[88 -12 -67]
[88 -19 -59]
[88 -18 -59]
[88 -11 -4]
[88 -9 -74]
[88 -9 -75]
[88 59 82]
[88 60 82]
[88 78 83]
[88 14 -83]
[88 12 -83]
[88 -14 -4]
[88 -14 -5]
[88 -11 -70]
[88 15 -82]
[88 -21 -48]
[88 -21 -49]
[88 -17 -59]
[88 -10 -3]
[88 -8 -3]
[88 -21 -42]
[88 68 84]
[88 -3 -4]
[88 -4 -5]
[88 52 81]
[88 42 71]
[88 42 72]
[88 -14 -64]
[88 63 83]
[88 47 75]
[88 -12 -69]
[88 -12 -68]
[88 -12 -70]
[88 -16 -4]
[88 67 84]
[88 -13 -4]
[88 -12 -3]
[88 61 82]
[88 -3 -76]
[88 -2 -76]
[88 64 83]
[88 -20 -51]
[88 -20 -53]
[88 -20 -52]
[88 -22 -48]
[88 -4 -76]
[88 -5 -75]
[88 -6 -75]
[88 -8 -75]
[88 76 84]
[88 76 82]
[88 44 43]
[88 44 42]
[88 43 42]
[88 -19 -53]
[88 -17 -61]
[88 -16 -61]
[88 -16 -62]
[88 -17 -5]
[88 -15 -4]
[88 2 -79]
[88 3 -80]
[88 -7 -3]
[88 42 73]
[88 42 74]
[88 62 83]
[88 48 80]
[88 48 79]
[88 49 80]
[88 -20 -58]
[88 -20 -57]
[88 -20 -59]
[89 -21 -51]
[89 -21 -52]
[89 -21 -53]
[89 -21 -55]
[89 63 84]
[89 -12 -71]
[89 -11 -71]
[89 -10 -2]
[89 50 82]
[89 74 84]
[89 -23 -46]
[89 -23 -45]
[89 2 -81]
[89 2 -80]
[89 77 82]
[89 8 -83]
[89 7 -83]
[89 67 85]
[89 68 85]
[89 -18 -60]
[89 -9 -2]
[89 -8 -2]
[89 43 41]
[89 -15 -63]
[89 -15 -64]
[89 -22 -49]
[89 -1 -77]
[89 -3 -77]
[89 53 82]
[89 51 82]
[89 52 82]
[89 43 76]
[89 44 76]
[89 42 76]
[89 42 75]
[89 44 75]
[89 48 81]
[89 49 81]
[89 -20 -54]
[89 -5 -76]
[89 -7 -76]
[89 45 78]
[89 10 -83]
[89 -15 -3]
[89 -14 -3]
[89 74 85]
[89 72 85]
[89 -17 -3]
[89 -6 -76]
[89 0 -76]
[89 0 -77]
[89 -12 -72]
[89 -13 -2]
[89 -20 -50]
[89 -21 -50]
[89 -2 -77]
[89 57 82]
[89 59 83]
[89 60 83]
[89 2 -77]
[89 1 -78]
[89 6 -83]
[89 -5 -2]
[89 2 -82]
[89 4 -82]
[89 76 83]
[89 4 -83]
[89 0 -78]
[89 46 78]
[89 -17 -60]
[89 -2 -4]
[89 -3 -3]
[89 -22 -42]
[89 41 74]
[89 -8 -76]
[89 -10 -76]
[89 47 81]
[89 47 79]
[89 65 85]
[89 66 85]
[89 -21 -59]
[89 -13 -3]
[89 -9 -76]
[89 13 -84]
[89 57 83]
[89 55 81]
[89 55 82]
[89 56 83]
[89 41 73]
[89 41 72]
[89 41 71]
[89 -21 -56]
[89 -21 -43]
[89 -17 -62]
[89 61 83]
[89 77 83]
[89 77 84]
[89 76 85]
[89 69 85]
[89 70 85]
[89 70 84]
[89 -20 -60]
[89 -21 -60]
[89 -19 -60]
[89 -10 -73]
[89 11 -82]
[89 13 -83]
[89 11 -84]
[89 50 81]
[89 -23 -49]
[89 73 85]
[89 71 84]
[89 71 85]
[89 -4 -77]
[89 -5 -77]
[89 -6 -2]
[89 -4 -2]
[89 45 41]
[89 45 42]
[90 -7 -1]
[90 -7 -2]
[90 -9 -1]
[90 -8 -1]
[90 1 -79]
[90 1 -80]
[90 -3 -2]
[90 -13 -73]
[90 -13 -72]
[90 -11 -73]
[90 45 79]
[90 -22 -50]
[90 -16 -64]
[90 -16 -63]
[90 42 41]
[90 44 41]
[90 -4 -78]
[90 -3 -78]
[90 43 77]
[90 44 77]
[90 70 86]
[90 5 -84]
[90 52 83]
[90 41 77]
[90 42 77]
[90 41 76]
[90 41 75]
[90 40 71]
[90 42 70]
[90 40 72]
[90 -18 -61]
[90 -5 -1]
[90 40 73]
[90 77 85]
[90 77 86]
[90 75 86]
[90 -10 -1]
[90 -9 -3]
[90 -11 -1]
[90 -11 -3]
[90 -1 -78]
[90 -2 -78]
[90 78 84]
[90 65 86]
[90 64 84]
[90 44 79]
[90 45 77]
[90 44 78]
[90 12 -85]
[90 48 82]
[90 47 80]
[90 47 82]
[90 -11 -76]
[90 -11 -77]
[90 -11 -75]
[90 66 86]
[90 11 -83]
[90 12 -84]
[90 10 -85]
[90 -22 -51]
[90 -22 -53]
[90 -22 -52]
[90 62 84]
[90 -14 -2]
[90 -12 -2]
[90 -13 -1]
[90 -12 -1]
[90 40 75]
[90 -22 -57]
[90 -22 -56]
[90 1 -81]
[90 6 -84]
[90 7 -84]
[90 12 -82]
[90 -23 -48]
[90 -24 -49]
[90 -24 -50]
[90 7 -82]
[90 8 -84]
[90 69 86]
[90 68 86]
[90 49 82]
[90 -2 -3]
[90 58 83]
[90 60 84]
[90 59 84]
[90 -5 -78]
[90 -6 -78]
[90 -20 -61]
[90 46 80]
[90 67 86]
[90 -7 -77]
[90 54 81]
[90 54 82]
[90 55 80]
[90 72 86]
[90 71 86]
[90 -23 -44]
[90 -22 -58]
[90 -19 -61]
[90 3 -84]
[90 3 -83]
[90 3 -82]
[90 -21 -54]
[90 -4 -1]
[90 -3 -1]
[90 -10 -72]
[90 -6 -1]
[90 74 86]
[90 55 83]
[90 56 84]
[90 55 84]
[90 57 84]
[90 45 40]
[90 75 85]
[90 -17 -4]
[90 -16 -3]
[90 -16 -2]
[90 -18 -4]
[90 54 83]
[90 53 83]
[90 -8 -77]
[90 -23 -42]
[90 56 81]
[90 -6 -77]
[90 58 84]
[90 73 86]
[90 9 -83]
[90 10 -84]
[91 73 87]
[91 72 87]
[91 39 73]
[91 -23 -59]
[91 -23 -58]
[91 -22 -59]
[91 -23 -54]
[91 -23 -52]
[91 -23 -53]
[91 43 79]
[91 45 80]
[91 43 78]
[91 -11 -2]
[91 -6 -79]
[91 -2 -79]
[91 62 85]
[91 61 84]
[91 -7 -78]
[91 59 85]
[91 -23 -55]
[91 -21 -57]
[91 -23 -56]
[91 -23 -57]
[91 60 85]
[91 58 85]
[91 39 71]
[91 -24 -48]
[91 56 85]
[91 55 85]
[91 -10 -74]
[91 -12 -74]
[91 -10 -75]
[91 -2 0]
[91 69 87]
[91 78 86]
[91 52 84]
[91 54 84]
[91 -4 -79]
[91 -23 -50]
[91 -25 -49]
[91 -10 -77]
[91 -12 -78]
[91 -11 -74]
[91 11 -85]
[91 -5 0]
[91 -12 -77]
[91 -12 -75]
[91 54 80]
[91 64 86]
[91 64 87]
[91 64 85]
[91 65 87]
[91 -21 -58]
[91 51 84]
[91 -22 -43]
[91 -24 -44]
[91 74 87]
[91 76 86]
[91 76 87]
[91 39 74]
[91 40 76]
[91 -19 -62]
[91 46 79]
[91 -15 -2]
[91 -6 0]
[91 2 -85]
[91 2 -83]
[91 3 -85]
[91 4 -85]
[91 -17 -2]
[91 -17 -63]
[91 -20 -62]
[91 -19 -5]
[91 -19 -4]
[91 -17 -64]
[91 41 78]
[91 54 85]
[91 0 -82]
[91 -8 -78]
[91 77 87]
[91 -13 0]
[91 -25 -50]
[91 -25 -51]
[91 42 40]
[91 -9 0]
[91 -11 0]
[91 57 85]
[91 -2 -2]
[91 -2 -1]
[91 -24 -42]
[91 -24 -43]
[91 -23 -43]
[91 0 -79]
[91 65 84]
[91 63 85]
[91 48 83]
[91 -23 -51]
[91 -18 -62]
[91 -8 0]
[91 45 39]
[91 44 40]
[91 46 81]
[91 39 72]
[91 40 74]
[91 53 84]
[91 7 -85]
[91 66 87]
[91 47 83]
[91 71 87]
[91 -4 0]
[92 -4 -80]
[92 -5 -80]
[92 -3 -79]
[92 75 87]
[92 76 88]
[92 38 72]
[92 38 71]
[92 53 85]
[92 70 88]
[92 68 87]
[92 46 82]
[92 67 88]
[92 67 87]
[92 65 88]
[92 66 88]
[92 -9 -77]
[92 -7 0]
[92 -9 1]
[92 53 81]
[92 -21 -62]
[92 -21 -61]
[92 -20 -63]
[92 -20 -5]
[92 -20 -4]
[92 -20 -6]
[92 61 86]
[92 61 85]
[92 42 78]
[92 -24 -57]
[92 -24 -56]
[92 -24 -51]
[92 -25 -43]
[92 -25 -45]
[92 -26 -50]
[92 -26 -51]
[92 -26 -49]
[92 63 87]
[92 63 86]
[92 74 88]
[92 38 74]
[92 -5 1]
[92 -6 1]
[92 39 75]
[92 -19 -3]
[92 -19 -63]
[92 -18 -63]
[92 -3 0]
[92 -1 0]
[92 59 86]
[92 -22 -55]
[92 -24 -53]
[92 -24 -55]
[92 71 88]
[92 58 86]
[92 56 86]
[92 -9 -79]
[92 -9 -78]
[92 42 39]
[92 43 39]
[92 51 83]
[92 52 85]
[92 51 85]
[92 49 83]
[92 6 -85]
[92 7 -86]
[92 6 -86]
[92 -13 1]
[92 -12 1]
[92 -24 -52]
[92 44 39]
[92 -7 -79]
[92 2 -84]
[92 1 -84]
[92 44 80]
[92 44 38]
[92 -25 -42]
[92 -16 -1]
[92 -15 -1]
[92 -14 -1]
[92 -26 -52]
[92 -25 -52]
[92 -2 1]
[92 -3 1]
[92 -25 -44]
[92 -8 -79]
[92 57 86]
[92 38 75]
[92 4 -86]
[92 3 -86]
[92 -12 -73]
[92 -11 -79]
[92 -11 -78]
[92 -22 -54]
[92 53 86]
[92 -8 1]
[92 -10 0]
[92 -10 1]
[92 40 78]
[92 40 77]
[92 42 79]
[92 72 88]
[92 64 88]
[92 11 -86]
[92 -1 -79]
[92 -1 -80]
[92 2 -86]
[92 1 -86]
[92 -18 -64]
[92 78 87]
[92 -24 -54]
[92 -3 -80]
[92 62 86]
[92 48 84]
[92 47 84]
[92 46 84]
[92 46 83]
[92 0 -81]
[92 1 -82]
[92 1 -83]
[92 -1 -83]
[92 39 76]
[92 39 77]
[92 -12 0]
[92 54 86]
[93 -25 -56]
[93 55 87]
[93 53 87]
[93 54 87]
[93 39 79]
[93 39 78]
[93 43 38]
[93 44 37]
[93 45 38]
[93 -10 -80]
[93 -12 -80]
[93 -26 -45]
[93 5 -85]
[93 7 -87]
[93 -9 -80]
[93 -2 2]
[93 62 87]
[93 -27 -51]
[93 -27 -50]
[93 42 80]
[93 41 79]
[93 41 80]
[93 43 80]
[93 65 89]
[93 -18 -3]
[93 -20 -3]
[93 -2 -80]
[93 -1 -81]
[93 -2 -81]
[93 0 -80]
[93 -4 -81]
[93 60 86]
[93 37 72]
[93 37 71]
[93 37 73]
[93 45 83]
[93 45 82]
[93 -3 2]
[93 -1 2]
[93 3 -87]
[93 5 -86]
[93 5 -87]
[93 43 40]
[93 71 89]
[93 73 89]
[93 -25 -54]
[93 -25 -53]
[93 57 87]
[93 50 83]
[93 68 88]
[93 -22 -63]
[93 -22 -61]
[93 -22 -62]
[93 -21 -63]
[93 -7 1]
[93 -26 -42]
[93 -26 -44]
[93 -26 -43]
[93 -25 -55]
[93 -21 -6]
[93 59 87]
[93 58 87]
[93 77 88]
[93 77 89]
[93 75 88]
[93 64 89]
[93 66 89]
[93 -18 -65]
[93 -17 -65]
[93 -4 1]
[93 -5 2]
[93 -6 2]
[93 61 87]
[93 -13 2]
[93 -10 2]
[93 -11 2]
[93 50 84]
[93 2 -87]
[93 0 -85]
[93 0 -86]
[93 0 -87]
[93 1 -87]
[93 56 87]
[93 1 -85]
[93 -7 -80]
[93 -8 -80]
[93 -24 -45]
[93 0 -84]
[93 -27 -53]
[93 -26 -53]
[93 -11 1]
[93 -16 0]
[93 -17 -1]
[93 -17 0]
[93 74 89]
[93 75 89]
[93 -15 0]
[93 -14 0]
[93 63 88]
[93 -1 -82]
[93 -2 -82]
[93 -1 -84]
[93 -2 -83]
[93 -7 2]
[93 -8 2]
[93 67 89]
[93 68 89]
[93 60 87]
[93 41 39]
[93 41 38]
[93 52 86]
[93 37 75]
[93 37 74]
[93 -12 2]
[93 -20 -64]
[93 -21 -64]
[93 48 85]
[93 47 85]
[93 0 -83]
[93 -21 -4]
[93 70 89]
[93 70 87]
[93 38 76]
[93 45 85]
[93 -21 -5]
[93 51 86]
[93 50 85]
[93 -19 -64]
[93 -10 -78]
[93 -5 -81]
[93 -5 -79]
[93 -3 -81]
[94 54 88]
[94 55 86]
[94 55 88]
[94 2 -88]
[94 1 -88]
[94 51 87]
[94 6 -87]
[94 4 -87]
[94 -5 3]
[94 -6 3]
[94 52 87]
[94 50 87]
[94 44 84]
[94 44 86]
[94 45 86]
[94 44 85]
[94 -9 -81]
[94 -8 -81]
[94 -7 -81]
[94 57 88]
[94 36 74]
[94 36 73]
[94 -10 -81]
[94 -10 -79]
[94 -26 -55]
[94 -26 -56]
[94 -26 -57]
[94 69 90]
[94 67 90]
[94 69 89]
[94 69 88]
[94 -22 -60]
[94 -23 -60]
[94 76 89]
[94 -19 -65]
[94 38 73]
[94 36 75]
[94 37 76]
[94 -21 -7]
[94 -3 -83]
[94 -3 -82]
[94 49 84]
[94 49 85]
[94 4 -88]
[94 56 88]
[94 61 88]
[94 43 81]
[94 -10 3]
[94 75 90]
[94 74 90]
[94 46 85]
[94 46 86]
[94 66 90]
[94 64 90]
[94 65 90]
[94 73 90]
[94 -22 -4]
[94 -22 -5]
[94 71 90]
[94 70 90]
[94 -28 -51]
[94 -20 -65]
[94 -27 -52]
[94 -28 -50]
[94 53 88]
[94 60 88]
[94 43 36]
[94 45 36]
[94 45 37]
[94 43 37]
[94 -4 3]
[94 -14 1]
[94 -11 3]
[94 42 81]
[94 -6 -82]
[94 -4 -82]
[94 -5 -82]
[94 47 86]
[94 48 86]
[94 78 89]
[94 78 88]
[94 62 88]
[94 63 89]
[94 40 80]
[94 40 79]
[94 38 79]
[94 38 80]
[94 -9 2]
[94 -27 -54]
[94 42 37]
[94 42 38]
[94 -18 0]
[94 -3 3]
[94 -1 3]
[94 68 90]
[94 -17 1]
[94 -16 1]
[94 40 81]
[94 -6 -80]
[94 41 37]
[94 40 39]
[94 40 37]
[94 40 38]
[94 38 77]
[94 -11 -80]
[94 -11 -81]
[94 -22 -64]
[94 -26 -54]
[94 -14 2]
[94 -14 3]
[94 -1 -87]
[94 0 -88]
[94 -1 -86]
[94 -6 -81]
[94 44 83]
[94 -27 -43]
[94 5 -88]
[94 36 72]
[94 36 71]
[94 -27 -45]
[94 -9 3]
[94 -8 3]
[94 -7 3]
[94 -1 -85]
[94 36 70]
[94 -2 3]
[94 -15 1]
[94 49 86]
[94 50 86]
[94 7 -88]
[94 6 -88]
[94 -27 -44]
[94 45 84]
[94 59 88]
[95 -10 4]
[95 -12 3]
[95 -11 4]
[95 56 89]
[95 54 89]
[95 79 89]
[95 79 87]
[95 -2 4]
[95 -3 4]
[95 -27 -57]
[95 -4 4]
[95 44 87]
[95 49 87]
[95 -28 -52]
[95 -29 -52]
[95 43 83]
[95 43 84]
[95 -10 -82]
[95 -9 -82]
[95 44 35]
[95 35 69]
[95 37 70]
[95 -9 4]
[95 74 91]
[95 72 90]
[95 72 91]
[95 69 91]
[95 -28 -44]
[95 -27 -42]
[95 -28 -43]
[95 35 74]
[95 -26 -58]
[95 -27 -58]
[95 39 80]
[95 37 80]
[95 38 81]
[95 -22 -6]
[95 -22 -8]
[95 -21 -65]
[95 41 36]
[95 -2 -87]
[95 -2 -86]
[95 -2 -85]
[95 -15 2]
[95 -16 2]
[95 37 78]
[95 38 78]
[95 -8 4]
[95 -7 4]
[95 75 91]
[95 76 91]
[95 50 88]
[95 51 88]
[95 64 91]
[95 2 -89]
[95 1 -89]
[95 3 -88]
[95 35 72]
[95 35 70]
[95 35 71]
[95 -8 -82]
[95 41 82]
[95 41 81]
[95 42 82]
[95 60 89]
[95 73 91]
[95 -28 -53]
[95 -27 -55]
[95 -7 -82]
[95 -27 -56]
[95 -17 2]
[95 43 82]
[95 39 81]
[95 -29 -50]
[95 62 89]
[95 -23 -61]
[95 66 91]
[95 -21 -3]
[95 -23 -4]
[95 -5 -83]
[95 55 89]
[95 46 87]
[95 47 87]
[95 40 36]
[95 39 36]
[95 39 38]
[95 39 37]
[95 65 91]
[95 -6 -83]
[95 -7 -83]
[95 -4 -83]
[95 46 38]
[95 44 36]
[95 46 37]
[95 72 89]
[95 0 -89]
[95 61 89]
[95 -28 -46]
[95 -28 -45]
[95 7 -89]
[95 8 -89]
[95 62 90]
[95 63 90]
[95 -5 4]
[95 -1 -88]
[95 -2 -88]
[95 79 88]
[95 79 90]
[95 -13 3]
[95 43 85]
[95 45 87]
[95 -2 -84]
[95 58 88]
[95 37 77]
[95 36 76]
[95 48 87]
[95 37 79]
[95 71 91]
[95 70 91]
[95 -4 2]
[95 35 75]
[95 43 86]
[95 -23 -6]
[96 42 87]
[96 67 91]
[96 -22 -2]
[96 -22 -3]
[96 36 69]
[96 73 92]
[96 74 92]
[96 77 92]
[96 77 90]
[96 76 90]
[96 -8 5]
[96 -7 5]
[96 38 82]
[96 37 81]
[96 37 82]
[96 0 -90]
[96 1 -90]
[96 -12 4]
[96 -24 -3]
[96 -23 -5]
[96 -24 -5]
[96 61 90]
[96 40 83]
[96 42 83]
[96 62 91]
[96 61 91]
[96 63 91]
[96 34 72]
[96 34 71]
[96 43 35]
[96 65 92]
[96 46 88]
[96 45 88]
[96 69 92]
[96 58 89]
[96 57 89]
[96 42 84]
[96 34 70]
[96 42 86]
[96 40 35]
[96 39 35]
[96 43 87]
[96 63 92]
[96 64 92]
[96 -28 -57]
[96 -28 -55]
[96 -28 -47]
[96 -29 -46]
[96 -3 -85]
[96 -3 -86]
[96 60 90]
[96 59 90]
[96 59 89]
[96 48 88]
[96 78 91]
[96 49 88]
[96 52 88]
[96 73 88]
[96 36 78]
[96 36 79]
[96 -28 -49]
[96 -29 -44]
[96 -8 -83]
[96 7 -90]
[96 8 -90]
[96 36 77]
[96 38 36]
[96 38 37]
[96 -29 -53]
[96 35 76]
[96 -3 -87]
[96 -28 -42]
[96 44 82]
[96 71 92]
[96 72 92]
[96 -23 -8]
[96 -22 -9]
[96 -5 5]
[96 -16 3]
[96 -3 -89]
[96 -2 -89]
[96 56 90]
[96 54 90]
[96 -30 -53]
[96 -29 -51]
[96 41 35]
[96 42 36]
[96 47 88]
[96 -7 -84]
[96 -5 -84]
[96 -3 5]
[96 -3 -88]
[96 -6 5]
[96 -6 4]
[96 40 82]
[96 39 82]
[96 55 90]
[96 57 90]
[96 36 68]
[96 34 69]
[96 34 68]
[96 -6 -84]
[96 -8 -84]
[96 34 75]
[96 34 74]
[96 34 73]
[96 78 90]
[96 -3 -84]
[96 -4 -84]
[96 -9 -83]
[97 60 91]
[97 -4 -88]
[97 -4 -86]
[97 -4 -87]
[97 56 91]
[97 -30 -51]
[97 78 92]
[97 78 93]
[97 76 92]
[97 -4 -90]
[97 -4 -89]
[97 -3 -90]
[97 -28 -48]
[97 37 69]
[97 35 68]
[97 -30 -52]
[97 -31 -52]
[97 -31 -53]
[97 -31 -54]
[97 35 77]
[97 34 77]
[97 47 89]
[97 45 89]
[97 -4 5]
[97 42 34]
[97 43 34]
[97 33 69]
[97 -24 -4]
[97 33 68]
[97 -24 -2]
[97 38 34]
[97 38 35]
[97 39 34]
[97 40 34]
[97 41 85]
[97 42 85]
[97 41 84]
[97 41 83]
[97 -4 -85]
[97 67 92]
[97 68 92]
[97 66 92]
[97 -7 -85]
[97 -9 -85]
[97 -23 -7]
[97 -24 -8]
[97 -23 -2]
[97 -21 -1]
[97 -22 -1]
[97 -23 -3]
[97 35 78]
[97 58 90]
[97 37 35]
[97 37 36]
[97 41 86]
[97 74 93]
[97 68 91]
[97 69 93]
[97 68 93]
[97 70 92]
[97 33 71]
[97 33 72]
[97 49 89]
[97 -24 -6]
[97 -17 3]
[97 -15 4]
[97 -15 3]
[97 -17 4]
[97 44 88]
[97 44 89]
[97 60 92]
[97 39 83]
[97 38 83]
[97 37 68]
[97 57 91]
[97 6 -91]
[97 6 -90]
[97 -10 -83]
[97 -9 -84]
[97 -30 -46]
[97 -29 -47]
[97 -30 -47]
[97 33 74]
[97 54 91]
[97 35 80]
[97 35 79]
[97 36 80]
[97 37 83]
[97 75 92]
[97 61 92]
[97 59 91]
[97 -6 -85]
[97 43 88]
[97 42 88]
[97 36 83]
[97 -7 6]
[97 -9 5]
[97 -9 6]
[97 -5 6]
[97 -8 -85]
[97 42 35]
[97 -4 6]
[97 -29 -49]
[97 -27 -49]
[97 77 91]
[97 -29 -45]
[97 50 89]
[97 41 34]
[97 33 76]
[97 40 84]
[97 39 84]
[97 -28 -54]
[97 63 93]
[97 62 93]
[97 64 93]
[97 36 81]
[97 -23 -10]
[97 -23 -9]
[97 -1 -89]
[97 -28 -56]
[97 65 93]
[97 -5 -85]
[97 72 93]
[97 35 73]
[97 53 90]
[97 -29 -56]
[97 -29 -55]
[97 -29 -54]
[97 -8 6]
[97 -1 -91]
[97 44 81]
[97 79 91]
[97 79 92]
[98 -10 -85]
[98 37 34]
[98 36 35]
[98 36 34]
[98 -30 -55]
[98 -32 -53]
[98 -32 -54]
[98 40 86]
[98 -24 -1]
[98 40 33]
[98 -1 -90]
[98 64 94]
[98 67 93]
[98 37 67]
[98 38 68]
[98 36 67]
[98 38 67]
[98 -9 -86]
[98 -10 -86]
[98 34 79]
[98 34 78]
[98 66 94]
[98 -30 -44]
[98 32 71]
[98 32 73]
[98 -7 -86]
[98 -6 -86]
[98 -24 -9]
[98 -25 -7]
[98 -25 -9]
[98 42 33]
[98 -25 -4]
[98 34 67]
[98 -30 -54]
[98 -7 7]
[98 57 92]
[98 58 92]
[98 56 92]
[98 -24 -10]
[98 35 81]
[98 -5 -90]
[98 70 93]
[98 39 85]
[98 45 90]
[98 -32 -51]
[98 52 90]
[98 53 91]
[98 33 75]
[98 32 75]
[98 34 76]
[98 32 68]
[98 33 67]
[98 59 92]
[98 -16 4]
[98 41 33]
[98 39 33]
[98 40 85]
[98 -29 -57]
[98 33 73]
[98 -5 7]
[98 -6 7]
[98 -4 7]
[98 38 33]
[98 37 33]
[98 79 93]
[98 50 90]
[98 48 89]
[98 58 91]
[98 -31 -51]
[98 -29 -48]
[98 37 84]
[98 33 78]
[98 51 89]
[98 49 90]
[98 51 90]
[98 -8 -86]
[98 38 84]
[98 77 93]
[98 -30 -45]
[98 -5 -87]
[98 -25 -6]
[98 -30 -56]
[98 -30 -48]
[98 -31 -47]
[98 75 93]
[98 73 94]
[98 73 93]
[98 42 89]
[98 41 89]
[98 41 87]
[98 5 -90]
[98 5 -91]
[98 34 80]
[98 71 94]
[98 -27 -48]
[98 35 82]
[98 36 36]
[98 -24 -11]
[98 55 92]
[98 -25 -3]
[98 -25 -2]
[98 61 93]
[98 0 -91]
[98 40 87]
[98 79 94]
[98 -2 -90]
[98 -3 -91]
[98 -10 5]
[98 -11 -84]
[98 -11 -83]
[98 -11 -82]
[98 45 81]
[98 43 89]
[98 46 89]
[98 46 90]
[98 48 90]
[98 -5 -88]
[98 36 82]
[98 36 84]
[98 63 94]
[98 62 92]
[98 43 33]
[98 59 93]
[98 38 69]
[98 -24 -7]
[98 -3 7]
[98 34 81]
[98 -8 7]
[98 54 92]
[98 53 92]
[98 62 94]
[98 -9 7]
[98 44 90]
[98 33 70]
[98 32 69]
[99 71 93]
[99 71 95]
[99 72 94]
[99 70 95]
[99 42 90]
[99 40 90]
[99 41 90]
[99 40 89]
[99 39 70]
[99 -33 -52]
[99 41 88]
[99 40 88]
[99 39 88]
[99 47 90]
[99 35 35]
[99 35 34]
[99 -10 -87]
[99 -9 -87]
[99 -11 -86]
[99 -11 -87]
[99 -4 -92]
[99 -4 -91]
[99 -2 -91]
[99 32 70]
[99 58 93]
[99 60 93]
[99 -23 -1]
[99 -24 0]
[99 38 85]
[99 60 94]
[99 37 85]
[99 48 91]
[99 -26 -1]
[99 -25 -1]
[99 67 94]
[99 42 32]
[99 55 93]
[99 78 94]
[99 76 93]
[99 52 89]
[99 -4 8]
[99 -3 6]
[99 45 91]
[99 47 91]
[99 -25 -10]
[99 -25 -11]
[99 39 67]
[99 63 95]
[99 64 95]
[99 31 69]
[99 31 67]
[99 33 80]
[99 33 81]
[99 49 91]
[99 50 91]
[99 -6 6]
[99 -8 8]
[99 -7 8]
[99 -6 8]
[99 58 94]
[99 -10 -84]
[99 -12 -82]
[99 -12 -83]
[99 -12 -84]
[99 -30 -43]
[99 32 74]
[99 32 72]
[99 31 72]
[99 40 32]
[99 31 68]
[99 51 91]
[99 53 89]
[99 -5 -86]
[99 -32 -50]
[99 -32 -52]
[99 -31 -50]
[99 -33 -51]
[99 41 32]
[99 36 33]
[99 -26 -6]
[99 -25 -8]
[99 -26 -7]
[99 -26 -8]
[99 75 94]
[99 76 94]
[99 74 94]
[99 70 94]
[99 43 90]
[99 -6 -90]
[99 -6 -91]
[99 -5 -91]
[99 35 84]
[99 36 85]
[99 35 83]
[99 39 66]
[99 38 66]
[99 46 91]
[99 -25 -5]
[99 -26 -5]
[99 38 32]
[99 37 32]
[99 32 78]
[99 32 77]
[99 32 79]
[99 33 79]
[99 32 67]
[99 55 91]
[99 -3 8]
[99 43 91]
[99 52 91]
[99 52 92]
[99 53 93]
[99 33 82]
[99 34 82]
[99 -5 8]
[99 -29 -58]
[99 4 -90]
[99 73 95]
[99 72 95]
[99 33 66]
[99 61 95]
[99 57 93]
[99 -31 -57]
[99 -31 -56]
[99 -30 -57]
[99 39 87]
[99 -5 -89]
[99 -6 -88]
[99 -6 -89]
[99 36 32]
[99 -7 -87]
[99 -6 -87]
[99 -26 -10]
[99 39 86]
[99 56 93]
[99 -31 -45]
[99 -31 -46]
[99 -26 -4]
[99 -31 -55]
[99 31 74]
[99 31 75]
[99 39 32]
[99 -30 -50]
[99 -31 -48]
[99 -8 -87]
[99 65 95]
[99 66 93]
[99 66 95]
[99 65 94]
[99 67 95]
[100 -31 -44]
[100 -31 -43]
[100 -29 -43]
[100 -30 -42]
[100 -27 -9]
[100 50 92]
[100 49 92]
[100 48 92]
[100 69 94]
[100 69 95]
[100 38 31]
[100 39 31]
[100 37 31]
[100 66 96]
[100 68 94]
[100 68 96]
[100 67 96]
[100 47 92]
[100 31 71]
[100 31 70]
[100 34 83]
[100 33 83]
[100 32 82]
[100 -5 9]
[100 39 65]
[100 -8 -88]
[100 36 31]
[100 42 31]
[100 40 31]
[100 46 92]
[100 45 92]
[100 42 91]
[100 43 92]
[100 38 86]
[100 -3 9]
[100 -2 8]
[100 -2 9]
[100 -11 -85]
[100 -12 -87]
[100 -12 -85]
[100 -32 -45]
[100 -2 6]
[100 -2 5]
[100 57 94]
[100 56 94]
[100 74 95]
[100 75 95]
[100 57 95]
[100 59 95]
[100 59 94]
[100 51 92]
[100 -5 -92]
[100 32 80]
[100 -34 -53]
[100 -33 -53]
[100 -7 -89]
[100 -7 -90]
[100 -30 -58]
[100 -28 -58]
[100 -29 -59]
[100 61 94]
[100 -30 -49]
[100 41 91]
[100 39 89]
[100 39 91]
[100 30 68]
[100 60 95]
[100 60 96]
[100 -7 9]
[100 -9 8]
[100 64 96]
[100 65 96]
[100 -26 -2]
[100 33 77]
[100 31 79]
[100 31 77]
[100 43 31]
[100 43 32]
[100 -32 -49]
[100 32 66]
[100 55 94]
[100 34 34]
[100 -13 -81]
[100 -9 -88]
[100 -7 -88]
[100 -27 -7]
[100 35 32]
[100 35 31]
[100 -13 -85]
[100 -13 -84]
[100 52 94]
[100 -27 0]
[100 -27 -1]
[100 76 95]
[100 77 94]
[100 68 95]
[100 -31 -58]
[100 -3 -93]
[100 -32 -48]
[100 -32 -47]
[100 73 96]
[100 71 96]
[100 62 96]
[100 31 76]
[100 30 75]
[100 30 74]
[100 -23 1]
[100 -25 1]
[100 -24 1]
[100 31 66]
[100 -34 -50]
[100 -34 -52]
[100 -33 -50]
[100 -31 -49]
[100 -27 -5]
[100 -26 -3]
[100 37 86]
[100 78 95]
[100 77 95]
[100 70 96]
[100 69 96]
[100 -3 -92]
[100 40 91]
[100 -6 -92]
[100 -7 -91]
[100 -7 -92]
[100 -11 -88]
[100 -12 -88]
[100 36 86]
[100 38 87]
[100 38 89]
[100 35 86]
[100 34 85]
[100 35 85]
[100 30 67]
[100 -27 -6]
[100 31 78]
[100 31 80]
[100 72 96]
[100 44 91]
[100 30 73]
[100 31 73]
[100 30 72]
[100 30 66]
[100 -27 -4]
[100 -24 -12]
[100 -25 -12]
[100 -26 -11]
[101 51 95]
[101 52 93]
[101 29 73]
[101 29 72]
[101 29 71]
[101 50 93]
[101 75 96]
[101 -23 2]
[101 -25 0]
[101 -25 2]
[101 34 84]
[101 74 96]
[101 72 97]
[101 73 97]
[101 -24 -13]
[101 -23 -12]
[101 40 30]
[101 38 30]
[101 34 86]
[101 44 93]
[101 46 93]
[101 35 30]
[101 34 31]
[101 34 32]
[101 -13 -86]
[101 78 96]
[101 77 96]
[101 76 96]
[101 -2 7]
[101 -8 -90]
[101 29 67]
[101 29 68]
[101 43 93]
[101 42 92]
[101 30 80]
[101 31 81]
[101 32 81]
[101 -24 2]
[101 36 87]
[101 34 33]
[101 35 33]
[101 33 35]
[101 34 35]
[101 -27 -8]
[101 -26 -9]
[101 -28 -10]
[101 -27 -10]
[101 65 97]
[101 63 97]
[101 -33 -47]
[101 -33 -49]
[101 -4 -93]
[101 -2 -92]
[101 62 95]
[101 -28 -6]
[101 -5 -93]
[101 -7 -93]
[101 -6 -93]
[101 -27 -3]
[101 -3 10]
[101 -7 10]
[101 -8 10]
[101 -6 9]
[101 -8 9]
[101 29 66]
[101 66 97]
[101 67 97]
[101 68 97]
[101 37 90]
[101 37 89]
[101 45 93]
[101 -26 -13]
[101 -26 -12]
[101 -33 -46]
[101 -33 -48]
[101 31 83]
[101 32 83]
[101 47 93]
[101 49 93]
[101 -8 -93]
[101 -27 1]
[101 -28 0]
[101 -26 0]
[101 30 79]
[101 30 78]
[101 41 92]
[101 39 92]
[101 59 96]
[101 58 96]
[101 30 71]
[101 30 70]
[101 -33 -44]
[101 37 87]
[101 -14 -85]
[101 -14 -84]
[101 -13 -83]
[101 70 97]
[101 71 97]
[101 30 77]
[101 34 87]
[101 38 90]
[101 39 90]
[101 -4 9]
[101 29 75]
[101 -34 -51]
[101 37 30]
[101 -8 -91]
[101 -8 -89]
[101 51 93]
[101 54 95]
[101 -11 -89]
[101 -13 -89]
[101 55 95]
[101 69 97]
[101 39 30]
[101 -27 -12]
[101 -32 -43]
[101 -32 -44]
[101 38 92]
[101 38 91]
[101 40 92]
[101 -26 1]
[101 -29 -42]
[101 -2 10]
[101 -4 10]
[101 64 97]
[101 33 84]
[101 40 65]
[101 -8 -92]
[101 -12 -81]
[101 -9 9]
[101 56 96]
[101 58 95]
[101 56 95]
[101 -28 -7]
[101 -28 -8]
[101 29 74]
[101 30 76]
[101 -28 -4]
[101 -28 -5]
[101 -28 -3]
[101 61 96]
[101 61 97]
[101 -10 -89]
[101 36 30]
[102 -27 2]
[102 -27 -2]
[102 55 97]
[102 55 96]
[102 57 97]
[102 36 88]
[102 38 88]
[102 -6 10]
[102 78 97]
[102 77 97]
[102 -29 -3]
[102 -29 -5]
[102 40 93]
[102 42 94]
[102 44 94]
[102 76 97]
[102 -5 11]
[102 -4 11]
[102 63 96]
[102 66 98]
[102 65 98]
[102 38 29]
[102 41 93]
[102 -22 3]
[102 -22 2]
[102 53 94]
[102 51 94]
[102 62 97]
[102 60 98]
[102 -14 -83]
[102 -25 3]
[102 -24 3]
[102 33 34]
[102 33 33]
[102 75 97]
[102 74 97]
[102 -9 -90]
[102 29 77]
[102 29 79]
[102 -3 11]
[102 -27 -11]
[102 -27 -13]
[102 -25 -13]
[102 -9 10]
[102 -10 -88]
[102 -11 -90]
[102 71 98]
[102 72 98]
[102 -28 -9]
[102 57 96]
[102 -29 -6]
[102 -6 -94]
[102 -5 -94]
[102 -7 -94]
[102 -34 -49]
[102 43 94]
[102 44 92]
[102 29 76]
[102 33 86]
[102 33 87]
[102 -34 -45]
[102 37 92]
[102 37 91]
[102 -14 -86]
[102 -15 -84]
[102 35 87]
[102 33 85]
[102 -13 -82]
[102 54 94]
[102 54 96]
[102 28 70]
[102 29 70]
[102 33 31]
[102 42 93]
[102 -10 -90]
[102 -12 -89]
[102 -12 -90]
[102 -29 -8]
[102 -29 -7]
[102 -33 -43]
[102 -33 -45]
[102 37 29]
[102 69 98]
[102 68 98]
[102 46 94]
[102 45 94]
[102 50 94]
[102 48 93]
[102 49 94]
[102 59 97]
[102 62 98]
[102 64 98]
[102 63 98]
[102 28 75]
[102 28 74]
[102 -29 1]
[102 -28 1]
[102 -29 0]
[102 -28 2]
[102 -26 2]
[102 73 98]
[102 74 98]
[102 -14 -90]
[102 -13 -90]
[102 36 91]
[102 41 29]
[102 39 29]
[102 41 30]
[102 41 31]
[102 -15 -83]
[102 34 30]
[102 33 30]
[102 33 32]
[102 29 69]
[102 53 95]
[102 -29 -11]
[102 -28 -11]
[102 -9 -92]
[102 -9 -93]
[102 -8 -94]
[102 28 72]
[102 28 73]
[102 39 93]
[102 37 93]
[102 52 95]
[102 50 96]
[102 70 98]
[102 -25 -14]
[102 31 82]
[102 31 84]
[102 32 84]
[102 -9 -89]
[102 30 84]
[102 30 82]
[102 -28 -13]
[102 -28 -12]
[102 -13 -87]
[102 -14 -87]
[102 -9 -91]
[102 -28 -2]
[102 28 67]
[102 28 69]
[102 37 88]
[102 -27 -14]
[102 47 94]
[102 34 29]
[102 36 29]
[102 35 29]
[102 28 66]
[103 48 94]
[103 -28 -1]
[103 28 71]
[103 30 69]
[103 -21 4]
[103 -21 2]
[103 41 95]
[103 43 95]
[103 70 99]
[103 71 99]
[103 27 75]
[103 27 73]
[103 63 99]
[103 27 72]
[103 44 95]
[103 46 95]
[103 50 95]
[103 -34 -46]
[103 34 88]
[103 32 88]
[103 -10 -93]
[103 -9 -94]
[103 -28 3]
[103 -29 -2]
[103 -30 -2]
[103 59 99]
[103 61 98]
[103 60 99]
[103 61 99]
[103 -29 2]
[103 -10 -91]
[103 -11 -91]
[103 37 28]
[103 29 78]
[103 28 78]
[103 -30 -7]
[103 35 28]
[103 33 29]
[103 39 94]
[103 40 94]
[103 -22 1]
[103 -23 3]
[103 40 29]
[103 -29 -10]
[103 -30 -10]
[103 -30 -11]
[103 -29 -12]
[103 -23 4]
[103 -25 4]
[103 56 97]
[103 58 97]
[103 57 98]
[103 65 99]
[103 67 98]
[103 67 99]
[103 62 99]
[103 45 95]
[103 -12 -91]
[103 -29 -9]
[103 -30 -8]
[103 -30 -9]
[103 56 98]
[103 55 98]
[103 29 85]
[103 31 85]
[103 30 85]
[103 30 83]
[103 -6 11]
[103 -5 10]
[103 30 81]
[103 75 98]
[103 -30 -6]
[103 73 99]
[103 75 99]
[103 27 74]
[103 60 97]
[103 72 99]
[103 28 76]
[103 -14 -91]
[103 -15 -91]
[103 -15 -89]
[103 32 87]
[103 32 86]
[103 32 85]
[103 36 90]
[103 36 92]
[103 -30 1]
[103 -30 0]
[103 -29 -1]
[103 -30 -1]
[103 -15 -86]
[103 -26 -14]
[103 -28 -14]
[103 42 29]
[103 27 70]
[103 32 32]
[103 32 33]
[103 32 34]
[103 35 89]
[103 35 88]
[103 42 30]
[103 35 90]
[103 35 91]
[103 48 95]
[103 -32 -42]
[103 49 95]
[103 49 96]
[103 49 97]
[103 36 28]
[103 37 94]
[103 36 93]
[103 38 94]
[103 69 99]
[103 29 83]
[103 -26 3]
[103 38 93]
[103 -16 -84]
[103 -29 -13]
[103 52 96]
[103 53 96]
[103 74 99]
[103 78 98]
[103 -2 12]
[103 -7 11]
[103 66 99]
[103 77 98]
[103 32 31]
[103 -26 4]
[103 -5 12]
[103 -15 -85]
[103 -10 -92]
[103 -15 -87]
[103 -14 -88]
[103 -30 -5]
[103 54 93]
[103 32 30]
[103 -26 -15]
[103 -27 -15]
[103 36 89]
[103 -13 -91]
[104 61 100]
[104 59 98]
[104 60 100]
[104 59 100]
[104 -14 -92]
[104 28 79]
[104 63 100]
[104 64 100]
[104 62 100]
[104 48 96]
[104 -31 -7]
[104 76 98]
[104 -27 3]
[104 -27 4]
[104 35 92]
[104 31 87]
[104 31 89]
[104 33 88]
[104 -28 -15]
[104 34 27]
[104 34 28]
[104 39 95]
[104 38 95]
[104 47 96]
[104 47 95]
[104 42 95]
[104 67 100]
[104 66 100]
[104 65 100]
[104 26 75]
[104 26 74]
[104 -25 -15]
[104 -25 -16]
[104 30 86]
[104 28 84]
[104 28 86]
[104 28 85]
[104 29 84]
[104 27 71]
[104 52 97]
[104 -16 -85]
[104 -17 -84]
[104 -31 -9]
[104 -31 -8]
[104 -13 -92]
[104 26 73]
[104 26 72]
[104 55 99]
[104 54 97]
[104 -21 1]
[104 31 86]
[104 31 88]
[104 34 89]
[104 28 82]
[104 29 82]
[104 28 83]
[104 43 30]
[104 -10 -95]
[104 58 100]
[104 58 98]
[104 31 30]
[104 31 32]
[104 53 97]
[104 -11 -92]
[104 33 89]
[104 -22 4]
[104 73 100]
[104 40 95]
[104 41 94]
[104 40 96]
[104 76 99]
[104 76 100]
[104 -31 -10]
[104 72 100]
[104 71 100]
[104 77 99]
[104 35 93]
[104 36 94]
[104 -14 -89]
[104 78 99]
[104 79 98]
[104 -29 -14]
[104 50 98]
[104 48 98]
[104 50 97]
[104 48 97]
[104 49 98]
[104 -21 3]
[104 -20 3]
[104 -20 2]
[104 27 79]
[104 27 77]
[104 28 77]
[104 68 99]
[104 45 96]
[104 46 96]
[104 -6 13]
[104 -5 13]
[104 43 29]
[104 -8 11]
[104 -15 -90]
[104 34 90]
[104 37 95]
[104 -30 2]
[104 -24 4]
[104 74 100]
[104 -3 13]
[104 -3 12]
[104 -31 -6]
[104 31 33]
[104 68 100]
[104 69 100]
[104 70 100]
[104 -25 5]
[104 -27 5]
[104 27 76]
[104 64 99]
[104 -24 5]
[104 32 29]
[104 57 99]
[104 58 99]
[104 33 28]
[104 31 34]
[104 36 95]
[104 43 96]
[104 44 96]
[104 35 27]
[104 -28 -16]
[104 -26 -16]
[104 -27 -16]
[105 26 76]
[105 62 101]
[105 61 101]
[105 60 101]
[105 47 97]
[105 25 73]
[105 -6 14]
[105 -4 13]
[105 -6 12]
[105 57 100]
[105 -20 4]
[105 27 85]
[105 -27 -17]
[105 52 98]
[105 54 98]
[105 38 96]
[105 64 101]
[105 32 89]
[105 41 96]
[105 42 96]
[105 45 97]
[105 44 97]
[105 51 97]
[105 53 98]
[105 75 101]
[105 42 97]
[105 -15 -93]
[105 -14 -93]
[105 -15 -92]
[105 31 90]
[105 49 99]
[105 51 99]
[105 51 96]
[105 54 99]
[105 54 100]
[105 46 97]
[105 30 88]
[105 30 87]
[105 36 96]
[105 37 96]
[105 35 96]
[105 35 94]
[105 29 87]
[105 32 28]
[105 32 27]
[105 26 71]
[105 25 71]
[105 25 72]
[105 48 99]
[105 39 96]
[105 41 97]
[105 40 97]
[105 27 78]
[105 -29 -16]
[105 -7 12]
[105 -7 13]
[105 31 31]
[105 30 30]
[105 31 29]
[105 71 101]
[105 70 101]
[105 44 29]
[105 44 28]
[105 43 28]
[105 -26 -17]
[105 -25 -17]
[105 27 80]
[105 26 78]
[105 -11 -93]
[105 69 101]
[105 43 97]
[105 -29 -15]
[105 47 99]
[105 47 98]
[105 34 94]
[105 -32 -8]
[105 -32 -10]
[105 32 90]
[105 66 101]
[105 -16 -90]
[105 -16 -91]
[105 -10 -96]
[105 -11 -94]
[105 -9 -95]
[105 -10 -94]
[105 77 100]
[105 27 86]
[105 29 86]
[105 79 99]
[105 74 101]
[105 -32 -9]
[105 -13 -88]
[105 73 101]
[105 72 101]
[105 30 33]
[105 -30 -14]
[105 -30 -15]
[105 -23 5]
[105 26 70]
[105 -26 6]
[105 -25 6]
[105 -24 6]
[105 27 83]
[105 27 82]
[105 -32 -6]
[105 29 80]
[105 27 87]
[105 33 90]
[105 33 91]
[105 -23 6]
[105 25 76]
[105 26 77]
[105 -4 14]
[105 -3 14]
[105 68 101]
[105 -31 -5]
[105 30 31]
[105 -26 5]
[105 -28 4]
[106 28 88]
[106 28 87]
[106 26 85]
[106 -23 7]
[106 -5 14]
[106 -33 -7]
[106 -32 -7]
[106 -32 -5]
[106 47 100]
[106 -27 7]
[106 -26 7]
[106 -27 6]
[106 26 84]
[106 45 98]
[106 44 98]
[106 43 98]
[106 24 77]
[106 24 75]
[106 25 77]
[106 -24 7]
[106 46 98]
[106 27 81]
[106 -8 -96]
[106 -9 -96]
[106 35 95]
[106 34 93]
[106 33 93]
[106 -27 -18]
[106 -28 -18]
[106 -28 -17]
[106 25 79]
[106 61 102]
[106 60 102]
[106 33 92]
[106 34 92]
[106 32 91]
[106 52 99]
[106 62 102]
[106 63 101]
[106 -33 -9]
[106 76 101]
[106 75 100]
[106 -12 -94]
[106 29 89]
[106 67 101]
[106 33 27]
[106 31 28]
[106 31 27]
[106 -25 7]
[106 34 91]
[106 26 88]
[106 26 86]
[106 26 87]
[106 -30 -13]
[106 -31 -15]
[106 -32 -11]
[106 -33 -11]
[106 -33 -10]
[106 -31 -11]
[106 50 100]
[106 52 100]
[106 51 100]
[106 34 97]
[106 35 97]
[106 34 96]
[106 36 97]
[106 41 98]
[106 39 98]
[106 29 31]
[106 -33 -8]
[106 24 71]
[106 24 72]
[106 -25 -18]
[106 31 91]
[106 30 89]
[106 30 91]
[106 30 90]
[106 37 97]
[106 -30 -16]
[106 50 99]
[106 48 100]
[106 49 100]
[106 30 32]
[106 -28 5]
[106 46 99]
[106 30 29]
[106 30 28]
[106 26 79]
[106 -11 -95]
[106 -9 -97]
[106 -24 -18]
[106 -26 -18]
[106 25 78]
[106 42 98]
[106 -30 -17]
[106 53 99]
[106 55 100]
[106 38 97]
[106 39 97]
[106 24 73]
[106 78 100]
[106 51 98]
[106 29 88]
[106 25 74]
[106 28 81]
[106 29 81]
[106 -21 5]
[106 55 101]
[107 -29 -18]
[107 -31 -18]
[107 24 74]
[107 25 86]
[107 25 88]
[107 25 87]
[107 -26 -19]
[107 -25 -19]
[107 -34 -10]
[107 -33 -12]
[107 -34 -12]
[107 -34 -11]
[107 -34 -7]
[107 -34 -8]
[107 -33 -6]
[107 25 84]
[107 26 83]
[107 25 83]
[107 23 73]
[107 23 71]
[107 -34 -9]
[107 50 101]
[107 49 101]
[107 34 95]
[107 24 78]
[107 29 28]
[107 46 100]
[107 27 88]
[107 -8 -97]
[107 -10 -97]
[107 -26 8]
[107 -31 -14]
[107 -31 -12]
[107 63 102]
[107 61 103]
[107 24 76]
[107 23 76]
[107 60 103]
[107 62 103]
[107 46 101]
[107 48 101]
[107 47 101]
[107 44 99]
[107 29 90]
[107 30 27]
[107 23 72]
[107 32 92]
[107 31 92]
[107 30 92]
[107 54 101]
[107 56 100]
[107 56 101]
[107 55 102]
[107 -30 -12]
[107 40 98]
[107 38 98]
[107 26 80]
[107 28 80]
[107 26 82]
[107 33 97]
[107 33 96]
[107 33 98]
[107 43 99]
[107 29 92]
[107 37 98]
[107 -24 8]
[107 -25 8]
[107 -31 -16]
[107 59 101]
[107 -22 8]
[107 -23 8]
[107 42 99]
[107 25 85]
[107 27 84]
[107 36 98]
[107 -29 -17]
[107 24 79]
[107 25 80]
[107 25 89]
[107 26 89]
[107 27 89]
[107 41 99]
[107 -9 -98]
[107 -8 -98]
[107 -10 -98]
[107 -7 -96]
[107 -33 -5]
[107 -33 -4]
[107 -32 -4]
[107 32 94]
[107 -27 8]
[107 51 101]
[107 52 101]
[107 53 101]
[107 28 89]
[107 -29 -19]
[107 38 99]
[107 45 99]
[107 23 70]
[107 56 99]
[107 33 94]
[107 28 90]
[108 33 95]
[108 23 80]
[108 32 95]
[108 29 27]
[108 24 83]
[108 25 82]
[108 24 84]
[108 22 76]
[108 22 77]
[108 23 78]
[108 23 77]
[108 32 98]
[108 32 97]
[108 57 101]
[108 50 102]
[108 48 102]
[108 26 81]
[108 42 100]
[108 44 100]
[108 49 102]
[108 47 102]
[108 45 102]
[108 45 100]
[108 -32 -3]
[108 -33 -3]
[108 -31 -3]
[108 53 102]
[108 54 102]
[108 53 100]
[108 -30 -19]
[108 -31 -17]
[108 -30 -18]
[108 56 102]
[108 57 102]
[108 28 28]
[108 -34 -3]
[108 -34 -5]
[108 25 75]
[108 52 102]
[108 -28 -20]
[108 -29 -20]
[108 -28 -19]
[108 -33 -13]
[108 -35 -11]
[108 -35 -13]
[108 -34 -13]
[108 37 99]
[108 35 98]
[108 35 99]
[108 36 99]
[108 59 104]
[108 61 104]
[108 -32 -13]
[108 -31 -13]
[108 -7 -99]
[108 -8 -99]
[108 -7 -97]
[108 -7 -98]
[108 24 88]
[108 24 87]
[108 -35 -9]
[108 -35 -10]
[108 -21 9]
[108 -22 9]
[108 -21 8]
[108 22 71]
[108 22 73]
[108 -35 -8]
[108 24 86]
[108 54 103]
[108 55 103]
[108 31 93]
[108 -24 9]
[108 -25 9]
[108 -27 -20]
[108 29 91]
[108 28 91]
[108 28 92]
[108 29 93]
[108 30 93]
[108 -34 -4]
[108 40 99]
[108 27 91]
[108 45 101]
[108 38 100]
[108 24 85]
[108 22 72]
[108 22 69]
[108 -26 9]
[108 26 90]
[108 43 100]
[108 27 90]
[108 -11 -98]
[108 -11 -97]
[108 -10 -99]
[108 -9 -99]
[108 25 90]
[108 25 81]
[108 24 80]
[108 24 81]
[108 -23 9]
[108 -32 -16]
[108 -32 -17]
[108 39 99]
[109 -22 10]
[109 -21 10]
[109 -20 8]
[109 28 27]
[109 32 99]
[109 31 99]
[109 31 97]
[109 -27 -21]
[109 -27 -19]
[109 57 103]
[109 -9 -100]
[109 28 93]
[109 29 94]
[109 30 94]
[109 43 101]
[109 41 100]
[109 41 101]
[109 21 73]
[109 21 72]
[109 44 102]
[109 -25 10]
[109 -28 -21]
[109 -32 -14]
[109 -33 -14]
[109 31 95]
[109 31 94]
[109 21 76]
[109 47 103]
[109 49 103]
[109 23 85]
[109 -35 -5]
[109 21 78]
[109 22 78]
[109 21 69]
[109 22 68]
[109 21 70]
[109 21 68]
[109 23 86]
[109 23 87]
[109 23 88]
[109 35 100]
[109 34 99]
[109 23 84]
[109 23 89]
[109 58 102]
[109 56 103]
[109 -33 -16]
[109 -36 -11]
[109 -35 -12]
[109 -35 -3]
[109 -32 -18]
[109 -29 -21]
[109 -30 -20]
[109 -30 -21]
[109 24 91]
[109 24 89]
[109 -33 -17]
[109 27 92]
[109 32 96]
[109 52 103]
[109 40 100]
[109 36 100]
[109 37 100]
[109 23 79]
[109 53 103]
[109 58 105]
[109 60 104]
[109 44 103]
[109 44 101]
[109 -32 -12]
[109 -35 -4]
[109 -34 -2]
[109 -35 -14]
[109 -34 -14]
[109 23 83]
[109 -32 -2]
[109 54 104]
[109 55 104]
[109 50 103]
[109 26 91]
[109 25 91]
[109 -36 -9]
[109 -35 -7]
[109 -36 -7]
[109 38 101]
[109 39 100]
[109 39 101]
[109 -24 10]
[109 -23 10]
[109 -11 -99]
[109 -36 -13]
[109 31 96]
[109 48 103]
[109 -20 9]
[109 -20 10]
[109 -31 -20]
[109 21 74]
[109 23 74]
[109 -8 -100]
[109 -10 -100]
[109 32 93]
[109 24 82]
[109 51 103]
[109 27 93]
[109 23 81]
[109 -36 -10]
[110 -36 -6]
[110 -36 -8]
[110 -33 -2]
[110 -32 -1]
[110 51 102]
[110 57 105]
[110 58 104]
[110 -37 -10]
[110 -37 -9]
[110 -36 -12]
[110 22 85]
[110 -32 -19]
[110 -31 -19]
[110 22 83]
[110 22 84]
[110 50 104]
[110 22 79]
[110 21 77]
[110 -26 -20]
[110 31 98]
[110 30 96]
[110 24 90]
[110 38 102]
[110 39 102]
[110 40 102]
[110 23 82]
[110 59 103]
[110 -9 -101]
[110 22 82]
[110 -8 -101]
[110 22 88]
[110 22 87]
[110 22 89]
[110 28 94]
[110 26 93]
[110 -21 7]
[110 -20 7]
[110 25 92]
[110 26 92]
[110 -34 -15]
[110 -36 -15]
[110 43 102]
[110 24 92]
[110 -37 -8]
[110 20 72]
[110 22 86]
[110 -34 -16]
[110 -34 -18]
[110 -33 -18]
[110 30 95]
[110 40 101]
[110 -31 -21]
[110 49 104]
[110 -32 -15]
[110 35 101]
[110 36 101]
[110 21 71]
[110 20 70]
[110 -7 -101]
[110 -36 -2]
[110 -36 -3]
[110 42 101]
[110 22 67]
[110 48 104]
[110 42 102]
[110 20 68]
[110 53 104]
[110 52 104]
[110 20 69]
[110 21 67]
[110 23 90]
[110 20 71]
[110 -19 8]
[110 -19 9]
[110 56 104]
[110 56 105]
[110 -25 11]
[110 -24 11]
[110 -37 -6]
[110 33 99]
[110 21 79]
[110 20 79]
[110 21 75]
[110 20 77]
[110 -33 -15]
[110 58 101]
[110 59 102]
[110 29 95]
[110 22 75]
[110 22 74]
[110 20 75]
[110 -34 -6]
[110 -36 -4]
[110 -35 -6]
[110 43 103]
[110 45 103]
[110 44 104]
[110 58 103]
[110 57 104]
[110 28 95]
[110 -33 -1]
[110 -34 -1]
[110 55 105]
[110 54 105]
[110 53 105]
[110 -31 -22]
[110 -29 -22]
[110 37 101]
[110 -35 -15]
[110 -22 11]
[110 33 100]
[110 32 100]
[110 -23 11]
[110 -26 -21]
[110 -27 -22]
[110 37 102]
[110 30 98]
[110 31 100]
[110 -19 11]
[110 -19 10]
[110 -21 11]
[110 46 104]
[110 46 103]
[110 47 104]
[111 -35 -1]
[111 -37 -3]
[111 -37 -7]
[111 54 106]
[111 56 106]
[111 34 100]
[111 34 101]
[111 33 101]
[111 25 93]
[111 23 92]
[111 24 93]
[111 -38 -7]
[111 -38 -8]
[111 30 99]
[111 30 97]
[111 52 105]
[111 46 102]
[111 39 103]
[111 40 103]
[111 38 103]
[111 -37 -4]
[111 22 70]
[111 -33 -20]
[111 -33 -19]
[111 19 72]
[111 19 70]
[111 29 97]
[111 29 96]
[111 21 89]
[111 -37 -5]
[111 49 105]
[111 47 105]
[111 48 105]
[111 53 106]
[111 -32 -21]
[111 -32 -22]
[111 -32 -23]
[111 -31 -23]
[111 -30 -23]
[111 23 91]
[111 -33 0]
[111 -31 -1]
[111 34 98]
[111 32 101]
[111 30 101]
[111 22 81]
[111 31 101]
[111 -21 6]
[111 -20 6]
[111 20 80]
[111 22 80]
[111 -35 -16]
[111 21 85]
[111 21 86]
[111 51 104]
[111 42 103]
[111 59 105]
[111 -23 12]
[111 -25 12]
[111 -7 -102]
[111 58 106]
[111 43 104]
[111 44 105]
[111 -32 0]
[111 -32 -20]
[111 36 103]
[111 21 84]
[111 21 83]
[111 21 82]
[111 45 104]
[111 -36 -14]
[111 -36 -16]
[111 23 75]
[111 45 105]
[111 21 87]
[111 36 102]
[111 35 102]
[111 34 102]
[111 21 88]
[111 20 76]
[111 20 78]
[111 21 80]
[111 -35 -2]
[111 -35 0]
[111 28 96]
[111 27 95]
[111 -38 -10]
[111 -34 -19]
[111 -35 -17]
[111 -35 -18]
[111 -35 -19]
[111 -34 -17]
[111 19 69]
[111 27 94]
[111 25 94]
[111 -37 -12]
[111 41 102]
[111 29 99]
[111 -26 11]
[111 -26 10]
[111 19 78]
[111 19 79]
[111 -29 -23]
[111 -28 -22]
[111 19 75]
[111 41 103]
[111 19 68]
[111 20 74]
[112 -30 -22]
[112 39 104]
[112 37 103]
[112 38 104]
[112 21 81]
[112 -36 -18]
[112 -39 -6]
[112 -39 -7]
[112 -33 1]
[112 22 90]
[112 -28 -23]
[112 -35 -20]
[112 -24 12]
[112 -24 13]
[112 -22 13]
[112 -23 13]
[112 -37 -15]
[112 -37 -14]
[112 -36 -5]
[112 -38 -4]
[112 -38 -5]
[112 -38 -3]
[112 33 103]
[112 33 102]
[112 20 87]
[112 20 88]
[112 28 97]
[112 -37 -11]
[112 -38 -11]
[112 -38 -13]
[112 -38 -12]
[112 -37 -13]
[112 51 105]
[112 51 106]
[112 19 74]
[112 20 73]
[112 45 106]
[112 20 81]
[112 -20 5]
[112 18 75]
[112 19 76]
[112 32 102]
[112 -37 -16]
[112 -37 -17]
[112 18 79]
[112 -34 0]
[112 -36 0]
[112 54 107]
[112 55 107]
[112 29 98]
[112 28 100]
[112 28 98]
[112 30 102]
[112 29 102]
[112 29 100]
[112 31 102]
[112 -32 1]
[112 52 106]
[112 52 107]
[112 27 97]
[112 27 96]
[112 23 69]
[112 20 82]
[112 57 106]
[112 58 107]
[112 35 104]
[112 37 104]
[112 18 68]
[112 -38 -6]
[112 -36 -17]
[112 30 100]
[112 47 106]
[112 19 77]
[112 20 89]
[112 21 90]
[112 35 103]
[112 -33 -22]
[112 24 94]
[112 20 86]
[112 20 84]
[112 -36 -20]
[112 -31 0]
[112 -35 1]
[112 -34 1]
[112 -36 1]
[112 -36 -1]
[112 40 104]
[112 26 94]
[112 25 95]
[112 26 95]
[112 23 94]
[112 -33 -21]
[112 -33 -23]
[112 18 72]
[112 19 71]
[112 18 69]
[112 23 93]
[112 22 91]
[112 20 83]
[112 48 106]
[112 -39 -8]
[112 -39 -9]
[112 43 106]
[112 44 106]
[112 42 104]
[112 41 104]
[112 -34 -20]
[112 -28 -24]
[112 -8 -102]
[112 -38 -2]
[112 -22 7]
[112 -22 5]
[112 -25 13]
[112 19 80]
[112 18 80]
[112 20 85]
[112 -39 -10]
[112 50 105]
[113 -40 -10]
[113 -40 -11]
[113 -38 -9]
[113 40 105]
[113 41 105]
[113 49 106]
[113 50 106]
[113 -39 -12]
[113 -39 -11]
[113 -39 -13]
[113 43 105]
[113 -39 -5]
[113 -40 -6]
[113 -39 -4]
[113 36 105]
[113 -29 -24]
[113 47 107]
[113 46 105]
[113 46 107]
[113 19 83]
[113 19 81]
[113 -36 -19]
[113 -36 -21]
[113 53 108]
[113 17 76]
[113 18 76]
[113 18 74]
[113 17 74]
[113 50 107]
[113 44 107]
[113 45 107]
[113 36 104]
[113 34 104]
[113 34 103]
[113 -22 6]
[113 -35 2]
[113 -34 2]
[113 26 96]
[113 -24 14]
[113 42 106]
[113 -34 -22]
[113 -34 -24]
[113 18 73]
[113 -34 -21]
[113 17 73]
[113 17 71]
[113 19 73]
[113 -32 2]
[113 24 96]
[113 24 95]
[113 20 90]
[113 19 90]
[113 -38 -15]
[113 -23 14]
[113 22 93]
[113 23 95]
[113 22 94]
[113 -35 -21]
[113 57 107]
[113 19 84]
[113 -36 2]
[113 21 92]
[113 21 91]
[113 -40 -8]
[113 28 101]
[113 29 101]
[113 28 99]
[113 18 81]
[113 -39 -1]
[113 -37 -1]
[113 -38 -1]
[113 27 99]
[113 27 98]
[113 -37 -21]
[113 -37 -19]
[113 26 98]
[113 39 105]
[113 30 103]
[113 38 105]
[113 25 96]
[113 32 103]
[113 -38 -18]
[113 -37 -18]
[113 -38 -17]
[113 51 107]
[113 52 108]
[113 53 107]
[113 33 104]
[113 32 104]
[113 -38 -14]
[113 19 87]
[113 19 89]
[113 19 88]
[113 18 71]
[113 18 70]
[113 18 77]
[113 -22 14]
[113 19 82]
[113 42 105]
[113 49 107]
[113 17 81]
[113 19 86]
[113 17 69]
[113 17 67]
[113 20 91]
[113 27 100]
[113 -37 1]
[113 54 108]
[113 -37 0]
[114 -41 -9]
[114 -41 -11]
[114 18 88]
[114 35 106]
[114 35 105]
[114 41 106]
[114 40 106]
[114 49 108]
[114 48 108]
[114 17 78]
[114 17 77]
[114 16 72]
[114 18 85]
[114 18 83]
[114 19 85]
[114 16 77]
[114 17 75]
[114 18 90]
[114 -37 -20]
[114 -36 -22]
[114 21 94]
[114 46 108]
[114 46 106]
[114 45 108]
[114 17 82]
[114 18 82]
[114 16 80]
[114 16 81]
[114 47 108]
[114 -33 2]
[114 -33 3]
[114 -40 -12]
[114 19 92]
[114 19 91]
[114 26 97]
[114 37 105]
[114 20 92]
[114 22 92]
[114 20 93]
[114 -22 15]
[114 -23 15]
[114 33 105]
[114 31 103]
[114 31 104]
[114 25 97]
[114 26 99]
[114 34 105]
[114 -37 2]
[114 25 99]
[114 -39 -14]
[114 51 108]
[114 50 108]
[114 -36 3]
[114 22 95]
[114 21 93]
[114 24 97]
[114 -38 -19]
[114 -39 -18]
[114 -39 -19]
[114 -39 -17]
[114 -35 -22]
[114 -39 0]
[114 -40 0]
[114 -39 -2]
[114 -37 -2]
[114 -38 0]
[114 41 107]
[114 16 66]
[114 16 67]
[114 16 68]
[114 -34 -23]
[114 -41 -6]
[114 -41 -7]
[114 -40 -7]
[114 -40 -5]
[114 17 80]
[114 -41 -8]
[114 -40 -9]
[114 18 87]
[114 18 86]
[114 38 106]
[114 44 108]
[114 16 75]
[114 16 73]
[114 -38 -22]
[114 -38 -21]
[115 16 79]
[115 18 78]
[115 16 78]
[115 -42 -10]
[115 33 106]
[115 34 106]
[115 -39 1]
[115 -38 1]
[115 -40 1]
[115 48 109]
[115 48 107]
[115 49 109]
[115 -42 -6]
[115 -42 -5]
[115 -41 -5]
[115 25 98]
[115 24 98]
[115 15 81]
[115 15 80]
[115 17 79]
[115 15 75]
[115 15 74]
[115 39 107]
[115 17 72]
[115 15 71]
[115 15 73]
[115 -36 4]
[115 -37 4]
[115 -35 -23]
[115 -36 -23]
[115 -37 -22]
[115 -41 -10]
[115 17 87]
[115 16 65]
[115 18 91]
[115 19 93]
[115 -40 -19]
[115 -39 -20]
[115 -40 -18]
[115 -40 -20]
[115 -38 -20]
[115 16 82]
[115 15 82]
[115 22 96]
[115 18 84]
[115 -40 -4]
[115 36 106]
[115 37 106]
[115 17 86]
[115 20 94]
[115 16 69]
[115 17 68]
[115 -33 4]
[115 -32 3]
[115 -39 -23]
[115 -37 -23]
[115 21 95]
[115 18 92]
[115 15 72]
[115 16 74]
[115 -40 -13]
[115 34 107]
[115 35 107]
[115 38 107]
[115 39 106]
[115 37 107]
[115 -39 -3]
[115 17 88]
[115 17 89]
[115 42 107]
[115 40 107]
[115 17 90]
[115 17 91]
[115 -22 16]
[115 -21 14]
[115 -21 15]
[115 16 76]
[115 -39 -21]
[115 23 97]
[115 23 98]
[115 -38 3]
[115 -37 3]
[115 15 77]
[115 40 108]
[115 42 108]
[116 16 90]
[116 16 88]
[116 16 86]
[116 -42 -11]
[116 -38 -23]
[116 22 97]
[116 21 97]
[116 21 96]
[116 -40 -2]
[116 -40 -3]
[116 17 70]
[116 41 108]
[116 43 108]
[116 42 109]
[116 16 87]
[116 -41 -19]
[116 -41 -20]
[116 15 83]
[116 17 83]
[116 17 84]
[116 17 85]
[116 -38 2]
[116 -39 2]
[116 -42 -4]
[116 24 99]
[116 -41 0]
[116 -40 2]
[116 -41 1]
[116 -41 2]
[116 36 107]
[116 -41 -21]
[116 -41 -18]
[116 -41 -17]
[116 16 70]
[116 14 70]
[116 15 70]
[116 16 71]
[116 14 79]
[116 -41 -12]
[116 -41 -14]
[116 -36 5]
[116 -38 5]
[116 -35 -24]
[116 18 89]
[116 -38 4]
[116 38 108]
[116 23 96]
[116 -38 -24]
[116 -40 -23]
[116 -39 -24]
[116 39 109]
[116 17 93]
[116 18 93]
[116 17 92]
[116 37 108]
[116 39 108]
[116 14 72]
[116 14 73]
[116 14 71]
[116 -32 4]
[116 -43 -10]
[116 -43 -11]
[116 -43 -9]
[116 -36 -24]
[116 14 76]
[116 14 78]
[116 15 78]
[116 15 79]
[116 14 75]
[116 34 108]
[116 36 108]
[116 35 108]
[116 -43 -6]
[116 -43 -5]
[116 -39 -22]
[116 -40 -21]
[116 14 80]
[116 -41 -4]
[116 14 83]
[116 16 83]
[116 14 81]
[116 20 95]
[116 19 94]
[116 15 64]
[116 17 64]
[116 -39 3]
[116 16 91]
[117 16 84]
[117 16 85]
[117 -42 -20]
[117 36 109]
[117 13 71]
[117 13 72]
[117 -41 -22]
[117 -40 -22]
[117 20 97]
[117 -39 4]
[117 -37 6]
[117 15 90]
[117 15 92]
[117 -40 -24]
[117 15 89]
[117 16 89]
[117 37 109]
[117 -41 -13]
[117 13 82]
[117 14 82]
[117 14 84]
[117 -41 -3]
[117 -41 -2]
[117 18 94]
[117 19 95]
[117 44 109]
[117 43 109]
[117 -42 -3]
[117 -41 3]
[117 -42 1]
[117 -42 -14]
[117 -42 -15]
[117 -42 -19]
[117 -42 -18]
[117 -35 6]
[117 -36 6]
[117 -37 5]
[117 -44 -7]
[117 14 69]
[117 -42 -12]
[117 -43 -12]
[117 -37 -24]
[117 -35 -25]
[117 20 96]
[117 15 84]
[117 22 98]
[117 21 98]
[117 -40 -1]
[117 13 81]
[117 -44 -10]
[117 -44 -11]
[117 -44 -12]
[117 -34 -25]
[117 -36 -25]
[117 14 77]
[117 13 78]
[117 13 75]
[117 13 76]
[117 14 74]
[117 15 76]
[117 41 109]
[117 -42 -9]
[117 13 80]
[117 13 77]
[117 13 69]
[117 38 109]
[117 39 110]
[117 38 110]
[117 40 110]
[117 40 109]
[117 -44 -4]
[117 -43 -4]
[117 -44 -6]
[117 15 86]
[117 17 63]
[117 16 64]
[117 15 87]
[117 16 93]
[117 16 92]
[117 -33 5]
[118 -45 -11]
[118 18 95]
[118 17 94]
[118 17 95]
[118 -42 0]
[118 -34 6]
[118 -33 6]
[118 -34 4]
[118 13 68]
[118 13 70]
[118 -43 -3]
[118 -42 -2]
[118 12 72]
[118 12 71]
[118 14 91]
[118 14 90]
[118 -43 -13]
[118 -41 -1]
[118 -42 -1]
[118 -38 6]
[118 20 98]
[118 -43 -19]
[118 13 79]
[118 12 81]
[118 12 80]
[118 12 79]
[118 12 83]
[118 13 83]
[118 12 82]
[118 -43 -15]
[118 -35 -26]
[118 13 74]
[118 15 88]
[118 16 62]
[118 16 63]
[118 -37 -25]
[118 15 93]
[118 15 91]
[118 14 93]
[118 12 74]
[118 12 75]
[118 -45 -7]
[118 15 94]
[118 19 97]
[118 12 76]
[118 -45 -4]
[118 41 110]
[118 42 110]
[118 -43 -14]
[118 -43 -16]
[118 12 73]
[118 -43 -17]
[118 38 111]
[118 37 111]
[118 12 77]
[118 -37 7]
[118 40 111]
[118 41 111]
[118 39 111]
[118 15 63]
[118 37 110]
[118 -40 3]
[118 -40 4]
[118 14 86]
[118 14 85]
[118 13 84]
[118 -43 -20]
[118 -34 5]
[118 -35 7]
[118 12 69]
[118 12 68]
[118 12 70]
[118 43 110]
[118 -44 -13]
[118 -42 -13]
[118 19 96]
[118 18 96]
[118 14 88]
[118 -43 -7]
[118 -44 -5]
[118 -45 -5]
[118 -44 -3]
[118 -36 7]
[118 -35 5]
[119 11 75]
[119 18 97]
[119 12 84]
[119 -46 -5]
[119 13 85]
[119 11 72]
[119 17 96]
[119 14 92]
[119 -34 7]
[119 -35 3]
[119 -34 3]
[119 12 78]
[119 39 112]
[119 11 69]
[119 14 63]
[119 15 62]
[119 14 62]
[119 11 81]
[119 11 80]
[119 13 92]
[119 -45 -12]
[119 -45 -14]
[119 17 62]
[119 36 111]
[119 38 112]
[119 36 110]
[119 -46 -7]
[119 -46 -6]
[119 11 83]
[119 13 89]
[119 14 89]
[119 -44 -21]
[119 -46 -11]
[119 -46 -4]
[119 -46 -3]
[119 13 87]
[119 14 87]
[119 13 88]
[119 -45 -3]
[119 -45 -2]
[119 -43 -2]
[119 42 111]
[119 11 74]
[119 11 73]
[119 13 73]
[119 -44 -16]
[119 -44 -17]
[119 -43 1]
[119 -43 0]
[119 13 93]
[119 13 94]
[119 11 76]
[119 11 77]
[119 11 79]
[119 11 82]
[119 -45 -6]
[119 -44 -15]
[119 13 86]
[119 15 85]
[119 16 95]
[119 16 94]
[119 16 96]
[119 11 70]
[119 11 68]
[119 -35 4]
[119 41 112]
[120 -44 1]
[120 17 61]
[120 10 74]
[120 10 73]
[120 -44 -20]
[120 12 90]
[120 13 90]
[120 12 88]
[120 -45 -17]
[120 -45 -16]
[120 -45 -15]
[120 13 62]
[120 13 63]
[120 -43 -1]
[120 10 69]
[120 12 67]
[120 10 67]
[120 11 67]
[120 39 113]
[120 37 113]
[120 10 77]
[120 12 95]
[120 12 93]
[120 14 94]
[120 14 95]
[120 -44 -1]
[120 12 86]
[120 -46 -2]
[120 10 81]
[120 -44 -14]
[120 -47 -6]
[120 -47 -4]
[120 -46 -14]
[120 10 76]
[120 17 97]
[120 12 85]
[120 11 84]
[120 -45 -18]
[120 -47 -2]
[120 -47 -3]
[120 10 78]
[120 11 78]
[120 10 79]
[120 10 80]
[120 14 64]
[120 12 89]
[120 12 87]
[120 10 72]
[120 11 71]
[120 -46 -12]
[120 -47 -12]
[120 15 95]
[120 10 70]
[120 12 94]
[120 10 82]
[120 10 84]
[120 16 61]
[120 36 112]
[120 -44 0]
[120 40 112]
[120 10 83]
[121 10 75]
[121 9 77]
[121 9 70]
[121 9 69]
[121 13 95]
[121 13 96]
[121 9 80]
[121 9 79]
[121 15 96]
[121 14 96]
[121 38 113]
[121 39 114]
[121 38 114]
[121 -46 -13]
[121 -48 -13]
[121 -48 -12]
[121 -44 -2]
[121 -47 -5]
[121 -48 -7]
[121 -48 -5]
[121 37 112]
[121 11 89]
[121 11 90]
[121 13 91]
[121 11 88]
[121 11 87]
[121 -46 -15]
[121 9 74]
[121 11 86]
[121 11 85]
[121 37 114]
[121 9 68]
[121 9 73]
[121 9 72]
[121 -48 -2]
[121 -48 -3]
[121 -47 -13]
[121 11 93]
[121 11 94]
[121 11 95]
[121 -45 0]
[121 10 85]
[121 -44 2]
[121 11 92]
[121 -45 -1]
[121 9 78]
[121 10 71]
[121 9 71]
[121 -45 -13]
[121 -47 -14]
[121 9 83]
[121 9 81]
[121 9 82]
[121 -47 -1]
[121 9 84]
[121 10 68]
[121 12 91]
[122 8 78]
[122 8 76]
[122 8 77]
[122 -47 -15]
[122 10 87]
[122 8 82]
[122 8 83]
[122 -46 -1]
[122 -48 -15]
[122 -48 -14]
[122 10 92]
[122 12 92]
[122 10 89]
[122 11 91]
[122 -48 -1]
[122 -46 0]
[122 8 71]
[122 -49 -1]
[122 -49 -2]
[122 10 86]
[122 8 72]
[122 -49 -6]
[122 -49 -4]
[122 -48 -6]
[122 -49 -12]
[122 38 115]
[122 8 69]
[122 10 90]
[122 10 88]
[122 -45 2]
[122 8 79]
[122 8 80]
[122 10 91]
[122 9 76]
[122 -48 -4]
[122 -49 -3]
[122 9 85]
[122 8 84]
[122 -47 -7]
[122 -49 -8]
[122 -46 1]
[122 8 74]
[122 9 75]
[122 8 73]
[123 38 116]
[123 37 115]
[123 7 74]
[123 7 72]
[123 7 73]
[123 8 75]
[123 7 83]
[123 7 84]
[123 7 70]
[123 7 71]
[123 -45 3]
[123 -46 3]
[123 -45 1]
[123 -49 -7]
[123 -47 2]
[123 -47 0]
[123 7 80]
[123 8 81]
[123 9 88]
[123 -50 -3]
[123 -50 -5]
[123 -49 -13]
[123 -49 -11]
[123 -50 -13]
[123 -49 -5]
[123 7 77]
[123 7 81]
[123 -50 -7]
[123 -49 -15]
[123 -49 -14]
[123 7 79]
[123 7 78]
[123 9 87]
[123 9 86]
[123 7 75]
[123 -48 0]
[123 -50 -1]
[123 7 69]
[123 8 70]
[123 -47 1]
[123 -49 0]
[123 8 86]
[123 -50 -4]
[124 -50 -6]
[124 6 74]
[124 8 87]
[124 -46 2]
[124 7 82]
[124 6 80]
[124 6 82]
[124 -50 -14]
[124 -51 -4]
[124 -51 -2]
[124 -51 -1]
[124 6 71]
[124 6 76]
[124 -50 -16]
[124 6 85]
[124 6 83]
[124 6 84]
[124 7 85]
[124 6 70]
[124 6 72]
[124 6 73]
[124 8 88]
[124 6 77]
[124 -50 -15]
[124 6 75]
[124 7 76]
[124 -51 -6]
[124 -51 -8]
[124 -51 -7]
[124 -47 3]
[124 6 81]
[125 -51 -15]
[125 5 77]
[125 5 75]
[125 5 85]
[125 5 84]
[125 8 89]
[125 -50 -8]
[125 7 86]
[125 7 87]
[125 5 70]
[125 6 69]
[125 5 83]
[125 5 82]
[125 -51 -3]
[125 -51 -16]
[125 5 74]
[125 5 72]
[125 5 71]
[125 5 73]
[125 5 81]
[125 5 80]
[126 4 72]
[126 6 86]
[126 6 87]
[126 4 75]
[126 4 83]
[126 4 85]
[126 4 84]
[126 7 88]
[126 4 71]
[126 5 69]
[126 4 69]
[126 -51 -14]
[126 -52 -14]
[126 4 82]
[126 4 73]
[126 -50 -2]
[126 -52 -16]
[126 -52 -15]
[126 5 86]
[126 4 86]
[126 6 79]
[126 4 79]
[126 4 81]
[126 -50 -9]
[126 4 80]
[126 4 76]
[126 5 76]
[126 4 78]
[126 4 77]
[127 3 72]
[127 3 73]
[127 4 70]
[127 3 80]
[127 3 81]
[127 3 69]
[127 3 68]
[127 3 83]
[127 3 84]
[127 6 89]
[127 6 88]
[127 -53 -17]
[127 -53 -16]
[127 3 86]
[127 4 87]
[127 3 85]
[127 5 87]
[127 -53 -15]
[127 -53 -14]
[127 3 74]
[127 4 74]
[127 5 79]
[127 5 78]
[127 6 78]
[127 3 79]
[127 3 82]
[127 3 77]
[127 5 88]
[127 3 78]
[128 2 69]
[128 -54 -15]
[128 -54 -14]
[128 -53 -13]
[128 2 79]
[128 2 81]
[128 2 78]
[128 2 84]
[128 2 83]
[128 2 85]
[128 5 89]
[128 7 89]
[128 3 87]
[128 3 76]
[128 2 77]
[128 2 76]
[128 2 72]
[128 2 71]
[128 2 73]
[128 3 75]
[128 -54 -18]
[128 -53 -18]
[128 2 87]
[128 3 71]
[128 -52 -17]
[128 2 74]
[129 1 74]
[129 1 72]
[129 1 71]
[129 3 70]
[129 2 70]
[129 2 68]
[129 1 73]
[129 1 85]
[129 2 86]
[129 1 77]
[129 1 70]
[129 1 81]
[129 1 82]
[129 1 80]
[129 2 82]
[129 1 84]
[129 2 75]
[129 1 86]
[129 2 88]
[129 1 87]
[129 1 79]
[129 2 80]
[130 0 80]
[130 0 84]
[130 0 86]
[130 0 85]
[130 0 73]
[130 0 74]
[130 0 69]
[130 1 83]
[130 1 76]
[130 0 87]
[130 0 79]
[130 0 71]
[130 0 70]
[130 2 89]
[130 1 88]
[130 1 89]
[130 0 88]
[130 1 75]
[130 0 78]
[131 -1 86]
[131 -1 85]
[131 -1 84]
[131 0 72]
[131 -1 87]
[131 -1 89]
[131 -1 71]
[131 -1 75]
[131 0 75]
[131 -1 73]
[131 1 69]
[131 -1 70]
[131 0 83]
[131 -1 78]
[131 0 82]
[131 0 89]
[131 -1 79]
[131 -1 81]
[131 -1 88]
[132 -2 85]
[132 -2 89]
[132 -2 88]
[132 -2 73]
[132 -1 74]
[132 0 81]
[132 -2 81]
[132 -1 82]
[132 -1 80]
[132 -2 87]
[132 -1 76]
[132 0 76]
[132 -1 69]
[132 -2 70]
[132 -2 71]
[132 -2 79]
[132 -2 77]
[132 -2 78]
[132 0 77]
[132 -2 84]
[132 -2 72]
[133 -2 69]
[133 -3 70]
[133 -1 77]
[133 -3 72]
[133 -3 71]
[133 -3 81]
[133 -2 82]
[133 -2 80]
[133 -1 83]
[133 -3 88]
[133 -3 86]
[133 -2 86]
[133 -2 75]
[133 -3 79]
[133 -3 80]
[133 -3 78]
[133 -3 73]
[133 -1 72]
[133 1 78]
[133 -3 85]
[133 -3 84]
[133 -3 89]
[133 -3 87]
[133 -3 83]
[133 -2 76]
[133 -3 77]
[133 -3 76]
[134 -4 75]
[134 -4 77]
[134 -3 82]
[134 -4 87]
[134 -4 85]
[134 -4 82]
[134 -4 86]
[134 -2 74]
[134 -2 83]
[134 -4 79]
[134 -3 69]
[134 -4 71]
[134 -4 88]
[134 -4 74]
[134 -3 74]
[134 -2 68]
[134 -4 84]
[134 -4 72]
[134 -4 78]
[135 -5 78]
[135 -5 80]
[135 -5 72]
[135 -4 70]
[135 -5 71]
[135 -5 79]
[135 -5 81]
[135 -5 82]
[135 -4 81]
[135 -5 74]
[135 -4 68]
[135 -4 73]
[135 -5 87]
[135 -5 85]
[135 -4 83]
[135 -5 73]
[135 -5 77]
[135 -5 76]
[135 -5 84]
[136 -6 77]
[136 -4 76]
[136 -5 75]
[136 -4 80]
[136 -5 83]
[136 -6 86]
[136 -5 86]
[136 -6 87]
[136 -6 84]
[136 -6 83]
[136 -6 85]
[136 -6 73]
[136 -6 74]
[136 -6 80]
[136 -6 70]
[136 -6 71]
[136 -5 69]
[136 -6 79]
[136 -6 78]
[136 -6 76]
[136 -6 82]
[136 -6 81]
[137 -6 75]
[137 -7 71]
[137 -6 72]
[137 -5 70]
[137 -7 81]
[137 -7 79]
[137 -7 80]
[137 -7 70]
[137 -7 69]
[137 -5 88]
[137 -7 83]
[137 -7 84]
[137 -7 82]
[137 -3 75]
[137 -7 86]
[137 -4 69]
[137 -6 68]
[137 -7 77]
[137 -7 85]
[137 -7 78]
[137 -7 72]
[137 -7 73]
[137 -7 75]
[138 -8 77]
[138 -8 84]
[138 -6 69]
[138 -8 79]
[138 -8 81]
[138 -8 70]
[138 -8 72]
[138 -8 73]
[138 -8 85]
[138 -8 83]
[138 -7 74]
[138 -7 76]
[138 -6 67]
[138 -5 67]
[138 -7 67]
[138 -8 71]
[138 -8 75]
[138 -8 74]
[138 -8 76]
[138 -3 68]
[138 -5 68]
[138 -8 80]
[139 -9 83]
[139 -9 75]
[139 -9 74]
[139 -9 81]
[139 -9 80]
[139 -8 82]
[139 -7 66]
[139 -7 68]
[139 -5 66]
[139 -9 79]
[139 -9 78]
[139 -8 67]
[139 -8 66]
[139 -6 66]
[139 -8 69]
[139 -9 70]
[139 -9 71]
[139 -9 73]
[139 -9 76]
[139 -9 72]
[140 -8 65]
[140 -9 69]
[140 -10 70]
[140 -10 71]
[140 -10 77]
[140 -9 77]
[140 -10 79]
[140 -10 78]
[140 -8 78]
[140 -8 68]
[140 -9 66]
[140 -9 68]
[140 -9 67]
[140 -10 76]
[140 -10 75]
[140 -10 73]
[140 -5 65]
[140 -10 82]
[140 -9 82]
[140 -10 83]
[140 -6 65]
[140 -7 65]
[140 -10 72]
[140 -10 80]
[141 -6 64]
[141 -11 70]
[141 -11 71]
[141 -11 83]
[141 -7 64]
[141 -8 64]
[141 -9 65]
[141 -10 65]
[141 -10 67]
[141 -10 68]
[141 -10 66]
[141 -11 77]
[141 -11 76]
[141 -11 69]
[141 -10 69]
[141 -10 81]
[141 -11 74]
[141 -11 75]
[141 -10 74]
[141 -11 73]
[141 -11 72]
[141 -11 79]
[141 -11 78]
[142 -7 63]
[142 -6 63]
[142 -12 69]
[142 -12 78]
[142 -11 80]
[142 -12 76]
[142 -9 64]
[142 -10 64]
[142 -12 75]
[142 -12 74]
[142 -12 72]
[142 -12 77]
[142 -12 68]
[142 -11 68]
[142 -12 70]
[142 -12 71]
[142 -11 82]
[142 -12 83]
[142 -12 82]
[142 -12 84]
[142 -11 65]
[142 -11 64]
[142 -11 67]
[142 -11 81]
[142 -12 73]
[143 -13 83]
[143 -13 82]
[143 -13 68]
[143 -13 70]
[143 -13 74]
[143 -13 72]
[143 -13 73]
[143 -13 77]
[143 -12 81]
[143 -12 67]
[143 -13 69]
[143 -13 79]
[143 -13 71]
[143 -12 66]
[143 -8 63]
[143 -13 75]
[143 -11 66]
[143 -12 65]
[143 -13 84]
[143 -12 85]
[143 -13 85]
[143 -7 62]
[144 -13 67]
[144 -14 79]
[144 -13 78]
[144 -12 80]
[144 -14 78]
[144 -13 76]
[144 -14 82]
[144 -13 81]
[144 -14 83]
[144 -14 71]
[144 -14 73]
[144 -14 74]
[144 -9 62]
[144 -9 63]
[144 -13 86]
[144 -12 86]
[144 -11 85]
[144 -14 85]
[144 -14 86]
[144 -14 84]
[144 -14 72]
[144 -8 61]
[144 -8 62]
[144 -13 80]
[144 -14 75]
[144 -13 64]
[144 -14 70]
[144 -14 69]
[145 -15 73]
[145 -15 74]
[145 -15 81]
[145 -9 60]
[145 -15 84]
[145 -15 85]
[145 -15 77]
[145 -15 78]
[145 -15 68]
[145 -15 70]
[145 -15 69]
[145 -15 75]
[145 -14 76]
[145 -15 76]
[145 -14 68]
[145 -13 66]
[145 -14 67]
[145 -14 66]
[145 -13 63]
[145 -13 65]
[145 -12 64]
[145 -14 63]
[145 -14 81]
[145 -14 80]
[145 -10 63]
[145 -12 79]
[145 -14 87]
[145 -15 86]
[145 -11 87]
[145 -13 87]
[145 -15 80]
[145 -10 62]
[145 -9 61]
[145 -11 84]
[145 -11 86]
[145 -10 84]
[145 -14 77]
[145 -12 87]
[146 -16 67]
[146 -16 69]
[146 -15 67]
[146 -13 88]
[146 -11 63]
[146 -16 79]
[146 -16 81]
[146 -16 75]
[146 -15 66]
[146 -16 82]
[146 -16 74]
[146 -15 72]
[146 -16 72]
[146 -16 78]
[146 -14 62]
[146 -12 62]
[146 -12 63]
[146 -14 65]
[146 -10 61]
[146 -15 83]
[146 -16 84]
[146 -15 64]
[146 -15 62]
[146 -13 62]
[146 -14 64]
[146 -10 60]
[146 -10 59]
[146 -16 71]
[146 -16 70]
[146 -16 76]
[146 -10 86]
[146 -10 87]
[146 -10 85]
[146 -15 65]
[146 -16 77]
[146 -11 88]
[147 -16 65]
[147 -11 59]
[147 -11 61]
[147 -17 66]
[147 -17 68]
[147 -12 89]
[147 -16 66]
[147 -11 60]
[147 -11 62]
[147 -16 73]
[147 -17 74]
[147 -17 76]
[147 -17 75]
[147 -17 71]
[147 -15 71]
[147 -17 78]
[147 -15 79]
[147 -17 79]
[147 -10 88]
[147 -12 88]
[147 -11 89]
[147 -10 89]
[147 -17 72]
[147 -17 70]
[147 -17 69]
[147 -14 61]
[147 -16 61]
[147 -16 63]
[147 -15 61]
[147 -16 62]
[147 -15 63]
[147 -11 58]
[147 -15 82]
[147 -17 81]
[147 -9 88]
[147 -13 61]
[147 -17 82]
[148 -18 80]
[148 -18 81]
[148 -15 60]
[148 -16 60]
[148 -18 79]
[148 -17 65]
[148 -16 83]
[148 -12 60]
[148 -9 89]
[148 -9 90]
[148 -10 90]
[148 -11 90]
[148 -18 67]
[148 -18 66]
[148 -17 62]
[148 -17 60]
[148 -18 71]
[148 -18 70]
[148 -16 80]
[148 -12 58]
[148 -10 58]
[148 -12 59]
[148 -17 64]
[148 -18 77]
[148 -18 76]
[148 -18 75]
[148 -18 68]
[148 -17 67]
[148 -17 61]
[148 -17 63]
[148 -12 61]
[148 -18 73]
[148 -17 73]
[148 -13 90]
[148 -14 60]
[149 -16 64]
[149 -18 65]
[149 -11 91]
[149 -10 91]
[149 -12 57]
[149 -13 57]
[149 -13 58]
[149 -19 72]
[149 -19 70]
[149 -14 90]
[149 -13 91]
[149 -12 91]
[149 -17 77]
[149 -18 78]
[149 -19 78]
[149 -19 76]
[149 -17 80]
[149 -19 80]
[149 -19 68]
[149 -18 69]
[149 -19 67]
[149 -18 63]
[149 -13 60]
[149 -18 62]
[149 -18 72]
[149 -18 74]
[149 -16 59]
[149 -18 60]
[149 -19 74]
[149 -19 79]
[149 -19 77]
[149 -19 75]
[149 -14 59]
[149 -13 59]
[149 -18 61]
[149 -17 59]
[149 -19 73]
[150 -20 79]
[150 -20 81]
[150 -14 58]
[150 -14 57]
[150 -15 58]
[150 -20 78]
[150 -10 92]
[150 -11 92]
[150 -20 71]
[150 -20 69]
[150 -9 92]
[150 -13 56]
[150 -20 77]
[150 -20 68]
[150 -19 61]
[150 -20 73]
[150 -20 74]
[150 -20 75]
[150 -15 89]
[150 -20 66]
[150 -19 66]
[150 -18 64]
[150 -20 72]
[150 -20 76]
[150 -19 63]
[150 -17 58]
[150 -18 59]
[150 -19 60]
[150 -19 59]
[150 -19 64]
[150 -19 62]
[151 -21 74]
[151 -14 56]
[151 -18 58]
[151 -16 58]
[151 -16 57]
[151 -19 71]
[151 -21 72]
[151 -15 90]
[151 -21 76]
[151 -21 77]
[151 -20 65]
[151 -21 75]
[151 -9 91]
[151 -20 60]
[151 -20 59]
[151 -19 58]
[151 -21 68]
[151 -21 69]
[151 -20 61]
[151 -9 93]
[151 -11 93]
[151 -19 65]
[151 -21 78]
[151 -21 79]
[151 -21 67]
[151 -20 67]
[151 -19 69]
[151 -20 63]
[151 -20 64]
[151 -21 66]
[151 -21 80]
[151 -21 82]
[151 -15 57]
[151 -15 59]
[152 -22 79]
[152 -21 60]
[152 -22 77]
[152 -22 72]
[152 -21 73]
[152 -22 78]
[152 -22 66]
[152 -22 67]
[152 -20 80]
[152 -16 89]
[152 -20 70]
[152 -17 57]
[152 -16 56]
[152 -9 94]
[152 -15 56]
[152 -22 76]
[152 -22 74]
[152 -21 65]
[152 -22 68]
[152 -21 62]
[152 -22 69]
[152 -21 70]
[152 -22 75]
[152 -22 73]
[152 -20 58]
[152 -20 57]
[152 -19 57]
[152 -21 83]
[152 -22 83]
[152 -21 81]
[152 -21 59]
[153 -22 61]
[153 -23 78]
[153 -23 67]
[153 -23 68]
[153 -22 81]
[153 -19 81]
[153 -22 63]
[153 -20 62]
[153 -23 75]
[153 -22 65]
[153 -23 66]
[153 -23 65]
[153 -22 70]
[153 -23 69]
[153 -22 82]
[153 -21 71]
[153 -23 74]
[153 -23 72]
[153 -23 73]
[153 -18 57]
[153 -23 71]
[153 -21 57]
[153 -21 58]
[153 -17 56]
[153 -15 55]
[153 -17 55]
[153 -22 80]
[153 -23 76]
[153 -22 64]
[153 -21 64]
[153 -22 84]
[153 -17 89]
[153 -18 56]
[153 -16 55]
[153 -23 77]
[153 -22 58]
[154 -22 71]
[154 -24 77]
[154 -24 70]
[154 -24 68]
[154 -24 75]
[154 -24 73]
[154 -24 74]
[154 -23 62]
[154 -22 62]
[154 -21 63]
[154 -23 64]
[154 -22 59]
[154 -18 89]
[154 -24 76]
[154 -23 61]
[154 -23 60]
[154 -21 61]
[154 -22 60]
[154 -24 72]
[154 -23 70]
[154 -24 66]
[154 -23 57]
[154 -22 57]
[154 -24 71]
[154 -24 67]
[154 -23 81]
[154 -23 80]
[154 -23 63]
[154 -23 79]
[155 -24 61]
[155 -25 67]
[155 -24 79]
[155 -24 81]
[155 -24 82]
[155 -24 80]
[155 -24 63]
[155 -24 64]
[155 -25 72]
[155 -25 76]
[155 -25 77]
[155 -24 69]
[155 -25 70]
[155 -25 71]
[155 -25 74]
[155 -25 75]
[155 -24 78]
[155 -25 68]
[155 -19 89]
[155 -25 66]
[155 -24 65]
[155 -24 58]
[155 -24 62]
[156 -25 79]
[156 -25 65]
[156 -25 64]
[156 -25 61]
[156 -26 67]
[156 -26 68]
[156 -23 82]
[156 -25 81]
[156 -26 70]
[156 -26 66]
[156 -25 63]
[156 -25 62]
[156 -26 78]
[156 -23 58]
[156 -25 58]
[156 -24 59]
[156 -25 59]
[156 -26 75]
[156 -26 76]
[156 -26 74]
[156 -26 71]
[156 -26 72]
[156 -25 73]
[156 -26 77]
[157 -26 60]
[157 -26 61]
[157 -24 60]
[157 -25 80]
[157 -26 80]
[157 -26 82]
[157 -25 82]
[157 -27 67]
[157 -26 63]
[157 -26 62]
[157 -27 77]
[157 -27 79]
[157 -26 79]
[157 -26 65]
[157 -26 64]
[157 -25 60]
[157 -27 75]
[157 -25 78]
[157 -26 58]
[157 -23 83]
[157 -25 69]
[157 -27 71]
[157 -27 69]
[157 -26 69]
[157 -27 68]
[157 -27 72]
[157 -23 59]
[157 -24 57]
[157 -26 59]
[158 -28 67]
[158 -28 66]
[158 -27 80]
[158 -27 63]
[158 -27 65]
[158 -27 64]
[158 -27 76]
[158 -27 78]
[158 -25 57]
[158 -24 56]
[158 -25 56]
[158 -27 61]
[158 -27 62]
[158 -27 58]
[158 -27 66]
[158 -28 79]
[158 -28 80]
[158 -27 82]
[158 -26 81]
[158 -27 83]
[158 -27 81]
[158 -27 59]
[158 -27 60]
[158 -28 70]
[158 -28 71]
[158 -24 83]
[158 -24 84]
[158 -27 73]
[158 -26 73]
[158 -28 72]
[158 -26 83]
[158 -25 83]
[158 -28 76]
[159 -25 84]
[159 -28 74]
[159 -28 73]
[159 -26 57]
[159 -26 56]
[159 -28 65]
[159 -29 70]
[159 -28 69]
[159 -29 69]
[159 -29 71]
[159 -27 70]
[159 -28 58]
[159 -28 57]
[159 -27 57]
[159 -28 61]
[159 -28 60]
[159 -29 81]
[159 -29 79]
[159 -28 59]
[159 -28 83]
[159 -26 84]
[159 -28 64]
[159 -29 72]
[159 -25 55]
[159 -26 55]
[159 -29 78]
[159 -29 80]
[159 -29 67]
[159 -28 68]
[159 -23 84]
[159 -28 77]
[159 -28 75]
[159 -28 78]
[159 -28 62]
[159 -25 85]
[159 -28 63]
[159 -28 81]
[159 -28 82]
[159 -29 77]
[159 -29 76]
[160 -29 68]
[160 -30 79]
[160 -29 56]
[160 -24 85]
[160 -30 78]
[160 -30 76]
[160 -30 69]
[160 -30 70]
[160 -30 68]
[160 -29 60]
[160 -29 61]
[160 -29 62]
[160 -29 63]
[160 -27 56]
[160 -29 75]
[160 -29 73]
[160 -30 71]
[160 -30 72]
[160 -29 66]
[160 -30 66]
[160 -29 82]
[160 -29 57]
[160 -27 74]
[160 -29 64]
[160 -25 86]
[160 -26 85]
[160 -29 58]
[160 -30 81]
[160 -28 84]
[160 -27 84]
[160 -29 84]
[160 -30 75]
[160 -29 74]
[160 -27 85]
[160 -30 73]
[161 -27 86]
[161 -28 85]
[161 -31 72]
[161 -30 65]
[161 -30 67]
[161 -31 66]
[161 -31 67]
[161 -29 65]
[161 -31 65]
[161 -30 62]
[161 -30 60]
[161 -31 77]
[161 -30 77]
[161 -29 83]
[161 -30 83]
[161 -29 59]
[161 -30 61]
[161 -30 63]
[161 -31 80]
[161 -31 81]
[161 -30 80]
[161 -31 69]
[161 -30 64]
[161 -31 79]
[161 -31 78]
[161 -31 75]
[161 -31 74]
[161 -24 86]
[161 -26 86]
[161 -28 56]
[161 -30 57]
[161 -30 56]
[161 -30 74]
[161 -31 73]
[161 -31 68]
[161 -28 55]
[161 -29 55]
[161 -31 70]
[161 -30 85]
[161 -29 85]
[161 -30 59]
[162 -32 67]
[162 -31 63]
[162 -32 68]
[162 -32 76]
[162 -32 69]
[162 -32 71]
[162 -31 71]
[162 -32 75]
[162 -32 74]
[162 -31 85]
[162 -31 60]
[162 -30 58]
[162 -31 58]
[162 -31 59]
[162 -23 87]
[162 -25 87]
[162 -32 79]
[162 -27 55]
[162 -31 64]
[162 -31 61]
[162 -31 82]
[162 -32 66]
[162 -32 64]
[162 -32 65]
[162 -32 78]
[162 -32 82]
[162 -32 81]
[162 -32 80]
[162 -31 62]
[162 -31 76]
[163 -32 63]
[163 -33 74]
[163 -33 65]
[163 -32 73]
[163 -33 75]
[163 -33 73]
[163 -32 61]
[163 -32 62]
[163 -32 77]
[163 -33 79]
[163 -32 70]
[163 -33 70]
[163 -33 71]
[163 -32 72]
[163 -24 87]
[163 -33 69]
[163 -33 68]
[163 -33 67]
[163 -33 63]
[163 -33 64]
[163 -32 60]
[163 -32 59]
[163 -33 78]
[163 -33 66]
[163 -31 84]
[163 -32 84]
[163 -32 85]
[163 -31 83]
[163 -33 80]
[164 -34 64]
[164 -34 65]
[164 -34 63]
[164 -30 84]
[164 -34 66]
[164 -33 60]
[164 -33 58]
[164 -34 75]
[164 -34 73]
[164 -34 74]
[164 -33 62]
[164 -33 59]
[164 -34 72]
[164 -34 67]
[164 -33 72]
[164 -34 71]
[164 -34 70]
[164 -34 69]
[164 -33 77]
[164 -34 78]
[164 -30 82]
[164 -32 83]
[164 -34 62]
[164 -34 79]
[164 -33 61]
[164 -33 76]
[164 -34 76]
[164 -34 80]
[164 -23 88]
[164 -34 68]
[165 -34 60]
[165 -34 61]
[165 -35 62]
[165 -35 64]
[165 -35 63]
[165 -35 65]
[165 -35 75]
[165 -34 77]
[165 -35 76]
[165 -35 72]
[165 -35 73]
[165 -35 74]
[165 -35 61]
[165 -33 81]
[165 -34 81]
[165 -35 79]
[165 -34 59]
[165 -35 77]
[165 -35 70]
[165 -35 78]
[165 -22 87]
[165 -35 68]
[165 -35 66]
[165 -35 67]
[166 -36 75]
[166 -35 59]
[166 -36 63]
[166 -36 64]
[166 -36 62]
[166 -36 70]
[166 -36 69]
[166 -36 61]
[166 -35 60]
[166 -36 60]
[166 -36 66]
[166 -21 88]
[166 -22 88]
[166 -36 79]
[166 -35 80]
[166 -35 82]
[166 -34 82]
[166 -35 81]
[166 -33 82]
[166 -36 68]
[166 -35 58]
[166 -34 58]
[166 -36 72]
[166 -36 73]
[166 -36 76]
[166 -36 77]
[166 -35 69]
[166 -36 67]
[166 -35 71]
[166 -36 71]
[167 -37 68]
[167 -33 83]
[167 -34 83]
[167 -36 83]
[167 -36 81]
[167 -35 83]
[167 -37 69]
[167 -37 71]
[167 -37 70]
[167 -37 75]
[167 -37 76]
[167 -37 77]
[167 -37 74]
[167 -36 80]
[167 -37 80]
[167 -37 78]
[167 -37 79]
[167 -36 59]
[167 -37 64]
[167 -37 66]
[167 -37 67]
[167 -37 59]
[167 -37 60]
[167 -36 65]
[167 -35 57]
[167 -36 57]
[167 -36 58]
[167 -20 89]
[167 -36 78]
[167 -37 63]
[167 -37 73]
[167 -36 74]
[168 -37 81]
[168 -38 74]
[168 -38 76]
[168 -38 59]
[168 -38 78]
[168 -37 58]
[168 -37 57]
[168 -38 70]
[168 -38 68]
[168 -38 62]
[168 -37 62]
[168 -20 88]
[168 -38 79]
[168 -38 71]
[168 -37 83]
[168 -36 82]
[168 -37 82]
[168 -37 84]
[168 -36 84]
[168 -33 84]
[168 -37 61]
[168 -34 84]
[168 -37 65]
[168 -38 65]
[168 -35 84]
[168 -38 81]
[168 -37 72]
[168 -38 72]
[168 -38 75]
[169 -39 70]
[169 -39 71]
[169 -39 69]
[169 -38 69]
[169 -38 73]
[169 -38 84]
[169 -38 83]
[169 -39 80]
[169 -39 82]
[169 -39 81]
[169 -38 58]
[169 -39 78]
[169 -39 79]
[169 -39 63]
[169 -39 61]
[169 -39 74]
[169 -39 73]
[169 -38 66]
[169 -38 61]
[169 -39 68]
[169 -39 76]
[169 -39 75]
[169 -38 77]
[169 -39 77]
[169 -39 66]
[169 -39 64]
[169 -39 65]
[169 -38 64]
[169 -38 82]
[169 -38 60]
[170 -40 65]
[170 -38 63]
[170 -40 64]
[170 -39 67]
[170 -40 66]
[170 -39 60]
[170 -39 59]
[170 -40 77]
[170 -40 76]
[170 -40 78]
[170 -39 57]
[170 -38 80]
[170 -40 69]
[170 -40 68]
[170 -40 75]
[170 -40 67]
[170 -38 67]
[170 -40 72]
[170 -39 72]
[170 -40 60]
[170 -39 62]
[170 -40 62]
[170 -40 73]
[171 -41 60]
[171 -41 59]
[171 -41 65]
[171 -41 64]
[171 -41 74]
[171 -41 76]
[171 -40 74]
[171 -40 56]
[171 -38 56]
[171 -40 58]
[171 -40 71]
[171 -40 61]
[171 -41 62]
[171 -41 75]
[171 -41 78]
[171 -41 73]
[171 -41 70]
[171 -41 68]
[171 -41 67]
[171 -41 71]
[171 -40 63]
[171 -41 63]
[172 -42 64]
[172 -42 62]
[172 -42 78]
[172 -41 72]
[172 -42 70]
[172 -42 71]
[172 -41 61]
[172 -42 60]
[172 -39 56]
[172 -37 56]
[172 -42 63]
[172 -42 61]
[172 -42 69]
[172 -40 70]
[172 -40 57]
[172 -41 55]
[172 -41 56]
[172 -39 55]
[172 -41 57]
[172 -40 55]
[172 -42 73]
[172 -42 72]
[172 -42 66]
[172 -42 75]
[172 -42 76]
[172 -42 77]
[172 -42 74]
[172 -42 67]
[172 -42 65]
[172 -41 58]
[172 -41 69]
[173 -43 62]
[173 -43 64]
[173 -43 63]
[173 -41 77]
[173 -43 77]
[173 -41 54]
[173 -43 72]
[173 -38 57]
[173 -43 76]
[173 -38 55]
[173 -43 61]
[173 -42 56]
[173 -43 75]
[173 -43 74]
[173 -43 60]
[173 -43 59]
[173 -43 70]
[173 -42 55]
[173 -42 54]
[173 -43 67]
[173 -43 66]
[173 -41 66]
[173 -42 59]
[173 -40 59]
[173 -43 73]
[174 -43 58]
[174 -42 58]
[174 -43 53]
[174 -43 55]
[174 -44 66]
[174 -43 68]
[174 -42 68]
[174 -44 68]
[174 -44 63]
[174 -44 62]
[174 -44 76]
[174 -44 60]
[174 -44 58]
[174 -39 58]
[174 -44 74]
[174 -44 75]
[174 -44 64]
[174 -44 65]
[174 -44 59]
[174 -43 56]
[174 -44 70]
[174 -43 71]
[174 -44 71]
[174 -44 72]
[174 -44 61]
[174 -44 73]
[175 -43 65]
[175 -45 66]
[175 -45 74]
[175 -45 61]
[175 -43 69]
[175 -45 59]
[175 -45 68]
[175 -45 60]
[175 -45 65]
[175 -45 64]
[175 -42 57]
[175 -44 55]
[175 -43 57]
[175 -44 57]
[175 -45 72]
[175 -44 56]
[175 -43 54]
[175 -44 54]
[175 -44 53]
[175 -45 71]
[175 -45 58]
[175 -45 57]
[176 -44 67]
[176 -46 67]
[176 -44 69]
[176 -45 63]
[176 -46 64]
[176 -46 63]
[176 -46 62]
[176 -46 61]
[176 -45 62]
[176 -45 55]
[176 -46 65]
[176 -46 66]
[176 -46 58]
[176 -45 73]
[176 -46 74]
[176 -45 56]
[176 -45 54]
[176 -46 72]
[176 -46 70]
[176 -45 70]
[176 -46 59]
[176 -46 71]
[176 -46 73]
[176 -42 53]
[176 -46 56]
[176 -46 57]
[176 -46 60]
[176 -44 52]
[176 -45 52]
[176 -43 52]
[177 -46 52]
[177 -45 51]
[177 -46 51]
[177 -45 53]
[177 -45 69]
[177 -47 60]
[177 -47 65]
[177 -47 64]
[177 -47 63]
[177 -47 62]
[177 -47 57]
[177 -47 59]
[177 -47 72]
[177 -47 74]
[177 -47 73]
[177 -46 54]
[177 -46 55]
[177 -46 53]
[177 -46 68]
[177 -45 67]
[177 -47 66]
[177 -47 71]
[177 -47 61]
[177 -47 56]
[177 -45 75]
[177 -46 69]
[178 -47 69]
[178 -47 70]
[178 -48 65]
[178 -48 67]
[178 -48 60]
[178 -48 58]
[178 -47 55]
[178 -47 53]
[178 -48 59]
[178 -48 63]
[178 -47 54]
[178 -47 52]
[178 -48 73]
[178 -48 72]
[178 -48 74]
[178 -48 64]
[178 -48 55]
[178 -48 57]
[178 -45 76]
[178 -48 61]
[178 -48 62]
[179 -49 73]
[179 -49 57]
[179 -49 59]
[179 -49 58]
[179 -49 64]
[179 -49 65]
[179 -48 56]
[179 -49 66]
[179 -49 62]
[179 -48 68]
[179 -49 68]
[179 -48 66]
[179 -49 67]
[179 -47 67]
[179 -48 51]
[179 -48 52]
[179 -48 53]
[179 -48 54]
[179 -49 61]
[179 -49 60]
[179 -49 72]
[179 -49 63]
[179 -48 70]
[179 -48 69]
[180 -49 55]
[180 -50 65]
[180 -50 64]
[180 -50 66]
[180 -50 67]
[180 -49 69]
[180 -49 53]
[180 -49 54]
[180 -50 59]
[180 -50 73]
[180 -50 74]
[180 -50 72]
[180 -49 74]
[180 -49 71]
[180 -50 61]
[180 -50 69]
[180 -47 50]
[180 -49 51]
[180 -47 51]
[180 -49 52]
[180 -50 62]
[180 -49 70]
[180 -50 58]
[180 -50 56]
[180 -50 57]
[181 -49 56]
[181 -51 72]
[181 -51 71]
[181 -50 68]
[181 -50 70]
[181 -51 56]
[181 -51 55]
[181 -50 54]
[181 -50 53]
[181 -51 60]
[181 -51 58]
[181 -48 50]
[181 -49 50]
[181 -50 50]
[181 -50 51]
[181 -50 71]
[181 -51 68]
[181 -51 74]
[181 -51 62]
[181 -51 61]
[181 -48 71]
[181 -51 69]
[181 -50 52]
[181 -51 57]
[181 -51 66]
[181 -51 65]
[181 -51 64]
[181 -51 73]
[182 -52 65]
[182 -52 63]
[182 -51 70]
[182 -51 51]
[182 -51 53]
[182 -52 57]
[182 -52 56]
[182 -51 67]
[182 -52 66]
[182 -49 49]
[182 -50 49]
[182 -51 54]
[182 -51 52]
[182 -52 73]
[182 -50 60]
[182 -52 59]
[182 -52 72]
[182 -52 74]
[182 -50 55]
[182 -52 60]
[182 -52 71]
[182 -52 69]
[182 -51 63]
[182 -52 70]
[183 -48 49]
[183 -50 48]
[183 -51 49]
[183 -51 50]
[183 -53 68]
[183 -53 69]
[183 -53 64]
[183 -52 55]
[183 -52 53]
[183 -52 54]
[183 -52 64]
[183 -52 67]
[183 -53 70]
[183 -53 71]
[183 -51 59]
[183 -52 58]
[183 -53 57]
[183 -53 56]
[183 -53 66]
[183 -53 65]
[183 -53 73]
[183 -53 74]
[183 -53 72]
[183 -52 52]
[183 -53 60]
[183 -53 59]
[183 -53 61]
[183 -52 61]
[184 -54 71]
[184 -54 73]
[184 -54 72]
[184 -54 65]
[184 -54 66]
[184 -54 67]
[184 -54 68]
[184 -54 70]
[184 -53 62]
[184 -54 62]
[184 -52 51]
[184 -53 52]
[184 -53 53]
[184 -52 68]
[184 -52 62]
[184 -52 50]
[184 -53 63]
[184 -54 57]
[184 -54 58]
[184 -53 58]
[184 -54 61]
[184 -54 63]
[184 -54 64]
[184 -54 74]
[184 -54 55]
[184 -52 48]
[184 -51 48]
[184 -52 49]
[184 -53 55]
[184 -53 54]
[184 -53 67]
[185 -53 49]
[185 -53 50]
[185 -54 56]
[185 -55 73]
[185 -55 74]
[185 -55 70]
[185 -55 72]
[185 -55 57]
[185 -55 58]
[185 -55 65]
[185 -55 67]
[185 -55 68]
[185 -54 69]
[185 -55 64]
[185 -55 63]
[185 -54 59]
[185 -54 60]
[185 -55 60]
[185 -54 53]
[185 -55 54]
[185 -55 55]
[185 -54 52]
[185 -54 51]
[185 -53 51]
[185 -55 71]
[185 -52 47]
[185 -54 54]
[185 -55 69]
[185 -55 59]
[185 -55 66]
[185 -53 48]
[185 -55 62]
[186 -55 53]
[186 -55 61]
[186 -56 74]
[186 -55 56]
[186 -56 56]
[186 -55 52]
[186 -56 58]
[186 -56 63]
[186 -56 54]
[186 -53 47]
[186 -53 46]
[186 -52 46]
[186 -56 66]
[186 -56 68]
[186 -56 67]
[186 -56 72]
[186 -54 50]
[186 -56 55]
[186 -56 70]
[186 -56 62]
[186 -56 71]
[186 -56 59]
[186 -56 73]
[186 -56 69]
[186 -56 61]
[186 -54 49]
[187 -56 53]
[187 -52 45]
[187 -56 60]
[187 -57 60]
[187 -57 61]
[187 -57 63]
[187 -57 64]
[187 -56 64]
[187 -57 55]
[187 -57 71]
[187 -57 72]
[187 -57 58]
[187 -57 59]
[187 -57 57]
[187 -57 73]
[187 -56 65]
[187 -57 67]
[187 -57 66]
[187 -57 74]
[187 -57 68]
[187 -57 69]
[187 -57 56]
[187 -55 49]
[187 -57 70]
[187 -56 57]
[188 -58 71]
[188 -57 65]
[188 -58 64]
[188 -58 63]
[188 -58 65]
[188 -58 62]
[188 -58 61]
[188 -58 60]
[188 -58 56]
[188 -52 44]
[188 -51 45]
[188 -58 67]
[188 -58 69]
[188 -58 73]
[188 -58 74]
[188 -58 66]
[188 -58 57]
[188 -58 58]
[188 -58 70]
[189 -59 62]
[189 -59 67]
[189 -59 66]
[189 -59 57]
[189 -59 63]
[189 -59 65]
[189 -50 44]
[189 -59 68]
[189 -59 58]
[189 -59 61]
[189 -57 62]
[189 -59 69]
[189 -58 68]
[189 -59 74]
[189 -59 72]
[189 -58 72]
[189 -59 71]
[189 -51 43]
[189 -51 44]
[189 -59 59]
[189 -59 70]
[190 -60 66]
[190 -60 65]
[190 -60 72]
[190 -59 60]
[190 -60 60]
[190 -60 62]
[190 -60 68]
[190 -60 58]
[190 -60 57]
[190 -50 43]
[190 -60 63]
[190 -59 64]
[190 -60 61]
[190 -59 73]
[190 -60 70]
[190 -49 43]
[190 -59 75]
[190 -60 73]
[190 -60 74]
[191 -61 58]
[191 -61 64]
[191 -61 63]
[191 -60 69]
[191 -61 69]
[191 -61 73]
[191 -58 59]
[191 -61 60]
[191 -61 61]
[191 -61 66]
[191 -60 75]
[191 -60 67]
[191 -61 57]
[191 -60 59]
[191 -61 71]
[191 -61 59]
[191 -60 64]
[191 -48 42]
[192 -62 57]
[192 -61 72]
[192 -62 72]
[192 -61 70]
[192 -62 62]
[192 -61 62]
[192 -62 58]
[192 -61 67]
[192 -62 67]
[192 -62 65]
[192 -61 65]
[192 -62 63]
[192 -61 68]
[192 -62 60]
[192 -62 61]
[192 -48 43]
[192 -47 41]
[192 -47 43]
[192 -47 42]
[192 -61 75]
[193 -63 59]
[193 -63 68]
[193 -62 68]
[193 -63 67]
[193 -62 66]
[193 -63 60]
[193 -63 61]
[193 -62 71]
[193 -62 70]
[193 -46 41]
[193 -63 62]
[193 -62 64]
[193 -63 73]
[193 -63 71]
[193 -63 64]
[193 -63 65]
[193 -63 66]
[193 -60 71]
[193 -47 40]
[193 -46 42]
[194 -63 72]
[194 -64 72]
[194 -64 71]
[194 -48 41]
[194 -63 69]
[194 -64 67]
[194 -62 69]
[194 -64 69]
[194 -63 63]
[194 -45 41]
[194 -62 59]
[194 -64 60]
[194 -64 61]
[194 -64 65]
[194 -46 40]
[194 -64 73]
[194 -64 66]
[194 -64 68]
[195 -45 40]
[195 -65 68]
[195 -63 70]
[195 -64 70]
[195 -64 64]
[195 -65 67]
[195 -64 62]
[195 -65 61]
[195 -65 62]
[195 -65 70]
[195 -65 71]
[195 -65 73]
[195 -65 66]
[195 -65 65]
[195 -65 59]
[195 -65 60]
[195 -63 58]
[196 -66 60]
[196 -66 62]
[196 -66 67]
[196 -66 72]
[196 -65 72]
[196 -66 65]
[196 -66 64]
[196 -66 66]
[196 -65 64]
[196 -64 59]
[196 -66 69]
[196 -65 69]
[196 -66 59]
[196 -65 58]
[196 -66 63]
[196 -66 61]
[196 -65 63]
[196 -66 68]
[196 -64 63]
[197 -67 62]
[197 -66 71]
[197 -67 63]
[197 -67 65]
[197 -67 66]
[197 -67 64]
[197 -67 67]
[197 -67 68]
[197 -66 73]
[197 -64 58]
[198 -68 66]
[198 -67 72]
[198 -67 74]
[198 -68 63]
[198 -68 65]
[198 -67 69]
[198 -68 69]
[198 -68 68]
[198 -68 62]
[198 -67 61]
[198 -68 64]
[198 -68 67]
[198 -67 71]
[199 -69 66]
[199 -69 65]
[199 -68 61]
[199 -67 60]
[199 -67 70]
[199 -68 70]
[199 -69 63]
[199 -69 67]
[199 -68 72]
[199 -68 73]
[199 -68 74]
[199 -69 62]
[199 -68 71]
[199 -66 70]
[199 -69 69]
[199 -69 68]
[200 -69 72]
[200 -70 67]
[200 -70 66]
[200 -68 59]
[200 -68 60]
[200 -70 68]
[200 -70 69]
[200 -69 61]
[200 -70 63]
[200 -70 61]
[200 -69 64]
[200 -70 65]
[200 -67 73]
[200 -69 71]
[200 -69 70]
[200 -69 60]
[200 -70 64]
[201 -71 68]
[201 -71 62]
[201 -70 60]
[201 -71 60]
[201 -70 71]
[201 -70 72]
[201 -71 69]
[201 -70 70]
[201 -71 64]
[201 -71 63]
[201 -70 73]
[201 -69 73]
[201 -69 59]
[201 -71 66]
[201 -71 65]
[201 -67 59]
[201 -71 67]
[201 -70 62]
[201 -66 74]
[202 -72 65]
[202 -72 63]
[202 -71 61]
[202 -71 73]
[202 -69 74]
[202 -71 72]
[202 -70 74]
[202 -71 70]
[202 -71 71]
[202 -72 69]
[202 -72 66]
[202 -72 67]
[202 -72 61]
[202 -70 59]
[202 -72 60]
[202 -70 58]
[202 -72 64]
[203 -73 64]
[203 -72 62]
[203 -72 74]
[203 -71 74]
[203 -71 59]
[203 -70 57]
[203 -73 61]
[203 -73 60]
[203 -73 62]
[203 -69 58]
[203 -71 58]
[203 -72 73]
[203 -72 72]
[203 -72 71]
[203 -73 68]
[203 -72 68]
[203 -71 75]
[203 -69 75]
[204 -73 63]
[204 -73 65]
[204 -74 64]
[204 -70 56]
[204 -70 75]
[204 -73 72]
[204 -74 61]
[204 -74 60]
[204 -74 62]
[204 -73 70]
[204 -74 68]
[204 -73 69]
[204 -74 69]
[204 -72 75]
[204 -72 59]
[204 -73 59]
[205 -70 55]
[205 -69 57]
[205 -75 64]
[205 -75 61]
[205 -75 63]
[205 -73 75]
[205 -73 58]
[205 -72 58]
[205 -75 60]
[205 -74 70]
[205 -74 71]
[205 -73 71]
[205 -75 68]
[205 -75 69]
[205 -75 67]
[205 -74 65]
[205 -73 66]
[205 -74 66]
[205 -74 59]
[206 -76 68]
[206 -76 69]
[206 -76 67]
[206 -75 58]
[206 -75 59]
[206 -73 57]
[206 -74 67]
[206 -75 65]
[206 -76 64]
[206 -76 63]
[206 -76 61]
[206 -75 72]
[206 -75 71]
[206 -75 70]
[206 -73 67]
[206 -75 66]
[206 -69 56]
[206 -68 57]
[206 -76 62]
[206 -74 63]
[206 -74 57]
[207 -77 64]
[207 -77 62]
[207 -77 63]
[207 -68 56]
[207 -77 69]
[207 -76 70]
[207 -76 71]
[207 -74 73]
[207 -75 73]
[207 -76 73]
[207 -77 61]
[207 -77 68]
[207 -77 67]
[207 -74 58]
[207 -76 59]
[207 -75 56]
[207 -74 56]
[207 -76 58]
[207 -76 60]
[207 -77 60]
[207 -76 72]
[207 -74 72]
[207 -76 65]
[207 -76 66]
[208 -77 58]
[208 -77 59]
[208 -76 74]
[208 -74 74]
[208 -73 73]
[208 -75 57]
[208 -73 56]
[208 -73 55]
[208 -75 55]
[208 -78 69]
[208 -78 67]
[208 -77 73]
[208 -78 62]
[208 -78 64]
[208 -77 66]
[208 -77 65]
[208 -77 72]
[208 -77 71]
[208 -78 68]
[208 -77 70]
[208 -78 61]
[208 -78 63]
[208 -76 55]
[208 -74 55]
[208 -76 56]
[208 -78 65]
[208 -78 60]
[208 -67 56]
[209 -79 69]
[209 -79 62]
[209 -79 64]
[209 -78 72]
[209 -78 71]
[209 -77 57]
[209 -76 57]
[209 -77 56]
[209 -77 55]
[209 -76 54]
[209 -74 54]
[209 -75 54]
[209 -73 74]
[209 -79 63]
[209 -67 55]
[209 -66 55]
[209 -78 58]
[209 -79 61]
[209 -78 59]
[209 -78 66]
[209 -79 66]
[209 -79 65]
[209 -77 74]
[209 -79 67]
[209 -75 74]
[209 -74 75]
[209 -76 75]
[210 -80 62]
[210 -79 57]
[210 -75 75]
[210 -77 75]
[210 -80 61]
[210 -78 70]
[210 -79 71]
[210 -75 53]
[210 -76 53]
[210 -78 57]
[210 -78 56]
[210 -80 68]
[210 -80 66]
[210 -79 58]
[210 -79 60]
[210 -74 53]
[210 -80 63]
[210 -80 64]
[210 -79 70]
[210 -73 54]
[210 -78 73]
[210 -78 75]
[210 -80 60]
[211 -81 63]
[211 -81 65]
[211 -81 61]
[211 -81 60]
[211 -78 74]
[211 -80 57]
[211 -74 52]
[211 -75 52]
[211 -81 62]
[211 -81 66]
[211 -80 67]
[211 -79 56]
[211 -81 67]
[211 -81 68]
[211 -80 69]
[211 -79 72]
[211 -80 71]
[211 -79 73]
[211 -79 59]
[211 -72 53]
[212 -82 60]
[212 -82 61]
[212 -80 59]
[212 -82 69]
[212 -82 68]
[212 -81 69]
[212 -82 67]
[212 -73 53]
[212 -75 51]
[212 -82 66]
[212 -82 65]
[212 -80 73]
[212 -80 72]
[212 -81 70]
[212 -79 75]
[212 -79 74]
[212 -80 56]
[212 -82 63]
[212 -82 62]
[212 -81 64]
[212 -71 53]
[212 -72 52]
[212 -76 52]
[212 -81 58]
[212 -81 57]
[212 -81 71]
[213 -81 72]
[213 -82 72]
[213 -77 52]
[213 -76 51]
[213 -77 53]
[213 -77 51]
[213 -81 59]
[213 -80 58]
[213 -80 74]
[213 -83 68]
[213 -83 69]
[213 -81 73]
[213 -80 75]
[213 -81 74]
[213 -76 50]
[213 -74 50]
[213 -75 50]
[213 -83 66]
[213 -83 65]
[213 -82 59]
[213 -83 59]
[213 -82 70]
[213 -80 70]
[213 -82 64]
[213 -83 62]
[213 -83 61]
[213 -83 60]
[213 -83 63]
[213 -70 53]
[213 -83 67]
[213 -71 52]
[213 -73 51]
[213 -73 52]
[213 -83 64]
[213 -82 57]
[213 -82 58]
[214 -84 66]
[214 -84 67]
[214 -84 68]
[214 -84 59]
[214 -77 50]
[214 -81 75]
[214 -82 73]
[214 -83 70]
[214 -83 71]
[214 -82 71]
[214 -84 60]
[214 -84 58]
[214 -84 61]
[214 -84 62]
[214 -83 57]
[214 -84 70]
[214 -73 50]
[214 -72 50]
[214 -72 51]
[214 -70 52]
[214 -74 51]
[214 -83 58]
[214 -83 73]
[214 -84 64]
[214 -84 65]
[214 -78 52]
[214 -78 51]
[214 -76 49]
[214 -80 76]
[214 -81 76]
[214 -73 49]
[214 -75 49]
[214 -71 51]
[214 -84 63]
[214 -74 49]
[215 -70 51]
[215 -83 72]
[215 -71 50]
[215 -85 71]
[215 -84 69]
[215 -84 71]
[215 -85 70]
[215 -85 59]
[215 -85 58]
[215 -74 48]
[215 -75 48]
[215 -76 48]
[215 -77 49]
[215 -84 72]
[215 -85 66]
[215 -82 76]
[215 -82 74]
[215 -84 74]
[215 -85 67]
[215 -82 75]
[215 -82 77]
[215 -80 77]
[215 -81 77]
[215 -85 61]
[215 -72 49]
[215 -85 62]
[215 -85 60]
[215 -85 64]
[215 -79 51]
[215 -79 50]
[215 -78 50]
[215 -85 63]
[215 -85 69]
[216 -84 73]
[216 -75 47]
[216 -77 48]
[216 -77 47]
[216 -86 59]
[216 -86 60]
[216 -86 61]
[216 -86 62]
[216 -83 76]
[216 -83 75]
[216 -86 69]
[216 -86 71]
[216 -86 66]
[216 -85 65]
[216 -86 67]
[216 -86 65]
[216 -85 72]
[216 -86 72]
[216 -70 49]
[216 -70 50]
[216 -80 50]
[216 -80 49]
[216 -79 49]
[216 -82 78]
[216 -83 77]
[216 -78 48]
[216 -78 49]
[216 -84 75]
[216 -85 73]
[216 -85 68]
[216 -73 48]
[216 -86 63]
[216 -71 48]
[216 -71 49]
[217 -87 71]
[217 -87 73]
[217 -86 73]
[217 -87 70]
[217 -87 69]
[217 -87 68]
[217 -86 70]
[217 -85 74]
[217 -74 47]
[217 -76 47]
[217 -74 46]
[217 -73 47]
[217 -71 47]
[217 -70 48]
[217 -83 78]
[217 -87 61]
[217 -87 62]
[217 -69 49]
[217 -87 60]
[217 -78 46]
[217 -76 46]
[217 -77 46]
[217 -83 74]
[217 -84 76]
[217 -81 49]
[217 -86 68]
[217 -86 64]
[217 -87 63]
[217 -81 48]
[217 -80 48]
[217 -79 48]
[217 -87 66]
[217 -79 47]
[218 -80 47]
[218 -88 67]
[218 -81 50]
[218 -88 68]
[218 -87 67]
[218 -87 65]
[218 -87 64]
[218 -78 45]
[218 -77 45]
[218 -76 45]
[218 -88 72]
[218 -88 73]
[218 -87 74]
[218 -88 61]
[218 -84 77]
[218 -85 77]
[218 -78 47]
[218 -79 46]
[218 -79 45]
[218 -88 69]
[218 -88 71]
[218 -87 72]
[218 -75 46]
[218 -81 47]
[218 -88 70]
[218 -72 46]
[218 -73 46]
[218 -72 48]
[218 -70 47]
[218 -69 47]
[218 -82 49]
[218 -69 48]
[218 -68 48]
[218 -86 74]
[218 -73 45]
[218 -74 45]
[218 -88 64]
[218 -88 63]
[219 -89 71]
[219 -80 46]
[219 -89 69]
[219 -76 44]
[219 -78 44]
[219 -87 75]
[219 -86 75]
[219 -88 66]
[219 -72 45]
[219 -72 47]
[219 -75 45]
[219 -72 44]
[219 -73 44]
[219 -77 44]
[219 -80 44]
[219 -71 46]
[219 -89 63]
[219 -88 62]
[219 -75 44]
[219 -74 44]
[219 -68 47]
[219 -82 47]
[219 -82 48]
[219 -83 48]
[219 -89 70]
[219 -89 65]
[219 -88 65]
[219 -86 77]
[219 -85 76]
[219 -89 67]
[219 -89 68]
[219 -70 46]
[219 -68 46]
[219 -69 46]
[220 -88 76]
[220 -87 76]
[220 -86 76]
[220 -90 64]
[220 -89 64]
[220 -89 66]
[220 -90 65]
[220 -80 45]
[220 -79 43]
[220 -79 44]
[220 -74 43]
[220 -70 45]
[220 -69 45]
[220 -83 47]
[220 -90 63]
[220 -90 67]
[220 -90 68]
[220 -71 44]
[220 -71 43]
[220 -83 49]
[220 -67 45]
[220 -67 46]
[220 -68 45]
[220 -75 43]
[220 -76 43]
[220 -90 70]
[220 -90 71]
[220 -77 43]
[220 -81 45]
[220 -81 46]
[220 -78 43]
[220 -73 43]
[221 -70 44]
[221 -68 44]
[221 -69 44]
[221 -74 42]
[221 -73 42]
[221 -75 42]
[221 -77 42]
[221 -76 42]
[221 -91 69]
[221 -90 69]
[221 -91 68]
[221 -91 67]
[221 -66 44]
[221 -91 64]
[221 -90 62]
[221 -67 44]
[221 -91 66]
[221 -81 44]
[221 -89 76]
[221 -89 77]
[221 -88 77]
[221 -80 43]
[221 -80 42]
[221 -82 44]
[221 -87 77]
[221 -72 43]
[221 -82 46]
[221 -91 71]
[221 -91 70]
[221 -84 50]
[221 -84 49]
[221 -84 48]
[221 -71 42]
[221 -70 42]
[221 -72 42]
[222 -70 43]
[222 -71 41]
[222 -80 41]
[222 -81 42]
[222 -81 41]
[222 -79 41]
[222 -85 49]
[222 -85 50]
[222 -67 43]
[222 -91 63]
[222 -89 62]
[222 -77 41]
[222 -73 41]
[222 -68 43]
[222 -69 43]
[222 -76 41]
[222 -89 78]
[222 -88 78]
[222 -82 45]
[222 -90 66]
[222 -70 41]
[222 -71 45]
[222 -79 42]
[222 -81 43]
[222 -91 65]
[222 -92 64]
[222 -92 65]
[222 -92 63]
[222 -85 48]
[222 -84 47]
[222 -92 66]
[222 -83 50]
[222 -74 41]
[222 -72 41]
[223 -82 43]
[223 -82 42]
[223 -82 41]
[223 -93 64]
[223 -86 49]
[223 -86 47]
[223 -67 42]
[223 -66 43]
[223 -66 42]
[223 -68 42]
[223 -74 40]
[223 -75 41]
[223 -78 42]
[223 -79 40]
[223 -78 40]
[223 -80 40]
[223 -69 42]
[223 -81 40]
[223 -88 79]
[223 -87 78]
[223 -77 40]
[223 -85 47]
[223 -82 51]
[223 -82 50]
[223 -73 40]
[223 -90 78]
[223 -89 79]
[224 -88 80]
[224 -89 80]
[224 -82 40]
[224 -81 39]
[224 -80 39]
[224 -82 39]
[224 -78 41]
[224 -69 41]
[224 -67 41]
[224 -65 42]
[224 -83 42]
[224 -83 41]
[224 -83 40]
[224 -78 39]
[224 -76 39]
[224 -76 40]
[224 -83 51]
[224 -68 41]
[224 -66 41]
[224 -73 39]
[224 -72 39]
[224 -85 46]
[224 -86 46]
[224 -90 79]
[224 -90 80]
[224 -83 43]
[224 -86 48]
[225 -75 40]
[225 -72 38]
[225 -73 38]
[225 -81 38]
[225 -83 39]
[225 -67 40]
[225 -68 40]
[225 -84 43]
[225 -83 44]
[225 -84 41]
[225 -84 39]
[225 -84 42]
[225 -78 38]
[225 -77 38]
[225 -79 39]
[225 -77 39]
[225 -79 38]
[225 -69 40]
[225 -80 38]
[225 -66 40]
[225 -65 40]
[225 -87 48]
[225 -89 81]
[225 -84 40]
[225 -74 38]
[225 -76 38]
[225 -75 38]
[225 -85 45]
[225 -87 80]
[225 -88 81]
[225 -87 81]
[225 -87 45]
[225 -86 45]
[226 -84 44]
[226 -85 40]
[226 -87 46]
[226 -80 37]
[226 -81 37]
[226 -79 37]
[226 -84 38]
[226 -85 38]
[226 -85 39]
[226 -86 44]
[226 -87 44]
[226 -88 46]
[226 -88 45]
[226 -86 80]
[226 -87 79]
[226 -65 41]
[226 -64 39]
[226 -75 37]
[226 -75 39]
[226 -90 81]
[226 -76 37]
[226 -77 37]
[226 -86 82]
[226 -87 82]
[226 -88 82]
[226 -66 39]
[226 -84 46]
[226 -85 44]
[226 -85 43]
[226 -85 41]
[226 -83 38]
[226 -74 39]
[226 -78 37]
[226 -73 37]
[226 -74 37]
[226 -87 47]
[227 -86 43]
[227 -82 37]
[227 -82 38]
[227 -85 81]
[227 -86 40]
[227 -86 38]
[227 -80 36]
[227 -78 36]
[227 -83 46]
[227 -75 36]
[227 -74 36]
[227 -86 42]
[227 -86 41]
[227 -86 39]
[227 -84 37]
[227 -86 37]
[227 -85 37]
[227 -77 36]
[227 -76 36]
[227 -88 43]
[227 -88 44]
[227 -88 83]
[227 -88 47]
[227 -89 46]
[227 -89 45]
[227 -65 39]
[227 -63 38]
[227 -86 83]
[227 -85 82]
[227 -87 83]
[227 -86 81]
[227 -89 44]
[227 -73 36]
[227 -72 36]
[228 -84 45]
[228 -75 35]
[228 -74 35]
[228 -84 82]
[228 -86 84]
[228 -85 84]
[228 -87 84]
[228 -63 37]
[228 -64 38]
[228 -87 36]
[228 -87 41]
[228 -85 42]
[228 -87 39]
[228 -87 40]
[228 -73 35]
[228 -79 35]
[228 -81 35]
[228 -87 37]
[228 -88 84]
[228 -72 35]
[228 -76 35]
[228 -77 35]
[228 -85 36]
[228 -89 43]
[228 -89 42]
[228 -90 44]
[228 -78 35]
[228 -79 36]
[228 -87 43]
[228 -83 36]
[228 -84 36]
[228 -84 83]
[229 -88 40]
[229 -73 34]
[229 -78 34]
[229 -77 34]
[229 -88 38]
[229 -87 38]
[229 -80 35]
[229 -79 34]
[229 -88 37]
[229 -88 35]
[229 -88 36]
[229 -83 35]
[229 -84 35]
[229 -86 35]
[229 -86 36]
[229 -83 45]
[229 -88 42]
[229 -90 42]
[229 -90 43]
[229 -82 36]
[229 -88 41]
[229 -88 39]
[229 -83 84]
[229 -85 83]
[229 -83 82]
[229 -64 36]
[229 -85 85]
[229 -74 34]
[229 -75 34]
[229 -81 36]
[229 -82 34]
[229 -80 34]
[229 -86 85]
[229 -87 85]
[230 -89 39]
[230 -89 37]
[230 -84 86]
[230 -86 86]
[230 -84 84]
[230 -72 33]
[230 -76 33]
[230 -81 34]
[230 -85 35]
[230 -83 34]
[230 -87 86]
[230 -79 33]
[230 -82 35]
[230 -78 33]
[230 -89 41]
[230 -84 34]
[230 -89 36]
[230 -89 35]
[230 -75 33]
[230 -76 34]
[230 -74 33]
[230 -63 36]
[230 -63 35]
[230 -87 35]
[230 -73 33]
[230 -82 33]
[230 -83 33]
[230 -86 34]
[230 -87 34]
[230 -85 34]
[230 -89 38]
[230 -82 85]
[230 -82 84]
[230 -83 85]
[230 -84 85]
[230 -82 83]
[230 -83 83]
[230 -89 34]
[231 -89 40]
[231 -90 41]
[231 -90 40]
[231 -81 33]
[231 -82 32]
[231 -84 33]
[231 -79 32]
[231 -80 33]
[231 -78 32]
[231 -85 33]
[231 -86 33]
[231 -74 32]
[231 -83 86]
[231 -82 86]
[231 -85 87]
[231 -83 87]
[231 -85 86]
[231 -87 33]
[231 -84 32]
[231 -77 32]
[231 -77 33]
[231 -90 35]
[231 -90 37]
[231 -88 34]
[231 -90 33]
[231 -72 34]
[231 -72 32]
[231 -90 39]
[231 -90 38]
[231 -64 35]
[231 -63 34]
[231 -90 36]
[231 -75 32]
[232 -91 35]
[232 -91 37]
[232 -91 36]
[232 -83 32]
[232 -83 31]
[232 -91 39]
[232 -82 31]
[232 -81 32]
[232 -91 34]
[232 -90 34]
[232 -84 87]
[232 -82 87]
[232 -87 32]
[232 -89 33]
[232 -76 32]
[232 -85 88]
[232 -86 88]
[232 -86 87]
[232 -81 86]
[232 -74 31]
[232 -80 32]
[232 -79 31]
[232 -80 31]
[232 -76 31]
[232 -77 31]
[232 -78 31]
[232 -91 40]
[232 -91 38]
[232 -85 32]
[232 -86 32]
[232 -88 32]
[232 -73 32]
[232 -73 31]
[233 -92 34]
[233 -82 30]
[233 -81 31]
[233 -88 31]
[233 -86 31]
[233 -87 31]
[233 -92 33]
[233 -91 33]
[233 -92 35]
[233 -87 87]
[233 -84 31]
[233 -83 30]
[233 -84 30]
[233 -79 30]
[233 -89 32]
[233 -88 33]
[233 -90 32]
[233 -85 31]
[233 -72 31]
[233 -82 88]
[233 -81 87]
[233 -81 88]
[233 -83 88]
[233 -84 88]
[233 -73 30]
[233 -84 89]
[233 -76 30]
[233 -81 30]
[233 -74 30]
[233 -78 30]
[233 -75 31]
[234 -75 30]
[234 -75 29]
[234 -80 88]
[234 -82 89]
[234 -89 31]
[234 -91 32]
[234 -77 30]
[234 -85 30]
[234 -83 89]
[234 -81 89]
[234 -84 29]
[234 -83 90]
[234 -85 89]
[234 -85 90]
[234 -80 30]
[234 -82 29]
[234 -83 29]
[234 -89 30]
[234 -88 30]
[234 -87 30]
[234 -93 32]
[234 -92 32]
[234 -73 29]
[234 -74 29]
[234 -79 29]
[235 -83 28]
[235 -84 28]
[235 -85 28]
[235 -78 28]
[235 -80 28]
[235 -78 29]
[235 -81 29]
[235 -84 90]
[235 -88 29]
[235 -90 30]
[235 -90 29]
[235 -74 28]
[235 -73 28]
[235 -84 91]
[235 -82 90]
[235 -76 28]
[235 -76 29]
[235 -85 29]
[235 -86 30]
[235 -72 30]
[235 -80 90]
[235 -92 31]
[235 -93 31]
[235 -93 33]
[235 -91 31]
[235 -85 91]
[235 -86 89]
[236 -73 27]
[236 -74 27]
[236 -75 28]
[236 -86 29]
[236 -86 28]
[236 -83 91]
[236 -83 92]
[236 -78 27]
[236 -79 27]
[236 -77 27]
[236 -89 29]
[236 -91 29]
[236 -91 30]
[236 -90 31]
[236 -81 27]
[236 -81 28]
[236 -80 29]
[236 -80 27]
[236 -82 27]
[236 -75 27]
[236 -81 91]
[236 -82 91]
[236 -84 27]
[236 -85 27]
[236 -87 29]
[236 -77 29]
[236 -72 28]
[236 -92 30]
[236 -93 30]
[236 -77 28]
[236 -79 28]
[237 -82 92]
[237 -81 90]
[237 -76 27]
[237 -72 29]
[237 -74 26]
[237 -76 26]
[237 -87 27]
[237 -87 28]
[237 -85 26]
[237 -84 26]
[237 -90 28]
[237 -82 26]
[237 -80 26]
[237 -82 28]
[237 -81 26]
[237 -84 92]
[237 -82 93]
[237 -84 93]
[237 -80 91]
[237 -81 92]
[237 -93 29]
[237 -91 28]
[237 -92 29]
[237 -72 27]
[237 -77 26]
[237 -75 26]
[237 -83 26]
[237 -83 27]
[237 -88 28]
[237 -78 26]
[238 -81 93]
[238 -80 93]
[238 -80 92]
[238 -85 92]
[238 -85 93]
[238 -83 93]
[238 -75 25]
[238 -85 25]
[238 -78 25]
[238 -79 25]
[238 -77 25]
[238 -84 25]
[238 -79 26]
[238 -81 25]
[238 -87 26]
[238 -82 25]
[238 -93 28]
[238 -82 94]
[238 -92 28]
[238 -94 28]
[238 -71 27]
[238 -83 25]
[238 -91 27]
[238 -83 94]
[238 -74 25]
[239 -90 26]
[239 -91 26]
[239 -90 27]
[239 -80 25]
[239 -76 24]
[239 -77 24]
[239 -76 25]
[239 -82 24]
[239 -79 93]
[239 -72 26]
[239 -70 26]
[239 -92 27]
[239 -80 94]
[239 -80 24]
[239 -86 25]
[239 -86 27]
[239 -86 26]
[239 -87 25]
[239 -88 27]
[239 -84 94]
[239 -84 24]
[239 -83 24]
[239 -73 24]
[239 -74 24]
[239 -85 24]
[239 -79 94]
[239 -78 24]
[239 -79 24]
[239 -93 27]
[239 -94 29]
[239 -94 27]
[239 -81 95]
[239 -81 94]
[239 -82 95]
[239 -83 95]
[240 -92 25]
[240 -90 25]
[240 -92 26]
[240 -87 24]
[240 -86 24]
[240 -82 96]
[240 -83 96]
[240 -73 25]
[240 -89 25]
[240 -89 27]
[240 -89 26]
[240 -93 26]
[240 -77 23]
[240 -84 23]
[240 -85 23]
[240 -84 95]
[240 -85 95]
[240 -75 24]
[240 -75 23]
[240 -82 23]
[240 -88 24]
[240 -88 25]
[240 -78 23]
[240 -79 23]
[240 -80 95]
[240 -79 95]
[240 -76 23]
[240 -94 30]
[240 -81 23]
[240 -81 24]
[240 -78 95]
[240 -78 92]
[240 -79 92]
[240 -78 94]
[240 -81 96]
[240 -69 26]
[240 -84 96]
[241 -85 22]
[241 -84 22]
[241 -86 23]
[241 -83 97]
[241 -81 97]
[241 -77 91]
[241 -78 22]
[241 -75 22]
[241 -76 22]
[241 -79 96]
[241 -77 94]
[241 -88 26]
[241 -83 23]
[241 -83 22]
[241 -77 95]
[241 -78 93]
[241 -91 25]
[241 -72 25]
[241 -73 26]
[241 -74 23]
[241 -87 23]
[241 -85 96]
[241 -81 22]
[241 -82 22]
[241 -94 31]
[241 -89 24]
[241 -78 96]
[241 -93 25]
[241 -79 22]
[241 -77 22]
[241 -85 97]
[241 -84 97]
[241 -80 97]
[241 -80 22]
[241 -82 97]
[242 -85 98]
[242 -84 98]
[242 -86 22]
[242 -87 22]
[242 -83 21]
[242 -93 24]
[242 -73 23]
[242 -74 22]
[242 -88 23]
[242 -80 23]
[242 -78 21]
[242 -79 21]
[242 -90 24]
[242 -91 24]
[242 -84 21]
[242 -82 21]
[242 -79 97]
[242 -80 96]
[242 -80 98]
[242 -81 21]
[242 -81 98]
[242 -89 23]
[242 -77 21]
[242 -83 98]
[242 -75 21]
[242 -76 21]
[242 -78 91]
[242 -77 97]
[242 -77 96]
[242 -82 98]
[242 -85 21]
[242 -86 21]
[242 -76 93]
[242 -76 95]
[243 -77 20]
[243 -79 20]
[243 -88 22]
[243 -83 20]
[243 -76 97]
[243 -76 96]
[243 -82 20]
[243 -80 21]
[243 -81 20]
[243 -82 99]
[243 -84 99]
[243 -75 95]
[243 -75 96]
[243 -91 23]
[243 -90 23]
[243 -84 20]
[243 -88 21]
[243 -87 21]
[243 -77 92]
[243 -77 93]
[243 -76 94]
[243 -75 92]
[243 -76 92]
[243 -80 20]
[243 -85 99]
[243 -85 20]
[243 -86 20]
[243 -87 20]
[243 -73 21]
[243 -74 21]
[243 -73 22]
[243 -92 24]
[243 -92 23]
[243 -78 20]
[243 -76 20]
[243 -80 99]
[243 -81 99]
[243 -94 23]
[243 -79 99]
[244 -76 91]
[244 -92 22]
[244 -93 22]
[244 -88 20]
[244 -84 19]
[244 -75 97]
[244 -74 20]
[244 -79 19]
[244 -78 19]
[244 -81 19]
[244 -80 19]
[244 -79 100]
[244 -81 100]
[244 -94 22]
[244 -94 24]
[244 -76 19]
[244 -77 19]
[244 -83 19]
[244 -88 19]
[244 -86 19]
[244 -90 22]
[244 -82 19]
[244 -85 19]
[244 -87 19]
[244 -75 19]
[244 -75 20]
[244 -74 96]
[244 -78 98]
[244 -78 99]
[244 -83 99]
[244 -83 100]
[244 -84 100]
[244 -82 100]
[244 -80 100]
[244 -93 23]
[244 -89 20]
[245 -77 98]
[245 -85 101]
[245 -88 18]
[245 -87 18]
[245 -86 18]
[245 -83 18]
[245 -78 18]
[245 -83 101]
[245 -82 101]
[245 -80 101]
[245 -81 101]
[245 -79 101]
[245 -74 19]
[245 -84 18]
[245 -85 18]
[245 -78 97]
[245 -91 22]
[245 -92 21]
[245 -91 21]
[245 -95 21]
[245 -94 21]
[245 -95 23]
[245 -89 21]
[245 -90 20]
[245 -89 19]
[245 -95 25]
[245 -94 25]
[245 -95 24]
[245 -90 21]
[245 -76 18]
[245 -75 18]
[245 -81 18]
[245 -82 18]
[245 -79 18]
[245 -80 18]
[246 -94 20]
[246 -95 22]
[246 -79 17]
[246 -86 17]
[246 -92 20]
[246 -96 23]
[246 -96 22]
[246 -96 21]
[246 -89 22]
[246 -93 21]
[246 -93 20]
[246 -80 17]
[246 -81 17]
[246 -82 17]
[246 -96 24]
[246 -89 17]
[246 -87 17]
[246 -77 17]
[246 -83 17]
[246 -84 17]
[246 -95 26]
[246 -76 17]
[246 -74 17]
[246 -75 17]
[246 -94 26]
[246 -91 19]
[246 -91 20]
[246 -90 19]
[246 -81 102]
[246 -74 18]
[246 -85 100]
[246 -84 102]
[246 -85 17]
[246 -80 102]
[246 -77 18]
[247 -95 19]
[247 -97 23]
[247 -97 22]
[247 -81 16]
[247 -88 17]
[247 -88 16]
[247 -87 16]
[247 -79 16]
[247 -80 16]
[247 -78 17]
[247 -89 18]
[247 -74 16]
[247 -76 16]
[247 -77 16]
[247 -86 16]
[247 -85 16]
[247 -82 102]
[247 -93 19]
[247 -97 24]
[247 -92 19]
[247 -90 18]
[247 -82 16]
[247 -84 101]
[247 -90 17]
[247 -90 16]
[247 -84 16]
[247 -97 20]
[247 -97 21]
[248 -92 18]
[248 -93 18]
[248 -82 15]
[248 -81 15]
[248 -80 15]
[248 -78 16]
[248 -78 15]
[248 -90 15]
[248 -89 16]
[248 -91 16]
[248 -77 15]
[248 -88 15]
[248 -89 15]
[248 -76 15]
[248 -98 21]
[248 -98 23]
[248 -74 15]
[248 -85 15]
[248 -83 15]
[248 -98 22]
[248 -98 20]
[248 -79 15]
[248 -91 18]
[248 -98 24]
[248 -87 15]
[248 -91 17]
[248 -98 19]
[248 -94 18]
[248 -94 19]
[248 -86 15]
[248 -96 19]
[248 -96 20]
[248 -96 18]
[248 -95 18]
[249 -99 19]
[249 -99 21]
[249 -78 14]
[249 -80 14]
[249 -83 14]
[249 -82 14]
[249 -99 18]
[249 -98 18]
[249 -94 17]
[249 -76 14]
[249 -75 14]
[249 -75 15]
[249 -99 23]
[249 -97 19]
[249 -92 17]
[249 -86 14]
[249 -87 14]
[249 -90 14]
[249 -91 14]
[249 -95 17]
[249 -89 14]
[249 -79 14]
[249 -99 20]
[249 -92 15]
[249 -91 15]
[249 -84 14]
[249 -84 15]
[249 -75 16]
[250 -74 14]
[250 -92 14]
[250 -91 13]
[250 -99 22]
[250 -100 22]
[250 -78 13]
[250 -80 13]
[250 -79 13]
[250 -81 14]
[250 -100 20]
[250 -95 16]
[250 -93 17]
[250 -93 16]
[250 -83 13]
[250 -84 13]
[250 -76 13]
[250 -75 13]
[250 -97 18]
[250 -87 13]
[250 -88 13]
[250 -88 14]
[250 -86 13]
[250 -92 13]
[250 -90 13]
[250 -82 13]
[250 -93 14]
[250 -93 15]
[250 -92 16]
[250 -89 13]
[250 -100 19]
[250 -100 17]
[250 -99 17]
[250 -96 16]
[250 -94 16]
[250 -96 17]
[250 -83 16]
[250 -85 14]
[250 -100 21]
[251 -85 13]
[251 -96 15]
[251 -94 15]
[251 -89 12]
[251 -93 13]
[251 -98 17]
[251 -81 12]
[251 -81 13]
[251 -100 23]
[251 -91 12]
[251 -92 12]
[251 -101 22]
[251 -77 13]
[251 -79 12]
[251 -78 12]
[251 -77 12]
[251 -101 21]
[251 -97 17]
[251 -100 18]
[251 -101 17]
[251 -100 16]
[251 -101 18]
[251 -101 16]
[251 -99 16]
[251 -86 12]
[251 -85 12]
[251 -77 14]
[251 -75 12]
[251 -74 13]
[251 -88 12]
[251 -76 12]
[251 -83 12]
[251 -84 12]
[251 -87 12]
[251 -94 13]
[252 -79 11]
[252 -92 11]
[252 -90 12]
[252 -102 15]
[252 -101 15]
[252 -102 17]
[252 -95 14]
[252 -82 12]
[252 -84 11]
[252 -100 15]
[252 -98 16]
[252 -102 18]
[252 -75 11]
[252 -94 12]
[252 -94 14]
[252 -95 12]
[252 -93 12]
[252 -82 11]
[252 -97 15]
[252 -96 14]
[252 -87 11]
[252 -99 15]
[252 -98 15]
[252 -102 19]
[252 -77 11]
[252 -78 11]
[252 -88 11]
[252 -90 11]
[252 -91 11]
[252 -93 11]
[252 -83 11]
[253 -89 10]
[253 -89 11]
[253 -87 10]
[253 -76 11]
[253 -76 10]
[253 -99 14]
[253 -98 14]
[253 -103 17]
[253 -103 18]
[253 -78 10]
[253 -77 10]
[253 -94 11]
[253 -95 13]
[253 -91 10]
[253 -84 10]
[253 -83 10]
[253 -101 19]
[253 -103 20]
[253 -101 20]
[253 -102 20]
[253 -95 15]
[253 -96 12]
[253 -96 13]
[253 -101 14]
[253 -100 14]
[253 -82 10]
[253 -81 11]
[253 -80 10]
[253 -80 12]
[253 -80 11]
[253 -79 10]
[253 -90 10]
[253 -102 14]
[254 -95 11]
[254 -79 9]
[254 -78 9]
[254 -80 9]
[254 -88 10]
[254 -89 9]
[254 -102 21]
[254 -103 19]
[254 -103 21]
[254 -104 20]
[254 -104 19]
[254 -86 11]
[254 -97 14]
[254 -98 13]
[254 -100 13]
[254 -101 13]
[254 -99 13]
[254 -81 10]
[254 -103 16]
[254 -104 17]
[254 -104 18]
[254 -81 9]
[254 -82 9]
[254 -83 9]
[254 -84 9]
[254 -97 13]
[254 -90 9]
[254 -95 10]
[254 -94 10]
[254 -93 10]
[254 -102 13]
[254 -75 9]
[254 -92 9]
[254 -103 14]
[254 -77 9]
[255 -104 16]
[255 -102 16]
[255 -103 15]
[255 -105 18]
[255 -105 16]
[255 -105 17]
[255 -102 22]
[255 -101 12]
[255 -100 12]
[255 -102 12]
[255 -94 9]
[255 -96 11]
[255 -99 12]
[255 -98 12]
[255 -92 10]
[255 -89 8]
[255 -90 8]
[255 -88 9]
[255 -76 8]
[255 -75 8]
[255 -91 9]
[255 -93 9]
[255 -92 8]
[255 -80 8]
[255 -78 8]
[255 -87 9]
[255 -91 8]
[255 -77 8]
[255 -103 13]
[255 -103 12]
[255 -83 8]
[255 -81 8]
[255 -82 8]
[255 -79 8]
[255 -85 9]
[255 -85 10]
[255 -84 8]
[255 -104 14]
[255 -105 19]
[256 -76 9]
[256 -104 15]
[256 -104 13]
[256 -92 7]
[256 -93 8]
[256 -79 7]
[256 -78 7]
[256 -90 7]
[256 -88 7]
[256 -88 8]
[256 -97 10]
[256 -99 11]
[256 -91 7]
[256 -85 7]
[256 -83 7]
[256 -95 8]
[256 -94 8]
[256 -95 9]
[256 -100 11]
[256 -101 11]
[256 -104 11]
[256 -105 15]
[256 -102 11]
[256 -86 10]
[256 -86 8]
[256 -86 9]
[256 -87 8]
[256 -82 7]
[256 -80 7]
[256 -81 7]
[256 -103 11]
[256 -106 17]
[256 -89 7]
[257 -96 8]
[257 -96 9]
[257 -85 8]
[257 -82 6]
[257 -85 11]
[257 -78 6]
[257 -105 12]
[257 -106 14]
[257 -105 14]
[257 -106 15]
[257 -90 6]
[257 -86 7]
[257 -86 6]
[257 -85 6]
[257 -89 6]
[257 -88 6]
[257 -101 10]
[257 -104 10]
[257 -105 11]
[257 -104 12]
[257 -93 7]
[257 -94 7]
[257 -92 6]
[257 -93 6]
[257 -80 6]
[257 -79 6]
[257 -91 6]
[257 -83 6]
[257 -84 7]
[257 -98 9]
[257 -97 11]
[257 -98 10]
[257 -87 7]
[257 -102 10]
[257 -103 10]
[257 -107 17]
[257 -106 16]
[257 -107 18]
[257 -106 18]
[257 -87 6]
[258 -99 9]
[258 -94 6]
[258 -107 15]
[258 -107 13]
[258 -105 13]
[258 -85 5]
[258 -87 5]
[258 -108 17]
[258 -107 16]
[258 -108 18]
[258 -93 5]
[258 -97 12]
[258 -96 10]
[258 -98 11]
[258 -106 19]
[258 -83 5]
[258 -94 5]
[258 -81 6]
[258 -79 5]
[258 -95 6]
[258 -104 9]
[258 -88 5]
[258 -82 5]
[258 -81 5]
[258 -96 7]
[258 -95 7]
[258 -97 7]
[258 -97 9]
[258 -78 5]
[258 -97 8]
[258 -99 10]
[258 -77 5]
[258 -100 9]
[258 -102 9]
[258 -84 6]
[258 -84 5]
[258 -106 13]
[258 -89 5]
[258 -107 14]
[258 -90 5]
[259 -104 8]
[259 -98 8]
[259 -80 4]
[259 -88 4]
[259 -90 4]
[259 -93 4]
[259 -92 5]
[259 -94 4]
[259 -100 10]
[259 -77 4]
[259 -85 4]
[259 -84 4]
[259 -89 4]
[259 -108 13]
[259 -107 12]
[259 -106 12]
[259 -86 5]
[259 -86 4]
[259 -109 17]
[259 -99 8]
[259 -91 5]
[259 -91 4]
[259 -97 6]
[259 -82 4]
[259 -83 4]
[259 -98 6]
[259 -96 6]
[259 -98 7]
[259 -108 16]
[259 -78 4]
[259 -76 5]
[259 -81 4]
[259 -101 9]
[259 -102 8]
[259 -109 16]
[259 -95 4]
[260 -103 7]
[260 -103 8]
[260 -101 8]
[260 -103 9]
[260 -102 7]
[260 -100 8]
[260 -76 4]
[260 -87 4]
[260 -109 15]
[260 -105 9]
[260 -105 7]
[260 -83 3]
[260 -100 7]
[260 -96 4]
[260 -95 3]
[260 -84 3]
[260 -86 3]
[260 -85 3]
[260 -99 7]
[260 -87 3]
[260 -91 3]
[260 -107 11]
[260 -106 11]
[260 -108 12]
[260 -95 5]
[260 -96 5]
[260 -98 5]
[260 -97 5]
[260 -92 3]
[260 -93 3]
[260 -94 3]
[260 -75 6]
[260 -75 5]
[260 -76 6]
[260 -89 3]
[260 -88 3]
[260 -108 14]
[260 -80 3]
[260 -80 5]
[260 -90 3]
[260 -81 3]
[260 -77 3]
[260 -79 4]
[261 -99 6]
[261 -101 6]
[261 -100 6]
[261 -106 7]
[261 -105 8]
[261 -105 6]
[261 -104 6]
[261 -88 2]
[261 -89 2]
[261 -97 4]
[261 -86 2]
[261 -87 2]
[261 -74 5]
[261 -90 2]
[261 -99 4]
[261 -109 14]
[261 -85 2]
[261 -78 3]
[261 -77 2]
[261 -76 2]
[261 -76 3]
[261 -92 2]
[261 -93 2]
[261 -104 7]
[261 -102 6]
[261 -82 3]
[261 -101 7]
[261 -91 2]
[261 -95 2]
[261 -109 13]
[261 -109 11]
[261 -79 2]
[261 -94 2]
[261 -110 14]
[261 -110 15]
[261 -108 11]
[261 -106 10]
[261 -108 10]
[261 -92 4]
[261 -75 4]
[261 -83 2]
[262 -86 1]
[262 -76 1]
[262 -77 1]
[262 -78 1]
[262 -78 2]
[262 -84 1]
[262 -84 2]
[262 -79 3]
[262 -99 3]
[262 -98 3]
[262 -99 5]
[262 -100 5]
[262 -87 1]
[262 -107 7]
[262 -107 6]
[262 -106 8]
[262 -110 12]
[262 -110 10]
[262 -109 10]
[262 -110 11]
[262 -108 9]
[262 -109 9]
[262 -107 10]
[262 -101 5]
[262 -82 2]
[262 -81 2]
[262 -104 5]
[262 -89 1]
[262 -85 1]
[262 -94 1]
[262 -95 1]
[262 -96 1]
[262 -109 12]
[262 -74 4]
[262 -73 5]
[262 -73 4]
[262 -88 1]
[262 -110 16]
[262 -111 14]
[262 -90 1]
[262 -110 13]
[262 -108 15]
[262 -98 4]
[262 -96 3]
[262 -103 5]
[262 -79 1]
[262 -80 1]
[262 -103 6]
[262 -75 2]
[262 -75 3]
[262 -92 1]
[262 -105 10]
[262 -74 3]
[263 -106 9]
[263 -107 9]
[263 -97 2]
[263 -99 2]
[263 -97 3]
[263 -111 11]
[263 -110 9]
[263 -104 4]
[263 -92 0]
[263 -93 0]
[263 -106 6]
[263 -107 5]
[263 -74 2]
[263 -100 4]
[263 -90 0]
[263 -89 0]
[263 -80 2]
[263 -82 1]
[263 -109 8]
[263 -78 0]
[263 -101 4]
[263 -72 3]
[263 -73 3]
[263 -72 4]
[263 -88 0]
[263 -87 0]
[263 -86 0]
[263 -105 4]
[263 -103 4]
[263 -105 5]
[263 -79 0]
[263 -80 0]
[263 -107 8]
[263 -108 6]
[263 -111 15]
[263 -112 14]
[263 -111 12]
[263 -96 2]
[263 -94 0]
[263 -93 1]
[263 -108 8]
[263 -81 1]
[263 -77 0]
[263 -111 10]
[263 -97 1]
[263 -96 0]
[263 -95 0]
[263 -97 0]
[263 -83 1]
[263 -85 0]
[263 -83 0]
[263 -98 2]
[263 -100 3]
[264 -112 13]
[264 -91 1]
[264 -91 0]
[264 -86 -1]
[264 -106 5]
[264 -85 -1]
[264 -87 -1]
[264 -82 0]
[264 -80 -1]
[264 -81 0]
[264 -79 -1]
[264 -102 4]
[264 -102 5]
[264 -103 3]
[264 -73 1]
[264 -101 2]
[264 -111 9]
[264 -112 11]
[264 -112 10]
[264 -108 7]
[264 -110 7]
[264 -106 4]
[264 -106 3]
[264 -93 -1]
[264 -91 -1]
[264 -92 -1]
[264 -72 5]
[264 -71 4]
[264 -108 4]
[264 -108 5]
[264 -107 4]
[264 -104 3]
[264 -112 15]
[264 -111 16]
[264 -97 -1]
[264 -95 -1]
[264 -98 1]
[264 -98 0]
[264 -94 -1]
[264 -96 -1]
[264 -73 2]
[264 -71 2]
[264 -71 3]
[264 -99 1]
[264 -100 2]
[264 -89 -1]
[264 -77 -1]
[264 -78 -1]
[264 -112 12]
[264 -111 13]
[264 -84 0]
[264 -109 6]
[264 -101 3]
[264 -72 2]
[265 -105 2]
[265 -77 -2]
[265 -79 -2]
[265 -87 -2]
[265 -86 -2]
[265 -84 -1]
[265 -113 11]
[265 -113 9]
[265 -98 -2]
[265 -96 -2]
[265 -94 -2]
[265 -95 -2]
[265 -109 5]
[265 -110 6]
[265 -88 -2]
[265 -90 -2]
[265 -88 -1]
[265 -78 -2]
[265 -80 -2]
[265 -83 -1]
[265 -92 -2]
[265 -93 -2]
[265 -102 2]
[265 -72 1]
[265 -107 3]
[265 -100 1]
[265 -109 4]
[265 -108 3]
[265 -109 3]
[265 -112 8]
[265 -110 8]
[265 -104 2]
[265 -106 2]
[265 -113 10]
[265 -113 12]
[265 -111 6]
[265 -111 7]
[265 -100 0]
[265 -99 0]
[265 -99 -1]
[265 -91 -2]
[265 -109 7]
[265 -113 13]
[265 -97 -2]
[265 -81 -1]
[265 -82 -1]
[265 -71 1]
[265 -81 -2]
[265 -90 -1]
[265 -70 4]
[265 -70 3]
[266 -114 9]
[266 -112 9]
[266 -114 10]
[266 -114 11]
[266 -81 -3]
[266 -105 3]
[266 -103 2]
[266 -105 1]
[266 -104 1]
[266 -89 -2]
[266 -90 -3]
[266 -91 -3]
[266 -82 -3]
[266 -80 -3]
[266 -107 2]
[266 -108 2]
[266 -100 -1]
[266 -92 -3]
[266 -110 5]
[266 -96 -3]
[266 -70 1]
[266 -70 2]
[266 -102 1]
[266 -103 1]
[266 -101 1]
[266 -102 3]
[266 -110 3]
[266 -114 8]
[266 -112 6]
[266 -112 7]
[266 -111 8]
[266 -113 7]
[266 -113 8]
[266 -77 -3]
[266 -89 -3]
[266 -88 -3]
[266 -112 5]
[266 -69 3]
[266 -85 -2]
[266 -83 -2]
[266 -69 2]
[266 -69 4]
[266 -95 -3]
[266 -110 2]
[266 -109 2]
[266 -78 -3]
[266 -79 -3]
[266 -98 -3]
[266 -87 -3]
[266 -85 -3]
[266 -110 4]
[266 -93 -3]
[266 -94 -3]
[266 -99 -2]
[266 -99 -3]
[266 -97 -3]
[266 -82 -2]
[266 -98 -1]
[267 -68 3]
[267 -114 7]
[267 -114 6]
[267 -86 -4]
[267 -84 -4]
[267 -85 -4]
[267 -78 -4]
[267 -79 -4]
[267 -80 -4]
[267 -90 -4]
[267 -111 4]
[267 -103 0]
[267 -104 0]
[267 -69 1]
[267 -111 5]
[267 -113 6]
[267 -81 -4]
[267 -82 -4]
[267 -105 0]
[267 -101 -1]
[267 -97 -4]
[267 -95 -4]
[267 -100 -3]
[267 -100 -2]
[267 -93 -4]
[267 -92 -4]
[267 -108 1]
[267 -110 1]
[267 -109 1]
[267 -84 -2]
[267 -102 0]
[267 -111 2]
[267 -115 9]
[267 -98 -4]
[267 -100 -4]
[267 -99 -4]
[267 -91 -4]
[267 -84 -3]
[267 -83 -3]
[267 -69 0]
[267 -83 -4]
[267 -87 -4]
[267 -113 5]
[267 -112 4]
[267 -115 8]
[267 -115 7]
[267 -115 10]
[267 -101 0]
[268 -101 -3]
[268 -93 -5]
[268 -82 -5]
[268 -84 -5]
[268 -83 -5]
[268 -115 6]
[268 -116 8]
[268 -113 4]
[268 -114 5]
[268 -103 -1]
[268 -86 -3]
[268 -87 -5]
[268 -79 -5]
[268 -80 -5]
[268 -111 1]
[268 -112 3]
[268 -112 2]
[268 -67 3]
[268 -67 2]
[268 -88 -5]
[268 -116 9]
[268 -92 -5]
[268 -91 -5]
[268 -90 -5]
[268 -100 -5]
[268 -99 -5]
[268 -116 7]
[268 -68 1]
[268 -68 2]
[268 -101 -4]
[268 -105 -1]
[268 -110 0]
[268 -111 0]
[268 -78 -5]
[268 -107 0]
[268 -109 0]
[268 -97 -5]
[268 -113 3]
[268 -111 3]
[268 -94 -4]
[268 -94 -5]
[268 -95 -5]
[268 -98 -5]
[268 -106 1]
[269 -99 -6]
[269 -97 -6]
[269 -89 -6]
[269 -89 -5]
[269 -88 -4]
[269 -67 1]
[269 -80 -6]
[269 -78 -6]
[269 -79 -6]
[269 -102 -2]
[269 -102 -4]
[269 -101 -2]
[269 -102 -3]
[269 -104 -2]
[269 -104 -1]
[269 -106 -1]
[269 -106 0]
[269 -106 -2]
[269 -94 -6]
[269 -93 -6]
[269 -81 -5]
[269 -81 -6]
[269 -117 7]
[269 -92 -6]
[269 -96 -6]
[269 -95 -6]
[269 -98 -6]
[269 -96 -5]
[269 -109 -1]
[269 -111 -1]
[269 -103 -2]
[269 -102 -1]
[269 -100 -6]
[269 -91 -6]
[269 -115 5]
[269 -117 8]
[269 -114 3]
[269 -87 -6]
[269 -88 -6]
[269 -86 -6]
[269 -110 -1]
[269 -108 0]
[269 -84 -6]
[269 -89 -4]
[269 -113 2]
[269 -114 2]
[269 -114 4]
[269 -112 1]
[269 -107 1]
[269 -107 -1]
[269 -108 -1]
[270 -114 1]
[270 -115 1]
[270 -103 -3]
[270 -98 -7]
[270 -90 -6]
[270 -90 -7]
[270 -95 -7]
[270 -94 -7]
[270 -93 -7]
[270 -118 7]
[270 -84 -7]
[270 -85 -6]
[270 -83 -6]
[270 -83 -7]
[270 -85 -5]
[270 -92 -7]
[270 -91 -7]
[270 -79 -7]
[270 -107 -2]
[270 -105 -2]
[270 -104 -3]
[270 -112 0]
[270 -112 -2]
[270 -110 -2]
[270 -102 -5]
[270 -101 -5]
[270 -103 -5]
[270 -82 -6]
[270 -118 6]
[270 -100 -7]
[270 -101 -7]
[270 -109 -2]
[270 -115 3]
[270 -115 4]
[270 -105 -3]
[270 -107 -3]
[270 -106 -3]
[270 -85 -7]
[270 -86 -7]
[270 -86 -5]
[270 -88 -7]
[270 -96 -7]
[270 -113 0]
[270 -113 1]
[270 -80 -7]
[270 -82 -7]
[270 -116 4]
[270 -116 6]
[270 -78 -7]
[270 -77 -7]
[271 -94 -8]
[271 -96 -8]
[271 -95 -8]
[271 -78 -8]
[271 -79 -8]
[271 -93 -8]
[271 -106 -4]
[271 -107 -4]
[271 -115 0]
[271 -114 0]
[271 -115 2]
[271 -92 -8]
[271 -90 -8]
[271 -91 -8]
[271 -83 -8]
[271 -116 1]
[271 -116 2]
[271 -116 0]
[271 -108 -4]
[271 -108 -2]
[271 -104 -4]
[271 -105 -4]
[271 -103 -4]
[271 -89 -7]
[271 -114 -1]
[271 -113 -1]
[271 -88 -8]
[271 -89 -8]
[271 -97 -7]
[271 -99 -8]
[271 -99 -7]
[271 -97 -8]
[271 -101 -6]
[271 -81 -7]
[271 -81 -8]
[271 -117 5]
[271 -100 -8]
[271 -101 -8]
[271 -80 -8]
[271 -103 -6]
[271 -111 -2]
[271 -112 -3]
[271 -112 -1]
[271 -113 -3]
[271 -116 5]
[271 -116 3]
[271 -77 -8]
[271 -76 -7]
[271 -76 -8]
[271 -117 4]
[271 -87 -7]
[271 -86 -8]
[271 -117 6]
[271 -102 -7]
[271 -108 -3]
[271 -84 -8]
[271 -82 -8]
[271 -110 -3]
[271 -111 -3]
[272 -81 -9]
[272 -98 -8]
[272 -100 -9]
[272 -89 -9]
[272 -88 -9]
[272 -113 -2]
[272 -114 -3]
[272 -114 -2]
[272 -117 -1]
[272 -104 -6]
[272 -103 -7]
[272 -102 -6]
[272 -111 -4]
[272 -109 -4]
[272 -91 -9]
[272 -92 -9]
[272 -95 -9]
[272 -104 -5]
[272 -83 -9]
[272 -85 -8]
[272 -117 2]
[272 -117 1]
[272 -102 -9]
[272 -102 -8]
[272 -93 -9]
[272 -79 -9]
[272 -115 -2]
[272 -87 -9]
[272 -87 -8]
[272 -76 -9]
[272 -75 -9]
[272 -78 -9]
[272 -107 -5]
[272 -75 -7]
[272 -75 -8]
[272 -103 -8]
[272 -97 -9]
[272 -82 -9]
[272 -112 -4]
[272 -90 -9]
[272 -94 -9]
[272 -109 -3]
[272 -118 5]
[272 -118 3]
[272 -86 -9]
[272 -84 -9]
[272 -98 -9]
[272 -96 -9]
[272 -80 -9]
[272 -99 -9]
[273 -107 -6]
[273 -108 -5]
[273 -106 -5]
[273 -118 -1]
[273 -118 -2]
[273 -117 0]
[273 -116 -1]
[273 -118 0]
[273 -105 -6]
[273 -104 -7]
[273 -90 -10]
[273 -113 -4]
[273 -115 -4]
[273 -115 -3]
[273 -92 -10]
[273 -93 -10]
[273 -94 -10]
[273 -80 -10]
[273 -81 -10]
[273 -79 -10]
[273 -89 -10]
[273 -88 -10]
[273 -85 -10]
[273 -83 -10]
[273 -118 1]
[273 -118 2]
[273 -112 -5]
[273 -84 -10]
[273 -96 -10]
[273 -98 -10]
[273 -78 -10]
[273 -117 3]
[273 -85 -9]
[273 -87 -10]
[273 -97 -10]
[273 -74 -7]
[273 -101 -9]
[273 -105 -5]
[273 -99 -10]
[273 -100 -10]
[273 -101 -10]
[273 -77 -9]
[273 -95 -10]
[273 -103 -9]
[273 -104 -8]
[273 -82 -10]
[273 -115 -1]
[273 -110 -5]
[273 -116 -2]
[273 -110 -4]
[274 -113 -6]
[274 -113 -5]
[274 -111 -5]
[274 -104 -9]
[274 -88 -11]
[274 -90 -11]
[274 -107 -7]
[274 -108 -6]
[274 -106 -7]
[274 -81 -11]
[274 -106 -6]
[274 -116 -3]
[274 -114 -4]
[274 -80 -11]
[274 -94 -11]
[274 -79 -11]
[274 -74 -8]
[274 -73 -8]
[274 -119 -3]
[274 -119 1]
[274 -78 -11]
[274 -99 -11]
[274 -100 -11]
[274 -119 0]
[274 -119 -1]
[274 -87 -11]
[274 -89 -11]
[274 -104 -10]
[274 -95 -11]
[274 -93 -11]
[274 -97 -11]
[274 -83 -11]
[274 -84 -11]
[274 -117 -2]
[274 -91 -10]
[274 -91 -11]
[274 -86 -10]
[274 -102 -10]
[274 -98 -11]
[274 -101 -11]
[274 -110 -6]
[274 -115 -5]
[274 -116 -5]
[274 -114 -5]
[274 -92 -11]
[275 -115 -6]
[275 -116 -4]
[275 -103 -11]
[275 -102 -11]
[275 -117 -4]
[275 -82 -12]
[275 -84 -12]
[275 -90 -12]
[275 -85 -12]
[275 -83 -12]
[275 -87 -12]
[275 -88 -12]
[275 -107 -8]
[275 -118 -3]
[275 -92 -12]
[275 -89 -12]
[275 -91 -12]
[275 -120 -4]
[275 -120 -2]
[275 -118 -4]
[275 -85 -11]
[275 -95 -12]
[275 -116 -6]
[275 -114 -6]
[275 -112 -6]
[275 -109 -6]
[275 -111 -7]
[275 -109 -7]
[275 -109 -5]
[275 -110 -7]
[275 -111 -6]
[275 -93 -12]
[275 -94 -12]
[275 -104 -11]
[275 -105 -11]
[275 -105 -9]
[275 -98 -12]
[275 -97 -12]
[275 -100 -12]
[275 -101 -12]
[275 -105 -8]
[275 -105 -7]
[275 -106 -8]
[275 -99 -12]
[275 -74 -9]
[275 -80 -12]
[275 -81 -12]
[275 -73 -9]
[275 -108 -7]
[275 -112 -7]
[275 -113 -7]
[275 -114 -7]
[275 -82 -11]
[276 -103 -10]
[276 -105 -12]
[276 -120 -3]
[276 -111 -8]
[276 -110 -8]
[276 -98 -13]
[276 -91 -13]
[276 -92 -13]
[276 -72 -10]
[276 -108 -8]
[276 -109 -8]
[276 -82 -13]
[276 -81 -13]
[276 -80 -13]
[276 -84 -13]
[276 -85 -13]
[276 -105 -10]
[276 -106 -9]
[276 -115 -8]
[276 -119 -5]
[276 -118 -5]
[276 -104 -12]
[276 -106 -12]
[276 -106 -11]
[276 -88 -13]
[276 -87 -13]
[276 -90 -13]
[276 -89 -13]
[276 -79 -12]
[276 -102 -12]
[276 -117 -3]
[276 -94 -13]
[276 -93 -13]
[276 -108 -9]
[276 -96 -12]
[276 -86 -11]
[276 -86 -12]
[276 -121 -5]
[276 -119 -4]
[276 -120 -5]
[276 -117 -5]
[276 -113 -8]
[276 -97 -13]
[276 -101 -13]
[276 -99 -13]
[276 -107 -9]
[276 -100 -13]
[276 -114 -8]
[276 -112 -8]
[276 -119 -2]
[276 -116 -7]
[276 -117 -7]
[276 -86 -13]
[277 -118 -6]
[277 -117 -6]
[277 -117 -8]
[277 -116 -8]
[277 -108 -10]
[277 -109 -10]
[277 -120 -6]
[277 -92 -14]
[277 -107 -10]
[277 -121 -6]
[277 -119 -6]
[277 -115 -9]
[277 -115 -7]
[277 -95 -13]
[277 -96 -13]
[277 -96 -11]
[277 -90 -14]
[277 -84 -14]
[277 -83 -13]
[277 -85 -14]
[277 -91 -14]
[277 -105 -13]
[277 -109 -9]
[277 -97 -14]
[277 -96 -14]
[277 -98 -14]
[277 -104 -13]
[277 -103 -13]
[277 -99 -14]
[277 -106 -10]
[277 -111 -9]
[277 -87 -14]
[277 -89 -14]
[277 -82 -14]
[277 -81 -14]
[277 -88 -14]
[277 -107 -12]
[277 -107 -11]
[277 -80 -14]
[277 -101 -14]
[277 -93 -14]
[277 -112 -9]
[277 -113 -9]
[277 -95 -14]
[277 -94 -14]
[277 -114 -9]
[277 -116 -9]
[277 -71 -10]
[277 -71 -9]
[277 -72 -9]
[277 -100 -14]
[278 -117 -9]
[278 -104 -14]
[278 -105 -14]
[278 -118 -7]
[278 -84 -15]
[278 -85 -15]
[278 -83 -15]
[278 -102 -14]
[278 -102 -13]
[278 -91 -15]
[278 -94 -15]
[278 -110 -10]
[278 -101 -15]
[278 -99 -15]
[278 -88 -15]
[278 -120 -7]
[278 -121 -7]
[278 -106 -14]
[278 -97 -15]
[278 -114 -10]
[278 -115 -10]
[278 -118 -9]
[278 -118 -8]
[278 -89 -15]
[278 -112 -10]
[278 -113 -10]
[278 -108 -12]
[278 -108 -11]
[278 -92 -15]
[278 -90 -15]
[278 -119 -7]
[278 -70 -11]
[278 -71 -11]
[278 -70 -10]
[278 -111 -10]
[278 -93 -15]
[278 -82 -15]
[278 -81 -15]
[278 -109 -11]
[278 -72 -8]
[278 -71 -8]
[278 -103 -14]
[278 -95 -15]
[278 -86 -14]
[278 -86 -15]
[278 -87 -15]
[279 -108 -13]
[279 -91 -16]
[279 -110 -11]
[279 -110 -12]
[279 -70 -9]
[279 -93 -16]
[279 -94 -16]
[279 -96 -16]
[279 -98 -16]
[279 -96 -15]
[279 -97 -16]
[279 -110 -9]
[279 -98 -15]
[279 -99 -16]
[279 -100 -16]
[279 -100 -15]
[279 -121 -8]
[279 -119 -8]
[279 -120 -8]
[279 -109 -12]
[279 -69 -12]
[279 -69 -11]
[279 -69 -10]
[279 -81 -16]
[279 -114 -11]
[279 -82 -16]
[279 -84 -16]
[279 -83 -16]
[279 -83 -14]
[279 -103 -15]
[279 -86 -16]
[279 -87 -16]
[279 -90 -16]
[279 -89 -16]
[279 -101 -16]
[279 -102 -15]
[279 -85 -16]
[279 -88 -16]
[279 -104 -15]
[279 -119 -9]
[279 -106 -15]
[279 -105 -15]
[279 -115 -11]
[279 -69 -9]
[279 -107 -14]
[279 -107 -13]
[279 -80 -15]
[279 -111 -11]
[280 -106 -13]
[280 -108 -14]
[280 -81 -17]
[280 -68 -11]
[280 -68 -10]
[280 -103 -16]
[280 -89 -17]
[280 -90 -17]
[280 -87 -17]
[280 -120 -9]
[280 -104 -16]
[280 -96 -17]
[280 -106 -16]
[280 -111 -12]
[280 -119 -10]
[280 -85 -17]
[280 -98 -17]
[280 -97 -17]
[280 -121 -9]
[280 -112 -12]
[280 -113 -11]
[280 -114 -12]
[280 -115 -12]
[280 -99 -17]
[280 -110 -13]
[280 -109 -13]
[280 -94 -17]
[280 -95 -16]
[280 -93 -17]
[280 -82 -17]
[280 -105 -16]
[280 -107 -15]
[280 -95 -17]
[280 -116 -11]
[280 -116 -10]
[280 -86 -17]
[280 -68 -8]
[280 -70 -8]
[280 -80 -16]
[280 -102 -17]
[280 -100 -17]
[281 -91 -17]
[281 -90 -18]
[281 -89 -18]
[281 -88 -18]
[281 -86 -18]
[281 -88 -17]
[281 -82 -18]
[281 -81 -18]
[281 -121 -10]
[281 -67 -10]
[281 -109 -14]
[281 -111 -14]
[281 -111 -13]
[281 -115 -13]
[281 -114 -13]
[281 -113 -13]
[281 -80 -17]
[281 -84 -17]
[281 -85 -18]
[281 -110 -14]
[281 -113 -12]
[281 -112 -11]
[281 -97 -18]
[281 -83 -17]
[281 -96 -18]
[281 -95 -18]
[281 -117 -11]
[281 -108 -15]
[281 -102 -18]
[281 -101 -17]
[281 -103 -18]
[281 -105 -17]
[281 -104 -17]
[281 -103 -17]
[281 -120 -10]
[281 -93 -18]
[281 -94 -18]
[281 -100 -18]
[281 -102 -16]
[281 -68 -12]
[281 -92 -18]
[281 -92 -16]
[281 -118 -10]
[281 -120 -11]
[281 -116 -13]
[281 -116 -12]
[281 -99 -18]
[281 -107 -16]
[281 -68 -9]
[281 -67 -7]
[281 -67 -8]
[281 -117 -10]
[281 -107 -17]
[282 -103 -19]
[282 -104 -19]
[282 -102 -19]
[282 -66 -10]
[282 -106 -18]
[282 -107 -18]
[282 -106 -17]
[282 -84 -18]
[282 -94 -19]
[282 -92 -17]
[282 -93 -19]
[282 -92 -19]
[282 -117 -12]
[282 -117 -13]
[282 -121 -11]
[282 -119 -12]
[282 -121 -12]
[282 -119 -11]
[282 -109 -15]
[282 -110 -15]
[282 -95 -19]
[282 -96 -19]
[282 -112 -13]
[282 -101 -19]
[282 -100 -19]
[282 -101 -18]
[282 -90 -19]
[282 -89 -19]
[282 -91 -18]
[282 -91 -19]
[282 -116 -14]
[282 -87 -19]
[282 -85 -19]
[282 -81 -19]
[282 -82 -19]
[282 -99 -19]
[282 -114 -14]
[282 -97 -19]
[282 -98 -18]
[282 -98 -19]
[282 -105 -18]
[282 -108 -16]
[282 -66 -8]
[282 -67 -6]
[282 -66 -7]
[282 -66 -6]
[282 -118 -11]
[282 -118 -12]
[282 -111 -15]
[282 -86 -19]
[282 -67 -13]
[282 -112 -14]
[282 -115 -14]
[282 -68 -7]
[282 -66 -9]
[282 -88 -19]
[282 -67 -9]
[283 -65 -6]
[283 -65 -8]
[283 -106 -19]
[283 -105 -19]
[283 -68 -14]
[283 -67 -12]
[283 -66 -13]
[283 -68 -13]
[283 -66 -12]
[283 -66 -14]
[283 -102 -20]
[283 -100 -20]
[283 -96 -20]
[283 -88 -20]
[283 -114 -15]
[283 -118 -13]
[283 -112 -15]
[283 -113 -14]
[283 -113 -15]
[283 -94 -20]
[283 -99 -20]
[283 -120 -12]
[283 -83 -19]
[283 -84 -19]
[283 -83 -18]
[283 -80 -18]
[283 -81 -20]
[283 -108 -19]
[283 -65 -10]
[283 -116 -15]
[283 -92 -20]
[283 -90 -20]
[283 -91 -20]
[283 -65 -7]
[283 -82 -20]
[283 -111 -16]
[283 -118 -14]
[283 -117 -14]
[283 -87 -20]
[283 -87 -18]
[283 -104 -18]
[283 -103 -20]
[283 -97 -20]
[283 -89 -20]
[283 -108 -17]
[283 -109 -17]
[283 -67 -11]
[283 -65 -9]
[283 -66 -11]
[283 -66 -5]
[283 -68 -5]
[283 -67 -5]
[283 -68 -6]
[283 -109 -16]
[283 -110 -16]
[283 -65 -5]
[283 -121 -13]
[283 -115 -15]
[284 -65 -12]
[284 -65 -11]
[284 -67 -14]
[284 -65 -13]
[284 -64 -5]
[284 -64 -6]
[284 -115 -16]
[284 -113 -16]
[284 -119 -14]
[284 -119 -15]
[284 -117 -15]
[284 -91 -21]
[284 -90 -21]
[284 -92 -21]
[284 -118 -15]
[284 -65 -4]
[284 -66 -4]
[284 -104 -20]
[284 -98 -21]
[284 -67 -15]
[284 -66 -15]
[284 -88 -21]
[284 -64 -9]
[284 -64 -8]
[284 -81 -21]
[284 -64 -11]
[284 -107 -19]
[284 -107 -20]
[284 -109 -19]
[284 -109 -20]
[284 -108 -18]
[284 -108 -20]
[284 -103 -21]
[284 -102 -21]
[284 -99 -21]
[284 -116 -16]
[284 -98 -20]
[284 -96 -21]
[284 -97 -21]
[284 -83 -20]
[284 -84 -20]
[284 -85 -20]
[284 -111 -17]
[284 -112 -17]
[284 -105 -20]
[284 -106 -20]
[284 -86 -20]
[284 -86 -21]
[284 -93 -20]
[284 -94 -21]
[284 -109 -18]
[284 -110 -18]
[284 -110 -17]
[284 -119 -13]
[284 -121 -14]
[284 -120 -13]
[284 -82 -21]
[284 -68 -4]
[284 -64 -10]
[284 -69 -13]
[284 -68 -15]
[284 -69 -15]
[284 -101 -20]
[284 -101 -21]
[284 -64 -7]
[285 -118 -16]
[285 -114 -16]
[285 -68 -16]
[285 -85 -21]
[285 -83 -21]
[285 -66 -16]
[285 -90 -22]
[285 -92 -22]
[285 -65 -14]
[285 -65 -15]
[285 -68 -3]
[285 -67 -3]
[285 -104 -21]
[285 -87 -21]
[285 -63 -5]
[285 -120 -14]
[285 -116 -17]
[285 -115 -17]
[285 -117 -16]
[285 -112 -16]
[285 -66 -3]
[285 -95 -21]
[285 -64 -14]
[285 -64 -13]
[285 -110 -20]
[285 -108 -21]
[285 -109 -21]
[285 -110 -19]
[285 -120 -16]
[285 -120 -15]
[285 -63 -10]
[285 -63 -9]
[285 -100 -21]
[285 -82 -22]
[285 -81 -22]
[285 -103 -22]
[285 -104 -22]
[285 -106 -21]
[285 -69 -14]
[285 -93 -21]
[285 -64 -4]
[285 -63 -4]
[285 -119 -16]
[285 -91 -22]
[285 -94 -22]
[285 -95 -22]
[285 -93 -22]
[285 -69 -16]
[285 -70 -16]
[285 -97 -22]
[285 -63 -12]
[285 -63 -8]
[285 -63 -7]
[285 -98 -22]
[285 -100 -22]
[285 -99 -22]
[285 -85 -22]
[285 -107 -21]
[285 -84 -21]
[286 -110 -21]
[286 -98 -23]
[286 -115 -18]
[286 -104 -23]
[286 -91 -23]
[286 -90 -23]
[286 -111 -19]
[286 -111 -21]
[286 -111 -20]
[286 -105 -22]
[286 -62 -10]
[286 -62 -9]
[286 -62 -4]
[286 -62 -3]
[286 -63 -3]
[286 -63 -11]
[286 -107 -22]
[286 -108 -22]
[286 -65 -16]
[286 -64 -16]
[286 -64 -15]
[286 -62 -13]
[286 -62 -11]
[286 -67 -17]
[286 -67 -16]
[286 -66 -17]
[286 -92 -23]
[286 -94 -23]
[286 -82 -23]
[286 -81 -23]
[286 -95 -23]
[286 -96 -23]
[286 -121 -17]
[286 -121 -15]
[286 -120 -17]
[286 -121 -16]
[286 -68 -2]
[286 -84 -22]
[286 -89 -21]
[286 -65 -3]
[286 -105 -23]
[286 -103 -23]
[286 -101 -22]
[286 -93 -23]
[286 -63 -14]
[286 -69 -3]
[286 -67 -4]
[286 -70 -15]
[286 -70 -17]
[286 -97 -23]
[286 -83 -22]
[286 -69 -17]
[286 -118 -17]
[286 -119 -17]
[286 -101 -23]
[286 -100 -23]
[287 -70 -18]
[287 -103 -24]
[287 -102 -24]
[287 -106 -22]
[287 -107 -23]
[287 -97 -24]
[287 -62 -12]
[287 -95 -24]
[287 -119 -18]
[287 -120 -18]
[287 -118 -18]
[287 -61 -4]
[287 -89 -24]
[287 -90 -24]
[287 -84 -23]
[287 -117 -17]
[287 -117 -18]
[287 -110 -22]
[287 -111 -22]
[287 -93 -24]
[287 -92 -24]
[287 -65 -17]
[287 -64 -17]
[287 -96 -22]
[287 -96 -24]
[287 -105 -24]
[287 -91 -24]
[287 -114 -17]
[287 -114 -19]
[287 -116 -18]
[287 -116 -19]
[287 -102 -22]
[287 -62 -15]
[287 -62 -14]
[287 -63 -15]
[287 -66 -18]
[287 -68 -18]
[287 -99 -24]
[287 -100 -24]
[287 -63 -16]
[287 -61 -12]
[287 -69 -18]
[287 -71 -17]
[287 -121 -18]
[287 -64 -3]
[287 -106 -24]
[287 -85 -23]
[287 -83 -23]
[287 -63 -17]
[287 -82 -24]
[287 -83 -24]
[287 -65 -18]
[287 -67 -18]
[288 -115 -19]
[288 -62 -18]
[288 -62 -16]
[288 -63 -18]
[288 -118 -19]
[288 -60 -5]
[288 -61 -5]
[288 -62 -5]
[288 -68 -17]
[288 -68 -19]
[288 -69 -19]
[288 -67 -19]
[288 -63 -13]
[288 -61 -15]
[288 -61 -13]
[288 -111 -23]
[288 -66 -19]
[288 -85 -24]
[288 -120 -19]
[288 -115 -20]
[288 -64 -19]
[288 -65 -19]
[288 -61 -11]
[288 -106 -23]
[288 -107 -25]
[288 -106 -25]
[288 -61 -16]
[288 -94 -24]
[288 -71 -18]
[288 -71 -19]
[288 -119 -19]
[288 -100 -25]
[288 -98 -25]
[288 -112 -23]
[288 -114 -18]
[288 -84 -24]
[288 -64 -18]
[288 -102 -25]
[288 -103 -25]
[288 -101 -25]
[288 -99 -23]
[288 -99 -25]
[288 -89 -25]
[288 -108 -24]
[288 -107 -24]
[289 -59 -5]
[289 -60 -4]
[289 -60 -6]
[289 -61 -6]
[289 -84 -25]
[289 -85 -25]
[289 -68 -20]
[289 -117 -19]
[289 -118 -20]
[289 -117 -20]
[289 -119 -20]
[289 -71 -20]
[289 -70 -19]
[289 -70 -20]
[289 -72 -19]
[289 -97 -26]
[289 -109 -25]
[289 -114 -21]
[289 -114 -20]
[289 -60 -15]
[289 -61 -17]
[289 -62 -17]
[289 -61 -18]
[289 -62 -19]
[289 -61 -19]
[289 -66 -20]
[289 -65 -20]
[289 -64 -20]
[289 -86 -23]
[289 -111 -24]
[289 -88 -24]
[289 -103 -26]
[289 -102 -26]
[289 -101 -26]
[289 -112 -22]
[289 -110 -24]
[289 -104 -25]
[289 -104 -24]
[289 -63 -19]
[289 -60 -14]
[289 -67 -20]
[289 -64 -12]
[290 -112 -21]
[290 -113 -21]
[290 -118 -21]
[290 -102 -27]
[290 -59 -6]
[290 -62 -20]
[290 -61 -20]
[290 -116 -20]
[290 -58 -4]
[290 -59 -4]
[290 -59 -3]
[290 -60 -17]
[290 -60 -18]
[290 -87 -24]
[290 -88 -25]
[290 -87 -25]
[290 -87 -23]
[290 -60 -19]
[290 -60 -20]
[290 -70 -21]
[290 -69 -21]
[290 -97 -27]
[290 -98 -26]
[290 -63 -20]
[290 -67 -21]
[290 -68 -21]
[290 -69 -20]
[290 -63 -21]
[290 -64 -21]
[290 -72 -21]
[290 -71 -21]
[290 -111 -25]
[290 -108 -26]
[290 -61 -14]
[290 -59 -16]
[290 -66 -21]
[290 -110 -25]
[290 -84 -26]
[290 -86 -25]
[290 -65 -21]
[291 -88 -23]
[291 -58 -3]
[291 -62 -22]
[291 -64 -22]
[291 -67 -22]
[291 -66 -22]
[291 -98 -28]
[291 -97 -28]
[291 -96 -27]
[291 -85 -26]
[291 -86 -26]
[291 -59 -18]
[291 -58 -17]
[291 -59 -15]
[291 -59 -19]
[291 -60 -21]
[291 -68 -22]
[291 -63 -22]
[291 -65 -22]
[291 -57 -5]
[291 -69 -22]
[291 -70 -22]
[291 -99 -27]
[291 -108 -27]
[291 -107 -27]
[291 -110 -26]
[291 -62 -21]
[291 -58 -5]
[291 -101 -27]
[291 -72 -20]
[291 -72 -22]
[291 -59 -20]
[291 -113 -20]
[291 -61 -21]
[291 -73 -20]
[292 -73 -21]
[292 -69 -23]
[292 -66 -23]
[292 -109 -27]
[292 -107 -28]
[292 -109 -26]
[292 -58 -20]
[292 -64 -23]
[292 -63 -23]
[292 -106 -27]
[292 -60 -16]
[292 -71 -22]
[292 -71 -23]
[292 -65 -23]
[292 -97 -29]
[292 -98 -29]
[292 -58 -6]
[292 -59 -17]
[292 -58 -18]
[292 -58 -19]
[292 -68 -23]
[292 -95 -28]
[292 -96 -26]
[292 -95 -27]
[292 -98 -27]
[293 -64 -24]
[293 -94 -28]
[293 -98 -30]
[293 -67 -23]
[293 -66 -24]
[293 -67 -24]
[293 -72 -23]
[293 -96 -29]
[293 -69 -24]
[293 -68 -24]
[293 -70 -23]
[293 -71 -24]
[294 -99 -31]
[294 -99 -30]
[294 -97 -30]
[294 -98 -31]
[294 -66 -25]
[294 -68 -25]
[294 -67 -25]
[294 -72 -24]
[294 -70 -25]
[294 -65 -24]
[294 -63 -24]
[294 -64 -25]
[294 -70 -24]
[294 -69 -25]
[295 -71 -25]
[295 -72 -25]
[295 -73 -25]
[295 -100 -32]
[295 -100 -30]
[295 -99 -32]
[295 -62 -25]
[295 -68 -26]
[295 -96 -30]
[295 -66 -26]
[295 -67 -26]
[295 -65 -26]
[295 -65 -25]
[295 -64 -26]
[296 -71 -26]
[296 -73 -26]
[296 -63 -26]
[296 -63 -27]
[296 -64 -27]
[296 -69 -27]
[296 -66 -27]
[296 -67 -27]
[296 -101 -30]
[296 -72 -26]
[296 -101 -32]
[296 -96 -31]
[296 -62 -26]
[296 -63 -25]
[296 -98 -32]
[297 -100 -31]
[297 -102 -29]
[297 -102 -33]
[297 -100 -33]
[297 -102 -32]
[297 -68 -28]
[297 -68 -27]
[297 -67 -28]
[297 -66 -28]
[297 -65 -27]
[297 -96 -32]
[297 -95 -30]
[297 -62 -28]
[297 -64 -28]
[297 -63 -28]
[297 -70 -26]
[297 -71 -27]
[297 -70 -27]
[297 -69 -28]
[297 -69 -26]
[297 -65 -28]
[297 -72 -27]
[298 -66 -29]
[298 -65 -29]
[298 -73 -28]
[298 -71 -28]
[298 -70 -28]
[298 -68 -29]
[298 -103 -33]
[298 -103 -32]
[298 -101 -34]
[298 -94 -31]
[298 -62 -29]
[298 -64 -29]
[298 -62 -27]
[298 -100 -34]
[298 -103 -29]
[298 -67 -29]
[298 -103 -31]
[298 -95 -31]
[298 -61 -29]
[298 -63 -29]
[299 -104 -31]
[299 -94 -32]
[299 -95 -32]
[299 -73 -29]
[299 -74 -29]
[299 -72 -29]
[299 -104 -30]
[299 -102 -30]
[299 -61 -30]
[299 -62 -30]
[299 -61 -28]
[299 -101 -35]
[299 -100 -35]
[299 -102 -34]
[299 -71 -29]
[299 -72 -28]
[299 -70 -29]
[299 -69 -30]
[299 -65 -30]
[299 -63 -30]
[299 -64 -30]
[299 -99 -35]
[299 -60 -29]
[300 -70 -30]
[300 -72 -30]
[300 -102 -35]
[300 -64 -31]
[300 -62 -31]
[300 -63 -31]
[300 -94 -33]
[300 -93 -33]
[300 -93 -32]
[300 -95 -33]
[300 -60 -28]
[300 -60 -30]
[300 -59 -28]
[300 -59 -29]
[300 -66 -30]
[300 -73 -27]
[300 -61 -31]
[300 -74 -30]
[300 -70 -31]
[300 -69 -31]
[300 -75 -29]
[300 -69 -29]
[300 -71 -30]
[300 -103 -30]
[300 -104 -32]
[300 -96 -33]
[300 -73 -30]
[301 -74 -31]
[301 -75 -30]
[301 -75 -31]
[301 -73 -31]
[301 -63 -32]
[301 -93 -34]
[301 -94 -34]
[301 -60 -31]
[301 -59 -30]
[301 -92 -32]
[301 -92 -33]
[301 -60 -32]
[301 -61 -32]
[301 -72 -31]
[301 -71 -31]
[301 -65 -31]
[301 -65 -32]
[301 -64 -32]
[301 -76 -30]
[301 -97 -32]
[301 -70 -32]
[301 -68 -32]
[301 -71 -32]
[301 -69 -32]
[301 -62 -32]
[302 -92 -35]
[302 -92 -34]
[302 -70 -33]
[302 -68 -33]
[302 -91 -32]
[302 -91 -34]
[302 -66 -33]
[302 -66 -32]
[302 -71 -33]
[302 -59 -31]
[302 -62 -33]
[302 -60 -33]
[302 -76 -31]
[302 -77 -31]
[302 -59 -32]
[302 -66 -31]
[302 -67 -32]
[302 -68 -31]
[302 -63 -33]
[302 -61 -33]
[302 -76 -32]
[302 -64 -33]
[302 -65 -33]
[303 -78 -32]
[303 -67 -31]
[303 -67 -33]
[303 -64 -34]
[303 -66 -34]
[303 -62 -34]
[303 -59 -33]
[303 -60 -34]
[303 -71 -34]
[303 -90 -33]
[303 -65 -34]
[303 -77 -32]
[303 -61 -34]
[303 -90 -35]
[304 -70 -34]
[304 -79 -33]
[304 -61 -35]
[304 -89 -35]
[304 -90 -36]
[304 -91 -35]
[304 -78 -31]
[304 -89 -34]
[304 -62 -35]
[304 -64 -35]
[304 -65 -35]
[305 -88 -36]
[305 -89 -36]
[305 -90 -34]
[305 -88 -35]
[305 -63 -35]
[305 -61 -36]
[305 -60 -35]
[305 -60 -36]
[305 -62 -36]
[305 -80 -32]
[305 -89 -33]
[305 -89 -37]
[305 -63 -34]
[305 -65 -36]
[305 -79 -31]
[306 -81 -33]
[306 -80 -31]
[306 -80 -33]
[306 -79 -32]
[306 -64 -36]
[306 -61 -37]
[306 -63 -36]
[306 -88 -34]
[306 -87 -35]
[306 -87 -34]
[306 -91 -33]
[306 -80 -30]
[306 -88 -37]
[307 -86 -35]
[307 -81 -34]
[307 -82 -33]
[307 -81 -32]
[307 -64 -37]
[307 -63 -37]
[308 -65 -38]
[308 -64 -38]
[308 -63 -38]
[308 -85 -36]
[308 -82 -34]
[308 -62 -38]
[309 -65 -37]
[309 -66 -37]
[309 -81 -35]
[309 -83 -35]
[309 -84 -36]
[309 -85 -35]
[310 -82 -35]
[310 -84 -35]
[310 -83 -36]
[310 -66 -38]
[310 -83 -37]
[311 -82 -36]
[312 -82 -37]
