WORLD -121 121 -150 150 8.599638030038024 45.971120579063566 20.922061667319632 20.871909874832877
[0 -55 66]
[0 -56 67]
[0 -54 65]
[0 -55 67]
[0 -54 67]
[0 -55 65]
[0 -54 66]
[0 -56 65]
[0 -56 66]
[0 -57 67]
[0 -53 67]
[0 -53 66]
[0 -54 64]
[0 -53 65]
[0 -55 64]
[0 -57 66]
[0 -54 68]
[0 -56 68]
[0 -56 64]
[1 -55 63]
[1 -56 63]
[1 -57 65]
[1 -55 69]
[1 -55 68]
[1 -53 68]
[1 -58 67]
[1 -52 67]
[1 -52 65]
[1 -56 69]
[1 -57 69]
[1 -52 66]
[2 -58 65]
[2 -58 66]
[2 -52 68]
[2 -51 66]
[2 -51 68]
[2 -51 65]
[2 -53 64]
[2 -52 64]
[2 -55 62]
[2 -56 62]
[2 -57 62]
[2 -57 64]
[2 -54 69]
[2 -58 68]
[2 -59 66]
[2 -57 68]
[2 -59 67]
[2 -59 68]
[2 -56 70]
[2 -58 69]
[2 -57 70]
[2 -54 63]
[3 -55 70]
[3 -55 71]
[3 -56 71]
[3 -57 71]
[3 -58 70]
[3 -60 67]
[3 -51 67]
[3 -50 67]
[3 -50 65]
[3 -53 63]
[3 -52 63]
[3 -53 62]
[3 -59 64]
[3 -59 65]
[3 -51 64]
[3 -59 69]
[3 -59 70]
[3 -52 69]
[3 -50 69]
[3 -56 61]
[3 -55 61]
[3 -58 61]
[3 -57 61]
[3 -60 68]
[3 -60 65]
[3 -53 70]
[3 -54 70]
[3 -53 69]
[3 -54 62]
[4 -49 66]
[4 -49 68]
[4 -49 67]
[4 -60 69]
[4 -52 70]
[4 -58 71]
[4 -58 72]
[4 -56 72]
[4 -49 65]
[4 -61 69]
[4 -61 67]
[4 -60 66]
[4 -55 72]
[4 -54 71]
[4 -54 72]
[4 -59 60]
[4 -58 60]
[4 -61 64]
[4 -52 62]
[4 -60 71]
[4 -53 71]
[4 -51 63]
[4 -50 63]
[4 -60 63]
[4 -60 64]
[4 -52 61]
[4 -53 61]
[4 -50 68]
[4 -50 66]
[4 -58 64]
[4 -54 60]
[4 -57 60]
[4 -55 60]
[4 -51 70]
[4 -58 62]
[4 -51 62]
[4 -49 70]
[4 -49 69]
[4 -50 70]
[5 -61 63]
[5 -57 63]
[5 -59 61]
[5 -59 62]
[5 -58 63]
[5 -48 64]
[5 -48 66]
[5 -59 71]
[5 -57 73]
[5 -59 73]
[5 -57 72]
[5 -51 69]
[5 -61 71]
[5 -61 70]
[5 -62 68]
[5 -61 68]
[5 -62 70]
[5 -56 73]
[5 -61 65]
[5 -59 72]
[5 -62 66]
[5 -61 66]
[5 -48 68]
[5 -56 59]
[5 -54 59]
[5 -55 59]
[5 -48 67]
[5 -53 60]
[5 -56 60]
[5 -48 70]
[5 -48 69]
[5 -51 60]
[5 -58 59]
[5 -60 61]
[5 -51 71]
[5 -50 71]
[5 -54 61]
[5 -52 60]
[5 -52 72]
[5 -49 71]
[5 -50 64]
[5 -49 63]
[5 -59 59]
[5 -57 59]
[5 -50 62]
[6 -47 68]
[6 -47 69]
[6 -47 70]
[6 -60 70]
[6 -62 65]
[6 -55 58]
[6 -53 58]
[6 -50 72]
[6 -48 71]
[6 -60 60]
[6 -61 61]
[6 -61 60]
[6 -60 72]
[6 -62 67]
[6 -48 63]
[6 -58 73]
[6 -58 74]
[6 -59 74]
[6 -60 74]
[6 -51 59]
[6 -52 59]
[6 -51 61]
[6 -50 60]
[6 -50 59]
[6 -59 58]
[6 -63 67]
[6 -63 66]
[6 -57 58]
[6 -58 58]
[6 -48 65]
[6 -50 61]
[6 -49 61]
[6 -54 58]
[6 -56 58]
[6 -55 73]
[6 -57 74]
[6 -56 74]
[6 -52 73]
[6 -51 73]
[6 -51 72]
[6 -53 59]
[6 -59 63]
[6 -60 62]
[6 -60 58]
[6 -52 71]
[6 -62 62]
[6 -62 63]
[6 -63 69]
[6 -62 69]
[7 -47 72]
[7 -48 72]
[7 -48 62]
[7 -61 59]
[7 -60 59]
[7 -51 58]
[7 -63 70]
[7 -63 68]
[7 -59 75]
[7 -60 73]
[7 -60 75]
[7 -49 73]
[7 -58 57]
[7 -59 57]
[7 -61 75]
[7 -61 73]
[7 -61 74]
[7 -47 65]
[7 -47 66]
[7 -49 62]
[7 -47 63]
[7 -47 64]
[7 -50 74]
[7 -51 74]
[7 -63 63]
[7 -63 62]
[7 -54 57]
[7 -62 64]
[7 -63 64]
[7 -55 57]
[7 -53 57]
[7 -49 60]
[7 -49 59]
[7 -56 57]
[7 -50 73]
[7 -61 72]
[7 -61 57]
[7 -60 57]
[7 -57 57]
[7 -46 70]
[7 -46 69]
[7 -46 68]
[7 -53 73]
[7 -52 74]
[7 -53 72]
[7 -47 71]
[7 -46 71]
[7 -62 59]
[7 -62 61]
[7 -52 58]
[7 -50 58]
[7 -47 67]
[7 -46 67]
[8 -61 58]
[8 -48 58]
[8 -48 60]
[8 -48 59]
[8 -49 58]
[8 -47 62]
[8 -47 61]
[8 -52 56]
[8 -53 56]
[8 -46 72]
[8 -63 65]
[8 -54 73]
[8 -54 74]
[8 -53 74]
[8 -51 57]
[8 -50 57]
[8 -49 57]
[8 -48 61]
[8 -49 74]
[8 -58 56]
[8 -57 56]
[8 -48 73]
[8 -54 56]
[8 -45 70]
[8 -56 56]
[8 -46 66]
[8 -64 64]
[8 -64 63]
[8 -64 62]
[8 -62 57]
[8 -64 61]
[8 -64 69]
[8 -64 71]
[8 -63 71]
[8 -48 74]
[8 -46 64]
[8 -46 63]
[8 -45 69]
[8 -52 57]
[8 -62 58]
[8 -63 58]
[8 -63 60]
[8 -62 60]
[8 -45 66]
[8 -45 68]
[9 -44 71]
[9 -45 71]
[9 -49 56]
[9 -48 56]
[9 -50 56]
[9 -47 59]
[9 -51 56]
[9 -47 60]
[9 -46 62]
[9 -45 63]
[9 -45 65]
[9 -46 65]
[9 -45 67]
[9 -54 55]
[9 -55 74]
[9 -65 62]
[9 -65 60]
[9 -55 56]
[9 -56 55]
[9 -57 55]
[9 -55 55]
[9 -64 58]
[9 -64 59]
[9 -63 59]
[9 -64 65]
[9 -64 66]
[9 -44 67]
[9 -44 65]
[9 -46 61]
[9 -47 73]
[9 -45 72]
[9 -63 72]
[9 -65 63]
[9 -45 64]
[9 -51 55]
[9 -53 55]
[9 -49 72]
[9 -47 58]
[9 -64 60]
[9 -44 68]
[9 -44 69]
[9 -62 71]
[10 -44 72]
[10 -45 73]
[10 -46 73]
[10 -44 73]
[10 -43 68]
[10 -54 54]
[10 -55 54]
[10 -43 66]
[10 -44 66]
[10 -65 59]
[10 -65 61]
[10 -63 61]
[10 -45 60]
[10 -45 61]
[10 -50 55]
[10 -45 62]
[10 -44 70]
[10 -43 70]
[10 -56 54]
[10 -43 71]
[10 -43 72]
[10 -44 64]
[10 -44 62]
[10 -65 66]
[10 -52 54]
[10 -66 61]
[10 -66 59]
[10 -46 59]
[10 -47 57]
[10 -46 57]
[10 -46 58]
[10 -48 57]
[10 -48 55]
[10 -66 62]
[10 -53 54]
[10 -52 55]
[10 -50 54]
[10 -63 73]
[10 -64 73]
[10 -62 72]
[10 -43 64]
[10 -66 63]
[10 -46 60]
[10 -49 55]
[11 -42 63]
[11 -42 64]
[11 -42 69]
[11 -43 67]
[11 -46 56]
[11 -47 56]
[11 -45 57]
[11 -44 60]
[11 -49 54]
[11 -52 53]
[11 -53 53]
[11 -51 53]
[11 -44 63]
[11 -67 63]
[11 -65 64]
[11 -43 73]
[11 -56 53]
[11 -55 53]
[11 -54 53]
[11 -43 69]
[11 -42 65]
[11 -67 61]
[11 -46 74]
[11 -45 74]
[11 -49 53]
[11 -51 54]
[11 -65 72]
[11 -64 72]
[11 -44 61]
[11 -42 71]
[11 -43 65]
[11 -45 58]
[11 -45 59]
[11 -65 58]
[11 -67 59]
[11 -66 67]
[11 -66 65]
[11 -43 61]
[12 -52 52]
[12 -65 71]
[12 -65 73]
[12 -42 68]
[12 -42 62]
[12 -43 63]
[12 -43 62]
[12 -41 64]
[12 -41 63]
[12 -53 52]
[12 -67 66]
[12 -67 68]
[12 -67 67]
[12 -66 68]
[12 -66 66]
[12 -68 60]
[12 -66 60]
[12 -67 60]
[12 -65 65]
[12 -43 60]
[12 -44 59]
[12 -44 57]
[12 -49 52]
[12 -50 52]
[12 -50 53]
[12 -48 52]
[12 -42 70]
[12 -41 69]
[12 -44 74]
[12 -41 71]
[12 -41 70]
[12 -42 72]
[12 -41 72]
[12 -51 52]
[12 -42 66]
[12 -42 67]
[12 -67 62]
[12 -66 64]
[12 -68 62]
[12 -68 64]
[12 -45 56]
[12 -48 54]
[12 -48 53]
[12 -47 55]
[12 -45 55]
[12 -46 55]
[12 -42 74]
[12 -43 74]
[12 -42 73]
[12 -47 74]
[12 -42 60]
[12 -66 73]
[13 -52 51]
[13 -53 51]
[13 -51 51]
[13 -47 54]
[13 -67 65]
[13 -66 71]
[13 -65 70]
[13 -64 70]
[13 -68 67]
[13 -68 66]
[13 -43 56]
[13 -44 58]
[13 -44 56]
[13 -44 55]
[13 -45 54]
[13 -45 75]
[13 -44 75]
[13 -41 74]
[13 -41 73]
[13 -42 59]
[13 -41 66]
[13 -46 54]
[13 -43 59]
[13 -42 61]
[13 -41 60]
[13 -66 72]
[13 -67 73]
[13 -67 72]
[13 -65 67]
[13 -41 67]
[13 -41 61]
[13 -68 61]
[13 -68 63]
[13 -69 61]
[13 -41 68]
[13 -40 68]
[13 -40 62]
[13 -40 63]
[13 -65 69]
[13 -66 69]
[13 -69 63]
[13 -69 64]
[13 -69 65]
[13 -48 51]
[13 -68 65]
[13 -47 52]
[13 -40 71]
[13 -40 69]
[13 -66 74]
[13 -41 65]
[13 -68 68]
[13 -54 51]
[13 -54 52]
[13 -50 51]
[13 -47 53]
[13 -42 75]
[14 -39 72]
[14 -39 70]
[14 -40 72]
[14 -43 57]
[14 -45 76]
[14 -44 76]
[14 -69 62]
[14 -40 64]
[14 -68 69]
[14 -67 69]
[14 -69 69]
[14 -40 73]
[14 -40 74]
[14 -40 61]
[14 -40 59]
[14 -41 59]
[14 -52 50]
[14 -39 67]
[14 -65 68]
[14 -64 67]
[14 -67 71]
[14 -40 65]
[14 -45 53]
[14 -46 53]
[14 -44 54]
[14 -69 66]
[14 -69 67]
[14 -49 51]
[14 -48 50]
[14 -49 50]
[14 -42 58]
[14 -43 58]
[14 -50 50]
[14 -68 72]
[14 -67 74]
[14 -42 55]
[14 -70 64]
[14 -70 63]
[14 -70 65]
[14 -41 75]
[14 -43 75]
[14 -41 76]
[14 -42 76]
[14 -39 69]
[14 -55 52]
[14 -68 71]
[14 -68 73]
[14 -67 64]
[14 -70 61]
[14 -69 60]
[14 -70 62]
[14 -70 60]
[14 -43 55]
[14 -66 70]
[14 -40 67]
[14 -39 61]
[14 -39 63]
[14 -47 51]
[15 -39 73]
[15 -40 77]
[15 -40 76]
[15 -42 77]
[15 -69 59]
[15 -70 59]
[15 -38 64]
[15 -38 63]
[15 -38 62]
[15 -69 73]
[15 -69 74]
[15 -49 49]
[15 -50 49]
[15 -48 49]
[15 -40 75]
[15 -39 75]
[15 -39 74]
[15 -39 71]
[15 -38 72]
[15 -38 73]
[15 -39 66]
[15 -44 53]
[15 -45 52]
[15 -44 52]
[15 -71 65]
[15 -40 60]
[15 -38 60]
[15 -43 54]
[15 -42 56]
[15 -42 57]
[15 -39 68]
[15 -68 59]
[15 -69 70]
[15 -39 64]
[15 -41 62]
[15 -52 49]
[15 -71 62]
[15 -71 63]
[15 -71 64]
[15 -38 70]
[15 -38 71]
[15 -40 70]
[15 -64 68]
[15 -41 56]
[15 -41 55]
[15 -69 72]
[15 -67 70]
[15 -41 58]
[15 -68 70]
[15 -69 71]
[15 -39 65]
[15 -46 52]
[15 -43 77]
[15 -47 50]
[15 -43 76]
[15 -46 50]
[15 -46 51]
[15 -38 67]
[15 -38 68]
[15 -71 60]
[15 -71 61]
[15 -70 67]
[15 -39 60]
[15 -69 68]
[15 -70 68]
[15 -68 74]
[16 -40 66]
[16 -70 69]
[16 -71 59]
[16 -72 61]
[16 -70 71]
[16 -70 73]
[16 -38 69]
[16 -37 68]
[16 -40 58]
[16 -40 57]
[16 -37 73]
[16 -37 72]
[16 -37 71]
[16 -69 58]
[16 -38 61]
[16 -37 59]
[16 -39 59]
[16 -71 66]
[16 -53 48]
[16 -51 48]
[16 -51 49]
[16 -53 49]
[16 -53 50]
[16 -52 48]
[16 -72 65]
[16 -38 66]
[16 -71 67]
[16 -70 66]
[16 -71 58]
[16 -70 58]
[16 -39 76]
[16 -38 75]
[16 -38 74]
[16 -40 55]
[16 -37 66]
[16 -37 64]
[16 -37 63]
[16 -37 65]
[16 -72 63]
[16 -39 62]
[16 -37 62]
[16 -43 53]
[16 -40 56]
[16 -42 54]
[16 -41 54]
[16 -50 48]
[16 -51 50]
[16 -42 78]
[16 -41 78]
[16 -40 78]
[16 -39 77]
[16 -38 59]
[16 -37 61]
[16 -70 70]
[16 -70 72]
[16 -72 60]
[16 -41 57]
[16 -37 70]
[16 -37 69]
[16 -69 75]
[16 -38 65]
[16 -45 51]
[17 -73 62]
[17 -73 61]
[17 -72 62]
[17 -72 59]
[17 -73 60]
[17 -36 64]
[17 -71 68]
[17 -41 77]
[17 -70 57]
[17 -72 58]
[17 -69 57]
[17 -36 71]
[17 -39 56]
[17 -39 55]
[17 -68 57]
[17 -36 73]
[17 -36 72]
[17 -71 70]
[17 -71 69]
[17 -43 52]
[17 -71 73]
[17 -71 72]
[17 -71 71]
[17 -54 50]
[17 -54 49]
[17 -38 58]
[17 -39 58]
[17 -37 74]
[17 -70 74]
[17 -52 47]
[17 -38 78]
[17 -39 78]
[17 -38 76]
[17 -38 77]
[17 -36 61]
[17 -36 67]
[17 -37 60]
[17 -37 58]
[17 -72 67]
[17 -39 57]
[17 -42 53]
[17 -37 76]
[17 -36 66]
[17 -71 74]
[17 -39 79]
[17 -73 64]
[17 -73 63]
[17 -40 54]
[17 -36 68]
[17 -72 66]
[17 -36 65]
[18 -69 56]
[18 -53 47]
[18 -52 46]
[18 -73 59]
[18 -36 69]
[18 -37 67]
[18 -35 68]
[18 -73 66]
[18 -73 57]
[18 -35 70]
[18 -35 72]
[18 -68 56]
[18 -70 56]
[18 -72 64]
[18 -74 65]
[18 -73 65]
[18 -36 60]
[18 -37 78]
[18 -37 77]
[18 -35 73]
[18 -55 49]
[18 -37 79]
[18 -37 57]
[18 -38 57]
[18 -38 56]
[18 -38 55]
[18 -35 63]
[18 -72 71]
[18 -72 73]
[18 -72 70]
[18 -72 69]
[18 -74 61]
[18 -72 68]
[18 -36 77]
[18 -37 75]
[18 -71 75]
[18 -70 75]
[18 -35 67]
[18 -74 59]
[18 -74 60]
[18 -38 80]
[18 -39 80]
[18 -73 68]
[18 -36 75]
[18 -36 74]
[18 -35 74]
[19 -74 58]
[19 -73 56]
[19 -51 46]
[19 -51 45]
[19 -34 74]
[19 -34 75]
[19 -75 65]
[19 -75 64]
[19 -74 66]
[19 -74 64]
[19 -67 56]
[19 -36 76]
[19 -36 79]
[19 -72 74]
[19 -73 74]
[19 -35 78]
[19 -73 58]
[19 -35 69]
[19 -53 46]
[19 -75 59]
[19 -75 60]
[19 -34 64]
[19 -34 63]
[19 -36 63]
[19 -38 79]
[19 -39 81]
[19 -38 81]
[19 -36 57]
[19 -36 58]
[19 -73 70]
[19 -75 62]
[19 -74 62]
[19 -74 69]
[19 -74 68]
[19 -73 69]
[19 -34 67]
[19 -34 68]
[19 -34 69]
[19 -70 55]
[19 -34 72]
[19 -34 71]
[19 -35 71]
[19 -35 75]
[19 -73 72]
[19 -75 61]
[19 -35 66]
[19 -37 80]
[19 -37 81]
[19 -37 56]
[20 -75 58]
[20 -76 59]
[20 -76 58]
[20 -51 44]
[20 -52 45]
[20 -50 44]
[20 -52 44]
[20 -74 70]
[20 -36 70]
[20 -35 80]
[20 -36 80]
[20 -36 78]
[20 -37 82]
[20 -38 82]
[20 -73 73]
[20 -74 75]
[20 -72 75]
[20 -74 73]
[20 -74 63]
[20 -75 63]
[20 -75 67]
[20 -73 67]
[20 -76 60]
[20 -76 61]
[20 -76 62]
[20 -33 72]
[20 -33 73]
[20 -76 63]
[20 -73 75]
[20 -36 81]
[20 -33 71]
[20 -36 62]
[20 -35 62]
[20 -75 68]
[20 -74 67]
[20 -33 64]
[20 -33 68]
[20 -33 66]
[20 -76 65]
[20 -75 66]
[20 -35 65]
[20 -35 64]
[20 -33 65]
[20 -35 76]
[20 -35 77]
[20 -39 82]
[20 -73 71]
[20 -74 71]
[20 -36 59]
[20 -35 57]
[20 -74 57]
[20 -34 66]
[20 -35 79]
[20 -34 79]
[20 -34 78]
[20 -34 77]
[20 -74 56]
[20 -74 55]
[20 -67 55]
[20 -34 73]
[20 -33 74]
[20 -33 67]
[20 -33 70]
[20 -34 70]
[21 -32 74]
[21 -32 75]
[21 -32 73]
[21 -77 61]
[21 -77 62]
[21 -34 80]
[21 -34 81]
[21 -33 79]
[21 -33 80]
[21 -33 78]
[21 -76 64]
[21 -34 58]
[21 -76 67]
[21 -76 66]
[21 -50 43]
[21 -76 57]
[21 -75 57]
[21 -77 59]
[21 -36 82]
[21 -35 61]
[21 -32 69]
[21 -32 68]
[21 -33 69]
[21 -74 72]
[21 -75 72]
[21 -74 74]
[21 -35 59]
[21 -35 60]
[21 -32 63]
[21 -32 65]
[21 -77 65]
[21 -77 64]
[21 -34 76]
[21 -72 72]
[21 -34 65]
[21 -74 54]
[21 -75 56]
[21 -75 54]
[21 -32 67]
[21 -32 71]
[21 -75 70]
[21 -32 64]
[21 -32 66]
[21 -38 83]
[21 -35 82]
[21 -35 81]
[21 -75 74]
[21 -49 43]
[21 -51 43]
[21 -34 61]
[21 -77 58]
[21 -73 55]
[21 -76 69]
[21 -76 68]
[21 -32 72]
[21 -32 70]
[21 -75 71]
[21 -75 69]
[22 -38 84]
[22 -37 84]
[22 -37 83]
[22 -36 83]
[22 -78 61]
[22 -75 53]
[22 -76 55]
[22 -76 54]
[22 -76 53]
[22 -33 75]
[22 -31 73]
[22 -33 76]
[22 -34 62]
[22 -35 58]
[22 -33 59]
[22 -34 59]
[22 -33 58]
[22 -75 75]
[22 -78 60]
[22 -31 67]
[22 -31 69]
[22 -76 70]
[22 -77 63]
[22 -78 65]
[22 -78 63]
[22 -78 64]
[22 -77 68]
[22 -73 54]
[22 -31 63]
[22 -34 60]
[22 -31 64]
[22 -33 63]
[22 -31 62]
[22 -77 67]
[22 -48 43]
[22 -31 70]
[22 -76 73]
[22 -76 74]
[22 -77 66]
[22 -76 72]
[22 -31 72]
[22 -75 73]
[22 -75 55]
[22 -32 80]
[22 -78 66]
[22 -77 56]
[22 -76 56]
[22 -34 82]
[22 -77 60]
[22 -31 74]
[22 -31 76]
[22 -32 76]
[22 -76 71]
[22 -31 68]
[22 -31 66]
[22 -31 65]
[22 -34 83]
[23 -35 83]
[23 -32 62]
[23 -30 65]
[23 -30 63]
[23 -31 75]
[23 -30 76]
[23 -30 75]
[23 -33 81]
[23 -31 80]
[23 -32 81]
[23 -77 72]
[23 -77 70]
[23 -31 71]
[23 -34 84]
[23 -33 83]
[23 -33 82]
[23 -33 84]
[23 -79 61]
[23 -78 68]
[23 -30 61]
[23 -30 67]
[23 -30 66]
[23 -36 84]
[23 -77 55]
[23 -33 77]
[23 -78 69]
[23 -78 67]
[23 -77 69]
[23 -30 73]
[23 -30 72]
[23 -76 75]
[23 -79 63]
[23 -77 57]
[23 -30 68]
[23 -74 53]
[23 -72 53]
[23 -47 43]
[23 -77 53]
[23 -30 71]
[23 -33 60]
[23 -33 61]
[23 -30 62]
[23 -78 62]
[23 -79 62]
[23 -79 64]
[23 -77 71]
[23 -76 52]
[23 -75 52]
[23 -77 73]
[23 -77 75]
[23 -33 62]
[23 -32 59]
[24 -78 71]
[24 -78 72]
[24 -29 62]
[24 -35 84]
[24 -29 73]
[24 -29 71]
[24 -31 60]
[24 -29 60]
[24 -30 64]
[24 -29 64]
[24 -79 69]
[24 -30 70]
[24 -29 72]
[24 -29 70]
[24 -75 51]
[24 -77 51]
[24 -32 61]
[24 -78 57]
[24 -78 58]
[24 -78 74]
[24 -32 82]
[24 -32 84]
[24 -31 79]
[24 -32 79]
[24 -30 79]
[24 -31 81]
[24 -80 64]
[24 -80 63]
[24 -80 62]
[24 -73 53]
[24 -73 52]
[24 -74 52]
[24 -30 77]
[24 -31 77]
[24 -29 77]
[24 -29 76]
[24 -79 67]
[24 -32 60]
[24 -31 59]
[24 -77 74]
[24 -29 67]
[24 -30 69]
[24 -78 73]
[24 -78 56]
[24 -78 70]
[24 -29 66]
[24 -32 85]
[24 -30 74]
[24 -29 74]
[24 -76 51]
[24 -74 51]
[24 -78 52]
[24 -77 52]
[25 -81 63]
[25 -81 61]
[25 -81 62]
[25 -28 77]
[25 -28 78]
[25 -29 78]
[25 -28 76]
[25 -79 73]
[25 -76 50]
[25 -75 50]
[25 -79 51]
[25 -32 77]
[25 -30 78]
[25 -28 68]
[25 -28 66]
[25 -29 68]
[25 -28 67]
[25 -28 75]
[25 -29 75]
[25 -31 78]
[25 -31 83]
[25 -80 69]
[25 -80 70]
[25 -79 68]
[25 -28 72]
[25 -28 74]
[25 -79 57]
[25 -79 58]
[25 -79 56]
[25 -79 72]
[25 -28 71]
[25 -31 61]
[25 -31 82]
[25 -28 73]
[25 -32 78]
[25 -78 50]
[25 -77 50]
[25 -78 51]
[25 -30 80]
[25 -79 65]
[25 -81 65]
[25 -80 65]
[25 -73 51]
[25 -74 50]
[25 -73 50]
[25 -72 51]
[25 -72 52]
[25 -78 75]
[25 -30 60]
[25 -30 59]
[25 -29 61]
[25 -29 59]
[25 -28 60]
[25 -79 71]
[25 -79 70]
[25 -28 63]
[25 -28 61]
[25 -28 64]
[25 -29 65]
[25 -29 80]
[25 -29 63]
[25 -81 64]
[25 -31 85]
[25 -31 84]
[25 -80 67]
[25 -80 68]
[25 -80 66]
[25 -79 66]
[25 -29 69]
[26 -28 62]
[26 -27 73]
[26 -27 72]
[26 -27 74]
[26 -28 69]
[26 -82 61]
[26 -82 62]
[26 -30 83]
[26 -30 81]
[26 -32 83]
[26 -82 64]
[26 -81 66]
[26 -80 71]
[26 -29 79]
[26 -28 80]
[26 -28 81]
[26 -77 49]
[26 -78 49]
[26 -27 67]
[26 -79 74]
[26 -75 49]
[26 -74 49]
[26 -73 49]
[26 -82 60]
[26 -80 60]
[26 -72 50]
[26 -72 49]
[26 -27 64]
[26 -27 63]
[26 -80 57]
[26 -27 66]
[26 -82 63]
[26 -82 65]
[26 -30 84]
[26 -81 67]
[26 -81 68]
[26 -81 69]
[26 -28 79]
[26 -27 70]
[26 -80 72]
[26 -78 59]
[26 -80 58]
[26 -28 58]
[26 -28 70]
[26 -27 76]
[26 -27 77]
[26 -80 73]
[26 -71 52]
[26 -71 51]
[26 -27 71]
[26 -27 78]
[26 -27 60]
[26 -27 59]
[26 -29 58]
[26 -31 58]
[26 -27 79]
[26 -81 70]
[27 -73 48]
[27 -72 48]
[27 -26 67]
[27 -27 68]
[27 -27 62]
[27 -28 59]
[27 -26 61]
[27 -29 57]
[27 -30 58]
[27 -76 48]
[27 -77 48]
[27 -82 71]
[27 -26 70]
[27 -26 71]
[27 -29 83]
[27 -26 60]
[27 -27 58]
[27 -26 58]
[27 -81 57]
[27 -70 51]
[27 -71 53]
[27 -26 74]
[27 -26 73]
[27 -27 69]
[27 -82 66]
[27 -83 66]
[27 -26 64]
[27 -26 62]
[27 -79 59]
[27 -81 59]
[27 -80 59]
[27 -83 63]
[27 -83 62]
[27 -29 82]
[27 -30 82]
[27 -26 80]
[27 -29 81]
[27 -28 82]
[27 -27 81]
[27 -80 74]
[27 -80 75]
[27 -79 75]
[27 -81 72]
[27 -81 60]
[27 -83 61]
[27 -83 60]
[27 -78 48]
[27 -79 48]
[27 -82 68]
[27 -82 69]
[27 -82 70]
[27 -26 65]
[27 -26 63]
[27 -71 48]
[27 -26 78]
[27 -26 66]
[27 -70 50]
[27 -71 50]
[27 -83 59]
[27 -82 59]
[27 -71 49]
[27 -83 65]
[27 -26 77]
[27 -26 76]
[27 -27 57]
[27 -26 69]
[27 -82 67]
[28 -83 64]
[28 -84 64]
[28 -83 69]
[28 -84 66]
[28 -83 67]
[28 -26 68]
[28 -25 67]
[28 -25 66]
[28 -83 58]
[28 -84 60]
[28 -82 58]
[28 -84 59]
[28 -25 70]
[28 -26 72]
[28 -25 71]
[28 -25 59]
[28 -25 58]
[28 -25 57]
[28 -71 47]
[28 -27 75]
[28 -26 75]
[28 -25 76]
[28 -76 47]
[28 -77 47]
[28 -28 57]
[28 -25 63]
[28 -25 61]
[28 -25 60]
[28 -26 59]
[28 -76 49]
[28 -78 47]
[28 -84 62]
[28 -84 63]
[28 -30 57]
[28 -28 56]
[28 -29 56]
[28 -81 74]
[28 -81 75]
[28 -81 76]
[28 -80 49]
[28 -79 47]
[28 -79 49]
[28 -70 54]
[28 -70 53]
[28 -70 52]
[28 -84 61]
[28 -26 57]
[28 -80 61]
[28 -28 83]
[28 -27 83]
[28 -27 82]
[28 -25 78]
[28 -25 77]
[28 -83 68]
[28 -25 64]
[28 -25 65]
[28 -25 74]
[28 -25 73]
[28 -81 58]
[28 -72 47]
[28 -26 82]
[28 -27 80]
[28 -70 49]
[28 -26 79]
[28 -25 79]
[28 -25 80]
[28 -81 73]
[28 -81 71]
[28 -82 72]
[28 -83 70]
[28 -83 71]
[28 -83 72]
[28 -25 68]
[29 -27 55]
[29 -28 55]
[29 -25 81]
[29 -24 81]
[29 -24 76]
[29 -84 73]
[29 -83 73]
[29 -24 61]
[29 -24 60]
[29 -82 57]
[29 -76 46]
[29 -24 66]
[29 -24 67]
[29 -84 68]
[29 -84 69]
[29 -85 62]
[29 -85 59]
[29 -72 46]
[29 -73 46]
[29 -26 56]
[29 -24 57]
[29 -25 56]
[29 -24 58]
[29 -24 56]
[29 -82 76]
[29 -81 77]
[29 -82 75]
[29 -80 77]
[29 -25 69]
[29 -24 69]
[29 -24 68]
[29 -24 59]
[29 -25 83]
[29 -26 81]
[29 -82 74]
[29 -25 72]
[29 -24 72]
[29 -24 74]
[29 -24 73]
[29 -24 70]
[29 -85 63]
[29 -84 72]
[29 -84 70]
[29 -25 62]
[29 -24 62]
[29 -24 77]
[29 -24 79]
[29 -24 78]
[29 -84 67]
[29 -85 65]
[29 -84 65]
[29 -70 47]
[29 -71 46]
[29 -70 46]
[29 -70 48]
[29 -24 80]
[29 -84 58]
[29 -79 46]
[29 -78 46]
[29 -83 57]
[29 -30 56]
[29 -26 83]
[29 -27 84]
[29 -28 84]
[29 -24 63]
[29 -24 65]
[29 -69 48]
[29 -80 48]
[29 -81 50]
[29 -80 50]
[29 -81 48]
[29 -79 50]
[29 -85 66]
[29 -27 56]
[29 -24 75]
[29 -25 75]
[29 -84 71]
[29 -82 73]
[29 -77 46]
[29 -29 84]
[29 -24 71]
[29 -80 47]
[30 -73 45]
[30 -23 79]
[30 -23 78]
[30 -23 61]
[30 -23 57]
[30 -23 77]
[30 -23 62]
[30 -78 45]
[30 -83 74]
[30 -81 47]
[30 -26 84]
[30 -25 84]
[30 -85 64]
[30 -86 62]
[30 -23 66]
[30 -23 65]
[30 -84 74]
[30 -86 65]
[30 -86 66]
[30 -25 82]
[30 -23 74]
[30 -23 58]
[30 -23 60]
[30 -23 59]
[30 -23 70]
[30 -23 71]
[30 -23 72]
[30 -69 47]
[30 -23 67]
[30 -23 68]
[30 -85 67]
[30 -85 68]
[30 -85 58]
[30 -81 49]
[30 -83 76]
[30 -80 46]
[30 -79 45]
[30 -69 49]
[30 -23 75]
[30 -25 55]
[30 -69 45]
[30 -71 45]
[30 -85 60]
[30 -86 60]
[30 -86 59]
[30 -23 63]
[30 -24 82]
[30 -77 45]
[30 -76 45]
[30 -28 85]
[30 -27 85]
[30 -82 78]
[30 -80 76]
[30 -85 69]
[30 -85 71]
[30 -26 85]
[30 -75 45]
[30 -75 47]
[30 -86 67]
[30 -30 85]
[30 -26 55]
[30 -70 45]
[30 -85 70]
[30 -85 73]
[30 -85 72]
[30 -74 47]
[30 -74 46]
[30 -72 45]
[31 -85 61]
[31 -24 85]
[31 -69 44]
[31 -69 46]
[31 -70 44]
[31 -71 44]
[31 -68 48]
[31 -68 47]
[31 -86 63]
[31 -86 64]
[31 -77 44]
[31 -22 69]
[31 -22 70]
[31 -23 69]
[31 -75 48]
[31 -22 66]
[31 -22 67]
[31 -22 79]
[31 -22 80]
[31 -23 80]
[31 -68 45]
[31 -23 76]
[31 -22 77]
[31 -82 77]
[31 -83 77]
[31 -75 46]
[31 -74 45]
[31 -87 67]
[31 -87 66]
[31 -73 47]
[31 -76 44]
[31 -78 44]
[31 -25 85]
[31 -83 75]
[31 -84 75]
[31 -84 77]
[31 -22 60]
[31 -22 58]
[31 -23 64]
[31 -22 65]
[31 -22 62]
[31 -22 61]
[31 -22 74]
[31 -24 83]
[31 -82 48]
[31 -27 86]
[31 -26 86]
[31 -25 86]
[31 -82 50]
[31 -82 49]
[31 -87 60]
[31 -86 71]
[31 -86 70]
[31 -86 69]
[31 -22 59]
[31 -22 73]
[31 -22 72]
[31 -22 71]
[31 -86 68]
[31 -87 68]
[31 -72 44]
[31 -81 46]
[31 -80 45]
[31 -85 74]
[31 -85 75]
[31 -22 64]
[31 -24 64]
[31 -22 78]
[31 -22 57]
[31 -23 73]
[31 -73 44]
[31 -87 64]
[31 -86 73]
[31 -86 72]
[31 -23 82]
[31 -23 81]
[31 -23 83]
[31 -22 68]
[32 -21 59]
[32 -21 58]
[32 -84 76]
[32 -85 76]
[32 -21 74]
[32 -21 72]
[32 -23 84]
[32 -24 86]
[32 -70 43]
[32 -69 43]
[32 -68 44]
[32 -68 43]
[32 -79 43]
[32 -78 43]
[32 -87 73]
[32 -22 82]
[32 -67 46]
[32 -68 46]
[32 -21 69]
[32 -21 68]
[32 -21 80]
[32 -22 81]
[32 -21 81]
[32 -87 69]
[32 -88 69]
[32 -88 68]
[32 -21 57]
[32 -83 48]
[32 -83 49]
[32 -83 47]
[32 -21 79]
[32 -21 78]
[32 -25 87]
[32 -24 87]
[32 -87 63]
[32 -87 65]
[32 -88 63]
[32 -88 64]
[32 -88 61]
[32 -86 61]
[32 -74 44]
[32 -75 44]
[32 -81 44]
[32 -80 44]
[32 -72 43]
[32 -88 65]
[32 -88 66]
[32 -22 63]
[32 -21 64]
[32 -81 45]
[32 -86 75]
[32 -22 75]
[32 -21 61]
[32 -88 67]
[32 -87 62]
[32 -83 78]
[32 -74 48]
[32 -77 43]
[32 -76 43]
[32 -87 70]
[32 -87 71]
[32 -87 72]
[32 -73 43]
[32 -21 62]
[32 -21 63]
[32 -86 74]
[32 -86 76]
[32 -21 67]
[32 -21 71]
[32 -71 43]
[32 -83 51]
[32 -67 45]
[32 -75 43]
[32 -21 65]
[33 -73 42]
[33 -72 42]
[33 -88 70]
[33 -88 72]
[33 -76 42]
[33 -77 42]
[33 -78 42]
[33 -84 50]
[33 -82 51]
[33 -87 61]
[33 -88 62]
[33 -74 43]
[33 -75 42]
[33 -74 42]
[33 -87 76]
[33 -89 66]
[33 -89 65]
[33 -84 47]
[33 -84 48]
[33 -81 43]
[33 -82 45]
[33 -20 62]
[33 -20 81]
[33 -20 80]
[33 -20 79]
[33 -88 73]
[33 -87 74]
[33 -87 75]
[33 -87 77]
[33 -85 77]
[33 -68 42]
[33 -67 43]
[33 -67 44]
[33 -20 57]
[33 -20 71]
[33 -21 70]
[33 -20 72]
[33 -79 44]
[33 -82 44]
[33 -89 64]
[33 -24 84]
[33 -22 84]
[33 -86 77]
[33 -88 71]
[33 -21 73]
[33 -69 42]
[33 -70 42]
[33 -71 42]
[33 -82 47]
[33 -22 83]
[33 -21 82]
[33 -21 75]
[33 -20 74]
[33 -20 63]
[33 -20 64]
[33 -20 65]
[33 -23 88]
[33 -89 68]
[33 -89 67]
[33 -21 66]
[33 -20 66]
[33 -20 67]
[33 -89 62]
[33 -20 78]
[33 -21 77]
[33 -20 77]
[34 -77 41]
[34 -66 43]
[34 -67 42]
[34 -66 42]
[34 -19 80]
[34 -19 78]
[34 -19 76]
[34 -19 77]
[34 -85 46]
[34 -90 68]
[34 -90 67]
[34 -89 69]
[34 -19 71]
[34 -19 70]
[34 -20 70]
[34 -82 46]
[34 -83 44]
[34 -20 75]
[34 -19 75]
[34 -19 73]
[34 -75 41]
[34 -73 41]
[34 -88 77]
[34 -87 78]
[34 -21 83]
[34 -19 79]
[34 -74 41]
[34 -76 41]
[34 -85 49]
[34 -19 81]
[34 -72 41]
[34 -70 41]
[34 -71 41]
[34 -82 43]
[34 -90 65]
[34 -90 66]
[34 -89 71]
[34 -89 70]
[34 -80 43]
[34 -22 87]
[34 -23 87]
[34 -69 41]
[34 -89 63]
[34 -20 69]
[34 -20 76]
[34 -20 68]
[34 -19 66]
[34 -68 41]
[34 -90 63]
[34 -85 50]
[34 -82 42]
[34 -80 42]
[34 -81 42]
[34 -19 63]
[34 -19 65]
[34 -19 67]
[34 -19 64]
[34 -66 44]
[34 -19 62]
[34 -19 61]
[34 -20 61]
[35 -65 41]
[35 -65 42]
[35 -86 49]
[35 -18 79]
[35 -18 78]
[35 -18 64]
[35 -91 66]
[35 -91 68]
[35 -76 40]
[35 -66 41]
[35 -18 71]
[35 -18 72]
[35 -81 41]
[35 -77 40]
[35 -83 45]
[35 -22 88]
[35 -18 77]
[35 -18 76]
[35 -79 42]
[35 -20 60]
[35 -18 61]
[35 -18 60]
[35 -89 78]
[35 -91 65]
[35 -91 67]
[35 -91 69]
[35 -75 40]
[35 -19 69]
[35 -18 80]
[35 -85 45]
[35 -86 46]
[35 -86 47]
[35 -86 45]
[35 -84 45]
[35 -85 47]
[35 -18 81]
[35 -21 76]
[35 -84 44]
[35 -83 43]
[35 -84 43]
[35 -18 69]
[35 -69 40]
[35 -18 63]
[35 -91 64]
[35 -72 40]
[35 -83 41]
[35 -82 41]
[35 -68 40]
[35 -67 40]
[35 -73 40]
[35 -19 74]
[35 -18 73]
[35 -19 72]
[35 -20 73]
[35 -74 40]
[35 -91 63]
[35 -90 62]
[35 -90 69]
[35 -18 66]
[35 -19 68]
[35 -90 64]
[36 -17 71]
[36 -17 72]
[36 -83 42]
[36 -17 63]
[36 -76 39]
[36 -89 77]
[36 -90 79]
[36 -88 79]
[36 -18 74]
[36 -17 66]
[36 -17 65]
[36 -84 46]
[36 -17 80]
[36 -17 79]
[36 -92 64]
[36 -83 46]
[36 -66 40]
[36 -67 41]
[36 -17 81]
[36 -18 59]
[36 -17 61]
[36 -19 59]
[36 -17 78]
[36 -17 62]
[36 -91 70]
[36 -67 39]
[36 -65 40]
[36 -85 48]
[36 -87 48]
[36 -17 77]
[36 -18 75]
[36 -86 48]
[36 -87 46]
[36 -90 70]
[36 -87 45]
[36 -17 74]
[36 -17 73]
[36 -84 41]
[36 -84 42]
[36 -83 40]
[36 -82 40]
[36 -18 70]
[36 -18 68]
[36 -17 68]
[36 -17 69]
[36 -85 43]
[36 -85 44]
[36 -73 39]
[36 -74 39]
[36 -87 44]
[36 -86 44]
[36 -78 39]
[36 -78 40]
[36 -78 41]
[36 -77 39]
[36 -81 40]
[36 -80 40]
[36 -85 42]
[36 -19 60]
[36 -17 60]
[36 -21 60]
[37 -66 39]
[37 -17 75]
[37 -90 71]
[37 -91 71]
[37 -19 58]
[37 -20 59]
[37 -16 80]
[37 -16 79]
[37 -16 78]
[37 -85 40]
[37 -84 40]
[37 -85 41]
[37 -79 40]
[37 -86 43]
[37 -88 45]
[37 -88 43]
[37 -87 43]
[37 -88 44]
[37 -16 76]
[37 -16 77]
[37 -17 76]
[37 -92 65]
[37 -93 64]
[37 -84 49]
[37 -16 74]
[37 -16 75]
[37 -16 73]
[37 -89 79]
[37 -89 80]
[37 -87 80]
[37 -87 47]
[37 -17 67]
[37 -74 38]
[37 -75 39]
[37 -75 38]
[37 -17 59]
[37 -16 62]
[37 -18 62]
[37 -81 39]
[37 -80 41]
[37 -82 39]
[37 -80 39]
[37 -17 64]
[37 -16 64]
[37 -83 39]
[37 -77 38]
[37 -76 38]
[37 -17 70]
[37 -65 39]
[37 -16 72]
[37 -16 71]
[37 -16 70]
[37 -16 69]
[37 -16 65]
[37 -86 42]
[37 -79 41]
[37 -18 58]
[37 -84 39]
[37 -72 38]
[37 -88 78]
[37 -88 76]
[37 -88 47]
[37 -16 68]
[37 -16 61]
[37 -16 82]
[37 -18 82]
[37 -16 81]
[37 -16 66]
[37 -16 67]
[37 -88 46]
[38 -17 57]
[38 -17 58]
[38 -83 50]
[38 -87 79]
[38 -88 80]
[38 -90 80]
[38 -15 72]
[38 -86 41]
[38 -89 46]
[38 -89 45]
[38 -86 80]
[38 -90 81]
[38 -89 81]
[38 -88 81]
[38 -87 42]
[38 -87 41]
[38 -92 66]
[38 -15 68]
[38 -15 69]
[38 -15 79]
[38 -15 80]
[38 -15 76]
[38 -15 75]
[38 -18 57]
[38 -20 58]
[38 -16 63]
[38 -15 63]
[38 -15 61]
[38 -89 75]
[38 -15 71]
[38 -15 74]
[38 -15 70]
[38 -17 83]
[38 -89 44]
[38 -89 43]
[38 -88 42]
[38 -15 64]
[38 -15 66]
[38 -15 65]
[38 -84 38]
[38 -15 62]
[38 -76 37]
[38 -78 37]
[38 -77 37]
[38 -79 38]
[38 -81 38]
[38 -80 38]
[38 -93 65]
[38 -15 73]
[38 -73 37]
[38 -74 37]
[38 -17 82]
[38 -15 82]
[38 -15 81]
[38 -85 38]
[38 -85 39]
[38 -83 38]
[38 -72 37]
[38 -73 38]
[38 -15 67]
[38 -15 83]
[38 -82 38]
[38 -15 78]
[38 -15 77]
[38 -64 38]
[38 -75 37]
[38 -86 40]
[38 -86 39]
[38 -79 39]
[38 -18 67]
[39 -90 75]
[39 -74 36]
[39 -14 63]
[39 -14 64]
[39 -84 37]
[39 -85 37]
[39 -87 39]
[39 -87 81]
[39 -87 38]
[39 -86 38]
[39 -73 36]
[39 -75 36]
[39 -77 36]
[39 -14 65]
[39 -14 66]
[39 -14 72]
[39 -14 71]
[39 -14 74]
[39 -14 75]
[39 -14 76]
[39 -88 82]
[39 -87 82]
[39 -14 77]
[39 -14 79]
[39 -14 78]
[39 -14 81]
[39 -14 80]
[39 -81 37]
[39 -87 40]
[39 -88 40]
[39 -88 41]
[39 -80 37]
[39 -14 70]
[39 -19 57]
[39 -17 56]
[39 -16 59]
[39 -76 36]
[39 -78 36]
[39 -14 83]
[39 -14 82]
[39 -16 83]
[39 -79 37]
[39 -15 84]
[39 -16 84]
[39 -90 43]
[39 -90 44]
[39 -89 42]
[39 -16 60]
[39 -14 62]
[39 -14 61]
[39 -90 42]
[39 -14 73]
[39 -16 58]
[39 -16 56]
[39 -72 39]
[39 -78 38]
[39 -79 36]
[39 -14 68]
[39 -14 69]
[40 -89 41]
[40 -89 40]
[40 -75 35]
[40 -74 35]
[40 -73 35]
[40 -18 56]
[40 -79 35]
[40 -80 36]
[40 -13 73]
[40 -13 75]
[40 -89 76]
[40 -17 55]
[40 -16 57]
[40 -15 57]
[40 -15 55]
[40 -15 56]
[40 -77 35]
[40 -76 35]
[40 -86 36]
[40 -85 36]
[40 -88 38]
[40 -83 36]
[40 -13 78]
[40 -13 64]
[40 -13 82]
[40 -13 81]
[40 -13 80]
[40 -15 59]
[40 -15 58]
[40 -13 83]
[40 -13 71]
[40 -13 69]
[40 -87 37]
[40 -86 37]
[40 -13 61]
[40 -13 62]
[40 -15 60]
[40 -14 60]
[40 -82 37]
[40 -78 35]
[40 -13 65]
[40 -13 63]
[40 -13 74]
[40 -13 76]
[40 -88 83]
[40 -87 83]
[40 -86 82]
[40 -13 67]
[40 -88 39]
[40 -13 72]
[40 -14 84]
[40 -13 70]
[40 -13 79]
[40 -13 66]
[40 -15 85]
[40 -14 85]
[41 -12 65]
[41 -12 67]
[41 -14 67]
[41 -74 34]
[41 -75 34]
[41 -89 37]
[41 -88 37]
[41 -89 39]
[41 -89 38]
[41 -12 81]
[41 -85 83]
[41 -86 83]
[41 -12 64]
[41 -12 62]
[41 -80 35]
[41 -12 68]
[41 -12 69]
[41 -12 70]
[41 -12 82]
[41 -12 84]
[41 -12 66]
[41 -12 75]
[41 -12 73]
[41 -12 74]
[41 -12 77]
[41 -12 76]
[41 -88 36]
[41 -14 57]
[41 -82 36]
[41 -83 37]
[41 -81 36]
[41 -90 41]
[41 -90 40]
[41 -12 78]
[41 -12 79]
[41 -77 34]
[41 -87 84]
[41 -78 34]
[41 -76 34]
[41 -72 36]
[41 -72 34]
[41 -72 35]
[41 -87 35]
[41 -86 35]
[41 -12 61]
[41 -12 72]
[41 -16 55]
[41 -84 36]
[41 -82 35]
[41 -87 36]
[41 -85 35]
[41 -84 35]
[41 -90 39]
[41 -15 86]
[41 -14 86]
[41 -13 85]
[41 -13 84]
[41 -12 80]
[41 -12 71]
[41 -14 59]
[41 -14 56]
[41 -13 59]
[42 -77 33]
[42 -79 34]
[42 -11 72]
[42 -74 33]
[42 -75 33]
[42 -85 34]
[42 -11 75]
[42 -11 65]
[42 -13 87]
[42 -13 86]
[42 -81 35]
[42 -91 40]
[42 -81 34]
[42 -83 34]
[42 -82 34]
[42 -87 34]
[42 -11 66]
[42 -11 67]
[42 -91 39]
[42 -91 38]
[42 -90 38]
[42 -11 64]
[42 -11 80]
[42 -11 79]
[42 -86 85]
[42 -86 84]
[42 -84 34]
[42 -11 78]
[42 -11 83]
[42 -11 85]
[42 -12 83]
[42 -12 85]
[42 -11 76]
[42 -83 35]
[42 -12 63]
[42 -11 70]
[42 -13 57]
[42 -13 56]
[42 -11 60]
[42 -11 62]
[42 -12 60]
[42 -13 60]
[42 -11 63]
[42 -14 58]
[42 -76 33]
[42 -13 77]
[42 -84 82]
[42 -85 82]
[42 -84 84]
[42 -85 84]
[42 -86 34]
[42 -13 68]
[42 -11 73]
[42 -90 37]
[42 -11 82]
[42 -11 81]
[42 -12 59]
[42 -13 58]
[42 -80 34]
[43 -84 83]
[43 -12 58]
[43 -83 83]
[43 -84 85]
[43 -83 85]
[43 -10 70]
[43 -73 33]
[43 -87 33]
[43 -80 33]
[43 -81 33]
[43 -79 33]
[43 -10 80]
[43 -10 78]
[43 -84 81]
[43 -10 81]
[43 -88 35]
[43 -91 37]
[43 -10 62]
[43 -11 74]
[43 -10 72]
[43 -10 74]
[43 -76 32]
[43 -77 32]
[43 -78 33]
[43 -78 32]
[43 -10 79]
[43 -10 85]
[43 -11 86]
[43 -10 86]
[43 -10 84]
[43 -10 83]
[43 -86 86]
[43 -87 86]
[43 -82 33]
[43 -12 88]
[43 -13 88]
[43 -12 87]
[43 -14 87]
[43 -75 32]
[43 -11 58]
[43 -10 65]
[43 -10 67]
[43 -11 71]
[43 -90 36]
[43 -89 36]
[43 -84 33]
[43 -86 33]
[43 -10 61]
[43 -11 61]
[43 -11 84]
[43 -12 86]
[43 -10 82]
[43 -10 77]
[43 -11 77]
[43 -10 66]
[43 -10 68]
[43 -10 63]
[44 -11 87]
[44 -11 89]
[44 -11 88]
[44 -10 71]
[44 -11 69]
[44 -9 70]
[44 -79 32]
[44 -74 32]
[44 -74 31]
[44 -11 59]
[44 -91 36]
[44 -90 35]
[44 -10 60]
[44 -82 32]
[44 -83 82]
[44 -82 84]
[44 -82 83]
[44 -9 77]
[44 -9 78]
[44 -10 59]
[44 -81 32]
[44 -76 31]
[44 -77 31]
[44 -78 31]
[44 -9 83]
[44 -11 68]
[44 -9 67]
[44 -9 66]
[44 -89 35]
[44 -85 33]
[44 -84 86]
[44 -83 84]
[44 -82 85]
[44 -72 32]
[44 -88 33]
[44 -87 32]
[44 -85 32]
[44 -9 65]
[44 -9 81]
[44 -88 34]
[44 -87 85]
[44 -86 87]
[44 -75 31]
[44 -9 71]
[44 -9 72]
[44 -10 73]
[44 -9 73]
[44 -9 63]
[44 -9 64]
[44 -9 60]
[44 -9 61]
[44 -9 62]
[44 -9 82]
[44 -80 32]
[44 -10 75]
[44 -9 75]
[44 -9 68]
[44 -87 87]
[44 -85 87]
[44 -10 76]
[45 -8 80]
[45 -8 81]
[45 -8 69]
[45 -8 67]
[45 -9 76]
[45 -9 74]
[45 -89 34]
[45 -74 30]
[45 -75 30]
[45 -73 32]
[45 -73 30]
[45 -72 33]
[45 -72 31]
[45 -86 88]
[45 -85 88]
[45 -10 88]
[45 -8 83]
[45 -8 84]
[45 -8 82]
[45 -77 30]
[45 -76 30]
[45 -8 70]
[45 -8 71]
[45 -10 69]
[45 -81 86]
[45 -82 86]
[45 -8 78]
[45 -90 34]
[45 -92 35]
[45 -84 31]
[45 -8 64]
[45 -86 32]
[45 -88 32]
[45 -87 31]
[45 -88 31]
[45 -8 66]
[45 -83 86]
[45 -84 87]
[45 -8 74]
[45 -79 31]
[45 -8 72]
[45 -84 88]
[45 -12 89]
[45 -10 89]
[45 -89 32]
[45 -78 30]
[45 -79 30]
[45 -81 31]
[45 -80 31]
[45 -10 58]
[45 -83 33]
[45 -82 31]
[45 -8 73]
[46 -83 87]
[46 -85 86]
[46 -7 66]
[46 -7 65]
[46 -75 29]
[46 -83 32]
[46 -81 87]
[46 -82 87]
[46 -7 68]
[46 -7 70]
[46 -87 30]
[46 -7 83]
[46 -81 30]
[46 -83 31]
[46 -7 69]
[46 -73 29]
[46 -73 31]
[46 -7 79]
[46 -8 76]
[46 -8 75]
[46 -73 34]
[46 -7 73]
[46 -7 75]
[46 -85 30]
[46 -85 31]
[46 -7 81]
[46 -85 89]
[46 -86 89]
[46 -89 33]
[46 -89 31]
[46 -90 33]
[46 -90 32]
[46 -10 90]
[46 -9 88]
[46 -9 90]
[46 -72 29]
[46 -86 31]
[46 -89 30]
[46 -7 80]
[46 -7 74]
[46 -7 72]
[46 -7 84]
[46 -80 29]
[46 -8 79]
[46 -7 78]
[46 -7 71]
[47 -8 65]
[47 -7 67]
[47 -6 65]
[47 -81 29]
[47 -6 70]
[47 -6 71]
[47 -75 28]
[47 -74 29]
[47 -6 73]
[47 -6 84]
[47 -6 85]
[47 -7 85]
[47 -10 91]
[47 -9 89]
[47 -79 29]
[47 -79 28]
[47 -81 28]
[47 -82 88]
[47 -91 33]
[47 -84 29]
[47 -84 30]
[47 -72 30]
[47 -6 72]
[47 -6 82]
[47 -6 64]
[47 -8 77]
[47 -7 77]
[47 -84 32]
[47 -9 80]
[47 -9 79]
[47 -85 90]
[47 -84 89]
[47 -84 90]
[47 -83 88]
[47 -6 78]
[47 -7 76]
[47 -73 28]
[47 -6 80]
[47 -6 67]
[47 -6 69]
[47 -74 28]
[47 -80 88]
[47 -86 30]
[47 -87 29]
[47 -88 29]
[47 -91 32]
[47 -90 30]
[47 -88 30]
[47 -90 29]
[47 -6 83]
[47 -11 90]
[48 -7 82]
[48 -5 82]
[48 -7 64]
[48 -5 65]
[48 -6 63]
[48 -83 30]
[48 -83 29]
[48 -6 79]
[48 -6 77]
[48 -5 73]
[48 -5 74]
[48 -84 91]
[48 -82 29]
[48 -82 30]
[48 -82 28]
[48 -80 30]
[48 -82 27]
[48 -80 27]
[48 -81 27]
[48 -6 81]
[48 -5 81]
[48 -5 83]
[48 -5 68]
[48 -5 70]
[48 -6 68]
[48 -5 66]
[48 -6 66]
[48 -8 68]
[48 -11 91]
[48 -12 91]
[48 -78 28]
[48 -78 29]
[48 -79 27]
[48 -86 29]
[48 -86 28]
[48 -83 90]
[48 -83 89]
[48 -85 91]
[48 -83 91]
[48 -6 76]
[48 -90 31]
[48 -92 31]
[48 -91 31]
[48 -6 75]
[48 -5 85]
[48 -6 86]
[48 -5 84]
[48 -92 34]
[48 -5 67]
[48 -82 89]
[48 -81 89]
[48 -83 28]
[48 -76 29]
[48 -76 27]
[48 -73 27]
[48 -5 71]
[48 -80 89]
[48 -81 88]
[48 -91 29]
[48 -91 30]
[48 -89 29]
[48 -74 27]
[48 -90 28]
[48 -89 28]
[49 -76 28]
[49 -75 26]
[49 -92 33]
[49 -93 33]
[49 -91 34]
[49 -81 90]
[49 -4 83]
[49 -4 82]
[49 -75 27]
[49 -74 26]
[49 -7 62]
[49 -7 63]
[49 -84 28]
[49 -87 27]
[49 -5 86]
[49 -79 26]
[49 -92 30]
[49 -93 30]
[49 -93 32]
[49 -91 28]
[49 -82 26]
[49 -5 78]
[49 -5 80]
[49 -82 90]
[49 -78 27]
[49 -77 28]
[49 -84 92]
[49 -83 92]
[49 -4 68]
[49 -5 69]
[49 -4 69]
[49 -4 72]
[49 -5 72]
[49 -4 71]
[49 -4 70]
[49 -4 86]
[49 -92 29]
[49 -92 28]
[49 -4 84]
[49 -80 90]
[49 -5 75]
[49 -4 75]
[49 -6 74]
[49 -80 26]
[49 -78 26]
[49 -80 28]
[49 -13 91]
[49 -83 27]
[49 -85 29]
[49 -84 27]
[49 -90 27]
[49 -89 27]
[50 -82 92]
[50 -83 93]
[50 -84 26]
[50 -83 26]
[50 -85 27]
[50 -85 26]
[50 -3 82]
[50 -85 93]
[50 -84 93]
[50 -3 71]
[50 -3 72]
[50 -4 73]
[50 -5 77]
[50 -4 78]
[50 -5 79]
[50 -93 29]
[50 -94 31]
[50 -93 31]
[50 -92 32]
[50 -82 91]
[50 -73 25]
[50 -73 26]
[50 -75 25]
[50 -3 70]
[50 -5 87]
[50 -3 87]
[50 -4 85]
[50 -3 76]
[50 -4 74]
[50 -4 76]
[50 -3 75]
[50 -5 76]
[50 -12 92]
[50 -13 90]
[50 -6 87]
[50 -4 87]
[50 -80 25]
[50 -94 30]
[50 -86 26]
[50 -88 26]
[50 -86 27]
[50 -87 28]
[50 -87 26]
[50 -92 27]
[50 -77 29]
[50 -3 69]
[50 -3 84]
[50 -3 83]
[50 -85 28]
[50 -8 62]
[50 -93 27]
[50 -82 25]
[50 -4 79]
[50 -76 26]
[50 -77 27]
[50 -80 91]
[50 -81 25]
[50 -79 25]
[50 -91 26]
[50 -89 26]
[50 -91 27]
[50 -3 68]
[50 -77 25]
[50 -90 26]
[50 -91 35]
[51 -8 63]
[51 -87 25]
[51 -88 27]
[51 -86 25]
[51 -88 25]
[51 -2 74]
[51 -2 84]
[51 -2 82]
[51 -2 71]
[51 -93 28]
[51 -76 25]
[51 -75 24]
[51 -11 92]
[51 -3 79]
[51 -3 78]
[51 -91 25]
[51 -2 70]
[51 -2 83]
[51 -84 94]
[51 -83 94]
[51 -82 93]
[51 -3 85]
[51 -74 25]
[51 -73 24]
[51 -74 24]
[51 -81 91]
[51 -92 25]
[51 -92 26]
[51 -90 25]
[51 -89 25]
[51 -84 25]
[51 -2 68]
[51 -85 25]
[51 -5 88]
[51 -7 86]
[51 -2 69]
[51 -3 74]
[51 -85 92]
[51 -77 24]
[51 -78 24]
[51 -78 25]
[51 -76 24]
[51 -3 73]
[51 -81 26]
[51 -82 24]
[51 -79 24]
[51 -80 24]
[51 -80 92]
[51 -81 92]
[51 -79 92]
[51 -3 86]
[51 -14 90]
[51 -77 26]
[51 -4 80]
[51 -83 25]
[51 -83 24]
[51 -3 88]
[51 -2 87]
[51 -2 86]
[51 -72 26]
[51 -93 26]
[51 -94 26]
[52 -85 24]
[52 -86 24]
[52 -1 69]
[52 -1 83]
[52 -1 84]
[52 -1 82]
[52 -88 28]
[52 -1 74]
[52 -2 75]
[52 -83 23]
[52 -81 23]
[52 -80 23]
[52 -78 23]
[52 -2 81]
[52 -3 81]
[52 -1 81]
[52 -2 73]
[52 -8 85]
[52 -10 92]
[52 -82 95]
[52 -1 86]
[52 -2 78]
[52 -2 79]
[52 -3 80]
[52 -2 80]
[52 -76 23]
[52 -77 23]
[52 -81 93]
[52 -80 93]
[52 -85 95]
[52 -2 85]
[52 -1 70]
[52 -3 77]
[52 -75 23]
[52 -74 23]
[52 -73 23]
[52 -89 24]
[52 -88 24]
[52 -87 24]
[52 -93 25]
[52 -94 27]
[52 -2 88]
[52 -1 87]
[52 -1 88]
[52 -84 23]
[52 -79 93]
[52 -15 89]
[52 -79 23]
[52 -81 24]
[52 -84 24]
[52 -90 24]
[52 -92 24]
[52 -2 89]
[52 -93 24]
[52 -91 24]
[52 -94 29]
[52 -94 28]
[52 -71 27]
[52 -72 25]
[53 -85 23]
[53 -86 23]
[53 -88 23]
[53 -15 90]
[53 -11 93]
[53 -81 94]
[53 -83 96]
[53 -83 95]
[53 -82 96]
[53 -87 23]
[53 -1 78]
[53 -80 94]
[53 -78 94]
[53 -79 94]
[53 -78 92]
[53 -82 23]
[53 -82 94]
[53 -90 23]
[53 -92 23]
[53 -3 89]
[53 -1 89]
[53 0 70]
[53 -85 96]
[53 -84 95]
[53 -84 96]
[53 -1 85]
[53 0 84]
[53 -1 76]
[53 -80 22]
[53 -81 22]
[53 -1 79]
[53 -1 80]
[53 -75 22]
[53 -76 22]
[53 0 88]
[53 0 87]
[53 -77 22]
[53 -78 22]
[53 0 82]
[53 -4 81]
[53 0 85]
[53 -89 23]
[53 -73 22]
[53 -83 22]
[53 -84 22]
[53 -85 22]
[53 -94 25]
[53 -94 23]
[53 -94 24]
[53 -93 23]
[53 -70 27]
[53 -72 28]
[53 0 74]
[53 -1 73]
[53 0 73]
[53 -1 72]
[53 -4 77]
[53 -2 76]
[53 -1 77]
[53 0 69]
[54 -87 22]
[54 -78 95]
[54 0 77]
[54 -76 21]
[54 -74 21]
[54 0 79]
[54 0 78]
[54 0 80]
[54 -80 21]
[54 -79 21]
[54 0 86]
[54 -84 21]
[54 -85 21]
[54 1 73]
[54 1 72]
[54 -94 22]
[54 -80 95]
[54 -70 26]
[54 -95 25]
[54 -95 26]
[54 1 71]
[54 0 71]
[54 1 69]
[54 -16 89]
[54 -2 77]
[54 -81 95]
[54 1 85]
[54 1 86]
[54 1 84]
[54 -89 22]
[54 -88 22]
[54 -78 21]
[54 -79 22]
[54 -73 21]
[54 -83 21]
[54 0 81]
[54 -90 22]
[54 1 81]
[54 -79 95]
[54 -95 23]
[54 -95 24]
[54 -83 97]
[54 -84 97]
[54 -85 97]
[54 1 83]
[54 1 87]
[54 1 88]
[54 -82 21]
[54 -81 21]
[54 -82 97]
[54 -4 88]
[54 -86 22]
[54 -91 22]
[54 -93 22]
[54 -1 75]
[54 -72 27]
[54 -77 92]
[54 -78 91]
[54 -78 93]
[54 -77 94]
[54 -77 93]
[54 -81 96]
[54 -81 97]
[54 -2 72]
[54 0 72]
[55 2 86]
[55 2 85]
[55 2 87]
[55 -80 20]
[55 -81 20]
[55 -82 22]
[55 -75 20]
[55 -74 20]
[55 -88 21]
[55 -86 21]
[55 -87 21]
[55 -82 20]
[55 -83 20]
[55 -92 22]
[55 -94 21]
[55 1 78]
[55 -96 23]
[55 -84 98]
[55 -77 96]
[55 -79 96]
[55 1 80]
[55 -91 21]
[55 2 72]
[55 2 71]
[55 2 73]
[55 -76 93]
[55 -76 94]
[55 -84 20]
[55 -83 98]
[55 -81 98]
[55 -80 96]
[55 -77 21]
[55 -76 20]
[55 -89 21]
[55 -95 21]
[55 -93 21]
[55 -1 71]
[55 1 70]
[55 1 82]
[55 2 80]
[55 2 70]
[55 -77 91]
[55 -76 92]
[55 -85 98]
[55 -96 24]
[55 -78 96]
[55 -79 20]
[55 -78 20]
[55 -90 21]
[55 -91 23]
[55 2 89]
[55 -80 98]
[55 -80 97]
[55 0 76]
[55 0 75]
[55 -69 26]
[56 3 81]
[56 1 79]
[56 -76 97]
[56 -80 99]
[56 -79 98]
[56 3 71]
[56 3 73]
[56 -83 19]
[56 -84 19]
[56 -85 19]
[56 -85 20]
[56 -77 20]
[56 -76 91]
[56 -75 92]
[56 -75 93]
[56 3 85]
[56 2 82]
[56 0 83]
[56 2 81]
[56 -86 20]
[56 -87 20]
[56 -79 19]
[56 -80 19]
[56 -83 99]
[56 -84 99]
[56 -82 99]
[56 -82 98]
[56 2 84]
[56 3 86]
[56 -78 19]
[56 -75 21]
[56 -75 19]
[56 3 69]
[56 -90 20]
[56 -74 19]
[56 -93 20]
[56 -92 20]
[56 1 89]
[56 -96 21]
[56 -96 22]
[56 -82 19]
[56 1 74]
[56 1 75]
[56 1 76]
[56 1 77]
[56 -81 19]
[56 -68 26]
[56 -95 22]
[56 -95 20]
[56 -89 20]
[56 -91 20]
[56 2 77]
[56 2 79]
[56 2 78]
[56 3 70]
[56 -97 22]
[56 -88 20]
[56 -77 95]
[56 -78 97]
[56 -77 97]
[56 -76 19]
[56 2 69]
[56 -97 24]
[56 -97 23]
[56 -75 94]
[56 -75 95]
[57 -76 95]
[57 -74 96]
[57 -74 94]
[57 -74 95]
[57 4 80]
[57 3 80]
[57 3 82]
[57 4 82]
[57 -91 19]
[57 3 68]
[57 2 68]
[57 -98 23]
[57 -98 22]
[57 -97 21]
[57 -87 19]
[57 -86 19]
[57 3 78]
[57 3 77]
[57 2 83]
[57 3 84]
[57 3 83]
[57 -94 19]
[57 -94 20]
[57 -93 19]
[57 0 89]
[57 -83 18]
[57 -82 18]
[57 -79 99]
[57 -79 97]
[57 -80 100]
[57 -81 100]
[57 -89 19]
[57 4 71]
[57 4 70]
[57 -76 96]
[57 -77 98]
[57 -74 18]
[57 -75 18]
[57 2 75]
[57 -67 25]
[57 -77 19]
[57 -77 18]
[57 -79 18]
[57 -85 100]
[57 -85 99]
[57 -84 100]
[57 3 79]
[57 4 86]
[57 3 87]
[57 -92 19]
[57 -83 100]
[57 -82 100]
[57 4 69]
[57 4 84]
[57 -88 19]
[57 -90 19]
[57 -98 21]
[57 4 73]
[57 4 72]
[57 4 74]
[57 2 74]
[57 3 74]
[57 -81 18]
[57 -80 18]
[57 -96 20]
[57 -76 18]
[57 -75 96]
[58 5 83]
[58 4 83]
[58 5 81]
[58 4 81]
[58 5 82]
[58 4 85]
[58 -75 17]
[58 -78 18]
[58 5 73]
[58 2 88]
[58 4 88]
[58 4 87]
[58 5 69]
[58 4 75]
[58 3 75]
[58 -88 18]
[58 -97 20]
[58 -95 19]
[58 -94 18]
[58 -95 18]
[58 5 85]
[58 5 87]
[58 -89 18]
[58 -90 18]
[58 -78 17]
[58 -76 17]
[58 -99 21]
[58 -99 23]
[58 -98 24]
[58 -87 18]
[58 -83 101]
[58 -84 101]
[58 -82 101]
[58 -79 17]
[58 3 72]
[58 5 72]
[58 5 74]
[58 -80 101]
[58 -81 17]
[58 5 70]
[58 5 71]
[58 -81 99]
[58 -99 22]
[58 -82 17]
[58 -67 26]
[58 -66 26]
[58 -79 101]
[58 -78 99]
[58 -79 100]
[58 -75 97]
[58 2 76]
[58 3 76]
[58 -93 18]
[58 -92 18]
[58 5 80]
[58 -77 17]
[58 -74 17]
[58 4 79]
[58 5 84]
[59 -81 16]
[59 -80 17]
[59 -80 16]
[59 -78 98]
[59 -94 17]
[59 5 86]
[59 -83 102]
[59 -84 102]
[59 -66 25]
[59 6 72]
[59 6 70]
[59 6 71]
[59 -79 16]
[59 -78 16]
[59 -82 16]
[59 -83 16]
[59 -77 16]
[59 -75 16]
[59 6 69]
[59 -96 19]
[59 -97 19]
[59 -76 16]
[59 5 78]
[59 5 79]
[59 -86 18]
[59 -88 17]
[59 4 76]
[59 -100 21]
[59 6 81]
[59 6 80]
[59 6 82]
[59 -95 17]
[59 6 73]
[59 6 74]
[59 -90 17]
[59 -91 18]
[59 -81 101]
[59 -89 17]
[59 6 79]
[59 -81 102]
[59 -80 102]
[59 -92 17]
[59 -93 17]
[59 -100 20]
[59 -99 20]
[59 5 75]
[59 -87 17]
[59 5 76]
[59 -96 18]
[59 6 88]
[59 6 87]
[59 6 83]
[60 -91 16]
[60 -92 16]
[60 -100 19]
[60 -101 20]
[60 -101 19]
[60 -82 102]
[60 7 80]
[60 7 81]
[60 6 85]
[60 -91 17]
[60 -81 15]
[60 -80 15]
[60 7 79]
[60 7 78]
[60 6 78]
[60 -86 17]
[60 -82 15]
[60 4 78]
[60 5 77]
[60 4 77]
[60 7 70]
[60 7 69]
[60 7 87]
[60 5 89]
[60 -100 22]
[60 -101 21]
[60 5 88]
[60 7 86]
[60 -95 16]
[60 6 75]
[60 -85 101]
[60 7 71]
[60 -74 16]
[60 -74 15]
[60 -76 15]
[60 -75 15]
[60 -78 15]
[60 -84 17]
[60 -84 15]
[60 -83 17]
[60 7 82]
[60 7 83]
[60 6 84]
[60 -97 18]
[60 -89 16]
[60 -87 16]
[60 -88 16]
[60 -98 19]
[60 -98 20]
[60 -86 16]
[60 -90 16]
[60 7 72]
[60 7 73]
[60 7 74]
[60 -77 15]
[60 -79 15]
[60 -96 17]
[60 -98 18]
[61 -93 15]
[61 7 84]
[61 7 85]
[61 8 75]
[61 7 75]
[61 8 74]
[61 -102 21]
[61 -76 14]
[61 -78 14]
[61 -77 14]
[61 -87 15]
[61 -88 15]
[61 8 87]
[61 8 85]
[61 7 77]
[61 8 79]
[61 -102 22]
[61 -84 18]
[61 -84 16]
[61 -85 17]
[61 -75 14]
[61 -74 14]
[61 6 77]
[61 -80 14]
[61 -81 14]
[61 8 71]
[61 8 70]
[61 8 73]
[61 8 72]
[61 8 81]
[61 -91 15]
[61 -99 19]
[61 -99 18]
[61 -96 16]
[61 -94 16]
[61 -86 15]
[61 -85 16]
[61 -85 18]
[61 -90 15]
[61 8 84]
[61 8 82]
[61 8 83]
[61 8 80]
[61 -102 20]
[61 -100 18]
[61 -102 18]
[61 -102 19]
[61 6 76]
[61 7 76]
[61 -85 15]
[61 -85 14]
[61 -84 14]
[61 -83 14]
[61 -82 14]
[61 -98 17]
[61 -97 17]
[61 -92 15]
[61 -97 16]
[61 8 86]
[61 7 88]
[61 8 88]
[61 6 86]
[61 -101 18]
[61 8 69]
[61 -101 22]
[62 9 87]
[62 -87 14]
[62 -93 14]
[62 -91 14]
[62 -83 13]
[62 -84 13]
[62 -83 15]
[62 -103 18]
[62 -103 19]
[62 -103 17]
[62 8 89]
[62 9 88]
[62 9 85]
[62 9 86]
[62 -101 17]
[62 -100 17]
[62 -76 13]
[62 -74 13]
[62 9 81]
[62 9 79]
[62 8 78]
[62 -97 15]
[62 -77 13]
[62 -79 13]
[62 -103 20]
[62 -103 21]
[62 -86 14]
[62 -99 16]
[62 8 76]
[62 9 69]
[62 9 70]
[62 9 71]
[62 -89 14]
[62 -89 15]
[62 -88 14]
[62 9 83]
[62 9 74]
[62 -78 13]
[62 9 84]
[62 -90 14]
[62 -85 13]
[62 8 77]
[62 9 73]
[62 -94 15]
[62 -94 14]
[62 9 72]
[62 -100 23]
[62 7 89]
[62 -82 13]
[62 -81 13]
[62 9 68]
[63 10 73]
[63 -95 13]
[63 -95 14]
[63 10 68]
[63 10 67]
[63 -91 13]
[63 -104 20]
[63 -88 13]
[63 -86 13]
[63 -86 12]
[63 -85 12]
[63 10 81]
[63 10 80]
[63 9 82]
[63 10 70]
[63 10 71]
[63 10 72]
[63 6 89]
[63 9 80]
[63 10 79]
[63 -80 13]
[63 -78 12]
[63 -102 16]
[63 -102 17]
[63 10 86]
[63 10 87]
[63 10 85]
[63 -104 18]
[63 -76 12]
[63 -77 12]
[63 -75 12]
[63 -87 13]
[63 -82 12]
[63 10 74]
[63 10 75]
[63 9 75]
[63 -79 12]
[63 -79 14]
[63 10 88]
[63 -90 13]
[63 9 77]
[63 -104 19]
[63 9 76]
[63 -98 14]
[63 -96 15]
[63 -98 16]
[63 -96 14]
[63 -100 15]
[63 -100 16]
[63 -94 13]
[63 -92 14]
[64 10 69]
[64 -95 12]
[64 -94 12]
[64 9 78]
[64 11 67]
[64 -75 13]
[64 -98 13]
[64 -98 15]
[64 -99 15]
[64 -97 13]
[64 -99 13]
[64 -87 12]
[64 -80 12]
[64 -78 11]
[64 -79 11]
[64 -105 17]
[64 -105 19]
[64 -105 18]
[64 11 69]
[64 11 68]
[64 -86 11]
[64 11 72]
[64 -83 12]
[64 -83 11]
[64 -105 20]
[64 -92 12]
[64 -89 13]
[64 -90 12]
[64 11 74]
[64 10 89]
[64 11 87]
[64 11 89]
[64 -77 11]
[64 -76 11]
[64 -101 16]
[64 11 86]
[64 11 88]
[64 11 71]
[64 11 70]
[64 -89 12]
[64 -96 13]
[64 -101 14]
[64 -99 14]
[64 11 79]
[64 11 78]
[64 -99 17]
[64 11 84]
[64 11 85]
[64 -103 16]
[64 -101 15]
[64 -103 15]
[64 -93 13]
[64 11 81]
[65 -106 19]
[65 -100 14]
[65 12 79]
[65 12 78]
[65 12 77]
[65 10 78]
[65 -105 16]
[65 -90 11]
[65 11 73]
[65 12 71]
[65 -80 11]
[65 -79 10]
[65 -87 10]
[65 -87 11]
[65 -86 10]
[65 12 72]
[65 12 70]
[65 -75 11]
[65 -75 10]
[65 -84 12]
[65 -100 13]
[65 -99 12]
[65 -96 11]
[65 12 67]
[65 12 68]
[65 -78 10]
[65 12 69]
[65 -98 12]
[65 -97 14]
[65 -102 15]
[65 -102 14]
[65 -104 16]
[65 -103 14]
[65 11 75]
[65 12 75]
[65 12 83]
[65 10 84]
[65 12 84]
[65 12 88]
[65 10 77]
[65 -102 13]
[65 12 86]
[65 -81 12]
[65 11 90]
[65 10 90]
[65 10 82]
[65 12 82]
[65 12 81]
[65 12 80]
[65 -92 13]
[65 12 87]
[65 12 85]
[65 -91 11]
[65 -89 11]
[65 -93 11]
[65 -95 11]
[65 -94 11]
[65 -88 11]
[65 -88 12]
[65 -97 12]
[65 -106 17]
[65 -106 18]
[65 -104 17]
[65 -91 12]
[65 -92 11]
[65 -93 12]
[66 13 70]
[66 13 72]
[66 13 87]
[66 13 85]
[66 13 86]
[66 -99 11]
[66 -98 11]
[66 -101 13]
[66 -103 12]
[66 13 84]
[66 13 88]
[66 -97 11]
[66 -96 12]
[66 13 89]
[66 12 89]
[66 -89 10]
[66 -90 10]
[66 -95 10]
[66 13 78]
[66 11 77]
[66 -94 10]
[66 -92 10]
[66 -80 9]
[66 13 79]
[66 -87 9]
[66 -85 11]
[66 -85 9]
[66 13 80]
[66 11 80]
[66 11 91]
[66 12 91]
[66 -100 12]
[66 -101 12]
[66 -105 15]
[66 13 77]
[66 12 76]
[66 -76 10]
[66 -91 10]
[66 10 76]
[66 12 74]
[66 13 76]
[66 13 75]
[66 11 82]
[66 13 82]
[66 10 83]
[66 -81 10]
[66 -107 17]
[66 13 81]
[66 11 76]
[66 -104 15]
[66 -106 15]
[66 11 83]
[66 -100 11]
[66 13 68]
[66 13 69]
[66 -93 10]
[66 -106 16]
[66 -103 13]
[66 -96 10]
[66 10 91]
[66 -78 9]
[66 -77 10]
[66 -79 9]
[66 -88 10]
[66 -104 13]
[66 13 71]
[66 12 73]
[66 -86 9]
[67 -89 9]
[67 14 81]
[67 13 83]
[67 -80 10]
[67 -79 8]
[67 -80 8]
[67 14 76]
[67 14 70]
[67 14 69]
[67 14 72]
[67 14 77]
[67 -97 10]
[67 -98 10]
[67 -101 11]
[67 -102 12]
[67 13 74]
[67 14 88]
[67 -107 15]
[67 -107 16]
[67 14 79]
[67 -104 12]
[67 13 90]
[67 12 90]
[67 14 89]
[67 -77 8]
[67 -77 9]
[67 -78 8]
[67 -91 9]
[67 -90 9]
[67 -82 11]
[67 -82 9]
[67 14 84]
[67 14 85]
[67 14 83]
[67 -105 14]
[67 -88 9]
[67 -87 8]
[67 13 92]
[67 12 92]
[67 11 92]
[67 -85 8]
[67 -86 8]
[67 14 71]
[67 14 73]
[67 10 92]
[67 -106 14]
[67 -104 14]
[67 -75 9]
[67 -76 9]
[67 14 74]
[67 -92 9]
[67 -93 9]
[67 -85 10]
[67 -84 8]
[67 -94 9]
[67 14 86]
[67 -84 10]
[67 -84 11]
[67 14 82]
[67 14 80]
[67 -96 9]
[67 -95 9]
[67 -107 18]
[67 -105 12]
[67 -105 13]
[67 -99 10]
[67 -100 10]
[68 -97 9]
[68 -108 16]
[68 -108 15]
[68 -108 17]
[68 15 70]
[68 -81 11]
[68 15 80]
[68 15 81]
[68 15 82]
[68 15 84]
[68 15 86]
[68 15 87]
[68 15 72]
[68 -95 8]
[68 -94 8]
[68 15 83]
[68 -108 18]
[68 14 90]
[68 15 89]
[68 -90 8]
[68 11 93]
[68 -106 13]
[68 14 91]
[68 13 91]
[68 15 76]
[68 15 77]
[68 -93 8]
[68 -78 7]
[68 -79 7]
[68 13 73]
[68 15 71]
[68 15 73]
[68 14 75]
[68 -76 8]
[68 15 88]
[68 14 87]
[68 -84 7]
[68 -85 7]
[68 15 79]
[68 -86 7]
[68 -87 7]
[68 -99 9]
[68 -104 11]
[68 -106 12]
[68 -107 13]
[68 15 85]
[68 -96 8]
[68 -89 8]
[68 -83 10]
[68 -91 8]
[68 13 93]
[68 15 78]
[68 12 93]
[68 -92 8]
[68 -81 9]
[68 -101 10]
[69 -93 7]
[69 16 75]
[69 16 77]
[69 16 87]
[69 15 92]
[69 14 78]
[69 16 78]
[69 16 79]
[69 16 81]
[69 15 74]
[69 16 72]
[69 16 73]
[69 16 70]
[69 16 69]
[69 15 90]
[69 16 83]
[69 16 90]
[69 16 89]
[69 -108 14]
[69 -107 12]
[69 -108 12]
[69 -77 6]
[69 -79 6]
[69 -78 6]
[69 -86 6]
[69 -84 6]
[69 -85 6]
[69 -91 7]
[69 -94 7]
[69 -96 7]
[69 15 75]
[69 -88 8]
[69 -89 7]
[69 -90 7]
[69 16 88]
[69 -82 10]
[69 -98 9]
[69 -100 9]
[69 -99 8]
[69 -98 8]
[69 -100 8]
[69 14 93]
[69 -95 7]
[69 11 94]
[69 -106 11]
[69 -107 11]
[69 -105 11]
[69 -80 7]
[69 -80 6]
[69 -102 9]
[69 -102 11]
[69 -92 7]
[69 -83 9]
[69 -83 6]
[69 -103 11]
[69 -103 10]
[69 -105 10]
[69 -87 6]
[69 -88 6]
[69 16 80]
[69 16 84]
[69 16 86]
[69 16 85]
[69 -107 14]
[69 -109 14]
[70 17 85]
[70 16 82]
[70 17 81]
[70 17 82]
[70 -85 5]
[70 -86 5]
[70 17 87]
[70 17 70]
[70 17 69]
[70 16 68]
[70 -83 7]
[70 -89 6]
[70 -90 6]
[70 -101 9]
[70 -101 8]
[70 16 91]
[70 16 92]
[70 16 93]
[70 -106 10]
[70 17 77]
[70 17 78]
[70 17 76]
[70 -87 5]
[70 17 79]
[70 17 89]
[70 17 90]
[70 -103 9]
[70 -102 10]
[70 -92 6]
[70 -104 10]
[70 17 73]
[70 17 72]
[70 17 74]
[70 -88 5]
[70 -89 5]
[70 -99 7]
[70 -101 7]
[70 -100 7]
[70 -109 15]
[70 -82 8]
[70 -83 8]
[70 -79 5]
[70 -109 13]
[70 -110 14]
[70 15 94]
[70 -93 6]
[70 -97 7]
[70 -77 5]
[70 17 86]
[70 16 71]
[70 17 71]
[70 -83 5]
[70 -82 5]
[70 17 83]
[70 -96 6]
[70 -95 6]
[70 -94 6]
[70 -78 5]
[70 17 88]
[70 12 95]
[70 -103 8]
[70 -108 11]
[70 -108 13]
[70 -109 12]
[70 -109 11]
[70 17 75]
[70 16 74]
[70 16 76]
[70 -81 6]
[70 -80 5]
[70 -81 5]
[70 -97 8]
[70 -98 7]
[70 -81 8]
[70 -81 7]
[70 -106 9]
[71 -81 4]
[71 -82 4]
[71 18 79]
[71 18 78]
[71 17 80]
[71 18 71]
[71 -85 4]
[71 -87 4]
[71 -101 6]
[71 -99 6]
[71 -100 6]
[71 -97 6]
[71 -93 5]
[71 -106 8]
[71 -107 8]
[71 -107 10]
[71 17 84]
[71 18 84]
[71 18 85]
[71 18 81]
[71 18 82]
[71 -84 9]
[71 -82 7]
[71 18 89]
[71 18 91]
[71 -82 6]
[71 -83 4]
[71 -95 5]
[71 -94 5]
[71 18 76]
[71 15 91]
[71 15 93]
[71 17 93]
[71 -104 9]
[71 -110 11]
[71 -102 8]
[71 -80 4]
[71 -77 4]
[71 -76 6]
[71 -76 5]
[71 -91 6]
[71 18 77]
[71 -110 13]
[71 -111 15]
[71 -91 5]
[71 -96 5]
[71 18 75]
[71 -84 4]
[71 -105 9]
[71 18 70]
[71 -89 4]
[71 -90 4]
[71 -90 5]
[71 -110 12]
[71 18 88]
[71 16 94]
[71 15 95]
[71 14 94]
[71 17 91]
[71 16 67]
[71 17 67]
[71 18 73]
[71 18 72]
[71 18 87]
[71 18 90]
[71 17 94]
[71 -104 8]
[71 -102 7]
[71 -103 7]
[71 -78 4]
[71 -110 15]
[71 -109 16]
[71 -86 4]
[71 -108 10]
[71 13 96]
[71 13 94]
[71 -107 9]
[71 18 68]
[71 17 68]
[71 -102 6]
[71 -79 4]
[72 19 71]
[72 19 69]
[72 14 95]
[72 19 88]
[72 -100 5]
[72 -102 5]
[72 -90 3]
[72 -89 3]
[72 -103 6]
[72 19 76]
[72 -104 7]
[72 -104 6]
[72 -111 14]
[72 -111 12]
[72 -84 3]
[72 -86 3]
[72 -84 5]
[72 -79 3]
[72 19 78]
[72 18 83]
[72 -82 3]
[72 -110 16]
[72 19 72]
[72 19 70]
[72 19 77]
[72 16 95]
[72 17 95]
[72 -93 4]
[72 -97 4]
[72 16 66]
[72 -97 5]
[72 -98 5]
[72 -98 6]
[72 19 89]
[72 19 74]
[72 19 73]
[72 -83 3]
[72 -81 3]
[72 -85 3]
[72 -108 8]
[72 -108 9]
[72 -78 3]
[72 19 90]
[72 19 91]
[72 19 86]
[72 19 87]
[72 14 92]
[72 -111 13]
[72 18 86]
[72 19 84]
[72 -99 5]
[72 -101 5]
[72 -75 4]
[72 -75 6]
[72 -92 4]
[72 -91 4]
[72 -77 3]
[72 18 80]
[72 14 96]
[72 16 96]
[72 -111 10]
[72 18 69]
[72 18 92]
[72 17 92]
[72 -87 3]
[72 -88 4]
[72 -105 7]
[72 -105 8]
[72 -109 9]
[72 -108 7]
[72 -112 14]
[72 18 94]
[72 18 93]
[72 19 68]
[73 -112 13]
[73 -109 7]
[73 -109 6]
[73 -108 6]
[73 -107 7]
[73 -109 8]
[73 18 74]
[73 20 73]
[73 19 85]
[73 -101 4]
[73 -103 4]
[73 -102 4]
[73 20 71]
[73 -79 2]
[73 -78 2]
[73 -80 3]
[73 -80 2]
[73 -82 2]
[73 -81 2]
[73 20 76]
[73 -96 3]
[73 -94 4]
[73 -94 3]
[73 -93 3]
[73 -92 5]
[73 20 68]
[73 20 77]
[73 19 93]
[73 19 94]
[73 -86 2]
[73 -84 2]
[73 -96 4]
[73 -98 4]
[73 -105 6]
[73 -104 5]
[73 20 92]
[73 20 90]
[73 19 92]
[73 20 88]
[73 20 89]
[73 -109 17]
[73 -109 10]
[73 20 87]
[73 -110 10]
[73 16 65]
[73 -88 3]
[73 -77 2]
[73 19 81]
[73 -100 4]
[73 -74 4]
[73 -74 5]
[73 -74 3]
[73 -76 3]
[73 -112 12]
[73 20 86]
[73 -85 2]
[73 -83 2]
[73 17 96]
[73 18 96]
[73 18 95]
[73 -92 3]
[73 -91 3]
[73 20 69]
[73 20 70]
[73 20 85]
[73 19 75]
[73 20 74]
[73 20 75]
[73 20 79]
[73 20 72]
[73 20 83]
[73 -110 9]
[73 -111 9]
[73 -111 11]
[73 -112 9]
[73 -87 2]
[73 13 95]
[73 20 91]
[73 17 97]
[73 15 96]
[73 -88 2]
[73 -106 6]
[73 19 83]
[73 -90 2]
[73 -112 15]
[74 -101 3]
[74 -99 4]
[74 -89 2]
[74 18 97]
[74 -106 5]
[74 -106 7]
[74 -77 1]
[74 -78 1]
[74 -76 1]
[74 12 94]
[74 -95 3]
[74 21 87]
[74 21 92]
[74 21 91]
[74 21 85]
[74 -95 4]
[74 -111 8]
[74 -110 8]
[74 -112 10]
[74 20 84]
[74 21 82]
[74 19 82]
[74 20 82]
[74 -73 4]
[74 -73 3]
[74 -73 2]
[74 -74 2]
[74 -75 2]
[74 -85 1]
[74 -84 1]
[74 -91 1]
[74 -91 2]
[74 -90 1]
[74 -110 7]
[74 -103 5]
[74 -103 3]
[74 -79 1]
[74 21 89]
[74 19 96]
[74 19 97]
[74 -110 5]
[74 20 94]
[74 20 93]
[74 -81 1]
[74 -105 5]
[74 -97 3]
[74 -80 1]
[74 -107 6]
[74 -92 2]
[74 -86 1]
[74 -87 1]
[74 -88 1]
[74 -89 1]
[74 21 70]
[74 21 76]
[74 21 75]
[74 21 74]
[74 -95 2]
[74 -110 6]
[74 -82 1]
[74 21 90]
[74 -75 3]
[74 -76 4]
[74 -76 2]
[74 -93 2]
[74 -102 3]
[74 -75 5]
[74 -113 13]
[74 -112 11]
[74 -113 12]
[74 -113 11]
[74 20 81]
[74 -73 5]
[74 21 77]
[74 19 95]
[74 -113 10]
[74 -113 8]
[74 -113 9]
[74 -83 1]
[74 21 88]
[74 -108 5]
[74 21 73]
[74 21 71]
[74 21 78]
[74 21 68]
[74 21 69]
[74 -105 4]
[74 20 78]
[74 21 80]
[74 19 79]
[74 19 80]
[75 -82 0]
[75 -83 0]
[75 -81 0]
[75 -106 4]
[75 -107 4]
[75 20 80]
[75 -96 1]
[75 -94 2]
[75 -98 3]
[75 -77 0]
[75 -79 0]
[75 22 81]
[75 21 79]
[75 22 79]
[75 22 92]
[75 22 91]
[75 22 90]
[75 22 68]
[75 22 67]
[75 21 72]
[75 22 73]
[75 21 94]
[75 22 76]
[75 21 81]
[75 21 83]
[75 -80 0]
[75 -104 4]
[75 -87 0]
[75 -88 0]
[75 -85 0]
[75 21 86]
[75 22 86]
[75 -102 2]
[75 -104 2]
[75 -114 11]
[75 -111 5]
[75 -111 6]
[75 -109 5]
[75 22 78]
[75 20 97]
[75 20 98]
[75 20 96]
[75 21 95]
[75 -93 1]
[75 -92 1]
[75 -84 0]
[75 -78 0]
[75 -114 7]
[75 -112 7]
[75 -113 7]
[75 -114 8]
[75 -72 2]
[75 -72 1]
[75 -98 2]
[75 -97 2]
[75 -96 2]
[75 22 77]
[75 22 75]
[75 -90 0]
[75 -91 0]
[75 -92 0]
[75 22 70]
[75 22 85]
[75 21 84]
[75 21 93]
[75 22 89]
[75 22 88]
[75 -103 2]
[75 22 87]
[75 22 74]
[75 -112 8]
[75 20 95]
[75 -100 2]
[75 -101 2]
[75 -94 1]
[75 -108 4]
[75 -105 3]
[75 -89 0]
[75 -72 4]
[75 22 69]
[76 23 76]
[76 23 75]
[76 -113 6]
[76 -91 -1]
[76 -71 3]
[76 -72 3]
[76 -71 1]
[76 -106 3]
[76 -107 5]
[76 -107 3]
[76 23 69]
[76 23 67]
[76 -110 4]
[76 -109 4]
[76 -82 -1]
[76 -83 -1]
[76 -81 -1]
[76 23 74]
[76 -111 7]
[76 22 80]
[76 23 80]
[76 -92 -1]
[76 -93 0]
[76 -111 4]
[76 -112 6]
[76 23 77]
[76 23 78]
[76 23 73]
[76 -71 2]
[76 23 70]
[76 -79 -1]
[76 -78 -1]
[76 -80 -1]
[76 -99 3]
[76 -99 2]
[76 -100 3]
[76 -102 1]
[76 21 96]
[76 -84 -1]
[76 22 83]
[76 -115 7]
[76 -115 8]
[76 -115 6]
[76 -98 1]
[76 23 79]
[76 22 71]
[76 -95 0]
[76 -95 1]
[76 23 81]
[76 22 82]
[76 -114 9]
[76 -77 -1]
[76 23 91]
[76 21 97]
[76 21 67]
[76 -108 3]
[76 -72 5]
[76 -71 4]
[76 -94 0]
[76 -89 -1]
[76 22 93]
[76 23 86]
[76 23 85]
[76 23 84]
[76 -90 -1]
[76 23 71]
[76 -99 1]
[76 -97 1]
[76 -115 10]
[76 21 98]
[76 -101 1]
[76 23 90]
[76 -104 3]
[76 -106 2]
[76 -104 1]
[76 -103 1]
[76 -86 0]
[76 -87 -1]
[76 -86 -1]
[76 -105 1]
[76 23 89]
[76 23 88]
[76 23 87]
[76 -88 -1]
[77 -70 3]
[77 -114 10]
[77 -115 9]
[77 22 98]
[77 24 81]
[77 24 80]
[77 24 79]
[77 22 72]
[77 24 78]
[77 -70 0]
[77 -109 3]
[77 -108 2]
[77 -109 2]
[77 -82 -2]
[77 -77 -2]
[77 -79 -2]
[77 -105 2]
[77 -107 1]
[77 24 87]
[77 -111 3]
[77 -110 3]
[77 -93 -1]
[77 -93 -2]
[77 -92 -2]
[77 -91 -2]
[77 -112 5]
[77 -116 9]
[77 24 75]
[77 24 76]
[77 -86 -2]
[77 23 82]
[77 24 82]
[77 -102 0]
[77 -100 1]
[77 24 90]
[77 -84 -2]
[77 -83 -2]
[77 -90 -2]
[77 24 89]
[77 24 88]
[77 -106 1]
[77 -106 0]
[77 -104 0]
[77 24 86]
[77 22 84]
[77 24 84]
[77 24 85]
[77 -103 0]
[77 -95 -1]
[77 -85 -2]
[77 -81 -2]
[77 -80 -2]
[77 24 77]
[77 -116 5]
[77 -115 5]
[77 -116 7]
[77 24 71]
[77 -97 0]
[77 23 83]
[77 -88 -2]
[77 -87 -2]
[77 -101 0]
[77 23 72]
[77 24 72]
[77 -99 0]
[77 -116 6]
[77 -114 6]
[77 -96 0]
[77 -85 -1]
[77 -94 -1]
[77 22 95]
[77 22 97]
[78 -117 7]
[78 -116 8]
[78 -117 6]
[78 25 84]
[78 24 83]
[78 25 85]
[78 25 76]
[78 25 75]
[78 25 77]
[78 -107 0]
[78 -107 -1]
[78 -105 0]
[78 -69 4]
[78 -70 2]
[78 -69 3]
[78 -69 2]
[78 -91 -3]
[78 -90 -3]
[78 -96 -1]
[78 -95 -2]
[78 -94 -2]
[78 -96 -2]
[78 -107 2]
[78 -109 1]
[78 -112 4]
[78 -112 2]
[78 -112 3]
[78 -110 2]
[78 -111 2]
[78 -117 8]
[78 -84 -3]
[78 -80 -3]
[78 25 72]
[78 25 71]
[78 25 70]
[78 -98 0]
[78 -117 5]
[78 -115 4]
[78 -108 1]
[78 -102 -1]
[78 -101 -1]
[78 -86 -3]
[78 -85 -3]
[78 23 97]
[78 -114 5]
[78 -113 5]
[78 -104 -1]
[78 -103 -1]
[78 25 80]
[78 25 81]
[78 25 82]
[78 -89 -3]
[78 25 78]
[78 25 79]
[78 24 73]
[78 22 96]
[78 23 98]
[78 -83 -3]
[78 -89 -2]
[78 -88 -3]
[78 -70 1]
[78 -69 0]
[78 25 89]
[78 25 88]
[78 25 90]
[78 24 91]
[78 -87 -3]
[78 -79 -3]
[78 -113 4]
[78 25 86]
[78 -78 -3]
[78 23 95]
[78 23 96]
[78 22 94]
[78 -93 -3]
[78 -116 4]
[78 -92 -3]
[79 -90 -4]
[79 -89 -4]
[79 -103 -2]
[79 -102 -2]
[79 -112 1]
[79 -111 1]
[79 -113 1]
[79 -113 2]
[79 -68 2]
[79 -68 3]
[79 26 70]
[79 24 97]
[79 25 87]
[79 26 85]
[79 25 83]
[79 -110 0]
[79 -108 0]
[79 -115 3]
[79 -117 4]
[79 -116 3]
[79 -106 -1]
[79 -83 -4]
[79 -84 -4]
[79 -106 -2]
[79 -108 -2]
[79 -107 -2]
[79 -69 1]
[79 -87 -4]
[79 25 73]
[79 24 74]
[79 25 74]
[79 -91 -4]
[79 -92 -4]
[79 -110 1]
[79 26 81]
[79 26 80]
[79 -108 -1]
[79 26 90]
[79 26 88]
[79 26 75]
[79 26 76]
[79 -113 3]
[79 -114 4]
[79 -105 -1]
[79 -105 -2]
[79 26 77]
[79 -94 -4]
[79 -93 -4]
[79 -94 -3]
[79 23 93]
[79 26 87]
[79 -95 -3]
[79 -97 -2]
[79 -100 -2]
[79 -101 -2]
[79 26 72]
[79 26 73]
[79 -81 -3]
[79 -80 -4]
[79 -81 -4]
[79 24 95]
[79 24 96]
[79 26 82]
[79 -79 -4]
[79 -118 5]
[79 26 86]
[79 26 79]
[79 24 92]
[79 23 92]
[79 25 92]
[79 -78 -4]
[79 -118 7]
[79 -86 -4]
[79 24 98]
[80 25 91]
[80 26 93]
[80 25 93]
[80 -114 1]
[80 -114 0]
[80 -95 -4]
[80 -96 -3]
[80 -112 0]
[80 -111 0]
[80 27 86]
[80 27 87]
[80 -106 -3]
[80 -104 -2]
[80 -109 -1]
[80 -109 -3]
[80 -108 -3]
[80 -89 -5]
[80 27 71]
[80 27 70]
[80 25 97]
[80 25 98]
[80 -110 -1]
[80 -109 0]
[80 -117 3]
[80 -117 2]
[80 -115 2]
[80 -114 2]
[80 -116 2]
[80 -118 6]
[80 -68 1]
[80 -67 1]
[80 -67 2]
[80 -102 -3]
[80 -100 -1]
[80 -91 -5]
[80 -90 -5]
[80 -92 -5]
[80 27 82]
[80 -101 -3]
[80 -100 -3]
[80 26 74]
[80 -82 -3]
[80 -84 -5]
[80 27 75]
[80 24 93]
[80 23 94]
[80 24 94]
[80 25 96]
[80 24 99]
[80 -77 -3]
[80 -85 -4]
[80 -85 -5]
[80 -114 3]
[80 -104 -3]
[80 -107 -3]
[80 27 77]
[80 27 76]
[80 27 78]
[80 27 73]
[80 27 72]
[80 -80 -5]
[80 26 89]
[80 -98 -2]
[80 -98 -1]
[80 -98 -3]
[80 -103 -3]
[80 -79 -5]
[80 -81 -5]
[80 -94 -5]
[80 -87 -5]
[80 -82 -4]
[80 27 89]
[80 26 83]
[80 27 83]
[80 27 84]
[80 27 85]
[80 26 71]
[80 27 81]
[81 -101 -4]
[81 -100 -4]
[81 25 95]
[81 26 96]
[81 26 95]
[81 -90 -6]
[81 -102 -4]
[81 -86 -5]
[81 25 99]
[81 27 90]
[81 27 88]
[81 28 86]
[81 28 87]
[81 28 75]
[81 28 76]
[81 -105 -3]
[81 -107 -4]
[81 -105 -4]
[81 -103 -4]
[81 26 97]
[81 -88 -6]
[81 -88 -5]
[81 -83 -5]
[81 -83 -6]
[81 -84 -6]
[81 -104 -4]
[81 26 92]
[81 -99 -1]
[81 26 84]
[81 25 94]
[81 -79 -6]
[81 -80 -6]
[81 -87 -6]
[81 -88 -4]
[81 -111 -1]
[81 -113 0]
[81 -95 -5]
[81 -96 -5]
[81 -112 -1]
[81 28 82]
[81 -109 -2]
[81 -110 -2]
[81 -99 -2]
[81 -99 -4]
[81 28 69]
[81 28 71]
[81 28 78]
[81 28 77]
[81 28 85]
[81 28 84]
[81 -86 -6]
[81 28 73]
[81 28 72]
[81 28 81]
[81 27 80]
[81 28 83]
[81 -94 -6]
[81 -93 -5]
[81 28 70]
[81 -118 2]
[81 -114 -1]
[81 -115 -1]
[81 -91 -6]
[81 -115 1]
[81 -93 -6]
[81 -92 -6]
[81 -117 1]
[81 28 74]
[81 -82 -5]
[81 -81 -6]
[81 -78 -2]
[81 -116 1]
[81 -118 1]
[81 26 94]
[81 -96 -4]
[81 -97 -3]
[81 -99 -3]
[81 -97 -4]
[81 28 79]
[82 -99 -5]
[82 -98 -4]
[82 -115 0]
[82 -114 -2]
[82 -117 0]
[82 -118 0]
[82 -88 -7]
[82 27 98]
[82 26 98]
[82 27 97]
[82 -105 -5]
[82 -103 -5]
[82 29 71]
[82 29 70]
[82 29 72]
[82 -110 -3]
[82 27 95]
[82 27 94]
[82 29 86]
[82 26 99]
[82 -80 -7]
[82 -82 -6]
[82 -82 -7]
[82 -112 -2]
[82 -111 -2]
[82 -113 -1]
[82 -119 1]
[82 29 73]
[82 27 74]
[82 29 75]
[82 29 85]
[82 29 84]
[82 -94 -7]
[82 28 80]
[82 27 79]
[82 -111 -3]
[82 29 76]
[82 28 88]
[82 -116 0]
[82 27 91]
[82 26 91]
[82 27 92]
[82 -89 -7]
[82 -89 -6]
[82 29 82]
[82 -95 -7]
[82 -95 -6]
[82 29 88]
[82 29 87]
[82 29 78]
[82 29 79]
[82 29 77]
[82 29 74]
[82 -106 -4]
[82 -106 -5]
[82 -97 -6]
[82 -96 -6]
[82 29 80]
[82 -86 -7]
[82 -85 -6]
[82 -87 -7]
[82 -90 -7]
[82 -108 -4]
[82 28 89]
[82 28 90]
[82 28 91]
[82 -97 -5]
[82 -79 -7]
[82 -91 -7]
[82 -102 -5]
[82 -113 -2]
[82 -115 -2]
[82 29 68]
[82 -92 -7]
[82 -101 -5]
[82 -100 -5]
[82 27 93]
[83 28 94]
[83 30 82]
[83 29 81]
[83 29 83]
[83 30 83]
[83 30 76]
[83 30 74]
[83 30 75]
[83 26 78]
[83 -117 -1]
[83 -119 0]
[83 -96 -7]
[83 28 96]
[83 27 96]
[83 28 98]
[83 -85 -7]
[83 -84 -7]
[83 -109 -4]
[83 -95 -8]
[83 -93 -8]
[83 -91 -8]
[83 -89 -8]
[83 30 79]
[83 30 80]
[83 30 73]
[83 -88 -8]
[83 -116 -1]
[83 -97 -7]
[83 -92 -8]
[83 30 84]
[83 -114 -3]
[83 30 86]
[83 -98 -6]
[83 -118 -1]
[83 -104 -5]
[83 -104 -6]
[83 30 87]
[83 30 89]
[83 30 88]
[83 28 67]
[83 30 68]
[83 -87 -8]
[83 29 90]
[83 -80 -8]
[83 30 71]
[83 30 70]
[83 -99 -6]
[83 -101 -6]
[83 -81 -7]
[83 -83 -7]
[83 29 91]
[83 -106 -6]
[83 -107 -5]
[83 -107 -6]
[83 -105 -6]
[83 -86 -8]
[83 -85 -8]
[83 28 92]
[83 28 93]
[83 -100 -6]
[83 29 69]
[83 30 77]
[83 30 78]
[83 -94 -8]
[83 -116 -3]
[83 -115 -3]
[83 -116 -2]
[83 -83 -8]
[83 -110 -4]
[83 29 89]
[83 -98 -5]
[83 30 85]
[83 28 97]
[83 -112 -3]
[83 -113 -3]
[83 -78 -7]
[83 -78 -6]
[83 27 99]
[83 27 100]
[83 -102 -6]
[83 -103 -6]
[83 -112 -4]
[83 -111 -4]
[84 30 91]
[84 -117 -2]
[84 -117 -4]
[84 -117 -3]
[84 -116 -4]
[84 -101 -7]
[84 -84 -8]
[84 -82 -8]
[84 -83 -9]
[84 -105 -7]
[84 -103 -7]
[84 -104 -7]
[84 -109 -5]
[84 -108 -5]
[84 -110 -5]
[84 31 73]
[84 30 72]
[84 -90 -8]
[84 31 81]
[84 31 85]
[84 30 81]
[84 -113 -4]
[84 29 92]
[84 29 94]
[84 31 83]
[84 -94 -9]
[84 -93 -7]
[84 -79 -9]
[84 -79 -8]
[84 -112 -5]
[84 -113 -5]
[84 -111 -5]
[84 28 95]
[84 31 89]
[84 29 66]
[84 28 66]
[84 29 67]
[84 31 67]
[84 31 69]
[84 30 69]
[84 31 74]
[84 31 75]
[84 -100 -7]
[84 29 96]
[84 29 98]
[84 31 86]
[84 31 72]
[84 31 88]
[84 -87 -9]
[84 -85 -9]
[84 31 76]
[84 -93 -9]
[84 -114 -4]
[84 -119 -2]
[84 28 99]
[84 -89 -9]
[84 -96 -8]
[84 -97 -8]
[84 31 87]
[84 28 100]
[84 30 92]
[84 31 80]
[84 30 90]
[84 -88 -9]
[84 -78 -8]
[84 -77 -8]
[84 -78 -5]
[84 -95 -9]
[84 -81 -8]
[84 31 78]
[84 31 82]
[84 -102 -7]
[84 -106 -7]
[84 -91 -9]
[84 -92 -9]
[84 29 95]
[84 31 71]
[84 -108 -7]
[84 -107 -7]
[85 28 101]
[85 -101 -8]
[85 -99 -8]
[85 -100 -8]
[85 -82 -9]
[85 -84 -9]
[85 -86 -10]
[85 29 100]
[85 29 99]
[85 -102 -8]
[85 -104 -8]
[85 -106 -8]
[85 32 72]
[85 32 73]
[85 -120 -3]
[85 -118 -3]
[85 -118 -2]
[85 -119 -3]
[85 -119 -1]
[85 -77 -9]
[85 -78 -9]
[85 -76 -7]
[85 -76 -8]
[85 -77 -7]
[85 32 82]
[85 32 81]
[85 32 83]
[85 31 77]
[85 32 76]
[85 -80 -9]
[85 -79 -10]
[85 -109 -6]
[85 -111 -6]
[85 32 89]
[85 31 90]
[85 30 93]
[85 -117 -5]
[85 -115 -5]
[85 -115 -4]
[85 32 71]
[85 32 70]
[85 -90 -9]
[85 32 85]
[85 32 87]
[85 -96 -10]
[85 -96 -9]
[85 30 95]
[85 30 97]
[85 31 84]
[85 32 86]
[85 32 84]
[85 30 96]
[85 -108 -8]
[85 32 77]
[85 -107 -8]
[85 -105 -8]
[85 -97 -9]
[85 31 93]
[85 29 93]
[85 32 75]
[85 -92 -10]
[85 -94 -10]
[85 32 80]
[85 32 79]
[85 31 68]
[85 -118 -4]
[85 -116 -5]
[85 31 92]
[85 31 91]
[85 -112 -6]
[85 -114 -5]
[85 -113 -6]
[85 -108 -6]
[85 -93 -10]
[85 -110 -6]
[85 29 97]
[85 32 88]
[85 32 66]
[85 31 66]
[85 31 70]
[85 30 66]
[85 -103 -8]
[86 -93 -11]
[86 -100 -9]
[86 -75 -7]
[86 31 79]
[86 33 81]
[86 33 80]
[86 33 79]
[86 -80 -10]
[86 -81 -9]
[86 -78 -10]
[86 -76 -9]
[86 -98 -8]
[86 30 67]
[86 32 67]
[86 33 73]
[86 33 72]
[86 33 71]
[86 33 78]
[86 32 78]
[86 32 92]
[86 32 93]
[86 -94 -11]
[86 -95 -11]
[86 30 101]
[86 30 99]
[86 -109 -7]
[86 -101 -9]
[86 32 90]
[86 -107 -9]
[86 33 85]
[86 -112 -7]
[86 -111 -7]
[86 -114 -6]
[86 -113 -7]
[86 32 94]
[86 30 94]
[86 29 101]
[86 33 82]
[86 32 69]
[86 -86 -11]
[86 33 86]
[86 -117 -6]
[86 -79 -11]
[86 -80 -11]
[86 -119 -5]
[86 -99 -7]
[86 -97 -11]
[86 -95 -10]
[86 -97 -10]
[86 -89 -10]
[86 -105 -9]
[86 -103 -9]
[86 31 97]
[86 -110 -7]
[86 33 90]
[86 -84 -10]
[86 33 84]
[86 -118 -6]
[86 -116 -6]
[86 -118 -5]
[86 -120 -2]
[86 32 91]
[86 -98 -9]
[86 33 87]
[86 -92 -11]
[86 33 75]
[86 33 76]
[86 33 70]
[86 33 77]
[86 30 98]
[86 -82 -10]
[86 -81 -10]
[86 32 74]
[86 -120 -4]
[86 31 94]
[86 33 74]
[86 33 69]
[87 -119 -6]
[87 -119 -4]
[87 -102 -10]
[87 -102 -9]
[87 -91 -12]
[87 -93 -12]
[87 -120 -5]
[87 -120 -6]
[87 34 78]
[87 33 89]
[87 33 91]
[87 -81 -11]
[87 -117 -7]
[87 30 100]
[87 31 99]
[87 32 97]
[87 31 98]
[87 -107 -10]
[87 -108 -9]
[87 -106 -10]
[87 -108 -10]
[87 -98 -7]
[87 -99 -9]
[87 -89 -11]
[87 -90 -10]
[87 -88 -10]
[87 -90 -11]
[87 -113 -8]
[87 -111 -8]
[87 -98 -10]
[87 -96 -11]
[87 -80 -12]
[87 -79 -12]
[87 32 68]
[87 33 68]
[87 -109 -8]
[87 34 87]
[87 34 86]
[87 34 80]
[87 34 82]
[87 -101 -10]
[87 33 94]
[87 33 93]
[87 34 77]
[87 31 95]
[87 32 95]
[87 -85 -12]
[87 -87 -12]
[87 -87 -11]
[87 -85 -11]
[87 -86 -12]
[87 34 71]
[87 34 70]
[87 -114 -8]
[87 -114 -7]
[87 -121 -5]
[87 34 83]
[87 34 81]
[87 33 83]
[87 -83 -11]
[87 -104 -9]
[87 -105 -10]
[87 -104 -10]
[87 -75 -8]
[87 -74 -8]
[87 -74 -7]
[87 -119 -7]
[87 -118 -7]
[87 34 85]
[87 34 84]
[87 34 75]
[87 34 76]
[87 -99 -10]
[87 -83 -10]
[87 -103 -10]
[87 -115 -7]
[87 -96 -12]
[87 -110 -8]
[87 34 73]
[87 33 67]
[87 30 102]
[87 -95 -12]
[87 -94 -12]
[87 -98 -11]
[87 33 92]
[87 34 72]
[87 34 90]
[87 29 102]
[87 31 102]
[88 35 84]
[88 34 91]
[88 34 92]
[88 -87 -10]
[88 -88 -11]
[88 34 88]
[88 35 86]
[88 35 85]
[88 -91 -10]
[88 -90 -12]
[88 -91 -11]
[88 -89 -12]
[88 -94 -13]
[88 -92 -13]
[88 -92 -12]
[88 35 82]
[88 35 80]
[88 -73 -8]
[88 -81 -12]
[88 -81 -13]
[88 35 70]
[88 30 103]
[88 35 83]
[88 32 96]
[88 31 96]
[88 -100 -10]
[88 -73 -9]
[88 31 101]
[88 34 79]
[88 35 79]
[88 31 100]
[88 -88 -12]
[88 -106 -9]
[88 -106 -11]
[88 -107 -11]
[88 -104 -11]
[88 -115 -9]
[88 -114 -9]
[88 -113 -9]
[88 -103 -11]
[88 33 95]
[88 32 102]
[88 32 103]
[88 -121 -6]
[88 -86 -13]
[88 -84 -13]
[88 -84 -11]
[88 -85 -10]
[88 -111 -9]
[88 -112 -9]
[88 -110 -9]
[88 -100 -11]
[88 -102 -11]
[88 -117 -8]
[88 -118 -8]
[88 -96 -13]
[88 32 98]
[88 35 75]
[88 34 74]
[88 35 73]
[88 35 72]
[88 35 74]
[88 -109 -9]
[88 -95 -13]
[88 -88 -13]
[88 -87 -13]
[88 -74 -9]
[88 35 90]
[88 35 71]
[88 -78 -11]
[88 -80 -13]
[88 -82 -11]
[88 -119 -8]
[88 -120 -7]
[88 -120 -8]
[88 -112 -8]
[88 35 78]
[88 35 76]
[88 -116 -8]
[88 -116 -7]
[88 -115 -6]
[88 34 67]
[88 34 68]
[88 31 103]
[88 -98 -12]
[88 -99 -12]
[88 -109 -10]
[88 -109 -11]
[88 -115 -8]
[89 -89 -13]
[89 -88 -14]
[89 -87 -14]
[89 -82 -13]
[89 -83 -12]
[89 -86 -14]
[89 -113 -10]
[89 35 69]
[89 -104 -12]
[89 36 71]
[89 36 70]
[89 -90 -13]
[89 35 77]
[89 -111 -10]
[89 -74 -10]
[89 -97 -12]
[89 -99 -11]
[89 -97 -13]
[89 -99 -13]
[89 -106 -12]
[89 -107 -12]
[89 -105 -12]
[89 -95 -14]
[89 -97 -14]
[89 -96 -14]
[89 32 101]
[89 33 103]
[89 33 101]
[89 -93 -14]
[89 -94 -14]
[89 36 83]
[89 -100 -12]
[89 -86 -9]
[89 -102 -12]
[89 -101 -12]
[89 -103 -12]
[89 36 81]
[89 36 82]
[89 -72 -10]
[89 -73 -10]
[89 -72 -9]
[89 -116 -9]
[89 -112 -10]
[89 -110 -10]
[89 -108 -12]
[89 -110 -11]
[89 -110 -12]
[89 -72 -8]
[89 -120 -9]
[89 35 91]
[89 32 104]
[89 33 102]
[89 -115 -10]
[89 -114 -10]
[89 -116 -10]
[89 -84 -14]
[89 -85 -14]
[89 -85 -13]
[89 36 79]
[89 35 81]
[89 31 104]
[89 33 96]
[89 -121 -7]
[89 -121 -8]
[89 -117 -9]
[89 -119 -9]
[89 -101 -11]
[89 33 99]
[89 32 99]
[89 33 97]
[89 36 72]
[89 36 74]
[89 -118 -9]
[89 34 95]
[89 36 80]
[89 36 89]
[89 36 90]
[89 34 89]
[89 35 89]
[89 36 86]
[89 36 85]
[89 -91 -13]
[89 -108 -11]
[89 -105 -11]
[89 36 75]
[89 35 88]
[89 35 87]
[89 -91 -14]
[89 -93 -13]
[89 -92 -14]
[89 35 92]
[89 36 73]
[89 35 68]
[89 36 76]
[89 -82 -12]
[89 -80 -14]
[90 -71 -8]
[90 -116 -11]
[90 -117 -11]
[90 -118 -10]
[90 -117 -10]
[90 -119 -10]
[90 -114 -11]
[90 -71 -9]
[90 -71 -10]
[90 37 71]
[90 37 70]
[90 36 69]
[90 -81 -15]
[90 -81 -14]
[90 37 76]
[90 37 75]
[90 37 74]
[90 37 84]
[90 37 90]
[90 37 88]
[90 34 69]
[90 -107 -13]
[90 36 92]
[90 36 91]
[90 33 98]
[90 32 100]
[90 -98 -14]
[90 -97 -15]
[90 -98 -15]
[90 -111 -11]
[90 -85 -15]
[90 -83 -14]
[90 -84 -15]
[90 34 97]
[90 34 96]
[90 -109 -13]
[90 -110 -13]
[90 32 105]
[90 33 105]
[90 37 81]
[90 -100 -13]
[90 -102 -13]
[90 -109 -12]
[90 -111 -12]
[90 36 88]
[90 37 72]
[90 -83 -13]
[90 -84 -12]
[90 -120 -10]
[90 36 84]
[90 37 87]
[90 -89 -14]
[90 -91 -15]
[90 -86 -15]
[90 36 87]
[90 -87 -15]
[90 -88 -15]
[90 -105 -13]
[90 34 101]
[90 34 100]
[90 -121 -9]
[90 33 88]
[90 -106 -13]
[90 36 78]
[90 37 80]
[90 -90 -14]
[90 -113 -11]
[90 -108 -13]
[90 34 102]
[90 34 104]
[90 34 103]
[90 -75 -9]
[90 36 68]
[90 -95 -15]
[90 -93 -15]
[90 -98 -13]
[90 35 95]
[90 35 94]
[90 34 94]
[90 37 79]
[90 37 89]
[90 36 77]
[90 -121 -10]
[90 -96 -15]
[90 -112 -11]
[91 33 104]
[91 33 106]
[91 37 73]
[91 38 73]
[91 38 75]
[91 -83 -16]
[91 -87 -16]
[91 -97 -16]
[91 -98 -16]
[91 -120 -11]
[91 34 99]
[91 34 98]
[91 35 101]
[91 35 104]
[91 38 85]
[91 37 69]
[91 36 67]
[91 37 92]
[91 35 93]
[91 36 93]
[91 -80 -16]
[91 -82 -15]
[91 -82 -16]
[91 -81 -16]
[91 34 93]
[91 38 74]
[91 38 76]
[91 38 80]
[91 38 82]
[91 38 81]
[91 37 82]
[91 -117 -12]
[91 -118 -12]
[91 -70 -9]
[91 -99 -15]
[91 -101 -14]
[91 -101 -13]
[91 -102 -14]
[91 -103 -13]
[91 -103 -14]
[91 -110 -14]
[91 33 100]
[91 -82 -14]
[91 36 94]
[91 -119 -11]
[91 -80 -15]
[91 35 102]
[91 38 70]
[91 38 71]
[91 -108 -14]
[91 -109 -14]
[91 37 68]
[91 38 88]
[91 38 86]
[91 38 78]
[91 38 79]
[91 37 78]
[91 38 90]
[91 38 89]
[91 37 83]
[91 -85 -16]
[91 -112 -13]
[91 -112 -12]
[91 36 95]
[91 35 96]
[91 -114 -12]
[91 -115 -12]
[91 -113 -12]
[91 -115 -11]
[91 -116 -12]
[91 -89 -15]
[91 35 99]
[91 35 100]
[91 -100 -14]
[91 -99 -14]
[91 -99 -16]
[91 -111 -14]
[91 -105 -14]
[91 -106 -14]
[91 -90 -15]
[91 -121 -11]
[91 35 103]
[91 -94 -15]
[91 -94 -16]
[91 -118 -11]
[91 -71 -11]
[91 37 77]
[91 -83 -15]
[91 35 97]
[91 -104 -13]
[91 -104 -14]
[91 37 86]
[91 -93 -16]
[91 38 72]
[91 35 98]
[91 -90 -16]
[91 -92 -16]
[91 -92 -15]
[91 38 69]
[91 38 87]
[92 39 72]
[92 39 71]
[92 39 78]
[92 39 79]
[92 39 80]
[92 -96 -16]
[92 -96 -17]
[92 -69 -10]
[92 -70 -8]
[92 -69 -9]
[92 38 77]
[92 -110 -15]
[92 -104 -15]
[92 -81 -17]
[92 -80 -17]
[92 -103 -15]
[92 -105 -15]
[92 39 81]
[92 39 87]
[92 -91 -16]
[92 38 83]
[92 -100 -15]
[92 -101 -15]
[92 -84 -16]
[92 -83 -17]
[92 37 85]
[92 39 84]
[92 -107 -15]
[92 -107 -14]
[92 -98 -17]
[92 -117 -13]
[92 -116 -13]
[92 -115 -13]
[92 -88 -17]
[92 36 103]
[92 36 102]
[92 -120 -12]
[92 -121 -12]
[92 34 105]
[92 -95 -17]
[92 38 84]
[92 -100 -17]
[92 -100 -16]
[92 -109 -15]
[92 38 67]
[92 37 67]
[92 38 68]
[92 -113 -13]
[92 39 73]
[92 -119 -13]
[92 -119 -12]
[92 38 91]
[92 38 93]
[92 37 93]
[92 37 91]
[92 37 94]
[92 37 96]
[92 36 96]
[92 -89 -17]
[92 -89 -16]
[92 -91 -17]
[92 -90 -17]
[92 36 98]
[92 36 97]
[92 -92 -17]
[92 39 82]
[92 -113 -14]
[92 39 76]
[92 -86 -17]
[92 36 101]
[92 -88 -16]
[92 -118 -13]
[92 -114 -13]
[92 36 100]
[92 39 70]
[92 39 86]
[92 -70 -11]
[92 -111 -15]
[92 -111 -13]
[92 -102 -15]
[92 36 105]
[92 36 104]
[92 35 105]
[92 39 88]
[92 39 89]
[92 39 91]
[93 -80 -18]
[93 -81 -18]
[93 40 90]
[93 40 72]
[93 40 74]
[93 -100 -18]
[93 -101 -18]
[93 -99 -17]
[93 -90 -18]
[93 -91 -18]
[93 38 92]
[93 40 89]
[93 39 90]
[93 40 88]
[93 39 92]
[93 -87 -17]
[93 -85 -17]
[93 -87 -18]
[93 40 80]
[93 37 105]
[93 37 103]
[93 40 85]
[93 -69 -12]
[93 -70 -10]
[93 -69 -11]
[93 -96 -18]
[93 -97 -17]
[93 37 97]
[93 36 99]
[93 -110 -16]
[93 35 106]
[93 37 106]
[93 -97 -18]
[93 37 104]
[93 39 75]
[93 40 75]
[93 39 77]
[93 39 66]
[93 -120 -13]
[93 -84 -17]
[93 -82 -17]
[93 37 95]
[93 38 95]
[93 38 94]
[93 40 87]
[93 -112 -14]
[93 -114 -15]
[93 -103 -16]
[93 -121 -13]
[93 34 106]
[93 -115 -14]
[93 -117 -14]
[93 -119 -14]
[93 -118 -14]
[93 -106 -16]
[93 -106 -15]
[93 -104 -16]
[93 39 83]
[93 39 85]
[93 38 96]
[93 40 71]
[93 39 67]
[93 40 79]
[93 40 78]
[93 -114 -14]
[93 37 101]
[93 37 102]
[93 37 100]
[93 -68 -11]
[93 -68 -9]
[93 40 81]
[93 40 82]
[93 37 99]
[93 -68 -10]
[93 -89 -18]
[93 -105 -16]
[93 -93 -18]
[93 -112 -16]
[93 39 93]
[93 -94 -18]
[93 -95 -18]
[93 38 66]
[93 -108 -15]
[93 -116 -14]
[93 40 77]
[94 41 84]
[94 40 84]
[94 -86 -16]
[94 -85 -18]
[94 -86 -18]
[94 -118 -15]
[94 41 82]
[94 41 81]
[94 41 80]
[94 -115 -15]
[94 -114 -16]
[94 -113 -15]
[94 41 89]
[94 -102 -18]
[94 -102 -17]
[94 39 95]
[94 38 97]
[94 39 97]
[94 39 65]
[94 -92 -18]
[94 40 91]
[94 40 93]
[94 37 98]
[94 38 98]
[94 -116 -15]
[94 -107 -16]
[94 -108 -16]
[94 -103 -17]
[94 -104 -17]
[94 -102 -16]
[94 40 94]
[94 39 94]
[94 38 105]
[94 38 107]
[94 38 106]
[94 36 107]
[94 36 106]
[94 -99 -19]
[94 -101 -19]
[94 -101 -17]
[94 39 74]
[94 -88 -18]
[94 -67 -10]
[94 41 88]
[94 41 87]
[94 -98 -18]
[94 -81 -19]
[94 -82 -19]
[94 -82 -18]
[94 -96 -19]
[94 -98 -19]
[94 -120 -14]
[94 41 72]
[94 41 71]
[94 -90 -19]
[94 -89 -19]
[94 -91 -19]
[94 -105 -17]
[94 -107 -17]
[94 41 79]
[94 -112 -15]
[94 -84 -18]
[94 38 101]
[94 40 83]
[94 41 86]
[94 40 86]
[94 -111 -16]
[94 -97 -19]
[94 38 102]
[94 -110 -17]
[94 -109 -17]
[94 34 107]
[94 35 107]
[94 41 76]
[94 40 76]
[94 41 77]
[94 38 100]
[94 -94 -17]
[94 41 75]
[94 38 99]
[94 -68 -8]
[94 -121 -14]
[94 -88 -19]
[94 41 83]
[95 40 73]
[95 39 101]
[95 -109 -18]
[95 -110 -18]
[95 -116 -16]
[95 -67 -8]
[95 -67 -7]
[95 -68 -7]
[95 -83 -18]
[95 -115 -16]
[95 -117 -15]
[95 -102 -20]
[95 -97 -20]
[95 42 70]
[95 42 71]
[95 38 104]
[95 39 106]
[95 42 87]
[95 42 88]
[95 42 89]
[95 -100 -19]
[95 -100 -20]
[95 42 78]
[95 42 77]
[95 -112 -17]
[95 42 80]
[95 41 78]
[95 -108 -18]
[95 -106 -18]
[95 39 105]
[95 37 107]
[95 39 107]
[95 -87 -19]
[95 42 85]
[95 42 84]
[95 -89 -20]
[95 -90 -20]
[95 39 99]
[95 38 108]
[95 37 108]
[95 42 83]
[95 42 81]
[95 42 82]
[95 42 75]
[95 42 76]
[95 40 92]
[95 -121 -15]
[95 -120 -15]
[95 39 102]
[95 39 100]
[95 -88 -20]
[95 -119 -16]
[95 42 86]
[95 -108 -17]
[95 -105 -18]
[95 -115 -17]
[95 -113 -16]
[95 41 92]
[95 41 91]
[95 -83 -19]
[95 -82 -20]
[95 -81 -20]
[95 -67 -9]
[95 -84 -19]
[95 -102 -19]
[95 40 65]
[95 42 72]
[95 41 73]
[95 -85 -19]
[95 -86 -19]
[95 41 90]
[95 -98 -20]
[95 35 108]
[95 34 108]
[95 36 108]
[95 -92 -19]
[95 -92 -20]
[95 39 98]
[95 42 74]
[95 -93 -17]
[95 40 95]
[95 41 94]
[95 -109 -16]
[95 40 96]
[95 39 96]
[95 42 79]
[95 -103 -18]
[96 42 90]
[96 42 91]
[96 -107 -19]
[96 -109 -19]
[96 41 93]
[96 39 103]
[96 39 104]
[96 -111 -17]
[96 43 78]
[96 43 77]
[96 40 108]
[96 39 108]
[96 40 106]
[96 43 86]
[96 42 93]
[96 42 92]
[96 -114 -17]
[96 -66 -8]
[96 -66 -10]
[96 40 97]
[96 -67 -6]
[96 43 79]
[96 43 81]
[96 43 83]
[96 43 70]
[96 43 72]
[96 43 82]
[96 43 80]
[96 43 75]
[96 43 74]
[96 42 73]
[96 40 107]
[96 40 103]
[96 38 103]
[96 40 101]
[96 40 99]
[96 -84 -20]
[96 -86 -20]
[96 -85 -20]
[96 43 88]
[96 43 89]
[96 37 109]
[96 38 109]
[96 -107 -18]
[96 35 109]
[96 36 109]
[96 43 69]
[96 -120 -16]
[96 41 96]
[96 -93 -19]
[96 43 87]
[96 -99 -20]
[96 -101 -21]
[96 43 85]
[96 -119 -15]
[96 -121 -16]
[96 -106 -17]
[96 -106 -19]
[96 -104 -18]
[96 -104 -19]
[96 -93 -20]
[96 41 74]
[96 41 95]
[96 -87 -21]
[96 -88 -21]
[96 -89 -21]
[96 40 100]
[96 -98 -21]
[96 -96 -21]
[96 -119 -17]
[96 -120 -17]
[96 -101 -20]
[96 -103 -19]
[96 -114 -18]
[96 -117 -16]
[96 42 94]
[96 -99 -21]
[96 -66 -7]
[96 -66 -6]
[96 -90 -21]
[96 -91 -21]
[96 43 73]
[96 -103 -20]
[96 -102 -21]
[96 -103 -21]
[96 40 98]
[97 -83 -21]
[97 -84 -21]
[97 44 88]
[97 44 89]
[97 -105 -19]
[97 -106 -20]
[97 -105 -20]
[97 -107 -20]
[97 -92 -22]
[97 43 92]
[97 41 107]
[97 41 106]
[97 -104 -20]
[97 -94 -20]
[97 -92 -21]
[97 43 95]
[97 43 94]
[97 42 95]
[97 44 86]
[97 44 85]
[97 44 87]
[97 -94 -19]
[97 44 75]
[97 44 73]
[97 -99 -22]
[97 -100 -21]
[97 -100 -22]
[97 -121 -17]
[97 39 109]
[97 40 109]
[97 41 109]
[97 41 108]
[97 -86 -21]
[97 -85 -21]
[97 -118 -18]
[97 -118 -16]
[97 -118 -17]
[97 -115 -18]
[97 44 81]
[97 -120 -18]
[97 43 90]
[97 41 104]
[97 -65 -7]
[97 -65 -8]
[97 -101 -22]
[97 -116 -17]
[97 -117 -17]
[97 -104 -22]
[97 -102 -22]
[97 -103 -22]
[97 -68 -6]
[97 -68 -5]
[97 42 96]
[97 -65 -9]
[97 -66 -9]
[97 40 104]
[97 36 110]
[97 -87 -20]
[97 43 76]
[97 44 74]
[97 44 77]
[97 41 97]
[97 37 110]
[97 -91 -22]
[97 -90 -22]
[97 -91 -20]
[97 -97 -21]
[97 -95 -20]
[97 -97 -22]
[97 -115 -19]
[97 38 110]
[97 44 80]
[97 43 91]
[97 44 72]
[97 41 101]
[97 41 100]
[97 41 105]
[97 -65 -5]
[97 -67 -5]
[97 -66 -5]
[97 41 99]
[97 41 98]
[97 41 102]
[97 44 70]
[97 44 71]
[97 44 69]
[97 -104 -21]
[97 -108 -19]
[97 43 84]
[97 44 82]
[97 44 84]
[97 -66 -11]
[97 -65 -11]
[97 -67 -11]
[97 -109 -20]
[97 -110 -19]
[97 -110 -20]
[98 -108 -20]
[98 44 78]
[98 44 76]
[98 45 77]
[98 45 76]
[98 45 89]
[98 37 111]
[98 42 105]
[98 42 104]
[98 42 110]
[98 -111 -20]
[98 -120 -19]
[98 -121 -18]
[98 45 90]
[98 45 88]
[98 43 96]
[98 45 72]
[98 45 71]
[98 45 70]
[98 44 83]
[98 -65 -10]
[98 -105 -22]
[98 -119 -18]
[98 36 111]
[98 42 99]
[98 -85 -22]
[98 -82 -21]
[98 -64 -8]
[98 -64 -6]
[98 -64 -7]
[98 44 93]
[98 43 93]
[98 -66 -4]
[98 -67 -4]
[98 -65 -6]
[98 -84 -22]
[98 40 102]
[98 42 101]
[98 -101 -23]
[98 -102 -23]
[98 42 107]
[98 -93 -22]
[98 -93 -21]
[98 -92 -23]
[98 -64 -12]
[98 -65 -12]
[98 -64 -11]
[98 -66 -12]
[98 45 87]
[98 45 86]
[98 45 85]
[98 45 84]
[98 45 83]
[98 40 105]
[98 41 103]
[98 -116 -19]
[98 -116 -18]
[98 -116 -20]
[98 43 71]
[98 -64 -9]
[98 40 110]
[98 44 96]
[98 44 95]
[98 42 100]
[98 -67 -12]
[98 45 82]
[98 44 92]
[98 -95 -19]
[98 -98 -23]
[98 44 90]
[98 42 108]
[98 42 109]
[98 42 102]
[98 42 103]
[98 -108 -21]
[98 -109 -21]
[98 -110 -21]
[98 42 97]
[98 44 68]
[98 45 69]
[98 -98 -22]
[98 -96 -22]
[98 -96 -20]
[98 -95 -21]
[98 -68 -12]
[98 45 74]
[98 45 75]
[98 -91 -23]
[98 -90 -23]
[98 -111 -21]
[98 -111 -19]
[98 45 80]
[98 -117 -18]
[98 -103 -23]
[98 39 110]
[98 41 110]
[98 44 79]
[98 45 79]
[98 45 81]
[98 -99 -23]
[98 -100 -23]
[99 -64 -10]
[99 -63 -10]
[99 -117 -20]
[99 -117 -19]
[99 46 86]
[99 36 112]
[99 42 106]
[99 43 105]
[99 -66 -13]
[99 -67 -13]
[99 45 91]
[99 43 110]
[99 -107 -21]
[99 -109 -22]
[99 46 81]
[99 46 80]
[99 46 82]
[99 46 88]
[99 46 76]
[99 46 74]
[99 -84 -23]
[99 -86 -23]
[99 -85 -23]
[99 -94 -21]
[99 -95 -22]
[99 -115 -20]
[99 -83 -23]
[99 -83 -22]
[99 -90 -24]
[99 -92 -24]
[99 40 111]
[99 42 111]
[99 -63 -12]
[99 -112 -21]
[99 -97 -23]
[99 46 77]
[99 -118 -19]
[99 37 112]
[99 -103 -24]
[99 43 100]
[99 43 101]
[99 -91 -24]
[99 -112 -22]
[99 -111 -22]
[99 -81 -21]
[99 -82 -22]
[99 -81 -22]
[99 -66 -3]
[99 45 78]
[99 -63 -5]
[99 -63 -7]
[99 44 94]
[99 43 102]
[99 -106 -22]
[99 -106 -21]
[99 46 68]
[99 46 69]
[99 46 70]
[99 41 111]
[99 44 91]
[99 46 84]
[99 46 91]
[99 -110 -22]
[99 46 78]
[99 -93 -23]
[99 -93 -24]
[99 -68 -3]
[99 -64 -5]
[99 46 89]
[99 43 108]
[99 46 85]
[99 46 71]
[99 45 95]
[99 44 97]
[99 45 97]
[99 -98 -24]
[99 -99 -24]
[99 45 67]
[99 45 68]
[99 -100 -24]
[99 -94 -23]
[99 43 103]
[99 46 87]
[99 -63 -11]
[99 -65 -13]
[99 43 97]
[99 46 83]
[99 43 98]
[100 -94 -22]
[100 -98 -25]
[100 -100 -25]
[100 45 92]
[100 47 86]
[100 45 93]
[100 47 75]
[100 47 77]
[100 47 76]
[100 -67 -3]
[100 -68 -4]
[100 -69 -3]
[100 -82 -23]
[100 -83 -24]
[100 -82 -24]
[100 -102 -24]
[100 -104 -25]
[100 -104 -24]
[100 44 101]
[100 44 102]
[100 44 103]
[100 -99 -25]
[100 38 112]
[100 44 106]
[100 47 83]
[100 -81 -23]
[100 45 96]
[100 45 98]
[100 47 82]
[100 -89 -24]
[100 -94 -24]
[100 46 75]
[100 45 73]
[100 -118 -20]
[100 -118 -21]
[100 -64 -13]
[100 -65 -14]
[100 -111 -23]
[100 -113 -22]
[100 -112 -23]
[100 -65 -3]
[100 -65 -4]
[100 47 70]
[100 47 69]
[100 -107 -23]
[100 -68 -14]
[100 -68 -13]
[100 -85 -24]
[100 41 112]
[100 -95 -23]
[100 -97 -24]
[100 -62 -4]
[100 43 109]
[100 47 88]
[100 47 87]
[100 46 90]
[100 47 90]
[100 43 107]
[100 -113 -21]
[100 -63 -4]
[100 -64 -4]
[100 44 98]
[100 46 96]
[100 46 97]
[100 46 67]
[100 47 68]
[100 47 67]
[100 43 104]
[100 47 85]
[100 47 78]
[100 -63 -13]
[100 -62 -13]
[100 47 84]
[100 -63 -9]
[100 44 100]
[100 -62 -9]
[100 -62 -11]
[100 -114 -19]
[100 -114 -21]
[100 47 79]
[100 46 94]
[100 46 95]
[100 47 91]
[100 47 92]
[100 46 92]
[100 42 98]
[100 -87 -23]
[100 -87 -24]
[100 -67 -14]
[100 -66 -14]
[100 43 99]
[101 -69 -13]
[101 44 105]
[101 45 99]
[101 44 99]
[101 45 100]
[101 47 71]
[101 48 71]
[101 -88 -24]
[101 -88 -23]
[101 45 94]
[101 47 96]
[101 47 94]
[101 48 77]
[101 48 78]
[101 -68 -15]
[101 -67 -15]
[101 -68 -2]
[101 40 112]
[101 -101 -25]
[101 -98 -26]
[101 -97 -26]
[101 -103 -25]
[101 -107 -24]
[101 -107 -22]
[101 -106 -23]
[101 -62 -12]
[101 -62 -10]
[101 48 74]
[101 -63 -8]
[101 48 87]
[101 -119 -20]
[101 -61 -12]
[101 -61 -13]
[101 -62 -14]
[101 47 95]
[101 -114 -20]
[101 -113 -20]
[101 48 92]
[101 48 90]
[101 -84 -25]
[101 47 97]
[101 44 107]
[101 44 108]
[101 48 85]
[101 46 79]
[101 47 74]
[101 47 89]
[101 48 89]
[101 48 91]
[101 48 67]
[101 48 68]
[101 48 66]
[101 -96 -24]
[101 -96 -23]
[101 48 80]
[101 -119 -19]
[101 48 69]
[101 48 70]
[101 48 93]
[101 46 93]
[101 -63 -3]
[101 -62 -3]
[101 -86 -25]
[101 -64 -14]
[101 -64 -15]
[101 -65 -15]
[101 -69 -14]
[101 48 84]
[101 48 82]
[101 38 111]
[101 39 113]
[101 39 112]
[101 46 98]
[101 46 73]
[101 45 103]
[101 44 104]
[101 45 102]
[101 45 104]
[101 -61 -5]
[101 -61 -4]
[101 -105 -24]
[101 45 105]
[101 -66 -15]
[101 45 101]
[101 -101 -26]
[101 -84 -24]
[101 48 83]
[101 -64 -3]
[101 -63 -14]
[101 -88 -25]
[101 47 81]
[102 46 72]
[102 47 73]
[102 47 72]
[102 48 81]
[102 48 79]
[102 49 81]
[102 49 80]
[102 47 80]
[102 49 78]
[102 49 77]
[102 46 104]
[102 45 106]
[102 46 102]
[102 46 100]
[102 -69 -2]
[102 46 99]
[102 46 103]
[102 49 90]
[102 -85 -25]
[102 49 70]
[102 49 69]
[102 49 87]
[102 49 86]
[102 48 88]
[102 48 86]
[102 -98 -27]
[102 -97 -27]
[102 49 89]
[102 48 72]
[102 49 92]
[102 49 93]
[102 -96 -26]
[102 -89 -25]
[102 -87 -25]
[102 -60 -4]
[102 -60 -6]
[102 -62 -5]
[102 -61 -6]
[102 -100 -27]
[102 -102 -27]
[102 -65 -16]
[102 49 82]
[102 -63 -15]
[102 -62 -15]
[102 48 98]
[102 48 97]
[102 48 96]
[102 -66 -16]
[102 -64 -16]
[102 -106 -24]
[102 48 95]
[102 47 99]
[102 49 67]
[102 49 66]
[102 -108 -22]
[102 48 94]
[102 -86 -26]
[102 -85 -26]
[102 43 106]
[102 45 107]
[102 45 108]
[102 46 105]
[102 -61 -11]
[102 47 93]
[102 -95 -24]
[102 -102 -25]
[102 48 65]
[102 49 65]
[102 49 94]
[102 49 83]
[102 48 75]
[102 -69 -16]
[102 -67 -16]
[102 -68 -16]
[102 -70 -15]
[102 -69 -15]
[102 -63 -16]
[102 -84 -26]
[102 49 74]
[102 49 73]
[102 48 73]
[102 49 75]
[102 38 114]
[102 39 114]
[102 38 113]
[102 -107 -25]
[103 47 105]
[103 50 67]
[103 50 68]
[103 49 68]
[103 49 72]
[103 50 93]
[103 50 94]
[103 -61 -14]
[103 -61 -16]
[103 -99 -27]
[103 -101 -27]
[103 -97 -28]
[103 -96 -27]
[103 49 95]
[103 49 97]
[103 46 107]
[103 46 108]
[103 -69 -17]
[103 -67 -17]
[103 50 73]
[103 50 75]
[103 50 92]
[103 -60 -5]
[103 49 88]
[103 50 90]
[103 50 86]
[103 47 98]
[103 48 99]
[103 -59 -6]
[103 50 71]
[103 49 71]
[103 -65 -17]
[103 -108 -24]
[103 -108 -26]
[103 -102 -26]
[103 -59 -5]
[103 -64 -17]
[103 -63 -17]
[103 49 76]
[103 50 78]
[103 50 76]
[103 48 76]
[103 37 114]
[103 -70 -16]
[103 -95 -27]
[103 -95 -26]
[103 47 100]
[103 46 101]
[103 46 106]
[103 50 87]
[103 47 102]
[103 47 103]
[103 47 101]
[103 50 74]
[103 38 115]
[103 37 115]
[103 -70 -17]
[103 -68 -17]
[103 50 82]
[103 49 84]
[103 50 84]
[103 50 79]
[103 50 77]
[103 50 64]
[103 50 65]
[103 48 64]
[103 49 98]
[103 50 81]
[103 49 79]
[103 -66 -17]
[104 -103 -26]
[104 51 65]
[104 37 113]
[104 50 89]
[104 50 88]
[104 49 63]
[104 -64 -18]
[104 -66 -18]
[104 51 83]
[104 51 82]
[104 50 83]
[104 50 85]
[104 -61 -15]
[104 48 102]
[104 48 103]
[104 47 104]
[104 50 70]
[104 50 72]
[104 51 87]
[104 51 66]
[104 50 66]
[104 49 64]
[104 51 72]
[104 51 71]
[104 -97 -29]
[104 -98 -28]
[104 -98 -29]
[104 50 96]
[104 -61 -17]
[104 -60 -17]
[104 49 99]
[104 50 98]
[104 -62 -17]
[104 51 69]
[104 51 68]
[104 50 69]
[104 -71 -17]
[104 51 76]
[104 51 77]
[104 48 101]
[104 47 108]
[104 -69 -18]
[104 -68 -18]
[104 48 100]
[104 -94 -28]
[104 -95 -28]
[104 47 106]
[104 51 85]
[104 49 85]
[104 51 78]
[104 50 80]
[104 51 79]
[104 51 92]
[104 -58 -5]
[104 -58 -6]
[104 48 106]
[104 49 100]
[104 51 74]
[104 -59 -4]
[104 51 93]
[104 -109 -25]
[104 -108 -27]
[104 51 81]
[104 49 96]
[104 50 91]
[104 51 91]
[104 51 89]
[104 51 90]
[104 49 91]
[104 51 94]
[105 51 80]
[105 -98 -30]
[105 -99 -30]
[105 -97 -30]
[105 51 70]
[105 52 72]
[105 -62 -16]
[105 50 101]
[105 -57 -5]
[105 52 90]
[105 52 91]
[105 50 62]
[105 50 63]
[105 49 62]
[105 52 66]
[105 52 67]
[105 52 65]
[105 52 88]
[105 51 88]
[105 52 89]
[105 49 106]
[105 49 107]
[105 49 105]
[105 -96 -29]
[105 52 95]
[105 50 95]
[105 52 94]
[105 51 95]
[105 52 93]
[105 51 97]
[105 50 97]
[105 -70 -19]
[105 -69 -19]
[105 -70 -18]
[105 -60 -18]
[105 -62 -18]
[105 -60 -16]
[105 51 96]
[105 -68 -19]
[105 -67 -19]
[105 52 77]
[105 49 101]
[105 52 69]
[105 49 104]
[105 48 104]
[105 48 109]
[105 48 108]
[105 -71 -18]
[105 -109 -26]
[105 -107 -27]
[105 -107 -28]
[105 -109 -27]
[105 52 83]
[105 52 82]
[105 48 105]
[105 47 107]
[105 -67 -18]
[105 -65 -18]
[105 50 99]
[105 52 80]
[105 52 78]
[105 52 92]
[105 51 84]
[105 51 86]
[105 -61 -18]
[105 -110 -26]
[105 -110 -24]
[105 52 84]
[105 52 85]
[105 52 75]
[105 51 67]
[105 -94 -27]
[105 51 75]
[105 52 74]
[105 51 64]
[105 -63 -18]
[105 -65 -19]
[105 -59 -3]
[106 -68 -20]
[106 53 90]
[106 53 68]
[106 53 67]
[106 52 68]
[106 50 106]
[106 49 108]
[106 53 82]
[106 53 77]
[106 52 70]
[106 53 70]
[106 51 100]
[106 51 99]
[106 50 100]
[106 53 88]
[106 53 89]
[106 50 105]
[106 50 104]
[106 53 65]
[106 52 64]
[106 49 103]
[106 50 103]
[106 -110 -25]
[106 52 71]
[106 53 71]
[106 51 73]
[106 52 73]
[106 50 102]
[106 49 102]
[106 53 95]
[106 53 96]
[106 -63 -19]
[106 -62 -19]
[106 53 92]
[106 53 91]
[106 53 93]
[106 53 81]
[106 53 79]
[106 -99 -31]
[106 52 76]
[106 53 85]
[106 53 75]
[106 -98 -31]
[106 -96 -30]
[106 52 87]
[106 -111 -25]
[106 -95 -30]
[106 -66 -19]
[106 51 63]
[106 -59 -17]
[106 -59 -18]
[106 53 86]
[106 52 96]
[106 49 109]
[106 48 107]
[106 -58 -3]
[106 -69 -20]
[106 -67 -20]
[106 51 98]
[106 -64 -19]
[106 -66 -20]
[106 -65 -20]
[106 -71 -19]
[106 51 101]
[106 53 76]
[107 54 89]
[107 54 90]
[107 53 72]
[107 50 107]
[107 52 99]
[107 -64 -20]
[107 -66 -21]
[107 -64 -21]
[107 54 75]
[107 54 74]
[107 54 76]
[107 -96 -31]
[107 -95 -31]
[107 -94 -31]
[107 54 87]
[107 52 97]
[107 53 94]
[107 54 94]
[107 54 95]
[107 -60 -19]
[107 -58 -19]
[107 -111 -24]
[107 52 79]
[107 54 80]
[107 54 78]
[107 53 78]
[107 53 80]
[107 54 93]
[107 52 102]
[107 -68 -21]
[107 -67 -21]
[107 -69 -21]
[107 -99 -32]
[107 54 77]
[107 -59 -16]
[107 52 86]
[107 54 86]
[107 54 92]
[107 54 91]
[107 53 66]
[107 54 66]
[107 54 67]
[107 54 70]
[107 -100 -31]
[107 -100 -32]
[107 52 101]
[107 51 104]
[107 51 106]
[107 51 105]
[107 52 63]
[107 53 63]
[107 53 64]
[107 -65 -21]
[107 52 62]
[107 54 84]
[107 54 85]
[107 53 84]
[107 51 103]
[107 51 102]
[107 53 74]
[107 -61 -19]
[107 -61 -20]
[107 51 107]
[107 54 81]
[107 54 71]
[107 -72 -19]
[107 -71 -20]
[107 53 87]
[107 54 82]
[107 53 83]
[108 55 95]
[108 55 94]
[108 55 96]
[108 55 89]
[108 54 72]
[108 55 72]
[108 -59 -20]
[108 -60 -20]
[108 -95 -32]
[108 -93 -32]
[108 54 69]
[108 55 70]
[108 55 71]
[108 53 69]
[108 -70 -22]
[108 -70 -20]
[108 -70 -21]
[108 -69 -22]
[108 52 105]
[108 52 106]
[108 -67 -22]
[108 -66 -22]
[108 -65 -22]
[108 -101 -32]
[108 -100 -33]
[108 52 100]
[108 55 92]
[108 -58 -18]
[108 -58 -20]
[108 -59 -19]
[108 55 86]
[108 -63 -20]
[108 -68 -22]
[108 53 73]
[108 55 74]
[108 55 73]
[108 54 88]
[108 -96 -32]
[108 -72 -21]
[108 -72 -20]
[108 53 102]
[108 53 100]
[108 55 85]
[108 52 103]
[108 -64 -22]
[108 54 79]
[108 55 78]
[108 55 79]
[108 54 83]
[108 55 81]
[108 55 82]
[108 55 84]
[108 55 80]
[108 55 93]
[108 54 73]
[108 -61 -21]
[108 -62 -21]
[108 -62 -20]
[108 54 63]
[108 52 61]
[108 51 62]
[108 51 61]
[108 53 62]
[108 -101 -30]
[108 -59 -15]
[108 54 65]
[108 55 67]
[108 55 66]
[108 55 65]
[108 52 104]
[108 54 64]
[108 55 75]
[108 50 108]
[108 -63 -21]
[109 56 68]
[109 55 68]
[109 54 68]
[109 56 81]
[109 54 101]
[109 53 101]
[109 56 86]
[109 55 87]
[109 56 66]
[109 56 65]
[109 56 79]
[109 -100 -30]
[109 56 71]
[109 56 72]
[109 -60 -21]
[109 53 60]
[109 52 60]
[109 53 61]
[109 56 73]
[109 56 95]
[109 54 96]
[109 56 96]
[109 -63 -22]
[109 -96 -33]
[109 56 77]
[109 56 90]
[109 56 88]
[109 55 88]
[109 53 99]
[109 -73 -21]
[109 -71 -21]
[109 -70 -23]
[109 -68 -23]
[109 56 92]
[109 55 91]
[109 56 84]
[109 -94 -32]
[109 -92 -33]
[109 -93 -33]
[109 -94 -33]
[109 -92 -32]
[109 53 106]
[109 53 104]
[109 53 105]
[109 55 83]
[109 -69 -23]
[109 55 64]
[109 56 82]
[109 56 80]
[109 54 62]
[109 56 94]
[109 56 83]
[109 56 93]
[109 -65 -23]
[109 55 69]
[109 51 108]
[109 -62 -22]
[109 -71 -23]
[109 -71 -22]
[109 54 103]
[109 54 102]
[109 -64 -23]
[110 54 105]
[110 54 106]
[110 54 104]
[110 57 97]
[110 56 97]
[110 55 97]
[110 -92 -34]
[110 57 89]
[110 57 91]
[110 -64 -24]
[110 -65 -24]
[110 57 93]
[110 52 108]
[110 52 107]
[110 -91 -33]
[110 57 80]
[110 57 70]
[110 57 72]
[110 53 103]
[110 55 102]
[110 57 71]
[110 56 67]
[110 -70 -24]
[110 -94 -34]
[110 -95 -33]
[110 57 79]
[110 57 78]
[110 56 91]
[110 57 66]
[110 57 65]
[110 57 67]
[110 57 94]
[110 -72 -23]
[110 54 60]
[110 55 103]
[110 57 82]
[110 57 83]
[110 57 81]
[110 56 85]
[110 57 84]
[110 57 85]
[110 55 101]
[110 55 100]
[110 -71 -24]
[110 -72 -22]
[110 -66 -24]
[110 56 70]
[110 56 69]
[110 57 74]
[110 53 98]
[110 54 98]
[110 -67 -23]
[110 -69 -24]
[110 -67 -24]
[110 55 63]
[110 56 63]
[110 53 59]
[110 54 61]
[110 56 78]
[110 55 76]
[110 56 89]
[110 56 87]
[110 57 87]
[111 54 59]
[111 56 62]
[111 57 64]
[111 56 64]
[111 55 104]
[111 55 99]
[111 56 99]
[111 54 99]
[111 54 100]
[111 56 102]
[111 56 101]
[111 56 103]
[111 -68 -24]
[111 -66 -23]
[111 -65 -25]
[111 -64 -25]
[111 58 67]
[111 58 66]
[111 58 68]
[111 57 68]
[111 54 97]
[111 55 98]
[111 58 64]
[111 57 92]
[111 58 94]
[111 56 100]
[111 57 95]
[111 53 107]
[111 53 108]
[111 -93 -34]
[111 58 90]
[111 57 88]
[111 57 90]
[111 58 88]
[111 58 89]
[111 58 81]
[111 58 83]
[111 57 69]
[111 -72 -24]
[111 -67 -25]
[111 -66 -25]
[111 55 90]
[111 56 76]
[111 58 91]
[111 58 92]
[111 58 98]
[111 58 97]
[111 -90 -33]
[111 58 82]
[111 55 62]
[111 58 85]
[111 58 84]
[111 -91 -34]
[111 -91 -35]
[111 58 72]
[111 -69 -25]
[111 58 79]
[111 58 80]
[111 58 78]
[111 55 105]
[111 55 106]
[111 54 107]
[111 58 73]
[111 58 71]
[111 57 86]
[111 57 77]
[111 -70 -25]
[111 58 77]
[111 -68 -25]
[111 57 96]
[111 56 74]
[111 57 73]
[111 57 75]
[111 58 86]
[111 55 61]
[111 -71 -25]
[111 55 59]
[111 58 69]
[112 58 74]
[112 59 73]
[112 -67 -26]
[112 -68 -26]
[112 -66 -26]
[112 57 103]
[112 56 104]
[112 59 63]
[112 59 65]
[112 58 65]
[112 57 63]
[112 59 81]
[112 54 58]
[112 55 60]
[112 59 80]
[112 59 79]
[112 56 61]
[112 54 108]
[112 -73 -25]
[112 57 101]
[112 57 102]
[112 59 90]
[112 59 77]
[112 57 76]
[112 56 60]
[112 56 59]
[112 55 58]
[112 56 105]
[112 59 66]
[112 59 67]
[112 59 89]
[112 59 87]
[112 59 88]
[112 -89 -33]
[112 -91 -32]
[112 -89 -34]
[112 58 87]
[112 58 76]
[112 57 61]
[112 57 62]
[112 58 95]
[112 58 96]
[112 59 86]
[112 59 91]
[112 59 93]
[112 59 92]
[112 56 75]
[112 58 70]
[112 57 98]
[112 57 99]
[112 56 98]
[112 59 70]
[112 59 72]
[112 59 71]
[112 59 83]
[112 -69 -26]
[112 -71 -26]
[112 59 68]
[112 59 69]
[112 59 97]
[112 59 99]
[112 59 98]
[112 -64 -26]
[112 -63 -25]
[112 -63 -24]
[112 -90 -36]
[112 -90 -34]
[112 57 100]
[112 -65 -26]
[112 -90 -35]
[112 59 84]
[112 -92 -35]
[113 54 57]
[113 53 57]
[113 60 83]
[113 60 84]
[113 59 85]
[113 58 62]
[113 58 61]
[113 60 80]
[113 60 78]
[113 60 94]
[113 58 63]
[113 60 64]
[113 -70 -27]
[113 -72 -25]
[113 -72 -26]
[113 -71 -27]
[113 60 91]
[113 60 92]
[113 60 70]
[113 -66 -27]
[113 57 60]
[113 59 82]
[113 60 82]
[113 -62 -25]
[113 60 65]
[113 -70 -26]
[113 -69 -27]
[113 57 104]
[113 57 105]
[113 60 88]
[113 60 86]
[113 -88 -35]
[113 60 98]
[113 60 96]
[113 60 67]
[113 60 68]
[113 56 58]
[113 55 57]
[113 -68 -27]
[113 -67 -27]
[113 59 95]
[113 60 66]
[113 60 97]
[113 60 99]
[113 58 102]
[113 58 101]
[113 58 99]
[113 60 87]
[113 -63 -27]
[113 -63 -26]
[113 -65 -27]
[113 58 100]
[113 -89 -36]
[113 -62 -26]
[113 -89 -37]
[113 59 64]
[113 57 59]
[113 60 79]
[113 59 76]
[113 58 93]
[113 -89 -35]
[113 58 103]
[113 59 96]
[113 60 72]
[113 60 77]
[113 59 78]
[113 60 76]
[113 56 106]
[113 57 106]
[113 59 75]
[113 58 75]
[113 59 74]
[113 60 74]
[113 58 60]
[113 59 100]
[113 60 90]
[113 60 69]
[113 60 89]
[114 61 88]
[114 61 90]
[114 60 63]
[114 60 85]
[114 61 86]
[114 59 102]
[114 -72 -27]
[114 -64 -28]
[114 -65 -28]
[114 -64 -27]
[114 61 82]
[114 61 83]
[114 61 77]
[114 61 79]
[114 55 56]
[114 56 56]
[114 54 56]
[114 61 87]
[114 60 71]
[114 59 103]
[114 61 68]
[114 61 81]
[114 60 81]
[114 61 76]
[114 -62 -27]
[114 60 95]
[114 61 96]
[114 61 97]
[114 -71 -28]
[114 -70 -28]
[114 61 70]
[114 59 94]
[114 61 95]
[114 60 93]
[114 -68 -28]
[114 -67 -28]
[114 -88 -37]
[114 -88 -36]
[114 59 60]
[114 60 75]
[114 60 73]
[114 61 80]
[114 61 75]
[114 61 74]
[114 59 61]
[114 59 62]
[114 -66 -28]
[114 -88 -34]
[114 58 105]
[114 57 107]
[114 58 106]
[114 60 100]
[114 61 91]
[114 61 93]
[114 61 99]
[114 -69 -28]
[114 55 107]
[114 56 107]
[114 56 57]
[114 57 57]
[114 57 58]
[114 61 89]
[114 -87 -34]
[114 -87 -35]
[114 61 98]
[114 61 78]
[114 61 92]
[114 53 56]
[114 61 65]
[114 61 72]
[115 52 56]
[115 54 55]
[115 55 55]
[115 60 103]
[115 60 102]
[115 59 101]
[115 61 73]
[115 61 94]
[115 62 93]
[115 62 79]
[115 62 80]
[115 62 81]
[115 -71 -29]
[115 -70 -29]
[115 -69 -29]
[115 62 95]
[115 62 97]
[115 -73 -27]
[115 -73 -26]
[115 -73 -28]
[115 62 71]
[115 61 71]
[115 61 63]
[115 61 62]
[115 60 62]
[115 62 74]
[115 62 73]
[115 61 101]
[115 60 101]
[115 61 100]
[115 62 91]
[115 62 90]
[115 58 107]
[115 62 72]
[115 62 89]
[115 62 87]
[115 61 85]
[115 62 86]
[115 59 104]
[115 -63 -28]
[115 62 82]
[115 62 83]
[115 62 98]
[115 62 99]
[115 -64 -29]
[115 62 96]
[115 58 56]
[115 62 78]
[115 62 66]
[115 61 66]
[115 61 64]
[115 62 64]
[115 62 65]
[115 62 76]
[115 62 77]
[115 62 75]
[115 62 84]
[115 62 68]
[115 61 67]
[115 62 67]
[115 -72 -28]
[115 62 94]
[115 62 88]
[115 58 59]
[115 60 59]
[115 59 59]
[115 -65 -29]
[115 58 57]
[115 -86 -35]
[115 -68 -29]
[115 -67 -29]
[116 63 89]
[116 63 90]
[116 62 100]
[116 61 102]
[116 62 101]
[116 62 102]
[116 63 98]
[116 58 58]
[116 59 58]
[116 61 59]
[116 61 60]
[116 60 58]
[116 -72 -29]
[116 63 78]
[116 63 77]
[116 62 70]
[116 63 67]
[116 63 66]
[116 59 55]
[116 59 57]
[116 57 55]
[116 58 55]
[116 -62 -29]
[116 -63 -29]
[116 63 71]
[116 62 61]
[116 60 61]
[116 62 63]
[116 61 61]
[116 -64 -30]
[116 60 60]
[116 55 54]
[116 53 55]
[116 -71 -30]
[116 63 85]
[116 63 84]
[116 61 84]
[116 62 85]
[116 -69 -30]
[116 -70 -30]
[116 63 92]
[116 63 65]
[116 -67 -30]
[116 60 104]
[116 -85 -35]
[116 -85 -36]
[116 63 80]
[116 61 103]
[116 63 72]
[116 63 79]
[116 63 97]
[116 63 64]
[116 -73 -29]
[116 63 74]
[116 63 83]
[116 56 54]
[116 56 55]
[116 54 54]
[116 63 99]
[116 63 81]
[116 63 96]
[116 63 94]
[116 63 95]
[116 63 86]
[116 63 87]
[116 63 93]
[116 63 76]
[116 62 69]
[116 63 69]
[116 -66 -30]
[116 51 55]
[117 64 77]
[117 64 78]
[117 64 79]
[117 59 56]
[117 60 57]
[117 61 104]
[117 64 63]
[117 63 63]
[117 64 64]
[117 64 65]
[117 64 82]
[117 -62 -30]
[117 -62 -28]
[117 57 56]
[117 64 84]
[117 64 83]
[117 57 54]
[117 58 54]
[117 64 94]
[117 63 68]
[117 64 69]
[117 63 70]
[117 64 99]
[117 64 95]
[117 61 58]
[117 62 60]
[117 64 68]
[117 63 88]
[117 64 86]
[117 64 88]
[117 -68 -30]
[117 -66 -31]
[117 60 54]
[117 64 98]
[117 64 80]
[117 64 81]
[117 62 103]
[117 64 71]
[117 64 72]
[117 63 60]
[117 61 57]
[117 64 96]
[117 -70 -31]
[117 -69 -31]
[117 64 85]
[117 -66 -29]
[117 64 91]
[117 64 89]
[117 64 75]
[117 55 53]
[117 62 62]
[117 59 54]
[117 -72 -30]
[117 53 54]
[117 -84 -35]
[117 -84 -36]
[117 -84 -37]
[117 63 101]
[117 -73 -30]
[117 64 92]
[117 62 92]
[117 63 100]
[117 64 67]
[117 63 75]
[117 64 74]
[117 63 73]
[117 64 93]
[117 63 102]
[117 -71 -31]
[117 -65 -30]
[117 -63 -31]
[117 -64 -31]
[117 -65 -31]
[118 -64 -32]
[118 -63 -30]
[118 -65 -32]
[118 65 88]
[118 65 68]
[118 62 57]
[118 62 58]
[118 65 91]
[118 63 91]
[118 65 92]
[118 65 69]
[118 65 90]
[118 64 90]
[118 65 77]
[118 65 79]
[118 65 85]
[118 65 86]
[118 -70 -32]
[118 64 76]
[118 65 76]
[118 65 74]
[118 65 75]
[118 65 95]
[118 65 94]
[118 65 96]
[118 58 53]
[118 -73 -31]
[118 -74 -30]
[118 65 82]
[118 65 83]
[118 65 80]
[118 63 82]
[118 65 63]
[118 63 62]
[118 61 53]
[118 60 53]
[118 65 93]
[118 -83 -36]
[118 -83 -35]
[118 64 60]
[118 64 59]
[118 64 61]
[118 -61 -28]
[118 65 87]
[118 64 62]
[118 57 53]
[118 56 53]
[118 61 56]
[118 -72 -31]
[118 53 53]
[118 52 55]
[118 65 98]
[118 65 78]
[118 64 87]
[118 64 100]
[118 -67 -32]
[118 65 65]
[118 -62 -32]
[118 -67 -31]
[118 65 70]
[118 64 97]
[118 -69 -32]
[118 65 72]
[118 64 70]
[118 64 66]
[118 65 64]
[118 65 66]
[118 65 100]
[118 65 99]
[118 56 52]
[118 54 52]
[118 63 61]
[118 60 56]
[118 -61 -29]
[118 -61 -30]
[118 -62 -31]
[119 66 75]
[119 66 74]
[119 -61 -31]
[119 -61 -32]
[119 66 64]
[119 66 65]
[119 65 60]
[119 65 61]
[119 60 55]
[119 62 56]
[119 -66 -32]
[119 -66 -33]
[119 -68 -32]
[119 -68 -31]
[119 -82 -35]
[119 -82 -36]
[119 -82 -34]
[119 63 58]
[119 66 83]
[119 66 82]
[119 65 97]
[119 64 58]
[119 65 58]
[119 63 59]
[119 -63 -32]
[119 -65 -33]
[119 -63 -33]
[119 58 52]
[119 59 52]
[119 66 77]
[119 66 76]
[119 65 89]
[119 66 90]
[119 61 52]
[119 61 54]
[119 66 68]
[119 66 69]
[119 65 67]
[119 66 97]
[119 55 52]
[119 56 51]
[119 57 51]
[119 57 52]
[119 55 51]
[119 66 80]
[119 -70 -33]
[119 -71 -33]
[119 63 57]
[119 66 71]
[119 65 71]
[119 66 78]
[119 65 62]
[119 -68 -33]
[119 -60 -29]
[119 -60 -31]
[119 66 98]
[119 66 94]
[119 66 96]
[119 66 91]
[119 64 101]
[119 66 92]
[119 -75 -30]
[119 66 95]
[119 66 93]
[119 -60 -30]
[119 66 81]
[119 66 86]
[119 66 87]
[119 53 52]
[119 54 53]
[119 66 62]
[119 64 73]
[119 66 72]
[119 66 73]
[119 66 79]
[119 65 84]
[119 66 84]
[119 66 66]
[119 52 52]
[119 66 100]
[119 66 99]
[120 67 70]
[120 57 50]
[120 51 53]
[120 67 75]
[120 67 73]
[120 -70 -34]
[120 -71 -32]
[120 67 92]
[120 66 67]
[120 58 51]
[120 -59 -30]
[120 65 57]
[120 67 82]
[120 67 83]
[120 60 52]
[120 59 51]
[120 67 62]
[120 66 61]
[120 67 61]
[120 -81 -35]
[120 -83 -37]
[120 -82 -37]
[120 67 78]
[120 67 79]
[120 -61 -33]
[120 66 88]
[120 65 81]
[120 -62 -33]
[120 -64 -33]
[120 66 70]
[120 67 96]
[120 61 55]
[120 62 59]
[120 67 85]
[120 67 101]
[120 67 100]
[120 67 99]
[120 67 76]
[120 67 81]
[120 -59 -31]
[120 -67 -33]
[120 -66 -34]
[120 55 50]
[120 67 69]
[120 67 71]
[120 67 72]
[120 66 60]
[120 67 97]
[120 67 91]
[120 67 90]
[120 66 89]
[120 65 73]
[120 67 77]
[120 63 56]
[120 63 55]
[120 62 55]
[120 53 51]
[120 -81 -34]
[120 67 86]
[120 -74 -29]
[120 -76 -31]
[120 -74 -31]
[120 -81 -33]
[120 67 63]
[120 67 65]
[120 -60 -28]
[120 -59 -29]
[120 56 50]
[120 54 51]
[120 54 50]
[120 66 58]
[120 66 57]
[120 66 59]
[120 64 57]
[120 60 51]
[120 67 93]
[121 64 56]
[121 67 80]
[121 68 78]
[121 68 80]
[121 68 101]
[121 68 100]
[121 66 101]
[121 67 59]
[121 65 59]
[121 67 60]
[121 68 99]
[121 67 98]
[121 55 49]
[121 50 52]
[121 51 54]
[121 -59 -32]
[121 62 54]
[121 68 68]
[121 68 69]
[121 67 68]
[121 68 70]
[121 -75 -31]
[121 67 95]
[121 68 96]
[121 68 97]
[121 57 49]
[121 56 49]
[121 68 82]
[121 -77 -31]
[121 -76 -30]
[121 -76 -32]
[121 68 71]
[121 68 72]
[121 61 51]
[121 59 53]
[121 58 50]
[121 -82 -33]
[121 68 81]
[121 68 83]
[121 67 74]
[121 68 92]
[121 58 49]
[121 67 84]
[121 67 57]
[121 67 58]
[121 68 76]
[121 67 89]
[121 67 88]
[121 67 56]
[121 -65 -34]
[121 67 64]
[121 53 50]
[121 68 79]
[121 67 67]
[121 68 93]
[121 68 91]
[121 -60 -33]
[121 -60 -32]
[121 66 56]
[121 65 56]
[121 67 87]
[121 60 50]
[121 59 50]
[121 68 74]
[121 -80 -33]
[121 61 50]
[121 52 51]
[121 68 90]
[121 68 89]
[121 68 85]
[121 68 84]
[121 68 73]
[121 68 60]
[121 68 62]
[121 68 61]
[121 -63 -34]
[121 64 55]
[121 64 54]
[121 68 77]
[122 68 67]
[122 -79 -32]
[122 -81 -32]
[122 69 93]
[122 69 83]
[122 69 71]
[122 -64 -35]
[122 -77 -32]
[122 -78 -31]
[122 49 51]
[122 50 51]
[122 49 52]
[122 51 52]
[122 68 88]
[122 68 86]
[122 65 55]
[122 64 53]
[122 69 100]
[122 -65 -35]
[122 -64 -34]
[122 69 73]
[122 69 72]
[122 69 95]
[122 69 96]
[122 69 80]
[122 69 81]
[122 68 87]
[122 69 79]
[122 69 84]
[122 69 85]
[122 60 49]
[122 62 51]
[122 58 48]
[122 56 48]
[122 57 48]
[122 59 49]
[122 -59 -33]
[122 -60 -34]
[122 -61 -34]
[122 69 60]
[122 69 61]
[122 66 63]
[122 68 65]
[122 68 57]
[122 68 58]
[122 69 78]
[122 69 77]
[122 69 67]
[122 68 95]
[122 67 94]
[122 69 92]
[122 68 94]
[122 68 59]
[122 65 54]
[122 69 76]
[122 69 98]
[122 69 97]
[122 51 51]
[122 51 50]
[122 52 50]
[122 66 55]
[122 52 49]
[122 69 75]
[122 67 66]
[122 69 62]
[122 69 63]
[122 63 54]
[122 69 86]
[122 69 74]
[122 68 98]
[122 69 88]
[122 69 70]
[122 69 68]
[122 67 55]
[122 69 90]
[122 54 48]
[122 54 49]
[123 68 75]
[123 70 73]
[123 68 66]
[123 70 83]
[123 69 82]
[123 -63 -35]
[123 49 50]
[123 69 65]
[123 69 66]
[123 69 64]
[123 68 64]
[123 70 59]
[123 69 59]
[123 66 54]
[123 50 53]
[123 52 53]
[123 69 87]
[123 -61 -35]
[123 -60 -35]
[123 70 99]
[123 70 97]
[123 -64 -36]
[123 50 50]
[123 50 49]
[123 53 48]
[123 53 49]
[123 -80 -31]
[123 -78 -32]
[123 -80 -32]
[123 69 94]
[123 63 51]
[123 70 67]
[123 70 68]
[123 70 62]
[123 70 61]
[123 70 66]
[123 70 81]
[123 70 79]
[123 70 80]
[123 55 48]
[123 54 47]
[123 53 47]
[123 70 89]
[123 69 91]
[123 70 91]
[123 70 86]
[123 70 85]
[123 63 53]
[123 65 52]
[123 65 53]
[123 70 77]
[123 70 93]
[123 70 94]
[123 70 78]
[123 70 84]
[123 -79 -31]
[123 67 54]
[123 68 56]
[123 70 60]
[123 62 53]
[123 70 72]
[123 70 74]
[123 70 76]
[123 70 75]
[123 48 52]
[123 49 53]
[123 68 63]
[123 70 64]
[123 -63 -36]
[123 -62 -35]
[123 -62 -34]
[123 70 92]
[123 69 57]
[123 69 58]
[123 69 56]
[123 52 48]
[123 51 48]
[123 51 49]
[123 70 95]
[123 69 69]
[123 70 69]
[123 70 70]
[123 48 51]
[123 48 50]
[124 49 49]
[124 47 51]
[124 47 49]
[124 48 49]
[124 -81 -31]
[124 71 79]
[124 71 81]
[124 71 61]
[124 70 87]
[124 71 58]
[124 71 60]
[124 71 86]
[124 71 67]
[124 71 66]
[124 71 77]
[124 71 76]
[124 66 53]
[124 66 52]
[124 70 90]
[124 47 52]
[124 71 75]
[124 71 73]
[124 71 74]
[124 71 95]
[124 71 94]
[124 67 53]
[124 70 65]
[124 51 47]
[124 70 63]
[124 71 62]
[124 71 80]
[124 54 46]
[124 55 47]
[124 53 46]
[124 71 85]
[124 70 55]
[124 70 57]
[124 70 96]
[124 71 93]
[124 -64 -37]
[124 50 48]
[124 68 55]
[124 69 55]
[124 69 89]
[124 70 88]
[124 71 91]
[124 -60 -36]
[124 -62 -36]
[124 71 90]
[124 70 71]
[124 71 65]
[124 71 64]
[124 71 68]
[124 71 69]
[124 71 71]
[124 70 98]
[124 71 98]
[124 71 96]
[124 71 97]
[124 56 47]
[124 70 56]
[124 -65 -37]
[124 50 54]
[124 48 53]
[124 70 100]
[124 69 99]
[124 62 52]
[124 64 52]
[124 70 82]
[124 71 83]
[124 63 52]
[124 52 47]
[124 52 46]
[125 72 80]
[125 71 82]
[125 72 81]
[125 70 54]
[125 48 48]
[125 72 90]
[125 72 74]
[125 72 75]
[125 49 48]
[125 50 47]
[125 50 46]
[125 -81 -30]
[125 -80 -30]
[125 71 59]
[125 72 61]
[125 71 57]
[125 70 58]
[125 72 98]
[125 72 86]
[125 -63 -37]
[125 71 72]
[125 72 72]
[125 49 47]
[125 71 101]
[125 71 100]
[125 67 52]
[125 71 70]
[125 72 68]
[125 72 69]
[125 72 71]
[125 71 63]
[125 71 78]
[125 51 46]
[125 71 88]
[125 72 65]
[125 72 63]
[125 66 51]
[125 68 54]
[125 69 54]
[125 71 99]
[125 47 50]
[125 46 51]
[125 46 52]
[125 46 50]
[125 72 64]
[125 72 67]
[125 72 66]
[125 72 73]
[125 -64 -38]
[125 -63 -38]
[125 -65 -38]
[125 72 93]
[125 72 92]
[125 72 85]
[125 47 53]
[125 71 55]
[125 72 77]
[125 72 76]
[125 72 78]
[125 71 92]
[125 72 91]
[125 72 83]
[125 72 84]
[125 72 82]
[125 51 45]
[125 71 87]
[125 72 96]
[125 68 53]
[125 68 52]
[126 73 85]
[126 72 87]
[126 73 64]
[126 73 65]
[126 46 49]
[126 50 45]
[126 52 45]
[126 72 99]
[126 72 97]
[126 73 83]
[126 73 84]
[126 72 79]
[126 72 70]
[126 73 74]
[126 73 75]
[126 73 71]
[126 71 89]
[126 72 88]
[126 45 51]
[126 46 53]
[126 72 60]
[126 73 61]
[126 70 53]
[126 69 53]
[126 72 100]
[126 48 47]
[126 73 81]
[126 73 82]
[126 70 101]
[126 72 101]
[126 73 86]
[126 73 77]
[126 -82 -31]
[126 -82 -30]
[126 73 72]
[126 73 67]
[126 73 66]
[126 73 76]
[126 73 78]
[126 49 46]
[126 73 90]
[126 72 58]
[126 72 59]
[126 -66 -38]
[126 47 48]
[126 72 62]
[126 73 69]
[126 72 56]
[126 72 55]
[126 71 54]
[126 71 56]
[126 71 53]
[126 73 62]
[126 73 92]
[126 73 93]
[126 73 70]
[126 73 79]
[126 69 52]
[126 73 89]
[126 73 91]
[126 72 89]
[126 45 49]
[126 45 50]
[126 72 95]
[126 67 51]
[127 74 85]
[127 73 87]
[127 74 87]
[127 73 101]
[127 73 100]
[127 73 88]
[127 74 77]
[127 -83 -30]
[127 74 81]
[127 74 61]
[127 68 51]
[127 68 50]
[127 -66 -37]
[127 74 63]
[127 74 64]
[127 74 90]
[127 74 69]
[127 74 70]
[127 74 92]
[127 74 91]
[127 46 48]
[127 74 83]
[127 74 84]
[127 73 80]
[127 73 60]
[127 73 59]
[127 74 66]
[127 45 52]
[127 45 48]
[127 72 53]
[127 72 54]
[127 49 45]
[127 49 44]
[127 74 75]
[127 44 50]
[127 44 48]
[127 73 73]
[127 74 89]
[127 74 88]
[127 70 52]
[127 74 73]
[127 74 71]
[127 73 57]
[127 73 54]
[127 73 55]
[127 48 46]
[127 48 45]
[127 74 94]
[127 74 93]
[127 47 46]
[127 73 68]
[127 73 99]
[128 -65 -36]
[128 69 51]
[128 75 94]
[128 74 95]
[128 73 94]
[128 75 87]
[128 75 88]
[128 46 46]
[128 46 45]
[128 47 45]
[128 46 47]
[128 75 68]
[128 75 69]
[128 75 70]
[128 74 76]
[128 75 86]
[128 75 85]
[128 74 100]
[128 74 101]
[128 75 83]
[128 47 47]
[128 74 58]
[128 74 60]
[128 -83 -29]
[128 74 67]
[128 75 66]
[128 74 86]
[128 74 72]
[128 75 71]
[128 75 72]
[128 75 89]
[128 75 93]
[128 75 91]
[128 75 92]
[128 75 62]
[128 72 52]
[128 74 74]
[128 75 73]
[128 74 55]
[128 45 47]
[128 48 44]
[128 74 54]
[128 74 56]
[128 74 80]
[128 75 80]
[128 74 82]
[128 75 82]
[128 73 98]
[128 74 79]
[128 44 47]
[128 75 75]
[128 75 64]
[128 44 49]
[128 73 58]
[128 73 56]
[128 75 90]
[128 67 50]
[128 69 49]
[128 68 49]
[128 69 50]
[129 45 46]
[129 76 88]
[129 43 48]
[129 44 46]
[129 75 96]
[129 73 96]
[129 73 95]
[129 76 66]
[129 76 67]
[129 74 65]
[129 74 57]
[129 72 57]
[129 75 79]
[129 75 78]
[129 76 74]
[129 76 72]
[129 76 73]
[129 76 90]
[129 47 44]
[129 76 65]
[129 76 63]
[129 70 49]
[129 70 50]
[129 -84 -30]
[129 -84 -29]
[129 76 87]
[129 76 86]
[129 46 44]
[129 72 51]
[129 71 52]
[129 76 68]
[129 75 67]
[129 75 76]
[129 76 76]
[129 76 75]
[129 76 71]
[129 75 56]
[129 75 57]
[129 76 70]
[129 75 63]
[129 74 62]
[129 76 94]
[129 74 98]
[129 73 97]
[129 74 97]
[129 76 91]
[129 76 93]
[129 76 92]
[129 76 82]
[129 75 81]
[129 76 81]
[129 76 69]
[129 75 58]
[129 45 44]
[129 74 68]
[129 74 99]
[129 75 101]
[129 75 100]
[129 76 79]
[130 71 48]
[130 77 73]
[130 75 74]
[130 77 75]
[130 77 74]
[130 75 99]
[130 76 64]
[130 73 50]
[130 73 52]
[130 71 50]
[130 72 50]
[130 71 51]
[130 73 51]
[130 74 96]
[130 76 96]
[130 76 95]
[130 75 95]
[130 76 99]
[130 76 100]
[130 77 72]
[130 77 64]
[130 77 66]
[130 75 65]
[130 76 56]
[130 76 57]
[130 77 89]
[130 77 87]
[130 77 88]
[130 77 86]
[130 76 77]
[130 70 51]
[130 75 98]
[130 75 97]
[130 77 78]
[130 76 78]
[130 75 77]
[130 45 45]
[130 44 45]
[130 43 46]
[130 43 47]
[130 77 90]
[130 77 91]
[130 76 101]
[130 76 80]
[130 77 80]
[130 77 82]
[130 77 93]
[130 77 67]
[130 72 94]
[130 77 83]
[130 76 85]
[130 -85 -30]
[130 -85 -29]
[130 77 76]
[130 74 78]
[131 78 81]
[131 77 65]
[131 77 100]
[131 75 84]
[131 77 85]
[131 76 84]
[131 78 93]
[131 77 94]
[131 78 87]
[131 76 98]
[131 77 99]
[131 77 95]
[131 76 97]
[131 77 96]
[131 43 45]
[131 44 44]
[131 77 77]
[131 78 77]
[131 77 56]
[131 76 58]
[131 77 57]
[131 74 49]
[131 73 49]
[131 77 81]
[131 72 49]
[131 71 49]
[131 78 86]
[131 -86 -30]
[131 78 91]
[131 77 92]
[131 72 48]
[131 77 79]
[131 78 88]
[131 78 90]
[131 77 84]
[131 78 84]
[131 78 82]
[131 77 98]
[131 78 89]
[131 76 83]
[131 78 83]
[132 78 78]
[132 73 47]
[132 73 48]
[132 77 58]
[132 78 57]
[132 79 87]
[132 78 85]
[132 77 59]
[132 79 91]
[132 79 89]
[132 79 90]
[132 78 92]
[132 -87 -30]
[132 78 94]
[132 79 93]
[132 79 88]
[132 78 80]
[132 74 48]
[132 75 49]
[132 78 99]
[132 78 100]
[132 78 79]
[132 78 76]
[132 43 43]
[132 43 44]
[132 78 96]
[132 78 95]
[132 78 97]
[132 77 97]
[133 74 47]
[133 72 47]
[133 79 99]
[133 79 92]
[133 43 42]
[133 44 42]
[133 78 98]
[133 78 59]
[133 75 47]
[133 76 49]
[133 75 48]
[133 79 94]
[133 79 98]
[134 45 42]
[134 42 41]
[134 76 46]
[134 76 48]
[134 77 48]
[134 76 47]
[135 78 48]
[135 77 47]
[135 43 41]
[135 44 41]
[135 44 43]
[135 75 46]
[135 77 46]
[135 75 45]
[136 42 40]
[136 78 47]
[136 76 45]
[136 78 46]
[136 77 45]
[136 45 41]
[136 45 40]
[136 74 44]
[136 75 44]
[136 74 46]
[136 74 45]
[137 73 45]
[137 79 46]
[137 78 45]
[137 73 44]
[137 44 39]
[137 78 44]
[137 76 44]
[137 77 44]
[137 41 39]
[137 42 39]
[137 41 40]
[137 75 43]
[137 76 43]
[138 43 39]
[138 43 38]
[138 42 38]
[138 76 42]
[138 77 43]
[138 73 46]
[138 43 40]
[138 45 38]
[138 44 40]
[138 45 39]
[138 80 47]
[138 79 47]
[138 80 45]
[138 79 44]
[138 78 43]
[138 79 43]
[138 73 43]
[138 40 39]
[138 40 38]
[139 72 43]
[139 72 44]
[139 73 42]
[139 72 42]
[139 74 43]
[139 78 42]
[139 80 44]
[139 79 42]
[139 42 37]
[139 43 37]
[139 81 47]
[139 81 46]
[139 41 38]
[139 41 37]
[139 39 38]
[139 46 37]
[139 45 37]
[139 44 38]
[139 76 41]
[139 75 42]
[139 75 41]
[139 79 45]
[139 81 44]
[140 82 44]
[140 80 43]
[140 82 45]
[140 81 43]
[140 80 46]
[140 77 41]
[140 77 42]
[140 79 41]
[140 46 38]
[140 45 36]
[140 44 37]
[140 44 36]
[140 43 36]
[140 74 42]
[140 72 41]
[140 74 41]
[140 73 41]
[140 71 45]
[140 77 40]
[140 42 36]
[140 71 42]
[140 40 37]
[140 76 40]
[140 81 45]
[140 71 44]
[140 71 43]
[140 80 42]
[140 78 41]
[141 70 42]
[141 70 43]
[141 70 41]
[141 71 41]
[141 82 43]
[141 83 44]
[141 83 43]
[141 39 36]
[141 40 36]
[141 41 36]
[141 74 40]
[141 73 40]
[141 83 45]
[141 43 35]
[141 72 45]
[141 79 40]
[141 72 46]
[141 82 46]
[141 78 39]
[141 82 42]
[141 75 39]
[141 76 39]
[141 77 39]
[141 44 35]
[141 80 40]
[141 78 40]
[141 81 42]
[141 81 41]
[141 42 35]
[142 74 39]
[142 83 41]
[142 78 38]
[142 84 44]
[142 38 35]
[142 40 35]
[142 38 37]
[142 38 36]
[142 83 42]
[142 39 37]
[142 39 35]
[142 41 35]
[142 41 34]
[142 70 44]
[142 82 41]
[142 77 38]
[142 84 43]
[142 82 40]
[143 78 37]
[143 79 37]
[143 79 39]
[143 83 40]
[143 81 40]
[143 84 41]
[143 37 36]
[143 81 39]
[143 85 42]
[143 84 42]
[143 85 44]
[143 85 43]
[143 40 34]
[143 40 33]
[143 41 33]
[143 42 34]
[143 39 34]
[143 37 34]
[143 38 34]
[143 75 38]
[143 73 39]
[143 74 38]
[143 75 40]
[144 85 40]
[144 82 39]
[144 76 37]
[144 76 38]
[144 75 37]
[144 77 36]
[144 36 34]
[144 37 33]
[144 36 33]
[144 37 35]
[144 39 33]
[144 80 39]
[144 38 33]
[144 84 45]
[144 86 43]
[144 86 44]
[144 85 41]
[144 73 37]
[144 74 37]
[144 42 33]
[144 36 36]
[144 80 38]
[144 82 38]
[144 43 33]
[144 43 34]
[144 86 42]
[144 79 38]
[144 80 37]
[144 86 41]
[144 41 32]
[144 39 32]
[145 38 32]
[145 86 40]
[145 86 39]
[145 87 42]
[145 81 38]
[145 83 39]
[145 82 37]
[145 81 37]
[145 40 31]
[145 41 31]
[145 40 32]
[145 76 36]
[145 78 36]
[145 81 36]
[145 80 36]
[145 43 32]
[145 42 32]
[145 73 36]
[145 74 36]
[145 35 35]
[145 83 38]
[145 87 43]
[145 77 37]
[145 36 35]
[145 35 34]
[145 37 32]
[145 35 32]
[145 87 41]
[146 84 38]
[146 86 38]
[146 87 40]
[146 87 38]
[146 75 35]
[146 77 35]
[146 76 35]
[146 43 31]
[146 40 30]
[146 88 40]
[146 88 42]
[146 80 35]
[146 82 35]
[146 81 35]
[146 84 39]
[146 38 31]
[146 79 36]
[146 79 35]
[146 42 30]
[146 41 30]
[146 35 33]
[146 34 31]
[146 34 35]
[146 83 36]
[146 37 31]
[146 36 31]
[146 88 43]
[147 36 32]
[147 38 30]
[147 78 35]
[147 77 34]
[147 82 36]
[147 80 34]
[147 89 43]
[147 89 42]
[147 87 44]
[147 83 37]
[147 84 35]
[147 85 37]
[147 85 38]
[147 87 39]
[147 85 39]
[147 43 30]
[147 39 30]
[147 41 29]
[147 40 29]
[147 35 31]
[147 35 30]
[147 37 30]
[147 76 34]
[147 74 34]
[147 75 34]
[147 34 33]
[147 42 31]
[147 42 29]
[147 43 29]
[147 86 37]
[147 88 37]
[147 89 41]
[147 33 30]
[147 33 31]
[147 34 30]
[147 89 39]
[147 81 34]
[147 79 34]
[147 33 35]
[147 34 34]
[147 88 41]
[148 85 36]
[148 84 36]
[148 32 30]
[148 33 29]
[148 32 29]
[148 32 31]
[148 33 34]
[148 39 31]
[148 81 33]
[148 33 33]
[148 75 33]
[148 34 32]
[148 90 41]
[148 90 42]
[148 35 29]
[148 89 40]
[148 79 33]
[148 78 33]
[148 80 33]
[148 44 29]
[148 33 32]
[148 34 29]
[148 36 30]
[148 38 29]
[148 37 29]
[148 83 35]
[148 89 38]
[148 89 37]
[148 87 37]
[148 88 38]
[148 83 34]
[148 87 36]
[148 74 35]
[148 74 33]
[148 43 28]
[148 39 29]
[148 84 37]
[148 73 34]
[148 76 33]
[148 77 33]
[148 90 38]
[149 31 30]
[149 31 29]
[149 32 32]
[149 32 34]
[149 80 32]
[149 81 32]
[149 82 34]
[149 82 33]
[149 82 32]
[149 90 39]
[149 88 39]
[149 85 35]
[149 87 35]
[149 86 35]
[149 86 36]
[149 73 35]
[149 75 36]
[149 33 28]
[149 34 28]
[149 78 32]
[149 79 32]
[149 83 33]
[149 90 36]
[149 31 28]
[149 36 28]
[149 91 40]
[149 75 32]
[149 78 34]
[149 44 28]
[149 36 29]
[149 35 28]
[149 74 32]
[149 76 32]
[149 31 31]
[150 75 31]
[150 33 27]
[150 32 27]
[150 89 35]
[150 90 37]
[150 80 31]
[150 81 31]
[150 82 31]
[150 86 34]
[150 84 34]
[150 85 34]
[150 32 33]
[150 92 39]
[150 92 40]
[150 92 41]
[150 91 39]
[150 91 41]
[150 79 31]
[150 31 32]
[150 37 28]
[150 30 30]
[150 35 27]
[150 30 28]
[150 30 29]
[150 30 31]
[150 74 31]
[150 90 40]
[150 91 38]
[150 76 31]
[150 77 32]
[150 78 31]
[150 84 33]
[150 83 31]
[150 83 32]
[151 90 34]
[151 88 36]
[151 32 28]
[151 34 27]
[151 84 32]
[151 30 32]
[151 74 30]
[151 79 30]
[151 29 28]
[151 30 27]
[151 85 33]
[151 91 42]
[151 93 40]
[151 87 34]
[151 87 33]
[151 84 30]
[151 83 30]
[151 76 30]
[151 77 30]
[151 75 30]
[151 77 31]
[151 86 33]
[151 91 37]
[151 29 31]
[151 92 38]
[151 89 36]
[151 81 30]
[151 31 34]
[151 31 33]
[152 77 29]
[152 76 29]
[152 75 29]
[152 85 31]
[152 85 32]
[152 87 32]
[152 83 29]
[152 85 30]
[152 84 31]
[152 29 27]
[152 82 29]
[152 82 30]
[152 80 29]
[152 28 28]
[152 93 37]
[152 93 38]
[152 93 39]
[152 88 33]
[152 88 32]
[152 94 40]
[152 94 41]
[152 88 34]
[152 78 29]
[152 73 31]
[152 74 29]
[152 73 30]
[152 89 34]
[152 86 32]
[152 88 35]
[153 94 37]
[153 94 36]
[153 82 28]
[153 84 28]
[153 84 29]
[153 85 29]
[153 94 38]
[153 28 27]
[153 87 31]
[153 88 31]
[153 86 31]
[153 95 41]
[153 79 29]
[153 78 28]
[153 93 41]
[153 75 28]
[153 72 30]
[153 89 33]
[153 74 28]
[153 89 32]
[153 89 31]
[153 73 29]
[153 92 37]
[153 79 28]
[153 81 29]
[153 80 28]
[154 79 27]
[154 81 28]
[154 80 27]
[154 81 27]
[154 83 28]
[154 85 28]
[154 78 27]
[154 95 36]
[154 95 37]
[154 87 30]
[154 89 30]
[154 90 31]
[154 90 33]
[154 88 30]
[154 86 30]
[154 90 30]
[154 95 38]
[154 72 29]
[154 72 28]
[154 96 41]
[154 96 40]
[154 95 40]
[154 83 27]
[154 82 27]
[154 90 32]
[154 74 27]
[154 73 28]
[154 76 27]
[154 84 27]
[154 85 27]
[155 75 26]
[155 77 27]
[155 76 26]
[155 77 28]
[155 83 26]
[155 75 27]
[155 73 27]
[155 74 26]
[155 71 28]
[155 88 29]
[155 86 29]
[155 72 27]
[155 89 29]
[155 87 29]
[155 97 39]
[155 96 39]
[155 86 26]
[155 86 28]
[155 84 26]
[155 82 26]
[155 81 26]
[155 78 26]
[155 80 26]
[155 96 38]
[155 94 39]
[155 95 39]
[155 77 26]
[155 79 26]
[155 86 27]
[156 87 28]
[156 83 25]
[156 81 25]
[156 85 26]
[156 85 25]
[156 84 25]
[156 88 28]
[156 70 29]
[156 87 27]
[156 80 25]
[156 73 26]
[156 71 26]
[156 87 26]
[156 87 25]
[156 79 25]
[156 97 38]
[156 77 25]
[156 73 25]
[156 82 25]
[156 76 28]
[156 75 25]
[156 76 25]
[156 78 25]
[156 98 40]
[156 97 40]
[156 98 39]
[157 70 27]
[157 70 25]
[157 71 27]
[157 73 24]
[157 74 25]
[157 74 24]
[157 88 27]
[157 77 24]
[157 71 29]
[157 69 28]
[157 78 24]
[157 76 24]
[157 84 24]
[157 83 24]
[157 86 25]
[157 81 24]
[157 82 24]
[157 80 24]
[157 79 24]
[157 85 24]
[157 86 24]
[157 88 25]
[157 87 24]
[157 88 26]
[157 88 24]
[157 72 25]
[158 75 24]
[158 73 23]
[158 79 23]
[158 80 23]
[158 71 25]
[158 71 24]
[158 70 26]
[158 70 24]
[158 74 23]
[158 72 23]
[158 82 23]
[158 83 23]
[158 85 23]
[158 86 23]
[158 84 23]
[158 78 23]
[158 76 23]
[158 77 23]
[158 70 28]
[158 89 26]
[158 89 25]
[158 87 23]
[158 69 27]
[158 88 23]
[159 72 24]
[159 71 23]
[159 70 23]
[159 79 22]
[159 77 22]
[159 86 22]
[159 72 22]
[159 71 22]
[159 76 22]
[159 89 24]
[159 78 22]
[159 90 25]
[159 90 27]
[159 85 22]
[159 90 26]
[159 75 23]
[159 74 22]
[159 83 22]
[159 81 23]
[159 82 22]
[159 69 24]
[159 69 25]
[159 84 22]
[159 69 26]
[160 80 21]
[160 70 22]
[160 80 22]
[160 86 21]
[160 85 21]
[160 68 24]
[160 91 27]
[160 73 22]
[160 71 21]
[160 68 25]
[160 69 23]
[160 79 21]
[160 78 21]
[160 83 21]
[160 84 21]
[160 74 21]
[160 73 21]
[160 75 22]
[160 81 22]
[160 81 21]
[160 68 26]
[161 81 20]
[161 82 21]
[161 80 20]
[161 68 23]
[161 75 21]
[161 73 20]
[161 75 20]
[161 72 21]
[161 72 20]
[161 74 20]
[161 76 21]
[161 84 20]
[161 86 20]
[161 85 20]
[161 83 20]
[161 79 20]
[161 78 20]
[161 69 22]
[161 77 21]
[161 77 20]
[161 87 21]
[162 83 19]
[162 85 19]
[162 84 19]
[162 80 19]
[162 72 19]
[162 73 19]
[162 87 22]
[162 71 19]
[162 78 19]
[162 79 19]
[162 77 19]
[162 76 20]
[162 86 19]
[162 67 23]
[162 68 22]
[162 71 20]
[162 74 19]
[162 76 19]
[162 68 21]
[162 70 21]
[163 71 18]
[163 67 20]
[163 69 21]
[163 70 19]
[163 74 18]
[163 70 20]
[163 84 18]
[163 78 18]
[163 77 18]
[163 76 18]
[163 72 18]
[163 75 18]
[163 79 18]
[164 76 17]
[164 83 17]
[164 83 18]
[164 73 17]
[164 75 19]
[164 74 17]
[164 69 18]
[164 69 19]
[164 80 18]
[164 78 17]
[164 67 21]
[164 66 19]
[164 72 17]
[165 75 16]
[165 77 17]
[165 76 16]
[165 75 17]
[165 71 17]
[165 70 17]
[165 68 19]
[165 66 18]
[165 65 18]
[165 73 18]
[165 82 18]
[165 68 18]
[165 77 16]
[165 82 17]
[166 66 17]
[166 67 19]
[166 65 17]
[166 67 18]
[166 68 20]
[166 68 17]
[166 69 17]
[166 81 16]
[166 70 16]
[167 69 20]
[167 70 18]
[167 64 16]
[167 64 17]
[167 69 16]
[167 67 16]
[167 68 16]
[167 67 17]
[167 65 16]
[168 65 15]
[168 66 16]
[168 63 15]
[168 68 15]
[168 67 15]
[169 68 14]
[169 64 14]
[169 66 15]
[169 64 15]
[169 66 14]
[169 67 14]
[170 63 14]
[170 65 14]
[170 63 13]
[170 65 13]
[170 67 13]
[170 66 13]
[171 64 13]
[171 66 12]
[171 62 12]
[171 64 12]
[171 62 14]
[171 65 12]
[172 67 12]
[172 67 11]
[172 63 11]
[172 64 11]
[172 65 11]
[172 63 12]
[172 66 11]
[172 61 13]
[172 62 11]
[173 65 10]
[173 68 11]
[173 61 11]
[173 62 10]
[173 61 10]
[173 61 12]
[173 66 10]
[173 60 12]
[173 62 13]
[173 67 10]
[173 68 10]
[173 63 10]
[173 64 10]
[174 60 10]
[174 69 10]
[174 61 9]
[174 62 9]
[174 63 9]
[174 69 11]
[174 67 9]
[174 65 9]
[174 66 9]
[174 64 9]
[174 59 11]
[174 60 11]
[175 65 8]
[175 63 8]
[175 64 8]
[175 61 8]
[175 62 8]
[175 60 8]
[175 68 8]
[175 67 8]
[175 59 9]
[175 59 10]
[175 69 9]
[175 68 9]
[175 70 10]
[175 69 12]
[176 68 12]
[176 70 11]
[176 60 9]
[176 61 7]
[176 58 9]
[176 58 8]
[176 68 7]
[176 67 7]
[176 66 7]
[176 65 7]
[176 63 7]
[176 64 7]
[176 66 8]
[176 69 7]
[176 69 8]
[176 62 7]
[176 71 10]
[176 71 9]
[177 63 6]
[177 64 6]
[177 62 6]
[177 60 7]
[177 67 6]
[177 69 6]
[177 59 8]
[177 72 10]
[177 70 9]
[177 70 8]
[177 70 7]
[177 66 6]
[177 65 6]
[177 58 7]
[177 68 6]
[177 72 9]
[178 59 7]
[178 59 6]
[178 60 6]
[178 71 8]
[178 73 8]
[178 72 8]
[178 73 9]
[178 61 5]
[178 63 5]
[178 62 5]
[178 64 5]
[178 66 5]
[178 65 5]
[178 71 7]
[178 70 6]
[178 68 5]
[178 70 5]
[178 67 5]
[179 69 5]
[179 62 4]
[179 60 4]
[179 70 4]
[179 71 4]
[179 67 4]
[179 69 4]
[179 68 4]
[179 71 6]
[179 72 7]
[179 59 5]
[179 63 4]
[179 61 4]
[179 73 7]
[179 74 8]
[179 64 4]
[179 61 6]
[180 73 6]
[180 72 6]
[180 74 7]
[180 72 4]
[180 60 5]
[180 66 4]
[180 67 3]
[180 66 3]
[180 64 3]
[180 62 3]
[180 69 3]
[180 68 3]
[180 70 3]
[180 65 3]
[180 63 3]
[180 65 4]
[180 61 3]
[181 60 3]
[181 60 2]
[181 62 2]
[181 65 2]
[181 66 2]
[181 67 2]
[181 68 2]
[181 70 2]
[181 71 2]
[181 71 3]
[181 64 2]
[181 69 2]
[181 75 7]
[181 74 6]
[181 74 5]
[181 73 5]
[181 73 3]
[181 72 3]
[181 71 5]
[181 59 4]
[181 63 2]
[181 72 5]
[182 61 1]
[182 66 1]
[182 65 1]
[182 64 1]
[182 75 5]
[182 75 6]
[182 58 5]
[182 58 4]
[182 59 2]
[182 61 2]
[182 60 1]
[182 59 3]
[182 72 2]
[182 73 4]
[182 62 1]
[182 68 1]
[182 67 1]
[182 70 1]
[182 69 1]
[182 71 1]
[182 75 8]
[182 74 2]
[182 74 4]
[182 74 3]
[183 71 0]
[183 69 0]
[183 70 0]
[183 73 1]
[183 74 1]
[183 75 2]
[183 73 2]
[183 76 6]
[183 72 1]
[183 72 0]
[183 62 0]
[183 60 0]
[183 57 5]
[183 66 0]
[183 75 3]
[183 75 4]
[183 58 2]
[183 76 4]
[183 64 0]
[183 57 4]
[183 58 3]
[183 57 3]
[184 70 -1]
[184 69 -1]
[184 68 0]
[184 57 1]
[184 59 1]
[184 75 0]
[184 73 0]
[184 77 5]
[184 77 4]
[184 61 0]
[184 59 0]
[184 60 -1]
[184 74 0]
[184 63 0]
[184 65 -1]
[184 77 6]
[184 76 7]
[184 56 4]
[184 71 -1]
[184 61 -1]
[184 62 -1]
[184 63 -1]
[184 76 3]
[184 72 -1]
[184 76 1]
[184 67 0]
[184 56 2]
[184 57 2]
[185 62 -2]
[185 70 -2]
[185 69 -2]
[185 68 -1]
[185 68 -2]
[185 76 -1]
[185 76 0]
[185 75 -1]
[185 64 -1]
[185 63 -2]
[185 55 1]
[185 55 2]
[185 55 4]
[185 56 5]
[185 56 3]
[185 59 -1]
[185 58 1]
[185 58 -1]
[185 67 -1]
[185 77 1]
[185 58 0]
[185 57 0]
[185 66 -1]
[185 66 -2]
[185 77 2]
[185 77 3]
[185 76 2]
[185 78 5]
[185 76 5]
[185 73 -1]
[185 71 -2]
[185 61 -2]
[185 59 -2]
[185 78 4]
[185 78 6]
[185 72 -2]
[186 58 -2]
[186 60 -3]
[186 60 -2]
[186 59 -3]
[186 78 3]
[186 78 2]
[186 64 -2]
[186 65 -2]
[186 54 3]
[186 55 5]
[186 55 3]
[186 68 -3]
[186 69 -3]
[186 67 -3]
[186 67 -2]
[186 62 -3]
[186 63 -3]
[186 79 5]
[186 70 -3]
[186 71 -3]
[186 74 -1]
[186 73 -2]
[186 72 -3]
[186 73 -3]
[186 54 1]
[186 76 -2]
[186 75 1]
[186 61 -3]
[186 65 0]
[186 56 1]
[186 55 0]
[186 54 0]
[186 79 4]
[186 78 0]
[186 78 1]
[186 77 0]
[186 77 -1]
[187 64 -4]
[187 79 2]
[187 79 0]
[187 79 -1]
[187 80 5]
[187 80 4]
[187 54 4]
[187 75 -3]
[187 75 -2]
[187 77 -2]
[187 77 -3]
[187 53 0]
[187 53 1]
[187 55 -1]
[187 54 -1]
[187 62 -4]
[187 60 -4]
[187 61 -4]
[187 59 -4]
[187 78 -1]
[187 71 -4]
[187 70 -4]
[187 53 2]
[187 54 2]
[187 56 0]
[187 67 -4]
[187 58 -3]
[187 58 -4]
[187 74 -2]
[187 66 -3]
[187 68 -4]
[187 69 -4]
[187 65 -3]
[187 74 -4]
[187 79 1]
[187 73 -4]
[187 74 -3]
[187 63 -4]
[187 53 3]
[187 53 4]
[187 57 -2]
[187 64 -3]
[188 80 3]
[188 79 3]
[188 78 -2]
[188 76 -3]
[188 65 -4]
[188 61 -5]
[188 60 -5]
[188 64 -5]
[188 58 -5]
[188 59 -5]
[188 69 -5]
[188 81 5]
[188 81 6]
[188 73 -5]
[188 52 3]
[188 57 -1]
[188 63 -5]
[188 80 -1]
[188 80 -2]
[188 79 -2]
[188 52 0]
[188 81 4]
[188 80 0]
[188 80 1]
[188 54 -2]
[188 55 -2]
[188 53 -2]
[188 76 -4]
[188 68 -5]
[188 78 -3]
[188 72 -5]
[188 74 -5]
[188 72 -4]
[188 62 -5]
[188 70 -5]
[188 71 -5]
[188 66 -4]
[188 52 -1]
[188 52 1]
[188 53 -1]
[188 57 -3]
[189 80 6]
[189 82 5]
[189 81 -2]
[189 81 -1]
[189 81 1]
[189 59 -6]
[189 78 -4]
[189 80 2]
[189 69 -6]
[189 67 -5]
[189 67 -6]
[189 56 -2]
[189 56 -1]
[189 75 -6]
[189 75 -5]
[189 75 -4]
[189 76 -5]
[189 82 6]
[189 51 0]
[189 63 -6]
[189 53 -3]
[189 70 -6]
[189 54 -3]
[189 52 -2]
[189 52 -3]
[189 80 -3]
[189 52 2]
[189 65 -5]
[189 79 -3]
[189 81 0]
[189 72 -6]
[189 77 -4]
[189 81 -3]
[189 71 -6]
[189 66 -5]
[189 82 3]
[189 51 2]
[189 62 -6]
[189 60 -6]
[189 58 -6]
[189 65 -6]
[189 56 -4]
[189 57 -6]
[190 68 -6]
[190 66 -6]
[190 82 -2]
[190 53 -4]
[190 52 -4]
[190 63 -7]
[190 61 -6]
[190 72 -7]
[190 56 -5]
[190 56 -7]
[190 64 -6]
[190 81 2]
[190 51 -3]
[190 65 -7]
[190 82 0]
[190 82 1]
[190 59 -7]
[190 54 -4]
[190 55 -4]
[190 50 -1]
[190 81 7]
[190 82 7]
[190 83 7]
[190 76 -6]
[190 77 -5]
[190 70 -7]
[190 68 -7]
[190 82 4]
[190 82 -1]
[190 62 -7]
[190 51 -4]
[190 55 -3]
[190 57 -5]
[190 74 -6]
[190 83 3]
[190 83 2]
[190 83 4]
[190 78 -5]
[190 71 -7]
[190 69 -7]
[190 57 -7]
[190 66 -7]
[190 51 1]
[191 82 2]
[191 55 -5]
[191 67 -7]
[191 73 -6]
[191 73 -7]
[191 60 -7]
[191 61 -7]
[191 61 -8]
[191 50 0]
[191 83 -1]
[191 83 8]
[191 84 7]
[191 84 8]
[191 84 3]
[191 57 -4]
[191 68 -8]
[191 55 -7]
[191 56 -8]
[191 55 -6]
[191 73 -8]
[191 65 -8]
[191 70 -8]
[191 72 -8]
[191 83 5]
[191 53 -5]
[191 54 -5]
[191 84 2]
[191 50 -2]
[191 49 -2]
[191 49 -1]
[191 60 -8]
[191 50 -4]
[191 50 -3]
[191 64 -7]
[191 81 8]
[191 56 -6]
[191 58 -7]
[191 57 -8]
[191 58 -8]
[191 64 -8]
[191 63 -8]
[191 71 -8]
[191 77 -6]
[191 83 0]
[192 66 -8]
[192 65 -9]
[192 51 -2]
[192 49 -4]
[192 49 -3]
[192 85 2]
[192 84 1]
[192 85 1]
[192 48 -3]
[192 48 -1]
[192 69 -8]
[192 67 -9]
[192 69 -9]
[192 72 -9]
[192 70 -9]
[192 85 8]
[192 84 6]
[192 84 4]
[192 63 -9]
[192 67 -8]
[192 49 -5]
[192 51 -5]
[192 50 -5]
[192 62 -8]
[192 60 -9]
[192 83 9]
[192 82 8]
[192 74 -7]
[192 52 -5]
[192 54 -6]
[192 53 -6]
[192 71 -9]
[192 59 -8]
[192 59 -9]
[192 54 -8]
[192 49 0]
[192 48 -2]
[192 56 -3]
[192 55 -9]
[192 56 -9]
[192 64 -9]
[192 50 1]
[192 84 0]
[192 57 -9]
[192 81 3]
[193 66 -10]
[193 68 -10]
[193 68 -9]
[193 48 -4]
[193 60 -10]
[193 85 6]
[193 83 6]
[193 85 7]
[193 84 10]
[193 82 9]
[193 49 -6]
[193 85 3]
[193 86 2]
[193 54 -9]
[193 52 -6]
[193 54 -7]
[193 63 -10]
[193 48 -5]
[193 51 -6]
[193 58 -10]
[193 58 -9]
[193 55 -8]
[193 48 0]
[193 49 1]
[193 69 -10]
[193 70 -10]
[193 83 1]
[193 64 -10]
[193 65 -10]
[193 85 5]
[193 84 5]
[193 86 1]
[193 55 -10]
[193 56 -10]
[193 85 0]
[193 59 -10]
[193 72 -10]
[193 71 -10]
[193 48 -6]
[193 47 -2]
[193 47 -1]
[193 84 9]
[193 62 -9]
[194 50 -6]
[194 51 -7]
[194 52 -7]
[194 50 -7]
[194 65 -11]
[194 63 -11]
[194 47 -5]
[194 86 0]
[194 87 2]
[194 85 9]
[194 84 11]
[194 85 10]
[194 83 10]
[194 61 -9]
[194 61 -10]
[194 62 -10]
[194 46 0]
[194 46 -1]
[194 55 -11]
[194 56 -11]
[194 54 -10]
[194 69 -11]
[194 46 -2]
[194 47 -3]
[194 59 -11]
[194 58 -11]
[194 70 -11]
[194 48 -7]
[194 86 5]
[194 86 6]
[194 86 4]
[194 66 -9]
[194 64 -11]
[194 85 4]
[194 68 -11]
[194 53 -10]
[194 53 -8]
[194 53 -9]
[194 57 -10]
[194 57 -11]
[194 86 8]
[194 49 -7]
[194 67 -10]
[195 49 -8]
[195 50 -8]
[195 62 -11]
[195 61 -11]
[195 53 -7]
[195 52 -8]
[195 86 3]
[195 58 -12]
[195 60 -12]
[195 59 -12]
[195 67 -11]
[195 71 -11]
[195 64 -12]
[195 45 -2]
[195 45 0]
[195 47 1]
[195 45 1]
[195 47 0]
[195 69 -12]
[195 54 -11]
[195 56 -12]
[195 57 -12]
[195 46 -3]
[195 45 -3]
[195 52 -10]
[195 52 -9]
[195 86 7]
[195 87 5]
[195 87 6]
[195 87 4]
[195 68 -12]
[195 54 -12]
[195 55 -12]
[195 85 11]
[195 60 -11]
[195 86 10]
[195 86 9]
[195 88 2]
[195 87 1]
[195 62 -12]
[195 63 -12]
[195 47 -6]
[195 47 -8]
[195 46 -4]
[195 51 -8]
[196 46 -7]
[196 47 -7]
[196 63 -13]
[196 61 -13]
[196 88 3]
[196 89 3]
[196 66 -11]
[196 51 -9]
[196 53 -11]
[196 51 -11]
[196 52 -11]
[196 87 9]
[196 87 8]
[196 87 10]
[196 67 -12]
[196 65 -13]
[196 64 -13]
[196 87 11]
[196 86 11]
[196 46 2]
[196 46 1]
[196 48 -9]
[196 49 -9]
[196 56 -13]
[196 44 -2]
[196 44 -3]
[196 44 -4]
[196 51 -10]
[196 86 12]
[196 46 -9]
[196 55 -13]
[196 54 -13]
[196 44 -1]
[196 44 1]
[196 44 0]
[196 61 -12]
[196 60 -13]
[196 68 -13]
[196 53 -12]
[196 88 7]
[196 50 -9]
[196 53 -13]
[196 45 -1]
[196 45 -4]
[196 87 3]
[196 88 5]
[196 59 -13]
[196 58 -13]
[196 88 4]
[197 46 -8]
[197 45 -6]
[197 51 -12]
[197 50 -12]
[197 52 -12]
[197 89 5]
[197 66 -12]
[197 65 -12]
[197 85 12]
[197 87 12]
[197 59 -14]
[197 58 -14]
[197 57 -13]
[197 46 -10]
[197 45 -8]
[197 47 -9]
[197 47 -10]
[197 50 -10]
[197 88 12]
[197 88 11]
[197 43 1]
[197 43 -1]
[197 43 0]
[197 53 -14]
[197 54 -14]
[197 52 -13]
[197 87 7]
[197 88 8]
[197 88 10]
[197 67 -13]
[197 67 -14]
[197 88 6]
[197 89 6]
[197 89 7]
[197 89 8]
[197 60 -14]
[197 61 -14]
[197 57 -14]
[197 44 -5]
[197 90 4]
[197 89 2]
[197 90 3]
[197 45 2]
[197 56 -14]
[197 55 -14]
[197 88 9]
[197 48 -8]
[197 49 -10]
[197 44 2]
[197 48 -10]
[197 62 -13]
[197 63 -14]
[197 43 -3]
[197 43 -2]
[197 87 13]
[197 45 -5]
[197 43 -4]
[198 55 -15]
[198 45 -7]
[198 42 -4]
[198 42 -3]
[198 66 -13]
[198 48 -11]
[198 46 -11]
[198 89 9]
[198 89 10]
[198 54 -15]
[198 62 -14]
[198 64 -15]
[198 49 -11]
[198 88 13]
[198 50 -11]
[198 50 -13]
[198 45 -10]
[198 45 -11]
[198 42 -2]
[198 42 2]
[198 43 2]
[198 89 4]
[198 90 5]
[198 91 5]
[198 42 -1]
[198 59 -15]
[198 43 -6]
[198 61 -15]
[198 60 -15]
[198 66 -14]
[198 86 14]
[198 87 14]
[198 88 14]
[198 90 6]
[198 90 7]
[198 90 2]
[198 91 2]
[198 91 4]
[198 86 13]
[198 56 -15]
[198 57 -15]
[198 44 -6]
[198 90 9]
[198 90 8]
[198 52 -15]
[198 47 -11]
[198 51 -14]
[198 51 -13]
[198 44 -8]
[198 44 -9]
[198 90 1]
[198 89 1]
[198 58 -15]
[199 91 9]
[199 91 8]
[199 65 -16]
[199 65 -14]
[199 65 -15]
[199 64 -16]
[199 55 -16]
[199 85 13]
[199 92 4]
[199 89 12]
[199 89 13]
[199 59 -16]
[199 60 -16]
[199 58 -16]
[199 53 -16]
[199 56 -16]
[199 44 -11]
[199 45 -12]
[199 44 -10]
[199 62 -15]
[199 89 15]
[199 87 15]
[199 57 -16]
[199 91 6]
[199 49 -14]
[199 90 10]
[199 90 11]
[199 89 11]
[199 42 1]
[199 41 2]
[199 41 1]
[199 66 -15]
[199 52 -14]
[199 51 -15]
[199 44 -7]
[199 42 -5]
[199 42 -6]
[199 43 -5]
[199 42 -7]
[199 41 -1]
[199 43 -7]
[199 43 -8]
[199 47 -12]
[199 48 -12]
[199 49 -12]
[200 43 -9]
[200 45 -9]
[200 92 8]
[200 91 7]
[200 60 -17]
[200 59 -17]
[200 62 -16]
[200 64 -14]
[200 40 1]
[200 41 0]
[200 41 -4]
[200 92 5]
[200 49 -13]
[200 47 -13]
[200 40 -2]
[200 40 -1]
[200 56 -17]
[200 55 -17]
[200 54 -17]
[200 89 14]
[200 48 -13]
[200 46 -12]
[200 46 -13]
[200 58 -17]
[200 41 -7]
[200 41 -8]
[200 41 -6]
[200 87 16]
[200 41 -5]
[200 63 -15]
[200 63 -16]
[200 50 -14]
[200 50 -15]
[200 91 11]
[200 91 10]
[200 90 12]
[200 42 0]
[200 44 -12]
[200 48 -15]
[200 43 -10]
[200 92 10]
[200 61 -17]
[200 91 3]
[200 53 -15]
[200 42 -9]
[200 88 15]
[200 90 14]
[200 54 -16]
[200 52 -17]
[201 40 -7]
[201 40 -5]
[201 39 -1]
[201 41 -3]
[201 39 -3]
[201 40 -3]
[201 60 -18]
[201 62 -17]
[201 59 -18]
[201 58 -18]
[201 57 -17]
[201 57 -18]
[201 40 0]
[201 39 -2]
[201 63 -17]
[201 53 -18]
[201 53 -17]
[201 55 -18]
[201 56 -18]
[201 92 12]
[201 92 11]
[201 91 12]
[201 43 -11]
[201 43 -13]
[201 44 -13]
[201 49 -15]
[201 48 -14]
[201 88 16]
[201 91 13]
[201 51 -17]
[201 41 -9]
[201 42 -8]
[201 40 -4]
[201 47 -14]
[201 47 -15]
[201 47 -16]
[201 61 -18]
[201 93 8]
[201 93 9]
[201 92 7]
[201 46 -14]
[201 40 -8]
[201 40 -6]
[201 93 11]
[201 45 -14]
[201 45 -13]
[201 51 -16]
[201 50 -16]
[201 39 1]
[201 54 -18]
[202 39 -6]
[202 39 -5]
[202 39 -7]
[202 52 -16]
[202 55 -19]
[202 57 -19]
[202 46 -15]
[202 53 -19]
[202 54 -19]
[202 39 0]
[202 50 -17]
[202 44 -14]
[202 40 -9]
[202 39 -9]
[202 45 -15]
[202 39 -4]
[202 41 -2]
[202 90 13]
[202 39 -8]
[202 92 9]
[202 93 13]
[202 93 12]
[202 48 -16]
[202 38 -2]
[202 38 0]
[202 38 -1]
[202 49 -16]
[202 38 -3]
[202 62 -19]
[202 94 12]
[202 94 10]
[202 63 -18]
[202 61 -19]
[202 58 -19]
[202 42 -10]
[202 41 -10]
[202 43 -14]
[202 42 -12]
[202 46 -16]
[202 47 -17]
[202 52 -19]
[203 42 -11]
[203 38 1]
[203 42 -14]
[203 41 -11]
[203 40 -11]
[203 38 -4]
[203 38 -5]
[203 50 -18]
[203 51 -18]
[203 95 10]
[203 95 11]
[203 94 11]
[203 93 10]
[203 45 -16]
[203 37 -1]
[203 37 -3]
[203 53 -20]
[203 54 -20]
[203 39 -10]
[203 51 -19]
[203 52 -20]
[203 49 -17]
[203 37 0]
[203 38 -7]
[203 38 -8]
[203 38 -6]
[203 48 -18]
[203 95 12]
[203 95 13]
[203 57 -20]
[203 44 -15]
[203 37 -2]
[203 56 -19]
[203 56 -20]
[203 55 -20]
[203 37 -4]
[203 58 -20]
[203 60 -19]
[203 48 -17]
[203 41 -13]
[203 43 -12]
[203 41 -12]
[203 63 -19]
[203 64 -19]
[203 64 -18]
[203 62 -18]
[203 61 -20]
[203 93 14]
[203 94 13]
[204 46 -17]
[204 44 -17]
[204 45 -17]
[204 42 -13]
[204 40 -13]
[204 39 -12]
[204 40 -10]
[204 39 -11]
[204 40 -12]
[204 49 -18]
[204 57 -21]
[204 58 -21]
[204 65 -18]
[204 65 -19]
[204 96 12]
[204 47 -19]
[204 96 11]
[204 37 -6]
[204 50 -19]
[204 94 9]
[204 60 -20]
[204 61 -21]
[204 62 -21]
[204 60 -21]
[204 36 -3]
[204 36 -2]
[204 63 -20]
[204 54 -21]
[204 55 -21]
[204 38 -9]
[204 38 -10]
[204 36 0]
[204 36 -1]
[204 59 -20]
[204 59 -21]
[204 62 -20]
[204 37 -5]
[204 41 -14]
[204 56 -21]
[204 51 -21]
[204 51 -20]
[204 37 -7]
[204 37 -8]
[204 36 -4]
[204 41 -15]
[204 43 -15]
[204 94 14]
[204 94 15]
[205 95 15]
[205 94 16]
[205 95 14]
[205 47 -18]
[205 46 -18]
[205 35 -3]
[205 45 -18]
[205 44 -16]
[205 43 -16]
[205 44 -18]
[205 43 -17]
[205 63 -22]
[205 36 -5]
[205 36 -6]
[205 36 -8]
[205 36 -7]
[205 60 -22]
[205 58 -22]
[205 59 -22]
[205 35 -1]
[205 54 -22]
[205 64 -20]
[205 63 -21]
[205 42 -16]
[205 37 -9]
[205 36 -9]
[205 55 -22]
[205 56 -22]
[205 49 -20]
[205 50 -20]
[205 39 -13]
[205 38 -12]
[205 40 -14]
[205 35 -5]
[205 47 -20]
[205 48 -20]
[205 46 -19]
[205 40 -15]
[205 57 -22]
[205 37 -10]
[205 38 -11]
[205 66 -19]
[205 35 -2]
[205 51 -22]
[205 50 -21]
[205 50 -22]
[205 40 -16]
[205 42 -15]
[205 96 13]
[206 96 14]
[206 49 -21]
[206 58 -23]
[206 60 -23]
[206 35 -7]
[206 35 -6]
[206 35 -8]
[206 37 -13]
[206 38 -13]
[206 37 -12]
[206 65 -20]
[206 66 -20]
[206 39 -16]
[206 34 -1]
[206 34 -2]
[206 42 -17]
[206 47 -21]
[206 49 -19]
[206 95 16]
[206 96 16]
[206 56 -23]
[206 63 -23]
[206 64 -23]
[206 64 -21]
[206 40 -17]
[206 41 -16]
[206 39 -15]
[206 39 -17]
[206 43 -18]
[206 43 -19]
[206 62 -22]
[206 34 0]
[206 55 -23]
[206 54 -23]
[206 49 -23]
[206 50 -23]
[206 35 -10]
[206 36 -10]
[206 35 -9]
[206 61 -22]
[206 61 -23]
[206 96 15]
[206 49 -22]
[206 53 -23]
[206 53 -21]
[206 53 -22]
[206 46 -21]
[206 48 -19]
[206 34 -3]
[206 41 -17]
[206 39 -14]
[206 38 -14]
[206 46 -20]
[206 45 -19]
[206 51 -23]
[206 52 -23]
[206 37 -11]
[206 42 -18]
[207 36 -14]
[207 36 -12]
[207 37 -14]
[207 48 -21]
[207 59 -24]
[207 61 -24]
[207 59 -23]
[207 46 -22]
[207 45 -21]
[207 45 -20]
[207 97 15]
[207 96 17]
[207 97 16]
[207 64 -24]
[207 38 -16]
[207 66 -21]
[207 65 -21]
[207 38 -15]
[207 48 -22]
[207 35 -4]
[207 54 -24]
[207 55 -24]
[207 52 -22]
[207 52 -24]
[207 41 -18]
[207 42 -19]
[207 36 -11]
[207 42 -20]
[207 67 -20]
[207 67 -21]
[207 34 -9]
[207 62 -23]
[207 62 -24]
[207 40 -18]
[207 33 -1]
[207 48 -24]
[207 50 -24]
[207 48 -23]
[207 53 -24]
[207 97 13]
[207 65 -22]
[207 44 -19]
[207 52 -21]
[207 34 -6]
[207 57 -23]
[207 58 -24]
[207 33 -2]
[207 35 -11]
[207 34 -10]
[207 47 -22]
[208 60 -24]
[208 63 -24]
[208 65 -25]
[208 68 -21]
[208 67 -19]
[208 68 -19]
[208 43 -21]
[208 41 -21]
[208 47 -23]
[208 36 -13]
[208 37 -15]
[208 56 -24]
[208 55 -25]
[208 56 -25]
[208 35 -12]
[208 64 -22]
[208 98 14]
[208 97 14]
[208 98 13]
[208 98 16]
[208 98 15]
[208 96 18]
[208 97 17]
[208 97 18]
[208 95 17]
[208 95 18]
[208 33 -10]
[208 33 -8]
[208 33 -9]
[208 34 -11]
[208 32 -2]
[208 32 -1]
[208 45 -22]
[208 46 -23]
[208 47 -24]
[208 59 -25]
[208 58 -25]
[208 34 -12]
[208 68 -22]
[208 66 -22]
[208 49 -25]
[208 49 -24]
[208 44 -22]
[208 53 -25]
[208 52 -25]
[208 54 -25]
[208 37 -17]
[208 41 -19]
[208 62 -25]
[208 60 -25]
[208 44 -20]
[208 39 -19]
[208 39 -18]
[208 34 -5]
[208 35 -15]
[208 35 -13]
[208 36 -15]
[208 43 -20]
[208 57 -24]
[208 67 -22]
[208 33 -6]
[208 48 -25]
[209 40 -22]
[209 42 -21]
[209 42 -22]
[209 66 -23]
[209 67 -23]
[209 46 -24]
[209 53 -26]
[209 52 -26]
[209 56 -26]
[209 55 -26]
[209 40 -20]
[209 34 -13]
[209 36 -16]
[209 37 -16]
[209 37 -18]
[209 38 -18]
[209 38 -17]
[209 99 16]
[209 99 15]
[209 99 14]
[209 38 -20]
[209 39 -20]
[209 32 -5]
[209 33 -5]
[209 33 -7]
[209 32 -6]
[209 99 17]
[209 98 17]
[209 64 -25]
[209 31 -2]
[209 31 -3]
[209 33 -3]
[209 32 -3]
[209 96 19]
[209 59 -26]
[209 60 -26]
[209 51 -25]
[209 51 -24]
[209 34 -15]
[209 34 -14]
[209 35 -14]
[209 35 -16]
[209 69 -21]
[209 65 -23]
[209 68 -23]
[209 69 -22]
[209 69 -23]
[209 47 -25]
[209 50 -26]
[209 66 -25]
[209 65 -24]
[209 65 -26]
[209 64 -26]
[209 58 -26]
[209 99 12]
[209 98 12]
[209 34 -4]
[209 44 -21]
[209 57 -25]
[209 33 -11]
[209 32 -11]
[209 69 -20]
[209 69 -19]
[209 40 -19]
[209 38 -19]
[209 34 -8]
[209 32 -10]
[209 32 -8]
[209 44 -23]
[209 43 -22]
[209 43 -23]
[209 61 -26]
[209 98 18]
[209 98 19]
[209 34 -7]
[209 68 -20]
[209 63 -26]
[209 62 -26]
[209 61 -25]
[209 63 -25]
[210 70 -21]
[210 67 -24]
[210 69 -24]
[210 31 -4]
[210 30 -4]
[210 60 -27]
[210 70 -20]
[210 66 -24]
[210 32 -7]
[210 31 -9]
[210 31 -7]
[210 32 -9]
[210 70 -19]
[210 37 -19]
[210 37 -20]
[210 31 -10]
[210 31 -11]
[210 33 -4]
[210 31 -5]
[210 63 -27]
[210 50 -25]
[210 64 -27]
[210 65 -27]
[210 40 -21]
[210 39 -21]
[210 57 -26]
[210 57 -27]
[210 59 -27]
[210 100 14]
[210 100 13]
[210 100 15]
[210 41 -23]
[210 41 -22]
[210 42 -23]
[210 99 11]
[210 99 13]
[210 33 -12]
[210 33 -15]
[210 33 -14]
[210 66 -26]
[210 67 -26]
[210 35 -17]
[210 36 -17]
[210 34 -17]
[210 36 -19]
[210 31 -6]
[210 54 -27]
[210 53 -27]
[210 52 -27]
[210 49 -26]
[210 50 -27]
[210 39 -23]
[210 39 -22]
[210 100 16]
[210 68 -24]
[210 70 -23]
[210 70 -22]
[210 43 -24]
[210 55 -27]
[210 54 -26]
[210 45 -24]
[210 45 -23]
[210 56 -27]
[210 99 18]
[210 100 17]
[210 51 -26]
[210 37 -21]
[210 33 -13]
[210 97 19]
[210 98 20]
[210 100 12]
[210 41 -20]
[210 38 -21]
[210 48 -26]
[210 46 -25]
[211 51 -27]
[211 49 -27]
[211 49 -28]
[211 50 -28]
[211 97 20]
[211 71 -22]
[211 70 -24]
[211 71 -23]
[211 47 -26]
[211 46 -26]
[211 45 -26]
[211 30 -8]
[211 99 19]
[211 100 19]
[211 101 14]
[211 58 -27]
[211 57 -28]
[211 36 -20]
[211 58 -28]
[211 52 -28]
[211 54 -28]
[211 99 21]
[211 66 -28]
[211 59 -28]
[211 100 11]
[211 62 -28]
[211 64 -28]
[211 30 -7]
[211 32 -13]
[211 33 -16]
[211 71 -20]
[211 71 -19]
[211 38 -22]
[211 44 -24]
[211 67 -25]
[211 42 -24]
[211 41 -24]
[211 68 -25]
[211 69 -25]
[211 51 -28]
[211 53 -28]
[211 55 -28]
[211 40 -23]
[211 29 -4]
[211 30 -3]
[211 35 -18]
[211 44 -25]
[211 45 -25]
[211 66 -27]
[211 48 -27]
[211 36 -18]
[211 34 -18]
[211 34 -16]
[211 101 17]
[211 101 16]
[211 32 -12]
[211 32 -14]
[211 67 -27]
[211 68 -26]
[211 68 -27]
[211 40 -24]
[211 38 -23]
[211 71 -21]
[211 101 13]
[211 101 12]
[211 31 -8]
[211 32 -4]
[211 30 -11]
[211 30 -12]
[211 36 -21]
[211 30 -9]
[211 101 15]
[211 30 -5]
[212 33 -17]
[212 35 -19]
[212 33 -19]
[212 34 -19]
[212 62 -29]
[212 61 -28]
[212 61 -29]
[212 63 -29]
[212 67 -29]
[212 65 -29]
[212 66 -29]
[212 67 -28]
[212 72 -20]
[212 29 -5]
[212 28 -5]
[212 56 -28]
[212 54 -29]
[212 56 -29]
[212 55 -29]
[212 98 21]
[212 47 -27]
[212 47 -28]
[212 35 -20]
[212 52 -29]
[212 51 -29]
[212 50 -29]
[212 58 -29]
[212 100 20]
[212 102 16]
[212 100 18]
[212 101 18]
[212 48 -28]
[212 48 -29]
[212 37 -22]
[212 37 -24]
[212 37 -23]
[212 38 -24]
[212 101 10]
[212 99 10]
[212 100 10]
[212 29 -8]
[212 29 -9]
[212 32 -15]
[212 69 -26]
[212 68 -28]
[212 69 -28]
[212 101 19]
[212 70 -25]
[212 70 -26]
[212 102 15]
[212 30 -6]
[212 29 -7]
[212 60 -29]
[212 59 -29]
[212 41 -25]
[212 39 -24]
[212 31 -12]
[212 31 -14]
[212 101 11]
[212 102 12]
[212 53 -29]
[212 36 -22]
[212 35 -21]
[212 35 -22]
[212 72 -21]
[212 31 -13]
[212 65 -28]
[212 46 -27]
[212 45 -27]
[212 44 -26]
[212 44 -27]
[212 30 -13]
[212 29 -12]
[212 29 -13]
[212 43 -25]
[212 42 -25]
[212 102 14]
[212 102 13]
[212 63 -28]
[212 64 -29]
[212 69 -27]
[212 72 -19]
[212 72 -22]
[212 29 -10]
[213 66 -30]
[213 67 -30]
[213 65 -30]
[213 103 12]
[213 28 -9]
[213 28 -8]
[213 53 -30]
[213 52 -30]
[213 42 -26]
[213 43 -26]
[213 28 -11]
[213 29 -11]
[213 28 -12]
[213 28 -13]
[213 33 -20]
[213 34 -20]
[213 47 -29]
[213 30 -14]
[213 73 -19]
[213 102 19]
[213 102 20]
[213 102 18]
[213 62 -27]
[213 60 -30]
[213 57 -29]
[213 57 -30]
[213 56 -30]
[213 101 20]
[213 100 21]
[213 68 -30]
[213 49 -30]
[213 51 -30]
[213 102 17]
[213 102 11]
[213 103 13]
[213 69 -29]
[213 50 -30]
[213 46 -28]
[213 45 -28]
[213 62 -30]
[213 63 -30]
[213 30 -10]
[213 71 -27]
[213 64 -30]
[213 100 9]
[213 33 -18]
[213 32 -17]
[213 32 -18]
[213 40 -25]
[213 39 -25]
[213 35 -23]
[213 36 -23]
[213 34 -22]
[213 73 -21]
[213 38 -25]
[213 47 -30]
[213 49 -29]
[213 36 -24]
[213 36 -25]
[213 37 -25]
[213 68 -29]
[213 70 -27]
[213 103 15]
[213 103 14]
[213 60 -28]
[213 61 -27]
[213 54 -30]
[213 58 -30]
[213 31 -16]
[213 31 -15]
[213 72 -23]
[213 73 -22]
[213 70 -28]
[213 29 -6]
[213 61 -30]
[213 28 -6]
[213 27 -6]
[213 29 -14]
[213 43 -27]
[213 44 -28]
[213 32 -20]
[213 73 -20]
[213 40 -26]
[213 55 -30]
[214 51 -31]
[214 27 -10]
[214 27 -11]
[214 28 -10]
[214 27 -12]
[214 41 -26]
[214 27 -13]
[214 74 -21]
[214 104 13]
[214 48 -30]
[214 27 -7]
[214 43 -29]
[214 44 -29]
[214 30 -16]
[214 72 -24]
[214 74 -19]
[214 74 -20]
[214 35 -24]
[214 35 -25]
[214 57 -31]
[214 58 -31]
[214 67 -31]
[214 38 -26]
[214 39 -26]
[214 37 -26]
[214 74 -23]
[214 48 -31]
[214 46 -30]
[214 46 -31]
[214 49 -31]
[214 55 -31]
[214 56 -31]
[214 30 -15]
[214 29 -15]
[214 52 -31]
[214 59 -30]
[214 61 -31]
[214 28 -7]
[214 71 -26]
[214 50 -31]
[214 103 20]
[214 32 -16]
[214 31 -17]
[214 30 -17]
[214 32 -19]
[214 104 15]
[214 54 -31]
[214 31 -19]
[214 31 -20]
[214 32 -21]
[214 104 14]
[214 42 -27]
[214 101 21]
[214 60 -31]
[214 102 21]
[214 103 19]
[214 103 18]
[214 40 -27]
[214 41 -27]
[214 34 -21]
[214 28 -14]
[214 33 -22]
[214 66 -31]
[214 68 -31]
[214 45 -29]
[214 42 -28]
[214 43 -28]
[214 64 -31]
[214 63 -31]
[214 65 -31]
[214 53 -31]
[214 33 -21]
[214 59 -31]
[214 34 -23]
[214 34 -24]
[214 46 -29]
[214 101 22]
[215 37 -27]
[215 52 -32]
[215 54 -32]
[215 53 -32]
[215 35 -26]
[215 36 -26]
[215 55 -32]
[215 28 -15]
[215 27 -14]
[215 27 -15]
[215 50 -32]
[215 75 -21]
[215 65 -32]
[215 34 -25]
[215 30 -20]
[215 31 -18]
[215 30 -18]
[215 29 -18]
[215 59 -32]
[215 58 -32]
[215 60 -32]
[215 32 -22]
[215 26 -14]
[215 33 -23]
[215 33 -24]
[215 42 -30]
[215 44 -30]
[215 48 -32]
[215 47 -32]
[215 47 -31]
[215 26 -11]
[215 104 19]
[215 104 20]
[215 105 12]
[215 105 14]
[215 105 13]
[215 41 -28]
[215 42 -29]
[215 74 -22]
[215 62 -32]
[215 64 -32]
[215 30 -19]
[215 31 -21]
[215 30 -21]
[215 31 -22]
[215 57 -32]
[215 26 -10]
[215 26 -12]
[215 105 16]
[215 105 15]
[215 45 -32]
[215 45 -31]
[215 45 -30]
[215 102 22]
[215 103 21]
[215 102 23]
[215 67 -32]
[215 40 -28]
[215 29 -16]
[215 29 -17]
[215 32 -23]
[215 61 -32]
[215 71 -24]
[215 72 -25]
[215 71 -25]
[215 56 -32]
[216 43 -30]
[216 53 -33]
[216 47 -33]
[216 29 -21]
[216 29 -20]
[216 38 -27]
[216 36 -28]
[216 37 -28]
[216 36 -27]
[216 38 -28]
[216 57 -33]
[216 73 -24]
[216 60 -33]
[216 61 -33]
[216 62 -33]
[216 62 -31]
[216 28 -19]
[216 29 -19]
[216 75 -20]
[216 63 -32]
[216 103 22]
[216 103 23]
[216 31 -23]
[216 31 -24]
[216 32 -24]
[216 106 12]
[216 59 -33]
[216 58 -33]
[216 106 13]
[216 64 -33]
[216 66 -32]
[216 66 -33]
[216 46 -32]
[216 44 -32]
[216 28 -16]
[216 33 -26]
[216 32 -25]
[216 33 -25]
[216 104 21]
[216 105 20]
[216 34 -26]
[216 73 -23]
[216 75 -22]
[216 30 -22]
[216 63 -33]
[216 56 -33]
[216 39 -28]
[216 106 15]
[216 106 16]
[216 106 17]
[216 105 17]
[216 54 -33]
[216 55 -33]
[216 26 -15]
[216 26 -13]
[216 51 -32]
[216 49 -33]
[216 25 -14]
[216 106 14]
[216 28 -18]
[216 67 -33]
[216 40 -29]
[216 41 -29]
[216 30 -23]
[216 45 -33]
[216 27 -16]
[217 50 -33]
[217 52 -33]
[217 28 -22]
[217 28 -20]
[217 107 13]
[217 107 12]
[217 107 11]
[217 106 11]
[217 61 -34]
[217 59 -34]
[217 60 -34]
[217 27 -17]
[217 28 -17]
[217 27 -19]
[217 65 -34]
[217 63 -34]
[217 64 -34]
[217 104 22]
[217 30 -24]
[217 30 -25]
[217 54 -34]
[217 29 -22]
[217 29 -24]
[217 29 -23]
[217 57 -34]
[217 58 -34]
[217 65 -33]
[217 67 -34]
[217 39 -27]
[217 44 -34]
[217 46 -33]
[217 27 -20]
[217 35 -29]
[217 37 -29]
[217 40 -30]
[217 39 -29]
[217 49 -32]
[217 49 -34]
[217 48 -34]
[217 107 16]
[217 107 17]
[217 43 -33]
[217 44 -31]
[217 62 -34]
[217 56 -34]
[217 34 -27]
[217 31 -25]
[217 104 23]
[217 104 24]
[217 76 -20]
[217 43 -31]
[217 42 -31]
[217 32 -26]
[217 25 -15]
[217 24 -14]
[217 25 -16]
[217 55 -34]
[217 46 -34]
[217 47 -34]
[217 35 -27]
[218 58 -35]
[218 45 -34]
[218 59 -35]
[218 57 -35]
[218 49 -35]
[218 50 -35]
[218 108 18]
[218 41 -31]
[218 40 -31]
[218 61 -35]
[218 105 21]
[218 105 22]
[218 47 -35]
[218 48 -35]
[218 48 -33]
[218 105 23]
[218 105 24]
[218 75 -19]
[218 77 -20]
[218 77 -19]
[218 108 11]
[218 45 -35]
[218 63 -35]
[218 65 -35]
[218 64 -35]
[218 34 -28]
[218 108 12]
[218 108 10]
[218 38 -29]
[218 38 -30]
[218 37 -30]
[218 36 -30]
[218 108 13]
[218 66 -34]
[218 32 -27]
[218 31 -27]
[218 28 -23]
[218 107 10]
[218 105 11]
[218 53 -35]
[218 55 -35]
[218 56 -35]
[218 25 -17]
[218 26 -16]
[218 51 -33]
[218 52 -34]
[218 53 -34]
[218 51 -34]
[218 42 -32]
[218 43 -32]
[218 26 -17]
[218 27 -18]
[218 62 -35]
[218 26 -18]
[218 26 -20]
[218 26 -19]
[218 60 -35]
[218 36 -29]
[218 35 -30]
[218 34 -29]
[218 33 -27]
[218 33 -28]
[218 28 -21]
[218 27 -21]
[218 26 -21]
[218 107 15]
[218 30 -26]
[218 42 -33]
[218 42 -34]
[218 43 -34]
[218 44 -33]
[218 43 -35]
[218 44 -35]
[218 29 -25]
[218 29 -26]
[219 55 -36]
[219 54 -35]
[219 54 -36]
[219 106 23]
[219 106 24]
[219 106 22]
[219 25 -20]
[219 41 -30]
[219 40 -32]
[219 39 -32]
[219 28 -26]
[219 32 -28]
[219 35 -28]
[219 33 -29]
[219 53 -36]
[219 52 -35]
[219 52 -36]
[219 49 -36]
[219 50 -34]
[219 42 -35]
[219 34 -30]
[219 35 -31]
[219 28 -24]
[219 28 -25]
[219 58 -36]
[219 60 -36]
[219 66 -36]
[219 65 -36]
[219 66 -35]
[219 64 -36]
[219 62 -36]
[219 27 -22]
[219 25 -19]
[219 25 -18]
[219 107 14]
[219 108 15]
[219 108 16]
[219 108 14]
[219 61 -36]
[219 51 -35]
[219 44 -36]
[219 33 -30]
[219 41 -34]
[219 56 -36]
[219 108 17]
[219 109 18]
[219 109 17]
[219 32 -29]
[219 31 -28]
[219 63 -36]
[219 30 -28]
[219 37 -31]
[219 46 -36]
[219 47 -36]
[219 48 -36]
[219 38 -31]
[219 36 -31]
[219 109 14]
[219 30 -27]
[219 31 -26]
[219 104 10]
[219 105 10]
[219 41 -33]
[219 24 -18]
[219 106 21]
[220 40 -33]
[220 41 -32]
[220 24 -19]
[220 26 -22]
[220 46 -35]
[220 47 -37]
[220 54 -37]
[220 40 -34]
[220 41 -35]
[220 46 -37]
[220 45 -37]
[220 107 22]
[220 61 -37]
[220 109 16]
[220 107 23]
[220 60 -37]
[220 62 -37]
[220 109 13]
[220 110 15]
[220 106 9]
[220 105 9]
[220 107 24]
[220 107 25]
[220 106 25]
[220 32 -31]
[220 32 -30]
[220 33 -31]
[220 43 -36]
[220 44 -37]
[220 45 -36]
[220 43 -37]
[220 31 -29]
[220 110 17]
[220 38 -32]
[220 39 -31]
[220 39 -33]
[220 27 -24]
[220 27 -26]
[220 34 -32]
[220 35 -32]
[220 34 -31]
[220 37 -32]
[220 30 -29]
[220 29 -28]
[220 65 -37]
[220 64 -37]
[220 63 -37]
[220 29 -27]
[220 28 -27]
[220 27 -25]
[220 48 -37]
[220 49 -37]
[220 36 -32]
[220 56 -37]
[220 50 -36]
[220 51 -36]
[220 41 -36]
[220 53 -37]
[220 52 -37]
[220 51 -37]
[221 44 -38]
[221 46 -38]
[221 105 25]
[221 110 16]
[221 50 -37]
[221 42 -38]
[221 27 -27]
[221 62 -38]
[221 61 -38]
[221 54 -38]
[221 55 -38]
[221 40 -35]
[221 111 16]
[221 32 -32]
[221 47 -38]
[221 45 -38]
[221 34 -33]
[221 25 -22]
[221 26 -23]
[221 25 -21]
[221 38 -34]
[221 39 -34]
[221 65 -38]
[221 108 23]
[221 24 -20]
[221 23 -20]
[221 30 -30]
[221 31 -30]
[221 39 -30]
[221 33 -32]
[221 108 24]
[221 109 15]
[221 28 -28]
[221 41 -37]
[221 42 -37]
[221 42 -36]
[221 38 -33]
[221 37 -33]
[221 53 -38]
[221 56 -38]
[221 57 -36]
[221 52 -38]
[221 64 -38]
[221 106 10]
[221 105 8]
[221 27 -23]
[221 26 -25]
[221 51 -38]
[221 48 -38]
[221 35 -33]
[221 60 -38]
[221 59 -36]
[221 59 -37]
[221 31 -31]
[221 50 -38]
[221 110 14]
[222 62 -39]
[222 61 -39]
[222 25 -23]
[222 40 -36]
[222 39 -35]
[222 37 -34]
[222 36 -33]
[222 30 -31]
[222 33 -33]
[222 31 -33]
[222 111 17]
[222 111 15]
[222 112 17]
[222 41 -39]
[222 41 -38]
[222 42 -39]
[222 43 -39]
[222 26 -26]
[222 56 -39]
[222 57 -37]
[222 55 -39]
[222 54 -39]
[222 25 -24]
[222 51 -39]
[222 47 -39]
[222 49 -39]
[222 23 -21]
[222 24 -21]
[222 106 8]
[222 43 -38]
[222 52 -39]
[222 53 -39]
[222 27 -28]
[222 28 -29]
[222 27 -29]
[222 58 -38]
[222 58 -37]
[222 35 -34]
[222 65 -39]
[222 34 -34]
[222 29 -30]
[222 48 -39]
[222 46 -39]
[222 49 -38]
[222 31 -32]
[222 63 -38]
[222 45 -39]
[222 55 -37]
[222 59 -38]
[222 59 -39]
[222 60 -39]
[222 37 -35]
[223 113 18]
[223 113 17]
[223 25 -25]
[223 26 -27]
[223 107 8]
[223 107 9]
[223 36 -34]
[223 26 -24]
[223 46 -40]
[223 52 -40]
[223 58 -39]
[223 59 -40]
[223 60 -40]
[223 56 -40]
[223 39 -36]
[223 38 -36]
[223 38 -35]
[223 24 -22]
[223 22 -21]
[223 26 -28]
[223 26 -29]
[223 24 -23]
[223 31 -34]
[223 30 -34]
[223 32 -34]
[223 39 -37]
[223 29 -31]
[223 30 -32]
[223 36 -35]
[223 36 -36]
[223 37 -36]
[223 61 -40]
[223 62 -40]
[223 28 -30]
[223 50 -39]
[223 43 -40]
[223 44 -39]
[223 27 -30]
[223 45 -40]
[223 41 -40]
[223 40 -38]
[223 35 -35]
[223 34 -35]
[223 23 -22]
[223 29 -29]
[223 64 -39]
[223 65 -40]
[223 64 -40]
[223 54 -40]
[223 47 -40]
[223 48 -40]
[223 49 -40]
[223 50 -40]
[223 55 -40]
[223 111 18]
[223 110 18]
[223 40 -37]
[223 57 -38]
[223 32 -33]
[223 33 -34]
[224 34 -36]
[224 33 -35]
[224 40 -39]
[224 32 -35]
[224 29 -33]
[224 29 -32]
[224 26 -30]
[224 28 -31]
[224 27 -31]
[224 25 -28]
[224 52 -41]
[224 51 -40]
[224 24 -24]
[224 24 -26]
[224 24 -25]
[224 25 -26]
[224 65 -41]
[224 64 -41]
[224 31 -35]
[224 29 -34]
[224 30 -33]
[224 57 -39]
[224 38 -37]
[224 37 -37]
[224 36 -37]
[224 25 -30]
[224 25 -27]
[224 111 19]
[224 109 19]
[224 38 -38]
[224 39 -38]
[224 53 -41]
[224 54 -41]
[224 53 -40]
[224 43 -41]
[224 42 -40]
[224 60 -41]
[224 58 -41]
[224 112 19]
[224 22 -23]
[224 22 -22]
[224 59 -41]
[224 114 17]
[224 112 18]
[224 55 -41]
[224 56 -41]
[224 40 -41]
[224 41 -41]
[224 21 -21]
[224 45 -41]
[224 49 -41]
[224 48 -41]
[224 46 -41]
[224 44 -41]
[224 44 -40]
[224 110 19]
[224 63 -40]
[224 23 -24]
[224 23 -23]
[224 61 -41]
[224 35 -37]
[225 58 -40]
[225 28 -32]
[225 49 -42]
[225 47 -41]
[225 61 -42]
[225 62 -42]
[225 62 -41]
[225 35 -36]
[225 34 -37]
[225 32 -36]
[225 51 -42]
[225 51 -41]
[225 115 18]
[225 115 17]
[225 114 18]
[225 24 -27]
[225 24 -28]
[225 23 -27]
[225 23 -26]
[225 23 -25]
[225 25 -31]
[225 47 -42]
[225 26 -31]
[225 26 -32]
[225 24 -31]
[225 25 -29]
[225 24 -30]
[225 55 -42]
[225 57 -42]
[225 48 -42]
[225 50 -42]
[225 50 -41]
[225 113 20]
[225 111 20]
[225 60 -42]
[225 54 -42]
[225 21 -23]
[225 21 -24]
[225 22 -24]
[225 56 -42]
[225 39 -39]
[225 37 -38]
[225 20 -20]
[225 20 -21]
[225 20 -22]
[225 35 -38]
[225 36 -38]
[225 65 -42]
[225 64 -42]
[225 27 -32]
[225 28 -33]
[225 28 -34]
[225 40 -40]
[225 30 -35]
[225 28 -35]
[225 44 -42]
[225 43 -42]
[225 63 -41]
[225 42 -41]
[225 40 -42]
[225 42 -42]
[225 58 -42]
[225 57 -40]
[225 113 19]
[225 46 -42]
[225 110 20]
[225 39 -42]
[225 39 -40]
[225 41 -42]
[225 21 -22]
[226 29 -35]
[226 36 -39]
[226 45 -43]
[226 55 -43]
[226 53 -43]
[226 21 -25]
[226 33 -37]
[226 33 -36]
[226 39 -41]
[226 112 20]
[226 114 20]
[226 114 19]
[226 57 -41]
[226 47 -43]
[226 54 -43]
[226 25 -32]
[226 24 -32]
[226 27 -35]
[226 28 -36]
[226 27 -36]
[226 23 -28]
[226 23 -29]
[226 48 -43]
[226 113 21]
[226 111 21]
[226 34 -39]
[226 34 -38]
[226 43 -43]
[226 19 -21]
[226 19 -22]
[226 19 -23]
[226 20 -23]
[226 116 19]
[226 115 19]
[226 116 17]
[226 50 -43]
[226 51 -43]
[226 52 -42]
[226 44 -43]
[226 42 -43]
[226 30 -36]
[226 29 -36]
[226 39 -43]
[226 38 -40]
[226 38 -39]
[226 27 -33]
[226 19 -20]
[226 27 -34]
[226 40 -43]
[226 57 -43]
[226 58 -43]
[226 20 -19]
[226 21 -19]
[226 61 -43]
[226 62 -43]
[226 22 -25]
[226 59 -43]
[226 24 -29]
[226 23 -31]
[226 23 -30]
[226 116 18]
[226 116 16]
[226 115 16]
[226 22 -26]
[226 63 -42]
[226 49 -43]
[226 23 -32]
[226 33 -38]
[226 59 -42]
[226 22 -27]
[226 35 -39]
[226 26 -33]
[227 24 -33]
[227 25 -33]
[227 112 21]
[227 50 -44]
[227 32 -37]
[227 26 -35]
[227 26 -36]
[227 26 -37]
[227 28 -37]
[227 117 18]
[227 117 19]
[227 37 -40]
[227 117 17]
[227 40 -44]
[227 115 20]
[227 116 20]
[227 51 -44]
[227 49 -44]
[227 63 -43]
[227 38 -42]
[227 38 -41]
[227 52 -43]
[227 53 -42]
[227 43 -44]
[227 44 -44]
[227 45 -44]
[227 113 22]
[227 60 -44]
[227 60 -43]
[227 61 -44]
[227 62 -44]
[227 21 -26]
[227 18 -22]
[227 22 -31]
[227 22 -30]
[227 114 21]
[227 115 15]
[227 18 -20]
[227 19 -19]
[227 56 -44]
[227 55 -44]
[227 29 -37]
[227 18 -21]
[227 18 -23]
[227 20 -26]
[227 22 -20]
[227 21 -20]
[227 22 -28]
[227 22 -32]
[227 23 -33]
[227 26 -34]
[227 20 -24]
[227 46 -43]
[227 39 -44]
[227 41 -43]
[227 37 -39]
[227 22 -29]
[227 34 -40]
[227 33 -39]
[227 59 -44]
[227 57 -44]
[227 58 -44]
[227 27 -37]
[227 36 -40]
[227 48 -44]
[227 54 -44]
[227 52 -44]
[227 32 -39]
[227 18 -24]
[227 19 -24]
[227 32 -38]
[227 53 -44]
[228 24 -34]
[228 115 21]
[228 22 -19]
[228 53 -45]
[228 31 -37]
[228 31 -38]
[228 56 -43]
[228 60 -45]
[228 43 -45]
[228 20 -27]
[228 25 -35]
[228 25 -36]
[228 55 -45]
[228 37 -43]
[228 38 -43]
[228 17 -22]
[228 27 -38]
[228 28 -38]
[228 26 -38]
[228 61 -45]
[228 62 -45]
[228 34 -41]
[228 35 -40]
[228 33 -41]
[228 23 -34]
[228 25 -34]
[228 114 23]
[228 112 22]
[228 47 -45]
[228 48 -45]
[228 21 -30]
[228 21 -28]
[228 59 -45]
[228 21 -31]
[228 117 21]
[228 116 21]
[228 54 -45]
[228 19 -25]
[228 19 -27]
[228 37 -41]
[228 35 -41]
[228 36 -41]
[228 21 -29]
[228 117 20]
[228 25 -37]
[228 25 -38]
[228 63 -44]
[228 49 -45]
[228 50 -45]
[228 39 -45]
[228 38 -45]
[228 46 -44]
[228 46 -45]
[228 45 -45]
[228 18 -25]
[228 22 -33]
[228 37 -42]
[228 45 -42]
[228 63 -45]
[228 56 -45]
[228 57 -45]
[228 32 -40]
[228 51 -45]
[228 33 -40]
[228 30 -37]
[228 17 -23]
[228 41 -44]
[228 40 -45]
[228 21 -33]
[228 21 -32]
[228 17 -20]
[228 42 -45]
[228 21 -27]
[229 115 24]
[229 115 22]
[229 114 24]
[229 113 23]
[229 31 -36]
[229 29 -38]
[229 35 -42]
[229 20 -32]
[229 20 -30]
[229 60 -46]
[229 61 -46]
[229 62 -46]
[229 44 -45]
[229 44 -46]
[229 41 -45]
[229 24 -36]
[229 24 -35]
[229 42 -46]
[229 42 -44]
[229 43 -46]
[229 26 -39]
[229 24 -37]
[229 47 -46]
[229 47 -44]
[229 45 -46]
[229 46 -46]
[229 20 -29]
[229 20 -28]
[229 116 22]
[229 117 22]
[229 118 22]
[229 56 -46]
[229 58 -45]
[229 36 -43]
[229 32 -42]
[229 33 -42]
[229 38 -44]
[229 37 -44]
[229 36 -42]
[229 30 -38]
[229 22 -34]
[229 51 -46]
[229 49 -46]
[229 19 -28]
[229 19 -26]
[229 54 -46]
[229 55 -46]
[229 32 -41]
[229 31 -39]
[229 50 -46]
[229 16 -21]
[229 18 -27]
[229 18 -26]
[229 18 -28]
[229 38 -46]
[229 39 -46]
[229 20 -31]
[229 20 -33]
[229 63 -46]
[229 64 -44]
[229 40 -46]
[229 58 -46]
[229 53 -46]
[229 41 -46]
[229 57 -46]
[229 16 -23]
[229 21 -34]
[229 52 -45]
[229 64 -46]
[229 64 -45]
[230 19 -29]
[230 61 -47]
[230 35 -43]
[230 58 -47]
[230 65 -44]
[230 48 -46]
[230 50 -47]
[230 46 -47]
[230 44 -47]
[230 40 -47]
[230 53 -47]
[230 17 -28]
[230 17 -27]
[230 18 -29]
[230 60 -47]
[230 56 -47]
[230 49 -47]
[230 27 -40]
[230 26 -40]
[230 25 -40]
[230 25 -39]
[230 59 -46]
[230 43 -47]
[230 116 23]
[230 22 -35]
[230 39 -47]
[230 52 -46]
[230 51 -47]
[230 41 -47]
[230 65 -45]
[230 54 -47]
[230 37 -45]
[230 37 -47]
[230 37 -46]
[230 31 -40]
[230 30 -39]
[230 15 -21]
[230 15 -22]
[230 17 -21]
[230 115 23]
[230 35 -44]
[230 34 -43]
[230 31 -41]
[230 23 -37]
[230 15 -24]
[230 23 -36]
[230 24 -38]
[230 20 -34]
[230 19 -31]
[230 19 -32]
[230 42 -47]
[230 17 -26]
[230 31 -42]
[230 31 -43]
[230 33 -43]
[230 114 22]
[230 112 23]
[230 113 25]
[230 19 -34]
[230 116 24]
[230 115 25]
[230 116 25]
[230 118 23]
[230 118 21]
[230 119 22]
[231 57 -48]
[231 27 -41]
[231 28 -40]
[231 27 -39]
[231 45 -48]
[231 44 -48]
[231 56 -48]
[231 113 24]
[231 40 -48]
[231 39 -48]
[231 41 -48]
[231 32 -44]
[231 32 -43]
[231 30 -44]
[231 30 -43]
[231 30 -42]
[231 49 -48]
[231 48 -47]
[231 50 -48]
[231 51 -48]
[231 16 -27]
[231 16 -28]
[231 55 -47]
[231 53 -48]
[231 54 -48]
[231 30 -41]
[231 19 -35]
[231 20 -35]
[231 21 -35]
[231 22 -38]
[231 52 -48]
[231 18 -32]
[231 19 -33]
[231 114 26]
[231 116 26]
[231 24 -40]
[231 24 -39]
[231 18 -33]
[231 52 -47]
[231 34 -42]
[231 30 -40]
[231 16 -20]
[231 19 -30]
[231 17 -30]
[231 17 -29]
[231 112 24]
[231 114 25]
[231 25 -41]
[231 26 -41]
[231 117 25]
[231 117 23]
[231 34 -44]
[231 36 -44]
[231 34 -45]
[231 35 -45]
[231 18 -31]
[231 15 -25]
[231 16 -24]
[231 42 -48]
[231 38 -47]
[231 36 -45]
[231 36 -47]
[231 15 -23]
[231 16 -22]
[231 14 -23]
[231 21 -36]
[231 16 -26]
[231 117 24]
[231 118 24]
[231 18 -30]
[231 36 -46]
[231 36 -48]
[231 29 -39]
[231 115 26]
[231 117 26]
[231 47 -47]
[231 33 -44]
[231 47 -48]
[231 17 -25]
[231 22 -36]
[231 23 -35]
[231 22 -37]
[232 15 -27]
[232 29 -41]
[232 29 -43]
[232 17 -31]
[232 40 -49]
[232 38 -48]
[232 39 -49]
[232 35 -47]
[232 35 -48]
[232 36 -49]
[232 37 -48]
[232 13 -24]
[232 14 -24]
[232 51 -49]
[232 18 -34]
[232 34 -46]
[232 33 -45]
[232 113 26]
[232 48 -49]
[232 48 -48]
[232 44 -49]
[232 45 -47]
[232 46 -48]
[232 45 -49]
[232 116 27]
[232 118 26]
[232 28 -39]
[232 27 -42]
[232 16 -25]
[232 17 -24]
[232 17 -33]
[232 16 -29]
[232 15 -28]
[232 43 -48]
[232 43 -49]
[232 17 -34]
[232 32 -45]
[232 31 -44]
[232 16 -30]
[232 15 -26]
[232 57 -47]
[232 20 -36]
[232 18 -36]
[232 114 27]
[232 55 -48]
[232 42 -49]
[232 14 -25]
[232 56 -49]
[232 53 -49]
[232 33 -46]
[232 21 -38]
[232 23 -38]
[232 29 -42]
[232 22 -39]
[232 21 -39]
[232 23 -39]
[232 24 -42]
[232 26 -42]
[232 46 -49]
[232 47 -49]
[232 118 25]
[232 52 -49]
[232 41 -49]
[232 29 -40]
[232 28 -41]
[232 115 27]
[232 54 -49]
[232 16 -31]
[232 23 -40]
[232 23 -41]
[232 24 -41]
[232 111 23]
[232 111 24]
[233 32 -46]
[233 115 28]
[233 114 28]
[233 13 -25]
[233 40 -50]
[233 41 -50]
[233 55 -49]
[233 21 -37]
[233 20 -37]
[233 23 -42]
[233 23 -43]
[233 25 -42]
[233 25 -43]
[233 24 -43]
[233 14 -28]
[233 14 -29]
[233 34 -48]
[233 22 -41]
[233 22 -42]
[233 16 -35]
[233 16 -34]
[233 17 -35]
[233 22 -40]
[233 48 -50]
[233 47 -50]
[233 117 28]
[233 17 -32]
[233 16 -32]
[233 28 -42]
[233 34 -47]
[233 35 -49]
[233 50 -49]
[233 50 -50]
[233 35 -46]
[233 119 25]
[233 119 27]
[233 28 -43]
[233 37 -49]
[233 45 -50]
[233 15 -29]
[233 15 -31]
[233 43 -50]
[233 16 -33]
[233 38 -49]
[233 49 -49]
[233 49 -50]
[233 119 24]
[233 27 -43]
[233 26 -43]
[233 28 -44]
[233 29 -44]
[233 21 -40]
[233 53 -50]
[233 55 -50]
[233 54 -50]
[233 17 -36]
[233 17 -37]
[233 19 -37]
[233 19 -36]
[233 18 -35]
[233 18 -37]
[233 35 -50]
[233 52 -50]
[233 39 -50]
[233 33 -47]
[233 14 -27]
[233 14 -26]
[233 42 -50]
[233 31 -45]
[233 15 -30]
[233 12 -24]
[233 12 -23]
[234 31 -47]
[234 31 -46]
[234 40 -51]
[234 41 -51]
[234 36 -50]
[234 34 -49]
[234 34 -50]
[234 15 -34]
[234 15 -32]
[234 13 -27]
[234 20 -39]
[234 20 -40]
[234 21 -41]
[234 120 25]
[234 18 -38]
[234 14 -30]
[234 14 -31]
[234 14 -32]
[234 38 -51]
[234 38 -50]
[234 33 -49]
[234 54 -51]
[234 55 -51]
[234 28 -45]
[234 27 -44]
[234 22 -43]
[234 21 -42]
[234 21 -43]
[234 120 24]
[234 119 26]
[234 52 -51]
[234 12 -26]
[234 29 -45]
[234 30 -45]
[234 25 -44]
[234 51 -51]
[234 49 -51]
[234 118 29]
[234 118 27]
[234 116 29]
[234 35 -51]
[234 33 -48]
[234 37 -50]
[234 16 -38]
[234 11 -25]
[234 11 -24]
[234 12 -25]
[234 32 -47]
[234 11 -23]
[234 42 -51]
[234 44 -50]
[234 16 -36]
[234 15 -36]
[234 48 -51]
[234 50 -51]
[234 30 -46]
[234 24 -44]
[234 45 -51]
[234 44 -51]
[234 46 -50]
[234 46 -51]
[234 23 -44]
[234 56 -51]
[234 13 -28]
[234 13 -30]
[234 17 -38]
[234 118 28]
[234 120 26]
[235 25 -45]
[235 16 -37]
[235 17 -39]
[235 119 28]
[235 117 27]
[235 117 29]
[235 50 -52]
[235 32 -50]
[235 32 -48]
[235 32 -49]
[235 12 -27]
[235 13 -26]
[235 26 -44]
[235 26 -45]
[235 29 -46]
[235 27 -45]
[235 28 -46]
[235 37 -51]
[235 43 -51]
[235 42 -52]
[235 13 -29]
[235 13 -31]
[235 20 -43]
[235 20 -42]
[235 21 -44]
[235 22 -44]
[235 119 30]
[235 119 29]
[235 10 -22]
[235 10 -24]
[235 55 -52]
[235 54 -52]
[235 38 -52]
[235 39 -51]
[235 39 -52]
[235 31 -48]
[235 30 -48]
[235 30 -47]
[235 24 -45]
[235 51 -50]
[235 15 -35]
[235 10 -25]
[235 10 -23]
[235 43 -52]
[235 41 -52]
[235 120 23]
[235 46 -52]
[235 44 -52]
[235 47 -51]
[235 40 -52]
[235 53 -51]
[235 115 29]
[235 33 -50]
[235 15 -33]
[235 13 -33]
[235 36 -51]
[235 35 -52]
[235 19 -41]
[235 20 -41]
[235 11 -27]
[235 47 -52]
[235 56 -52]
[235 57 -50]
[235 15 -37]
[235 16 -39]
[235 13 -32]
[235 53 -52]
[235 19 -38]
[235 19 -40]
[235 14 -35]
[235 120 27]
[235 12 -28]
[235 33 -51]
[235 14 -33]
[235 14 -34]
[236 26 -46]
[236 9 -22]
[236 9 -23]
[236 18 -40]
[236 18 -39]
[236 17 -40]
[236 11 -28]
[236 10 -28]
[236 12 -30]
[236 23 -45]
[236 21 -45]
[236 28 -47]
[236 29 -47]
[236 119 31]
[236 120 31]
[236 120 30]
[236 12 -33]
[236 12 -31]
[236 55 -53]
[236 54 -53]
[236 48 -52]
[236 31 -50]
[236 52 -52]
[236 120 28]
[236 120 29]
[236 11 -26]
[236 46 -53]
[236 47 -53]
[236 37 -53]
[236 51 -52]
[236 49 -53]
[236 30 -49]
[236 31 -49]
[236 32 -51]
[236 25 -46]
[236 27 -46]
[236 36 -52]
[236 37 -52]
[236 116 28]
[236 34 -53]
[236 34 -51]
[236 57 -52]
[236 57 -51]
[236 33 -52]
[236 32 -52]
[236 12 -32]
[236 43 -53]
[236 29 -48]
[236 13 -36]
[236 13 -34]
[236 45 -52]
[236 44 -53]
[236 119 23]
[236 41 -53]
[236 19 -42]
[236 29 -49]
[236 24 -46]
[236 23 -46]
[236 16 -40]
[236 15 -39]
[236 14 -36]
[236 53 -53]
[236 58 -50]
[236 19 -44]
[236 20 -44]
[236 22 -45]
[236 18 -41]
[236 19 -39]
[236 15 -38]
[236 14 -37]
[236 9 -25]
[236 10 -26]
[236 9 -24]
[236 52 -53]
[236 38 -53]
[236 40 -53]
[237 18 -42]
[237 121 30]
[237 18 -43]
[237 18 -45]
[237 42 -54]
[237 42 -53]
[237 44 -54]
[237 11 -33]
[237 11 -34]
[237 11 -30]
[237 11 -31]
[237 12 -29]
[237 11 -29]
[237 25 -47]
[237 56 -53]
[237 28 -48]
[237 28 -49]
[237 48 -54]
[237 48 -53]
[237 119 32]
[237 39 -53]
[237 40 -54]
[237 39 -54]
[237 45 -54]
[237 43 -54]
[237 19 -45]
[237 20 -45]
[237 8 -21]
[237 8 -22]
[237 10 -21]
[237 13 -38]
[237 22 -46]
[237 21 -46]
[237 26 -47]
[237 27 -47]
[237 30 -50]
[237 118 30]
[237 51 -53]
[237 17 -41]
[237 36 -53]
[237 41 -54]
[237 45 -53]
[237 47 -54]
[237 46 -54]
[237 15 -40]
[237 14 -39]
[237 14 -40]
[237 10 -27]
[237 9 -26]
[237 27 -48]
[237 49 -52]
[237 50 -54]
[237 11 -32]
[237 8 -23]
[237 8 -24]
[237 10 -29]
[237 52 -54]
[237 51 -54]
[237 13 -35]
[237 12 -34]
[237 32 -53]
[237 31 -53]
[237 121 29]
[237 33 -53]
[237 34 -52]
[237 35 -53]
[237 31 -52]
[237 31 -51]
[237 59 -51]
[237 58 -51]
[237 59 -50]
[237 8 -26]
[237 14 -38]
[237 53 -54]
[237 55 -54]
[237 24 -47]
[237 17 -42]
[237 38 -54]
[237 29 -50]
[238 49 -54]
[238 9 -27]
[238 13 -39]
[238 13 -40]
[238 13 -41]
[238 7 -25]
[238 7 -27]
[238 7 -26]
[238 8 -27]
[238 10 -31]
[238 24 -48]
[238 30 -51]
[238 23 -48]
[238 23 -47]
[238 16 -41]
[238 16 -42]
[238 41 -55]
[238 60 -49]
[238 45 -55]
[238 47 -55]
[238 46 -55]
[238 12 -37]
[238 13 -37]
[238 33 -54]
[238 32 -54]
[238 50 -55]
[238 51 -55]
[238 52 -55]
[238 10 -30]
[238 12 -36]
[238 12 -35]
[238 9 -29]
[238 9 -28]
[238 9 -30]
[238 50 -53]
[238 30 -54]
[238 30 -52]
[238 31 -54]
[238 19 -46]
[238 18 -44]
[238 18 -46]
[238 17 -44]
[238 17 -43]
[238 19 -43]
[238 36 -54]
[238 37 -54]
[238 9 -21]
[238 10 -20]
[238 11 -21]
[238 118 31]
[238 119 33]
[238 118 33]
[238 7 -24]
[238 7 -23]
[238 54 -54]
[238 10 -33]
[238 44 -55]
[238 43 -55]
[238 42 -55]
[238 8 -25]
[238 20 -46]
[238 117 30]
[238 16 -43]
[238 22 -47]
[238 21 -47]
[238 48 -55]
[238 20 -47]
[238 27 -49]
[238 26 -49]
[238 26 -48]
[238 28 -51]
[238 29 -51]
[238 40 -55]
[238 39 -55]
[238 7 -20]
[238 17 -46]
[238 7 -21]
[238 7 -22]
[239 38 -55]
[239 51 -56]
[239 11 -37]
[239 9 -34]
[239 10 -32]
[239 18 -47]
[239 19 -47]
[239 15 -41]
[239 15 -43]
[239 6 -21]
[239 6 -23]
[239 6 -22]
[239 6 -20]
[239 6 -19]
[239 11 -19]
[239 10 -19]
[239 9 -19]
[239 49 -55]
[239 29 -55]
[239 29 -54]
[239 60 -50]
[239 33 -55]
[239 32 -55]
[239 12 -42]
[239 12 -41]
[239 14 -41]
[239 7 -28]
[239 6 -28]
[239 8 -28]
[239 17 -45]
[239 16 -45]
[239 21 -48]
[239 118 32]
[239 15 -44]
[239 16 -44]
[239 9 -31]
[239 9 -32]
[239 42 -56]
[239 43 -56]
[239 11 -35]
[239 44 -56]
[239 45 -56]
[239 19 -48]
[239 27 -52]
[239 28 -52]
[239 29 -52]
[239 28 -50]
[239 22 -48]
[239 29 -53]
[239 30 -53]
[239 25 -48]
[239 46 -56]
[239 47 -56]
[239 8 -29]
[239 8 -20]
[239 9 -20]
[239 12 -38]
[239 118 34]
[239 6 -26]
[239 6 -25]
[239 6 -24]
[239 11 -20]
[239 120 32]
[239 40 -56]
[239 25 -49]
[239 23 -49]
[239 35 -55]
[239 36 -55]
[239 27 -50]
[239 26 -50]
[239 6 -27]
[239 50 -56]
[239 39 -56]
[239 25 -50]
[239 16 -47]
[239 12 -39]
[240 46 -57]
[240 44 -57]
[240 121 31]
[240 120 33]
[240 121 32]
[240 14 -42]
[240 28 -54]
[240 28 -53]
[240 7 -18]
[240 7 -19]
[240 6 -18]
[240 5 -19]
[240 5 -18]
[240 45 -57]
[240 24 -51]
[240 24 -49]
[240 24 -50]
[240 26 -51]
[240 7 -29]
[240 6 -29]
[240 34 -55]
[240 36 -56]
[240 34 -56]
[240 35 -56]
[240 49 -56]
[240 49 -57]
[240 51 -57]
[240 50 -57]
[240 8 -19]
[240 37 -56]
[240 37 -55]
[240 40 -57]
[240 11 -41]
[240 11 -43]
[240 11 -42]
[240 15 -42]
[240 21 -49]
[240 15 -47]
[240 16 -48]
[240 16 -46]
[240 18 -48]
[240 14 -44]
[240 27 -51]
[240 27 -53]
[240 5 -26]
[240 5 -27]
[240 22 -49]
[240 20 -49]
[240 25 -51]
[240 18 -49]
[240 20 -48]
[240 19 -49]
[240 30 -56]
[240 52 -56]
[240 5 -25]
[240 5 -24]
[240 5 -22]
[240 11 -38]
[240 5 -23]
[240 41 -57]
[240 41 -56]
[240 5 -29]
[240 5 -28]
[240 11 -18]
[240 10 -34]
[240 15 -45]
[240 14 -43]
[240 30 -55]
[240 28 -55]
[240 15 -46]
[240 13 -42]
[240 12 -40]
[240 11 -39]
[240 9 -35]
[240 31 -56]
[240 33 -56]
[240 47 -57]
[240 10 -38]
[240 10 -37]
[241 4 -26]
[241 5 -17]
[241 4 -19]
[241 45 -58]
[241 44 -58]
[241 48 -57]
[241 6 -30]
[241 9 -18]
[241 26 -52]
[241 25 -52]
[241 4 -24]
[241 5 -30]
[241 4 -28]
[241 22 -50]
[241 23 -50]
[241 21 -50]
[241 35 -54]
[241 34 -54]
[241 51 -58]
[241 50 -58]
[241 39 -57]
[241 24 -52]
[241 11 -40]
[241 10 -41]
[241 10 -42]
[241 6 -17]
[241 7 -17]
[241 27 -54]
[241 26 -54]
[241 26 -53]
[241 46 -58]
[241 10 -40]
[241 17 -49]
[241 17 -48]
[241 4 -23]
[241 4 -27]
[241 12 -44]
[241 32 -56]
[241 31 -57]
[241 32 -57]
[241 4 -20]
[241 35 -57]
[241 13 -43]
[241 12 -43]
[241 43 -57]
[241 14 -46]
[241 23 -51]
[241 20 -50]
[241 19 -50]
[241 121 33]
[241 5 -21]
[241 10 -39]
[241 36 -57]
[241 49 -58]
[241 14 -45]
[241 29 -57]
[241 29 -56]
[241 31 -55]
[241 41 -58]
[241 27 -56]
[241 4 -25]
[241 11 -17]
[241 12 -19]
[241 12 -17]
[241 17 -47]
[241 48 -58]
[241 13 -44]
[241 8 -18]
[241 9 -37]
[241 9 -38]
[241 15 -48]
[241 15 -49]
[241 34 -57]
[241 33 -57]
[241 8 -17]
[242 12 -45]
[242 13 -45]
[242 7 -30]
[242 7 -31]
[242 5 -31]
[242 45 -59]
[242 43 -59]
[242 44 -59]
[242 14 -48]
[242 14 -49]
[242 16 -50]
[242 26 -57]
[242 4 -22]
[242 33 -58]
[242 12 -18]
[242 13 -46]
[242 9 -16]
[242 9 -17]
[242 25 -53]
[242 24 -53]
[242 37 -57]
[242 37 -58]
[242 36 -58]
[242 9 -40]
[242 9 -42]
[242 4 -18]
[242 5 -20]
[242 3 -19]
[242 16 -49]
[242 4 -30]
[242 4 -31]
[242 30 -58]
[242 29 -58]
[242 28 -58]
[242 28 -56]
[242 28 -57]
[242 23 -53]
[242 35 -58]
[242 51 -59]
[242 38 -58]
[242 40 -58]
[242 38 -57]
[242 21 -51]
[242 4 -17]
[242 4 -16]
[242 22 -51]
[242 23 -52]
[242 49 -59]
[242 11 -44]
[242 3 -27]
[242 3 -29]
[242 17 -50]
[242 18 -50]
[242 3 -25]
[242 3 -24]
[242 3 -23]
[242 12 -16]
[242 10 -18]
[242 10 -17]
[242 10 -16]
[242 14 -47]
[242 13 -47]
[242 48 -56]
[242 47 -58]
[242 9 -41]
[242 48 -59]
[242 20 -51]
[242 18 -51]
[242 8 -38]
[242 8 -37]
[242 8 -39]
[242 32 -58]
[242 30 -57]
[242 46 -59]
[242 47 -59]
[242 40 -59]
[242 42 -58]
[242 3 -28]
[242 27 -55]
[242 25 -54]
[242 7 -16]
[242 5 -16]
[242 42 -57]
[243 3 -20]
[243 27 -58]
[243 27 -59]
[243 15 -50]
[243 3 -31]
[243 3 -30]
[243 5 -15]
[243 6 -16]
[243 39 -58]
[243 38 -56]
[243 17 -51]
[243 19 -52]
[243 17 -52]
[243 13 -49]
[243 13 -48]
[243 34 -59]
[243 34 -58]
[243 11 -16]
[243 2 -23]
[243 2 -22]
[243 10 -45]
[243 10 -43]
[243 10 -44]
[243 11 -45]
[243 31 -58]
[243 46 -60]
[243 41 -59]
[243 43 -58]
[243 32 -59]
[243 33 -59]
[243 21 -52]
[243 24 -54]
[243 25 -55]
[243 12 -47]
[243 14 -50]
[243 4 -29]
[243 2 -29]
[243 22 -54]
[243 47 -60]
[243 20 -52]
[243 42 -59]
[243 42 -60]
[243 7 -38]
[243 6 -31]
[243 26 -56]
[243 26 -55]
[243 3 -16]
[243 3 -17]
[243 30 -59]
[243 2 -26]
[243 2 -27]
[243 16 -51]
[243 12 -46]
[243 11 -46]
[243 10 -15]
[243 9 -15]
[243 11 -15]
[243 36 -59]
[243 50 -59]
[243 2 -24]
[243 52 -59]
[243 52 -60]
[243 50 -60]
[243 51 -60]
[243 8 -40]
[243 2 -28]
[243 6 -15]
[243 44 -60]
[243 45 -60]
[243 12 -15]
[243 40 -60]
[243 39 -60]
[243 39 -59]
[243 8 -16]
[243 25 -58]
[243 25 -56]
[243 26 -58]
[243 7 -39]
[243 9 -39]
[243 48 -60]
[243 2 -25]
[243 19 -51]
[243 37 -59]
[243 6 -32]
[243 4 -32]
[243 8 -42]
[243 8 -43]
[243 9 -43]
[243 27 -57]
[243 43 -60]
[244 11 -14]
[244 45 -61]
[244 10 -46]
[244 2 -32]
[244 2 -30]
[244 49 -60]
[244 50 -61]
[244 7 -15]
[244 5 -14]
[244 47 -61]
[244 48 -61]
[244 46 -61]
[244 9 -44]
[244 8 -44]
[244 49 -61]
[244 23 -55]
[244 8 -15]
[244 41 -60]
[244 15 -51]
[244 14 -51]
[244 11 -47]
[244 6 -39]
[244 1 -22]
[244 2 -21]
[244 1 -21]
[244 41 -61]
[244 43 -61]
[244 42 -61]
[244 7 -42]
[244 7 -44]
[244 7 -41]
[244 51 -61]
[244 19 -53]
[244 18 -52]
[244 4 -15]
[244 6 -14]
[244 31 -59]
[244 31 -60]
[244 26 -59]
[244 27 -60]
[244 28 -59]
[244 22 -53]
[244 3 -26]
[244 1 -27]
[244 1 -26]
[244 13 -50]
[244 40 -61]
[244 1 -24]
[244 12 -48]
[244 12 -49]
[244 25 -57]
[244 38 -60]
[244 38 -59]
[244 39 -61]
[244 3 -33]
[244 3 -32]
[244 5 -33]
[244 4 -33]
[244 6 -33]
[244 5 -32]
[244 24 -55]
[244 9 -45]
[244 10 -14]
[244 9 -14]
[244 1 -23]
[244 18 -53]
[244 16 -52]
[244 1 -28]
[244 52 -61]
[244 24 -59]
[244 24 -57]
[244 21 -55]
[244 23 -54]
[244 21 -54]
[244 24 -56]
[244 29 -60]
[244 29 -59]
[244 1 -29]
[244 44 -61]
[244 34 -60]
[244 35 -60]
[244 32 -60]
[244 35 -59]
[244 36 -60]
[244 37 -60]
[244 21 -53]
[244 8 -14]
[244 12 -14]
[245 30 -61]
[245 30 -60]
[245 31 -61]
[245 2 -31]
[245 2 -33]
[245 49 -62]
[245 51 -62]
[245 6 -40]
[245 6 -41]
[245 7 -40]
[245 8 -41]
[245 8 -45]
[245 7 -43]
[245 6 -44]
[245 7 -45]
[245 13 -52]
[245 11 -49]
[245 13 -14]
[245 13 -13]
[245 13 -15]
[245 48 -62]
[245 11 -13]
[245 10 -13]
[245 7 -34]
[245 7 -33]
[245 5 -34]
[245 38 -61]
[245 6 -43]
[245 6 -42]
[245 9 -46]
[245 23 -56]
[245 35 -61]
[245 34 -61]
[245 29 -61]
[245 28 -61]
[245 4 -34]
[245 3 -34]
[245 19 -54]
[245 17 -53]
[245 37 -61]
[245 36 -61]
[245 0 -22]
[245 9 -13]
[245 20 -55]
[245 22 -55]
[245 6 -34]
[245 22 -56]
[245 22 -52]
[245 8 -46]
[245 15 -52]
[245 15 -53]
[245 33 -61]
[245 32 -61]
[245 24 -60]
[245 23 -58]
[245 23 -59]
[245 25 -60]
[245 46 -62]
[245 43 -62]
[245 20 -54]
[245 20 -53]
[245 0 -28]
[245 7 -13]
[245 7 -14]
[245 8 -13]
[245 0 -27]
[245 41 -62]
[245 39 -62]
[245 0 -21]
[245 11 -48]
[245 12 -51]
[245 14 -52]
[245 50 -62]
[245 38 -62]
[245 4 -14]
[245 6 -13]
[245 40 -62]
[245 26 -60]
[245 27 -61]
[245 26 -61]
[245 45 -62]
[245 5 -13]
[245 1 -32]
[245 1 -31]
[245 10 -48]
[245 10 -47]
[245 47 -62]
[245 0 -20]
[245 1 -20]
[245 23 -57]
[246 30 -62]
[246 31 -62]
[246 8 -47]
[246 9 -47]
[246 13 -51]
[246 12 -52]
[246 39 -63]
[246 38 -63]
[246 16 -53]
[246 33 -62]
[246 33 -60]
[246 22 -58]
[246 24 -58]
[246 49 -63]
[246 47 -63]
[246 48 -63]
[246 3 -14]
[246 8 -35]
[246 8 -34]
[246 28 -62]
[246 27 -62]
[246 21 -56]
[246 0 -30]
[246 5 -41]
[246 5 -40]
[246 -1 -28]
[246 9 -12]
[246 10 -12]
[246 8 -12]
[246 13 -53]
[246 11 -50]
[246 10 -50]
[246 5 -35]
[246 17 -54]
[246 18 -54]
[246 22 -59]
[246 4 -35]
[246 11 -51]
[246 11 -52]
[246 12 -50]
[246 37 -62]
[246 50 -63]
[246 5 -12]
[246 6 -12]
[246 4 -12]
[246 6 -46]
[246 6 -45]
[246 46 -63]
[246 45 -63]
[246 0 -32]
[246 0 -33]
[246 0 -31]
[246 1 -33]
[246 19 -55]
[246 18 -55]
[246 14 -13]
[246 29 -62]
[246 28 -60]
[246 5 -42]
[246 25 -59]
[246 24 -61]
[246 25 -61]
[246 -1 -29]
[246 44 -63]
[246 42 -63]
[246 32 -62]
[246 34 -62]
[246 3 -35]
[246 41 -63]
[246 7 -47]
[246 44 -62]
[246 1 -19]
[246 -1 -20]
[246 5 -44]
[246 5 -45]
[246 1 -34]
[246 2 -34]
[246 5 -43]
[246 9 -48]
[246 10 -49]
[246 36 -62]
[246 7 -12]
[246 22 -57]
[246 35 -62]
[246 42 -62]
[246 40 -63]
[246 16 -54]
[246 14 -54]
[247 9 -50]
[247 47 -64]
[247 40 -64]
[247 38 -64]
[247 4 -42]
[247 10 -53]
[247 12 -53]
[247 17 -55]
[247 4 -41]
[247 30 -63]
[247 29 -63]
[247 27 -63]
[247 26 -63]
[247 4 -43]
[247 4 -45]
[247 4 -44]
[247 44 -64]
[247 45 -64]
[247 10 -51]
[247 9 -49]
[247 -2 -20]
[247 -2 -21]
[247 -1 -31]
[247 -1 -32]
[247 18 -56]
[247 21 -57]
[247 41 -64]
[247 21 -59]
[247 21 -58]
[247 13 -54]
[247 15 -54]
[247 15 -55]
[247 49 -64]
[247 14 -53]
[247 43 -63]
[247 42 -64]
[247 9 -11]
[247 25 -62]
[247 23 -61]
[247 14 -12]
[247 13 -12]
[247 -1 -30]
[247 1 -30]
[247 -2 -30]
[247 0 -29]
[247 -2 -29]
[247 32 -63]
[247 31 -63]
[247 33 -63]
[247 5 -11]
[247 3 -15]
[247 4 -40]
[247 1 -35]
[247 0 -34]
[247 34 -63]
[247 37 -64]
[247 2 -35]
[247 21 -60]
[247 3 -36]
[247 8 -11]
[247 6 -11]
[247 4 -11]
[247 7 -48]
[247 6 -47]
[247 36 -63]
[247 0 -19]
[247 26 -62]
[247 7 -11]
[247 -1 -33]
[247 28 -63]
[247 16 -55]
[247 7 -46]
[247 5 -46]
[247 51 -64]
[247 51 -63]
[247 50 -64]
[247 4 -46]
[247 11 -53]
[248 20 -58]
[248 12 -13]
[248 3 -44]
[248 3 -43]
[248 -2 -31]
[248 25 -63]
[248 27 -64]
[248 26 -64]
[248 36 -65]
[248 37 -65]
[248 38 -65]
[248 37 -63]
[248 10 -10]
[248 9 -10]
[248 10 -11]
[248 34 -64]
[248 32 -64]
[248 -1 -34]
[248 -2 -32]
[248 -2 -34]
[248 20 -59]
[248 20 -60]
[248 48 -65]
[248 28 -64]
[248 22 -61]
[248 39 -65]
[248 39 -64]
[248 45 -65]
[248 41 -65]
[248 3 -41]
[248 14 -56]
[248 14 -55]
[248 8 -50]
[248 8 -49]
[248 42 -65]
[248 43 -64]
[248 49 -65]
[248 50 -65]
[248 3 -46]
[248 5 -47]
[248 3 -45]
[248 36 -64]
[248 35 -64]
[248 1 -36]
[248 0 -35]
[248 0 -36]
[248 9 -53]
[248 10 -52]
[248 11 -54]
[248 9 -51]
[248 9 -52]
[248 15 -56]
[248 3 -42]
[248 52 -63]
[248 52 -64]
[248 35 -63]
[248 33 -64]
[248 24 -62]
[248 6 -10]
[248 44 -65]
[248 30 -64]
[248 20 -61]
[248 22 -60]
[248 -2 -19]
[248 -3 -20]
[248 40 -65]
[248 0 -18]
[248 -1 -18]
[248 -1 -19]
[248 4 -47]
[248 16 -56]
[248 17 -56]
[248 6 -48]
[248 7 -49]
[248 -1 -35]
[248 31 -64]
[248 2 -37]
[248 17 -57]
[248 19 -56]
[248 7 -10]
[248 46 -64]
[248 48 -64]
[248 47 -65]
[248 -2 -33]
[248 5 -10]
[248 4 -10]
[248 -3 -21]
[248 -1 -21]
[248 -3 -22]
[248 12 -54]
[248 13 -55]
[248 8 -51]
[248 29 -64]
[249 15 -57]
[249 -3 -31]
[249 -3 -32]
[249 34 -65]
[249 18 -57]
[249 5 -9]
[249 6 -9]
[249 7 -9]
[249 8 -52]
[249 48 -66]
[249 47 -66]
[249 2 -44]
[249 2 -46]
[249 12 -55]
[249 4 -9]
[249 6 -49]
[249 5 -49]
[249 19 -57]
[249 20 -57]
[249 43 -65]
[249 8 -53]
[249 8 -54]
[249 46 -65]
[249 19 -60]
[249 19 -62]
[249 21 -61]
[249 35 -65]
[249 37 -66]
[249 11 -11]
[249 10 -9]
[249 7 -50]
[249 7 -51]
[249 -3 -34]
[249 -3 -33]
[249 21 -62]
[249 23 -60]
[249 28 -65]
[249 30 -65]
[249 51 -65]
[249 3 -47]
[249 4 -48]
[249 1 -37]
[249 0 -37]
[249 2 -36]
[249 8 -10]
[249 46 -66]
[249 44 -66]
[249 -4 -20]
[249 -3 -19]
[249 2 -42]
[249 16 -57]
[249 8 -48]
[249 49 -66]
[249 -3 -23]
[249 -2 -22]
[249 38 -66]
[249 -3 -35]
[249 31 -65]
[249 32 -65]
[249 -3 -18]
[249 -2 -18]
[249 40 -66]
[249 45 -66]
[249 14 -57]
[249 13 -57]
[249 2 -40]
[249 26 -65]
[249 19 -58]
[249 43 -66]
[249 42 -66]
[249 17 -58]
[249 16 -58]
[249 18 -58]
[249 27 -65]
[249 29 -65]
[249 33 -65]
[249 52 -62]
[249 2 -45]
[249 2 -47]
[249 11 -9]
[249 24 -63]
[249 24 -64]
[249 25 -64]
[249 41 -66]
[249 -4 -22]
[249 -1 -17]
[249 0 -17]
[249 -2 -17]
[249 25 -65]
[249 50 -66]
[250 15 -58]
[250 46 -67]
[250 48 -67]
[250 -4 -32]
[250 7 -52]
[250 9 -54]
[250 7 -54]
[250 1 -47]
[250 -2 -35]
[250 -2 -36]
[250 -3 -36]
[250 -4 -34]
[250 -4 -35]
[250 -5 -21]
[250 -4 -21]
[250 36 -66]
[250 1 -44]
[250 1 -46]
[250 5 -8]
[250 -3 -17]
[250 -2 -23]
[250 -4 -24]
[250 -4 -19]
[250 -4 -18]
[250 20 -56]
[250 1 -42]
[250 2 -41]
[250 1 -41]
[250 2 -43]
[250 30 -66]
[250 32 -66]
[250 31 -66]
[250 -1 -22]
[250 18 -59]
[250 33 -66]
[250 37 -67]
[250 38 -67]
[250 22 -62]
[250 20 -62]
[250 10 -8]
[250 39 -67]
[250 39 -66]
[250 17 -59]
[250 47 -67]
[250 45 -67]
[250 -4 -33]
[250 35 -66]
[250 34 -66]
[250 12 -11]
[250 23 -63]
[250 23 -62]
[250 41 -67]
[250 42 -67]
[250 29 -66]
[250 11 -56]
[250 13 -56]
[250 11 -55]
[250 -5 -20]
[250 1 -45]
[250 6 -51]
[250 4 -50]
[250 6 -50]
[250 5 -48]
[250 26 -66]
[250 51 -66]
[250 50 -67]
[250 2 -38]
[250 28 -66]
[250 5 -50]
[250 4 -49]
[250 6 -8]
[250 7 -8]
[250 43 -67]
[250 12 -57]
[250 12 -56]
[250 1 -39]
[250 53 -63]
[250 -1 -38]
[250 -1 -36]
[250 0 -38]
[250 -1 -37]
[250 8 -9]
[250 25 -66]
[250 24 -66]
[250 20 -63]
[250 18 -61]
[250 18 -63]
[250 19 -61]
[250 11 -8]
[250 -1 -16]
[250 24 -65]
[250 13 -58]
[250 44 -67]
[250 15 -59]
[250 9 -55]
[250 7 -55]
[250 1 -17]
[250 1 -18]
[250 27 -66]
[250 2 -48]
[250 -2 -16]
[251 1 -43]
[251 16 -59]
[251 18 -60]
[251 11 -57]
[251 44 -68]
[251 42 -68]
[251 43 -68]
[251 -5 -22]
[251 12 -58]
[251 11 -58]
[251 22 -63]
[251 22 -64]
[251 -5 -32]
[251 -5 -31]
[251 -5 -19]
[251 -4 -17]
[251 -5 -18]
[251 -5 -35]
[251 -4 -36]
[251 -5 -34]
[251 2 -39]
[251 13 -59]
[251 14 -59]
[251 14 -58]
[251 4 -51]
[251 5 -51]
[251 0 -45]
[251 0 -44]
[251 32 -67]
[251 41 -68]
[251 -5 -33]
[251 -2 -39]
[251 -1 -39]
[251 -2 -38]
[251 -2 -37]
[251 1 -40]
[251 0 -41]
[251 0 -40]
[251 10 -57]
[251 10 -56]
[251 8 -8]
[251 9 -8]
[251 10 -54]
[251 10 -55]
[251 17 -60]
[251 19 -59]
[251 25 -67]
[251 15 -60]
[251 14 -60]
[251 11 -12]
[251 12 -12]
[251 36 -68]
[251 -2 -15]
[251 -3 -37]
[251 -4 -37]
[251 -1 -23]
[251 29 -67]
[251 7 -7]
[251 31 -67]
[251 0 -43]
[251 1 -48]
[251 3 -48]
[251 2 -49]
[251 1 -49]
[251 20 -64]
[251 24 -67]
[251 23 -67]
[251 23 -65]
[251 23 -66]
[251 35 -67]
[251 36 -67]
[251 46 -68]
[251 47 -68]
[251 28 -67]
[251 27 -67]
[251 21 -63]
[251 0 -42]
[251 0 -39]
[251 6 -52]
[251 5 -52]
[251 40 -67]
[251 0 -47]
[251 38 -68]
[251 -2 -24]
[251 17 -62]
[251 6 -55]
[251 3 -49]
[251 3 -50]
[251 -6 -20]
[251 -6 -19]
[251 4 -8]
[251 6 -7]
[251 9 -9]
[251 33 -67]
[251 -4 -23]
[251 -5 -25]
[251 -5 -23]
[251 -5 -24]
[251 17 -63]
[251 19 -63]
[251 17 -64]
[251 18 -62]
[251 18 -64]
[251 45 -68]
[251 -3 -16]
[251 6 -56]
[251 8 -56]
[251 1 -38]
[252 0 -48]
[252 0 -46]
[252 -1 -46]
[252 -3 -15]
[252 41 -69]
[252 42 -69]
[252 2 -50]
[252 29 -68]
[252 30 -67]
[252 28 -68]
[252 20 -65]
[252 19 -65]
[252 9 -56]
[252 -5 -17]
[252 -2 -40]
[252 19 -64]
[252 13 -60]
[252 -6 -18]
[252 7 -56]
[252 5 -55]
[252 -1 -40]
[252 12 -59]
[252 7 -53]
[252 5 -53]
[252 37 -69]
[252 -6 -32]
[252 -4 -31]
[252 -6 -33]
[252 -1 -15]
[252 -3 -14]
[252 -2 -14]
[252 10 -7]
[252 12 -60]
[252 37 -68]
[252 39 -68]
[252 22 -67]
[252 22 -68]
[252 22 -66]
[252 7 -6]
[252 9 -57]
[252 9 -58]
[252 -6 -25]
[252 -6 -24]
[252 1 -50]
[252 3 -7]
[252 -1 -42]
[252 -1 -43]
[252 -1 -41]
[252 8 -7]
[252 22 -65]
[252 -5 -16]
[252 -3 -40]
[252 -6 -23]
[252 -6 -22]
[252 -1 -24]
[252 -5 -37]
[252 4 -52]
[252 -4 -38]
[252 16 -64]
[252 16 -60]
[252 32 -68]
[252 31 -68]
[252 7 -57]
[252 5 -56]
[252 -6 -35]
[252 -6 -34]
[252 14 -61]
[252 17 -61]
[252 16 -63]
[252 -4 -25]
[252 26 -68]
[252 25 -68]
[252 -7 -19]
[252 44 -69]
[252 15 -61]
[252 0 -49]
[252 0 -50]
[252 40 -68]
[252 27 -68]
[252 26 -67]
[252 4 -53]
[252 34 -68]
[252 35 -68]
[252 -6 -21]
[252 -7 -21]
[252 -1 -45]
[252 9 -7]
[252 3 -51]
[252 3 -52]
[252 30 -68]
[252 34 -67]
[252 16 -62]
[252 23 -64]
[252 21 -65]
[252 21 -64]
[252 -3 -38]
[252 -6 -36]
[252 -5 -36]
[252 45 -69]
[252 43 -69]
[252 17 -65]
[252 10 -58]
[252 10 -59]
[252 -1 -44]
[253 34 -69]
[253 27 -69]
[253 29 -69]
[253 -2 -41]
[253 3 -8]
[253 2 -8]
[253 3 -6]
[253 2 -7]
[253 2 -51]
[253 2 -52]
[253 -6 -37]
[253 -7 -37]
[253 -7 -35]
[253 -7 -36]
[253 -4 -30]
[253 -3 -39]
[253 -4 -39]
[253 -5 -39]
[253 43 -70]
[253 44 -70]
[253 0 -23]
[253 -2 -25]
[253 20 -66]
[253 4 -55]
[253 5 -57]
[253 4 -57]
[253 42 -70]
[253 1 -51]
[253 0 -51]
[253 -1 -51]
[253 -1 -49]
[253 19 -66]
[253 18 -66]
[253 -6 -17]
[253 -2 -42]
[253 -2 -43]
[253 -2 -44]
[253 -4 -15]
[253 39 -69]
[253 -2 -45]
[253 -7 -18]
[253 -8 -18]
[253 23 -69]
[253 21 -67]
[253 21 -66]
[253 -1 -48]
[253 -1 -50]
[253 16 -66]
[253 17 -66]
[253 -4 -41]
[253 8 -57]
[253 8 -58]
[253 -2 -46]
[253 9 -6]
[253 25 -69]
[253 -6 -15]
[253 -4 -13]
[253 -3 -13]
[253 -7 -20]
[253 -7 -22]
[253 33 -68]
[253 6 -58]
[253 -7 -23]
[253 -7 -26]
[253 -7 -24]
[253 -5 -26]
[253 -2 -13]
[253 21 -68]
[253 10 -60]
[253 9 -60]
[253 40 -70]
[253 40 -69]
[253 15 -62]
[253 14 -62]
[253 13 -62]
[253 8 -55]
[253 3 -53]
[253 31 -69]
[253 8 -6]
[253 18 -65]
[253 5 -54]
[253 15 -65]
[253 15 -63]
[253 16 -65]
[253 -8 -21]
[253 -8 -20]
[253 6 -53]
[253 11 -59]
[253 9 -59]
[253 11 -60]
[253 37 -70]
[253 36 -70]
[253 28 -69]
[253 -7 -32]
[253 -7 -33]
[253 -7 -25]
[253 15 -64]
[253 11 -61]
[253 12 -61]
[253 13 -61]
[253 24 -69]
[253 6 -54]
[253 38 -69]
[253 32 -69]
[253 10 -6]
[253 -4 -26]
[253 -3 -26]
[253 -3 -24]
[254 40 -71]
[254 41 -71]
[254 -7 -38]
[254 -6 -38]
[254 -5 -14]
[254 -4 -16]
[254 -4 -14]
[254 8 -59]
[254 7 -58]
[254 -3 -41]
[254 -4 -42]
[254 -4 -40]
[254 -3 -42]
[254 -5 -41]
[254 26 -69]
[254 27 -70]
[254 28 -70]
[254 10 -61]
[254 39 -70]
[254 -2 -49]
[254 -2 -48]
[254 -1 -52]
[254 0 -52]
[254 -2 -50]
[254 -8 -24]
[254 -3 -12]
[254 30 -70]
[254 32 -70]
[254 1 -52]
[254 3 -56]
[254 3 -58]
[254 -5 -12]
[254 -5 -13]
[254 -4 -12]
[254 4 -54]
[254 -3 -25]
[254 -5 -38]
[254 41 -70]
[254 -7 -17]
[254 -6 -16]
[254 -7 -16]
[254 -3 -44]
[254 -3 -45]
[254 -3 -46]
[254 -1 -47]
[254 3 -54]
[254 20 -68]
[254 20 -69]
[254 20 -67]
[254 12 -62]
[254 12 -63]
[254 31 -70]
[254 -8 -19]
[254 1 -7]
[254 9 -61]
[254 -8 -23]
[254 -8 -22]
[254 16 -61]
[254 14 -63]
[254 -8 -36]
[254 -8 -37]
[254 -6 -26]
[254 -7 -27]
[254 -8 -27]
[254 -8 -25]
[254 8 -61]
[254 -2 -47]
[254 14 -64]
[254 18 -67]
[254 19 -67]
[254 9 -5]
[254 -5 -27]
[254 -7 -14]
[254 -5 -15]
[254 24 -68]
[254 24 -70]
[254 25 -70]
[254 14 -66]
[254 43 -71]
[254 42 -71]
[254 8 -60]
[254 -9 -20]
[254 -4 -27]
[254 -6 -27]
[254 22 -69]
[254 22 -70]
[254 5 -58]
[254 4 -58]
[254 29 -70]
[254 8 -5]
[254 36 -71]
[254 37 -71]
[254 15 -66]
[254 16 -67]
[254 -6 -39]
[254 -5 -40]
[254 11 -62]
[254 -9 -17]
[254 6 -57]
[254 5 -59]
[254 -8 -35]
[254 -8 -34]
[254 13 -63]
[254 -3 -43]
[254 36 -69]
[254 35 -71]
[254 4 -5]
[254 3 -5]
[254 2 -5]
[254 33 -69]
[254 35 -69]
[254 -9 -22]
[254 -9 -21]
[255 -9 -23]
[255 -10 -21]
[255 -10 -22]
[255 -6 -13]
[255 -7 -15]
[255 -8 -15]
[255 6 -59]
[255 5 -60]
[255 23 -70]
[255 21 -69]
[255 21 -70]
[255 23 -68]
[255 31 -71]
[255 -3 -49]
[255 41 -72]
[255 43 -72]
[255 19 -68]
[255 -10 -20]
[255 -10 -19]
[255 33 -70]
[255 34 -70]
[255 25 -71]
[255 26 -70]
[255 15 -67]
[255 17 -68]
[255 17 -67]
[255 13 -64]
[255 19 -69]
[255 -4 -11]
[255 7 -60]
[255 42 -72]
[255 40 -72]
[255 9 -62]
[255 -9 -26]
[255 -8 -26]
[255 -9 -25]
[255 2 -55]
[255 2 -53]
[255 2 -54]
[255 4 -59]
[255 3 -57]
[255 12 -64]
[255 -7 -39]
[255 -7 -40]
[255 -3 -48]
[255 -6 -41]
[255 -2 -53]
[255 -2 -52]
[255 0 -53]
[255 -1 -53]
[255 38 -71]
[255 38 -70]
[255 39 -71]
[255 -3 -50]
[255 -8 -28]
[255 4 -56]
[255 2 -57]
[255 14 -65]
[255 29 -71]
[255 28 -71]
[255 4 -4]
[255 3 -4]
[255 -9 -34]
[255 39 -72]
[255 -9 -37]
[255 -9 -36]
[255 7 -59]
[255 11 -63]
[255 -5 -42]
[255 -8 -17]
[255 -10 -17]
[255 -8 -16]
[255 -10 -16]
[255 -9 -28]
[255 -2 -51]
[255 -7 -13]
[255 -6 -14]
[255 -8 -13]
[255 -9 -35]
[255 3 -55]
[255 2 -6]
[255 1 -6]
[255 8 -62]
[255 -9 -24]
[255 35 -70]
[255 36 -72]
[255 34 -72]
[255 34 -71]
[255 2 -59]
[255 2 -58]
[255 1 -5]
[255 2 -4]
[255 1 -4]
[255 24 -71]
[255 -4 -43]
[255 -8 -39]
[255 -8 -38]
[255 -4 -44]
[255 -4 -47]
[255 -4 -45]
[255 -9 -19]
[255 -9 -18]
[255 44 -72]
[255 30 -69]
[255 30 -71]
[255 -8 -33]
[255 -2 -12]
[255 37 -72]
[255 13 -66]
[255 13 -67]
[256 41 -73]
[256 -8 -41]
[256 14 -68]
[256 12 -67]
[256 10 -62]
[256 11 -64]
[256 -3 -51]
[256 -3 -52]
[256 -10 -23]
[256 -10 -18]
[256 -6 -42]
[256 -5 -43]
[256 28 -72]
[256 -3 -54]
[256 -1 -54]
[256 -2 -54]
[256 2 -3]
[256 1 -58]
[256 1 -57]
[256 33 -71]
[256 20 -70]
[256 1 -3]
[256 29 -72]
[256 -4 -51]
[256 -9 -27]
[256 2 -56]
[256 -4 -49]
[256 -4 -50]
[256 0 -54]
[256 1 -53]
[256 -10 -26]
[256 18 -70]
[256 32 -72]
[256 30 -72]
[256 -8 -14]
[256 -9 -15]
[256 -9 -14]
[256 -5 -11]
[256 -5 -10]
[256 -4 -10]
[256 -3 -10]
[256 -3 -11]
[256 13 -65]
[256 -10 -35]
[256 42 -73]
[256 36 -73]
[256 37 -73]
[256 20 -71]
[256 22 -71]
[256 5 -61]
[256 4 -61]
[256 38 -72]
[256 3 -60]
[256 4 -60]
[256 0 -3]
[256 0 -4]
[256 10 -63]
[256 8 -63]
[256 26 -71]
[256 -4 -48]
[256 -5 -48]
[256 -3 -47]
[256 -10 -24]
[256 40 -73]
[256 18 -69]
[256 17 -69]
[256 18 -68]
[256 -9 -40]
[256 -8 -40]
[256 -11 -16]
[256 -11 -15]
[256 -11 -17]
[256 15 -68]
[256 14 -67]
[256 12 -65]
[256 -1 -11]
[256 1 -59]
[256 1 -55]
[256 -5 -44]
[256 -4 -46]
[256 -5 -46]
[256 7 -62]
[256 9 -63]
[256 23 -71]
[256 -7 -12]
[256 -8 -12]
[256 -9 -12]
[256 -11 -20]
[256 -11 -22]
[256 -11 -21]
[256 -11 -19]
[256 -9 -39]
[256 -10 -27]
[256 -6 -12]
[256 35 -72]
[256 -9 -16]
[256 1 -60]
[256 3 -59]
[256 -9 -38]
[256 -10 -37]
[256 -10 -38]
[256 -10 -34]
[256 -11 -18]
[256 -10 -36]
[256 -7 -34]
[256 -9 -32]
[256 -8 -32]
[256 -9 -29]
[256 -8 -29]
[256 3 -3]
[256 4 -3]
[256 38 -73]
[256 6 -61]
[256 7 -61]
[256 25 -72]
[256 -6 -40]
[257 -10 -30]
[257 -10 -28]
[257 -10 -29]
[257 7 -63]
[257 6 -62]
[257 6 -63]
[257 -11 -35]
[257 -5 -47]
[257 11 -66]
[257 11 -65]
[257 1 -2]
[257 -12 -19]
[257 -12 -20]
[257 -12 -18]
[257 -8 -11]
[257 6 -60]
[257 -10 -39]
[257 4 -2]
[257 -4 -9]
[257 -5 -49]
[257 -5 -50]
[257 -2 -11]
[257 -9 -11]
[257 16 -68]
[257 33 -72]
[257 31 -73]
[257 31 -72]
[257 32 -71]
[257 17 -70]
[257 9 -64]
[257 -9 -13]
[257 -10 -11]
[257 -10 -13]
[257 -6 -11]
[257 -6 -10]
[257 -7 -41]
[257 -9 -41]
[257 -5 -45]
[257 -1 -55]
[257 0 -55]
[257 1 -54]
[257 3 -2]
[257 22 -72]
[257 24 -72]
[257 35 -73]
[257 37 -74]
[257 21 -71]
[257 -11 -36]
[257 -11 -38]
[257 38 -74]
[257 36 -74]
[257 4 -62]
[257 0 -57]
[257 0 -59]
[257 -10 -40]
[257 3 -61]
[257 -9 -30]
[257 -8 -30]
[257 -3 -55]
[257 -3 -53]
[257 19 -70]
[257 21 -72]
[257 35 -74]
[257 -12 -22]
[257 -12 -21]
[257 1 -56]
[257 -11 -37]
[257 -10 -15]
[257 0 -60]
[257 0 -2]
[257 26 -73]
[257 -6 -43]
[257 -7 -43]
[257 -6 -47]
[257 -11 -27]
[257 -10 -25]
[257 -11 -25]
[257 -10 -31]
[257 -9 -31]
[257 -8 -31]
[257 -11 -34]
[257 -8 -42]
[257 -6 -44]
[257 13 -69]
[257 14 -69]
[257 13 -68]
[257 -4 -52]
[257 10 -64]
[257 10 -65]
[257 -6 -49]
[257 -10 -14]
[257 -12 -16]
[257 -11 -14]
[257 -12 -14]
[257 -3 -9]
[257 -2 -9]
[257 -2 -10]
[257 30 -73]
[257 -12 -17]
[257 -2 -55]
[257 27 -72]
[257 0 -56]
[257 -12 -23]
[257 -11 -23]
[257 12 -68]
[257 3 -62]
[257 5 -62]
[257 1 -61]
[258 -7 -50]
[258 -11 -12]
[258 -10 -12]
[258 -13 -19]
[258 -13 -20]
[258 -11 -40]
[258 -10 -32]
[258 -11 -29]
[258 21 -73]
[258 11 -69]
[258 11 -67]
[258 11 -68]
[258 -8 -10]
[258 -13 -22]
[258 24 -73]
[258 23 -73]
[258 -13 -18]
[258 -13 -16]
[258 12 -69]
[258 13 -70]
[258 12 -70]
[258 -13 -15]
[258 -12 -15]
[258 -13 -17]
[258 -2 -56]
[258 -3 -56]
[258 -4 -56]
[258 -4 -55]
[258 0 -61]
[258 -1 -60]
[258 -1 -59]
[258 7 -64]
[258 8 -64]
[258 2 -61]
[258 -11 -13]
[258 -11 -11]
[258 -11 -10]
[258 5 -63]
[258 4 -63]
[258 18 -71]
[258 16 -70]
[258 2 -1]
[258 3 -1]
[258 -6 -51]
[258 -5 -51]
[258 30 -74]
[258 31 -74]
[258 -11 -24]
[258 -4 -54]
[258 34 -74]
[258 -1 -10]
[258 -5 -53]
[258 -7 -11]
[258 1 -1]
[258 -6 -46]
[258 -11 -26]
[258 28 -73]
[258 26 -72]
[258 0 -58]
[258 -1 -57]
[258 -7 -47]
[258 26 -74]
[258 27 -74]
[258 27 -73]
[258 25 -74]
[258 -12 -24]
[258 -7 -42]
[258 -7 -44]
[258 2 -63]
[258 19 -71]
[258 -12 -13]
[258 15 -69]
[258 15 -70]
[258 14 -70]
[258 32 -73]
[258 -10 -41]
[258 -11 -28]
[258 -13 -13]
[258 39 -73]
[258 -6 -45]
[258 -13 -21]
[258 12 -66]
[258 -1 -56]
[258 3 -63]
[258 -12 -34]
[258 -12 -36]
[258 -10 -10]
[258 -11 -39]
[258 34 -73]
[258 33 -73]
[258 -11 -41]
[258 -8 -43]
[259 1 -62]
[259 1 -64]
[259 -5 -52]
[259 -6 -52]
[259 -1 -58]
[259 -14 -20]
[259 -14 -19]
[259 -2 -57]
[259 25 -73]
[259 -14 -22]
[259 10 -69]
[259 10 -70]
[259 29 -75]
[259 29 -74]
[259 29 -73]
[259 30 -75]
[259 -9 -43]
[259 -9 -44]
[259 2 -2]
[259 3 0]
[259 24 -74]
[259 23 -74]
[259 -12 -41]
[259 -13 -14]
[259 -12 -40]
[259 -12 -38]
[259 27 -75]
[259 -14 -21]
[259 0 -1]
[259 15 -71]
[259 16 -69]
[259 -14 -15]
[259 7 -65]
[259 8 -65]
[259 -8 -45]
[259 2 -62]
[259 2 -60]
[259 -7 -45]
[259 -1 -61]
[259 -1 -62]
[259 -14 -16]
[259 14 -71]
[259 12 -71]
[259 13 -71]
[259 24 -75]
[259 25 -75]
[259 26 -75]
[259 10 -68]
[259 -7 -46]
[259 -9 -10]
[259 -7 -9]
[259 -9 -9]
[259 22 -73]
[259 -12 -12]
[259 20 -74]
[259 -5 -54]
[259 -5 -55]
[259 -5 -56]
[259 -10 -42]
[259 33 -74]
[259 32 -74]
[259 -12 -42]
[259 6 -64]
[259 5 -64]
[259 -4 -53]
[259 -6 -50]
[259 -8 -51]
[259 -8 -49]
[259 28 -74]
[259 31 -75]
[259 -2 -60]
[259 -2 -59]
[259 -2 -61]
[259 18 -72]
[259 19 -72]
[259 -8 -47]
[259 -7 -48]
[259 -12 -10]
[259 -11 -9]
[259 3 -64]
[259 4 -64]
[259 -13 -12]
[259 -13 -36]
[259 -13 -37]
[259 -12 -37]
[259 -6 -54]
[259 11 -71]
[259 11 -70]
[259 -14 -13]
[259 10 -67]
[259 16 -71]
[259 -4 -57]
[259 -5 -57]
[259 -3 -57]
[260 -11 -8]
[260 -12 -8]
[260 -9 -47]
[260 -8 -46]
[260 2 -64]
[260 22 -74]
[260 -2 -58]
[260 15 -72]
[260 16 -72]
[260 -6 -53]
[260 -5 -58]
[260 -6 -58]
[260 -4 -58]
[260 -6 -57]
[260 1 -63]
[260 -8 -44]
[260 -9 -45]
[260 9 -70]
[260 9 -71]
[260 10 -71]
[260 -13 -38]
[260 23 -75]
[260 -3 -59]
[260 -13 -40]
[260 -12 -39]
[260 20 -75]
[260 20 -73]
[260 21 -75]
[260 19 -75]
[260 28 -76]
[260 28 -75]
[260 -15 -21]
[260 9 -67]
[260 9 -68]
[260 12 -72]
[260 11 -72]
[260 4 -1]
[260 2 1]
[260 -13 -11]
[260 -14 -11]
[260 -12 -11]
[260 -1 -63]
[260 -2 -63]
[260 0 -63]
[260 -9 -51]
[260 -7 -51]
[260 -7 -52]
[260 25 -76]
[260 24 -76]
[260 23 -76]
[260 32 -75]
[260 31 -76]
[260 -10 -43]
[260 -11 -42]
[260 -11 -43]
[260 -9 -42]
[260 -14 -14]
[260 33 -75]
[260 2 -65]
[260 0 -65]
[260 -3 -61]
[260 -3 -62]
[260 -1 0]
[260 0 0]
[260 -9 -48]
[260 -7 -49]
[260 -8 -50]
[260 -9 -50]
[260 -8 -48]
[260 -10 -44]
[260 -10 -45]
[260 -15 -20]
[260 17 -71]
[260 17 -72]
[260 -13 -42]
[260 7 -66]
[260 8 -66]
[260 9 -66]
[260 -6 -56]
[260 -6 -55]
[260 -7 -53]
[260 6 -65]
[260 4 -65]
[260 -8 -9]
[260 6 -66]
[260 9 -69]
[260 34 -75]
[260 -13 -39]
[260 -6 -48]
[260 -13 -43]
[260 -13 -41]
[260 3 -65]
[260 -3 -58]
[260 -8 -8]
[260 -7 -8]
[260 -6 -9]
[260 26 -76]
[260 27 -76]
[260 -7 -54]
[260 -7 -55]
[260 5 -65]
[260 13 -72]
[260 18 -73]
[260 19 -73]
[260 -10 -8]
[261 5 -66]
[261 -5 -59]
[261 -4 -59]
[261 -6 -59]
[261 -16 -21]
[261 -8 -52]
[261 8 -70]
[261 8 -71]
[261 9 -72]
[261 11 -73]
[261 17 -73]
[261 0 -64]
[261 -1 -64]
[261 -1 -66]
[261 1 -66]
[261 32 -76]
[261 33 -76]
[261 -12 -43]
[261 13 -73]
[261 14 -72]
[261 -9 -7]
[261 -10 -9]
[261 26 -77]
[261 24 -77]
[261 8 -69]
[261 8 -67]
[261 16 -73]
[261 15 -73]
[261 -3 -63]
[261 -2 -64]
[261 -14 -12]
[261 -13 -10]
[261 -14 -10]
[261 -14 -43]
[261 -14 -42]
[261 19 -76]
[261 18 -74]
[261 20 -76]
[261 19 -74]
[261 7 -67]
[261 -14 -40]
[261 -9 -49]
[261 -9 -8]
[261 -8 -7]
[261 -7 -7]
[261 25 -77]
[261 -7 -56]
[261 5 -67]
[261 -8 -53]
[261 -8 -54]
[261 -5 -8]
[261 -6 -8]
[261 -7 -10]
[261 -4 -60]
[261 -3 -60]
[261 21 -74]
[261 12 -73]
[261 -13 -7]
[261 -11 -7]
[261 -12 -9]
[261 5 0]
[261 4 0]
[261 -14 -44]
[261 -12 -44]
[261 0 -62]
[261 -12 -7]
[261 20 -72]
[261 -10 -50]
[261 -10 -49]
[261 1 0]
[261 -1 1]
[261 -10 -46]
[261 22 -76]
[261 23 -77]
[261 -7 -57]
[261 -4 -61]
[261 -2 -62]
[261 -4 -62]
[261 -4 -63]
[261 -10 -47]
[261 -10 -48]
[261 1 -65]
[261 3 -66]
[261 2 -66]
[261 -2 1]
[261 -2 -1]
[261 -2 0]
[261 -6 -7]
[261 8 -68]
[261 -11 -44]
[261 -8 -56]
[261 2 2]
[261 31 -77]
[261 4 -66]
[261 -14 -41]
[261 -7 -58]
[261 21 -76]
[261 -16 -19]
[261 -15 -19]
[261 29 -77]
[261 27 -77]
[261 28 -77]
[261 -11 -46]
[261 -11 -45]
[262 8 -72]
[262 7 -68]
[262 26 -78]
[262 27 -78]
[262 -11 -48]
[262 -11 -47]
[262 -15 -41]
[262 -15 -42]
[262 -9 -46]
[262 -8 -57]
[262 -8 -55]
[262 -9 -55]
[262 -9 -56]
[262 -12 -45]
[262 6 -68]
[262 5 -68]
[262 -12 -47]
[262 -12 -46]
[262 -13 -6]
[262 10 -73]
[262 10 -74]
[262 12 -74]
[262 -5 -9]
[262 -5 -62]
[262 18 -75]
[262 25 -78]
[262 -7 -59]
[262 -8 -58]
[262 -12 -6]
[262 -14 -6]
[262 -14 -7]
[262 22 -75]
[262 -13 -44]
[262 -2 -65]
[262 17 -74]
[262 16 -74]
[262 23 -78]
[262 -3 2]
[262 -2 2]
[262 30 -76]
[262 32 -77]
[262 31 -78]
[262 3 -67]
[262 4 -67]
[262 -10 -7]
[262 -13 -9]
[262 -14 -9]
[262 5 -1]
[262 -15 -40]
[262 -15 -44]
[262 -15 -45]
[262 29 -76]
[262 29 -78]
[262 28 -78]
[262 -3 1]
[262 0 -67]
[262 -2 -66]
[262 -15 -11]
[262 -11 -51]
[262 -10 -51]
[262 20 -77]
[262 22 -77]
[262 24 -78]
[262 14 -74]
[262 1 -67]
[262 2 -67]
[262 0 -66]
[262 2 0]
[262 1 1]
[262 -2 -2]
[262 -8 -6]
[262 -9 -6]
[262 -10 -6]
[262 -5 -60]
[262 9 -73]
[262 8 -73]
[262 14 -73]
[262 -5 -64]
[262 -3 -64]
[262 -5 -63]
[262 -1 -65]
[262 -3 -65]
[262 -6 -60]
[262 -9 -53]
[262 17 -75]
[262 21 -77]
[262 -1 2]
[262 7 -70]
[262 7 -69]
[262 -15 -43]
[262 -4 -7]
[262 -17 -18]
[262 -16 -20]
[262 -6 -6]
[262 -7 -6]
[262 18 -77]
[262 18 -76]
[262 19 -77]
[262 -11 -50]
[262 -5 -61]
[262 -9 -54]
[262 2 3]
[262 1 2]
[262 3 2]
[263 -14 -45]
[263 -14 -46]
[263 -9 -5]
[263 -11 -5]
[263 -11 -6]
[263 -10 -5]
[263 -3 -66]
[263 -2 -67]
[263 -1 -67]
[263 -6 -63]
[263 -6 -64]
[263 7 -72]
[263 9 -74]
[263 30 -78]
[263 -8 -5]
[263 -10 -54]
[263 -10 -56]
[263 -10 -55]
[263 -9 -57]
[263 -10 -57]
[263 10 -75]
[263 -14 -5]
[263 -15 -10]
[263 19 -78]
[263 21 -78]
[263 6 -69]
[263 17 -76]
[263 -9 -58]
[263 4 -68]
[263 6 -67]
[263 27 -79]
[263 28 -79]
[263 -13 -8]
[263 4 3]
[263 3 1]
[263 4 1]
[263 -4 3]
[263 11 -74]
[263 12 -75]
[263 11 -75]
[263 13 -74]
[263 -4 -6]
[263 -5 -6]
[263 30 -77]
[263 1 -68]
[263 -13 -46]
[263 -6 -62]
[263 7 -71]
[263 6 -71]
[263 0 -68]
[263 -12 -49]
[263 -12 -50]
[263 -11 -49]
[263 -2 -3]
[263 -17 -19]
[263 -7 -5]
[263 -5 -7]
[263 15 -75]
[263 16 -75]
[263 -4 -64]
[263 2 -68]
[263 3 -68]
[263 -4 -65]
[263 -4 1]
[263 -3 0]
[263 -12 -48]
[263 -9 -52]
[263 -11 -52]
[263 -10 -52]
[263 -16 -41]
[263 25 -79]
[263 26 -79]
[263 13 -75]
[263 15 -74]
[263 -2 3]
[263 -6 -65]
[263 6 0]
[263 -16 -44]
[263 -12 -5]
[263 -7 -60]
[263 -10 -53]
[263 -16 -42]
[263 -6 -61]
[263 -1 3]
[263 -3 3]
[263 17 -77]
[263 -13 -45]
[263 -15 -6]
[263 -13 -5]
[263 -15 -5]
[263 -14 -8]
[263 -15 -7]
[264 -13 -47]
[264 -13 -49]
[264 -3 -3]
[264 -2 -4]
[264 -3 -2]
[264 -3 -4]
[264 -7 -62]
[264 15 -76]
[264 27 -80]
[264 -5 2]
[264 -4 0]
[264 -15 -4]
[264 -14 -4]
[264 -11 -55]
[264 -11 -56]
[264 -11 -57]
[264 -4 -1]
[264 -3 -1]
[264 -4 -5]
[264 -5 -5]
[264 5 1]
[264 6 1]
[264 3 3]
[264 5 3]
[264 4 2]
[264 5 2]
[264 -16 -7]
[264 -11 -53]
[264 16 -77]
[264 -9 -4]
[264 -7 -61]
[264 -7 -63]
[264 6 -70]
[264 5 -69]
[264 4 -69]
[264 3 -69]
[264 8 -75]
[264 9 -75]
[264 -8 -60]
[264 -8 -59]
[264 0 -69]
[264 6 -73]
[264 6 -72]
[264 7 -73]
[264 -16 -6]
[264 -16 -4]
[264 -2 4]
[264 12 -76]
[264 13 -76]
[264 11 -76]
[264 -5 4]
[264 -3 4]
[264 -4 4]
[264 5 -70]
[264 5 -72]
[264 14 -75]
[264 -7 -66]
[264 -5 -66]
[264 -7 -65]
[264 -5 -65]
[264 -6 -5]
[264 -8 -4]
[264 -12 -53]
[264 -12 -51]
[264 -12 -52]
[264 -17 -43]
[264 -17 -41]
[264 -4 2]
[264 -15 -8]
[264 -16 -8]
[264 21 -79]
[264 -17 -20]
[264 26 -80]
[264 -7 -4]
[264 -12 -4]
[264 -11 -4]
[264 -2 -68]
[264 -1 -68]
[264 -16 -45]
[264 -16 -10]
[264 -4 -66]
[264 -4 -67]
[264 -10 -58]
[264 -10 -59]
[264 -15 -47]
[264 -14 -47]
[264 1 -69]
[264 2 -69]
[264 -3 -68]
[264 -3 -67]
[264 -10 -4]
[264 -17 -42]
[265 -2 5]
[265 -4 -3]
[265 -4 -2]
[265 -11 -54]
[265 4 -72]
[265 4 -73]
[265 8 -74]
[265 8 -76]
[265 10 -76]
[265 6 3]
[265 -5 1]
[265 -18 -42]
[265 3 -70]
[265 -5 -4]
[265 -9 -3]
[265 -17 -44]
[265 -16 -46]
[265 -15 -46]
[265 -18 -19]
[265 -13 -51]
[265 -6 5]
[265 -4 5]
[265 -6 3]
[265 -5 5]
[265 -6 4]
[265 -5 3]
[265 5 -73]
[265 5 -71]
[265 -6 1]
[265 -2 -69]
[265 -1 -69]
[265 -14 -3]
[265 -16 -3]
[265 -8 -63]
[265 -8 -62]
[265 -7 -64]
[265 -11 -59]
[265 -11 -60]
[265 14 -76]
[265 -3 -69]
[265 22 -78]
[265 20 -79]
[265 -18 -43]
[265 -5 -67]
[265 -11 -58]
[265 16 -76]
[265 14 -77]
[265 -18 -44]
[265 -16 -43]
[265 -17 -5]
[265 -16 -5]
[265 -17 -3]
[265 -15 -9]
[265 -4 -68]
[265 1 -70]
[265 -13 -48]
[265 -13 -50]
[265 -6 -66]
[265 -8 -66]
[265 13 -77]
[265 -4 -69]
[265 -12 -56]
[265 -12 -58]
[265 -8 -65]
[265 -7 -67]
[265 -6 -67]
[265 -15 -3]
[265 -13 -4]
[265 -5 -1]
[265 -17 -8]
[265 -17 -6]
[265 16 -78]
[265 -12 -3]
[265 -13 -3]
[265 -11 -3]
[265 -6 -4]
[265 -4 -4]
[265 -3 -5]
[265 6 2]
[265 -17 -7]
[265 -13 -53]
[265 -12 -54]
[265 -16 -9]
[265 2 -70]
[265 -12 -55]
[265 -12 -57]
[265 -5 -68]
[265 -8 -3]
[265 -7 -3]
[265 -6 -3]
[265 4 -70]
[265 -14 -48]
[265 -3 5]
[265 7 -76]
[265 -8 -61]
[265 -9 -61]
[265 -16 -47]
[265 28 -80]
[266 -12 -59]
[266 -7 4]
[266 2 -71]
[266 -2 6]
[266 -4 6]
[266 -3 6]
[266 -9 -65]
[266 -14 -2]
[266 -9 -64]
[266 -9 -66]
[266 -8 -64]
[266 9 -76]
[266 9 -77]
[266 -13 -55]
[266 -13 -57]
[266 -13 -56]
[266 7 -75]
[266 -14 -50]
[266 -13 -52]
[266 -14 -51]
[266 -7 -68]
[266 -6 -68]
[266 -1 -70]
[266 -14 -53]
[266 -14 -54]
[266 -12 -2]
[266 -11 -2]
[266 -10 -60]
[266 -17 -47]
[266 -17 -46]
[266 -7 5]
[266 -5 6]
[266 -7 6]
[266 3 -73]
[266 3 -71]
[266 3 -72]
[266 4 -71]
[266 -14 -49]
[266 -9 -63]
[266 -9 -62]
[266 6 -75]
[266 7 -77]
[266 6 -77]
[266 -19 -43]
[266 29 -79]
[266 -6 -1]
[266 -6 -2]
[266 -5 -3]
[266 -18 -7]
[266 -3 -70]
[266 7 2]
[266 7 1]
[266 21 -80]
[266 20 -78]
[266 -13 -54]
[266 -5 -70]
[266 14 -78]
[266 12 -78]
[266 -7 3]
[266 -6 2]
[266 -17 -45]
[266 5 -74]
[266 4 -74]
[266 -5 -2]
[266 -5 -69]
[266 -18 -45]
[266 -6 0]
[266 -5 0]
[266 -8 -2]
[266 -10 -3]
[266 -18 -4]
[266 -18 -3]
[266 -17 -2]
[266 -17 -4]
[266 -16 -2]
[266 8 -77]
[266 -19 -44]
[266 -19 -45]
[266 -6 -69]
[266 -7 -2]
[266 6 -74]
[266 -15 -2]
[266 -13 -2]
[266 -7 0]
[266 -7 2]
[266 -7 1]
[266 -10 -2]
[266 15 -77]
[266 13 -78]
[266 15 -78]
[266 -4 -70]
[266 -2 -70]
[267 4 -75]
[267 15 -79]
[267 10 -77]
[267 -2 -71]
[267 0 -70]
[267 0 -71]
[267 -10 -65]
[267 -15 -1]
[267 -18 -46]
[267 -9 -2]
[267 -10 -1]
[267 -11 -1]
[267 -9 -1]
[267 -19 -46]
[267 -20 -45]
[267 -7 -1]
[267 -12 -1]
[267 -5 -71]
[267 -3 -71]
[267 7 -78]
[267 8 -78]
[267 12 -79]
[267 12 -77]
[267 -14 -56]
[267 -4 -71]
[267 -6 -70]
[267 -8 1]
[267 -8 2]
[267 9 -78]
[267 -8 6]
[267 -10 -62]
[267 -7 -69]
[267 -11 -61]
[267 -9 -60]
[267 -15 -52]
[267 -15 -50]
[267 6 -76]
[267 5 -76]
[267 -9 -67]
[267 -8 -67]
[267 -20 -44]
[267 -14 -58]
[267 2 -72]
[267 -5 7]
[267 -16 -1]
[267 -20 -42]
[267 2 -73]
[267 -8 4]
[267 -13 -1]
[267 -15 -53]
[267 -14 -52]
[267 -15 -54]
[267 -16 -48]
[267 -18 -48]
[267 -14 -55]
[267 3 -74]
[267 -10 -63]
[267 -10 -64]
[267 -2 7]
[267 7 -74]
[267 5 -75]
[267 -15 -48]
[267 -8 3]
[267 -17 -1]
[267 -8 0]
[267 11 -77]
[267 -13 -60]
[267 -13 -58]
[267 -14 -57]
[267 -15 -49]
[267 -15 -51]
[267 -7 7]
[267 -6 6]
[267 -8 5]
[267 -10 -66]
[268 -16 0]
[268 -15 0]
[268 -14 -1]
[268 -13 -59]
[268 -15 -58]
[268 6 -78]
[268 -9 4]
[268 -9 5]
[268 -9 3]
[268 -9 0]
[268 -9 1]
[268 10 -79]
[268 9 -79]
[268 10 -78]
[268 1 -72]
[268 1 -73]
[268 1 -71]
[268 -4 -72]
[268 -11 -65]
[268 -11 -64]
[268 -1 -71]
[268 -3 8]
[268 -2 8]
[268 -9 2]
[268 -16 -49]
[268 5 -77]
[268 -6 7]
[268 -6 8]
[268 -5 8]
[268 -15 -56]
[268 -7 8]
[268 -8 8]
[268 -8 7]
[268 -11 0]
[268 -10 0]
[268 -13 -61]
[268 -14 -61]
[268 -12 -61]
[268 -14 -59]
[268 -1 -72]
[268 -2 -72]
[268 -8 -1]
[268 -18 -47]
[268 -19 -47]
[268 -16 -53]
[268 -16 -55]
[268 -9 6]
[268 -8 -68]
[268 -17 0]
[268 -19 -49]
[268 -19 -48]
[268 -17 -48]
[268 4 -76]
[268 -21 -46]
[268 -21 -44]
[268 11 -78]
[268 -11 -63]
[268 -11 -62]
[268 -16 -52]
[268 -16 -50]
[268 -20 -43]
[268 -21 -45]
[268 -7 -70]
[268 -8 -69]
[268 7 -79]
[268 -10 -67]
[268 -9 7]
[268 -21 -43]
[268 -10 -61]
[268 -16 -51]
[268 4 -77]
[268 3 -76]
[268 -3 -72]
[268 -5 -72]
[268 3 -75]
[268 2 -75]
[268 11 -79]
[268 -18 0]
[269 0 -72]
[269 0 -73]
[269 -7 -71]
[269 -3 -73]
[269 -10 4]
[269 -2 -73]
[269 2 -76]
[269 2 -74]
[269 -22 -42]
[269 -21 -42]
[269 -10 1]
[269 -11 1]
[269 -20 -46]
[269 -21 -47]
[269 -22 -46]
[269 -17 -49]
[269 -9 8]
[269 -8 9]
[269 -9 9]
[269 -7 9]
[269 10 -80]
[269 -16 -54]
[269 -6 -72]
[269 -4 -73]
[269 -5 -73]
[269 -6 -73]
[269 -12 -60]
[269 -10 5]
[269 9 -80]
[269 8 -79]
[269 8 -80]
[269 -5 9]
[269 -16 1]
[269 -15 1]
[269 1 -74]
[269 -13 -62]
[269 -12 -62]
[269 -10 2]
[269 -13 0]
[269 4 -78]
[269 5 -78]
[269 -11 -68]
[269 -11 -67]
[269 -4 8]
[269 -4 9]
[269 -4 7]
[269 -15 -57]
[269 -16 -57]
[269 -16 -56]
[269 -16 -59]
[269 6 -79]
[269 5 -79]
[269 -17 -50]
[269 -17 -51]
[269 -10 3]
[269 -18 -49]
[269 -9 -68]
[269 -9 -69]
[269 -2 9]
[269 -3 7]
[269 -3 9]
[269 -20 -47]
[269 -18 1]
[269 -17 -52]
[269 -17 1]
[269 -15 -55]
[269 -17 -55]
[269 -17 -54]
[269 -12 -63]
[269 -15 -62]
[269 -15 -60]
[269 -14 -60]
[269 -12 -64]
[269 6 -80]
[269 7 -80]
[269 -12 1]
[269 3 -78]
[269 3 -77]
[269 -22 -44]
[270 -1 -74]
[270 0 -74]
[270 -17 -53]
[270 -11 2]
[270 -16 -60]
[270 -15 -59]
[270 5 -80]
[270 7 -81]
[270 -3 10]
[270 -4 10]
[270 -2 -74]
[270 -4 -74]
[270 -13 -63]
[270 -18 -55]
[270 -18 -54]
[270 -12 -67]
[270 -11 4]
[270 8 -81]
[270 -10 -69]
[270 3 -79]
[270 -12 0]
[270 11 -80]
[270 11 -81]
[270 10 -81]
[270 -17 -56]
[270 -12 2]
[270 -7 -72]
[270 -6 -71]
[270 -16 -58]
[270 -17 -57]
[270 -14 1]
[270 -18 -50]
[270 -19 -50]
[270 1 -75]
[270 1 -77]
[270 2 -77]
[270 1 -76]
[270 -13 -64]
[270 -18 -51]
[270 -17 2]
[270 -16 2]
[270 -16 -63]
[270 -16 -62]
[270 -15 -61]
[270 -16 -61]
[270 -15 -63]
[270 -14 -63]
[270 -3 -74]
[270 -21 -48]
[270 -6 -74]
[270 -5 -74]
[270 -7 -74]
[270 4 -79]
[270 2 -78]
[270 -1 -73]
[270 -11 -69]
[270 -6 10]
[270 -5 10]
[270 -22 -43]
[270 -23 -42]
[270 -14 -62]
[270 -8 -71]
[270 -8 -72]
[270 -10 -68]
[270 -9 -70]
[270 -10 -70]
[270 -8 -70]
[270 -6 9]
[270 -7 10]
[270 9 -81]
[270 -20 -48]
[270 -17 -58]
[270 -17 -60]
[270 0 -75]
[271 -11 -70]
[271 -10 -71]
[271 -11 -71]
[271 -17 -61]
[271 0 -78]
[271 0 -76]
[271 -4 -75]
[271 -9 -71]
[271 -23 -44]
[271 8 -82]
[271 -4 11]
[271 -3 11]
[271 -2 10]
[271 10 -82]
[271 11 -82]
[271 -7 -73]
[271 -7 -75]
[271 -6 -75]
[271 -5 -75]
[271 -12 3]
[271 -17 -64]
[271 -17 -62]
[271 -13 3]
[271 -17 3]
[271 -15 2]
[271 -16 3]
[271 -18 -57]
[271 -17 -59]
[271 -11 3]
[271 6 -81]
[271 12 -81]
[271 12 -80]
[271 -18 -56]
[271 -14 -64]
[271 -15 -64]
[271 -16 -64]
[271 -1 -75]
[271 -20 -49]
[271 -21 -49]
[271 -12 -68]
[271 -5 11]
[271 4 -80]
[271 -3 -75]
[271 2 -79]
[271 -13 2]
[271 -14 2]
[271 -13 1]
[271 -14 0]
[271 -18 -61]
[271 -18 -60]
[271 0 -77]
[271 -20 -51]
[271 -9 -73]
[271 -18 -52]
[271 -19 -51]
[271 -19 -52]
[271 9 -82]
[271 -18 -53]
[271 -19 -53]
[271 -19 -54]
[271 1 -78]
[271 -8 10]
[271 -7 11]
[271 -2 -75]
[271 -19 -55]
[271 -19 -56]
[271 5 -81]
[272 -12 -71]
[272 -12 -69]
[272 -12 -70]
[272 -6 11]
[272 -4 -76]
[272 -17 -65]
[272 -17 -63]
[272 -9 -74]
[272 -10 -72]
[272 -1 -79]
[272 -1 -77]
[272 0 -79]
[272 -20 -50]
[272 -21 -50]
[272 7 -82]
[272 6 -82]
[272 -8 12]
[272 -7 12]
[272 -8 11]
[272 -12 -72]
[272 -9 -72]
[272 4 -82]
[272 -18 -63]
[272 -15 3]
[272 -14 3]
[272 -16 4]
[272 -19 -57]
[272 -20 -54]
[272 -20 -55]
[272 -8 -75]
[272 -6 -76]
[272 -2 -76]
[272 -20 -57]
[272 -20 -56]
[272 -3 12]
[272 -5 12]
[272 -19 -59]
[272 -22 -45]
[272 -24 -45]
[272 -23 -43]
[272 -1 -76]
[272 -20 -52]
[272 -2 12]
[272 11 -83]
[272 10 -83]
[272 12 -83]
[272 -21 -51]
[272 7 -83]
[272 -19 -61]
[272 -19 -62]
[272 -19 -60]
[272 13 -81]
[272 13 -79]
[272 13 -80]
[272 1 -79]
[272 1 -80]
[272 3 -80]
[272 12 -82]
[272 13 -82]
[272 -18 -59]
[272 -18 -58]
[273 -22 -52]
[273 -22 -50]
[273 -6 12]
[273 0 -80]
[273 -1 -78]
[273 -20 -61]
[273 -20 -59]
[273 8 -84]
[273 8 -83]
[273 -21 -55]
[273 -17 4]
[273 2 -80]
[273 -2 -78]
[273 -20 -63]
[273 -12 -73]
[273 -24 -44]
[273 -23 -45]
[273 1 -81]
[273 0 -81]
[273 -15 4]
[273 -19 -58]
[273 -3 13]
[273 -5 -77]
[273 -6 -77]
[273 -7 -77]
[273 -18 -64]
[273 -19 -63]
[273 -3 -77]
[273 -21 -56]
[273 -20 -58]
[273 -21 -58]
[273 -23 -46]
[273 -3 -76]
[273 -24 -43]
[273 10 -84]
[273 9 -83]
[273 -2 -77]
[273 -10 -75]
[273 -8 -73]
[273 -9 -75]
[273 -10 -73]
[273 -10 -74]
[273 -7 -76]
[273 14 -82]
[273 14 -83]
[273 6 -83]
[273 5 -82]
[273 14 -80]
[273 -4 12]
[273 -5 13]
[273 -4 13]
[273 14 -79]
[273 -20 -53]
[273 -13 -72]
[273 -11 -72]
[273 4 -81]
[273 3 -81]
[273 -18 -62]
[273 3 -82]
[273 3 -83]
[273 4 -83]
[273 -20 -60]
[273 -20 -62]
[273 -22 -51]
[273 -1 -80]
[273 -9 10]
[273 12 -84]
[274 -2 -79]
[274 6 -84]
[274 5 -84]
[274 7 -84]
[274 -21 -63]
[274 -21 -64]
[274 -19 -64]
[274 5 -83]
[274 4 -84]
[274 -7 13]
[274 -6 13]
[274 -4 14]
[274 -3 14]
[274 -5 -78]
[274 -11 -73]
[274 -12 -74]
[274 -21 -57]
[274 -21 -61]
[274 -9 -76]
[274 -10 -76]
[274 -11 -74]
[274 -8 -77]
[274 -8 -78]
[274 -23 -49]
[274 -22 -49]
[274 -23 -52]
[274 -23 -50]
[274 -21 -52]
[274 -8 -74]
[274 -4 -78]
[274 14 -81]
[274 15 -81]
[274 -21 -60]
[274 -8 -76]
[274 13 -84]
[274 15 -82]
[274 13 -83]
[274 -23 -53]
[274 -22 -53]
[274 -21 -53]
[274 -21 -54]
[274 3 -84]
[274 2 -82]
[274 2 -84]
[274 0 -82]
[274 1 -82]
[274 -6 -78]
[274 -4 -77]
[274 -22 -55]
[274 7 -85]
[274 -24 -42]
[274 -25 -44]
[274 -25 -42]
[274 15 -80]
[274 -22 -59]
[274 -22 -58]
[274 -20 -64]
[274 -21 -59]
[274 2 -81]
[274 2 -83]
[274 10 -85]
[274 11 -85]
[274 11 -84]
[274 -13 -73]
[274 -19 -65]
[275 -5 14]
[275 -22 -64]
[275 -22 -63]
[275 6 -86]
[275 7 -86]
[275 -22 -54]
[275 -22 -57]
[275 0 -83]
[275 -8 -79]
[275 -7 -79]
[275 -7 -78]
[275 -9 -79]
[275 -9 -78]
[275 -9 -77]
[275 -26 -44]
[275 -26 -43]
[275 -25 -45]
[275 -23 -51]
[275 -11 -75]
[275 -11 -77]
[275 -11 -76]
[275 -3 -79]
[275 -5 -79]
[275 -3 -78]
[275 -20 -65]
[275 -18 -65]
[275 -5 -76]
[275 2 -85]
[275 1 -85]
[275 1 -83]
[275 3 -85]
[275 -23 -48]
[275 -24 -49]
[275 -22 -48]
[275 -22 -60]
[275 -22 -61]
[275 -24 -50]
[275 -24 -51]
[275 12 -85]
[275 -22 -62]
[275 -26 -42]
[275 -23 -58]
[275 -23 -60]
[275 -23 -56]
[275 -23 -54]
[275 -23 -55]
[275 16 -80]
[275 -25 -43]
[275 16 -81]
[275 -6 -79]
[275 1 -84]
[275 5 -85]
[275 -23 -57]
[275 -23 -59]
[275 -12 -75]
[275 -2 -80]
[275 -24 -54]
[275 6 -85]
[275 -1 -82]
[275 -1 -81]
[275 4 -85]
[276 5 -86]
[276 -21 -62]
[276 -25 -52]
[276 -25 -51]
[276 -4 -79]
[276 -4 -80]
[276 -6 -80]
[276 -6 14]
[276 -27 -43]
[276 -27 -42]
[276 -23 -61]
[276 -12 -77]
[276 7 -87]
[276 -25 -54]
[276 -25 -53]
[276 -25 -55]
[276 -3 -80]
[276 -2 -81]
[276 -27 -44]
[276 -26 -45]
[276 0 -86]
[276 1 -86]
[276 -24 -55]
[276 -24 -53]
[276 -22 -56]
[276 0 -85]
[276 -24 -52]
[276 -21 -65]
[276 -24 -57]
[276 -10 -77]
[276 -10 -78]
[276 -10 -79]
[276 -2 -83]
[276 -2 -82]
[276 17 -80]
[276 -24 -56]
[276 11 -86]
[276 17 -79]
[276 16 -79]
[276 -9 -80]
[276 -25 -49]
[276 -10 -80]
[276 3 -86]
[276 -11 -78]
[276 -12 -78]
[277 -2 -84]
[277 -1 -84]
[277 -3 -82]
[277 2 -87]
[277 2 -86]
[277 4 -86]
[277 4 -87]
[277 -26 -54]
[277 -26 -53]
[277 18 -78]
[277 -28 -44]
[277 -27 -45]
[277 -28 -43]
[277 -11 -79]
[277 -11 -80]
[277 -1 -83]
[277 -3 -83]
[277 -7 -81]
[277 -5 -80]
[277 -6 -81]
[277 -7 -80]
[277 -8 -81]
[277 -9 -81]
[277 -8 -80]
[277 -5 -81]
[277 -28 -42]
[277 -25 -56]
[277 1 -87]
[277 -1 -87]
[277 0 -87]
[277 -24 -48]
[277 -3 -81]
[277 6 -87]
[277 -1 -85]
[277 0 -84]
[277 -1 -86]
[277 -11 -81]
[277 -10 -81]
[278 -29 -43]
[278 -29 -44]
[278 -8 -82]
[278 -2 -85]
[278 -12 -81]
[278 4 -88]
[278 3 -87]
[278 5 -87]
[278 3 -88]
[278 5 -88]
[278 -3 -84]
[278 -3 -85]
[278 -7 -82]
[278 -6 -82]
[278 -4 -82]
[278 -4 -81]
[278 -4 -83]
[278 1 -88]
[278 0 -88]
[278 -1 -88]
[278 -12 -82]
[278 -10 -82]
[278 -4 -84]
[278 -5 -82]
[278 -2 -87]
[278 7 -88]
[278 -29 -45]
[278 -29 -42]
[278 -12 -80]
[278 -26 -55]
[278 -26 -56]
[278 18 -79]
[278 -28 -45]
[278 -2 -88]
[278 -9 -82]
[278 2 -88]
[278 -27 -53]
[278 -27 -54]
[279 -1 -89]
[279 0 -89]
[279 -2 -89]
[279 -5 -83]
[279 -30 -44]
[279 -29 -46]
[279 -28 -46]
[279 -30 -45]
[279 -7 -83]
[279 -5 -84]
[279 1 -89]
[279 -27 -55]
[279 -25 -57]
[279 -27 -56]
[279 -27 -57]
[279 -30 -43]
[279 19 -79]
[279 17 -78]
[279 -4 -85]
[279 -3 -86]
[279 -2 -86]
[279 -6 -83]
[279 -3 -87]
[279 -3 -89]
[279 -3 -88]
[279 -28 -54]
[279 -28 -53]
[279 -28 -55]
[279 -11 -82]
[279 -10 -83]
[279 2 -89]
[279 -13 -82]
[279 -27 -52]
[279 -26 -52]
[279 -13 -81]
[279 7 -89]
[279 -9 -83]
[279 -12 -83]
[280 7 -90]
[280 8 -89]
[280 8 -90]
[280 6 -88]
[280 -11 -83]
[280 -10 -84]
[280 -30 -42]
[280 -31 -43]
[280 -31 -44]
[280 -7 -84]
[280 -6 -84]
[280 -28 -52]
[280 -2 -90]
[280 -3 -90]
[280 -4 -89]
[280 -4 -88]
[280 -31 -46]
[280 -26 -58]
[280 -14 -83]
[280 -28 -56]
[280 -26 -57]
[280 -29 -53]
[280 -29 -54]
[280 -29 -55]
[280 0 -90]
[280 -1 -90]
[280 -5 -85]
[280 -6 -85]
[280 -26 -51]
[280 -30 -47]
[280 -8 -84]
[280 -9 -84]
[280 -8 -83]
[280 -4 -86]
[280 1 -90]
[280 -13 -84]
[280 -13 -83]
[280 -11 -84]
[281 -5 -86]
[281 -6 -86]
[281 -30 -54]
[281 -29 -52]
[281 -30 -52]
[281 -2 -91]
[281 -30 -48]
[281 -31 -48]
[281 -31 -47]
[281 -7 -86]
[281 -27 -51]
[281 6 -91]
[281 -30 -46]
[281 -31 -45]
[281 -32 -47]
[281 -5 -90]
[281 -28 -57]
[281 -29 -57]
[281 -7 -85]
[281 -15 -83]
[281 -15 -84]
[281 -9 -85]
[281 -11 -85]
[281 -10 -85]
[281 -27 -58]
[281 -30 -53]
[281 -30 -55]
[281 -27 -50]
[281 -32 -44]
[281 -32 -42]
[281 -32 -43]
[281 -30 -56]
[281 -8 -85]
[281 -31 -42]
[281 -12 -84]
[281 -14 -84]
[281 -1 -91]
[281 0 -91]
[281 -3 -91]
[281 -4 -91]
[281 -4 -87]
[281 -5 -87]
[282 -27 -49]
[282 -28 -50]
[282 -30 -51]
[282 -31 -51]
[282 -8 -86]
[282 -9 -86]
[282 -7 -87]
[282 -6 -87]
[282 -6 -90]
[282 -5 -89]
[282 -4 -90]
[282 -6 -89]
[282 -15 -85]
[282 -13 -85]
[282 -29 -58]
[282 -28 -58]
[282 -2 -92]
[282 -33 -43]
[282 -33 -44]
[282 -12 -85]
[282 -29 -56]
[282 -31 -54]
[282 -31 -53]
[282 -32 -49]
[282 -30 -49]
[282 -31 -56]
[282 -29 -48]
[282 -6 -88]
[282 -5 -88]
[282 -3 -92]
[282 -5 -91]
[282 -11 -86]
[282 -10 -86]
[282 -29 -47]
[282 -28 -51]
[282 -26 -50]
[282 6 -90]
[282 5 -91]
[282 5 -90]
[282 -33 -46]
[282 -33 -47]
[282 -32 -48]
[282 -33 -48]
[282 -16 -85]
[282 -14 -85]
[282 -30 -57]
[282 -31 -57]
[283 -29 -59]
[283 -34 -46]
[283 -6 -91]
[283 -4 -92]
[283 -10 -87]
[283 -3 -93]
[283 -33 -50]
[283 -31 -50]
[283 -25 -50]
[283 -31 -49]
[283 -15 -86]
[283 -29 -51]
[283 -11 -87]
[283 -9 -87]
[283 -12 -87]
[283 -12 -86]
[283 -7 -91]
[283 -7 -89]
[283 -7 -90]
[283 -31 -58]
[283 -29 -49]
[283 -28 -49]
[283 -7 -88]
[283 -32 -53]
[283 -31 -52]
[283 -32 -54]
[283 -31 -55]
[283 -33 -49]
[283 -8 -88]
[283 -13 -86]
[283 -34 -45]
[283 -32 -45]
[283 -17 -84]
[283 -28 -48]
[283 -27 -48]
[283 -8 -87]
[283 -30 -50]
[284 -29 -50]
[284 -13 -88]
[284 -13 -87]
[284 -9 -88]
[284 -26 -49]
[284 -28 -47]
[284 -32 -52]
[284 -33 -52]
[284 -8 -92]
[284 -8 -90]
[284 -32 -50]
[284 -34 -50]
[284 -34 -49]
[284 -8 -89]
[284 -5 -93]
[284 -7 -92]
[284 -33 -51]
[284 -34 -51]
[284 -32 -51]
[284 -11 -88]
[284 -16 -84]
[284 -30 -58]
[284 -33 -45]
[285 -9 -89]
[285 -9 -90]
[285 -8 -93]
[285 -8 -91]
[285 -9 -91]
[285 -14 -86]
[285 -12 -88]
[285 -14 -88]
[285 -33 -53]
[285 -34 -53]
[285 -4 -93]
[285 -6 -93]
[285 -6 -92]
[285 -5 -94]
[285 -34 -52]
[285 -7 -93]
[285 -12 -89]
[285 -14 -87]
[285 -10 -88]
[285 -10 -89]
[285 -11 -89]
[286 -10 -90]
[286 -6 -94]
[286 -7 -94]
[286 -9 -93]
[286 -8 -94]
[286 -11 -90]
[286 -12 -90]
[286 -15 -87]
[286 -9 -92]
[286 -14 -89]
[287 -10 -91]
[287 -10 -94]
[287 -15 -90]
[287 -12 -91]
[287 -13 -91]
[287 -13 -90]
[287 -11 -91]
[288 -16 -91]
[288 -14 -90]
[288 -11 -94]
[288 -10 -95]
[288 -9 -95]
[288 -13 -89]
[288 -11 -92]
[289 -11 -93]
[289 -10 -92]
[289 -14 -91]
[289 -11 -95]
[289 -9 -96]
[289 -16 -90]
[289 -15 -92]
[289 -9 -94]
[289 -10 -96]
[290 -15 -91]
[290 -12 -94]
[290 -10 -93]
[290 -9 -97]
[290 -10 -97]
[290 -8 -96]
[290 -8 -97]
[290 -15 -89]
[291 -7 -96]
[291 -8 -98]
[291 -7 -98]
[291 -14 -92]
[291 -10 -98]
[291 -9 -98]
[291 -11 -97]
[292 -13 -92]
[292 -9 -99]
[292 -10 -99]
[292 -7 -99]
[292 -8 -99]
[292 -11 -99]
[292 -7 -97]
[293 -11 -98]
[293 -8 -100]
[293 -9 -100]
[293 -10 -100]
[294 -9 -101]
[294 -8 -101]
[294 -7 -101]
[295 -7 -102]
