WORLD -121 121 -150 150 8.599638030038024 45.971120579063566 20.922061667319632 20.871909874832877
[0 2 -27]
[0 1 -26]
[0 2 -26]
[0 3 -26]
[0 3 -27]
[0 1 -27]
[0 3 -28]
[0 2 -28]
[0 1 -28]
[0 0 -27]
[0 0 -29]
[0 2 -25]
[0 1 -29]
[0 4 -28]
[0 4 -29]
[0 4 -27]
[0 3 -25]
[0 4 -26]
[0 0 -28]
[1 5 -26]
[1 5 -28]
[1 -1 -28]
[1 0 -30]
[1 -1 -29]
[1 2 -30]
[1 4 -30]
[1 5 -29]
[1 5 -30]
[1 3 -29]
[1 4 -25]
[1 5 -27]
[2 6 -31]
[2 4 -31]
[2 -1 -31]
[2 5 -24]
[2 4 -24]
[2 5 -25]
[2 3 -24]
[2 3 -31]
[2 2 -29]
[2 3 -30]
[2 5 -31]
[2 -2 -30]
[2 -1 -30]
[2 6 -29]
[2 6 -30]
[2 -2 -29]
[3 7 -29]
[3 6 -25]
[3 6 -24]
[3 7 -30]
[3 -3 -31]
[3 -3 -30]
[3 2 -32]
[3 4 -32]
[3 2 -31]
[3 -2 -31]
[3 0 -31]
[3 0 -32]
[3 -2 -32]
[3 7 -31]
[3 4 -23]
[3 1 -30]
[4 -4 -31]
[4 8 -29]
[4 7 -28]
[4 8 -28]
[4 1 -32]
[4 3 -32]
[4 5 -23]
[4 3 -33]
[4 5 -32]
[4 5 -33]
[4 4 -33]
[4 6 -32]
[4 1 -31]
[4 7 -25]
[4 7 -24]
[4 7 -26]
[4 -2 -33]
[4 -3 -32]
[4 -1 -33]
[4 6 -23]
[4 -1 -32]
[4 1 -33]
[5 2 -34]
[5 8 -26]
[5 8 -24]
[5 -4 -32]
[5 -5 -32]
[5 8 -23]
[5 8 -25]
[5 -1 -34]
[5 0 -34]
[5 0 -33]
[5 6 -33]
[5 -3 -33]
[5 -3 -34]
[5 9 -29]
[5 9 -28]
[5 -4 -33]
[5 2 -33]
[5 7 -27]
[5 6 -28]
[5 8 -27]
[5 7 -22]
[5 6 -34]
[5 4 -34]
[5 5 -34]
[5 3 -34]
[6 2 -35]
[6 1 -35]
[6 1 -34]
[6 -4 -34]
[6 5 -35]
[6 7 -34]
[6 9 -27]
[6 -5 -33]
[6 10 -28]
[6 10 -29]
[6 9 -25]
[6 9 -24]
[6 7 -33]
[6 3 -35]
[6 9 -26]
[6 -2 -35]
[6 -4 -35]
[6 -3 -35]
[6 8 -22]
[6 -1 -35]
[6 0 -35]
[6 -2 -34]
[6 7 -23]
[6 9 -23]
[6 9 -22]
[6 6 -26]
[6 -5 -31]
[7 -5 -34]
[7 -6 -34]
[7 1 -36]
[7 4 -35]
[7 11 -30]
[7 11 -29]
[7 9 -30]
[7 8 -34]
[7 -5 -35]
[7 -4 -36]
[7 -5 -36]
[7 -3 -36]
[7 10 -24]
[7 10 -26]
[7 2 -36]
[7 7 -21]
[7 9 -21]
[7 0 -36]
[7 -2 -36]
[7 -1 -36]
[7 6 -27]
[7 10 -25]
[7 10 -27]
[7 11 -27]
[7 10 -23]
[7 -6 -32]
[8 -1 -37]
[8 11 -26]
[8 11 -25]
[8 11 -24]
[8 -7 -32]
[8 -6 -35]
[8 -6 -36]
[8 1 -37]
[8 0 -37]
[8 6 -21]
[8 6 -22]
[8 6 -20]
[8 3 -36]
[8 12 -29]
[8 12 -30]
[8 9 -20]
[8 8 -21]
[8 10 -22]
[8 -7 -33]
[8 12 -27]
[8 12 -26]
[8 12 -28]
[8 -6 -33]
[8 11 -23]
[8 -4 -37]
[8 -6 -37]
[8 -5 -37]
[8 12 -31]
[8 10 -30]
[8 -2 -37]
[8 -3 -37]
[9 -7 -35]
[9 -7 -34]
[9 -8 -33]
[9 -8 -31]
[9 12 -23]
[9 12 -24]
[9 -1 -38]
[9 -4 -38]
[9 -2 -38]
[9 11 -21]
[9 10 -21]
[9 12 -25]
[9 12 -32]
[9 11 -32]
[9 13 -32]
[9 13 -31]
[9 5 -22]
[9 7 -20]
[9 13 -30]
[9 13 -29]
[9 11 -31]
[9 -6 -38]
[9 5 -21]
[9 7 -19]
[9 5 -19]
[9 13 -26]
[9 13 -27]
[9 13 -28]
[9 2 -38]
[9 1 -38]
[9 0 -38]
[9 8 -20]
[9 10 -20]
[9 13 -25]
[10 14 -25]
[10 14 -26]
[10 13 -24]
[10 14 -24]
[10 12 -33]
[10 14 -32]
[10 13 -33]
[10 14 -29]
[10 14 -28]
[10 14 -27]
[10 4 -22]
[10 -3 -38]
[10 -2 -39]
[10 -1 -39]
[10 0 -39]
[10 4 -20]
[10 4 -19]
[10 5 -20]
[10 8 -18]
[10 7 -18]
[10 9 -19]
[10 2 -37]
[10 14 -31]
[10 -8 -36]
[10 -8 -34]
[10 -9 -32]
[10 -8 -32]
[10 11 -20]
[10 1 -39]
[10 -3 -39]
[10 8 -19]
[10 -7 -39]
[10 -7 -38]
[10 -7 -37]
[10 -8 -30]
[10 -9 -30]
[10 2 -39]
[10 10 -31]
[10 10 -32]
[11 -6 -39]
[11 15 -33]
[11 15 -32]
[11 15 -29]
[11 14 -30]
[11 15 -28]
[11 9 -31]
[11 9 -32]
[11 -8 -29]
[11 9 -18]
[11 9 -17]
[11 15 -24]
[11 15 -26]
[11 0 -40]
[11 -8 -38]
[11 -8 -37]
[11 15 -23]
[11 14 -23]
[11 -4 -39]
[11 -1 -40]
[11 15 -31]
[11 15 -30]
[11 11 -34]
[11 11 -33]
[11 6 -19]
[11 10 -18]
[11 10 -19]
[11 -9 -31]
[11 -10 -31]
[11 -9 -29]
[11 14 -33]
[11 13 -34]
[11 3 -19]
[11 -9 -35]
[11 -8 -35]
[11 -9 -34]
[11 -9 -36]
[11 -7 -36]
[11 -2 -40]
[11 -4 -40]
[11 -3 -40]
[11 11 -19]
[11 15 -27]
[11 -10 -32]
[11 6 -18]
[11 7 -17]
[11 10 -33]
[12 8 -16]
[12 16 -31]
[12 15 -34]
[12 16 -34]
[12 -5 -41]
[12 -5 -40]
[12 -3 -41]
[12 -4 -41]
[12 5 -18]
[12 0 -41]
[12 -1 -41]
[12 11 -35]
[12 16 -33]
[12 8 -17]
[12 16 -30]
[12 -7 -40]
[12 -9 -38]
[12 -9 -37]
[12 4 -18]
[12 3 -20]
[12 -8 -39]
[12 -10 -36]
[12 12 -34]
[12 13 -35]
[12 10 -34]
[12 16 -26]
[12 -10 -34]
[12 -10 -29]
[12 -8 -28]
[12 9 -34]
[12 14 -34]
[12 11 -17]
[12 10 -17]
[12 16 -27]
[12 16 -29]
[12 -2 -41]
[12 1 -41]
[12 16 -22]
[12 11 -18]
[12 12 -18]
[12 16 -32]
[12 -5 -38]
[12 -5 -39]
[12 15 -25]
[12 16 -25]
[12 16 -24]
[13 -6 -40]
[13 2 -21]
[13 17 -25]
[13 17 -24]
[13 2 -40]
[13 1 -42]
[13 2 -42]
[13 0 -42]
[13 17 -32]
[13 17 -31]
[13 -4 -42]
[13 10 -16]
[13 17 -33]
[13 12 -35]
[13 16 -35]
[13 15 -35]
[13 17 -34]
[13 -3 -42]
[13 16 -23]
[13 12 -19]
[13 -9 -39]
[13 -8 -40]
[13 -1 -42]
[13 -11 -35]
[13 -11 -37]
[13 14 -35]
[13 17 -28]
[13 16 -28]
[13 17 -30]
[13 13 -36]
[13 7 -16]
[13 9 -16]
[13 -7 -27]
[13 -9 -27]
[13 -9 -28]
[13 1 -40]
[13 -6 -42]
[13 12 -36]
[13 4 -17]
[13 5 -17]
[13 -2 -42]
[13 -6 -41]
[13 -7 -41]
[13 -8 -41]
[13 17 -27]
[13 17 -26]
[13 -10 -35]
[13 -10 -37]
[13 7 -15]
[13 8 -15]
[13 17 -29]
[14 -2 -43]
[14 -1 -43]
[14 10 -15]
[14 11 -16]
[14 11 -15]
[14 -10 -39]
[14 -10 -40]
[14 17 -23]
[14 -7 -42]
[14 18 -34]
[14 18 -33]
[14 -11 -34]
[14 -11 -36]
[14 18 -25]
[14 18 -26]
[14 3 -43]
[14 2 -41]
[14 3 -42]
[14 15 -36]
[14 17 -35]
[14 -12 -36]
[14 18 -31]
[14 18 -32]
[14 18 -23]
[14 18 -24]
[14 -10 -38]
[14 1 -20]
[14 1 -22]
[14 -7 -26]
[14 -8 -26]
[14 -8 -27]
[14 12 -37]
[14 13 -37]
[14 18 -28]
[14 5 -16]
[14 1 -43]
[14 0 -43]
[14 6 -17]
[14 18 -29]
[14 18 -27]
[14 2 -43]
[14 7 -14]
[14 -9 -26]
[14 -3 -43]
[14 -7 -43]
[14 -6 -43]
[14 14 -37]
[14 14 -36]
[14 -9 -42]
[14 -9 -41]
[14 16 -36]
[14 -4 -43]
[14 3 -16]
[14 4 -16]
[15 -3 -44]
[15 -4 -44]
[15 -9 -40]
[15 11 -38]
[15 11 -37]
[15 19 -32]
[15 19 -33]
[15 -12 -37]
[15 -11 -39]
[15 -10 -41]
[15 -11 -41]
[15 12 -38]
[15 13 -38]
[15 2 -44]
[15 3 -44]
[15 4 -42]
[15 4 -43]
[15 4 -44]
[15 -8 -25]
[15 -9 -25]
[15 -7 -25]
[15 15 -38]
[15 14 -38]
[15 15 -37]
[15 18 -35]
[15 -5 -44]
[15 -5 -43]
[15 -6 -44]
[15 19 -27]
[15 19 -26]
[15 19 -24]
[15 17 -22]
[15 -8 -42]
[15 -8 -43]
[15 -10 -26]
[15 -10 -25]
[15 -10 -27]
[15 19 -25]
[15 5 -15]
[15 6 -16]
[15 12 -17]
[15 19 -31]
[15 18 -30]
[15 18 -22]
[15 8 -13]
[15 19 -28]
[15 19 -29]
[15 19 -30]
[15 4 -15]
[15 3 -15]
[15 9 -14]
[15 10 -14]
[15 11 -14]
[15 1 -44]
[15 -10 -42]
[15 -10 -43]
[15 -9 -43]
[15 -11 -38]
[15 0 -21]
[15 1 -23]
[15 2 -22]
[15 1 -21]
[15 17 -36]
[15 17 -37]
[15 0 -44]
[15 -13 -36]
[15 -2 -44]
[15 3 -41]
[16 -11 -42]
[16 -11 -40]
[16 16 -38]
[16 0 -23]
[16 2 -24]
[16 0 -22]
[16 -11 -43]
[16 -8 -44]
[16 -2 -45]
[16 9 -13]
[16 8 -14]
[16 3 -45]
[16 5 -45]
[16 -7 -44]
[16 -9 -44]
[16 19 -23]
[16 18 -21]
[16 17 -21]
[16 20 -27]
[16 20 -26]
[16 4 -45]
[16 20 -30]
[16 -6 -24]
[16 -6 -25]
[16 -8 -24]
[16 -6 -26]
[16 10 -38]
[16 10 -37]
[16 6 -15]
[16 19 -36]
[16 19 -34]
[16 -5 -45]
[16 -7 -45]
[16 2 -45]
[16 1 -45]
[16 0 -45]
[16 9 -15]
[16 10 -13]
[16 -11 -26]
[16 -11 -28]
[16 -10 -28]
[16 20 -31]
[16 20 -32]
[16 20 -33]
[16 16 -39]
[16 15 -39]
[16 14 -39]
[16 5 -43]
[16 20 -24]
[16 -1 -44]
[16 -1 -45]
[16 13 -39]
[16 5 -14]
[16 -13 -38]
[16 4 -40]
[16 -12 -40]
[16 -11 -44]
[16 -1 -22]
[16 2 -23]
[16 -11 -24]
[16 -11 -25]
[16 -10 -24]
[16 20 -23]
[16 20 -25]
[16 9 -12]
[16 7 -12]
[16 -5 -42]
[16 -3 -45]
[16 20 -29]
[16 -13 -37]
[16 12 -39]
[16 11 -39]
[16 20 -28]
[16 -12 -41]
[16 -9 -24]
[16 20 -34]
[16 12 -15]
[16 3 -14]
[16 4 -14]
[16 18 -36]
[16 17 -38]
[16 18 -37]
[16 18 -38]
[16 16 -37]
[16 16 -21]
[17 21 -30]
[17 21 -31]
[17 -1 -23]
[17 21 -28]
[17 21 -29]
[17 -8 -45]
[17 18 -39]
[17 17 -39]
[17 19 -39]
[17 21 -25]
[17 -9 -45]
[17 20 -35]
[17 19 -35]
[17 1 -24]
[17 3 -23]
[17 9 -37]
[17 9 -38]
[17 7 -13]
[17 -8 -23]
[17 -7 -24]
[17 -12 -39]
[17 19 -21]
[17 18 -20]
[17 -11 -27]
[17 -5 -27]
[17 -6 -27]
[17 -5 -26]
[17 -12 -38]
[17 21 -22]
[17 19 -22]
[17 14 -40]
[17 11 -40]
[17 12 -40]
[17 10 -40]
[17 -12 -24]
[17 -12 -25]
[17 -1 -24]
[17 2 -46]
[17 -5 -24]
[17 13 -40]
[17 -6 -45]
[17 -4 -45]
[17 -3 -46]
[17 -2 -46]
[17 5 -42]
[17 5 -44]
[17 6 -44]
[17 5 -46]
[17 6 -46]
[17 21 -27]
[17 10 -39]
[17 15 -22]
[17 15 -21]
[17 16 -20]
[17 13 -14]
[17 12 -14]
[17 -12 -43]
[17 -12 -42]
[17 -12 -44]
[17 -13 -40]
[17 -13 -39]
[17 -10 -45]
[17 -10 -44]
[17 5 -41]
[17 4 -41]
[17 5 -40]
[17 -12 -23]
[17 10 -11]
[17 -11 -29]
[17 21 -26]
[17 21 -24]
[17 4 -46]
[17 21 -34]
[17 -6 -46]
[17 -8 -46]
[17 -7 -46]
[17 -1 -46]
[17 19 -38]
[17 -13 -41]
[17 -13 -42]
[17 -2 -22]
[17 8 -11]
[17 7 -11]
[17 6 -13]
[17 1 -46]
[17 21 -33]
[17 21 -32]
[17 -12 -45]
[17 -11 -45]
[17 5 -13]
[17 -7 -23]
[17 -5 -23]
[17 -5 -25]
[17 -6 -23]
[18 22 -24]
[18 20 -21]
[18 20 -22]
[18 22 -27]
[18 22 -25]
[18 -14 -42]
[18 -14 -41]
[18 6 -45]
[18 11 -41]
[18 9 -41]
[18 9 -40]
[18 20 -20]
[18 -13 -22]
[18 -11 -22]
[18 -11 -23]
[18 4 -47]
[18 13 -41]
[18 14 -41]
[18 7 -10]
[18 6 -12]
[18 8 -10]
[18 -5 -46]
[18 -7 -22]
[18 19 -40]
[18 20 -38]
[18 4 -12]
[18 6 -14]
[18 15 -40]
[18 22 -29]
[18 -3 -22]
[18 -2 -23]
[18 -4 -27]
[18 -13 -45]
[18 -11 -46]
[18 -12 -46]
[18 -13 -44]
[18 -2 -47]
[18 -4 -47]
[18 0 -47]
[18 -7 -47]
[18 3 -47]
[18 6 -43]
[18 7 -44]
[18 0 -46]
[18 19 -20]
[18 19 -19]
[18 17 -20]
[18 8 -12]
[18 9 -10]
[18 -13 -43]
[18 3 -46]
[18 21 -23]
[18 22 -23]
[18 -2 -24]
[18 -2 -25]
[18 -9 -23]
[18 20 -37]
[18 20 -39]
[18 -4 -24]
[18 -4 -26]
[18 -4 -25]
[18 -14 -40]
[18 17 -40]
[18 18 -40]
[18 8 -38]
[18 8 -37]
[18 -6 -22]
[18 -4 -23]
[18 -5 -22]
[18 -1 -47]
[18 22 -33]
[18 22 -32]
[18 22 -26]
[18 22 -28]
[18 22 -31]
[18 14 -13]
[18 9 -39]
[18 9 -11]
[18 10 -10]
[18 -10 -46]
[18 21 -35]
[18 21 -36]
[18 6 -47]
[18 6 -41]
[18 16 -40]
[18 6 -39]
[18 13 -15]
[18 20 -36]
[18 -6 -47]
[19 -7 -21]
[19 -5 -21]
[19 7 -46]
[19 7 -47]
[19 -15 -41]
[19 -15 -42]
[19 23 -24]
[19 23 -22]
[19 21 -21]
[19 21 -20]
[19 22 -30]
[19 21 -38]
[19 21 -37]
[19 10 -41]
[19 12 -41]
[19 10 -42]
[19 11 -42]
[19 -1 -48]
[19 23 -27]
[19 23 -26]
[19 -7 -48]
[19 -11 -47]
[19 6 -40]
[19 7 -39]
[19 23 -25]
[19 23 -23]
[19 -5 -48]
[19 14 -42]
[19 15 -41]
[19 -4 -21]
[19 -4 -22]
[19 22 -34]
[19 8 -44]
[19 7 -43]
[19 7 -45]
[19 8 -45]
[19 -3 -23]
[19 -3 -25]
[19 16 -41]
[19 18 -41]
[19 -14 -21]
[19 -14 -22]
[19 -12 -22]
[19 -12 -21]
[19 8 -40]
[19 8 -39]
[19 12 -16]
[19 -3 -24]
[19 -2 -26]
[19 -14 -44]
[19 -14 -43]
[19 -9 -46]
[19 8 -41]
[19 11 -10]
[19 7 -9]
[19 6 -9]
[19 8 -9]
[19 10 -9]
[19 6 -42]
[19 7 -42]
[19 9 -42]
[19 8 -42]
[19 12 -42]
[19 -10 -23]
[19 -11 -21]
[19 23 -33]
[19 23 -32]
[19 -14 -45]
[19 -13 -46]
[19 5 -48]
[19 -4 -46]
[19 -5 -47]
[19 -3 -21]
[19 -2 -21]
[19 4 -11]
[19 5 -11]
[19 22 -22]
[19 2 -48]
[19 4 -48]
[19 2 -47]
[19 19 -41]
[19 20 -41]
[19 -3 -26]
[19 1 -47]
[19 0 -48]
[19 22 -35]
[19 20 -19]
[19 -3 -47]
[19 -3 -48]
[19 -2 -48]
[19 6 -11]
[19 5 -12]
[19 -12 -47]
[19 -13 -47]
[19 -10 -22]
[19 19 -37]
[19 23 -30]
[19 13 -13]
[19 14 -12]
[19 13 -12]
[20 16 -42]
[20 -16 -42]
[20 -4 -20]
[20 6 -10]
[20 5 -8]
[20 -12 -48]
[20 24 -25]
[20 12 -11]
[20 -12 -20]
[20 -10 -21]
[20 9 -43]
[20 7 -41]
[20 8 -43]
[20 -8 -49]
[20 -6 -49]
[20 -8 -47]
[20 11 -8]
[20 7 -40]
[20 15 -42]
[20 -14 -46]
[20 -14 -47]
[20 -1 -49]
[20 21 -19]
[20 22 -21]
[20 22 -19]
[20 -9 -22]
[20 5 -10]
[20 22 -20]
[20 24 -27]
[20 -15 -45]
[20 -15 -44]
[20 -8 -22]
[20 -8 -21]
[20 5 -49]
[20 9 -44]
[20 -3 -49]
[20 -13 -21]
[20 24 -26]
[20 24 -23]
[20 24 -22]
[20 23 -21]
[20 9 -8]
[20 9 -9]
[20 8 -8]
[20 -5 -20]
[20 -6 -21]
[20 -6 -20]
[20 8 -46]
[20 -6 -48]
[20 -4 -48]
[20 -5 -49]
[20 -13 -20]
[20 -11 -20]
[20 -2 -20]
[20 13 -42]
[20 11 -43]
[20 22 -36]
[20 23 -36]
[20 23 -35]
[20 24 -29]
[20 24 -30]
[20 23 -29]
[20 17 -42]
[20 17 -41]
[20 18 -42]
[20 8 -47]
[20 11 -11]
[20 11 -9]
[20 23 -34]
[20 7 -38]
[20 21 -40]
[20 20 -42]
[20 21 -42]
[20 1 -48]
[20 10 -43]
[20 5 -47]
[20 3 -49]
[20 8 -48]
[20 7 -48]
[20 2 -49]
[20 21 -39]
[20 22 -39]
[20 -1 -21]
[20 -3 -20]
[20 14 -43]
[20 -16 -41]
[20 -15 -40]
[20 -2 -49]
[20 24 -24]
[20 0 -49]
[20 19 -42]
[20 23 -31]
[20 -9 -47]
[20 24 -33]
[21 -1 -50]
[21 -3 -50]
[21 -2 -50]
[21 -9 -21]
[21 12 -43]
[21 -1 -20]
[21 0 -20]
[21 5 -9]
[21 -16 -43]
[21 -17 -41]
[21 -3 -19]
[21 -5 -19]
[21 4 -49]
[21 6 -49]
[21 5 -50]
[21 6 -50]
[21 6 -48]
[21 10 -8]
[21 20 -43]
[21 1 -49]
[21 25 -26]
[21 25 -28]
[21 16 -43]
[21 -15 -47]
[21 21 -41]
[21 21 -43]
[21 22 -42]
[21 11 -44]
[21 10 -44]
[21 9 -7]
[21 10 -7]
[21 -8 -48]
[21 -10 -47]
[21 9 -46]
[21 7 -49]
[21 -14 -20]
[21 -13 -19]
[21 -12 -19]
[21 7 -8]
[21 7 -7]
[21 8 -7]
[21 -17 -42]
[21 23 -28]
[21 24 -28]
[21 25 -30]
[21 -6 -50]
[21 -4 -50]
[21 -5 -50]
[21 -2 -19]
[21 -1 -19]
[21 25 -24]
[21 25 -25]
[21 2 -50]
[21 3 -48]
[21 3 -50]
[21 -7 -19]
[21 -16 -45]
[21 -16 -44]
[21 22 -38]
[21 22 -40]
[21 25 -23]
[21 22 -41]
[21 4 -50]
[21 17 -43]
[21 15 -43]
[21 -15 -48]
[21 -13 -48]
[21 23 -37]
[21 24 -35]
[21 24 -34]
[21 -16 -46]
[21 -15 -46]
[21 9 -48]
[21 10 -12]
[21 11 -12]
[21 -4 -19]
[21 -7 -50]
[21 9 -45]
[21 9 -47]
[21 1 -50]
[21 19 -43]
[21 25 -32]
[21 25 -33]
[21 15 -44]
[21 13 -44]
[21 13 -43]
[21 -11 -19]
[21 24 -20]
[21 -12 -49]
[21 -11 -49]
[21 -13 -49]
[21 -7 -20]
[21 -8 -20]
[21 22 -37]
[21 -9 -50]
[21 -9 -49]
[21 -4 -49]
[21 25 -27]
[21 23 -20]
[21 24 -31]
[21 24 -32]
[21 -10 -20]
[21 18 -43]
[21 25 -29]
[22 3 -51]
[22 4 -51]
[22 6 -7]
[22 0 -50]
[22 11 -45]
[22 10 -45]
[22 0 -19]
[22 1 -19]
[22 -11 -18]
[22 -13 -18]
[22 -18 -42]
[22 -9 -48]
[22 -10 -48]
[22 -12 -18]
[22 -9 -20]
[22 4 -9]
[22 4 -8]
[22 -14 -49]
[22 -14 -50]
[22 12 -13]
[22 -7 -49]
[22 -16 -47]
[22 -4 -18]
[22 -3 -18]
[22 -5 -18]
[22 25 -31]
[22 19 -44]
[22 7 -6]
[22 12 -44]
[22 13 -45]
[22 14 -44]
[22 -17 -43]
[22 -17 -45]
[22 -15 -43]
[22 -17 -44]
[22 26 -23]
[22 25 -22]
[22 26 -22]
[22 26 -24]
[22 -2 -51]
[22 -3 -51]
[22 18 -44]
[22 20 -44]
[22 10 -47]
[22 10 -48]
[22 6 -8]
[22 -2 -18]
[22 26 -33]
[22 26 -32]
[22 24 -19]
[22 24 -21]
[22 22 -43]
[22 21 -44]
[22 8 -49]
[22 7 -50]
[22 8 -50]
[22 6 -51]
[22 7 -51]
[22 5 -51]
[22 0 -51]
[22 -1 -51]
[22 25 -34]
[22 25 -35]
[22 16 -44]
[22 2 -51]
[22 26 -27]
[22 14 -45]
[22 15 -45]
[22 -13 -50]
[22 -12 -50]
[22 -11 -48]
[22 25 -20]
[22 25 -19]
[22 -6 -18]
[22 -7 -18]
[22 -6 -51]
[22 26 -28]
[22 26 -29]
[22 -8 -19]
[22 23 -42]
[22 -9 -19]
[22 -14 -48]
[22 -15 -49]
[22 -16 -49]
[22 -16 -48]
[22 26 -25]
[22 26 -26]
[22 23 -41]
[22 -6 -19]
[22 26 -31]
[22 24 -37]
[22 24 -36]
[22 10 -6]
[22 9 -6]
[22 -17 -46]
[22 26 -30]
[22 -10 -50]
[22 -10 -51]
[22 -8 -51]
[22 -8 -50]
[22 -10 -49]
[22 23 -39]
[23 14 -46]
[23 24 -41]
[23 24 -43]
[23 24 -42]
[23 27 -34]
[23 27 -33]
[23 27 -32]
[23 4 -52]
[23 5 -52]
[23 -18 -43]
[23 -18 -45]
[23 1 -51]
[23 -1 -52]
[23 2 -52]
[23 24 -40]
[23 23 -40]
[23 25 -38]
[23 25 -37]
[23 23 -38]
[23 24 -38]
[23 25 -36]
[23 20 -45]
[23 -5 -17]
[23 -7 -17]
[23 -13 -51]
[23 -7 -52]
[23 -5 -52]
[23 -11 -50]
[23 -11 -51]
[23 -17 -48]
[23 22 -45]
[23 22 -44]
[23 18 -45]
[23 19 -45]
[23 3 -52]
[23 27 -24]
[23 27 -25]
[23 -2 -52]
[23 -3 -52]
[23 -1 -18]
[23 27 -31]
[23 24 -18]
[23 26 -20]
[23 25 -18]
[23 -8 -18]
[23 -9 -18]
[23 1 -18]
[23 12 -45]
[23 10 -46]
[23 12 -46]
[23 -15 -50]
[23 -17 -49]
[23 -16 -50]
[23 -17 -50]
[23 26 -35]
[23 -14 -51]
[23 3 -8]
[23 9 -5]
[23 10 -5]
[23 8 -5]
[23 8 -6]
[23 -7 -51]
[23 9 -50]
[23 8 -51]
[23 25 -21]
[23 17 -45]
[23 13 -46]
[23 -12 -17]
[23 -13 -17]
[23 -11 -17]
[23 26 -34]
[23 -17 -47]
[23 -18 -46]
[23 -10 -19]
[23 -10 -18]
[23 10 -49]
[23 9 -49]
[23 11 -49]
[23 11 -48]
[23 1 -52]
[23 11 -5]
[23 -19 -43]
[23 6 -52]
[23 -6 -17]
[23 -4 -52]
[23 -4 -51]
[23 -3 -17]
[23 -4 -17]
[23 27 -27]
[23 27 -21]
[23 27 -22]
[23 27 -23]
[23 7 -52]
[23 11 -13]
[23 12 -12]
[23 16 -46]
[23 27 -28]
[23 -1 -17]
[23 -2 -17]
[23 0 -52]
[23 27 -30]
[23 -18 -44]
[23 -9 -52]
[24 11 -46]
[24 11 -47]
[24 0 -53]
[24 0 -17]
[24 0 -18]
[24 -14 -16]
[24 -4 -53]
[24 -5 -53]
[24 25 -17]
[24 26 -17]
[24 -9 -51]
[24 -9 -53]
[24 -10 -52]
[24 -8 -53]
[24 -12 -52]
[24 26 -36]
[24 26 -38]
[24 17 -47]
[24 16 -45]
[24 17 -46]
[24 15 -47]
[24 -2 -53]
[24 -1 -53]
[24 12 -48]
[24 28 -21]
[24 28 -22]
[24 28 -23]
[24 -7 -16]
[24 -8 -16]
[24 -8 -17]
[24 -6 -16]
[24 -5 -16]
[24 -6 -53]
[24 -6 -52]
[24 1 -53]
[24 5 -53]
[24 28 -31]
[24 -2 -16]
[24 -12 -16]
[24 -13 -16]
[24 -11 -16]
[24 12 -50]
[24 28 -32]
[24 28 -34]
[24 -19 -44]
[24 -19 -45]
[24 26 -21]
[24 28 -20]
[24 -17 -51]
[24 -18 -49]
[24 -15 -51]
[24 -16 -51]
[24 28 -33]
[24 27 -36]
[24 9 -51]
[24 -4 -16]
[24 -3 -16]
[24 7 -53]
[24 2 -53]
[24 -3 -53]
[24 4 -53]
[24 -5 -51]
[24 20 -46]
[24 18 -46]
[24 -10 -17]
[24 -9 -17]
[24 -20 -43]
[24 28 -30]
[24 27 -29]
[24 -1 -16]
[24 23 -43]
[24 21 -45]
[24 23 -44]
[24 -18 -48]
[24 -18 -50]
[24 -13 -52]
[24 -18 -47]
[24 -19 -47]
[24 -19 -46]
[24 28 -25]
[24 28 -24]
[24 25 -42]
[24 24 -44]
[24 25 -44]
[24 26 -19]
[24 27 -19]
[24 10 -4]
[24 3 -7]
[24 2 -8]
[24 2 -7]
[24 8 -53]
[24 25 -39]
[24 24 -39]
[24 25 -40]
[24 10 -50]
[24 -14 -52]
[24 21 -46]
[24 13 -47]
[24 12 -47]
[24 27 -26]
[24 28 -26]
[24 28 -27]
[24 17 -44]
[24 -10 -16]
[24 11 -4]
[24 25 -41]
[25 9 -4]
[25 9 -3]
[25 0 -54]
[25 2 -54]
[25 1 -54]
[25 1 -17]
[25 28 -28]
[25 29 -26]
[25 18 -48]
[25 16 -48]
[25 16 -47]
[25 18 -47]
[25 17 -48]
[25 27 -37]
[25 29 -31]
[25 29 -29]
[25 -11 -52]
[25 23 -45]
[25 25 -43]
[25 24 -45]
[25 27 -35]
[25 28 -35]
[25 -12 -53]
[25 -11 -53]
[25 -12 -51]
[25 29 -24]
[25 29 -25]
[25 8 -54]
[25 -2 -54]
[25 26 -18]
[25 27 -20]
[25 12 -49]
[25 13 -49]
[25 11 -50]
[25 11 -51]
[25 -10 -15]
[25 -3 -54]
[25 -5 -54]
[25 -7 -53]
[25 -6 -54]
[25 -19 -49]
[25 -19 -51]
[25 -21 -43]
[25 -19 -48]
[25 -9 -16]
[25 -7 -15]
[25 -8 -15]
[25 -9 -15]
[25 3 -6]
[25 26 -45]
[25 26 -44]
[25 26 -41]
[25 4 -54]
[25 5 -54]
[25 3 -54]
[25 -2 -15]
[25 29 -34]
[25 29 -32]
[25 29 -33]
[25 -14 -53]
[25 -15 -53]
[25 13 -48]
[25 1 -7]
[25 -17 -52]
[25 -16 -52]
[25 -14 -15]
[25 -13 -15]
[25 11 -3]
[25 -20 -45]
[25 -20 -46]
[25 -5 -15]
[25 14 -48]
[25 15 -48]
[25 -20 -44]
[25 29 -20]
[25 29 -21]
[25 -6 -15]
[25 29 -19]
[25 28 -19]
[25 3 -53]
[25 29 -22]
[25 29 -23]
[25 7 -54]
[25 9 -53]
[25 9 -54]
[25 26 -42]
[25 26 -43]
[25 27 -18]
[25 -4 -54]
[25 26 -39]
[25 26 -40]
[25 25 -16]
[25 27 -16]
[25 10 -51]
[25 28 -29]
[25 22 -46]
[25 -12 -15]
[25 -11 -15]
[25 -10 -54]
[25 -9 -54]
[25 -10 -53]
[25 -1 -54]
[25 -15 -52]
[25 -19 -50]
[25 6 -53]
[25 6 -54]
[25 14 -47]
[25 19 -46]
[25 -8 -54]
[25 29 -30]
[25 -8 -52]
[25 29 -35]
[25 -20 -47]
[25 -3 -15]
[25 -20 -48]
[25 27 -38]
[25 26 -37]
[26 28 -36]
[26 -11 -54]
[26 -13 -53]
[26 -12 -54]
[26 -13 -54]
[26 3 -55]
[26 1 -55]
[26 -4 -15]
[26 30 -33]
[26 30 -24]
[26 26 -15]
[26 27 -15]
[26 26 -16]
[26 17 -49]
[26 18 -49]
[26 19 -48]
[26 1 -6]
[26 2 -6]
[26 30 -23]
[26 30 -25]
[26 30 -20]
[26 -21 -44]
[26 -21 -45]
[26 25 -15]
[26 -18 -51]
[26 0 -55]
[26 -3 -14]
[26 -4 -14]
[26 11 -2]
[26 5 -55]
[26 -3 -55]
[26 27 -41]
[26 27 -43]
[26 30 -21]
[26 -4 -55]
[26 -5 -55]
[26 7 -55]
[26 -18 -52]
[26 -20 -50]
[26 -20 -51]
[26 28 -18]
[26 29 -18]
[26 -16 -53]
[26 -16 -54]
[26 30 -30]
[26 30 -31]
[26 27 -40]
[26 -6 -55]
[26 15 -46]
[26 2 -55]
[26 4 -55]
[26 9 -55]
[26 -21 -46]
[26 -14 -54]
[26 -20 -49]
[26 -1 -15]
[26 -17 -53]
[26 -10 -14]
[26 -13 -14]
[26 30 -32]
[26 -12 -14]
[26 -11 -14]
[26 15 -49]
[26 -7 -54]
[26 25 -45]
[26 27 -44]
[26 -8 -14]
[26 -7 -14]
[26 24 -46]
[26 23 -46]
[26 -9 -55]
[26 -10 -55]
[26 -11 -55]
[26 30 -34]
[26 29 -28]
[26 -9 -14]
[26 -22 -44]
[26 -22 -43]
[26 -20 -42]
[26 28 -17]
[26 -21 -49]
[26 -21 -48]
[26 -21 -47]
[26 -2 -55]
[26 25 -46]
[26 -7 -55]
[26 -5 -14]
[26 -6 -14]
[26 -1 -55]
[26 10 -53]
[26 9 -52]
[26 30 -27]
[26 29 -27]
[26 -14 -14]
[26 12 -51]
[26 10 -52]
[26 12 -52]
[26 13 -50]
[26 14 -50]
[26 28 -37]
[26 27 -39]
[26 20 -47]
[26 11 -52]
[26 6 -55]
[26 30 -36]
[26 23 -47]
[26 4 -5]
[26 3 -5]
[27 24 -47]
[27 5 -56]
[27 4 -56]
[27 -21 -50]
[27 27 -42]
[27 28 -41]
[27 28 -40]
[27 1 -5]
[27 30 -26]
[27 0 -56]
[27 2 -56]
[27 1 -56]
[27 -13 -55]
[27 -14 -55]
[27 -15 -55]
[27 -1 -56]
[27 -3 -56]
[27 -2 -56]
[27 -19 -53]
[27 31 -25]
[27 -5 -13]
[27 -7 -13]
[27 8 -52]
[27 25 -47]
[27 26 -46]
[27 26 -47]
[27 29 -37]
[27 30 -37]
[27 21 -47]
[27 -23 -44]
[27 -21 -42]
[27 18 -50]
[27 19 -50]
[27 17 -50]
[27 31 -30]
[27 30 -29]
[27 31 -26]
[27 3 -4]
[27 2 -5]
[27 4 -4]
[27 11 -53]
[27 12 -53]
[27 -12 -55]
[27 -21 -52]
[27 -20 -52]
[27 -19 -52]
[27 31 -21]
[27 -22 -45]
[27 -8 -55]
[27 -10 -56]
[27 -9 -56]
[27 28 -39]
[27 28 -44]
[27 28 -43]
[27 -8 -13]
[27 22 -47]
[27 7 -56]
[27 6 -56]
[27 31 -22]
[27 31 -24]
[27 26 -14]
[27 25 -14]
[27 -6 -56]
[27 -22 -46]
[27 -17 -54]
[27 -18 -53]
[27 -18 -54]
[27 29 -17]
[27 27 -17]
[27 28 -16]
[27 29 -16]
[27 31 -28]
[27 31 -27]
[27 23 -48]
[27 22 -48]
[27 27 -45]
[27 -4 -56]
[27 31 -31]
[27 -16 -55]
[27 -15 -54]
[27 31 -34]
[27 14 -49]
[27 -10 -13]
[27 8 -56]
[27 10 -55]
[27 10 -56]
[27 -23 -45]
[27 -23 -43]
[27 28 -15]
[27 30 -17]
[27 -5 -56]
[27 -12 -13]
[27 10 -3]
[27 10 -2]
[27 -14 -13]
[27 -13 -13]
[27 -4 -13]
[27 31 -33]
[27 30 -35]
[27 28 -38]
[27 -22 -48]
[27 -22 -49]
[27 13 -52]
[27 15 -50]
[27 16 -50]
[27 11 -54]
[27 -12 -56]
[27 -21 -51]
[27 31 -32]
[27 14 -51]
[27 15 -51]
[27 19 -49]
[27 20 -49]
[27 19 -47]
[27 13 -53]
[27 13 -51]
[28 5 -57]
[28 3 -56]
[28 32 -33]
[28 -1 -57]
[28 -2 -57]
[28 -13 -56]
[28 -19 -54]
[28 -19 -55]
[28 -17 -55]
[28 -9 -57]
[28 -8 -56]
[28 -8 -57]
[28 -20 -53]
[28 -22 -52]
[28 -22 -53]
[28 -21 -53]
[28 -22 -51]
[28 27 -47]
[28 32 -26]
[28 1 -57]
[28 2 -57]
[28 -14 -56]
[28 -15 -56]
[28 29 -44]
[28 29 -43]
[28 28 -42]
[28 -6 -12]
[28 20 -48]
[28 -23 -46]
[28 -12 -12]
[28 -11 -13]
[28 30 -16]
[28 29 -15]
[28 24 -14]
[28 30 -18]
[28 -11 -56]
[28 32 -32]
[28 -5 -57]
[28 -6 -57]
[28 -4 -57]
[28 -13 -12]
[28 -5 -12]
[28 14 -54]
[28 14 -53]
[28 14 -52]
[28 13 -54]
[28 24 -48]
[28 1 -4]
[28 6 -57]
[28 7 -57]
[28 12 -54]
[28 9 -57]
[28 11 -56]
[28 11 -55]
[28 -7 -12]
[28 -9 -13]
[28 31 -29]
[28 31 -23]
[28 2 -4]
[28 -22 -50]
[28 4 -3]
[28 16 -49]
[28 17 -51]
[28 16 -51]
[28 32 -27]
[28 30 -28]
[28 32 -28]
[28 32 -30]
[28 32 -31]
[28 -11 -57]
[28 -13 -57]
[28 -12 -57]
[28 9 -56]
[28 10 -54]
[28 0 -57]
[28 26 -48]
[28 8 -55]
[28 20 -50]
[28 19 -51]
[28 -24 -45]
[28 29 -45]
[28 28 -45]
[28 27 -46]
[28 -3 -12]
[28 -4 -12]
[28 29 -38]
[28 29 -39]
[28 16 -52]
[28 15 -52]
[28 31 -36]
[28 31 -35]
[28 29 -42]
[28 29 -41]
[28 29 -36]
[28 31 -37]
[28 27 -48]
[28 32 -24]
[28 32 -25]
[28 -3 -57]
[28 8 -57]
[28 -23 -48]
[28 -23 -49]
[28 21 -48]
[28 -24 -43]
[28 -24 -44]
[28 -23 -50]
[28 32 -34]
[28 32 -21]
[28 32 -20]
[28 31 -20]
[28 -22 -42]
[28 -23 -42]
[28 -20 -54]
[28 -7 -57]
[28 -11 -12]
[28 21 -49]
[28 32 -29]
[28 26 -13]
[28 29 -40]
[29 -10 -12]
[29 -9 -12]
[29 -12 -58]
[29 -14 -58]
[29 7 -58]
[29 -18 -55]
[29 -20 -55]
[29 -20 -56]
[29 -6 -11]
[29 -1 -58]
[29 -2 -58]
[29 -3 -58]
[29 -10 -11]
[29 -12 -11]
[29 32 -37]
[29 32 -36]
[29 33 -31]
[29 33 -30]
[29 -25 -45]
[29 -25 -44]
[29 30 -22]
[29 32 -23]
[29 30 -38]
[29 30 -40]
[29 30 -44]
[29 10 -57]
[29 33 -22]
[29 33 -21]
[29 4 -57]
[29 3 -57]
[29 -7 -56]
[29 -6 -58]
[29 30 -39]
[29 33 -19]
[29 31 -19]
[29 30 -42]
[29 30 -14]
[29 28 -14]
[29 -13 -58]
[29 -25 -43]
[29 16 -53]
[29 33 -25]
[29 33 -26]
[29 -14 -57]
[29 0 -4]
[29 0 -3]
[29 12 -55]
[29 15 -53]
[29 -23 -52]
[29 -23 -54]
[29 23 -49]
[29 25 -48]
[29 25 -49]
[29 8 -58]
[29 10 -58]
[29 -8 -58]
[29 20 -52]
[29 31 -18]
[29 30 -19]
[29 -25 -42]
[29 -24 -42]
[29 -6 -13]
[29 -7 -11]
[29 -5 -11]
[29 -18 -56]
[29 -17 -56]
[29 -11 -11]
[29 -13 -11]
[29 -24 -50]
[29 -24 -48]
[29 -22 -54]
[29 -21 -54]
[29 12 -57]
[29 11 -57]
[29 12 -56]
[29 -14 -12]
[29 26 -49]
[29 28 -47]
[29 4 -58]
[29 5 -58]
[29 27 -12]
[29 26 -12]
[29 3 -58]
[29 2 -58]
[29 28 -46]
[29 32 -35]
[29 -21 -55]
[29 -2 -13]
[29 -2 -11]
[29 -10 -58]
[29 -9 -58]
[29 33 -33]
[29 -5 -58]
[29 18 -51]
[29 18 -52]
[29 -4 -11]
[29 33 -27]
[29 22 -50]
[29 30 -43]
[29 29 -46]
[29 14 -55]
[29 13 -55]
[29 -16 -56]
[29 27 -49]
[29 3 -3]
[29 2 -3]
[29 33 -29]
[29 30 -45]
[29 -24 -51]
[29 1 -58]
[29 17 -52]
[29 15 -54]
[29 33 -32]
[29 33 -34]
[29 31 -17]
[29 31 -16]
[29 30 -15]
[29 6 -58]
[29 33 -24]
[29 -23 -51]
[29 21 -51]
[29 22 -49]
[30 32 -22]
[30 33 -23]
[30 -6 -10]
[30 -11 -58]
[30 -13 -59]
[30 -11 -59]
[30 32 -17]
[30 5 -59]
[30 4 -59]
[30 -2 -14]
[30 1 -2]
[30 28 -48]
[30 26 -50]
[30 -25 -50]
[30 11 -58]
[30 32 -19]
[30 32 -18]
[30 -25 -49]
[30 -25 -51]
[30 -24 -49]
[30 34 -32]
[30 34 -31]
[30 34 -25]
[30 34 -20]
[30 -1 -59]
[30 0 -58]
[30 0 -59]
[30 -2 -59]
[30 34 -29]
[30 34 -30]
[30 34 -27]
[30 -15 -11]
[30 -12 -10]
[30 -13 -10]
[30 30 -41]
[30 31 -42]
[30 34 -21]
[30 30 -46]
[30 30 -47]
[30 31 -46]
[30 -17 -57]
[30 -18 -57]
[30 29 -13]
[30 31 -15]
[30 30 -13]
[30 -26 -44]
[30 -26 -43]
[30 -5 -59]
[30 -6 -59]
[30 29 -48]
[30 29 -14]
[30 -19 -56]
[30 -21 -56]
[30 31 -44]
[30 31 -38]
[30 31 -40]
[30 31 -39]
[30 33 -36]
[30 33 -37]
[30 28 -12]
[30 28 -11]
[30 27 -11]
[30 27 -13]
[30 26 -11]
[30 8 -59]
[30 9 -58]
[30 34 -33]
[30 16 -54]
[30 17 -54]
[30 34 -24]
[30 13 -57]
[30 14 -56]
[30 13 -56]
[30 22 -51]
[30 23 -50]
[30 33 -35]
[30 17 -53]
[30 15 -55]
[30 16 -55]
[30 6 -59]
[30 4 -2]
[30 2 -2]
[30 19 -53]
[30 19 -52]
[30 18 -53]
[30 -3 -11]
[30 -4 -10]
[30 -7 -59]
[30 -10 -57]
[30 -9 -59]
[30 24 -50]
[30 3 -2]
[30 -7 -58]
[30 20 -53]
[30 21 -53]
[30 20 -51]
[30 21 -52]
[30 -14 -59]
[30 -11 -10]
[30 -10 -10]
[30 -22 -55]
[30 -8 -11]
[30 -8 -12]
[30 -8 -10]
[30 -26 -45]
[30 32 -16]
[30 32 -15]
[30 -2 -10]
[30 -2 -12]
[30 -1 -10]
[30 34 -28]
[30 -15 -57]
[30 27 -14]
[30 -14 -11]
[30 34 -35]
[30 21 -50]
[30 7 -59]
[30 -24 -53]
[30 31 -45]
[30 -4 -59]
[30 -4 -58]
[30 -23 -55]
[30 -9 -11]
[30 33 -20]
[30 27 -50]
[30 -15 -58]
[30 -21 -57]
[30 -19 -57]
[30 -20 -57]
[30 2 -59]
[30 1 -59]
[30 12 -58]
[30 22 -52]
[31 22 -53]
[31 23 -53]
[31 35 -32]
[31 -5 -60]
[31 24 -49]
[31 24 -51]
[31 23 -51]
[31 9 -60]
[31 7 -60]
[31 35 -22]
[31 -22 -56]
[31 9 -59]
[31 10 -59]
[31 29 -11]
[31 28 -13]
[31 29 -12]
[31 -1 -11]
[31 0 -10]
[31 0 -60]
[31 -1 -60]
[31 -9 -10]
[31 2 -1]
[31 0 -2]
[31 25 -50]
[31 26 -51]
[31 25 -51]
[31 -14 -10]
[31 -14 -9]
[31 -15 -10]
[31 -13 -60]
[31 -12 -60]
[31 33 -18]
[31 33 -17]
[31 33 -28]
[31 35 -27]
[31 35 -29]
[31 -10 -9]
[31 -9 -9]
[31 16 -56]
[31 -16 -58]
[31 -16 -57]
[31 21 -54]
[31 34 -34]
[31 34 -36]
[31 14 -57]
[31 13 -58]
[31 14 -58]
[31 1 -1]
[31 3 -1]
[31 1 -3]
[31 17 -55]
[31 15 -56]
[31 29 -47]
[31 -6 -9]
[31 -7 -9]
[31 -5 -10]
[31 34 -26]
[31 35 -28]
[31 -6 -60]
[31 4 -1]
[31 3 -59]
[31 -26 -50]
[31 28 -49]
[31 5 -60]
[31 6 -60]
[31 19 -54]
[31 -15 -59]
[31 13 -59]
[31 12 -59]
[31 35 -21]
[31 35 -19]
[31 1 -60]
[31 31 -41]
[31 31 -43]
[31 32 -43]
[31 32 -42]
[31 -16 -59]
[31 -27 -43]
[31 -27 -44]
[31 -12 -59]
[31 30 -12]
[31 31 -12]
[31 -3 -59]
[31 -3 -60]
[31 -2 -60]
[31 20 -54]
[31 18 -54]
[31 -25 -52]
[31 -26 -52]
[31 -26 -51]
[31 32 -41]
[31 32 -39]
[31 -10 -60]
[31 -10 -59]
[31 -11 -60]
[31 29 -10]
[31 28 -10]
[31 35 -33]
[31 11 -59]
[31 34 -38]
[31 3 -60]
[31 35 -31]
[31 -12 -9]
[31 -13 -9]
[31 -19 -58]
[31 35 -36]
[31 35 -34]
[31 -20 -58]
[31 -17 -58]
[31 -16 -10]
[31 33 -15]
[31 33 -16]
[31 32 -14]
[31 27 -51]
[31 28 -50]
[31 -23 -56]
[31 -24 -54]
[31 -24 -56]
[31 4 -60]
[31 32 -44]
[31 8 -60]
[31 31 -48]
[31 30 -48]
[31 -25 -53]
[31 31 -14]
[31 22 -54]
[31 35 -30]
[31 35 -24]
[31 34 -23]
[31 32 -45]
[31 -2 -9]
[31 34 -19]
[31 29 -49]
[31 -21 -58]
[31 32 -40]
[32 8 -61]
[32 7 -61]
[32 -11 -9]
[32 -10 -8]
[32 -9 -8]
[32 -24 -57]
[32 -24 -55]
[32 31 -47]
[32 31 -49]
[32 36 -28]
[32 36 -27]
[32 -13 -61]
[32 -14 -61]
[32 -25 -54]
[32 -25 -55]
[32 -24 -52]
[32 -26 -53]
[32 5 0]
[32 3 0]
[32 36 -23]
[32 35 -23]
[32 -25 -57]
[32 -23 -57]
[32 -4 -9]
[32 -5 -9]
[32 -15 -9]
[32 35 -18]
[32 34 -18]
[32 33 -45]
[32 -19 -59]
[32 -20 -59]
[32 25 -52]
[32 27 -52]
[32 -8 -9]
[32 31 -13]
[32 33 -13]
[32 29 -9]
[32 28 -9]
[32 30 -9]
[32 33 -42]
[32 36 -29]
[32 30 -49]
[32 30 -50]
[32 10 -60]
[32 -27 -51]
[32 -26 -49]
[32 -27 -49]
[32 30 -11]
[32 31 -11]
[32 32 -13]
[32 -3 -10]
[32 20 -55]
[32 0 -1]
[32 -17 -59]
[32 5 -61]
[32 6 -61]
[32 12 -60]
[32 34 -16]
[32 16 -57]
[32 15 -57]
[32 -12 -61]
[32 -1 -61]
[32 -2 -61]
[32 -4 -60]
[32 35 -25]
[32 35 -26]
[32 26 -52]
[32 28 -52]
[32 33 -41]
[32 18 -55]
[32 -8 -8]
[32 23 -54]
[32 28 -51]
[32 29 -50]
[32 23 -52]
[32 24 -52]
[32 36 -34]
[32 36 -33]
[32 36 -32]
[32 11 -60]
[32 -5 -61]
[32 -7 -61]
[32 36 -31]
[32 36 -30]
[32 34 -37]
[32 36 -20]
[32 36 -18]
[32 -14 -60]
[32 -15 -60]
[32 -16 -60]
[32 15 -58]
[32 18 -56]
[32 17 -56]
[32 34 -22]
[32 35 -37]
[32 35 -35]
[32 32 -47]
[32 1 0]
[32 34 -17]
[32 -17 -60]
[32 4 0]
[32 22 -55]
[32 27 -10]
[32 -10 -61]
[32 -9 -60]
[32 -28 -45]
[32 -28 -43]
[32 -27 -45]
[32 -11 -61]
[32 -22 -58]
[32 -21 -59]
[32 -22 -57]
[32 34 -39]
[32 35 -39]
[32 33 -39]
[32 33 -38]
[32 35 -38]
[32 2 -61]
[32 2 -60]
[32 3 -61]
[32 24 -54]
[32 -28 -42]
[32 -26 -42]
[32 -27 -42]
[32 19 -55]
[32 -14 -8]
[32 34 -14]
[32 -27 -52]
[32 33 -44]
[32 -7 -10]
[32 -6 -8]
[32 36 -25]
[32 -15 -8]
[32 -13 -8]
[32 -3 -61]
[32 14 -59]
[32 14 -60]
[32 -16 -9]
[32 0 -61]
[32 1 -61]
[32 33 -46]
[32 17 -57]
[32 35 -20]
[32 -6 -61]
[33 16 -58]
[33 17 -58]
[33 18 -57]
[33 -18 -58]
[33 -18 -60]
[33 12 -61]
[33 10 -61]
[33 27 -53]
[33 -8 -62]
[33 -7 -62]
[33 -6 -62]
[33 -8 -61]
[33 28 -8]
[33 30 -10]
[33 29 -8]
[33 30 -8]
[33 -5 -62]
[33 6 -62]
[33 37 -19]
[33 35 -17]
[33 -7 -8]
[33 -5 -8]
[33 -9 -61]
[33 -8 -59]
[33 29 -51]
[33 25 -55]
[33 25 -54]
[33 15 -59]
[33 13 -61]
[33 15 -60]
[33 15 -61]
[33 -3 -9]
[33 -14 -62]
[33 -13 -62]
[33 33 -47]
[33 -27 -48]
[33 -13 -7]
[33 -14 -7]
[33 -12 -7]
[33 21 -56]
[33 21 -55]
[33 20 -56]
[33 19 -56]
[33 -8 -7]
[33 -7 -7]
[33 -9 -7]
[33 -16 -61]
[33 -15 -61]
[33 -23 -58]
[33 -25 -56]
[33 37 -24]
[33 37 -25]
[33 36 -36]
[33 -28 -52]
[33 -28 -51]
[33 -10 -7]
[33 4 1]
[33 3 1]
[33 -26 -57]
[33 -21 -60]
[33 -28 -50]
[33 0 -62]
[33 29 -52]
[33 31 -51]
[33 32 -12]
[33 31 -10]
[33 32 -11]
[33 -4 -61]
[33 36 -19]
[33 34 -42]
[33 33 -40]
[33 36 -21]
[33 34 -44]
[33 34 -45]
[33 -26 -54]
[33 -1 -62]
[33 36 -26]
[33 37 -32]
[33 -16 -8]
[33 -2 -62]
[33 -3 -62]
[33 -11 -62]
[33 2 1]
[33 37 -26]
[33 37 -28]
[33 22 -56]
[33 7 -62]
[33 24 -53]
[33 33 -14]
[33 33 -12]
[33 -26 -55]
[33 25 -53]
[33 26 -53]
[33 -28 -46]
[33 -28 -44]
[33 19 -57]
[33 34 -13]
[33 35 -13]
[33 35 -14]
[33 -29 -45]
[33 -29 -46]
[33 37 -20]
[33 37 -21]
[33 36 -39]
[33 36 -40]
[33 35 -40]
[33 -11 -8]
[33 -17 -61]
[33 -27 -50]
[33 -28 -48]
[33 34 -40]
[33 -1 0]
[33 0 0]
[33 6 0]
[33 6 1]
[33 5 1]
[33 -19 -60]
[33 37 -33]
[33 37 -34]
[33 37 -35]
[33 5 -1]
[33 34 -46]
[33 32 -46]
[33 37 -27]
[33 3 -62]
[33 2 -62]
[33 36 -35]
[33 -11 -7]
[33 35 -16]
[33 34 -12]
[33 9 -61]
[33 -12 -62]
[33 -29 -42]
[33 -29 -44]
[33 32 -38]
[33 34 -47]
[33 -22 -59]
[33 -23 -59]
[33 24 -55]
[33 23 -55]
[33 11 -61]
[33 28 -53]
[33 8 -62]
[33 9 -62]
[33 16 -59]
[33 36 -38]
[33 -9 -62]
[33 37 -30]
[33 37 -31]
[33 37 -29]
[33 -23 -53]
[33 32 -48]
[33 36 -24]
[34 -6 -7]
[34 5 -62]
[34 -10 -62]
[34 -8 -60]
[34 37 -18]
[34 -30 -43]
[34 38 -31]
[34 38 -33]
[34 38 -30]
[34 -13 -6]
[34 -12 -8]
[34 -12 -6]
[34 35 -45]
[34 35 -46]
[34 -28 -49]
[34 -29 -49]
[34 -29 -47]
[34 36 -15]
[34 36 -14]
[34 36 -22]
[34 37 -22]
[34 38 -34]
[34 11 -62]
[34 10 -62]
[34 34 -48]
[34 33 -48]
[34 2 -63]
[34 3 -63]
[34 4 -63]
[34 4 -62]
[34 38 -29]
[34 29 -7]
[34 30 -7]
[34 28 -7]
[34 18 -58]
[34 19 -58]
[34 -18 -59]
[34 -19 -61]
[34 -7 -63]
[34 -5 -63]
[34 -18 -61]
[34 -20 -60]
[34 12 -62]
[34 14 -62]
[34 14 -61]
[34 13 -60]
[34 31 -7]
[34 31 -9]
[34 -28 -47]
[34 36 -16]
[34 36 -17]
[34 38 -21]
[34 38 -22]
[34 -4 -62]
[34 -4 -63]
[34 -6 -63]
[34 2 0]
[34 3 2]
[34 32 -49]
[34 33 -49]
[34 1 1]
[34 38 -36]
[34 -7 -6]
[34 -8 -6]
[34 -30 -42]
[34 36 -37]
[34 37 -37]
[34 -11 -6]
[34 24 -56]
[34 -29 -50]
[34 -4 -7]
[34 16 -60]
[34 15 -62]
[34 7 1]
[34 5 2]
[34 21 -57]
[34 20 -57]
[34 22 -57]
[34 23 -56]
[34 -14 -63]
[34 9 -63]
[34 7 -63]
[34 8 -63]
[34 26 -55]
[34 -26 -56]
[34 35 -47]
[34 35 -48]
[34 38 -26]
[34 38 -25]
[34 35 -41]
[34 38 -27]
[34 37 -39]
[34 36 -41]
[34 37 -41]
[34 37 -40]
[34 26 -54]
[34 27 -54]
[34 -30 -44]
[34 34 -41]
[34 -15 -62]
[34 -16 -62]
[34 -11 -63]
[34 -12 -63]
[34 -1 -63]
[34 0 -63]
[34 -15 -63]
[34 -13 -63]
[34 1 -63]
[34 38 -19]
[34 34 -15]
[34 35 -15]
[34 -14 -6]
[34 33 -11]
[34 28 -54]
[34 -27 -56]
[34 -26 -58]
[34 -27 -57]
[34 -6 -6]
[34 33 -10]
[34 32 -10]
[34 -17 -62]
[34 -18 -62]
[34 -3 -63]
[34 -28 -53]
[34 -29 -52]
[34 -27 -53]
[34 1 -62]
[34 -15 -7]
[34 -17 -7]
[34 38 -24]
[34 -30 -47]
[34 -30 -45]
[34 -20 -61]
[34 -21 -61]
[34 -22 -60]
[34 25 -56]
[34 37 -36]
[34 36 -12]
[34 35 -12]
[34 36 -13]
[34 32 -52]
[34 30 -51]
[34 31 -50]
[34 32 -51]
[34 32 -50]
[34 -8 -63]
[34 -27 -54]
[34 10 -63]
[34 1 2]
[34 37 -38]
[34 35 -43]
[34 33 -43]
[34 35 -42]
[35 33 -9]
[35 -7 -5]
[35 -5 -6]
[35 2 2]
[35 2 3]
[35 19 -59]
[35 17 -59]
[35 39 -23]
[35 39 -21]
[35 38 -23]
[35 30 -6]
[35 31 -8]
[35 39 -30]
[35 39 -32]
[35 34 -50]
[35 15 -63]
[35 14 -63]
[35 -31 -45]
[35 28 -55]
[35 27 -55]
[35 17 -60]
[35 17 -61]
[35 6 -63]
[35 6 -64]
[35 32 -9]
[35 -7 -64]
[35 -5 -64]
[35 -2 -64]
[35 -2 -63]
[35 -3 -64]
[35 -14 -64]
[35 20 -59]
[35 33 -51]
[35 33 -52]
[35 36 -47]
[35 -16 -63]
[35 -13 -5]
[35 37 -23]
[35 25 -57]
[35 23 -57]
[35 24 -57]
[35 -30 -46]
[35 -29 -48]
[35 -30 -48]
[35 -28 -54]
[35 7 2]
[35 38 -41]
[35 34 -49]
[35 -16 -64]
[35 -19 -62]
[35 5 -64]
[35 3 -64]
[35 38 -35]
[35 2 -64]
[35 1 -64]
[35 38 -39]
[35 36 -44]
[35 35 -44]
[35 -28 -55]
[35 -27 -55]
[35 13 -62]
[35 12 -63]
[35 13 -63]
[35 39 -37]
[35 -8 -64]
[35 -9 -64]
[35 20 -58]
[35 21 -58]
[35 -10 -64]
[35 -30 -52]
[35 -29 -43]
[35 -13 -64]
[35 30 -52]
[35 -10 -5]
[35 -12 -5]
[35 -5 -7]
[35 -3 -7]
[35 37 -12]
[35 4 -64]
[35 36 -11]
[35 37 -11]
[35 38 -37]
[35 38 -38]
[35 36 -43]
[35 3 3]
[35 36 -42]
[35 11 -63]
[35 10 -64]
[35 34 -10]
[35 37 -17]
[35 37 -15]
[35 9 -64]
[35 7 -64]
[35 39 -33]
[35 -31 -43]
[35 -31 -42]
[35 36 -46]
[35 36 -48]
[35 16 -62]
[35 35 -49]
[35 39 -31]
[35 39 -29]
[35 -22 -61]
[35 5 3]
[35 6 3]
[35 -31 -47]
[35 -31 -46]
[35 39 -25]
[35 39 -24]
[35 -29 -54]
[35 -29 -53]
[35 -8 -5]
[35 -9 -5]
[35 0 -64]
[35 39 -26]
[35 39 -28]
[35 29 -6]
[35 27 -56]
[35 26 -57]
[35 22 -58]
[35 23 -58]
[35 -6 -64]
[35 37 -42]
[35 33 -53]
[35 31 -52]
[35 32 -53]
[35 -17 -63]
[35 29 -55]
[35 29 -53]
[35 -1 -64]
[35 -28 -57]
[35 -4 -64]
[35 36 -49]
[35 5 -63]
[35 -14 -5]
[35 -15 -6]
[35 -17 -8]
[35 -16 -7]
[35 -18 -7]
[35 39 -18]
[35 38 -18]
[35 -30 -50]
[35 32 -8]
[35 32 -6]
[35 32 -7]
[35 31 -6]
[35 -16 -6]
[35 37 -13]
[36 37 -44]
[36 37 -43]
[36 -5 -5]
[36 39 -22]
[36 40 -23]
[36 40 -24]
[36 3 -65]
[36 28 -56]
[36 29 -56]
[36 30 -55]
[36 -1 -65]
[36 24 -58]
[36 -7 -65]
[36 -8 -4]
[36 -9 -6]
[36 -7 -4]
[36 -9 -4]
[36 12 -64]
[36 13 -64]
[36 11 -64]
[36 -31 -49]
[36 -29 -51]
[36 -31 -50]
[36 34 -8]
[36 34 -9]
[36 40 -18]
[36 40 -17]
[36 39 -17]
[36 28 -5]
[36 -31 -48]
[36 -32 -48]
[36 32 -5]
[36 39 -36]
[36 40 -33]
[36 30 -53]
[36 22 -59]
[36 28 -57]
[36 27 -57]
[36 -8 -65]
[36 -10 -65]
[36 -9 -63]
[36 -10 -63]
[36 39 -34]
[36 40 -32]
[36 39 -19]
[36 40 -30]
[36 38 -32]
[36 40 -31]
[36 -32 -44]
[36 35 -51]
[36 33 -50]
[36 -15 -5]
[36 -14 -4]
[36 29 -5]
[36 21 -59]
[36 -32 -45]
[36 -4 -65]
[36 37 -45]
[36 17 -63]
[36 17 -62]
[36 34 -11]
[36 35 -9]
[36 35 -11]
[36 35 -10]
[36 4 2]
[36 4 3]
[36 39 -40]
[36 38 -42]
[36 -5 -65]
[36 -6 -65]
[36 -15 -64]
[36 -11 -64]
[36 -9 -65]
[36 34 -52]
[36 34 -51]
[36 33 -5]
[36 40 -25]
[36 37 -47]
[36 36 -45]
[36 39 -39]
[36 39 -38]
[36 6 2]
[36 26 -56]
[36 31 -53]
[36 40 -37]
[36 40 -36]
[36 32 -54]
[36 34 -54]
[36 33 -54]
[36 10 -65]
[36 8 -64]
[36 16 -61]
[36 18 -61]
[36 5 -65]
[36 37 -46]
[36 38 -11]
[36 36 -10]
[36 38 -12]
[36 37 -10]
[36 -31 -44]
[36 23 -59]
[36 14 -64]
[36 35 -50]
[36 36 -50]
[36 40 -26]
[36 -4 -6]
[36 39 -20]
[36 40 -20]
[36 40 -22]
[36 27 -58]
[36 25 -58]
[36 -6 -5]
[36 2 -65]
[36 18 -60]
[36 -30 -54]
[36 21 -60]
[36 19 -60]
[36 -10 -4]
[36 -10 -6]
[36 -30 -51]
[36 -31 -53]
[36 -20 -62]
[36 -23 -60]
[36 18 -59]
[36 38 -28]
[36 39 -27]
[36 33 -7]
[36 -27 -58]
[36 -28 -58]
[36 -28 -56]
[36 -17 -6]
[36 -2 -65]
[36 -17 -64]
[36 37 -50]
[36 37 -49]
[36 31 -54]
[36 -12 -64]
[36 7 -65]
[36 16 -64]
[36 37 -48]
[36 34 -53]
[36 -30 -49]
[36 38 -17]
[36 37 -16]
[36 30 -54]
[36 -18 -64]
[36 39 -35]
[36 1 -65]
[36 6 -65]
[36 34 -43]
[36 38 -13]
[36 -17 -5]
[36 -16 -5]
[36 33 -8]
[36 33 -6]
[37 34 -6]
[37 -31 -52]
[37 41 -25]
[37 12 -65]
[37 -18 -63]
[37 9 -65]
[37 11 -66]
[37 9 -66]
[37 10 -66]
[37 -9 -3]
[37 -8 -3]
[37 38 -49]
[37 37 -51]
[37 36 -51]
[37 38 -51]
[37 3 -66]
[37 4 -65]
[37 38 -47]
[37 -32 -50]
[37 -32 -51]
[37 -32 -49]
[37 -31 -54]
[37 -29 -55]
[37 33 -4]
[37 26 -59]
[37 24 -59]
[37 25 -59]
[37 -18 -65]
[37 -11 -5]
[37 40 -21]
[37 36 -52]
[37 35 -52]
[37 29 -4]
[37 19 -61]
[37 40 -34]
[37 41 -32]
[37 41 -33]
[37 2 -66]
[37 18 -62]
[37 16 -63]
[37 40 -19]
[37 38 -20]
[37 41 -22]
[37 41 -21]
[37 -5 -66]
[37 -6 -66]
[37 -4 -66]
[37 30 -56]
[37 30 -57]
[37 29 -57]
[37 39 -12]
[37 35 -53]
[37 35 -54]
[37 38 -9]
[37 -33 -47]
[37 38 -46]
[37 -33 -44]
[37 -33 -43]
[37 -29 -57]
[37 29 -54]
[37 -7 -66]
[37 41 -31]
[37 -1 -66]
[37 -2 -66]
[37 33 -55]
[37 34 -7]
[37 38 -14]
[37 39 -14]
[37 37 -14]
[37 39 -13]
[37 0 -65]
[37 1 -66]
[37 41 -17]
[37 41 -18]
[37 31 -56]
[37 35 -7]
[37 35 -8]
[37 7 -66]
[37 8 -66]
[37 41 -29]
[37 41 -30]
[37 38 -50]
[37 28 -58]
[37 18 -64]
[37 23 -60]
[37 22 -60]
[37 -21 -62]
[37 -6 -4]
[37 41 -38]
[37 41 -36]
[37 41 -37]
[37 40 -38]
[37 -5 -4]
[37 29 -58]
[37 -3 -65]
[37 19 -62]
[37 16 -65]
[37 15 -64]
[37 11 -65]
[37 -17 -4]
[37 -16 -4]
[37 38 -44]
[37 38 -45]
[37 27 -59]
[37 -10 -66]
[37 -8 -66]
[37 15 -65]
[37 22 -61]
[37 21 -61]
[37 20 -61]
[37 -18 -4]
[37 -11 -3]
[37 36 -9]
[37 36 -8]
[37 -31 -51]
[37 40 -27]
[37 31 -55]
[37 38 -48]
[37 20 -60]
[37 41 -35]
[37 40 -39]
[37 38 -40]
[37 40 -41]
[37 40 -40]
[37 38 -10]
[37 40 -35]
[37 31 -4]
[37 31 -5]
[37 39 -43]
[37 39 -42]
[37 -33 -46]
[37 30 -5]
[37 28 -6]
[37 40 -28]
[37 14 -65]
[37 -15 -3]
[37 -14 -3]
[37 -6 -3]
[37 -7 -3]
[37 32 -55]
[38 42 -21]
[38 -12 -2]
[38 42 -35]
[38 41 -41]
[38 41 -39]
[38 39 -41]
[38 42 -38]
[38 42 -39]
[38 28 -59]
[38 29 -59]
[38 34 -4]
[38 33 -3]
[38 32 -4]
[38 34 -3]
[38 32 -3]
[38 39 -44]
[38 38 -43]
[38 37 -52]
[38 -6 -2]
[38 -5 -3]
[38 -7 -2]
[38 -5 -2]
[38 -4 -3]
[38 32 -56]
[38 31 -57]
[38 -7 -67]
[38 -13 -3]
[38 -13 -4]
[38 -15 -4]
[38 42 -34]
[38 38 -15]
[38 39 -15]
[38 39 -50]
[38 39 -52]
[38 40 -29]
[38 42 -31]
[38 20 -62]
[38 -22 -63]
[38 -20 -63]
[38 27 -7]
[38 27 -6]
[38 41 -40]
[38 41 -42]
[38 40 -42]
[38 -16 -3]
[38 -19 -3]
[38 -17 -3]
[38 -32 -52]
[38 37 -9]
[38 37 -8]
[38 39 -48]
[38 39 -49]
[38 39 -47]
[38 -34 -46]
[38 41 -28]
[38 41 -27]
[38 11 -67]
[38 17 -66]
[38 17 -65]
[38 17 -64]
[38 16 -66]
[38 21 -62]
[38 22 -62]
[38 25 -60]
[38 27 -60]
[38 26 -58]
[38 -19 -64]
[38 8 -65]
[38 6 -67]
[38 6 -66]
[38 39 -46]
[38 4 -66]
[38 5 -66]
[38 -33 -50]
[38 -33 -49]
[38 -33 -51]
[38 -10 -67]
[38 -9 -67]
[38 23 -61]
[38 24 -60]
[38 40 -16]
[38 42 -17]
[38 41 -16]
[38 42 -18]
[38 -8 -2]
[38 40 -12]
[38 33 -56]
[38 34 -56]
[38 36 -54]
[38 36 -53]
[38 36 -55]
[38 30 -58]
[38 30 -59]
[38 0 -66]
[38 -2 -67]
[38 -1 -67]
[38 30 -4]
[38 8 -67]
[38 10 -67]
[38 -4 -67]
[38 -5 -67]
[38 -3 -66]
[38 19 -63]
[38 9 -67]
[38 7 -67]
[38 -14 -2]
[38 -15 -2]
[38 39 -10]
[38 39 -11]
[38 -32 -42]
[38 39 -8]
[38 39 -9]
[38 -33 -52]
[38 -6 -67]
[38 -30 -55]
[38 -30 -57]
[38 42 -33]
[38 42 -32]
[38 36 -7]
[38 1 -67]
[38 2 -67]
[38 23 -62]
[38 0 -67]
[38 -3 -67]
[38 -32 -47]
[38 -33 -45]
[38 -34 -45]
[38 -9 -66]
[38 30 -3]
[38 42 -19]
[38 39 -51]
[38 19 -64]
[38 42 -20]
[38 28 -60]
[38 26 -60]
[38 41 -20]
[38 15 -66]
[38 42 -36]
[38 -9 -2]
[38 35 -6]
[38 41 -26]
[38 3 -67]
[38 14 -66]
[38 40 -43]
[38 42 -30]
[38 42 -25]
[38 41 -24]
[39 -7 -1]
[39 -9 -1]
[39 42 -40]
[39 26 -61]
[39 -5 -1]
[39 42 -26]
[39 40 -51]
[39 -9 -68]
[39 -6 -1]
[39 -4 -1]
[39 20 -63]
[39 21 -63]
[39 -5 -68]
[39 42 -42]
[39 42 -41]
[39 32 -58]
[39 -4 -2]
[39 -4 -4]
[39 24 -61]
[39 31 -3]
[39 31 -2]
[39 32 -2]
[39 29 -60]
[39 27 -61]
[39 28 -61]
[39 9 -68]
[39 -34 -52]
[39 -4 -68]
[39 -2 -68]
[39 35 -55]
[39 37 -56]
[39 37 -54]
[39 40 -14]
[39 40 -15]
[39 38 -16]
[39 39 -16]
[39 -31 -55]
[39 40 -49]
[39 40 -53]
[39 40 -52]
[39 38 -52]
[39 -20 -3]
[39 -20 -4]
[39 6 -68]
[39 8 -68]
[39 41 -23]
[39 40 -44]
[39 -12 -4]
[39 -12 -3]
[39 -13 -2]
[39 37 -53]
[39 30 -60]
[39 41 -34]
[39 43 -35]
[39 43 -21]
[39 43 -19]
[39 41 -19]
[39 43 -36]
[39 43 -37]
[39 42 -27]
[39 -29 -56]
[39 -31 -58]
[39 -31 -57]
[39 -32 -53]
[39 -33 -53]
[39 -34 -53]
[39 -8 -68]
[39 -6 -68]
[39 -7 -68]
[39 39 -45]
[39 40 -46]
[39 14 -67]
[39 16 -67]
[39 15 -67]
[39 38 -8]
[39 40 -10]
[39 40 -9]
[39 34 -2]
[39 33 -2]
[39 41 -43]
[39 -20 -64]
[39 -21 -63]
[39 40 -47]
[39 40 -48]
[39 5 -67]
[39 -18 -3]
[39 -16 -2]
[39 18 -66]
[39 -13 -1]
[39 -15 -1]
[39 35 -4]
[39 35 -3]
[39 43 -20]
[39 43 -18]
[39 43 -16]
[39 43 -17]
[39 43 -31]
[39 0 -68]
[39 1 -68]
[39 42 -15]
[39 41 -15]
[39 22 -63]
[39 -32 -43]
[39 24 -63]
[39 23 -63]
[39 -19 -63]
[39 -20 -65]
[39 -10 -1]
[39 -10 -3]
[39 17 -67]
[39 4 -67]
[39 40 -8]
[39 36 -6]
[39 32 -57]
[39 33 -57]
[39 -12 -1]
[39 -11 -2]
[39 40 -11]
[39 43 -32]
[39 43 -34]
[39 43 -33]
[39 31 -59]
[39 20 -64]
[39 18 -63]
[39 20 -65]
[39 35 -56]
[39 13 -66]
[39 13 -67]
[39 13 -65]
[39 35 -5]
[39 25 -61]
[39 34 -5]
[39 36 -5]
[39 43 -22]
[39 37 -7]
[39 43 -38]
[39 43 -40]
[39 43 -39]
[39 11 -68]
[39 10 -68]
[39 -34 -49]
[39 -34 -50]
[39 -33 -48]
[39 42 -43]
[39 -34 -51]
[39 -22 -62]
[39 -22 -64]
[39 -21 -64]
[39 -10 -68]
[39 40 -13]
[39 41 -13]
[39 41 -44]
[39 18 -65]
[39 -3 -2]
[39 -3 -4]
[40 41 -46]
[40 42 -23]
[40 42 -24]
[40 44 -19]
[40 -11 -1]
[40 -10 -2]
[40 -11 0]
[40 -9 0]
[40 42 -16]
[40 44 -17]
[40 -32 -54]
[40 -31 -56]
[40 27 -62]
[40 28 -62]
[40 26 -62]
[40 -6 -69]
[40 44 -37]
[40 23 -64]
[40 22 -64]
[40 -7 0]
[40 41 -49]
[40 41 -48]
[40 -2 -3]
[40 -2 -2]
[40 -3 -3]
[40 -10 -69]
[40 -8 -67]
[40 12 -66]
[40 17 -68]
[40 42 -44]
[40 42 -14]
[40 -16 -1]
[40 -14 0]
[40 7 -69]
[40 9 -69]
[40 -3 -1]
[40 -4 0]
[40 -14 -1]
[40 -13 0]
[40 44 -31]
[40 44 -32]
[40 44 -33]
[40 29 -62]
[40 -17 -1]
[40 24 -64]
[40 25 -63]
[40 41 -7]
[40 39 -7]
[40 40 -7]
[40 41 -9]
[40 -19 -65]
[40 38 -55]
[40 37 -55]
[40 38 -53]
[40 -1 -68]
[40 0 -69]
[40 1 -69]
[40 5 -69]
[40 7 -68]
[40 5 -68]
[40 6 -69]
[40 41 -54]
[40 39 -53]
[40 43 -27]
[40 34 -1]
[40 33 -1]
[40 32 -1]
[40 15 -68]
[40 14 -68]
[40 43 -41]
[40 -9 -69]
[40 33 -58]
[40 -6 0]
[40 -30 -58]
[40 40 -45]
[40 41 -45]
[40 12 -67]
[40 13 -68]
[40 41 -10]
[40 -8 0]
[40 -10 0]
[40 43 -42]
[40 43 -43]
[40 21 -66]
[40 21 -65]
[40 19 -66]
[40 -21 -65]
[40 21 -64]
[40 -19 -4]
[40 37 -6]
[40 37 -5]
[40 31 -58]
[40 34 -57]
[40 36 -57]
[40 44 -38]
[40 44 -40]
[40 -7 -69]
[40 -5 -69]
[40 4 -68]
[40 31 -60]
[40 31 -61]
[40 30 -61]
[40 38 -7]
[40 43 -30]
[40 -4 -69]
[40 -3 -69]
[40 10 -69]
[40 11 -69]
[40 44 -21]
[40 42 -22]
[40 44 -20]
[40 44 -22]
[40 44 -34]
[40 43 -15]
[40 43 -14]
[40 41 -14]
[40 8 -69]
[40 -21 -3]
[40 -21 -4]
[40 38 -6]
[40 -30 -56]
[40 -11 -4]
[40 44 -41]
[40 41 -11]
[40 25 -62]
[40 2 -68]
[40 -21 -5]
[40 -12 0]
[40 44 -23]
[40 36 -4]
[40 19 -67]
[40 19 -65]
[40 18 -67]
[40 41 -47]
[40 38 -56]
[40 37 -57]
[40 36 -56]
[40 42 -37]
[40 44 -36]
[40 35 -2]
[40 35 -1]
[40 36 -2]
[40 44 -39]
[40 32 -60]
[40 37 -4]
[40 -2 -69]
[40 -3 -68]
[40 -5 0]
[40 42 -45]
[40 41 -51]
[40 42 -28]
[40 41 -12]
[40 44 -18]
[40 -23 -61]
[40 24 -62]
[41 -6 1]
[41 -8 1]
[41 -7 1]
[41 39 -57]
[41 39 -56]
[41 19 -68]
[41 45 -23]
[41 -18 0]
[41 -17 -2]
[41 -17 0]
[41 6 -70]
[41 7 -70]
[41 5 -70]
[41 25 -64]
[41 26 -63]
[41 45 -31]
[41 44 -30]
[41 44 -28]
[41 43 -23]
[41 8 -70]
[41 -7 -70]
[41 -8 -69]
[41 -6 -70]
[41 28 -63]
[41 27 -63]
[41 35 -57]
[41 34 -58]
[41 35 -58]
[41 44 -16]
[41 4 -69]
[41 30 -62]
[41 31 -62]
[41 -2 -4]
[41 -10 -70]
[41 -8 -70]
[41 -9 -70]
[41 38 -5]
[41 38 -4]
[41 -15 0]
[41 -16 0]
[41 33 0]
[41 34 0]
[41 42 -46]
[41 44 -42]
[41 45 -40]
[41 43 -44]
[41 43 -45]
[41 22 -65]
[41 21 -67]
[41 29 -61]
[41 45 -20]
[41 44 -35]
[41 45 -17]
[41 15 -69]
[41 14 -69]
[41 16 -68]
[41 -3 0]
[41 -2 -1]
[41 3 -68]
[41 3 -69]
[41 43 -29]
[41 -14 1]
[41 45 -32]
[41 9 -70]
[41 11 -70]
[41 20 -66]
[41 23 -65]
[41 39 -5]
[41 43 -46]
[41 -29 -59]
[41 -29 -58]
[41 39 -55]
[41 42 -13]
[41 -20 -5]
[41 -22 -3]
[41 -22 -5]
[41 45 -19]
[41 38 -54]
[41 45 -37]
[41 45 -36]
[41 42 -29]
[41 42 -11]
[41 41 -8]
[41 -20 -6]
[41 -22 -4]
[41 41 -6]
[41 42 -8]
[41 -9 1]
[41 17 -69]
[41 18 -69]
[41 16 -69]
[41 42 -51]
[41 42 -52]
[41 41 -52]
[41 40 -50]
[41 -8 -1]
[41 41 -50]
[41 42 -49]
[41 42 -48]
[41 36 0]
[41 18 -68]
[41 37 -3]
[41 37 -2]
[41 37 -1]
[41 36 -3]
[41 36 -1]
[41 -12 1]
[41 -11 1]
[41 38 -3]
[41 45 -39]
[41 0 -70]
[41 -1 -70]
[41 43 -25]
[41 32 -59]
[41 33 -60]
[41 20 -67]
[41 -4 1]
[41 42 -47]
[41 4 -70]
[41 -3 -70]
[41 -22 -2]
[41 2 -69]
[41 1 -70]
[41 2 -70]
[41 37 -58]
[41 40 -55]
[41 41 -53]
[41 41 -55]
[41 45 -33]
[41 45 -34]
[41 45 -38]
[41 42 -9]
[41 12 -68]
[41 10 -70]
[41 40 -54]
[41 -19 -5]
[41 44 -13]
[41 44 -15]
[41 44 -14]
[41 43 -13]
[41 40 -6]
[41 12 -69]
[41 -2 -70]
[41 -4 -70]
[41 -5 -70]
[42 40 -56]
[42 38 -57]
[42 38 -58]
[42 19 -69]
[42 17 -70]
[42 18 -70]
[42 -23 -4]
[42 -21 -6]
[42 22 -66]
[42 23 -66]
[42 3 -71]
[42 3 -70]
[42 -4 -71]
[42 -23 -2]
[42 -21 -1]
[42 -23 -3]
[42 45 -18]
[42 46 -20]
[42 46 -18]
[42 -18 1]
[42 -16 1]
[42 -17 1]
[42 45 -22]
[42 45 -24]
[42 39 -6]
[42 -21 -7]
[42 39 -54]
[42 45 -15]
[42 43 -24]
[42 -5 -71]
[42 -6 -71]
[42 39 -4]
[42 39 -3]
[42 -2 0]
[42 44 -24]
[42 43 -26]
[42 44 -25]
[42 37 0]
[42 45 -13]
[42 44 -45]
[42 11 -71]
[42 9 -71]
[42 45 -41]
[42 45 -43]
[42 44 -43]
[42 -1 -69]
[42 -1 -71]
[42 27 -64]
[42 29 -63]
[42 28 -64]
[42 -15 2]
[42 -13 1]
[42 46 -34]
[42 46 -33]
[42 45 -35]
[42 37 -59]
[42 36 -59]
[42 40 -4]
[42 43 -47]
[42 43 -50]
[42 43 -51]
[42 38 -2]
[42 46 -32]
[42 46 -31]
[42 46 -30]
[42 38 0]
[42 -3 1]
[42 -4 2]
[42 -3 2]
[42 43 -52]
[42 42 -53]
[42 -10 -71]
[42 7 -71]
[42 5 -71]
[42 6 -71]
[42 42 -7]
[42 45 -29]
[42 45 -30]
[42 44 -29]
[42 -7 -71]
[42 45 -12]
[42 -3 -71]
[42 33 -59]
[42 42 -50]
[42 43 -48]
[42 43 -49]
[42 46 -39]
[42 46 -41]
[42 46 -40]
[42 -2 -71]
[42 20 -69]
[42 20 -68]
[42 40 -57]
[42 39 -2]
[42 43 -12]
[42 44 -44]
[42 26 -64]
[42 46 -19]
[42 43 -11]
[42 43 -10]
[42 46 -38]
[42 35 -59]
[42 34 -59]
[42 -11 2]
[42 -12 2]
[42 -8 2]
[42 -10 1]
[42 -6 2]
[42 -7 2]
[42 42 -6]
[42 40 -5]
[42 -13 2]
[42 44 -47]
[42 21 -68]
[42 42 -54]
[42 4 -71]
[42 46 -36]
[42 46 -35]
[42 -11 -70]
[42 32 -61]
[42 30 -63]
[42 43 -9]
[42 13 -70]
[42 -23 -5]
[42 12 -71]
[42 46 -17]
[42 45 -16]
[42 46 -16]
[42 15 -70]
[42 13 -69]
[42 34 -61]
[42 34 -60]
[42 8 -71]
[42 10 -71]
[42 45 -14]
[42 45 -28]
[42 45 -27]
[42 41 -56]
[42 26 -65]
[42 24 -65]
[42 -15 1]
[43 -6 -72]
[43 -5 -72]
[43 47 -21]
[43 47 -19]
[43 45 -21]
[43 18 -71]
[43 8 -72]
[43 6 -72]
[43 28 -65]
[43 46 -28]
[43 41 -5]
[43 -12 -70]
[43 -12 -69]
[43 -12 -71]
[43 -11 -71]
[43 -7 -72]
[43 -8 -72]
[43 44 -51]
[43 44 -50]
[43 16 -70]
[43 14 -71]
[43 15 -71]
[43 47 -17]
[43 42 -12]
[43 42 -10]
[43 44 -12]
[43 47 -33]
[43 47 -34]
[43 47 -35]
[43 37 -60]
[43 36 -60]
[43 38 -59]
[43 38 -60]
[43 47 -38]
[43 47 -37]
[43 -1 1]
[43 10 -72]
[43 11 -72]
[43 47 -30]
[43 47 -31]
[43 -24 -5]
[43 -24 -3]
[43 46 -25]
[43 46 -24]
[43 38 -1]
[43 13 -71]
[43 12 -70]
[43 -10 3]
[43 -11 3]
[43 -10 2]
[43 -12 3]
[43 46 -14]
[43 46 -15]
[43 5 -72]
[43 44 -49]
[43 39 -1]
[43 40 -1]
[43 22 -69]
[43 22 -68]
[43 -22 -1]
[43 40 -58]
[43 39 -58]
[43 41 -57]
[43 46 -37]
[43 9 -72]
[43 -23 -6]
[43 -24 -6]
[43 44 -46]
[43 45 -46]
[43 45 -45]
[43 45 -44]
[43 -2 1]
[43 -14 2]
[43 46 -29]
[43 44 -10]
[43 44 -9]
[43 44 -11]
[43 29 -64]
[43 47 -40]
[43 43 -5]
[43 43 -6]
[43 42 -5]
[43 45 -47]
[43 45 -48]
[43 17 -71]
[43 -9 -71]
[43 -11 -72]
[43 -10 -72]
[43 34 -62]
[43 35 -61]
[43 35 -60]
[43 27 -65]
[43 47 -15]
[43 4 -72]
[43 2 -71]
[43 42 -55]
[43 43 -55]
[43 43 -54]
[43 43 -53]
[43 25 -66]
[43 46 -23]
[43 46 -22]
[43 -8 3]
[43 -9 2]
[43 44 -27]
[43 -6 3]
[43 47 -39]
[43 -13 3]
[43 -14 3]
[43 43 -28]
[43 -2 3]
[43 -2 2]
[43 46 -12]
[43 36 -58]
[43 20 -70]
[43 42 -57]
[43 42 -56]
[43 43 -8]
[43 -5 2]
[43 47 -36]
[43 19 -70]
[43 -4 -72]
[43 -3 -72]
[43 45 -42]
[43 31 -64]
[43 41 -4]
[43 44 -26]
[43 14 -70]
[43 39 0]
[43 -22 -7]
[43 46 -13]
[43 -24 -4]
[43 47 -41]
[43 47 -42]
[43 27 -66]
[43 0 -71]
[43 0 -72]
[43 -1 -72]
[43 24 -66]
[43 23 -67]
[43 24 -67]
[43 32 -62]
[43 -5 3]
[43 -5 1]
[43 46 -43]
[43 46 -44]
[44 -5 -73]
[44 23 -68]
[44 22 -67]
[44 29 -66]
[44 28 -66]
[44 -1 2]
[44 9 -73]
[44 29 -65]
[44 45 -10]
[44 45 -8]
[44 45 -9]
[44 -1 3]
[44 26 -67]
[44 27 -67]
[44 28 -67]
[44 46 -21]
[44 45 -51]
[44 46 -42]
[44 48 -40]
[44 48 -42]
[44 48 -41]
[44 -11 4]
[44 -9 3]
[44 -10 4]
[44 41 -2]
[44 4 -73]
[44 5 -73]
[44 43 -56]
[44 44 -4]
[44 44 -5]
[44 42 -4]
[44 44 -55]
[44 39 -59]
[44 43 -7]
[44 25 -65]
[44 26 -66]
[44 47 -44]
[44 22 -70]
[44 23 -69]
[44 7 -73]
[44 8 -73]
[44 36 -62]
[44 -3 -73]
[44 -4 -73]
[44 -7 3]
[44 -7 4]
[44 -9 4]
[44 46 -46]
[44 46 -45]
[44 42 -58]
[44 45 -25]
[44 47 -23]
[44 46 -48]
[44 46 -49]
[44 19 -72]
[44 2 -72]
[44 3 -72]
[44 1 -71]
[44 1 -72]
[44 48 -17]
[44 47 -16]
[44 6 -73]
[44 7 -72]
[44 47 -29]
[44 -25 -2]
[44 -25 -3]
[44 33 -61]
[44 35 -63]
[44 33 -62]
[44 35 -62]
[44 48 -34]
[44 48 -33]
[44 -11 -69]
[44 -6 4]
[44 -4 3]
[44 44 -53]
[44 36 -61]
[44 -9 -72]
[44 -10 -73]
[44 47 -14]
[44 48 -15]
[44 -1 -73]
[44 0 -73]
[44 46 -11]
[44 47 -12]
[44 45 -11]
[44 -3 3]
[44 48 -32]
[44 44 -54]
[44 12 -72]
[44 11 -73]
[44 16 -71]
[44 18 -72]
[44 17 -72]
[44 39 1]
[44 48 -39]
[44 -7 -73]
[44 -6 -73]
[44 14 -72]
[44 13 -72]
[44 47 -20]
[44 48 -20]
[44 48 -22]
[44 47 -22]
[44 15 -72]
[44 -9 -73]
[44 -8 -73]
[44 48 -38]
[44 44 -7]
[44 44 -8]
[44 -15 3]
[44 45 -50]
[44 44 -48]
[44 -11 -73]
[44 -12 4]
[44 -5 4]
[44 -24 -7]
[44 41 -59]
[44 41 -58]
[44 47 -13]
[44 48 -29]
[44 48 -31]
[44 41 -3]
[44 40 -3]
[44 48 -19]
[44 24 -68]
[44 48 -35]
[44 48 -36]
[44 -23 -1]
[44 43 -4]
[44 32 -65]
[44 32 -63]
[44 30 -64]
[44 30 -65]
[44 47 -43]
[44 -25 -5]
[44 47 -32]
[44 47 -24]
[44 47 -28]
[44 39 -60]
[44 37 -61]
[44 21 -69]
[44 20 -71]
[44 48 -37]
[44 40 0]
[44 -8 -71]
[44 -23 -7]
[44 -12 -68]
[44 -11 -68]
[44 -23 -8]
[44 -22 -8]
[45 46 -27]
[45 48 -27]
[45 47 -27]
[45 48 -23]
[45 49 -23]
[45 43 -58]
[45 42 -59]
[45 47 -49]
[45 45 -49]
[45 13 -73]
[45 15 -73]
[45 14 -73]
[45 33 -64]
[45 32 -64]
[45 33 -66]
[45 48 -16]
[45 44 -57]
[45 43 -57]
[45 45 -53]
[45 45 -54]
[45 -2 -72]
[45 -2 -74]
[45 -4 -74]
[45 -2 -73]
[45 -25 -1]
[45 -26 -3]
[45 9 -74]
[45 7 -74]
[45 48 -11]
[45 48 -12]
[45 -12 -67]
[45 -9 5]
[45 -8 4]
[45 -10 5]
[45 46 -26]
[45 45 -26]
[45 48 -13]
[45 48 -21]
[45 45 -5]
[45 43 -3]
[45 42 -3]
[45 49 -40]
[45 49 -42]
[45 49 -41]
[45 -24 0]
[45 -24 -1]
[45 46 -52]
[45 44 -52]
[45 46 -50]
[45 46 -51]
[45 49 -34]
[45 49 -33]
[45 45 -55]
[45 44 -56]
[45 45 -56]
[45 48 -24]
[45 29 -67]
[45 21 -71]
[45 19 -71]
[45 20 -72]
[45 21 -70]
[45 -5 5]
[45 -7 5]
[45 47 -10]
[45 48 -30]
[45 49 -32]
[45 49 -31]
[45 49 -30]
[45 37 -63]
[45 -3 4]
[45 10 -74]
[45 8 -74]
[45 10 -73]
[45 49 -38]
[45 49 -36]
[45 49 -43]
[45 48 -43]
[45 34 -63]
[45 35 -64]
[45 12 -73]
[45 11 -74]
[45 -2 4]
[45 47 -47]
[45 46 -47]
[45 40 -59]
[45 40 -61]
[45 38 -61]
[45 40 -60]
[45 39 -61]
[45 -7 -74]
[45 -5 -74]
[45 -15 4]
[45 -16 2]
[45 -16 4]
[45 46 -10]
[45 46 -8]
[45 44 -6]
[45 -12 -73]
[45 -10 -74]
[45 -12 -74]
[45 23 -71]
[45 22 -71]
[45 49 -16]
[45 49 -14]
[45 -1 -74]
[45 27 -68]
[45 -4 5]
[45 -6 5]
[45 49 -37]
[45 42 -2]
[45 31 -63]
[45 -6 -74]
[45 -8 -74]
[45 46 -7]
[45 31 -65]
[45 30 -66]
[45 48 -14]
[45 -9 -74]
[45 49 -18]
[45 47 -18]
[45 1 -74]
[45 1 -73]
[45 -24 -2]
[45 -26 -2]
[45 -26 -4]
[45 45 -7]
[45 2 -73]
[45 18 -73]
[45 19 -73]
[45 17 -73]
[45 48 -45]
[45 6 -74]
[45 49 -20]
[45 41 0]
[45 40 1]
[45 41 -1]
[45 37 -62]
[45 26 -68]
[45 25 -67]
[45 38 -62]
[45 42 -1]
[45 24 -69]
[45 25 -68]
[45 -11 -67]
[45 3 -73]
[45 -24 -9]
[45 23 -70]
[45 45 -3]
[45 45 -4]
[45 5 -74]
[45 4 -74]
[45 -8 5]
[46 24 -70]
[46 24 -71]
[46 41 -61]
[46 46 -53]
[46 45 -52]
[46 2 -74]
[46 3 -74]
[46 50 -17]
[46 50 -16]
[46 49 -17]
[46 50 -13]
[46 50 -15]
[46 50 -42]
[46 50 -43]
[46 -16 3]
[46 33 -63]
[46 34 -64]
[46 50 -29]
[46 -13 -73]
[46 -12 -72]
[46 -13 -72]
[46 41 -60]
[46 -27 -3]
[46 -27 -2]
[46 -25 -4]
[46 17 -74]
[46 47 -26]
[46 44 -2]
[46 45 -2]
[46 48 -18]
[46 48 -9]
[46 46 -9]
[46 -25 0]
[46 39 -63]
[46 39 -62]
[46 38 -63]
[46 49 -12]
[46 50 -37]
[46 26 -69]
[46 28 -68]
[46 27 -69]
[46 15 -74]
[46 16 -72]
[46 16 -73]
[46 -17 4]
[46 43 -59]
[46 0 -75]
[46 -2 -75]
[46 -1 -75]
[46 0 -74]
[46 48 -44]
[46 -4 4]
[46 20 -73]
[46 20 -74]
[46 19 -74]
[46 45 -58]
[46 45 -57]
[46 44 -58]
[46 8 -75]
[46 6 -75]
[46 47 -9]
[46 25 -69]
[46 25 -70]
[46 -24 1]
[46 -25 1]
[46 -23 1]
[46 46 -55]
[46 50 -23]
[46 49 -22]
[46 -3 5]
[46 -4 6]
[46 -3 6]
[46 50 -32]
[46 -27 -1]
[46 44 -3]
[46 46 -3]
[46 -3 -74]
[46 12 -74]
[46 45 -6]
[46 48 -50]
[46 47 -50]
[46 48 -49]
[46 48 -48]
[46 -9 6]
[46 -7 6]
[46 -8 6]
[46 -6 6]
[46 -5 6]
[46 49 -11]
[46 49 -13]
[46 47 -7]
[46 47 -6]
[46 47 -8]
[46 -3 -75]
[46 10 -75]
[46 9 -75]
[46 48 -25]
[46 50 -31]
[46 50 -35]
[46 -8 -75]
[46 -9 -75]
[46 50 -18]
[46 50 -19]
[46 18 -74]
[46 16 -74]
[46 47 -46]
[46 -27 -4]
[46 -27 -5]
[46 -7 -75]
[46 48 -28]
[46 47 -48]
[46 37 -64]
[46 38 -64]
[46 36 -63]
[46 36 -64]
[46 46 -54]
[46 4 -75]
[46 5 -75]
[46 43 -1]
[46 43 -2]
[46 11 -75]
[46 47 -51]
[46 47 -11]
[46 48 -10]
[46 42 1]
[46 50 -41]
[46 43 0]
[46 33 -65]
[46 -5 -75]
[46 -25 -8]
[46 -25 -10]
[46 -25 -9]
[46 -24 -10]
[46 -2 5]
[46 49 -21]
[46 -6 -75]
[46 49 -27]
[46 49 -28]
[46 48 -46]
[46 49 -44]
[46 47 -45]
[46 -4 -75]
[46 34 -67]
[46 33 -67]
[46 -10 -75]
[46 42 0]
[46 30 -68]
[46 30 -67]
[46 -11 -75]
[46 50 -33]
[46 21 -72]
[46 23 -72]
[46 31 -67]
[46 36 -65]
[47 50 -12]
[47 -26 0]
[47 -26 -1]
[47 -26 1]
[47 49 -26]
[47 47 -25]
[47 -8 7]
[47 -9 7]
[47 -7 7]
[47 48 -47]
[47 50 -20]
[47 -3 -76]
[47 -5 -76]
[47 -4 -76]
[47 1 -76]
[47 1 -75]
[47 -1 -76]
[47 -25 2]
[47 -24 2]
[47 -23 2]
[47 -5 7]
[47 -2 6]
[47 30 -69]
[47 29 -68]
[47 26 -70]
[47 51 -16]
[47 51 -17]
[47 46 -56]
[47 5 -76]
[47 4 -76]
[47 49 -24]
[47 50 -24]
[47 51 -19]
[47 22 -72]
[47 21 -73]
[47 31 -66]
[47 47 -2]
[47 46 -4]
[47 46 -2]
[47 45 -59]
[47 -22 2]
[47 -26 -9]
[47 -25 -7]
[47 -26 -8]
[47 32 -66]
[47 32 -67]
[47 51 -42]
[47 51 -41]
[47 51 -43]
[47 51 -30]
[47 50 -30]
[47 50 -28]
[47 51 -29]
[47 28 -69]
[47 47 -54]
[47 2 -75]
[47 49 -50]
[47 49 -49]
[47 34 -65]
[47 50 -21]
[47 50 -22]
[47 51 -34]
[47 50 -34]
[47 51 -33]
[47 11 -76]
[47 9 -76]
[47 47 -56]
[47 26 -71]
[47 -2 -76]
[47 47 -5]
[47 44 -1]
[47 15 -75]
[47 14 -74]
[47 16 -75]
[47 32 -68]
[47 33 -68]
[47 34 -66]
[47 -23 -10]
[47 -24 -11]
[47 44 0]
[47 -17 3]
[47 -3 7]
[47 -4 7]
[47 -9 -76]
[47 -11 -74]
[47 48 -51]
[47 -2 7]
[47 -28 -1]
[47 48 -8]
[47 19 -75]
[47 18 -75]
[47 7 -76]
[47 8 -76]
[47 50 -14]
[47 -28 0]
[47 -27 0]
[47 17 -75]
[47 49 -29]
[47 -8 -76]
[47 -28 -5]
[47 -27 -6]
[47 -28 -4]
[47 -28 -6]
[47 -26 -5]
[47 49 -19]
[47 -17 2]
[47 51 -32]
[47 -10 -76]
[47 -11 -76]
[47 -12 -75]
[47 3 -75]
[47 42 -61]
[47 40 -62]
[47 42 -60]
[47 51 -12]
[47 -6 -76]
[47 -7 -76]
[47 43 2]
[47 43 1]
[47 -26 -10]
[47 -26 -11]
[47 35 -65]
[47 37 -65]
[47 27 -70]
[47 47 -52]
[47 50 -45]
[47 50 -44]
[47 49 -45]
[47 6 -76]
[47 7 -75]
[47 25 -72]
[47 25 -71]
[47 49 -35]
[47 51 -36]
[47 47 -53]
[47 47 -55]
[47 50 -27]
[47 48 -26]
[47 35 -67]
[47 34 -68]
[47 35 -66]
[47 36 -66]
[47 -6 7]
[47 13 -74]
[47 12 -75]
[47 49 -47]
[47 38 -65]
[47 40 -63]
[47 21 -74]
[47 10 -76]
[47 44 -60]
[47 44 -59]
[47 51 -40]
[47 50 -40]
[47 39 -64]
[48 37 -66]
[48 37 -67]
[48 36 -67]
[48 43 -62]
[48 43 -61]
[48 -2 8]
[48 -4 8]
[48 -8 -77]
[48 -9 -77]
[48 -7 -77]
[48 3 -76]
[48 51 -20]
[48 51 -18]
[48 52 -18]
[48 42 2]
[48 44 1]
[48 11 -77]
[48 10 -77]
[48 4 -77]
[48 5 -77]
[48 6 -77]
[48 -5 8]
[48 14 -75]
[48 13 -75]
[48 -27 1]
[48 9 -77]
[48 36 -68]
[48 -23 -9]
[48 -22 -9]
[48 48 -55]
[48 48 -54]
[48 -25 -12]
[48 -25 -11]
[48 -23 -12]
[48 21 -75]
[48 -12 -77]
[48 49 -48]
[48 49 -46]
[48 29 -69]
[48 45 -60]
[48 46 -58]
[48 52 -31]
[48 51 -31]
[48 52 -29]
[48 51 -23]
[48 51 -22]
[48 45 -1]
[48 47 -3]
[48 52 -44]
[48 -5 -77]
[48 -3 -77]
[48 47 -4]
[48 -27 -10]
[48 -27 -9]
[48 50 -36]
[48 50 -50]
[48 50 -51]
[48 -2 -77]
[48 -6 8]
[48 -8 8]
[48 -7 8]
[48 27 -71]
[48 27 -72]
[48 -6 -77]
[48 48 -53]
[48 48 -52]
[48 52 -17]
[48 39 -66]
[48 52 -41]
[48 31 -68]
[48 31 -70]
[48 30 -70]
[48 29 -70]
[48 51 -25]
[48 51 -24]
[48 50 -25]
[48 49 -25]
[48 -29 0]
[48 -28 1]
[48 -29 -1]
[48 51 -45]
[48 -11 -77]
[48 -21 1]
[48 -21 2]
[48 -23 3]
[48 -21 3]
[48 -26 -6]
[48 41 -62]
[48 52 -42]
[48 50 -47]
[48 -25 3]
[48 17 -76]
[48 52 -13]
[48 52 -12]
[48 50 -11]
[48 48 -3]
[48 46 -1]
[48 48 -1]
[48 49 -51]
[48 51 -35]
[48 52 -37]
[48 51 -37]
[48 28 -71]
[48 -27 2]
[48 -9 8]
[48 44 2]
[48 48 -56]
[48 14 -76]
[48 16 -76]
[48 52 -34]
[48 31 -69]
[48 12 -76]
[48 51 -44]
[48 50 -46]
[48 44 -61]
[48 45 -61]
[48 24 -73]
[48 7 -77]
[48 8 -77]
[48 -27 -8]
[48 -27 -7]
[48 51 -13]
[48 52 -39]
[48 50 -39]
[48 -29 -7]
[48 2 -76]
[48 -26 -7]
[48 -25 -6]
[48 -1 -77]
[48 -28 -3]
[48 -29 -5]
[48 -24 3]
[48 -22 3]
[48 -22 1]
[48 49 -7]
[48 49 -8]
[48 48 -7]
[48 34 -69]
[48 35 -69]
[48 0 -76]
[48 23 -73]
[48 15 -76]
[48 32 -69]
[48 33 -69]
[48 51 -26]
[48 51 -27]
[48 0 -77]
[48 2 -77]
[48 51 -15]
[48 49 -15]
[48 26 -72]
[49 49 -55]
[49 49 -56]
[49 51 -46]
[49 50 -48]
[49 50 -10]
[49 51 -11]
[49 51 -10]
[49 -5 9]
[49 -4 9]
[49 -3 9]
[49 42 -62]
[49 44 -62]
[49 43 -60]
[49 41 2]
[49 51 -14]
[49 52 -14]
[49 52 -16]
[49 46 0]
[49 47 -59]
[49 46 -57]
[49 51 -47]
[49 33 -70]
[49 35 -68]
[49 34 -70]
[49 35 -70]
[49 53 -12]
[49 53 -13]
[49 52 -11]
[49 52 -32]
[49 24 -74]
[49 22 -73]
[49 32 -70]
[49 -2 9]
[49 6 -78]
[49 8 -78]
[49 53 -44]
[49 48 -4]
[49 -30 -8]
[49 -30 -7]
[49 -30 -6]
[49 -29 -8]
[49 -28 -7]
[49 50 -38]
[49 51 -38]
[49 12 -77]
[49 12 -78]
[49 50 -49]
[49 51 -50]
[49 51 -51]
[49 51 -49]
[49 49 -52]
[49 49 -53]
[49 52 -21]
[49 45 -62]
[49 52 -23]
[49 50 -26]
[49 -6 -78]
[49 49 -54]
[49 36 -70]
[49 36 -69]
[49 28 -72]
[49 28 -70]
[49 29 -72]
[49 40 -66]
[49 39 -65]
[49 40 -65]
[49 38 -67]
[49 38 -66]
[49 -25 -13]
[49 -26 -12]
[49 -24 -12]
[49 52 -19]
[49 53 -14]
[49 -8 -78]
[49 -6 9]
[49 -28 -8]
[49 53 -30]
[49 52 -30]
[49 53 -28]
[49 51 -28]
[49 4 -78]
[49 3 -77]
[49 53 -18]
[49 53 -19]
[49 21 -76]
[49 13 -76]
[49 13 -77]
[49 -30 -2]
[49 -28 -2]
[49 -23 4]
[49 -9 -78]
[49 18 -76]
[49 16 -77]
[49 18 -77]
[49 52 -38]
[49 52 -25]
[49 3 -78]
[49 9 -78]
[49 52 -24]
[49 52 -26]
[49 -29 -2]
[49 44 -63]
[49 0 -78]
[49 37 -68]
[49 -24 -13]
[49 32 -71]
[49 46 -59]
[49 -7 -78]
[49 45 1]
[49 51 -52]
[49 -30 0]
[49 -29 1]
[49 -28 2]
[49 52 -45]
[49 52 -43]
[49 -24 -8]
[49 -7 9]
[49 49 0]
[49 49 -2]
[49 49 -1]
[49 48 -2]
[49 -20 3]
[49 53 -37]
[49 53 -36]
[49 52 -36]
[49 53 -38]
[49 -20 2]
[49 50 -8]
[49 50 -7]
[49 49 -6]
[49 -2 -78]
[49 10 -78]
[49 52 -33]
[49 52 -35]
[49 53 -34]
[49 -26 2]
[49 -8 9]
[49 -9 9]
[49 7 -78]
[49 49 -3]
[49 49 -4]
[49 14 -77]
[49 53 -42]
[49 53 -40]
[49 52 -40]
[49 17 -77]
[49 15 -77]
[49 -4 -77]
[49 -26 3]
[49 -24 4]
[49 -26 4]
[49 -25 4]
[49 -28 -9]
[49 27 -73]
[49 26 -73]
[49 -22 4]
[49 47 0]
[49 45 0]
[49 47 -1]
[49 51 -21]
[49 52 -22]
[49 -11 -78]
[49 28 -73]
[49 48 -57]
[49 53 -39]
[49 31 -71]
[49 29 -71]
[49 53 -16]
[49 53 -17]
[49 -12 -78]
[49 53 -31]
[49 53 -32]
[49 48 -6]
[49 -20 4]
[49 52 -46]
[49 52 -28]
[50 -7 -79]
[50 -29 -3]
[50 -30 -3]
[50 -30 -1]
[50 51 -48]
[50 13 -78]
[50 39 -67]
[50 12 -79]
[50 11 -78]
[50 11 -79]
[50 -31 -5]
[50 -31 -6]
[50 -29 -6]
[50 -30 -5]
[50 -31 -7]
[50 46 1]
[50 17 -78]
[50 19 -78]
[50 19 -77]
[50 52 -27]
[50 53 -26]
[50 22 -74]
[50 32 -72]
[50 -25 5]
[50 -24 5]
[50 52 -50]
[50 52 -48]
[50 52 -49]
[50 26 -74]
[50 25 -74]
[50 52 -52]
[50 50 -52]
[50 52 -51]
[50 53 -43]
[50 54 -45]
[50 54 -44]
[50 53 -45]
[50 33 -71]
[50 -1 -79]
[50 0 -79]
[50 1 -78]
[50 1 -79]
[50 53 -15]
[50 52 -15]
[50 47 -58]
[50 47 -60]
[50 48 -60]
[50 54 -31]
[50 54 -29]
[50 51 -7]
[50 49 -9]
[50 50 -2]
[50 50 -4]
[50 53 -29]
[50 51 -39]
[50 -29 2]
[50 19 -76]
[50 -3 8]
[50 46 2]
[50 45 2]
[50 50 -9]
[50 -9 10]
[50 -8 10]
[50 52 -53]
[50 50 -53]
[50 54 -17]
[50 54 -36]
[50 54 -37]
[50 54 -14]
[50 -23 5]
[50 53 -47]
[50 53 -46]
[50 40 -64]
[50 41 -66]
[50 41 -64]
[50 -10 -77]
[50 -21 4]
[50 6 -79]
[50 30 -72]
[50 30 -71]
[50 14 -78]
[50 -27 -11]
[50 37 -71]
[50 37 -69]
[50 15 -78]
[50 54 -35]
[50 54 -33]
[50 53 -35]
[50 54 -34]
[50 47 1]
[50 34 -71]
[50 50 -55]
[50 50 -54]
[50 -25 -14]
[50 10 -79]
[50 8 -79]
[50 50 -56]
[50 50 -57]
[50 -1 -78]
[50 -3 -78]
[50 -31 0]
[50 40 -67]
[50 25 -73]
[50 23 -74]
[50 -5 -79]
[50 53 -41]
[50 54 -41]
[50 54 -40]
[50 54 -38]
[50 54 -39]
[50 5 -79]
[50 4 -79]
[50 52 -47]
[50 48 -5]
[50 49 -5]
[50 46 -63]
[50 45 -63]
[50 53 -11]
[50 53 -10]
[50 52 -10]
[50 -9 -79]
[50 -5 10]
[50 -7 10]
[50 54 -13]
[50 54 -11]
[50 50 -6]
[50 -21 5]
[50 29 -73]
[50 9 -79]
[50 -27 3]
[50 -28 -10]
[50 -29 -9]
[50 -30 -9]
[50 2 -79]
[50 3 -79]
[50 45 -64]
[50 43 -64]
[50 44 -64]
[50 53 -22]
[50 50 -1]
[50 48 0]
[50 -26 5]
[50 51 -6]
[50 16 -78]
[50 -3 10]
[50 54 -28]
[50 54 -27]
[50 53 -25]
[50 53 -24]
[50 5 -78]
[50 20 -76]
[50 22 -76]
[50 21 -77]
[50 20 -77]
[50 -10 -79]
[50 -11 -79]
[50 54 -15]
[50 54 -30]
[50 54 -32]
[50 18 -78]
[50 53 -21]
[50 48 -58]
[50 49 -57]
[50 47 -57]
[50 53 -20]
[50 54 -19]
[50 -26 -14]
[50 37 -70]
[50 54 -18]
[50 -31 -3]
[50 -31 -1]
[51 49 -61]
[51 49 -60]
[51 47 -61]
[51 47 -64]
[51 46 -64]
[51 47 -62]
[51 -2 -80]
[51 52 -5]
[51 51 -5]
[51 54 -12]
[51 55 -10]
[51 41 -67]
[51 42 -65]
[51 41 -65]
[51 38 -70]
[51 55 -33]
[51 18 -79]
[51 -23 6]
[51 -4 -78]
[51 -4 -79]
[51 -2 -79]
[51 55 -14]
[51 55 -13]
[51 -29 -10]
[51 -29 -11]
[51 53 -53]
[51 51 -54]
[51 51 -53]
[51 55 -46]
[51 53 -52]
[51 53 -51]
[51 53 -50]
[51 -7 11]
[51 51 -3]
[51 20 -78]
[51 55 -37]
[51 -30 -10]
[51 -10 -78]
[51 12 -80]
[51 10 -80]
[51 11 -80]
[51 55 -31]
[51 55 -30]
[51 55 -29]
[51 9 -80]
[51 -32 -7]
[51 -32 -6]
[51 4 -80]
[51 2 -80]
[51 1 -77]
[51 0 -80]
[51 1 -80]
[51 -8 11]
[51 6 -80]
[51 -28 4]
[51 -28 3]
[51 54 -9]
[51 52 -9]
[51 53 -9]
[51 54 -22]
[51 13 -79]
[51 14 -79]
[51 -31 -8]
[51 -31 -10]
[51 -25 -15]
[51 -11 -80]
[51 -10 -80]
[51 5 -80]
[51 54 -23]
[51 54 -16]
[51 55 -16]
[51 55 -28]
[51 55 -32]
[51 50 -5]
[51 30 -73]
[51 31 -73]
[51 -4 11]
[51 -4 10]
[51 -26 -13]
[51 54 -46]
[51 51 -57]
[51 35 -71]
[51 33 -72]
[51 34 -72]
[51 53 -23]
[51 40 -68]
[51 22 -77]
[51 51 -9]
[51 54 -43]
[51 22 -75]
[51 23 -75]
[51 32 -73]
[51 2 -78]
[51 -2 10]
[51 -32 -1]
[51 -32 -2]
[51 -32 0]
[51 -30 1]
[51 53 -27]
[51 55 -27]
[51 54 -20]
[51 54 -26]
[51 54 -24]
[51 46 -65]
[51 45 -65]
[51 7 -80]
[51 8 -80]
[51 54 -47]
[51 38 -68]
[51 39 -68]
[51 31 -72]
[51 38 -71]
[51 -32 -8]
[51 55 -18]
[51 55 -19]
[51 16 -79]
[51 -6 -80]
[51 -5 -78]
[51 -6 -79]
[51 20 -75]
[51 -28 -12]
[51 -28 -11]
[51 -27 -12]
[51 54 -25]
[51 15 -79]
[51 17 -79]
[51 55 -34]
[51 55 -36]
[51 -8 -79]
[51 -7 -80]
[51 24 -75]
[51 55 -43]
[51 -6 11]
[51 46 -62]
[51 36 -71]
[51 36 -72]
[51 55 -40]
[51 51 -56]
[51 49 -58]
[51 55 -20]
[51 55 -35]
[51 49 -10]
[51 -27 6]
[51 -27 5]
[51 -27 4]
[51 -26 6]
[51 43 -65]
[51 44 -65]
[51 26 -75]
[51 27 -75]
[51 46 -61]
[51 46 -60]
[51 48 -61]
[51 21 -78]
[51 13 -80]
[51 52 -7]
[51 52 -8]
[51 51 -8]
[51 55 -39]
[51 55 -38]
[51 55 -26]
[51 30 -74]
[51 41 -63]
[51 51 0]
[51 51 -2]
[51 -21 6]
[51 -20 6]
[51 -22 6]
[51 -22 5]
[51 -20 5]
[51 42 -63]
[51 43 -63]
[51 42 -64]
[52 56 -39]
[52 -33 -7]
[52 -33 -8]
[52 51 -4]
[52 44 -66]
[52 43 -66]
[52 41 -68]
[52 42 -66]
[52 39 -69]
[52 41 -69]
[52 -7 12]
[52 54 -53]
[52 54 -51]
[52 54 -52]
[52 56 -12]
[52 55 -12]
[52 -5 11]
[52 7 -79]
[52 8 -81]
[52 -20 7]
[52 -5 -80]
[52 56 -28]
[52 56 -26]
[52 38 -69]
[52 -28 5]
[52 -26 7]
[52 26 -76]
[52 15 -80]
[52 14 -80]
[52 56 -13]
[52 56 -15]
[52 -30 -11]
[52 34 -73]
[52 33 -73]
[52 53 -8]
[52 54 -8]
[52 55 -9]
[52 55 -8]
[52 9 -81]
[52 10 -81]
[52 56 -34]
[52 50 -62]
[52 50 -61]
[52 50 -60]
[52 56 -30]
[52 55 -25]
[52 -29 -13]
[52 -27 -13]
[52 -28 -13]
[52 19 -79]
[52 17 -80]
[52 35 -72]
[52 49 -59]
[52 56 -10]
[52 54 -10]
[52 -25 6]
[52 -27 7]
[52 50 -3]
[52 -3 11]
[52 -29 -12]
[52 32 -74]
[52 50 -58]
[52 56 -31]
[52 27 -74]
[52 27 -76]
[52 28 -74]
[52 28 -76]
[52 28 -75]
[52 -33 -6]
[52 14 -81]
[52 -30 2]
[52 37 -73]
[52 -6 10]
[52 56 -27]
[52 45 -66]
[52 46 -66]
[52 40 -69]
[52 55 -44]
[52 2 -81]
[52 13 -81]
[52 31 -74]
[52 6 -81]
[52 48 -64]
[52 47 -63]
[52 47 -65]
[52 52 -6]
[52 53 -5]
[52 48 -62]
[52 -27 -14]
[52 55 -23]
[52 55 -24]
[52 55 -22]
[52 16 -80]
[52 56 -37]
[52 56 -36]
[52 5 -81]
[52 -33 -3]
[52 -12 -80]
[52 -32 1]
[52 -21 7]
[52 56 -18]
[52 56 -19]
[52 20 -79]
[52 25 -75]
[52 23 -76]
[52 -31 -9]
[52 55 -48]
[52 55 -47]
[52 56 -17]
[52 55 -17]
[52 -22 7]
[52 -24 6]
[52 29 -74]
[52 56 -35]
[52 56 -33]
[52 -3 -81]
[52 -1 -81]
[52 -2 -81]
[52 -3 -80]
[52 -3 -79]
[52 55 -21]
[52 54 -21]
[52 54 -50]
[52 51 -55]
[52 0 -81]
[52 52 -54]
[52 52 -55]
[52 48 -59]
[52 50 -59]
[52 -5 -81]
[52 56 -20]
[52 29 -75]
[52 -32 -9]
[52 -26 -16]
[52 -26 -15]
[52 52 -4]
[52 56 -16]
[52 55 -15]
[52 39 -72]
[52 39 -70]
[52 37 -72]
[52 -8 -80]
[52 -6 -81]
[52 54 -42]
[52 56 -44]
[52 23 -77]
[52 56 -45]
[52 56 -47]
[52 55 -45]
[52 -31 -11]
[52 52 -1]
[52 52 1]
[52 50 0]
[52 51 1]
[52 -11 -81]
[52 -10 -81]
[52 -9 -81]
[52 -33 0]
[52 -33 -1]
[53 -30 -12]
[53 -31 -12]
[53 57 -17]
[53 57 -16]
[53 -27 -15]
[53 -27 -16]
[53 -27 -17]
[53 -26 -17]
[53 -25 -17]
[53 -25 -16]
[53 24 -76]
[53 13 -82]
[53 14 -82]
[53 15 -81]
[53 27 -77]
[53 25 -76]
[53 26 -77]
[53 56 -29]
[53 57 -27]
[53 -28 -14]
[53 4 -82]
[53 57 -36]
[53 57 -35]
[53 57 -37]
[53 -10 -82]
[53 57 -15]
[53 56 -43]
[53 -20 8]
[53 -19 8]
[53 57 -44]
[53 -9 -80]
[53 -8 -81]
[53 -4 -80]
[53 -25 7]
[53 41 -70]
[53 51 -59]
[53 54 -7]
[53 56 -22]
[53 56 -21]
[53 -34 1]
[53 -34 0]
[53 -6 12]
[53 56 -48]
[53 56 -46]
[53 7 -82]
[53 -34 -8]
[53 57 -11]
[53 56 -11]
[53 55 -11]
[53 57 -12]
[53 48 -66]
[53 47 -66]
[53 53 -6]
[53 54 -5]
[53 54 -6]
[53 55 -42]
[53 -2 -82]
[53 -1 -82]
[53 44 -67]
[53 43 -67]
[53 35 -73]
[53 36 -73]
[53 55 -49]
[53 55 -51]
[53 53 -49]
[53 47 -67]
[53 45 -67]
[53 55 -53]
[53 54 -48]
[53 54 -49]
[53 -24 7]
[53 3 -81]
[53 3 -80]
[53 16 -81]
[53 57 -48]
[53 57 -46]
[53 57 -47]
[53 -12 -81]
[53 56 -25]
[53 56 -24]
[53 51 -60]
[53 51 -61]
[53 -7 13]
[53 -6 13]
[53 55 -52]
[53 49 1]
[53 57 -19]
[53 57 -20]
[53 -33 1]
[53 -25 8]
[53 -26 8]
[53 48 -63]
[53 -1 -80]
[53 -22 8]
[53 57 -38]
[53 56 -38]
[53 51 -62]
[53 9 -82]
[53 52 -3]
[53 30 -76]
[53 -32 -10]
[53 -4 -81]
[53 -5 -82]
[53 40 -70]
[53 56 -32]
[53 57 -31]
[53 49 -63]
[53 49 -65]
[53 48 -65]
[53 57 -14]
[53 57 -13]
[53 56 -14]
[53 52 -56]
[53 33 -74]
[53 -7 -81]
[53 52 2]
[53 50 1]
[53 57 -26]
[53 57 -25]
[53 -32 -4]
[53 -33 -2]
[53 -32 -11]
[53 52 -2]
[53 52 0]
[53 35 -74]
[53 57 -29]
[53 38 -72]
[53 39 -71]
[53 39 -73]
[53 38 -73]
[53 42 -68]
[53 30 -75]
[53 33 -75]
[53 32 -75]
[53 -33 -9]
[53 53 -4]
[53 57 -33]
[53 57 -10]
[53 57 -9]
[53 -11 -82]
[53 55 -7]
[53 29 -77]
[53 29 -76]
[53 28 -77]
[53 1 -82]
[53 1 -81]
[53 0 -82]
[53 57 -40]
[53 57 -39]
[53 57 -18]
[53 10 -82]
[53 11 -82]
[53 -4 12]
[53 -3 12]
[53 51 -58]
[53 37 -74]
[53 36 -74]
[53 57 -32]
[53 -34 -7]
[53 -34 -6]
[53 -34 -5]
[53 -33 -5]
[53 49 -62]
[53 56 -9]
[53 24 -78]
[53 22 -78]
[53 24 -77]
[53 -4 -82]
[54 58 -12]
[54 58 -10]
[54 15 -82]
[54 57 -45]
[54 58 -46]
[54 31 -76]
[54 32 -76]
[54 -35 -7]
[54 -35 -6]
[54 -35 -5]
[54 34 -75]
[54 33 -76]
[54 58 -27]
[54 58 -25]
[54 58 -26]
[54 -10 -83]
[54 -11 -83]
[54 27 -78]
[54 58 -43]
[54 58 -45]
[54 58 -44]
[54 58 -19]
[54 58 -20]
[54 30 -77]
[54 58 -13]
[54 58 -14]
[54 52 -59]
[54 -2 -83]
[54 -1 -83]
[54 -25 9]
[54 43 -68]
[54 45 -68]
[54 -19 9]
[54 25 -77]
[54 4 -81]
[54 -5 13]
[54 -4 13]
[54 -5 12]
[54 -3 13]
[54 58 -37]
[54 58 -39]
[54 -34 -2]
[54 -34 -1]
[54 -32 -3]
[54 44 -68]
[54 -30 -13]
[54 -32 -13]
[54 -32 -12]
[54 -31 -13]
[54 40 -72]
[54 58 -16]
[54 -21 8]
[54 -20 9]
[54 11 -83]
[54 9 -83]
[54 10 -83]
[54 11 -81]
[54 -33 -12]
[54 -33 -11]
[54 53 -7]
[54 -6 -82]
[54 56 -41]
[54 56 -40]
[54 58 -40]
[54 57 -41]
[54 58 -41]
[54 -24 8]
[54 -34 -4]
[54 53 0]
[54 23 -78]
[54 48 -67]
[54 46 -67]
[54 56 -52]
[54 56 -51]
[54 56 -53]
[54 58 -32]
[54 58 -31]
[54 58 -8]
[54 58 -9]
[54 56 -8]
[54 55 -50]
[54 58 -38]
[54 -35 -8]
[54 -34 -9]
[54 -3 -82]
[54 58 -11]
[54 52 -61]
[54 52 -60]
[54 -26 9]
[54 -27 8]
[54 -32 -5]
[54 49 -66]
[54 49 -64]
[54 26 -78]
[54 58 -15]
[54 42 -69]
[54 41 -71]
[54 40 -71]
[54 56 -49]
[54 -35 0]
[54 -35 2]
[54 -35 1]
[54 13 -83]
[54 -6 14]
[54 -34 2]
[54 -33 2]
[54 0 -83]
[54 1 -83]
[54 14 -83]
[54 58 -18]
[54 58 -47]
[54 46 -68]
[54 25 -78]
[54 57 -21]
[54 50 -64]
[54 50 -66]
[54 -8 12]
[54 52 -62]
[54 57 -8]
[54 -2 12]
[54 50 -63]
[54 57 -22]
[54 56 -23]
[54 -34 -10]
[54 -33 -10]
[54 54 -3]
[54 53 -2]
[54 -25 -18]
[54 -27 -18]
[54 7 -81]
[54 8 -83]
[54 6 -83]
[54 7 -83]
[54 -28 -16]
[54 -28 -15]
[54 58 -33]
[54 53 3]
[54 53 1]
[54 55 -4]
[54 54 -54]
[54 56 -7]
[54 34 -74]
[54 42 -67]
[54 3 -82]
[54 5 -83]
[54 58 -36]
[54 -12 -82]
[54 58 -35]
[54 38 -74]
[54 40 -73]
[54 58 -34]
[54 58 -24]
[54 51 2]
[54 52 -63]
[54 -21 9]
[54 58 -30]
[54 57 -28]
[54 57 -42]
[55 59 -11]
[55 59 -12]
[55 -36 0]
[55 -36 1]
[55 -36 2]
[55 59 -37]
[55 59 -36]
[55 59 -15]
[55 59 -16]
[55 58 -17]
[55 59 -17]
[55 -9 -84]
[55 -11 -84]
[55 -9 -83]
[55 55 -3]
[55 53 -3]
[55 55 -2]
[55 57 -43]
[55 59 -44]
[55 59 -43]
[55 -3 14]
[55 -4 14]
[55 58 -21]
[55 59 -7]
[55 59 -8]
[55 57 -7]
[55 51 -63]
[55 51 -64]
[55 -35 -3]
[55 -33 -4]
[55 32 -77]
[55 31 -75]
[55 54 -2]
[55 54 -1]
[55 50 -65]
[55 -36 3]
[55 -34 3]
[55 54 0]
[55 54 1]
[55 -34 -13]
[55 -34 -12]
[55 59 -19]
[55 59 -18]
[55 -36 -9]
[55 -36 -7]
[55 -36 -1]
[55 -24 9]
[55 -24 10]
[55 27 -79]
[55 28 -78]
[55 28 -79]
[55 -22 9]
[55 -34 -3]
[55 59 -45]
[55 5 -82]
[55 59 -34]
[55 55 -54]
[55 -36 -6]
[55 -1 -84]
[55 -2 -84]
[55 -3 -84]
[55 44 -69]
[55 56 -42]
[55 57 -23]
[55 -26 10]
[55 -32 -14]
[55 -30 -14]
[55 -31 -14]
[55 53 -54]
[55 59 -13]
[55 58 -42]
[55 -24 -18]
[55 -26 -18]
[55 47 -68]
[55 0 -84]
[55 59 -41]
[55 59 -39]
[55 59 -40]
[55 10 -84]
[55 11 -84]
[55 -3 -83]
[55 -4 -83]
[55 7 -84]
[55 59 -10]
[55 59 -24]
[55 57 -24]
[55 59 -25]
[55 -5 14]
[55 59 -26]
[55 6 -84]
[55 8 -82]
[55 2 -84]
[55 1 -84]
[55 2 -82]
[55 2 -83]
[55 59 -9]
[55 4 -83]
[55 3 -83]
[55 57 -52]
[55 -33 -13]
[55 -10 -84]
[55 45 -69]
[55 -35 -1]
[55 4 -84]
[55 5 -84]
[55 6 -82]
[55 59 -31]
[55 59 -32]
[55 59 -33]
[55 51 -65]
[55 -23 7]
[55 -23 8]
[55 -13 -83]
[55 -13 -81]
[55 59 -30]
[55 59 -29]
[55 59 -14]
[55 55 -41]
[55 53 2]
[55 54 2]
[55 -34 -11]
[55 -29 -15]
[55 -28 -17]
[55 -29 -17]
[55 -29 -16]
[55 41 -72]
[55 29 -78]
[55 30 -78]
[55 31 -77]
[55 -19 10]
[55 -21 10]
[55 -20 10]
[55 12 -84]
[55 12 -83]
[55 13 -84]
[55 12 -82]
[55 -35 -11]
[55 59 -27]
[55 -35 -10]
[55 -36 -4]
[55 -35 -4]
[55 -36 -5]
[55 57 -6]
[55 55 -6]
[55 56 -6]
[55 59 -35]
[55 8 -84]
[55 -7 -82]
[55 -5 -83]
[55 -7 -83]
[55 43 -70]
[55 54 -4]
[55 58 -23]
[55 59 -23]
[55 54 4]
[55 54 3]
[55 -32 3]
[55 -33 3]
[55 41 -73]
[55 -29 -14]
[55 53 -63]
[56 60 -44]
[56 60 -41]
[56 59 -42]
[56 60 -17]
[56 60 -15]
[56 60 -16]
[56 60 -22]
[56 60 -23]
[56 58 -22]
[56 60 -24]
[56 -3 -85]
[56 -1 -85]
[56 -2 -85]
[56 55 -1]
[56 -30 -16]
[56 60 -34]
[56 60 -35]
[56 -4 -84]
[56 55 0]
[56 55 1]
[56 55 2]
[56 52 -64]
[56 60 -30]
[56 60 -32]
[56 60 -31]
[56 42 -72]
[56 42 -73]
[56 3 -84]
[56 -30 -15]
[56 60 -11]
[56 60 -10]
[56 56 -2]
[56 56 -1]
[56 -8 -82]
[56 -8 -83]
[56 -6 -83]
[56 60 -37]
[56 -23 10]
[56 -23 11]
[56 -25 11]
[56 -24 11]
[56 -25 10]
[56 -21 11]
[56 -28 -18]
[56 53 -1]
[56 56 -3]
[56 3 -85]
[56 1 -85]
[56 58 -6]
[56 -37 0]
[56 -37 1]
[56 31 -78]
[56 29 -79]
[56 -37 -6]
[56 6 -85]
[56 5 -85]
[56 11 -85]
[56 12 -85]
[56 10 -85]
[56 -34 -14]
[56 -35 -12]
[56 58 -28]
[56 -35 -2]
[56 -36 -2]
[56 -31 -15]
[56 -32 -15]
[56 60 -14]
[56 60 -13]
[56 59 -21]
[56 59 -22]
[56 56 -5]
[56 60 -43]
[56 59 -20]
[56 60 -19]
[56 -37 -5]
[56 -37 -4]
[56 60 -25]
[56 -36 -12]
[56 -36 -10]
[56 -36 -11]
[56 -7 -84]
[56 -6 -84]
[56 60 -40]
[56 -37 -9]
[56 -37 -10]
[56 -37 -8]
[56 60 -8]
[56 4 -85]
[56 58 -29]
[56 60 -29]
[56 -33 4]
[56 -35 4]
[56 -25 -19]
[56 -27 -19]
[56 58 -7]
[56 60 -6]
[56 59 -6]
[56 -13 -82]
[56 -13 -84]
[56 57 -5]
[56 58 -5]
[56 -37 4]
[56 -35 3]
[56 60 -45]
[56 -22 10]
[56 53 4]
[56 28 -80]
[56 -9 -85]
[56 -12 -84]
[56 -12 -85]
[56 -12 -83]
[56 -10 -85]
[56 59 -38]
[56 60 -26]
[56 -26 11]
[56 -37 -2]
[56 60 -39]
[56 60 -38]
[56 59 -28]
[56 -35 -13]
[56 -33 -14]
[56 -23 9]
[56 -29 -18]
[56 60 -9]
[56 60 -7]
[56 -36 -3]
[56 -8 -84]
[56 60 -12]
[56 -32 4]
[56 -32 2]
[56 -11 -85]
[56 -36 -8]
[56 -30 -17]
[56 51 -66]
[56 -5 -84]
[56 43 -69]
[56 44 -70]
[56 -19 11]
[56 0 -85]
[56 43 -71]
[56 42 -71]
[57 -33 -15]
[57 -32 -16]
[57 -31 -16]
[57 2 -85]
[57 2 -86]
[57 4 -86]
[57 3 -86]
[57 -11 -86]
[57 -10 -86]
[57 -34 4]
[57 61 -29]
[57 61 -30]
[57 -36 -14]
[57 -14 -83]
[57 57 -1]
[57 61 -6]
[57 5 -86]
[57 6 -86]
[57 -38 0]
[57 -38 1]
[57 -38 -1]
[57 56 2]
[57 56 1]
[57 27 -81]
[57 -37 -1]
[57 7 -86]
[57 7 -85]
[57 -37 5]
[57 -36 5]
[57 61 -25]
[57 61 -12]
[57 61 -15]
[57 61 -14]
[57 -36 4]
[57 56 0]
[57 61 -10]
[57 42 -70]
[57 61 -21]
[57 -37 -11]
[57 -1 -86]
[57 61 -17]
[57 61 -16]
[57 -24 12]
[57 -25 12]
[57 -13 -85]
[57 -14 -84]
[57 60 -33]
[57 -12 -86]
[57 -7 -85]
[57 -6 -85]
[57 -5 -85]
[57 -29 -19]
[57 56 -4]
[57 59 -4]
[57 58 -4]
[57 -36 -13]
[57 -22 11]
[57 -38 -8]
[57 -38 -9]
[57 60 -21]
[57 61 -23]
[57 61 -24]
[57 -24 -20]
[57 -24 -19]
[57 -26 -19]
[57 -25 -20]
[57 60 -27]
[57 -8 -85]
[57 60 -36]
[57 61 -35]
[57 61 -36]
[57 61 -22]
[57 -37 -7]
[57 -38 -7]
[57 57 -4]
[57 57 -3]
[57 61 -7]
[57 61 -9]
[57 -4 -86]
[57 -2 -86]
[57 61 -8]
[57 44 -71]
[57 -8 -86]
[57 11 -86]
[57 -38 -6]
[57 -4 -85]
[57 -38 -4]
[57 -30 -18]
[57 -31 -18]
[57 -31 -17]
[57 60 -42]
[57 61 -40]
[57 -26 -20]
[57 -28 -19]
[57 61 -45]
[57 61 -46]
[57 43 -72]
[57 -26 12]
[57 60 -20]
[57 -34 -15]
[57 -35 -15]
[57 -35 -14]
[57 61 -38]
[57 1 -86]
[57 -9 -86]
[57 57 -2]
[57 -3 -86]
[57 -37 -12]
[57 -37 -13]
[57 61 -37]
[57 61 -39]
[57 -38 -3]
[57 -38 -2]
[57 61 -42]
[57 61 -43]
[57 0 -86]
[57 61 -13]
[57 57 -30]
[58 62 -8]
[58 62 -9]
[58 -39 -8]
[58 -33 -16]
[58 62 -24]
[58 62 -25]
[58 62 -23]
[58 2 -87]
[58 58 -3]
[58 59 -5]
[58 5 -87]
[58 4 -87]
[58 6 -87]
[58 61 -44]
[58 60 -46]
[58 62 -45]
[58 62 -36]
[58 -39 -7]
[58 -32 -17]
[58 62 -42]
[58 62 -41]
[58 61 -41]
[58 62 -43]
[58 -36 -15]
[58 -37 -14]
[58 -38 -12]
[58 -38 -10]
[58 -3 -87]
[58 -5 -86]
[58 58 -1]
[58 57 0]
[58 -23 13]
[58 -23 12]
[58 -25 13]
[58 -24 13]
[58 -39 -2]
[58 -39 -1]
[58 -37 -3]
[58 -30 -20]
[58 -29 -20]
[58 60 -3]
[58 -15 -83]
[58 -15 -85]
[58 -15 -84]
[58 27 -80]
[58 62 -38]
[58 61 -26]
[58 62 -26]
[58 -6 -86]
[58 -38 4]
[58 -38 5]
[58 -37 6]
[58 -7 -86]
[58 61 -31]
[58 62 -29]
[58 61 -34]
[58 -39 -3]
[58 -39 -5]
[58 -1 -87]
[58 -36 -16]
[58 3 -87]
[58 58 -2]
[58 -8 -87]
[58 -38 -13]
[58 -38 -14]
[58 -27 -20]
[58 62 -15]
[58 62 -14]
[58 -11 -87]
[58 -27 -21]
[58 61 -20]
[58 -30 -19]
[58 62 -6]
[58 62 -7]
[58 -35 5]
[58 -35 6]
[58 55 -5]
[58 62 -28]
[58 -39 0]
[58 -13 -86]
[58 -2 -87]
[58 61 -47]
[58 62 -47]
[58 62 -46]
[58 -10 -87]
[58 -9 -87]
[58 -38 2]
[58 62 -11]
[58 62 -12]
[58 57 1]
[58 56 3]
[58 55 3]
[58 -32 -18]
[58 62 -13]
[58 -39 -6]
[58 -26 -21]
[58 61 -28]
[58 60 -28]
[58 62 -20]
[58 62 -35]
[58 44 -72]
[58 -12 -87]
[58 -13 -87]
[58 61 -18]
[58 62 -16]
[59 -35 7]
[59 -34 7]
[59 -34 6]
[59 -23 14]
[59 -22 14]
[59 -22 13]
[59 59 0]
[59 -3 -88]
[59 -2 -88]
[59 -1 -88]
[59 0 -87]
[59 62 -30]
[59 61 -32]
[59 -7 -88]
[59 -9 -88]
[59 7 -88]
[59 7 -87]
[59 5 -88]
[59 -36 6]
[59 -34 5]
[59 63 -12]
[59 63 -13]
[59 63 -29]
[59 -28 -20]
[59 -29 -21]
[59 -28 -21]
[59 -39 -10]
[59 -8 -88]
[59 -10 -88]
[59 2 -88]
[59 62 -10]
[59 60 -4]
[59 -4 -88]
[59 -4 -87]
[59 -40 -2]
[59 -40 -3]
[59 -15 -86]
[59 -14 -85]
[59 -33 -17]
[59 -34 -17]
[59 -34 -16]
[59 -16 -85]
[59 -38 3]
[59 -39 3]
[59 -37 3]
[59 -39 4]
[59 -39 -13]
[59 -38 -11]
[59 -39 -12]
[59 -31 -21]
[59 -30 -21]
[59 -11 -88]
[59 -14 -86]
[59 4 -88]
[59 63 -7]
[59 -38 -15]
[59 -37 -15]
[59 62 -27]
[59 62 -44]
[59 63 -16]
[59 63 -17]
[59 63 -42]
[59 63 -43]
[59 59 -46]
[59 -40 -6]
[59 -14 -88]
[59 -14 -87]
[59 -12 -88]
[59 -13 -88]
[59 26 -80]
[59 26 -79]
[59 -6 -87]
[59 63 -25]
[59 -36 7]
[59 -38 -5]
[59 -40 -4]
[59 63 -6]
[59 63 -5]
[59 62 -5]
[59 63 -24]
[59 63 -23]
[59 62 -22]
[59 63 -22]
[59 -38 6]
[59 -39 -9]
[59 -40 -8]
[59 -40 -1]
[59 -39 1]
[59 -40 0]
[59 -39 2]
[59 62 -39]
[59 63 -37]
[59 61 -19]
[59 60 -18]
[59 63 -46]
[59 58 1]
[59 63 -9]
[59 63 -8]
[59 62 -21]
[59 63 -21]
[59 62 -19]
[59 63 -19]
[59 -33 -18]
[59 -35 -16]
[59 -36 -17]
[59 -37 -16]
[59 61 -4]
[59 59 -3]
[59 60 -2]
[59 61 -2]
[59 55 4]
[59 57 3]
[59 -27 -22]
[59 59 -2]
[59 3 -88]
[59 -40 -5]
[59 -40 -7]
[59 -16 -84]
[59 -31 -19]
[59 63 -28]
[59 63 -11]
[59 61 -11]
[59 58 2]
[59 57 2]
[59 -39 -14]
[59 -24 14]
[59 56 4]
[59 62 -34]
[60 62 -31]
[60 63 -31]
[60 63 -30]
[60 -33 6]
[60 -33 5]
[60 63 -26]
[60 64 -24]
[60 -40 -12]
[60 -40 -14]
[60 -40 -13]
[60 -32 -20]
[60 -30 -22]
[60 -32 -21]
[60 -37 7]
[60 64 -8]
[60 -15 -87]
[60 -41 -8]
[60 -41 -9]
[60 64 -41]
[60 64 -42]
[60 63 -41]
[60 64 -6]
[60 64 -7]
[60 64 -5]
[60 -5 -88]
[60 -5 -87]
[60 1 -88]
[60 1 -87]
[60 -21 14]
[60 -21 15]
[60 -23 15]
[60 62 -32]
[60 64 -44]
[60 -31 -22]
[60 -29 -22]
[60 64 -45]
[60 63 -45]
[60 -37 2]
[60 59 1]
[60 60 0]
[60 60 -5]
[60 61 -5]
[60 61 -3]
[60 -41 0]
[60 -41 1]
[60 59 -1]
[60 -41 -5]
[60 64 -18]
[60 64 -17]
[60 62 -18]
[60 63 -18]
[60 -35 -17]
[60 64 -9]
[60 62 -2]
[60 62 -1]
[60 61 -1]
[60 60 -1]
[60 64 -22]
[60 -12 -89]
[60 -14 -89]
[60 -13 -89]
[60 64 -11]
[60 64 -12]
[60 64 -10]
[60 -17 -84]
[60 63 -20]
[60 58 3]
[60 60 -47]
[60 -36 8]
[60 -39 -4]
[60 25 -79]
[60 -40 3]
[60 1 -89]
[60 -40 2]
[60 63 -34]
[60 63 -35]
[60 62 -33]
[60 -40 -10]
[60 -28 -22]
[60 -4 -89]
[60 -5 -89]
[60 -40 -11]
[60 -39 -11]
[60 -11 -89]
[60 -41 -3]
[60 -41 -1]
[60 -41 -2]
[60 63 -4]
[60 63 -14]
[60 -41 -6]
[60 64 -25]
[60 64 -23]
[60 -10 -89]
[60 -8 -89]
[60 -7 -87]
[60 -7 -89]
[60 -9 -89]
[60 63 -10]
[60 -40 1]
[60 -31 -20]
[60 -32 -19]
[60 -34 -18]
[60 0 -89]
[60 0 -88]
[60 -37 -17]
[60 -38 -17]
[60 -6 -88]
[60 -15 -89]
[60 6 -88]
[60 64 -28]
[60 64 -29]
[60 64 -27]
[60 64 -21]
[60 64 -20]
[60 63 -38]
[60 62 -40]
[60 64 -13]
[60 58 0]
[60 -37 -18]
[60 -35 -18]
[60 -33 -19]
[60 62 -17]
[60 63 -15]
[60 57 5]
[60 56 5]
[60 62 -37]
[60 64 -37]
[60 62 -4]
[60 64 -4]
[60 62 -3]
[60 -1 -89]
[60 -2 -89]
[61 -29 -23]
[61 -28 -23]
[61 -30 -23]
[61 61 0]
[61 -33 -22]
[61 -42 -6]
[61 64 -40]
[61 65 -18]
[61 65 -19]
[61 -41 -7]
[61 -40 -9]
[61 63 -44]
[61 -6 -89]
[61 -41 -10]
[61 65 -37]
[61 65 -38]
[61 65 -36]
[61 -6 -90]
[61 -7 -90]
[61 65 -13]
[61 64 -14]
[61 65 -14]
[61 -42 -1]
[61 64 -26]
[61 65 -25]
[61 65 -8]
[61 65 -7]
[61 64 -31]
[61 64 -30]
[61 64 -32]
[61 -14 -90]
[61 -16 -90]
[61 60 1]
[61 -18 -83]
[61 63 -27]
[61 63 -33]
[61 61 -33]
[61 63 -32]
[61 -35 -19]
[61 -36 -18]
[61 -34 -19]
[61 65 -5]
[61 65 -6]
[61 -42 -4]
[61 63 -36]
[61 63 -40]
[61 -32 -23]
[61 -32 -22]
[61 65 -30]
[61 -22 15]
[61 65 -10]
[61 65 -12]
[61 -42 -10]
[61 -42 -9]
[61 65 -27]
[61 64 -39]
[61 64 -38]
[61 -1 -90]
[61 64 -19]
[61 60 2]
[61 65 -23]
[61 65 -22]
[61 -41 -13]
[61 -2 -90]
[61 65 -24]
[61 65 -21]
[61 -34 -20]
[61 -41 -12]
[61 -22 16]
[61 65 -20]
[61 63 -3]
[61 64 -36]
[61 -15 -90]
[61 64 -3]
[61 65 -44]
[61 65 -45]
[61 64 -46]
[61 -9 -90]
[61 64 -16]
[61 -41 2]
[61 63 0]
[61 63 -2]
[61 65 -9]
[61 -38 -18]
[61 -42 0]
[61 -42 2]
[61 -37 -19]
[61 -36 -19]
[61 65 -40]
[61 65 -42]
[61 65 -41]
[61 -11 -90]
[61 -13 -90]
[61 -12 -90]
[61 65 -29]
[61 -8 -90]
[61 59 3]
[61 58 4]
[61 1 -90]
[61 -41 -14]
[61 58 5]
[61 -3 -90]
[61 -3 -89]
[61 -41 3]
[61 63 -1]
[61 57 4]
[61 55 5]
[61 -42 -5]
[62 66 -13]
[62 65 -11]
[62 66 -31]
[62 65 -33]
[62 -39 -19]
[62 -38 -19]
[62 -42 1]
[62 -35 -20]
[62 -13 -91]
[62 -14 -91]
[62 -31 -23]
[62 -41 -11]
[62 -43 -9]
[62 -43 -11]
[62 -43 -7]
[62 -43 -6]
[62 -41 -4]
[62 -43 -5]
[62 -43 -4]
[62 -5 -90]
[62 -7 -91]
[62 -6 -91]
[62 66 -23]
[62 -18 -84]
[62 -18 -82]
[62 66 -19]
[62 66 -24]
[62 64 -33]
[62 64 -34]
[62 -34 -23]
[62 -33 -23]
[62 65 -2]
[62 65 -31]
[62 65 -32]
[62 64 -15]
[62 65 -16]
[62 66 -15]
[62 65 -15]
[62 66 -20]
[62 66 -8]
[62 66 -6]
[62 66 -7]
[62 65 -26]
[62 66 -28]
[62 61 1]
[62 59 2]
[62 65 -39]
[62 64 -1]
[62 -2 -91]
[62 0 -91]
[62 66 -12]
[62 59 4]
[62 59 5]
[62 59 6]
[62 -21 16]
[62 -3 -91]
[62 -8 -91]
[62 -15 -91]
[62 60 4]
[62 60 3]
[62 -43 -1]
[62 -42 -2]
[62 -43 -2]
[62 -11 -91]
[62 -10 -90]
[62 -29 -24]
[62 61 3]
[62 -10 -91]
[62 -9 -91]
[62 66 -36]
[62 66 -35]
[62 66 -37]
[62 -37 -20]
[62 -36 -20]
[62 64 -2]
[62 62 0]
[62 -4 -91]
[62 -38 -20]
[62 66 -21]
[62 -42 -12]
[62 -28 -24]
[62 -33 -20]
[62 -34 -21]
[62 -42 -13]
[62 -42 -15]
[62 -42 -14]
[62 -12 -91]
[62 66 -25]
[62 62 1]
[62 64 0]
[62 64 1]
[63 -42 -3]
[63 -44 -3]
[63 66 -11]
[63 -14 -92]
[63 -13 -92]
[63 66 -5]
[63 67 -7]
[63 67 -6]
[63 -9 -92]
[63 67 -24]
[63 -44 -4]
[63 -44 -5]
[63 -5 -92]
[63 -6 -92]
[63 -5 -91]
[63 -4 -90]
[63 -19 -83]
[63 -19 -82]
[63 -43 -12]
[63 -43 -14]
[63 66 -9]
[63 67 -9]
[63 67 -8]
[63 60 5]
[63 65 -1]
[63 65 -3]
[63 66 -3]
[63 66 -1]
[63 66 -2]
[63 65 -34]
[63 66 -26]
[63 -34 -22]
[63 -37 -21]
[63 -38 -21]
[63 -39 -20]
[63 61 4]
[63 62 2]
[63 61 2]
[63 62 4]
[63 63 1]
[63 -43 0]
[63 -43 1]
[63 -44 -6]
[63 64 2]
[63 65 0]
[63 -40 -19]
[63 -40 -20]
[63 -40 -18]
[63 66 -32]
[63 65 -35]
[63 -44 -10]
[63 -43 -10]
[63 66 -29]
[63 65 -28]
[63 67 -28]
[63 66 -27]
[63 -35 -22]
[63 -44 -12]
[63 -2 -92]
[63 -3 -92]
[63 67 -22]
[63 67 -20]
[63 63 2]
[63 -4 -92]
[63 66 -30]
[63 67 -31]
[63 -35 -23]
[63 -35 -24]
[63 -34 -24]
[63 66 -14]
[63 -8 -92]
[63 -1 -91]
[63 0 -90]
[63 67 -35]
[63 -44 -2]
[63 -44 0]
[63 -44 -1]
[63 67 -12]
[63 60 7]
[63 67 -13]
[63 67 -25]
[63 -44 -7]
[64 -39 -17]
[64 -41 -18]
[64 67 -2]
[64 61 5]
[64 62 5]
[64 61 6]
[64 -41 -20]
[64 -41 -19]
[64 -41 -21]
[64 -39 -21]
[64 -40 -21]
[64 64 3]
[64 65 1]
[64 65 3]
[64 67 -34]
[64 -43 -3]
[64 -45 -1]
[64 68 -20]
[64 67 -19]
[64 68 -19]
[64 67 -21]
[64 -45 1]
[64 -44 1]
[64 -7 -93]
[64 -6 -93]
[64 -5 -93]
[64 66 0]
[64 -45 -7]
[64 -45 -6]
[64 -39 -18]
[64 68 -24]
[64 67 -26]
[64 68 -25]
[64 68 -27]
[64 68 -28]
[64 -44 -11]
[64 -36 -23]
[64 -36 -22]
[64 61 7]
[64 59 8]
[64 68 -6]
[64 68 -7]
[64 -44 -13]
[64 -43 -13]
[64 -43 -15]
[64 68 -23]
[64 68 -21]
[64 68 -22]
[64 67 -1]
[64 67 0]
[64 -15 -93]
[64 -14 -93]
[64 -45 -13]
[64 -4 -93]
[64 68 -8]
[64 -10 -93]
[64 -10 -92]
[64 -9 -93]
[64 -38 -22]
[64 62 3]
[64 63 5]
[64 63 3]
[64 67 -32]
[64 -37 -22]
[64 -45 -5]
[64 -45 -2]
[64 -45 0]
[64 -7 -92]
[64 -8 -93]
[64 -36 -24]
[64 66 1]
[64 67 -30]
[64 67 -29]
[64 -45 -3]
[64 67 -5]
[64 67 -4]
[64 67 -14]
[64 68 -13]
[64 -3 -93]
[64 68 -30]
[64 68 -32]
[64 67 -10]
[64 68 -9]
[64 68 -11]
[64 68 -12]
[64 68 -5]
[65 -35 -21]
[65 -41 -17]
[65 -6 -94]
[65 69 -12]
[65 67 -11]
[65 68 -1]
[65 68 -2]
[65 -46 -1]
[65 -42 -18]
[65 -42 -19]
[65 -42 -20]
[65 69 -22]
[65 69 -21]
[65 -38 -23]
[65 -39 -22]
[65 -39 -23]
[65 -45 -4]
[65 -46 -4]
[65 69 -29]
[65 63 6]
[65 64 5]
[65 62 6]
[65 64 4]
[65 63 4]
[65 65 2]
[65 -41 -22]
[65 -15 -92]
[65 -46 2]
[65 -46 0]
[65 -45 2]
[65 -46 1]
[65 58 8]
[65 60 9]
[65 59 9]
[65 58 7]
[65 -10 -94]
[65 -37 -23]
[65 -45 -12]
[65 -46 -2]
[65 66 2]
[65 69 -7]
[65 69 -8]
[65 69 -9]
[65 62 8]
[65 62 7]
[65 60 6]
[65 69 -26]
[65 -44 -14]
[65 -11 -92]
[65 -11 -93]
[65 -9 -94]
[65 -7 -94]
[65 67 1]
[65 69 -6]
[65 68 -29]
[65 66 -34]
[65 66 -33]
[65 67 -33]
[65 68 -31]
[65 -46 -6]
[65 69 -23]
[65 69 -25]
[65 -46 -3]
[65 -5 -94]
[65 68 0]
[65 68 1]
[65 69 -20]
[65 68 -4]
[65 66 -4]
[65 66 -22]
[65 -37 -24]
[65 -37 -25]
[65 -35 -25]
[65 -44 2]
[65 69 -19]
[65 69 -28]
[65 68 -10]
[65 69 -11]
[65 -46 -12]
[65 -46 -13]
[65 69 -4]
[65 69 -5]
[65 -46 -7]
[65 -46 -5]
[65 68 -3]
[65 67 -3]
[65 69 -27]
[66 -47 -12]
[66 -34 -26]
[66 -38 -24]
[66 70 -19]
[66 70 -6]
[66 70 -26]
[66 69 0]
[66 68 2]
[66 69 -3]
[66 70 -10]
[66 -8 -94]
[66 59 7]
[66 62 9]
[66 63 7]
[66 61 9]
[66 63 8]
[66 -40 -23]
[66 70 -27]
[66 70 -28]
[66 65 -4]
[66 -47 -6]
[66 -47 -7]
[66 -47 -5]
[66 -47 -2]
[66 -40 -22]
[66 60 10]
[66 60 8]
[66 68 -26]
[66 70 -24]
[66 70 -25]
[66 69 -24]
[66 -11 -95]
[66 -10 -95]
[66 70 -21]
[66 70 -22]
[66 69 -1]
[66 70 -9]
[66 70 -7]
[66 -39 -24]
[66 70 -8]
[66 70 -11]
[66 67 -23]
[66 -47 0]
[66 -47 2]
[66 -47 1]
[66 -47 -4]
[66 64 6]
[66 65 4]
[66 65 6]
[66 -47 -3]
[66 70 -20]
[66 -43 -20]
[66 -45 -11]
[66 -46 -11]
[66 -36 -25]
[66 67 2]
[66 59 10]
[66 65 5]
[66 -46 -14]
[66 69 -2]
[66 70 -3]
[66 70 -5]
[66 -45 3]
[66 61 8]
[66 -47 -1]
[66 66 -10]
[66 -46 3]
[66 -43 -19]
[67 71 -11]
[67 71 -10]
[67 69 -10]
[67 71 -5]
[67 71 -6]
[67 70 -4]
[67 71 -7]
[67 71 -19]
[67 -9 -95]
[67 70 -23]
[67 71 -22]
[67 70 -1]
[67 -44 -20]
[67 59 11]
[67 60 11]
[67 61 11]
[67 64 9]
[67 64 8]
[67 68 3]
[67 67 3]
[67 69 1]
[67 71 -2]
[67 70 -2]
[67 -48 -5]
[67 -48 -4]
[67 71 -27]
[67 71 -26]
[67 -35 -26]
[67 -48 -1]
[67 -48 0]
[67 -12 -94]
[67 -10 -96]
[67 70 1]
[67 70 0]
[67 -40 -24]
[67 -48 -6]
[67 66 4]
[67 66 5]
[67 -47 -13]
[67 -45 -14]
[67 -47 -15]
[67 -47 -14]
[67 71 -8]
[67 -48 -12]
[67 -47 3]
[67 61 10]
[67 62 10]
[67 63 9]
[67 71 -24]
[67 71 -23]
[67 -34 -25]
[67 64 7]
[67 66 7]
[67 66 6]
[68 -48 -15]
[68 -46 -15]
[68 72 -23]
[68 71 -21]
[68 71 0]
[68 71 -1]
[68 71 1]
[68 72 -7]
[68 72 -8]
[68 72 -6]
[68 65 8]
[68 65 9]
[68 62 12]
[68 61 12]
[68 72 -3]
[68 72 -1]
[68 71 -4]
[68 72 -4]
[68 72 -5]
[68 -49 -2]
[68 -49 0]
[68 -49 -1]
[68 60 12]
[68 -45 -19]
[68 65 7]
[68 67 7]
[68 -49 -4]
[68 72 -10]
[68 71 -3]
[68 -48 -3]
[68 64 10]
[68 65 10]
[68 63 10]
[68 72 -24]
[68 71 -20]
[68 72 -20]
[68 62 11]
[68 71 -25]
[68 68 4]
[68 67 5]
[68 67 4]
[68 66 3]
[68 -48 -13]
[68 -49 -13]
[68 -49 -12]
[68 -48 -11]
[68 72 -9]
[68 71 -9]
[68 -9 -96]
[68 -11 -97]
[68 -10 -97]
[68 -44 -15]
[68 71 2]
[68 -49 -7]
[69 -50 -2]
[69 73 -5]
[69 62 13]
[69 61 13]
[69 63 12]
[69 63 11]
[69 68 5]
[69 -49 -3]
[69 72 -2]
[69 73 -23]
[69 72 -22]
[69 73 -24]
[69 72 1]
[69 66 9]
[69 66 8]
[69 73 -6]
[69 73 -7]
[69 66 11]
[69 72 0]
[69 73 -2]
[69 73 -4]
[69 -50 -8]
[69 -48 -7]
[69 -49 -6]
[69 -43 -16]
[69 -44 -16]
[69 -45 -15]
[69 -48 -2]
[69 -49 -14]
[69 -48 -14]
[69 -45 -16]
[69 -9 -97]
[69 -11 -98]
[69 64 11]
[69 72 -21]
[69 72 -19]
[69 72 -25]
[69 -49 -11]
[69 73 0]
[69 69 5]
[69 69 3]
[69 70 2]
[69 72 2]
[69 71 3]
[69 -50 -3]
[69 -50 -4]
[69 -49 -5]
[69 -8 -97]
[69 -45 -18]
[69 68 8]
[69 68 6]
[69 68 7]
[69 67 6]
[69 -50 -13]
[69 -10 -98]
[69 73 -3]
[70 -51 -2]
[70 -50 -6]
[70 -50 -5]
[70 74 -1]
[70 69 4]
[70 70 3]
[70 70 4]
[70 74 -2]
[70 73 -1]
[70 67 9]
[70 67 8]
[70 69 8]
[70 69 9]
[70 74 -5]
[70 -49 -15]
[70 -50 -15]
[70 -9 -99]
[70 -9 -98]
[70 -11 -99]
[70 -10 -99]
[70 69 6]
[70 72 4]
[70 72 3]
[70 73 3]
[70 73 1]
[70 -50 -1]
[70 64 12]
[70 65 11]
[70 -8 -96]
[70 73 -21]
[70 73 -20]
[70 73 -22]
[70 62 14]
[70 -45 -17]
[70 -49 -8]
[70 66 10]
[70 63 14]
[70 63 13]
[70 -44 -17]
[70 -51 -3]
[70 -51 -4]
[70 -51 -8]
[70 -50 -9]
[70 69 2]
[70 67 10]
[70 74 -6]
[70 74 -23]
[70 -7 -98]
[70 -8 -98]
[70 74 -4]
[70 74 -3]
[70 -44 -19]
[70 70 5]
[70 70 6]
[71 71 4]
[71 71 5]
[71 73 4]
[71 -7 -97]
[71 -7 -99]
[71 67 11]
[71 74 0]
[71 75 -5]
[71 74 -7]
[71 -10 -100]
[71 -51 -6]
[71 -51 -7]
[71 74 2]
[71 73 2]
[71 64 13]
[71 68 9]
[71 74 -19]
[71 70 7]
[71 69 7]
[71 71 6]
[71 -50 -7]
[71 69 10]
[71 68 10]
[71 74 -22]
[71 75 -4]
[71 75 -3]
[71 65 13]
[71 65 12]
[71 -8 -99]
[71 -8 -100]
[71 74 -21]
[71 -7 -96]
[71 -51 -14]
[71 -50 -14]
[71 -51 -15]
[71 74 4]
[71 68 11]
[71 75 0]
[71 75 -1]
[71 -51 -1]
[72 -52 -15]
[72 -52 -14]
[72 68 12]
[72 66 12]
[72 -9 -100]
[72 -8 -101]
[72 76 0]
[72 65 14]
[72 66 13]
[72 72 6]
[72 72 7]
[72 72 5]
[72 75 1]
[72 74 1]
[72 73 -19]
[72 75 -20]
[72 75 -19]
[72 76 -1]
[72 76 1]
[72 64 14]
[72 73 5]
[72 69 12]
[72 69 11]
[72 67 12]
[72 75 -2]
[72 76 -3]
[72 76 -2]
[72 70 11]
[72 70 9]
[72 75 3]
[72 75 2]
[72 74 5]
[72 74 3]
[72 76 -5]
[72 76 -4]
[72 76 -6]
[73 67 13]
[73 73 6]
[73 72 8]
[73 63 15]
[73 65 15]
[73 76 2]
[73 75 4]
[73 74 6]
[73 -8 -102]
[73 77 1]
[73 77 -1]
[73 77 0]
[73 71 9]
[73 70 8]
[73 76 -20]
[73 74 -20]
[73 75 5]
[73 -53 -16]
[73 64 15]
[73 77 -6]
[73 77 -4]
[73 77 2]
[73 77 -2]
[73 73 7]
[73 71 10]
[73 70 10]
[73 76 -19]
[73 75 -21]
[73 -53 -14]
[73 -53 -13]
[73 -9 -101]
[73 77 -5]
[73 77 -3]
[73 75 -6]
[74 -54 -14]
[74 -54 -15]
[74 78 -1]
[74 64 16]
[74 78 -5]
[74 75 -22]
[74 78 -2]
[74 78 0]
[74 71 8]
[74 72 9]
[74 72 10]
[74 -52 -16]
[74 75 6]
[74 74 7]
[74 78 -4]
[74 78 -3]
[74 76 5]
[74 71 7]
[74 78 3]
[74 76 3]
[74 78 1]
[74 68 14]
[74 66 14]
[74 67 14]
[75 75 7]
[75 79 4]
[75 77 3]
[75 79 2]
[75 77 4]
[75 79 -1]
[75 79 -3]
[75 68 15]
[75 67 15]
[75 73 8]
[75 -53 -15]
[75 79 -2]
[75 73 9]
[75 77 5]
[75 76 6]
[75 65 17]
[75 65 16]
[75 79 0]
[75 79 1]
[75 78 2]
[76 80 -1]
[76 80 -3]
[76 80 -2]
[76 80 0]
[76 74 8]
[76 67 16]
[76 66 17]
[76 64 17]
[76 78 5]
[76 76 4]
[76 78 4]
[76 77 6]
[76 80 1]
[76 80 2]
[76 79 3]
[76 76 7]
[76 80 4]
[76 80 3]
[76 66 16]
[77 67 17]
[77 66 15]
[77 81 3]
[77 81 0]
[77 81 -1]
[77 81 1]
[77 78 6]
[77 81 2]
[77 81 -2]
[77 81 -3]
[77 75 8]
[77 65 18]
[77 79 5]
[77 81 4]
[78 82 -2]
[78 82 2]
[78 67 18]
[78 66 18]
[78 82 -1]
[78 82 4]
[78 82 5]
[78 82 1]
[78 82 3]
[79 67 19]
[79 66 19]
[79 83 -1]
[79 83 5]
[79 81 5]
[79 82 0]
[79 83 4]
[79 83 3]
[79 83 2]
[79 83 6]
[79 82 6]
[79 83 0]
[79 83 1]
[79 68 18]
[80 68 20]
[80 80 6]
[80 80 5]
[80 82 7]
[80 83 7]
[80 68 19]
[80 69 19]
[80 67 20]
[80 84 5]
[80 84 3]
[80 84 0]
[80 84 1]
[80 84 4]
[81 81 7]
[81 81 6]
[81 69 20]
[81 70 19]
[81 69 18]
[81 85 3]
[81 85 2]
[81 85 4]
[81 85 1]
[81 85 0]
[81 83 8]
[81 82 8]
[81 84 7]
[81 84 6]
[81 85 6]
[81 85 5]
[81 67 21]
[82 86 3]
[82 86 4]
[82 86 5]
[82 68 21]
[82 70 20]
[82 84 8]
[82 86 1]
[82 86 2]
[82 84 2]
[82 82 9]
[82 81 8]
[82 71 19]
[82 71 20]
[82 84 9]
[82 86 7]
[82 85 7]
[82 86 0]
[83 87 4]
[83 87 3]
[83 86 8]
[83 85 8]
[83 72 19]
[83 70 18]
[83 72 18]
[83 72 20]
[83 87 1]
[83 69 21]
[83 87 6]
[83 71 21]
[83 87 2]
[83 83 9]
[83 70 21]
[83 85 10]
[83 83 10]
[83 86 6]
[83 87 8]
[84 88 3]
[84 88 2]
[84 87 5]
[84 87 9]
[84 85 9]
[84 84 10]
[84 70 22]
[84 71 18]
[84 88 5]
[84 88 7]
[84 88 9]
[84 88 8]
[84 71 17]
[84 84 11]
[84 73 17]
[84 73 19]
[84 72 17]
[84 73 18]
[84 73 20]
[84 72 21]
[85 70 17]
[85 71 23]
[85 70 23]
[85 71 22]
[85 69 22]
[85 86 9]
[85 88 6]
[85 89 7]
[85 89 6]
[85 88 10]
[85 89 9]
[85 87 10]
[85 89 8]
[85 74 18]
[85 74 19]
[85 70 16]
[85 89 1]
[85 89 2]
[85 89 4]
[85 73 22]
[85 72 22]
[85 74 21]
[85 74 17]
[85 87 7]
[85 88 4]
[86 90 2]
[86 75 22]
[86 73 21]
[86 74 22]
[86 90 8]
[86 71 24]
[86 90 9]
[86 89 10]
[86 86 10]
[86 86 11]
[86 75 18]
[86 75 17]
[86 69 24]
[86 69 23]
[86 70 24]
[86 73 23]
[86 74 23]
[86 69 17]
[86 69 16]
[86 74 20]
[86 75 20]
[86 90 3]
[86 89 5]
[86 90 4]
[86 89 11]
[86 90 1]
[86 89 3]
[87 69 25]
[87 90 5]
[87 90 6]
[87 75 21]
[87 73 24]
[87 75 23]
[87 75 24]
[87 91 3]
[87 91 4]
[87 91 2]
[87 85 11]
[87 87 12]
[87 86 12]
[87 75 19]
[87 68 22]
[87 68 24]
[87 75 16]
[87 76 17]
[87 76 18]
[87 91 10]
[87 91 9]
[87 91 8]
[87 87 11]
[87 72 24]
[87 74 24]
[87 90 7]
[87 91 7]
[87 90 11]
[87 90 10]
[87 76 19]
[87 68 25]
[87 70 25]
[87 76 21]
[87 76 23]
[87 89 12]
[87 88 12]
[87 71 25]
[87 72 23]
[87 72 25]
[88 76 24]
[88 68 23]
[88 67 23]
[88 88 13]
[88 88 11]
[88 90 12]
[88 90 13]
[88 77 17]
[88 77 19]
[88 75 25]
[88 76 25]
[88 74 25]
[88 91 5]
[88 73 25]
[88 92 9]
[88 87 13]
[88 76 20]
[88 91 6]
[88 77 21]
[88 76 22]
[88 77 18]
[88 77 16]
[88 76 16]
[88 72 26]
[88 71 26]
[88 85 12]
[88 77 20]
[88 91 11]
[88 77 23]
[88 91 12]
[88 69 26]
[88 92 7]
[88 86 13]
[88 70 26]
[88 92 4]
[88 92 8]
[89 92 5]
[89 71 27]
[89 89 13]
[89 89 14]
[89 92 10]
[89 92 12]
[89 87 14]
[89 73 26]
[89 76 26]
[89 75 26]
[89 73 27]
[89 78 22]
[89 78 24]
[89 78 23]
[89 93 8]
[89 93 9]
[89 77 25]
[89 77 24]
[89 78 17]
[89 78 18]
[89 91 13]
[89 68 26]
[89 69 27]
[89 86 14]
[89 78 19]
[89 92 11]
[89 70 27]
[89 77 22]
[89 85 13]
[89 74 26]
[89 78 21]
[89 78 20]
[89 77 26]
[90 79 21]
[90 79 19]
[90 79 20]
[90 93 11]
[90 74 27]
[90 78 25]
[90 79 23]
[90 79 22]
[90 79 24]
[90 78 26]
[90 88 14]
[90 94 10]
[90 93 10]
[90 77 27]
[90 76 27]
[90 90 14]
[90 89 15]
[90 88 15]
[90 87 15]
[90 70 28]
[90 69 28]
[90 71 28]
[90 72 27]
[90 72 28]
[90 79 18]
[91 79 25]
[91 79 27]
[91 80 25]
[91 80 24]
[91 72 29]
[91 79 26]
[91 73 28]
[91 70 29]
[91 71 29]
[91 88 16]
[91 87 16]
[91 77 28]
[91 76 28]
[91 80 21]
[91 80 19]
[91 94 9]
[91 94 11]
[91 95 10]
[91 78 27]
[91 80 22]
[91 80 23]
[91 80 20]
[91 80 18]
[91 75 27]
[91 75 28]
[91 74 28]
[91 93 12]
[92 81 23]
[92 81 22]
[92 78 28]
[92 80 28]
[92 79 28]
[92 94 12]
[92 73 29]
[92 80 26]
[92 74 29]
[92 76 29]
[92 81 20]
[92 75 29]
[92 95 12]
[92 77 29]
[92 95 11]
[92 80 27]
[92 81 25]
[92 81 24]
[92 73 30]
[93 81 27]
[93 73 31]
[93 74 30]
[93 74 31]
[93 82 23]
[93 82 22]
[93 82 24]
[93 82 25]
[93 76 30]
[93 94 13]
[93 95 13]
[93 96 13]
[93 79 29]
[93 96 12]
[93 78 29]
[93 72 30]
[93 81 21]
[93 78 30]
[93 82 21]
[93 81 26]
[94 82 27]
[94 77 30]
[94 77 31]
[94 75 30]
[94 75 31]
[94 83 24]
[94 83 22]
[94 96 11]
[94 74 32]
[94 73 32]
[94 82 26]
[94 79 31]
[94 79 30]
[94 83 21]
[94 83 23]
[94 80 29]
[94 80 30]
[94 96 14]
[95 83 20]
[95 84 20]
[95 83 25]
[95 83 27]
[95 83 26]
[95 80 31]
[95 78 31]
[95 74 33]
[95 75 33]
[95 81 29]
[95 82 28]
[95 81 28]
[95 83 28]
[95 81 31]
[95 84 21]
[95 95 15]
[95 97 15]
[95 97 13]
[95 96 15]
[95 84 25]
[95 84 24]
[95 78 32]
[95 76 31]
[96 84 26]
[96 85 24]
[96 85 26]
[96 84 27]
[96 84 29]
[96 74 34]
[96 73 34]
[96 82 29]
[96 82 31]
[96 82 30]
[96 82 32]
[96 80 32]
[96 81 32]
[96 81 30]
[96 83 19]
[96 97 14]
[96 98 12]
[96 98 13]
[96 75 32]
[96 76 32]
[96 75 34]
[96 76 34]
[96 76 33]
[96 77 32]
[96 79 33]
[96 78 33]
[96 95 16]
[96 96 16]
[96 83 29]
[96 95 14]
[96 79 32]
[96 84 23]
[96 85 23]
[96 97 16]
[97 84 22]
[97 85 22]
[97 83 30]
[97 84 28]
[97 84 30]
[97 83 31]
[97 81 33]
[97 80 33]
[97 78 34]
[97 79 34]
[97 77 33]
[97 75 35]
[97 80 34]
[97 94 16]
[97 95 17]
[97 86 26]
[97 85 25]
[97 86 27]
[97 99 14]
[97 98 14]
[97 86 22]
[97 98 15]
[97 86 24]
[97 96 17]
[97 98 17]
[97 99 11]
[97 99 12]
[97 85 27]
[97 85 28]
[97 82 33]
[97 97 17]
[97 77 34]
[97 77 35]
[98 99 13]
[98 100 15]
[98 100 13]
[98 83 32]
[98 83 34]
[98 82 34]
[98 83 33]
[98 87 26]
[98 85 21]
[98 86 23]
[98 84 31]
[98 85 31]
[98 85 30]
[98 85 29]
[98 99 15]
[98 99 16]
[98 98 16]
[98 99 18]
[98 78 35]
[98 80 35]
[98 81 34]
[98 81 35]
[98 87 27]
[98 86 28]
[98 87 28]
[98 87 22]
[98 87 21]
[98 87 25]
[98 86 25]
[98 96 18]
[98 94 15]
[98 76 35]
[98 75 36]
[98 100 10]
[98 100 12]
[98 100 11]
[99 100 14]
[99 85 32]
[99 86 29]
[99 86 30]
[99 88 26]
[99 88 27]
[99 87 23]
[99 101 11]
[99 101 10]
[99 87 29]
[99 81 36]
[99 82 36]
[99 101 14]
[99 101 12]
[99 77 36]
[99 78 36]
[99 100 17]
[99 88 28]
[99 82 35]
[99 84 32]
[99 84 33]
[99 100 9]
[99 87 24]
[99 76 36]
[99 101 16]
[99 88 25]
[99 100 18]
[99 100 19]
[99 99 17]
[99 94 14]
[99 86 31]
[99 86 20]
[99 86 21]
[99 85 20]
[99 79 35]
[99 80 36]
[99 79 36]
[99 83 35]
[99 97 18]
[99 74 36]
[99 74 37]
[99 76 37]
[99 74 35]
[100 73 35]
[100 96 19]
[100 98 19]
[100 74 38]
[100 75 37]
[100 75 38]
[100 93 14]
[100 77 37]
[100 89 27]
[100 102 12]
[100 102 11]
[100 102 13]
[100 98 18]
[100 88 23]
[100 88 24]
[100 89 29]
[100 85 19]
[100 84 34]
[100 101 13]
[100 101 15]
[100 86 19]
[100 102 17]
[100 102 16]
[100 78 37]
[100 101 18]
[100 101 19]
[100 99 20]
[100 84 36]
[100 83 36]
[100 84 35]
[100 83 37]
[100 85 33]
[100 99 19]
[100 86 32]
[100 87 30]
[100 87 32]
[100 87 31]
[100 101 17]
[101 73 36]
[101 85 34]
[101 73 39]
[101 73 38]
[101 73 37]
[101 103 13]
[101 103 14]
[101 102 20]
[101 101 20]
[101 87 33]
[101 88 31]
[101 79 37]
[101 78 38]
[101 98 20]
[101 97 20]
[101 103 12]
[101 88 32]
[101 88 30]
[101 102 18]
[101 102 19]
[101 88 29]
[101 76 39]
[101 76 38]
[101 89 25]
[101 103 15]
[101 85 35]
[101 102 15]
[101 84 19]
[101 82 37]
[101 83 38]
[101 84 38]
[101 100 20]
[101 84 37]
[101 86 34]
[101 93 13]
[101 89 30]
[102 79 38]
[102 89 24]
[102 89 26]
[102 85 36]
[102 85 38]
[102 87 34]
[102 103 18]
[102 89 32]
[102 104 15]
[102 104 14]
[102 81 38]
[102 82 38]
[102 84 39]
[102 89 31]
[102 90 30]
[102 98 21]
[102 99 21]
[102 86 33]
[102 86 35]
[102 104 13]
[102 104 11]
[102 77 39]
[102 100 21]
[102 101 21]
[102 102 21]
[102 87 35]
[102 83 39]
[102 103 20]
[102 75 40]
[102 77 40]
[102 77 38]
[102 76 40]
[103 105 13]
[103 104 19]
[103 86 37]
[103 86 39]
[103 85 39]
[103 76 41]
[103 78 40]
[103 78 41]
[103 90 25]
[103 90 31]
[103 103 21]
[103 105 15]
[103 105 16]
[103 78 39]
[103 81 39]
[103 80 37]
[103 81 37]
[103 82 39]
[103 80 38]
[103 80 39]
[103 83 40]
[103 87 36]
[103 88 35]
[103 105 14]
[103 85 37]
[103 86 36]
[103 101 22]
[103 75 39]
[103 88 34]
[103 88 33]
[103 84 40]
[103 102 22]
[103 103 22]
[103 74 39]
[103 74 40]
[103 104 10]
[103 105 11]
[103 97 22]
[104 89 34]
[104 106 13]
[104 77 41]
[104 79 40]
[104 75 42]
[104 77 42]
[104 76 42]
[104 102 23]
[104 79 42]
[104 78 42]
[104 88 37]
[104 87 37]
[104 86 38]
[104 73 40]
[104 74 41]
[104 73 41]
[104 103 23]
[104 85 41]
[104 89 33]
[104 104 22]
[104 79 39]
[104 86 40]
[104 80 40]
[104 81 40]
[104 82 40]
[104 103 19]
[104 104 23]
[104 105 12]
[104 82 41]
[104 83 41]
[104 96 23]
[104 105 10]
[104 106 11]
[104 89 36]
[104 106 15]
[104 106 16]
[104 106 14]
[105 90 33]
[105 90 34]
[105 84 42]
[105 105 23]
[105 75 41]
[105 77 43]
[105 76 43]
[105 75 43]
[105 87 40]
[105 87 41]
[105 86 41]
[105 89 38]
[105 89 37]
[105 87 38]
[105 88 36]
[105 88 38]
[105 106 12]
[105 106 10]
[105 79 41]
[105 107 13]
[105 80 41]
[105 79 43]
[105 107 14]
[105 85 42]
[105 85 40]
[105 96 22]
[105 72 41]
[105 73 42]
[105 74 42]
[105 106 9]
[105 105 9]
[105 104 20]
[105 106 17]
[105 107 15]
[105 83 42]
[105 81 41]
[105 90 36]
[105 89 35]
[105 87 39]
[106 106 24]
[106 105 22]
[106 106 23]
[106 106 22]
[106 104 24]
[106 80 42]
[106 82 42]
[106 81 42]
[106 83 43]
[106 84 43]
[106 90 38]
[106 78 44]
[106 80 43]
[106 88 39]
[106 91 37]
[106 76 44]
[106 74 44]
[106 84 41]
[106 105 20]
[106 87 42]
[106 90 32]
[106 71 41]
[106 88 41]
[106 88 40]
[106 88 42]
[106 72 42]
[106 89 39]
[106 90 39]
[106 107 12]
[106 106 8]
[106 107 11]
[106 107 17]
[106 108 15]
[106 107 16]
[106 107 8]
[106 108 14]
[106 74 43]
[106 97 23]
[107 82 43]
[107 107 22]
[107 106 21]
[107 105 21]
[107 105 24]
[107 107 25]
[107 106 25]
[107 91 39]
[107 90 37]
[107 86 43]
[107 109 15]
[107 89 40]
[107 78 43]
[107 77 45]
[107 79 44]
[107 72 43]
[107 71 43]
[107 73 43]
[107 71 42]
[107 90 40]
[107 105 25]
[107 83 44]
[107 82 44]
[107 109 14]
[107 89 41]
[107 84 44]
[107 108 16]
[107 104 21]
[107 107 9]
[107 76 45]
[107 75 44]
[107 75 45]
[107 107 23]
[107 107 24]
[107 73 44]
[107 81 43]
[107 80 44]
[107 91 38]
[107 92 37]
[107 108 10]
[107 108 11]
[107 107 10]
[107 89 42]
[107 105 8]
[107 87 43]
[107 88 43]
[107 89 43]
[108 77 44]
[108 78 45]
[108 76 46]
[108 77 46]
[108 92 39]
[108 92 40]
[108 90 42]
[108 70 43]
[108 72 44]
[108 70 42]
[108 108 12]
[108 109 12]
[108 86 42]
[108 87 44]
[108 85 43]
[108 85 44]
[108 92 38]
[108 73 45]
[108 83 45]
[108 110 15]
[108 110 14]
[108 74 46]
[108 84 45]
[108 90 41]
[108 93 37]
[108 71 44]
[108 70 41]
[108 108 23]
[108 79 45]
[108 110 16]
[108 109 16]
[108 81 45]
[108 81 44]
[108 108 24]
[109 92 41]
[109 71 45]
[109 110 17]
[109 108 17]
[109 108 13]
[109 111 17]
[109 76 47]
[109 77 47]
[109 74 45]
[109 74 47]
[109 73 47]
[109 73 46]
[109 80 45]
[109 80 46]
[109 78 46]
[109 70 44]
[109 93 38]
[109 79 46]
[109 72 45]
[109 91 42]
[109 91 41]
[109 86 44]
[109 109 13]
[109 111 15]
[109 93 40]
[109 93 39]
[109 82 46]
[109 81 46]
[110 94 40]
[110 94 41]
[110 93 41]
[110 94 39]
[110 112 16]
[110 79 47]
[110 78 47]
[110 80 47]
[110 72 46]
[110 72 47]
[110 74 48]
[110 72 48]
[110 111 18]
[110 110 18]
[110 109 17]
[110 81 47]
[110 75 46]
[110 91 40]
[110 76 48]
[110 112 18]
[110 112 17]
[110 75 48]
[111 112 19]
[111 113 17]
[111 113 18]
[111 108 18]
[111 109 18]
[111 73 48]
[111 94 38]
[111 95 38]
[111 95 39]
[111 77 48]
[111 75 47]
[111 72 49]
[111 113 16]
[111 76 49]
[111 74 49]
[111 95 41]
[111 109 19]
[111 110 19]
[111 111 19]
[111 78 48]
[111 73 49]
[112 96 38]
[112 71 48]
[112 72 50]
[112 95 37]
[112 94 37]
[112 114 17]
[112 114 18]
[112 110 20]
[112 113 20]
[112 112 20]
[112 96 39]
[112 114 19]
[112 113 19]
[112 73 50]
[112 95 40]
[112 96 41]
[113 115 17]
[113 111 21]
[113 113 21]
[113 111 20]
[113 73 51]
[113 114 16]
[113 115 18]
[113 70 49]
[113 71 49]
[113 72 51]
[113 71 50]
[113 71 51]
[113 112 21]
[113 97 39]
[113 94 36]
[113 96 40]
[113 97 40]
[114 69 49]
[114 70 50]
[114 73 52]
[114 98 40]
[114 95 36]
[114 113 22]
[114 115 16]
[114 72 52]
[114 70 51]
[114 114 15]
[114 116 19]
[114 114 21]
[114 112 22]
[115 72 53]
[115 70 52]
[115 69 50]
[115 69 52]
[115 117 20]
[115 116 16]
[115 69 51]
[115 115 22]
[115 111 23]
[115 68 50]
[115 112 23]
[115 114 22]
[115 114 23]
[116 68 51]
[116 67 50]
[116 67 51]
[116 111 24]
[116 71 53]
[116 115 15]
[116 117 21]
[116 118 21]
[116 116 20]
[116 117 19]
[116 73 54]
[116 72 54]
[116 115 23]
[116 115 21]
[116 70 53]
[116 68 53]
[116 69 53]
[116 113 23]
[116 112 24]
[116 113 24]
[116 114 24]
[116 116 22]
[117 113 25]
[117 115 19]
[117 115 20]
[117 69 54]
[117 67 52]
[117 68 54]
[117 71 54]
[117 71 55]
[117 74 55]
[117 74 54]
[117 71 52]
[117 66 51]
[117 68 49]
[117 117 23]
[117 116 23]
[117 116 21]
[117 118 22]
[117 117 22]
[117 70 54]
[117 114 25]
[117 115 25]
[117 66 52]
[117 115 24]
[117 116 24]
[118 75 56]
[118 73 55]
[118 113 26]
[118 115 26]
[118 66 53]
[118 65 53]
[118 114 20]
[118 70 55]
[118 67 54]
[118 67 53]
[118 67 55]
[118 68 55]
[118 119 22]
[118 119 23]
[118 118 23]
[118 116 26]
[118 114 26]
[118 68 52]
[118 117 25]
[118 71 56]
[118 70 56]
[118 65 52]
[118 116 18]
[118 117 24]
[119 116 25]
[119 117 26]
[119 117 27]
[119 119 24]
[119 76 56]
[119 120 23]
[119 66 55]
[119 66 54]
[119 69 55]
[119 118 26]
[119 118 25]
[119 116 17]
[119 117 18]
[119 117 17]
[119 73 56]
[119 72 55]
[119 72 56]
[119 68 56]
[119 67 56]
[119 66 56]
[119 64 54]
[119 64 52]
[119 114 27]
[119 116 27]
[119 70 57]
[120 115 28]
[120 114 28]
[120 115 27]
[120 69 56]
[120 64 55]
[120 63 55]
[120 63 53]
[120 64 53]
[120 119 25]
[120 118 24]
[120 74 56]
[120 74 57]
[120 117 28]
[120 118 28]
[120 67 57]
[120 65 56]
[120 65 57]
[120 65 55]
[120 118 27]
[120 73 57]
[120 119 26]
[120 120 25]
[120 76 57]
[120 69 58]
[120 69 57]
[120 70 58]
[120 71 58]
[120 66 57]
[120 116 28]
[121 119 27]
[121 120 26]
[121 66 58]
[121 62 55]
[121 63 54]
[121 64 56]
[121 63 56]
[121 62 56]
[121 117 29]
[121 116 29]
[121 68 58]
[121 68 57]
[121 118 29]
[121 72 58]
[121 64 58]
[121 65 58]
[121 75 57]
[121 119 28]
[121 75 58]
[121 74 58]
[121 65 54]
[121 68 59]
[121 120 24]
[121 72 57]
[121 70 59]
[121 71 59]
[121 69 59]
[121 63 52]
[121 77 58]
[121 77 57]
[121 77 56]
[121 76 58]
[121 64 57]
[122 77 59]
[122 78 59]
[122 117 30]
[122 118 30]
[122 63 57]
[122 64 59]
[122 63 59]
[122 65 59]
[122 67 59]
[122 67 58]
[122 78 57]
[122 62 53]
[122 119 29]
[122 120 27]
[122 120 29]
[122 70 60]
[122 120 28]
[122 62 57]
[122 61 55]
[122 61 57]
[122 61 56]
[122 73 58]
[122 73 59]
[122 63 58]
[122 69 60]
[122 72 60]
[122 72 59]
[122 62 54]
[122 71 57]
[122 62 51]
[122 63 51]
[123 73 60]
[123 73 61]
[123 74 60]
[123 61 53]
[123 61 54]
[123 62 59]
[123 119 30]
[123 119 31]
[123 79 58]
[123 78 58]
[123 61 52]
[123 61 51]
[123 62 52]
[123 61 50]
[123 66 59]
[123 66 60]
[123 68 61]
[123 68 60]
[123 70 61]
[123 60 57]
[123 60 56]
[123 62 58]
[123 120 30]
[123 71 61]
[123 71 60]
[123 62 60]
[123 67 60]
[124 119 32]
[124 120 32]
[124 118 31]
[124 120 31]
[124 118 32]
[124 66 61]
[124 65 60]
[124 80 59]
[124 79 59]
[124 71 62]
[124 69 61]
[124 70 62]
[124 59 57]
[124 60 55]
[124 59 56]
[124 121 30]
[124 121 31]
[124 67 62]
[124 68 62]
[124 61 59]
[124 61 58]
[124 60 58]
[124 61 60]
[124 63 60]
[124 72 61]
[124 73 62]
[124 74 62]
[124 60 54]
[124 60 53]
[124 62 61]
[124 63 61]
[124 61 61]
[124 60 51]
[124 60 52]
[124 60 50]
[125 74 61]
[125 72 63]
[125 74 63]
[125 67 63]
[125 69 63]
[125 71 63]
[125 69 62]
[125 70 63]
[125 60 59]
[125 59 58]
[125 59 59]
[125 64 61]
[125 65 61]
[125 61 62]
[125 121 33]
[125 121 32]
[125 119 33]
[125 120 33]
[125 63 62]
[125 75 63]
[125 75 62]
[125 73 63]
[125 118 33]
[125 59 54]
[125 59 53]
[125 59 55]
[125 58 58]
[125 58 57]
[125 72 62]
[125 59 52]
[125 59 51]
[125 58 56]
[125 67 61]
[125 59 50]
[125 64 62]
[125 65 62]
[125 66 62]
[125 60 60]
[126 60 63]
[126 62 63]
[126 76 63]
[126 74 64]
[126 70 64]
[126 72 64]
[126 58 52]
[126 58 53]
[126 65 63]
[126 68 63]
[126 59 60]
[126 69 64]
[126 71 64]
[126 57 56]
[126 57 58]
[126 57 57]
[126 58 59]
[126 57 59]
[126 58 60]
[126 64 63]
[126 58 55]
[126 58 54]
[126 73 64]
[126 64 60]
[126 119 34]
[126 120 34]
[126 121 34]
[126 118 34]
[126 63 63]
[126 62 62]
[126 59 61]
[127 61 63]
[127 68 65]
[127 70 65]
[127 57 53]
[127 57 51]
[127 56 55]
[127 71 65]
[127 58 61]
[127 75 64]
[127 73 65]
[127 75 65]
[127 57 54]
[127 57 52]
[127 56 59]
[127 57 60]
[127 56 58]
[127 56 57]
[127 56 56]
[127 74 65]
[127 72 65]
[127 63 64]
[127 57 55]
[127 56 60]
[127 57 61]
[127 59 64]
[127 59 62]
[127 69 65]
[127 76 64]
[127 65 64]
[127 60 61]
[127 62 64]
[127 61 64]
[128 55 59]
[128 56 61]
[128 56 53]
[128 56 52]
[128 56 51]
[128 71 66]
[128 72 66]
[128 63 65]
[128 61 65]
[128 56 54]
[128 76 65]
[128 55 56]
[128 60 64]
[128 65 65]
[128 64 65]
[128 66 63]
[128 57 62]
[128 59 63]
[128 60 62]
[128 58 62]
[128 58 63]
[128 76 66]
[128 75 66]
[128 67 64]
[128 67 66]
[128 69 66]
[128 70 66]
[128 77 65]
[128 62 65]
[128 55 58]
[128 55 57]
[128 60 65]
[128 58 65]
[128 59 65]
[128 55 54]
[128 74 66]
[128 73 66]
[129 57 63]
[129 61 66]
[129 63 66]
[129 69 67]
[129 64 64]
[129 64 66]
[129 57 50]
[129 55 52]
[129 55 50]
[129 56 50]
[129 74 67]
[129 73 67]
[129 72 67]
[129 68 64]
[129 66 64]
[129 56 62]
[129 60 66]
[129 59 66]
[129 58 66]
[129 58 64]
[129 55 53]
[129 55 55]
[129 75 67]
[129 71 67]
[129 77 64]
[129 67 65]
[129 67 67]
[129 55 51]
[129 65 66]
[129 77 67]
[129 57 66]
[129 56 63]
[129 54 57]
[129 57 64]
[129 54 60]
[129 54 59]
[129 55 60]
[130 64 67]
[130 62 67]
[130 63 67]
[130 59 67]
[130 54 51]
[130 54 56]
[130 54 50]
[130 55 49]
[130 56 49]
[130 75 68]
[130 57 65]
[130 72 68]
[130 66 65]
[130 55 61]
[130 77 66]
[130 76 67]
[130 76 68]
[130 69 68]
[130 68 67]
[130 55 64]
[130 56 64]
[130 55 63]
[130 58 67]
[130 60 67]
[130 66 66]
[130 65 67]
[130 70 67]
[130 54 58]
[130 53 56]
[130 53 57]
[130 54 52]
[130 54 61]
[130 54 54]
[130 53 59]
[130 67 68]
[130 68 68]
[130 68 66]
[130 66 67]
[130 53 60]
[130 58 49]
[130 58 50]
[130 57 49]
[130 74 68]
[130 73 68]
[130 56 66]
[130 57 67]
[131 58 48]
[131 59 49]
[131 57 48]
[131 73 69]
[131 55 67]
[131 56 67]
[131 52 56]
[131 53 55]
[131 54 55]
[131 54 53]
[131 61 68]
[131 63 68]
[131 66 68]
[131 53 61]
[131 52 60]
[131 64 68]
[131 62 66]
[131 60 68]
[131 59 68]
[131 75 69]
[131 55 65]
[131 54 63]
[131 54 65]
[131 71 68]
[131 69 69]
[131 67 69]
[131 56 48]
[131 58 68]
[131 65 68]
[131 57 68]
[131 53 53]
[131 76 69]
[131 56 68]
[131 54 48]
[131 55 48]
[131 54 49]
[131 54 62]
[131 55 62]
[131 68 69]
[131 66 69]
[131 70 69]
[131 72 69]
[131 53 49]
[131 53 51]
[132 54 66]
[132 56 65]
[132 55 66]
[132 53 52]
[132 53 50]
[132 52 52]
[132 55 68]
[132 54 68]
[132 65 69]
[132 70 68]
[132 62 69]
[132 64 69]
[132 63 69]
[132 70 70]
[132 68 70]
[132 54 64]
[132 53 64]
[132 55 69]
[132 53 47]
[132 53 48]
[132 53 54]
[132 53 63]
[132 53 62]
[132 52 54]
[132 65 70]
[132 66 70]
[132 57 69]
[132 71 69]
[132 71 70]
[132 74 70]
[132 75 70]
[132 69 70]
[132 60 69]
[132 61 69]
[132 52 48]
[132 52 49]
[132 61 67]
[132 67 70]
[132 51 61]
[132 55 47]
[132 54 47]
[132 74 69]
[132 58 69]
[132 52 53]
[132 52 61]
[132 59 69]
[133 51 62]
[133 50 62]
[133 62 68]
[133 52 64]
[133 51 53]
[133 51 52]
[133 51 51]
[133 64 70]
[133 56 47]
[133 54 46]
[133 56 69]
[133 56 70]
[133 55 70]
[133 54 69]
[133 54 70]
[133 60 70]
[133 61 70]
[133 72 70]
[133 54 67]
[133 53 65]
[133 58 70]
[133 59 70]
[133 52 47]
[133 63 70]
[133 52 50]
[133 51 49]
[133 51 48]
[133 51 50]
[133 52 62]
[133 52 51]
[133 66 71]
[133 68 71]
[133 53 46]
[133 65 71]
[133 64 71]
[133 52 63]
[133 71 71]
[133 69 71]
[133 74 71]
[133 52 46]
[133 75 71]
[133 73 70]
[133 70 71]
[133 67 71]
[133 62 70]
[133 53 67]
[133 53 68]
[133 51 54]
[133 51 55]
[134 49 62]
[134 49 63]
[134 50 63]
[134 55 71]
[134 56 71]
[134 57 71]
[134 52 67]
[134 52 66]
[134 54 71]
[134 50 51]
[134 50 50]
[134 52 68]
[134 52 69]
[134 53 69]
[134 53 71]
[134 70 72]
[134 69 72]
[134 75 72]
[134 74 72]
[134 64 72]
[134 53 70]
[134 76 70]
[134 76 72]
[134 76 71]
[134 50 47]
[134 50 48]
[134 51 47]
[134 51 64]
[134 50 55]
[134 52 55]
[134 62 71]
[134 63 71]
[134 71 72]
[134 72 71]
[134 61 71]
[134 52 45]
[134 53 66]
[134 52 65]
[134 58 71]
[134 50 54]
[134 57 70]
[134 68 72]
[134 67 72]
[134 60 71]
[134 50 53]
[134 63 72]
[135 70 73]
[135 69 73]
[135 71 73]
[135 53 72]
[135 54 72]
[135 49 53]
[135 72 72]
[135 62 73]
[135 64 73]
[135 62 72]
[135 51 46]
[135 49 48]
[135 59 71]
[135 61 72]
[135 59 72]
[135 73 73]
[135 74 73]
[135 73 72]
[135 49 49]
[135 49 51]
[135 52 71]
[135 52 70]
[135 51 63]
[135 48 64]
[135 50 64]
[135 49 64]
[135 65 72]
[135 51 68]
[135 51 66]
[135 66 73]
[135 68 73]
[135 67 73]
[135 66 72]
[135 75 73]
[135 76 73]
[135 56 72]
[135 52 72]
[135 51 70]
[135 51 69]
[135 51 65]
[135 49 47]
[135 50 49]
[135 49 52]
[135 50 52]
[135 72 73]
[135 49 50]
[135 58 72]
[135 55 72]
[135 57 72]
[136 71 74]
[136 70 74]
[136 48 49]
[136 48 47]
[136 53 73]
[136 51 71]
[136 51 73]
[136 52 73]
[136 73 71]
[136 51 67]
[136 50 67]
[136 54 73]
[136 50 66]
[136 50 65]
[136 48 65]
[136 63 73]
[136 61 73]
[136 47 65]
[136 66 74]
[136 67 74]
[136 69 74]
[136 50 45]
[136 61 74]
[136 63 74]
[136 62 74]
[136 48 52]
[136 48 53]
[136 59 73]
[136 50 69]
[136 64 74]
[136 57 73]
[136 56 73]
[136 55 73]
[136 72 74]
[136 50 46]
[136 49 46]
[136 48 48]
[136 60 72]
[136 60 73]
[136 51 72]
[136 65 73]
[136 48 51]
[136 65 74]
[136 68 74]
[136 74 74]
[136 77 72]
[136 49 65]
[136 73 74]
[136 76 74]
[136 50 71]
[136 50 70]
[137 47 49]
[137 48 50]
[137 49 70]
[137 49 66]
[137 48 66]
[137 54 74]
[137 55 74]
[137 73 75]
[137 75 75]
[137 66 75]
[137 65 75]
[137 64 75]
[137 53 74]
[137 51 74]
[137 52 74]
[137 49 44]
[137 51 45]
[137 49 67]
[137 59 74]
[137 63 75]
[137 68 75]
[137 67 75]
[137 72 75]
[137 70 75]
[137 49 72]
[137 50 73]
[137 50 72]
[137 62 75]
[137 77 73]
[137 47 47]
[137 74 75]
[137 46 66]
[137 76 75]
[137 75 74]
[137 60 74]
[137 58 74]
[137 61 75]
[137 69 75]
[137 71 75]
[137 58 73]
[137 50 68]
[137 49 68]
[137 47 46]
[137 47 52]
[137 47 51]
[137 49 54]
[138 48 44]
[138 48 45]
[138 48 68]
[138 48 67]
[138 52 75]
[138 51 75]
[138 50 75]
[138 62 76]
[138 47 67]
[138 45 67]
[138 46 67]
[138 60 75]
[138 59 75]
[138 49 74]
[138 56 75]
[138 54 75]
[138 55 75]
[138 49 71]
[138 48 69]
[138 48 71]
[138 48 70]
[138 63 76]
[138 64 76]
[138 73 76]
[138 71 76]
[138 72 76]
[138 57 75]
[138 46 49]
[138 47 50]
[138 46 50]
[138 47 48]
[138 46 48]
[138 75 76]
[138 77 75]
[138 46 46]
[138 46 45]
[138 46 47]
[138 74 76]
[138 70 76]
[138 69 76]
[138 68 76]
[138 49 69]
[138 53 75]
[138 48 46]
[138 65 76]
[138 49 73]
[138 48 72]
[138 48 73]
[138 61 76]
[138 60 76]
[138 47 66]
[138 46 51]
[139 49 45]
[139 56 76]
[139 54 76]
[139 56 74]
[139 70 77]
[139 66 76]
[139 65 77]
[139 66 77]
[139 64 77]
[139 47 69]
[139 76 77]
[139 73 77]
[139 72 77]
[139 48 75]
[139 48 74]
[139 50 74]
[139 51 76]
[139 52 76]
[139 77 74]
[139 76 76]
[139 60 77]
[139 61 77]
[139 46 44]
[139 45 44]
[139 47 45]
[139 45 51]
[139 45 52]
[139 45 50]
[139 45 48]
[139 45 49]
[139 74 77]
[139 47 68]
[139 53 76]
[139 47 70]
[139 47 72]
[139 71 77]
[139 68 77]
[139 45 68]
[139 46 68]
[139 67 77]
[139 69 77]
[139 67 76]
[139 47 71]
[139 57 76]
[139 45 47]
[139 45 46]
[139 58 76]
[139 59 76]
[139 47 73]
[139 47 44]
[139 44 68]
[139 62 77]
[139 63 77]
[140 73 78]
[140 72 78]
[140 71 78]
[140 54 77]
[140 53 77]
[140 67 78]
[140 49 75]
[140 47 75]
[140 68 78]
[140 46 69]
[140 45 69]
[140 47 74]
[140 59 77]
[140 61 78]
[140 46 74]
[140 46 72]
[140 46 73]
[140 52 77]
[140 51 77]
[140 66 78]
[140 50 76]
[140 50 77]
[140 75 78]
[140 44 50]
[140 57 74]
[140 77 76]
[140 77 78]
[140 63 78]
[140 62 78]
[140 75 77]
[140 64 78]
[140 65 78]
[140 44 48]
[140 44 49]
[140 43 69]
[140 46 52]
[140 57 77]
[140 69 78]
[140 70 78]
[140 46 71]
[140 58 77]
[140 55 77]
[140 46 53]
[140 44 47]
[140 44 46]
[140 45 45]
[140 44 45]
[140 60 78]
[140 44 44]
[140 58 75]
[140 46 70]
[141 64 79]
[141 62 79]
[141 55 78]
[141 56 77]
[141 69 79]
[141 43 45]
[141 43 46]
[141 77 77]
[141 78 76]
[141 74 79]
[141 75 79]
[141 76 78]
[141 45 71]
[141 45 73]
[141 52 78]
[141 72 79]
[141 74 78]
[141 73 79]
[141 43 44]
[141 61 79]
[141 60 79]
[141 57 78]
[141 56 78]
[141 58 78]
[141 49 76]
[141 43 47]
[141 45 70]
[141 53 78]
[141 71 79]
[141 70 79]
[141 44 69]
[141 44 43]
[141 43 43]
[141 59 79]
[141 63 79]
[141 43 48]
[141 47 53]
[141 43 70]
[141 44 70]
[141 42 70]
[141 54 78]
[141 50 78]
[141 51 78]
[141 48 76]
[141 78 77]
[141 78 78]
[141 67 79]
[141 66 79]
[141 65 79]
[142 71 80]
[142 53 79]
[142 67 80]
[142 66 80]
[142 68 80]
[142 56 79]
[142 65 80]
[142 49 77]
[142 47 77]
[142 47 76]
[142 45 42]
[142 74 80]
[142 75 80]
[142 44 42]
[142 43 42]
[142 59 78]
[142 57 79]
[142 44 71]
[142 43 71]
[142 78 79]
[142 54 79]
[142 58 79]
[142 58 80]
[142 69 80]
[142 68 79]
[142 70 80]
[142 60 80]
[142 62 80]
[142 61 80]
[142 59 80]
[142 63 80]
[142 64 80]
[142 51 79]
[142 52 79]
[142 50 79]
[142 72 80]
[142 49 78]
[142 48 77]
[142 42 71]
[142 44 73]
[142 44 72]
[142 45 72]
[142 55 76]
[143 53 80]
[143 54 80]
[143 77 80]
[143 46 78]
[143 49 79]
[143 42 41]
[143 43 41]
[143 45 41]
[143 57 80]
[143 56 80]
[143 61 81]
[143 60 81]
[143 62 81]
[143 55 79]
[143 70 81]
[143 68 81]
[143 73 81]
[143 49 80]
[143 46 75]
[143 46 76]
[143 46 77]
[143 65 81]
[143 64 81]
[143 66 81]
[143 63 81]
[143 75 81]
[143 74 81]
[143 73 80]
[143 44 41]
[143 43 73]
[143 43 72]
[143 45 74]
[143 71 81]
[143 59 81]
[143 58 81]
[143 48 78]
[143 76 81]
[143 76 79]
[143 67 81]
[143 69 81]
[143 51 80]
[143 52 80]
[143 42 72]
[143 55 80]
[144 60 82]
[144 45 75]
[144 45 76]
[144 67 82]
[144 48 79]
[144 45 77]
[144 45 78]
[144 47 79]
[144 62 82]
[144 61 82]
[144 53 81]
[144 54 81]
[144 52 81]
[144 68 82]
[144 69 82]
[144 55 81]
[144 70 82]
[144 51 81]
[144 43 74]
[144 42 73]
[144 44 74]
[144 42 74]
[144 63 82]
[144 50 81]
[144 48 80]
[144 48 81]
[144 49 81]
[144 50 80]
[144 57 81]
[144 47 78]
[144 56 81]
[144 44 75]
[144 44 40]
[144 73 82]
[144 74 82]
[144 41 71]
[144 75 82]
[144 77 82]
[144 64 82]
[144 72 81]
[144 65 82]
[144 43 40]
[144 42 40]
[144 76 82]
[144 57 82]
[144 58 82]
[144 59 82]
[144 77 81]
[144 78 81]
[145 42 75]
[145 41 74]
[145 43 75]
[145 41 75]
[145 57 83]
[145 58 83]
[145 78 80]
[145 72 83]
[145 44 77]
[145 44 76]
[145 69 83]
[145 71 83]
[145 62 83]
[145 66 83]
[145 66 82]
[145 68 83]
[145 44 39]
[145 43 39]
[145 60 83]
[145 59 83]
[145 41 72]
[145 47 80]
[145 47 81]
[145 52 82]
[145 54 82]
[145 42 39]
[145 41 40]
[145 50 82]
[145 49 82]
[145 48 82]
[145 71 82]
[145 72 82]
[145 61 83]
[145 45 39]
[145 76 83]
[145 75 83]
[145 74 83]
[145 46 79]
[145 45 79]
[145 51 82]
[145 53 82]
[145 78 83]
[145 78 82]
[145 56 82]
[145 47 82]
[145 63 83]
[145 64 83]
[146 45 40]
[146 45 38]
[146 46 38]
[146 44 38]
[146 41 76]
[146 43 76]
[146 42 76]
[146 55 83]
[146 55 82]
[146 53 83]
[146 43 38]
[146 77 84]
[146 51 83]
[146 52 83]
[146 40 75]
[146 40 74]
[146 73 83]
[146 48 83]
[146 46 81]
[146 46 83]
[146 47 83]
[146 41 39]
[146 41 38]
[146 46 82]
[146 40 72]
[146 40 73]
[146 40 71]
[146 64 84]
[146 62 84]
[146 63 84]
[146 70 84]
[146 71 84]
[146 72 84]
[146 66 84]
[146 67 83]
[146 43 77]
[146 44 78]
[146 43 78]
[146 69 84]
[146 70 83]
[146 49 83]
[146 58 84]
[146 59 84]
[146 67 84]
[146 42 38]
[146 61 84]
[146 76 84]
[146 44 79]
[146 50 83]
[146 56 84]
[146 56 83]
[146 46 80]
[146 65 83]
[147 73 85]
[147 72 85]
[147 64 85]
[147 60 85]
[147 68 85]
[147 68 84]
[147 43 37]
[147 41 37]
[147 50 84]
[147 65 85]
[147 42 78]
[147 78 84]
[147 76 85]
[147 45 82]
[147 45 80]
[147 55 84]
[147 57 84]
[147 45 83]
[147 45 84]
[147 42 77]
[147 40 39]
[147 47 84]
[147 48 84]
[147 41 77]
[147 42 37]
[147 44 37]
[147 39 74]
[147 39 75]
[147 39 73]
[147 49 84]
[147 42 79]
[147 46 37]
[147 65 84]
[147 39 76]
[147 40 76]
[147 59 85]
[147 57 85]
[147 43 79]
[147 44 80]
[147 73 84]
[147 74 84]
[147 54 83]
[147 54 84]
[147 52 84]
[147 40 38]
[147 45 81]
[147 60 84]
[147 61 85]
[147 77 85]
[147 77 83]
[147 41 73]
[147 39 72]
[148 44 82]
[148 44 83]
[148 40 77]
[148 45 36]
[148 44 36]
[148 43 36]
[148 45 37]
[148 44 81]
[148 61 86]
[148 62 85]
[148 60 86]
[148 40 37]
[148 42 36]
[148 58 85]
[148 51 84]
[148 51 85]
[148 53 85]
[148 44 84]
[148 46 84]
[148 45 85]
[148 44 85]
[148 39 38]
[148 78 85]
[148 75 85]
[148 75 86]
[148 75 84]
[148 76 86]
[148 55 85]
[148 54 85]
[148 72 86]
[148 74 86]
[148 68 86]
[148 67 85]
[148 69 86]
[148 38 73]
[148 38 74]
[148 41 79]
[148 41 78]
[148 56 85]
[148 53 84]
[148 39 71]
[148 38 76]
[148 47 85]
[148 46 85]
[148 48 85]
[148 43 80]
[148 38 75]
[148 42 80]
[148 41 80]
[148 59 86]
[148 50 85]
[148 49 85]
[148 71 86]
[148 69 85]
[148 58 86]
[148 64 86]
[148 63 85]
[148 39 77]
[148 38 77]
[149 58 87]
[149 37 75]
[149 43 81]
[149 68 87]
[149 70 87]
[149 77 87]
[149 76 87]
[149 75 87]
[149 74 85]
[149 41 36]
[149 40 79]
[149 40 78]
[149 40 80]
[149 38 78]
[149 39 78]
[149 39 37]
[149 38 37]
[149 71 87]
[149 70 86]
[149 70 85]
[149 61 87]
[149 37 74]
[149 38 72]
[149 59 87]
[149 77 86]
[149 73 86]
[149 71 85]
[149 73 87]
[149 54 86]
[149 55 86]
[149 47 86]
[149 46 86]
[149 45 86]
[149 57 86]
[149 43 82]
[149 44 86]
[149 52 85]
[149 50 86]
[149 51 86]
[149 52 86]
[149 42 35]
[149 38 70]
[149 38 71]
[149 39 70]
[149 63 87]
[149 63 86]
[149 43 83]
[149 43 84]
[149 43 86]
[149 37 78]
[149 42 81]
[149 48 86]
[149 49 86]
[149 74 87]
[149 62 86]
[149 53 86]
[149 56 86]
[150 52 87]
[150 54 87]
[150 43 87]
[150 42 86]
[150 42 85]
[150 43 85]
[150 36 75]
[150 36 74]
[150 36 76]
[150 42 82]
[150 38 69]
[150 37 69]
[150 37 71]
[150 55 87]
[150 57 87]
[150 77 88]
[150 78 87]
[150 45 87]
[150 40 35]
[150 41 35]
[150 49 87]
[150 51 87]
[150 50 87]
[150 41 34]
[150 43 34]
[150 43 35]
[150 39 36]
[150 40 36]
[150 58 88]
[150 60 88]
[150 59 88]
[150 76 88]
[150 60 87]
[150 61 88]
[150 37 72]
[150 38 36]
[150 75 88]
[150 44 87]
[150 46 87]
[150 56 87]
[150 67 86]
[150 68 88]
[150 41 82]
[150 36 79]
[150 37 77]
[150 36 78]
[150 39 79]
[150 62 87]
[150 64 87]
[150 74 88]
[150 71 88]
[150 72 87]
[150 69 87]
[150 47 87]
[150 37 79]
[150 38 79]
[150 48 87]
[150 42 83]
[150 37 70]
[150 64 88]
[150 70 88]
[150 69 88]
[150 42 84]
[151 41 83]
[151 46 88]
[151 47 88]
[151 45 88]
[151 44 88]
[151 44 35]
[151 42 33]
[151 38 68]
[151 35 77]
[151 35 79]
[151 35 78]
[151 56 88]
[151 54 88]
[151 67 87]
[151 66 85]
[151 66 86]
[151 55 88]
[151 53 87]
[151 37 76]
[151 39 80]
[151 40 33]
[151 42 34]
[151 41 85]
[151 41 87]
[151 69 89]
[151 41 84]
[151 41 86]
[151 40 34]
[151 48 88]
[151 57 88]
[151 65 87]
[151 63 88]
[151 65 86]
[151 78 89]
[151 76 89]
[151 78 88]
[151 37 35]
[151 37 36]
[151 39 35]
[151 36 72]
[151 36 71]
[151 35 73]
[151 35 74]
[151 35 75]
[151 43 88]
[151 42 87]
[151 42 88]
[151 36 73]
[151 60 89]
[151 61 89]
[151 59 89]
[151 62 89]
[151 52 88]
[151 37 68]
[151 36 69]
[151 36 68]
[151 77 89]
[151 58 89]
[151 51 88]
[151 49 88]
[151 65 89]
[151 63 89]
[151 65 88]
[151 74 89]
[151 79 88]
[151 73 88]
[151 73 89]
[151 75 89]
[151 35 80]
[151 70 89]
[151 72 88]
[151 50 88]
[151 39 34]
[152 48 89]
[152 41 88]
[152 38 35]
[152 56 89]
[152 54 89]
[152 34 76]
[152 34 75]
[152 72 89]
[152 74 90]
[152 50 89]
[152 51 89]
[152 66 88]
[152 72 90]
[152 43 32]
[152 43 33]
[152 40 87]
[152 40 85]
[152 40 84]
[152 40 82]
[152 35 71]
[152 49 89]
[152 62 88]
[152 35 70]
[152 35 68]
[152 35 69]
[152 61 90]
[152 39 32]
[152 57 89]
[152 62 90]
[152 64 89]
[152 64 90]
[152 53 89]
[152 53 88]
[152 58 90]
[152 59 90]
[152 36 36]
[152 38 34]
[152 36 34]
[152 70 90]
[152 71 89]
[152 66 89]
[152 66 87]
[152 35 72]
[152 36 70]
[152 41 33]
[152 43 89]
[152 37 67]
[152 38 67]
[152 39 67]
[152 57 90]
[152 40 88]
[152 34 73]
[152 34 72]
[152 46 89]
[152 44 89]
[152 66 90]
[152 36 77]
[152 34 78]
[152 34 77]
[152 77 90]
[152 78 90]
[152 79 89]
[152 47 89]
[152 69 90]
[152 35 81]
[152 34 80]
[152 36 81]
[152 40 81]
[152 38 80]
[152 39 81]
[152 38 81]
[153 34 71]
[153 59 91]
[153 57 91]
[153 58 91]
[153 39 87]
[153 76 90]
[153 77 91]
[153 78 91]
[153 65 91]
[153 63 91]
[153 65 90]
[153 79 91]
[153 79 90]
[153 41 89]
[153 33 81]
[153 34 81]
[153 34 79]
[153 39 31]
[153 38 33]
[153 38 31]
[153 67 90]
[153 67 89]
[153 35 82]
[153 44 90]
[153 43 90]
[153 45 90]
[153 33 72]
[153 33 73]
[153 55 89]
[153 53 90]
[153 52 90]
[153 51 90]
[153 37 34]
[153 40 32]
[153 39 83]
[153 38 66]
[153 36 67]
[153 33 77]
[153 73 91]
[153 74 91]
[153 73 90]
[153 75 91]
[153 67 88]
[153 49 90]
[153 55 90]
[153 56 90]
[153 56 91]
[153 39 86]
[153 40 86]
[153 39 84]
[153 33 71]
[153 62 91]
[153 60 90]
[153 71 90]
[153 48 90]
[153 46 90]
[153 47 90]
[153 60 91]
[153 39 66]
[153 37 82]
[153 37 81]
[153 34 68]
[153 43 31]
[153 42 32]
[153 61 91]
[153 63 90]
[153 50 90]
[153 34 70]
[153 34 69]
[153 36 35]
[153 35 35]
[153 37 33]
[153 39 33]
[153 39 88]
[153 40 83]
[153 39 85]
[153 35 76]
[153 33 76]
[153 34 74]
[153 33 74]
[153 33 75]
[153 67 91]
[153 66 91]
[153 68 91]
[153 70 91]
[153 42 89]
[153 71 91]
[153 69 91]
[153 37 80]
[154 38 32]
[154 35 83]
[154 68 90]
[154 70 92]
[154 68 92]
[154 64 91]
[154 33 68]
[154 76 92]
[154 74 92]
[154 75 90]
[154 76 91]
[154 75 92]
[154 68 89]
[154 50 91]
[154 38 89]
[154 38 88]
[154 61 92]
[154 67 92]
[154 66 92]
[154 33 69]
[154 33 70]
[154 79 92]
[154 33 67]
[154 32 74]
[154 64 92]
[154 63 92]
[154 41 31]
[154 39 65]
[154 58 92]
[154 59 92]
[154 41 90]
[154 37 83]
[154 36 83]
[154 36 82]
[154 32 73]
[154 38 86]
[154 38 84]
[154 38 85]
[154 39 30]
[154 38 30]
[154 40 31]
[154 71 92]
[154 69 92]
[154 54 91]
[154 53 91]
[154 52 89]
[154 33 78]
[154 38 87]
[154 55 91]
[154 32 80]
[154 32 81]
[154 33 80]
[154 37 32]
[154 36 32]
[154 41 32]
[154 39 82]
[154 48 91]
[154 65 92]
[154 45 91]
[154 44 91]
[154 38 82]
[154 57 92]
[154 56 92]
[154 43 30]
[154 52 91]
[154 37 31]
[154 54 90]
[154 32 78]
[154 32 77]
[154 32 72]
[154 60 92]
[154 46 91]
[154 62 92]
[154 32 75]
[154 72 92]
[154 49 91]
[154 78 92]
[154 32 76]
[154 72 91]
[154 47 91]
[154 45 89]
[155 68 93]
[155 67 93]
[155 66 93]
[155 33 79]
[155 40 91]
[155 60 93]
[155 62 93]
[155 36 31]
[155 59 93]
[155 40 29]
[155 63 93]
[155 64 93]
[155 31 76]
[155 31 75]
[155 48 92]
[155 37 87]
[155 40 65]
[155 55 92]
[155 70 93]
[155 69 93]
[155 71 93]
[155 42 31]
[155 36 30]
[155 33 82]
[155 31 81]
[155 32 82]
[155 61 93]
[155 38 83]
[155 35 33]
[155 36 33]
[155 45 92]
[155 46 92]
[155 44 92]
[155 54 92]
[155 32 79]
[155 65 93]
[155 43 92]
[155 43 91]
[155 53 92]
[155 51 92]
[155 31 78]
[155 73 93]
[155 72 93]
[155 38 29]
[155 39 29]
[155 37 30]
[155 36 84]
[155 76 93]
[155 74 93]
[155 31 77]
[155 55 93]
[155 77 92]
[155 51 91]
[155 47 92]
[155 35 84]
[155 37 84]
[155 49 92]
[155 31 80]
[155 32 68]
[155 32 70]
[155 34 83]
[155 37 85]
[155 79 93]
[155 77 93]
[155 56 93]
[155 31 73]
[155 44 29]
[155 42 30]
[155 43 29]
[155 41 30]
[155 34 67]
[155 32 67]
[155 31 72]
[155 37 88]
[155 39 89]
[155 37 90]
[155 32 69]
[155 32 71]
[156 73 92]
[156 48 93]
[156 50 93]
[156 50 92]
[156 43 93]
[156 44 93]
[156 36 86]
[156 72 94]
[156 74 94]
[156 42 90]
[156 42 92]
[156 33 84]
[156 33 83]
[156 75 94]
[156 73 94]
[156 30 75]
[156 31 66]
[156 33 66]
[156 41 29]
[156 76 94]
[156 78 93]
[156 63 94]
[156 62 94]
[156 34 34]
[156 34 32]
[156 35 32]
[156 61 94]
[156 31 74]
[156 30 74]
[156 66 94]
[156 68 94]
[156 35 85]
[156 41 92]
[156 41 91]
[156 39 90]
[156 71 94]
[156 69 94]
[156 67 94]
[156 30 79]
[156 30 78]
[156 34 85]
[156 30 81]
[156 30 82]
[156 38 91]
[156 36 91]
[156 38 90]
[156 37 89]
[156 31 79]
[156 30 80]
[156 53 93]
[156 35 30]
[156 35 29]
[156 56 94]
[156 55 94]
[156 31 71]
[156 30 71]
[156 47 93]
[156 46 93]
[156 45 93]
[156 36 85]
[156 49 93]
[156 70 94]
[156 42 29]
[156 54 93]
[156 58 93]
[156 59 94]
[156 31 69]
[156 31 70]
[156 31 68]
[156 64 94]
[156 31 83]
[156 31 82]
[156 40 30]
[156 65 94]
[156 52 93]
[156 75 93]
[156 54 94]
[156 37 86]
[156 35 31]
[156 40 90]
[157 65 95]
[157 32 85]
[157 33 85]
[157 32 84]
[157 53 94]
[157 36 90]
[157 34 84]
[157 57 93]
[157 48 94]
[157 49 94]
[157 34 82]
[157 32 83]
[157 69 95]
[157 71 95]
[157 45 94]
[157 29 81]
[157 51 93]
[157 64 95]
[157 30 83]
[157 44 94]
[157 36 87]
[157 35 86]
[157 37 92]
[157 37 91]
[157 35 90]
[157 34 31]
[157 33 31]
[157 63 95]
[157 31 67]
[157 73 95]
[157 33 34]
[157 34 35]
[157 35 34]
[157 33 33]
[157 34 29]
[157 36 29]
[157 46 94]
[157 42 91]
[157 40 93]
[157 62 95]
[157 33 86]
[157 50 94]
[157 51 94]
[157 67 95]
[157 55 95]
[157 40 89]
[157 29 79]
[157 29 77]
[157 30 77]
[157 43 28]
[157 74 95]
[157 76 95]
[157 30 69]
[157 52 92]
[157 29 80]
[157 29 73]
[157 29 74]
[157 40 92]
[157 77 95]
[157 77 94]
[157 52 94]
[157 29 78]
[157 30 84]
[157 66 95]
[157 68 95]
[157 61 95]
[157 60 94]
[157 72 95]
[157 78 94]
[157 79 94]
[157 35 28]
[157 36 28]
[157 34 30]
[157 34 33]
[157 29 83]
[157 56 95]
[157 39 91]
[157 59 95]
[157 47 94]
[157 41 93]
[157 29 71]
[157 30 72]
[157 29 72]
[157 29 70]
[158 53 95]
[158 52 95]
[158 29 84]
[158 31 84]
[158 29 85]
[158 78 95]
[158 34 87]
[158 32 33]
[158 32 34]
[158 33 32]
[158 39 92]
[158 44 28]
[158 57 94]
[158 57 96]
[158 56 96]
[158 57 95]
[158 47 95]
[158 50 95]
[158 49 95]
[158 48 95]
[158 75 96]
[158 32 32]
[158 32 31]
[158 32 30]
[158 30 66]
[158 36 93]
[158 38 93]
[158 36 92]
[158 37 93]
[158 64 96]
[158 65 96]
[158 29 82]
[158 60 95]
[158 43 95]
[158 45 95]
[158 44 95]
[158 73 96]
[158 29 69]
[158 30 70]
[158 28 81]
[158 62 96]
[158 61 96]
[158 37 29]
[158 54 96]
[158 36 88]
[158 28 72]
[158 60 96]
[158 58 94]
[158 58 96]
[158 28 74]
[158 33 28]
[158 34 28]
[158 28 69]
[158 28 71]
[158 34 89]
[158 36 89]
[158 34 90]
[158 66 96]
[158 51 95]
[158 30 73]
[158 28 73]
[158 29 75]
[158 68 96]
[158 67 96]
[158 75 95]
[158 32 87]
[158 32 86]
[158 34 86]
[158 28 78]
[158 28 77]
[158 63 96]
[158 69 96]
[158 31 85]
[158 31 86]
[158 35 89]
[158 28 79]
[158 30 76]
[158 46 95]
[158 42 93]
[158 41 94]
[158 70 95]
[158 71 96]
[158 33 29]
[158 33 30]
[158 76 96]
[158 35 27]
[158 38 92]
[158 39 93]
[159 30 85]
[159 27 71]
[159 33 91]
[159 33 90]
[159 35 91]
[159 33 89]
[159 55 96]
[159 56 97]
[159 34 27]
[159 43 94]
[159 43 96]
[159 44 96]
[159 36 94]
[159 37 94]
[159 35 92]
[159 35 93]
[159 28 70]
[159 29 68]
[159 28 83]
[159 72 97]
[159 31 33]
[159 31 34]
[159 59 96]
[159 34 88]
[159 33 88]
[159 30 67]
[159 31 30]
[159 31 31]
[159 31 32]
[159 54 95]
[159 53 96]
[159 28 75]
[159 27 73]
[159 27 74]
[159 31 29]
[159 52 96]
[159 30 68]
[159 66 97]
[159 31 87]
[159 33 87]
[159 58 95]
[159 27 80]
[159 27 78]
[159 32 29]
[159 69 97]
[159 61 97]
[159 60 97]
[159 70 96]
[159 68 97]
[159 27 77]
[159 27 79]
[159 39 94]
[159 35 88]
[159 64 97]
[159 67 97]
[159 76 97]
[159 75 97]
[159 74 97]
[159 74 96]
[159 37 28]
[159 77 96]
[159 49 96]
[159 48 96]
[159 57 97]
[159 65 97]
[159 27 82]
[159 41 95]
[159 40 94]
[159 42 94]
[159 47 96]
[159 33 35]
[159 27 72]
[159 27 70]
[159 45 96]
[159 30 86]
[159 30 87]
[159 70 97]
[159 28 84]
[159 28 86]
[159 29 86]
[159 27 76]
[159 28 76]
[160 30 32]
[160 30 31]
[160 65 98]
[160 63 97]
[160 56 98]
[160 58 97]
[160 57 98]
[160 28 87]
[160 34 94]
[160 34 92]
[160 27 83]
[160 26 81]
[160 28 82]
[160 27 81]
[160 35 87]
[160 35 95]
[160 37 95]
[160 26 80]
[160 28 80]
[160 68 98]
[160 66 98]
[160 67 98]
[160 48 97]
[160 49 97]
[160 47 97]
[160 32 88]
[160 32 89]
[160 31 88]
[160 30 88]
[160 55 97]
[160 54 97]
[160 27 84]
[160 27 85]
[160 55 98]
[160 30 30]
[160 26 73]
[160 26 74]
[160 26 72]
[160 26 78]
[160 26 77]
[160 29 67]
[160 29 87]
[160 28 85]
[160 27 86]
[160 69 98]
[160 78 96]
[160 78 97]
[160 60 98]
[160 51 97]
[160 53 97]
[160 52 97]
[160 40 95]
[160 36 95]
[160 38 95]
[160 32 91]
[160 61 98]
[160 29 88]
[160 46 97]
[160 41 96]
[160 70 98]
[160 29 76]
[160 27 75]
[160 44 97]
[160 26 75]
[160 26 76]
[160 74 98]
[160 76 98]
[160 71 97]
[160 30 33]
[160 34 91]
[160 31 28]
[160 32 28]
[160 30 29]
[160 30 28]
[160 26 71]
[160 77 98]
[160 50 96]
[160 71 98]
[160 34 93]
[160 73 98]
[160 72 96]
[160 73 97]
[160 75 98]
[160 43 97]
[160 42 96]
[160 42 95]
[160 42 97]
[161 26 85]
[161 26 84]
[161 26 83]
[161 50 98]
[161 50 97]
[161 52 98]
[161 51 98]
[161 39 96]
[161 39 95]
[161 38 96]
[161 51 96]
[161 68 99]
[161 31 89]
[161 40 96]
[161 26 86]
[161 60 99]
[161 59 99]
[161 59 97]
[161 56 99]
[161 58 99]
[161 57 99]
[161 65 99]
[161 66 99]
[161 27 87]
[161 26 87]
[161 76 99]
[161 78 98]
[161 77 99]
[161 25 77]
[161 25 76]
[161 25 75]
[161 28 89]
[161 34 96]
[161 35 94]
[161 36 96]
[161 53 98]
[161 72 98]
[161 26 70]
[161 25 71]
[161 37 96]
[161 25 82]
[161 26 82]
[161 25 80]
[161 25 74]
[161 41 97]
[161 27 88]
[161 33 95]
[161 33 94]
[161 72 99]
[161 31 27]
[161 32 27]
[161 33 27]
[161 55 99]
[161 29 28]
[161 29 31]
[161 70 99]
[161 71 99]
[161 25 72]
[161 25 73]
[161 43 98]
[161 74 99]
[161 33 92]
[161 33 93]
[161 46 98]
[161 25 79]
[161 62 97]
[161 62 99]
[161 29 27]
[161 54 99]
[161 64 98]
[161 48 98]
[161 42 98]
[161 35 96]
[161 49 98]
[161 29 66]
[161 28 67]
[161 32 90]
[161 75 99]
[161 25 78]
[161 77 97]
[161 69 99]
[161 79 98]
[161 29 30]
[161 45 97]
[161 45 98]
[161 46 96]
[162 63 99]
[162 63 98]
[162 33 96]
[162 32 95]
[162 32 94]
[162 24 79]
[162 24 81]
[162 28 66]
[162 52 99]
[162 51 99]
[162 34 97]
[162 41 99]
[162 43 99]
[162 41 98]
[162 69 100]
[162 67 99]
[162 67 100]
[162 25 88]
[162 26 88]
[162 25 86]
[162 25 85]
[162 25 84]
[162 66 100]
[162 30 27]
[162 28 27]
[162 37 97]
[162 38 97]
[162 25 87]
[162 40 98]
[162 40 97]
[162 60 100]
[162 59 98]
[162 61 99]
[162 62 100]
[162 63 100]
[162 61 100]
[162 28 28]
[162 35 97]
[162 36 97]
[162 34 95]
[162 78 99]
[162 79 99]
[162 71 100]
[162 48 99]
[162 26 89]
[162 28 88]
[162 27 89]
[162 39 97]
[162 38 94]
[162 24 72]
[162 55 100]
[162 56 100]
[162 50 99]
[162 73 99]
[162 30 90]
[162 58 100]
[162 59 100]
[162 70 100]
[162 32 93]
[162 25 83]
[162 25 81]
[162 54 98]
[162 25 70]
[162 24 71]
[162 72 100]
[162 53 100]
[162 54 100]
[162 24 77]
[162 24 78]
[162 32 92]
[162 42 99]
[162 44 99]
[162 24 80]
[162 76 100]
[162 77 100]
[162 24 74]
[162 24 75]
[162 45 99]
[162 44 98]
[162 53 99]
[162 73 100]
[162 74 100]
[162 75 100]
[162 58 98]
[163 71 101]
[163 70 101]
[163 39 98]
[163 64 99]
[163 26 90]
[163 28 90]
[163 75 101]
[163 31 93]
[163 31 91]
[163 35 98]
[163 24 87]
[163 62 98]
[163 41 100]
[163 42 100]
[163 72 101]
[163 61 101]
[163 62 101]
[163 29 91]
[163 30 91]
[163 24 73]
[163 23 74]
[163 23 75]
[163 24 86]
[163 66 101]
[163 31 94]
[163 24 83]
[163 64 100]
[163 23 70]
[163 23 71]
[163 60 101]
[163 55 101]
[163 57 101]
[163 59 101]
[163 23 76]
[163 24 76]
[163 31 95]
[163 32 96]
[163 24 88]
[163 23 80]
[163 43 100]
[163 56 101]
[163 51 100]
[163 52 100]
[163 50 100]
[163 76 101]
[163 78 100]
[163 23 81]
[163 24 82]
[163 44 100]
[163 46 100]
[163 45 100]
[163 34 98]
[163 33 98]
[163 38 98]
[163 36 98]
[163 29 89]
[163 23 78]
[163 23 79]
[163 23 77]
[163 68 100]
[163 23 73]
[163 54 101]
[163 49 100]
[163 27 90]
[163 47 100]
[163 48 100]
[163 40 99]
[164 47 99]
[164 36 99]
[164 37 99]
[164 37 98]
[164 23 86]
[164 24 85]
[164 33 99]
[164 33 97]
[164 73 101]
[164 22 76]
[164 32 97]
[164 31 96]
[164 31 97]
[164 62 102]
[164 60 102]
[164 61 102]
[164 57 102]
[164 56 102]
[164 58 101]
[164 74 101]
[164 45 101]
[164 30 96]
[164 30 94]
[164 44 101]
[164 22 79]
[164 22 77]
[164 68 101]
[164 49 101]
[164 47 101]
[164 23 83]
[164 23 82]
[164 23 84]
[164 50 101]
[164 51 101]
[164 52 101]
[164 30 89]
[164 35 99]
[164 34 99]
[164 42 101]
[164 38 99]
[164 22 80]
[164 22 81]
[164 22 74]
[164 22 75]
[164 31 90]
[164 30 92]
[164 29 90]
[164 29 92]
[164 65 100]
[164 53 102]
[164 53 101]
[164 54 102]
[164 41 101]
[164 22 72]
[164 22 70]
[164 23 72]
[164 23 69]
[164 58 102]
[164 46 99]
[164 49 99]
[164 32 99]
[164 63 102]
[164 48 101]
[164 39 100]
[164 40 100]
[164 25 90]
[164 25 91]
[164 39 99]
[164 23 87]
[164 30 93]
[164 59 102]
[164 22 82]
[164 28 91]
[164 27 91]
[165 21 77]
[165 21 75]
[165 28 93]
[165 24 84]
[165 32 100]
[165 32 98]
[165 31 98]
[165 22 73]
[165 38 100]
[165 48 102]
[165 46 102]
[165 45 102]
[165 46 101]
[165 34 100]
[165 64 101]
[165 36 100]
[165 24 91]
[165 25 92]
[165 21 80]
[165 62 103]
[165 30 97]
[165 30 95]
[165 35 100]
[165 37 100]
[165 21 76]
[165 22 78]
[165 47 102]
[165 40 101]
[165 22 83]
[165 69 101]
[165 58 103]
[165 60 103]
[165 39 101]
[165 21 78]
[165 47 98]
[165 55 102]
[165 42 102]
[165 57 103]
[165 21 81]
[165 21 83]
[165 25 89]
[165 59 103]
[165 52 102]
[165 23 88]
[165 22 87]
[165 22 88]
[165 29 95]
[165 21 72]
[165 21 71]
[165 29 93]
[165 33 100]
[165 54 103]
[165 27 92]
[165 41 102]
[165 43 101]
[165 43 102]
[165 51 102]
[165 49 102]
[165 50 102]
[165 30 98]
[165 22 68]
[165 53 103]
[165 52 103]
[165 29 94]
[166 58 104]
[166 37 101]
[166 35 101]
[166 20 78]
[166 21 79]
[166 63 101]
[166 54 104]
[166 53 104]
[166 20 84]
[166 20 83]
[166 21 82]
[166 21 84]
[166 21 87]
[166 21 88]
[166 20 80]
[166 20 81]
[166 56 104]
[166 56 103]
[166 28 95]
[166 28 94]
[166 29 96]
[166 21 67]
[166 23 67]
[166 22 67]
[166 21 69]
[166 46 103]
[166 45 103]
[166 51 103]
[166 31 99]
[166 40 102]
[166 41 103]
[166 21 70]
[166 20 70]
[166 22 71]
[166 23 90]
[166 24 90]
[166 20 75]
[166 33 101]
[166 29 97]
[166 44 103]
[166 34 101]
[166 36 101]
[166 49 103]
[166 50 103]
[166 24 89]
[166 47 103]
[166 48 103]
[166 24 93]
[166 26 92]
[166 38 102]
[166 31 100]
[166 31 101]
[166 32 101]
[166 52 104]
[166 20 77]
[166 30 99]
[166 38 101]
[166 23 89]
[166 59 104]
[166 26 93]
[166 26 91]
[166 28 92]
[166 27 94]
[166 27 93]
[167 54 105]
[167 55 105]
[167 53 105]
[167 55 103]
[167 20 68]
[167 21 68]
[167 21 86]
[167 20 86]
[167 20 87]
[167 59 105]
[167 46 104]
[167 45 104]
[167 25 94]
[167 39 103]
[167 37 103]
[167 38 103]
[167 28 96]
[167 34 102]
[167 32 102]
[167 40 104]
[167 40 103]
[167 41 104]
[167 22 69]
[167 20 69]
[167 20 71]
[167 19 78]
[167 19 77]
[167 26 94]
[167 27 95]
[167 26 95]
[167 35 102]
[167 29 100]
[167 29 98]
[167 19 82]
[167 20 79]
[167 48 104]
[167 50 104]
[167 49 104]
[167 20 85]
[167 19 84]
[167 19 85]
[167 39 102]
[167 37 102]
[167 51 104]
[167 22 89]
[167 20 88]
[167 21 89]
[167 55 104]
[167 57 105]
[167 22 90]
[167 20 76]
[167 21 85]
[167 22 85]
[167 47 104]
[167 33 102]
[167 30 100]
[167 36 102]
[167 19 75]
[167 21 74]
[167 28 98]
[167 19 71]
[167 19 69]
[167 51 105]
[167 52 105]
[167 60 104]
[167 58 105]
[167 23 94]
[167 24 92]
[167 23 93]
[167 43 104]
[167 19 81]
[167 20 82]
[167 31 102]
[168 19 79]
[168 28 99]
[168 29 99]
[168 29 101]
[168 21 90]
[168 45 105]
[168 25 95]
[168 24 94]
[168 28 97]
[168 27 97]
[168 39 104]
[168 37 104]
[168 38 104]
[168 23 95]
[168 22 95]
[168 22 94]
[168 22 93]
[168 22 86]
[168 22 84]
[168 34 103]
[168 19 68]
[168 35 103]
[168 58 106]
[168 19 86]
[168 42 105]
[168 42 103]
[168 42 104]
[168 40 105]
[168 22 91]
[168 21 91]
[168 18 83]
[168 19 83]
[168 18 84]
[168 52 106]
[168 54 106]
[168 53 106]
[168 57 106]
[168 19 87]
[168 36 104]
[168 50 106]
[168 50 105]
[168 51 106]
[168 20 72]
[168 18 72]
[168 19 76]
[168 19 80]
[168 18 82]
[168 23 92]
[168 30 101]
[168 31 103]
[168 32 103]
[168 48 105]
[168 27 96]
[168 18 85]
[168 19 70]
[168 18 70]
[168 47 105]
[168 41 105]
[168 43 105]
[168 44 105]
[168 26 96]
[168 18 74]
[168 19 74]
[168 18 81]
[168 57 104]
[168 18 78]
[168 19 72]
[168 46 105]
[169 18 75]
[169 20 73]
[169 20 74]
[169 18 73]
[169 44 104]
[169 43 106]
[169 42 106]
[169 46 106]
[169 44 106]
[169 45 106]
[169 53 107]
[169 55 107]
[169 28 100]
[169 26 97]
[169 25 97]
[169 17 83]
[169 17 84]
[169 52 107]
[169 51 107]
[169 18 76]
[169 39 105]
[169 37 105]
[169 23 85]
[169 20 91]
[169 20 90]
[169 48 106]
[169 58 107]
[169 27 98]
[169 17 70]
[169 17 71]
[169 18 69]
[169 17 69]
[169 24 96]
[169 24 95]
[169 27 99]
[169 27 100]
[169 36 103]
[169 17 82]
[169 43 103]
[169 18 86]
[169 18 87]
[169 49 105]
[169 47 106]
[169 49 106]
[169 30 103]
[169 31 104]
[169 49 107]
[169 30 102]
[169 29 102]
[169 18 79]
[169 18 80]
[169 21 96]
[169 21 95]
[169 18 71]
[169 17 85]
[169 35 104]
[169 22 92]
[169 28 101]
[169 19 73]
[169 17 73]
[169 17 72]
[169 41 106]
[169 39 106]
[169 40 106]
[169 33 104]
[169 32 104]
[169 36 105]
[169 17 86]
[169 18 77]
[169 17 77]
[169 21 92]
[169 21 93]
[169 17 80]
[170 16 72]
[170 16 84]
[170 16 86]
[170 25 96]
[170 24 97]
[170 32 105]
[170 19 90]
[170 20 92]
[170 19 91]
[170 16 73]
[170 16 71]
[170 45 107]
[170 48 107]
[170 40 107]
[170 38 106]
[170 49 108]
[170 50 108]
[170 50 107]
[170 33 103]
[170 34 104]
[170 34 105]
[170 16 81]
[170 16 83]
[170 16 82]
[170 26 99]
[170 18 88]
[170 17 87]
[170 35 105]
[170 20 89]
[170 22 96]
[170 21 94]
[170 20 96]
[170 16 69]
[170 16 70]
[170 16 85]
[170 22 97]
[170 21 97]
[170 20 95]
[170 17 78]
[170 20 93]
[170 16 77]
[170 17 81]
[170 17 79]
[170 25 98]
[170 17 76]
[170 17 75]
[170 52 108]
[170 53 108]
[170 35 106]
[170 36 106]
[170 18 68]
[170 56 106]
[170 54 107]
[170 56 107]
[170 55 106]
[170 54 108]
[170 42 107]
[170 46 107]
[170 47 107]
[170 57 107]
[170 43 107]
[170 44 107]
[170 51 108]
[171 23 96]
[171 23 97]
[171 16 80]
[171 15 82]
[171 15 83]
[171 19 93]
[171 19 92]
[171 16 74]
[171 15 72]
[171 17 74]
[171 15 74]
[171 15 78]
[171 16 78]
[171 43 108]
[171 41 107]
[171 16 79]
[171 47 108]
[171 48 108]
[171 20 94]
[171 19 95]
[171 19 96]
[171 15 70]
[171 16 68]
[171 45 108]
[171 46 108]
[171 15 80]
[171 16 75]
[171 49 109]
[171 15 71]
[171 36 107]
[171 34 107]
[171 34 106]
[171 15 86]
[171 33 106]
[171 33 105]
[171 20 97]
[171 42 108]
[171 16 88]
[171 16 87]
[171 17 88]
[171 22 98]
[171 20 98]
[171 21 98]
[171 15 84]
[171 24 98]
[171 35 107]
[171 37 106]
[171 56 105]
[171 15 85]
[171 38 105]
[171 37 107]
[171 19 89]
[171 19 88]
[171 44 108]
[171 16 76]
[171 17 67]
[171 26 98]
[171 18 90]
[172 14 83]
[172 14 82]
[172 18 94]
[172 18 96]
[172 18 95]
[172 15 79]
[172 15 81]
[172 14 80]
[172 14 79]
[172 19 97]
[172 42 109]
[172 44 109]
[172 43 109]
[172 35 108]
[172 17 89]
[172 15 87]
[172 41 108]
[172 18 91]
[172 17 90]
[172 48 109]
[172 14 74]
[172 15 73]
[172 41 109]
[172 16 66]
[172 16 67]
[172 14 81]
[172 18 89]
[172 15 88]
[172 25 99]
[172 15 77]
[172 14 78]
[172 14 77]
[172 14 69]
[172 14 70]
[172 14 72]
[172 23 98]
[172 14 86]
[172 15 75]
[172 38 107]
[172 38 108]
[172 14 84]
[172 14 85]
[173 39 107]
[173 16 91]
[173 17 91]
[173 16 90]
[173 13 71]
[173 14 71]
[173 13 82]
[173 13 81]
[173 19 94]
[173 17 95]
[173 17 94]
[173 16 89]
[173 16 65]
[173 17 68]
[173 13 80]
[173 14 76]
[173 13 78]
[173 15 76]
[173 24 99]
[173 13 84]
[173 13 86]
[173 13 85]
[173 14 73]
[173 13 73]
[173 13 87]
[173 14 87]
[173 18 97]
[173 17 97]
[173 37 108]
[173 39 108]
[173 39 109]
[173 37 109]
[173 14 75]
[173 17 92]
[173 17 96]
[173 13 79]
[173 13 83]
[173 43 110]
[173 42 110]
[173 36 109]
[173 34 108]
[173 35 109]
[173 14 88]
[173 14 89]
[173 15 89]
[173 13 75]
[174 16 95]
[174 16 96]
[174 12 84]
[174 12 85]
[174 12 75]
[174 12 74]
[174 13 76]
[174 13 77]
[174 12 79]
[174 12 80]
[174 12 78]
[174 38 110]
[174 38 109]
[174 12 86]
[174 13 72]
[174 12 71]
[174 12 83]
[174 12 73]
[174 16 94]
[174 13 74]
[174 36 108]
[174 12 77]
[174 15 90]
[174 12 82]
[174 13 89]
[174 36 110]
[174 18 93]
[174 41 110]
[174 12 87]
[174 13 88]
[174 12 88]
[174 18 92]
[174 16 93]
[174 13 90]
[174 14 90]
[174 16 64]
[174 16 92]
[174 15 91]
[174 40 108]
[175 37 110]
[175 38 111]
[175 37 111]
[175 39 110]
[175 11 79]
[175 11 81]
[175 12 70]
[175 11 71]
[175 11 72]
[175 12 72]
[175 11 70]
[175 11 74]
[175 11 87]
[175 11 86]
[175 11 85]
[175 12 89]
[175 40 109]
[175 40 111]
[175 40 110]
[175 41 111]
[175 17 93]
[175 15 96]
[175 15 95]
[175 11 76]
[175 15 93]
[175 11 78]
[175 11 83]
[175 14 91]
[175 13 91]
[175 11 88]
[175 15 92]
[175 14 92]
[175 11 75]
[175 15 63]
[175 17 64]
[175 16 63]
[175 12 76]
[175 11 80]
[176 10 87]
[176 10 88]
[176 15 94]
[176 14 94]
[176 14 63]
[176 14 62]
[176 15 62]
[176 10 71]
[176 10 75]
[176 10 74]
[176 10 82]
[176 10 81]
[176 10 80]
[176 11 73]
[176 10 73]
[176 11 84]
[176 11 82]
[176 10 84]
[176 12 69]
[176 10 70]
[176 11 69]
[176 10 76]
[176 16 62]
[176 15 64]
[176 12 81]
[176 39 111]
[176 41 112]
[176 40 112]
[176 14 96]
[176 14 95]
[176 17 63]
[176 10 86]
[176 10 85]
[176 14 93]
[176 13 92]
[176 13 93]
[176 37 112]
[176 10 72]
[176 12 90]
[176 10 79]
[176 10 78]
[176 36 111]
[176 13 70]
[176 13 69]
[176 36 112]
[176 10 77]
[177 9 77]
[177 9 79]
[177 10 83]
[177 9 80]
[177 9 78]
[177 9 69]
[177 37 113]
[177 9 82]
[177 9 81]
[177 9 86]
[177 9 88]
[177 9 87]
[177 13 62]
[177 14 64]
[177 11 77]
[177 11 89]
[177 11 90]
[177 11 68]
[177 12 68]
[177 13 68]
[177 42 111]
[177 12 92]
[177 13 63]
[177 9 73]
[177 9 75]
[177 9 74]
[177 9 70]
[177 13 96]
[177 9 85]
[177 9 84]
[177 12 91]
[177 10 68]
[177 16 61]
[177 39 113]
[178 17 62]
[178 15 60]
[178 16 60]
[178 8 80]
[178 8 76]
[178 8 78]
[178 8 77]
[178 12 62]
[178 8 82]
[178 11 91]
[178 11 92]
[178 38 113]
[178 39 112]
[178 38 112]
[178 8 85]
[178 10 89]
[178 8 88]
[178 8 87]
[178 9 71]
[178 8 74]
[178 8 83]
[178 8 81]
[178 12 95]
[178 8 84]
[178 12 63]
[178 10 90]
[178 12 93]
[178 9 68]
[178 8 70]
[178 10 69]
[178 8 79]
[178 10 67]
[178 8 72]
[179 13 94]
[179 13 95]
[179 12 94]
[179 11 94]
[179 7 89]
[179 7 88]
[179 7 87]
[179 8 89]
[179 7 75]
[179 7 76]
[179 9 76]
[179 11 63]
[179 7 79]
[179 7 78]
[179 7 77]
[179 7 80]
[179 7 71]
[179 7 69]
[179 10 91]
[179 7 82]
[179 7 85]
[179 7 86]
[179 11 93]
[179 7 81]
[179 7 83]
[179 7 74]
[179 8 73]
[179 15 59]
[179 16 59]
[179 8 69]
[179 9 72]
[179 11 62]
[179 9 83]
[179 7 84]
[179 17 61]
[179 10 92]
[180 6 81]
[180 6 82]
[180 6 80]
[180 6 89]
[180 6 88]
[180 6 76]
[180 8 75]
[180 6 70]
[180 6 86]
[180 6 87]
[180 8 86]
[180 7 73]
[180 6 83]
[180 6 85]
[180 6 84]
[180 10 62]
[180 11 95]
[180 6 79]
[180 6 78]
[180 6 77]
[180 6 75]
[180 15 58]
[180 6 69]
[181 5 76]
[181 5 75]
[181 5 82]
[181 5 80]
[181 5 81]
[181 5 86]
[181 5 85]
[181 6 71]
[181 5 71]
[181 5 69]
[181 5 78]
[181 9 61]
[181 5 74]
[181 7 70]
[181 5 79]
[181 5 77]
[181 5 84]
[181 5 83]
[181 5 87]
[182 4 75]
[182 4 77]
[182 4 78]
[182 4 79]
[182 6 74]
[182 5 73]
[182 6 73]
[182 4 73]
[182 4 74]
[182 4 70]
[182 5 70]
[182 6 72]
[182 5 72]
[182 4 76]
[182 7 72]
[182 9 62]
[182 4 82]
[182 4 80]
[182 4 83]
[182 4 84]
[182 4 69]
[182 5 88]
[182 4 81]
[182 4 85]
[182 4 86]
[183 8 61]
[183 3 78]
[183 3 74]
[183 3 73]
[183 3 72]
[183 3 77]
[183 3 81]
[183 3 83]
[183 5 89]
[183 3 76]
[183 3 69]
[183 3 68]
[183 3 70]
[183 3 75]
[183 8 71]
[183 3 79]
[183 3 80]
[183 4 87]
[183 3 85]
[183 3 84]
[183 4 72]
[184 2 77]
[184 2 75]
[184 2 76]
[184 2 69]
[184 3 71]
[184 4 71]
[184 2 73]
[184 2 72]
[184 2 74]
[184 2 68]
[184 2 71]
[184 2 79]
[184 7 61]
[184 4 88]
[184 2 70]
[184 2 81]
[184 2 82]
[184 3 82]
[184 2 78]
[184 2 80]
[184 2 85]
[184 2 84]
[184 2 86]
[185 1 85]
[185 3 87]
[185 2 87]
[185 3 86]
[185 1 87]
[185 1 83]
[185 1 84]
[185 2 83]
[185 1 80]
[185 1 81]
[185 1 76]
[185 1 74]
[185 1 78]
[185 1 77]
[185 1 79]
[185 1 69]
[185 1 71]
[185 1 70]
[185 1 72]
[185 1 75]
[186 0 69]
[186 0 70]
[186 0 75]
[186 0 86]
[186 1 73]
[186 0 73]
[186 0 71]
[186 0 84]
[186 0 85]
[186 0 76]
[186 0 74]
[186 0 78]
[186 0 79]
[186 0 88]
[186 1 86]
[186 0 80]
[186 1 88]
[186 2 88]
[186 0 77]
[186 1 82]
[186 0 82]
[187 2 89]
[187 -1 73]
[187 -1 75]
[187 -1 69]
[187 -1 71]
[187 -1 70]
[187 -1 78]
[187 -1 77]
[187 1 89]
[187 -1 85]
[187 -1 79]
[187 0 89]
[187 -1 89]
[187 -1 88]
[187 -1 81]
[187 0 81]
[187 -1 74]
[187 0 83]
[187 -1 87]
[187 -1 83]
[187 -1 80]
[187 -1 72]
[187 -1 82]
[188 -2 88]
[188 -2 80]
[188 -2 79]
[188 -2 78]
[188 -2 86]
[188 -2 87]
[188 -2 89]
[188 -2 71]
[188 0 72]
[188 -2 72]
[188 -2 69]
[188 -2 68]
[188 -2 77]
[188 -1 76]
[188 -2 83]
[188 -2 82]
[188 -2 70]
[188 -1 84]
[188 -2 74]
[188 -2 75]
[188 -2 76]
[188 -2 81]
[188 -2 73]
[189 -1 86]
[189 -3 88]
[189 -3 87]
[189 -3 78]
[189 -3 68]
[189 -3 69]
[189 -3 75]
[189 -3 74]
[189 -3 81]
[189 -3 82]
[189 -3 83]
[189 -2 84]
[189 -3 72]
[189 -3 79]
[189 -3 80]
[189 -3 77]
[189 -3 76]
[190 -4 68]
[190 -4 77]
[190 -4 84]
[190 -4 83]
[190 -4 88]
[190 -4 87]
[190 -4 75]
[190 -4 76]
[190 -4 74]
[190 -4 79]
[190 -4 78]
[190 -4 86]
[190 -4 80]
[190 -3 70]
[190 -4 70]
[190 -3 71]
[190 -4 73]
[190 -4 71]
[190 -3 73]
[190 -4 81]
[190 -3 84]
[190 -4 82]
[191 -5 83]
[191 -5 82]
[191 -2 85]
[191 -4 72]
[191 -5 72]
[191 -5 88]
[191 -5 78]
[191 -5 75]
[191 -5 73]
[191 -5 80]
[191 -5 79]
[191 -5 85]
[191 -5 77]
[191 -5 76]
[191 -5 67]
[191 -5 69]
[191 -3 89]
[191 -5 71]
[191 -4 69]
[191 -3 85]
[191 -4 85]
[191 -5 87]
[191 -5 81]
[192 -3 86]
[192 -6 81]
[192 -6 80]
[192 -6 83]
[192 -6 87]
[192 -6 76]
[192 -6 75]
[192 -6 77]
[192 -5 84]
[192 -6 86]
[192 -5 86]
[192 -6 84]
[192 -6 73]
[192 -6 74]
[192 -5 74]
[192 -6 79]
[192 -6 68]
[192 -6 67]
[192 -5 66]
[192 -6 85]
[192 -6 70]
[192 -6 69]
[192 -6 71]
[192 -6 78]
[193 -7 77]
[193 -7 78]
[193 -7 84]
[193 -7 85]
[193 -7 67]
[193 -7 68]
[193 -7 69]
[193 -7 81]
[193 -6 66]
[193 -7 72]
[193 -6 72]
[193 -7 70]
[193 -5 70]
[193 -7 71]
[193 -5 65]
[193 -7 75]
[193 -7 74]
[193 -7 73]
[194 -8 73]
[194 -8 71]
[194 -7 82]
[194 -8 81]
[194 -8 80]
[194 -8 82]
[194 -8 76]
[194 -7 76]
[194 -8 75]
[194 -8 70]
[194 -6 65]
[194 -7 66]
[194 -7 65]
[194 -8 78]
[194 -8 69]
[194 -8 67]
[194 -8 66]
[194 -8 74]
[194 -8 68]
[194 -8 83]
[194 -7 83]
[194 -8 85]
[194 -7 86]
[194 -7 79]
[195 -8 77]
[195 -9 78]
[195 -9 68]
[195 -8 72]
[195 -9 72]
[195 -9 70]
[195 -8 65]
[195 -9 81]
[195 -6 82]
[195 -9 74]
[195 -8 79]
[195 -9 67]
[195 -9 83]
[195 -9 82]
[195 -8 84]
[195 -9 73]
[195 -9 79]
[195 -7 80]
[195 -8 64]
[195 -7 64]
[195 -9 65]
[195 -9 76]
[195 -6 64]
[195 -9 71]
[195 -9 69]
[196 -9 80]
[196 -10 81]
[196 -10 82]
[196 -10 71]
[196 -10 70]
[196 -10 80]
[196 -10 74]
[196 -8 63]
[196 -10 83]
[196 -10 68]
[196 -10 69]
[196 -10 67]
[196 -9 75]
[196 -9 77]
[196 -10 79]
[196 -10 75]
[196 -9 66]
[196 -10 72]
[196 -10 65]
[196 -9 64]
[196 -9 63]
[197 -11 70]
[197 -11 68]
[197 -11 66]
[197 -11 65]
[197 -10 66]
[197 -10 64]
[197 -11 83]
[197 -11 82]
[197 -7 62]
[197 -10 73]
[197 -11 71]
[197 -11 69]
[197 -11 72]
[197 -11 78]
[197 -11 80]
[197 -10 78]
[197 -11 81]
[197 -11 73]
[197 -11 74]
[197 -11 79]
[197 -10 63]
[198 -12 81]
[198 -12 82]
[198 -12 72]
[198 -12 70]
[198 -12 71]
[198 -12 69]
[198 -12 73]
[198 -12 75]
[198 -12 77]
[198 -11 63]
[198 -11 64]
[198 -11 77]
[198 -12 78]
[198 -12 80]
[198 -12 79]
[198 -12 68]
[198 -11 67]
[198 -12 65]
[198 -12 64]
[198 -12 74]
[198 -8 62]
[198 -12 66]
[198 -12 67]
[199 -13 67]
[199 -12 63]
[199 -13 69]
[199 -13 75]
[199 -13 74]
[199 -13 77]
[199 -13 79]
[199 -13 71]
[199 -11 76]
[199 -12 76]
[199 -13 80]
[199 -13 78]
[199 -13 72]
[199 -13 70]
[199 -10 76]
[199 -13 65]
[199 -13 64]
[199 -12 62]
[199 -11 62]
[199 -13 63]
[199 -13 81]
[199 -13 66]
[199 -13 73]
[200 -13 82]
[200 -14 82]
[200 -14 69]
[200 -14 70]
[200 -14 79]
[200 -14 77]
[200 -14 68]
[200 -14 67]
[200 -14 66]
[200 -14 64]
[200 -13 76]
[200 -14 74]
[200 -14 78]
[200 -13 68]
[200 -14 65]
[200 -14 73]
[200 -11 75]
[200 -10 77]
[200 -13 62]
[200 -14 72]
[200 -10 61]
[200 -11 61]
[200 -12 61]
[200 -14 76]
[200 -14 81]
[200 -14 80]
[200 -13 61]
[200 -14 71]
[201 -15 70]
[201 -15 73]
[201 -15 72]
[201 -15 67]
[201 -15 68]
[201 -15 66]
[201 -15 65]
[201 -11 60]
[201 -9 62]
[201 -10 62]
[201 -15 71]
[201 -14 61]
[201 -14 63]
[201 -14 62]
[201 -10 60]
[201 -12 60]
[201 -15 81]
[201 -15 77]
[201 -15 78]
[201 -15 83]
[201 -15 82]
[201 -13 83]
[201 -15 80]
[201 -15 79]
[201 -13 60]
[201 -14 60]
[201 -15 74]
[201 -15 63]
[201 -14 75]
[201 -15 64]
[201 -15 69]
[201 -14 83]
[202 -16 79]
[202 -16 81]
[202 -11 59]
[202 -12 59]
[202 -15 62]
[202 -16 68]
[202 -16 67]
[202 -16 69]
[202 -14 84]
[202 -15 84]
[202 -13 84]
[202 -15 61]
[202 -8 61]
[202 -13 59]
[202 -14 59]
[202 -15 59]
[202 -16 65]
[202 -16 66]
[202 -16 78]
[202 -16 70]
[202 -16 72]
[202 -16 77]
[202 -16 71]
[202 -16 62]
[202 -16 63]
[202 -16 64]
[202 -16 82]
[202 -16 83]
[202 -16 74]
[202 -15 75]
[203 -17 71]
[203 -17 70]
[203 -17 69]
[203 -17 79]
[203 -16 84]
[203 -14 85]
[203 -13 85]
[203 -15 76]
[203 -16 61]
[203 -17 64]
[203 -17 72]
[203 -16 76]
[203 -17 65]
[203 -17 66]
[203 -12 58]
[203 -10 58]
[203 -10 59]
[203 -11 58]
[203 -17 68]
[203 -17 67]
[203 -17 77]
[203 -17 78]
[203 -17 81]
[203 -14 58]
[203 -13 58]
[203 -17 80]
[203 -12 84]
[203 -16 73]
[203 -15 60]
[203 -17 62]
[203 -9 61]
[203 -9 60]
[203 -17 73]
[203 -17 75]
[203 -16 60]
[203 -17 63]
[204 -18 69]
[204 -12 57]
[204 -16 75]
[204 -17 76]
[204 -16 80]
[204 -13 86]
[204 -14 86]
[204 -15 86]
[204 -13 57]
[204 -18 64]
[204 -18 63]
[204 -16 59]
[204 -18 74]
[204 -18 72]
[204 -17 74]
[204 -18 78]
[204 -18 67]
[204 -18 66]
[204 -17 60]
[204 -18 80]
[204 -18 82]
[204 -11 84]
[204 -12 85]
[204 -12 83]
[204 -18 79]
[204 -15 58]
[204 -14 57]
[204 -17 61]
[204 -18 61]
[204 -15 85]
[204 -18 73]
[204 -18 71]
[204 -18 65]
[204 -18 75]
[205 -18 77]
[205 -19 77]
[205 -19 78]
[205 -19 79]
[205 -19 60]
[205 -19 62]
[205 -18 62]
[205 -19 72]
[205 -19 74]
[205 -19 81]
[205 -18 81]
[205 -15 57]
[205 -19 65]
[205 -19 67]
[205 -14 56]
[205 -19 76]
[205 -18 76]
[205 -19 63]
[205 -19 64]
[205 -13 56]
[205 -15 56]
[205 -19 73]
[205 -12 86]
[205 -14 87]
[205 -13 87]
[205 -17 59]
[205 -19 80]
[205 -11 85]
[205 -10 84]
[205 -19 68]
[205 -18 70]
[205 -11 86]
[205 -16 58]
[205 -17 58]
[205 -19 71]
[206 -16 57]
[206 -17 57]
[206 -12 87]
[206 -10 87]
[206 -11 87]
[206 -13 88]
[206 -12 88]
[206 -20 76]
[206 -20 78]
[206 -17 82]
[206 -20 75]
[206 -19 69]
[206 -16 56]
[206 -20 68]
[206 -18 68]
[206 -20 66]
[206 -20 67]
[206 -20 79]
[206 -20 61]
[206 -19 61]
[206 -19 59]
[206 -10 85]
[206 -15 55]
[206 -19 75]
[206 -20 73]
[206 -20 72]
[206 -20 71]
[206 -18 57]
[206 -18 59]
[206 -20 80]
[206 -20 64]
[206 -19 70]
[206 -19 66]
[206 -20 65]
[206 -20 63]
[206 -20 74]
[206 -20 81]
[207 -21 82]
[207 -20 62]
[207 -21 64]
[207 -21 62]
[207 -21 73]
[207 -21 74]
[207 -11 88]
[207 -21 66]
[207 -17 56]
[207 -21 79]
[207 -12 89]
[207 -20 69]
[207 -21 71]
[207 -21 72]
[207 -18 58]
[207 -20 77]
[207 -21 77]
[207 -21 67]
[207 -21 69]
[207 -21 68]
[207 -21 60]
[207 -20 60]
[207 -18 60]
[207 -17 55]
[207 -16 55]
[207 -21 75]
[207 -21 63]
[207 -21 80]
[207 -21 81]
[207 -20 70]
[207 -21 70]
[207 -10 88]
[207 -21 76]
[208 -22 69]
[208 -11 89]
[208 -10 89]
[208 -21 78]
[208 -22 70]
[208 -22 68]
[208 -22 75]
[208 -22 76]
[208 -22 79]
[208 -22 78]
[208 -22 71]
[208 -22 61]
[208 -21 61]
[208 -22 63]
[208 -22 73]
[208 -13 90]
[208 -22 60]
[208 -22 59]
[208 -22 80]
[208 -22 74]
[208 -19 57]
[208 -22 64]
[208 -21 65]
[208 -22 66]
[208 -22 65]
[208 -22 67]
[208 -20 59]
[208 -22 82]
[208 -22 81]
[208 -9 89]
[208 -22 83]
[209 -23 65]
[209 -23 67]
[209 -11 90]
[209 -21 59]
[209 -20 58]
[209 -19 58]
[209 -23 81]
[209 -23 74]
[209 -23 73]
[209 -22 72]
[209 -23 75]
[209 -23 60]
[209 -23 59]
[209 -21 83]
[209 -23 83]
[209 -22 62]
[209 -23 64]
[209 -23 63]
[209 -23 68]
[209 -23 69]
[209 -9 88]
[209 -22 77]
[209 -23 66]
[209 -20 57]
[209 -23 76]
[209 -13 91]
[209 -14 90]
[209 -23 72]
[209 -23 82]
[209 -23 84]
[209 -21 58]
[209 -23 62]
[209 -23 71]
[209 -23 80]
[209 -23 79]
[209 -23 77]
[210 -23 78]
[210 -24 82]
[210 -24 80]
[210 -24 67]
[210 -24 66]
[210 -23 61]
[210 -24 79]
[210 -12 91]
[210 -10 91]
[210 -10 90]
[210 -24 65]
[210 -24 64]
[210 -24 62]
[210 -15 90]
[210 -15 89]
[210 -24 61]
[210 -24 75]
[210 -24 76]
[210 -24 74]
[210 -24 81]
[210 -24 72]
[210 -24 73]
[210 -24 85]
[210 -23 70]
[210 -24 69]
[210 -21 57]
[210 -22 57]
[210 -22 84]
[210 -12 92]
[210 -24 70]
[210 -24 58]
[210 -22 58]
[210 -24 59]
[210 -24 63]
[211 -25 67]
[211 -25 68]
[211 -25 66]
[211 -24 71]
[211 -25 80]
[211 -25 65]
[211 -11 92]
[211 -11 91]
[211 -9 90]
[211 -9 91]
[211 -10 92]
[211 -25 62]
[211 -25 64]
[211 -25 63]
[211 -24 57]
[211 -23 58]
[211 -25 59]
[211 -25 81]
[211 -25 79]
[211 -25 75]
[211 -25 73]
[211 -25 61]
[211 -25 72]
[211 -25 69]
[211 -25 70]
[211 -24 68]
[211 -25 76]
[211 -16 89]
[211 -25 60]
[211 -25 77]
[211 -24 77]
[211 -25 85]
[212 -26 62]
[212 -26 61]
[212 -9 93]
[212 -11 93]
[212 -26 66]
[212 -26 64]
[212 -26 65]
[212 -25 71]
[212 -26 74]
[212 -26 69]
[212 -26 63]
[212 -26 81]
[212 -26 80]
[212 -25 82]
[212 -26 60]
[212 -24 60]
[212 -24 78]
[212 -26 59]
[212 -9 92]
[212 -26 76]
[212 -26 78]
[212 -25 78]
[212 -26 68]
[212 -26 75]
[212 -25 74]
[212 -26 71]
[212 -25 58]
[212 -25 56]
[212 -26 67]
[212 -26 77]
[212 -26 86]
[212 -25 86]
[212 -24 86]
[213 -27 73]
[213 -27 75]
[213 -26 73]
[213 -26 58]
[213 -27 68]
[213 -27 66]
[213 -27 86]
[213 -26 85]
[213 -27 64]
[213 -27 63]
[213 -27 62]
[213 -27 77]
[213 -27 58]
[213 -26 82]
[213 -11 94]
[213 -26 72]
[213 -27 61]
[213 -27 60]
[213 -26 70]
[213 -27 72]
[213 -27 79]
[213 -27 76]
[213 -26 55]
[213 -26 57]
[213 -24 56]
[213 -25 55]
[213 -27 80]
[213 -27 81]
[213 -27 69]
[213 -27 70]
[213 -27 74]
[213 -27 67]
[213 -27 65]
[213 -25 87]
[213 -24 87]
[213 -27 82]
[213 -9 94]
[213 -8 94]
[214 -27 71]
[214 -28 71]
[214 -28 69]
[214 -26 56]
[214 -28 62]
[214 -28 82]
[214 -28 80]
[214 -27 57]
[214 -27 59]
[214 -25 57]
[214 -28 65]
[214 -28 76]
[214 -28 75]
[214 -28 73]
[214 -28 74]
[214 -28 63]
[214 -28 67]
[214 -27 83]
[214 -28 81]
[214 -28 66]
[214 -28 68]
[214 -27 55]
[214 -27 56]
[214 -23 57]
[214 -28 72]
[214 -28 64]
[214 -28 61]
[214 -28 70]
[214 -28 58]
[214 -28 57]
[214 -27 78]
[214 -27 84]
[214 -27 85]
[214 -26 84]
[214 -28 59]
[214 -25 83]
[214 -28 77]
[215 -29 65]
[215 -29 67]
[215 -29 66]
[215 -29 68]
[215 -29 70]
[215 -29 56]
[215 -29 57]
[215 -29 58]
[215 -28 56]
[215 -29 69]
[215 -29 72]
[215 -29 73]
[215 -29 74]
[215 -28 60]
[215 -26 83]
[215 -26 79]
[215 -29 79]
[215 -29 80]
[215 -29 81]
[215 -29 75]
[215 -29 71]
[215 -29 76]
[215 -29 77]
[215 -28 85]
[215 -28 84]
[215 -28 83]
[215 -28 78]
[215 -29 63]
[215 -29 64]
[215 -29 59]
[215 -29 82]
[215 -29 62]
[215 -29 61]
[215 -25 84]
[215 -24 83]
[216 -30 62]
[216 -30 63]
[216 -29 83]
[216 -29 84]
[216 -30 68]
[216 -30 78]
[216 -30 76]
[216 -30 71]
[216 -30 77]
[216 -28 79]
[216 -30 58]
[216 -30 59]
[216 -29 60]
[216 -30 60]
[216 -24 84]
[216 -30 73]
[216 -30 67]
[216 -30 65]
[216 -30 74]
[216 -30 72]
[216 -30 70]
[216 -29 85]
[216 -30 81]
[216 -30 56]
[216 -28 55]
[216 -29 55]
[216 -30 82]
[216 -30 80]
[216 -30 69]
[217 -31 82]
[217 -31 80]
[217 -31 81]
[217 -30 83]
[217 -30 84]
[217 -31 83]
[217 -30 85]
[217 -30 61]
[217 -31 61]
[217 -31 63]
[217 -30 66]
[217 -30 64]
[217 -31 64]
[217 -31 58]
[217 -31 59]
[217 -30 75]
[217 -31 73]
[217 -31 72]
[217 -31 71]
[217 -30 57]
[217 -31 77]
[217 -31 70]
[217 -30 79]
[217 -31 67]
[217 -31 66]
[217 -31 74]
[217 -31 75]
[217 -31 68]
[217 -31 69]
[217 -29 78]
[218 -32 67]
[218 -32 65]
[218 -32 66]
[218 -32 74]
[218 -32 70]
[218 -32 69]
[218 -32 81]
[218 -32 82]
[218 -32 83]
[218 -31 62]
[218 -32 80]
[218 -32 62]
[218 -31 60]
[218 -32 73]
[218 -31 79]
[218 -32 79]
[218 -31 84]
[218 -32 84]
[218 -31 85]
[218 -31 65]
[218 -32 63]
[218 -32 64]
[218 -32 72]
[218 -32 71]
[218 -31 78]
[218 -32 59]
[218 -32 76]
[218 -32 78]
[219 -32 60]
[219 -32 61]
[219 -33 64]
[219 -33 66]
[219 -33 65]
[219 -32 85]
[219 -33 83]
[219 -33 72]
[219 -33 74]
[219 -33 70]
[219 -32 68]
[219 -33 62]
[219 -33 63]
[219 -33 73]
[219 -33 75]
[219 -33 79]
[219 -33 80]
[219 -33 81]
[219 -33 82]
[219 -33 84]
[219 -33 68]
[219 -33 76]
[219 -31 76]
[219 -33 69]
[219 -32 77]
[219 -33 78]
[219 -33 58]
[219 -33 60]
[219 -33 59]
[220 -34 81]
[220 -34 80]
[220 -34 77]
[220 -34 78]
[220 -33 77]
[220 -34 65]
[220 -34 71]
[220 -34 69]
[220 -34 70]
[220 -32 75]
[220 -34 76]
[220 -34 67]
[220 -33 67]
[220 -34 66]
[220 -33 61]
[220 -34 84]
[220 -34 83]
[220 -34 68]
[220 -34 60]
[220 -34 79]
[220 -34 75]
[220 -34 74]
[220 -34 82]
[220 -34 61]
[220 -34 58]
[220 -34 59]
[220 -34 64]
[220 -34 73]
[220 -34 72]
[221 -35 84]
[221 -35 82]
[221 -35 83]
[221 -35 78]
[221 -35 77]
[221 -35 73]
[221 -35 74]
[221 -35 81]
[221 -35 65]
[221 -35 60]
[221 -35 59]
[221 -35 61]
[221 -35 75]
[221 -34 63]
[221 -35 64]
[221 -35 63]
[221 -35 72]
[221 -35 70]
[221 -35 69]
[221 -35 68]
[221 -35 67]
[221 -33 71]
[221 -35 71]
[221 -35 57]
[221 -35 76]
[221 -35 80]
[221 -35 62]
[221 -34 62]
[221 -35 66]
[222 -36 83]
[222 -36 72]
[222 -36 70]
[222 -36 62]
[222 -36 63]
[222 -36 58]
[222 -36 57]
[222 -35 79]
[222 -36 80]
[222 -36 65]
[222 -36 68]
[222 -36 69]
[222 -36 76]
[222 -36 75]
[222 -36 79]
[222 -36 78]
[222 -36 77]
[222 -36 71]
[222 -36 73]
[222 -36 67]
[222 -36 66]
[222 -36 82]
[222 -36 81]
[222 -36 61]
[222 -36 60]
[223 -37 76]
[223 -37 77]
[223 -37 66]
[223 -37 67]
[223 -37 65]
[223 -37 84]
[223 -37 75]
[223 -37 69]
[223 -37 64]
[223 -37 62]
[223 -37 82]
[223 -37 81]
[223 -37 74]
[223 -37 68]
[223 -37 57]
[223 -37 61]
[223 -36 74]
[223 -37 72]
[223 -37 70]
[223 -37 71]
[223 -37 59]
[223 -36 59]
[223 -37 63]
[223 -36 64]
[223 -37 79]
[223 -37 78]
[223 -37 58]
[224 -38 67]
[224 -38 68]
[224 -38 70]
[224 -38 71]
[224 -38 73]
[224 -38 65]
[224 -36 84]
[224 -37 83]
[224 -38 84]
[224 -38 79]
[224 -38 78]
[224 -38 74]
[224 -38 75]
[224 -37 73]
[224 -35 58]
[224 -38 81]
[224 -38 57]
[224 -38 76]
[224 -38 77]
[224 -38 64]
[224 -38 63]
[224 -37 56]
[224 -38 69]
[224 -38 62]
[224 -38 61]
[224 -38 66]
[224 -38 59]
[224 -38 60]
[225 -39 74]
[225 -38 72]
[225 -38 56]
[225 -38 80]
[225 -39 65]
[225 -39 66]
[225 -39 64]
[225 -39 67]
[225 -39 72]
[225 -39 70]
[225 -39 58]
[225 -39 63]
[225 -39 69]
[225 -37 80]
[225 -39 81]
[225 -38 82]
[225 -39 68]
[225 -39 75]
[225 -39 76]
[225 -39 59]
[225 -39 73]
[225 -39 77]
[225 -37 60]
[225 -39 61]
[225 -39 62]
[225 -39 79]
[226 -38 58]
[226 -40 58]
[226 -40 60]
[226 -40 62]
[226 -40 69]
[226 -38 83]
[226 -40 77]
[226 -39 55]
[226 -39 80]
[226 -40 57]
[226 -40 59]
[226 -40 74]
[226 -40 75]
[226 -40 76]
[226 -40 66]
[226 -40 64]
[226 -40 63]
[226 -40 78]
[226 -40 65]
[226 -40 68]
[226 -40 70]
[227 -41 59]
[227 -41 61]
[227 -40 55]
[227 -40 54]
[227 -41 65]
[227 -39 78]
[227 -41 67]
[227 -40 67]
[227 -41 77]
[227 -41 75]
[227 -39 57]
[227 -41 63]
[227 -41 74]
[227 -41 69]
[227 -39 71]
[227 -41 70]
[227 -41 68]
[227 -39 60]
[227 -41 58]
[227 -41 78]
[227 -41 56]
[227 -40 56]
[227 -40 73]
[228 -41 55]
[228 -41 54]
[228 -42 64]
[228 -42 66]
[228 -41 66]
[228 -39 56]
[228 -40 72]
[228 -42 78]
[228 -41 72]
[228 -42 62]
[228 -41 71]
[228 -42 70]
[228 -42 69]
[228 -41 64]
[228 -42 63]
[228 -41 57]
[228 -42 59]
[228 -42 77]
[228 -40 61]
[228 -42 68]
[228 -42 74]
[228 -42 76]
[228 -42 75]
[228 -42 60]
[228 -42 58]
[228 -42 56]
[228 -42 57]
[229 -43 76]
[229 -41 76]
[229 -43 68]
[229 -43 70]
[229 -43 75]
[229 -42 65]
[229 -43 65]
[229 -43 64]
[229 -43 63]
[229 -42 55]
[229 -42 54]
[229 -43 74]
[229 -42 71]
[229 -41 73]
[229 -42 72]
[229 -43 57]
[229 -43 58]
[229 -43 59]
[229 -43 77]
[229 -43 67]
[229 -41 62]
[229 -43 61]
[229 -43 62]
[229 -43 55]
[229 -43 56]
[229 -40 71]
[229 -41 60]
[230 -43 60]
[230 -44 60]
[230 -44 62]
[230 -44 61]
[230 -42 61]
[230 -44 76]
[230 -42 67]
[230 -43 69]
[230 -44 71]
[230 -44 69]
[230 -44 57]
[230 -44 58]
[230 -44 56]
[230 -43 54]
[230 -42 53]
[230 -43 71]
[230 -43 72]
[230 -44 65]
[230 -43 66]
[230 -44 64]
[230 -44 67]
[230 -44 75]
[230 -44 74]
[230 -42 73]
[230 -44 59]
[231 -45 68]
[231 -44 66]
[231 -44 68]
[231 -45 57]
[231 -43 73]
[231 -44 73]
[231 -44 72]
[231 -45 66]
[231 -45 75]
[231 -44 63]
[231 -45 61]
[231 -45 62]
[231 -45 72]
[231 -45 65]
[231 -45 59]
[231 -45 56]
[231 -44 54]
[231 -44 55]
[232 -45 71]
[232 -45 67]
[232 -46 68]
[232 -46 67]
[232 -45 69]
[232 -46 58]
[232 -46 57]
[232 -46 61]
[232 -46 63]
[232 -45 60]
[232 -45 58]
[232 -46 60]
[232 -45 74]
[232 -45 54]
[232 -44 53]
[232 -45 53]
[232 -45 73]
[232 -46 55]
[232 -45 64]
[232 -46 62]
[232 -46 66]
[232 -46 72]
[232 -46 65]
[232 -46 64]
[233 -47 55]
[233 -47 56]
[233 -47 54]
[233 -46 56]
[233 -47 62]
[233 -46 59]
[233 -46 54]
[233 -46 52]
[233 -46 53]
[233 -47 57]
[233 -47 61]
[233 -47 68]
[233 -47 67]
[233 -46 69]
[233 -46 73]
[233 -47 65]
[233 -47 64]
[233 -44 52]
[233 -43 52]
[233 -43 53]
[233 -47 73]
[233 -47 71]
[233 -46 71]
[233 -46 70]
[233 -44 70]
[233 -45 70]
[233 -47 63]
[233 -47 66]
[233 -45 63]
[234 -45 55]
[234 -48 66]
[234 -48 67]
[234 -48 68]
[234 -48 64]
[234 -48 55]
[234 -48 56]
[234 -47 59]
[234 -47 70]
[234 -47 69]
[234 -45 52]
[234 -47 72]
[234 -46 51]
[234 -45 51]
[234 -48 71]
[234 -48 70]
[234 -48 54]
[234 -46 74]
[234 -47 74]
[234 -47 60]
[234 -48 62]
[234 -48 73]
[234 -48 72]
[234 -48 63]
[234 -48 53]
[234 -47 53]
[234 -48 58]
[235 -49 54]
[235 -49 55]
[235 -49 53]
[235 -49 64]
[235 -48 57]
[235 -49 56]
[235 -49 67]
[235 -49 68]
[235 -49 66]
[235 -48 69]
[235 -46 50]
[235 -49 71]
[235 -48 74]
[235 -49 73]
[235 -47 52]
[235 -49 52]
[235 -48 52]
[235 -49 72]
[235 -48 59]
[235 -48 60]
[235 -49 63]
[235 -48 61]
[235 -49 69]
[236 -50 64]
[236 -47 50]
[236 -50 66]
[236 -50 68]
[236 -50 72]
[236 -49 59]
[236 -49 60]
[236 -48 65]
[236 -50 65]
[236 -49 70]
[236 -50 69]
[236 -49 57]
[236 -50 57]
[236 -50 53]
[236 -49 58]
[236 -49 65]
[236 -50 54]
[236 -50 55]
[236 -50 51]
[236 -50 52]
[236 -49 62]
[236 -49 61]
[236 -50 71]
[236 -47 58]
[236 -48 51]
[236 -50 73]
[237 -50 61]
[237 -50 62]
[237 -50 70]
[237 -51 68]
[237 -51 70]
[237 -51 71]
[237 -51 57]
[237 -50 58]
[237 -51 58]
[237 -51 65]
[237 -51 67]
[237 -51 72]
[237 -51 73]
[237 -50 59]
[237 -51 53]
[237 -51 54]
[237 -50 60]
[237 -47 51]
[237 -50 56]
[237 -50 67]
[237 -49 50]
[237 -49 51]
[237 -51 64]
[237 -50 63]
[237 -50 74]
[237 -50 50]
[237 -51 51]
[238 -51 60]
[238 -48 50]
[238 -48 49]
[238 -50 49]
[238 -52 69]
[238 -52 53]
[238 -51 66]
[238 -52 66]
[238 -52 68]
[238 -51 74]
[238 -49 74]
[238 -51 55]
[238 -51 56]
[238 -51 62]
[238 -51 61]
[238 -52 65]
[238 -52 64]
[238 -52 58]
[238 -52 56]
[238 -52 72]
[238 -52 70]
[238 -51 59]
[238 -51 63]
[238 -52 74]
[238 -52 51]
[238 -51 50]
[238 -52 52]
[238 -52 59]
[239 -52 61]
[239 -52 50]
[239 -53 52]
[239 -53 51]
[239 -51 52]
[239 -53 58]
[239 -53 59]
[239 -53 70]
[239 -53 71]
[239 -52 71]
[239 -52 67]
[239 -53 66]
[239 -52 62]
[239 -52 60]
[239 -52 55]
[239 -52 57]
[239 -53 57]
[239 -53 56]
[239 -53 55]
[239 -51 48]
[239 -50 48]
[239 -49 49]
[239 -53 64]
[239 -53 68]
[239 -51 69]
[239 -51 49]
[239 -52 49]
[239 -53 65]
[239 -52 63]
[239 -53 53]
[239 -52 54]
[239 -52 73]
[240 -53 49]
[240 -53 48]
[240 -53 54]
[240 -54 54]
[240 -54 56]
[240 -54 65]
[240 -54 64]
[240 -53 63]
[240 -53 67]
[240 -53 72]
[240 -52 47]
[240 -54 57]
[240 -54 67]
[240 -54 68]
[240 -54 53]
[240 -54 52]
[240 -54 72]
[240 -54 69]
[240 -53 50]
[240 -53 62]
[240 -53 61]
[240 -54 50]
[240 -54 51]
[240 -54 60]
[241 -54 66]
[241 -55 52]
[241 -55 70]
[241 -55 68]
[241 -55 69]
[241 -55 59]
[241 -54 59]
[241 -55 60]
[241 -54 49]
[241 -55 56]
[241 -54 55]
[241 -55 57]
[241 -55 55]
[241 -55 63]
[241 -55 65]
[241 -53 47]
[241 -55 67]
[241 -52 46]
[241 -51 46]
[241 -53 46]
[241 -52 48]
[241 -54 62]
[241 -54 63]
[241 -55 64]
[241 -55 49]
[241 -55 53]
[241 -55 71]
[241 -54 71]
[241 -54 73]
[242 -54 74]
[242 -55 62]
[242 -56 49]
[242 -54 58]
[242 -56 59]
[242 -55 58]
[242 -55 61]
[242 -56 61]
[242 -55 66]
[242 -56 53]
[242 -51 45]
[242 -56 65]
[242 -56 66]
[242 -56 64]
[242 -56 69]
[242 -56 70]
[242 -56 71]
[242 -56 68]
[242 -54 70]
[242 -56 63]
[242 -56 57]
[242 -54 61]
[242 -56 56]
[242 -52 45]
[242 -55 72]
[243 -57 70]
[243 -57 69]
[243 -57 68]
[243 -56 58]
[243 -55 74]
[243 -53 73]
[243 -56 67]
[243 -57 50]
[243 -57 49]
[243 -53 69]
[243 -57 56]
[243 -57 57]
[243 -57 65]
[243 -57 67]
[243 -57 72]
[243 -57 71]
[243 -56 55]
[243 -57 55]
[243 -55 54]
[243 -56 62]
[243 -53 60]
[243 -56 73]
[243 -57 62]
[243 -57 60]
[243 -57 61]
[243 -52 44]
[243 -51 44]
[243 -50 44]
[243 -57 64]
[243 -57 63]
[244 -58 59]
[244 -56 60]
[244 -57 59]
[244 -58 62]
[244 -58 60]
[244 -58 61]
[244 -57 66]
[244 -58 64]
[244 -58 65]
[244 -58 69]
[244 -58 70]
[244 -58 71]
[244 -58 56]
[244 -58 68]
[244 -58 67]
[244 -58 63]
[244 -58 50]
[244 -58 49]
[244 -58 66]
[244 -56 72]
[244 -58 72]
[244 -55 73]
[244 -56 74]
[244 -53 74]
[244 -50 43]
[244 -49 43]
[244 -51 43]
[245 -58 73]
[245 -59 73]
[245 -59 62]
[245 -59 63]
[245 -59 61]
[245 -59 71]
[245 -59 70]
[245 -59 68]
[245 -59 66]
[245 -59 67]
[245 -59 69]
[245 -59 57]
[245 -58 58]
[245 -59 65]
[245 -59 60]
[245 -59 64]
[245 -59 59]
[245 -59 58]
[245 -59 50]
[246 -60 59]
[246 -60 62]
[246 -60 61]
[246 -59 74]
[246 -57 73]
[246 -60 64]
[246 -60 63]
[246 -60 67]
[246 -60 66]
[246 -60 60]
[246 -58 57]
[246 -60 70]
[246 -60 69]
[246 -60 58]
[246 -60 71]
[246 -60 72]
[246 -59 72]
[246 -60 74]
[246 -60 50]
[246 -60 65]
[246 -60 68]
[247 -60 73]
[247 -57 74]
[247 -61 65]
[247 -61 74]
[247 -59 75]
[247 -61 73]
[247 -61 63]
[247 -61 60]
[247 -61 61]
[247 -61 59]
[247 -59 49]
[247 -60 49]
[247 -61 58]
[247 -61 57]
[247 -57 58]
[247 -61 70]
[247 -61 72]
[247 -61 71]
[247 -60 75]
[247 -61 67]
[247 -61 66]
[247 -61 69]
[247 -61 62]
[247 -61 68]
[248 -61 75]
[248 -62 66]
[248 -62 62]
[248 -62 64]
[248 -62 65]
[248 -62 71]
[248 -62 69]
[248 -60 57]
[248 -62 57]
[248 -62 72]
[248 -62 67]
[248 -62 60]
[248 -62 61]
[248 -62 59]
[248 -62 58]
[248 -62 70]
[249 -63 60]
[249 -63 58]
[249 -63 59]
[249 -63 68]
[249 -63 66]
[249 -63 71]
[249 -63 69]
[249 -63 61]
[249 -63 70]
[249 -63 62]
[249 -62 63]
[249 -63 63]
[249 -63 73]
[249 -61 64]
[249 -63 64]
[250 -64 63]
[250 -64 58]
[250 -64 59]
[250 -64 67]
[250 -63 67]
[250 -64 70]
[250 -64 68]
[250 -62 68]
[250 -64 60]
[250 -63 72]
[250 -64 73]
[250 -64 65]
[250 -63 65]
[250 -64 64]
[250 -64 61]
[250 -64 62]
[250 -64 71]
[251 -65 64]
[251 -65 62]
[251 -65 63]
[251 -65 65]
[251 -65 73]
[251 -64 72]
[251 -64 69]
[251 -65 67]
[251 -65 69]
[251 -65 61]
[251 -65 66]
[251 -65 60]
[251 -65 58]
[251 -65 59]
[251 -65 72]
[251 -65 70]
[251 -64 66]
[252 -66 59]
[252 -66 65]
[252 -66 70]
[252 -66 69]
[252 -66 68]
[252 -65 68]
[252 -66 73]
[252 -66 72]
[252 -66 71]
[252 -65 71]
[252 -66 63]
[252 -66 62]
[252 -66 64]
[252 -66 66]
[252 -66 60]
[252 -66 67]
[253 -67 64]
[253 -67 63]
[253 -67 67]
[253 -67 69]
[253 -67 61]
[253 -66 61]
[253 -67 60]
[253 -67 72]
[253 -67 68]
[253 -67 62]
[253 -67 74]
[253 -67 66]
[254 -68 68]
[254 -68 69]
[254 -68 67]
[254 -67 65]
[254 -68 65]
[254 -68 66]
[254 -68 64]
[254 -68 62]
[254 -68 63]
[254 -67 73]
[254 -68 60]
[254 -68 61]
[254 -68 59]
[254 -68 71]
[254 -68 73]
[254 -68 72]
[255 -69 64]
[255 -69 65]
[255 -69 70]
[255 -69 68]
[255 -69 63]
[255 -69 61]
[255 -69 73]
[255 -68 74]
[255 -69 72]
[255 -69 69]
[255 -69 67]
[255 -69 59]
[255 -69 60]
[255 -69 71]
[256 -70 69]
[256 -70 71]
[256 -69 66]
[256 -70 64]
[256 -69 74]
[256 -70 73]
[256 -70 72]
[256 -70 59]
[256 -70 60]
[256 -70 61]
[256 -69 62]
[256 -70 70]
[256 -68 70]
[256 -70 62]
[256 -70 68]
[256 -70 63]
[257 -71 59]
[257 -71 58]
[257 -70 58]
[257 -69 58]
[257 -71 60]
[257 -70 67]
[257 -71 73]
[257 -71 72]
[257 -71 69]
[257 -71 68]
[257 -69 75]
[257 -70 74]
[257 -70 75]
[257 -71 70]
[257 -71 61]
[257 -71 63]
[257 -71 65]
[257 -70 65]
[257 -71 71]
[258 -71 62]
[258 -72 64]
[258 -72 62]
[258 -70 57]
[258 -72 59]
[258 -72 61]
[258 -72 60]
[258 -72 65]
[258 -71 64]
[258 -70 66]
[258 -72 70]
[258 -72 69]
[258 -72 58]
[258 -72 68]
[258 -72 67]
[258 -71 74]
[258 -72 73]
[258 -72 72]
[258 -72 71]
[258 -68 57]
[258 -69 57]
[258 -72 74]
[258 -71 75]
[259 -73 57]
[259 -73 59]
[259 -73 72]
[259 -73 74]
[259 -73 73]
[259 -73 75]
[259 -73 60]
[259 -73 61]
[259 -73 70]
[259 -73 71]
[259 -70 56]
[259 -69 56]
[259 -68 56]
[259 -72 66]
[259 -73 64]
[259 -73 63]
[259 -73 69]
[259 -73 67]
[259 -72 63]
[259 -73 66]
[259 -71 67]
[260 -74 72]
[260 -71 66]
[260 -74 70]
[260 -74 69]
[260 -74 75]
[260 -74 73]
[260 -74 61]
[260 -74 60]
[260 -74 62]
[260 -73 58]
[260 -74 57]
[260 -74 58]
[260 -74 56]
[260 -73 56]
[260 -67 55]
[260 -72 75]
[260 -74 74]
[260 -74 63]
[260 -73 62]
[260 -74 64]
[260 -74 59]
[260 -74 65]
[260 -74 67]
[260 -74 68]
[261 -74 55]
[261 -75 62]
[261 -75 61]
[261 -74 71]
[261 -75 73]
[261 -75 72]
[261 -75 56]
[261 -75 58]
[261 -75 57]
[261 -75 67]
[261 -73 68]
[261 -75 68]
[261 -75 59]
[261 -66 55]
[261 -75 64]
[261 -73 65]
[261 -75 75]
[261 -74 66]
[261 -75 65]
[261 -75 69]
[261 -75 55]
[261 -73 55]
[261 -75 74]
[262 -76 70]
[262 -76 68]
[262 -76 69]
[262 -76 66]
[262 -75 66]
[262 -76 64]
[262 -65 54]
[262 -76 75]
[262 -76 60]
[262 -75 60]
[262 -76 61]
[262 -75 70]
[262 -75 71]
[262 -76 62]
[262 -76 58]
[262 -76 57]
[262 -74 54]
[262 -73 54]
[262 -76 73]
[262 -76 74]
[262 -76 56]
[262 -76 55]
[262 -76 59]
[262 -76 72]
[262 -75 54]
[263 -77 59]
[263 -76 54]
[263 -76 53]
[263 -74 53]
[263 -76 71]
[263 -77 71]
[263 -76 65]
[263 -77 64]
[263 -76 67]
[263 -66 54]
[263 -77 73]
[263 -77 72]
[263 -77 74]
[263 -77 75]
[263 -73 53]
[263 -75 53]
[263 -77 58]
[263 -77 70]
[263 -77 56]
[263 -77 55]
[263 -77 57]
[263 -77 68]
[263 -77 67]
[263 -77 62]
[263 -77 63]
[263 -76 63]
[263 -77 60]
[263 -77 66]
[264 -77 65]
[264 -78 65]
[264 -78 64]
[264 -78 63]
[264 -77 53]
[264 -75 52]
[264 -76 52]
[264 -77 52]
[264 -78 74]
[264 -78 73]
[264 -78 59]
[264 -78 58]
[264 -78 56]
[264 -78 61]
[264 -77 61]
[264 -78 60]
[264 -78 71]
[264 -78 62]
[264 -78 70]
[264 -77 69]
[264 -78 57]
[264 -74 52]
[264 -78 68]
[264 -78 67]
[264 -78 66]
[264 -72 53]
[264 -78 72]
[265 -72 52]
[265 -73 52]
[265 -79 63]
[265 -79 62]
[265 -77 51]
[265 -75 51]
[265 -79 65]
[265 -79 64]
[265 -79 57]
[265 -79 58]
[265 -76 51]
[265 -79 72]
[265 -79 73]
[265 -79 56]
[265 -79 66]
[265 -79 67]
[265 -79 59]
[265 -79 60]
[265 -79 61]
[265 -79 68]
[265 -79 70]
[265 -79 75]
[266 -80 69]
[266 -80 67]
[266 -80 68]
[266 -78 69]
[266 -73 51]
[266 -76 50]
[266 -75 50]
[266 -74 50]
[266 -80 65]
[266 -80 63]
[266 -80 58]
[266 -80 70]
[266 -79 69]
[266 -79 71]
[266 -80 61]
[266 -80 62]
[266 -77 50]
[266 -78 51]
[266 -79 74]
[266 -80 59]
[266 -80 66]
[266 -80 60]
[266 -78 75]
[266 -80 76]
[266 -72 51]
[266 -71 51]
[266 -80 71]
[267 -81 68]
[267 -81 62]
[267 -80 64]
[267 -81 63]
[267 -75 49]
[267 -74 51]
[267 -74 49]
[267 -80 57]
[267 -81 57]
[267 -81 58]
[267 -81 66]
[267 -80 74]
[267 -80 75]
[267 -81 77]
[267 -81 76]
[267 -71 50]
[267 -81 67]
[267 -78 50]
[267 -78 49]
[267 -70 50]
[267 -71 52]
[267 -79 51]
[267 -79 50]
[267 -76 49]
[267 -81 60]
[267 -81 59]
[267 -80 72]
[267 -81 70]
[267 -81 65]
[267 -72 50]
[267 -73 50]
[267 -81 61]
[268 -78 52]
[268 -82 64]
[268 -82 63]
[268 -82 61]
[268 -72 49]
[268 -81 74]
[268 -80 73]
[268 -81 75]
[268 -81 73]
[268 -82 68]
[268 -82 69]
[268 -74 48]
[268 -77 49]
[268 -82 58]
[268 -82 57]
[268 -71 49]
[268 -80 56]
[268 -80 50]
[268 -80 77]
[268 -82 60]
[268 -70 51]
[268 -70 49]
[268 -81 64]
[268 -79 48]
[268 -79 49]
[268 -78 48]
[268 -77 48]
[268 -73 49]
[268 -82 75]
[268 -82 76]
[268 -70 53]
[268 -82 59]
[268 -76 48]
[268 -81 71]
[268 -82 70]
[269 -81 50]
[269 -81 49]
[269 -81 51]
[269 -82 73]
[269 -76 47]
[269 -77 47]
[269 -75 47]
[269 -82 71]
[269 -82 72]
[269 -81 72]
[269 -79 47]
[269 -83 60]
[269 -83 75]
[269 -74 47]
[269 -73 48]
[269 -83 68]
[269 -83 69]
[269 -83 70]
[269 -78 47]
[269 -82 67]
[269 -83 67]
[269 -72 48]
[269 -69 49]
[269 -70 52]
[269 -71 48]
[269 -71 53]
[269 -83 59]
[269 -80 48]
[269 -80 49]
[269 -80 47]
[269 -83 64]
[269 -82 62]
[269 -83 63]
[269 -82 74]
[270 -83 71]
[270 -83 58]
[270 -84 68]
[270 -84 66]
[270 -84 67]
[270 -82 66]
[270 -83 66]
[270 -82 49]
[270 -78 46]
[270 -77 46]
[270 -84 65]
[270 -82 65]
[270 -84 63]
[270 -83 65]
[270 -73 47]
[270 -72 47]
[270 -74 46]
[270 -75 48]
[270 -76 46]
[270 -79 46]
[270 -75 46]
[270 -73 46]
[270 -82 51]
[270 -83 73]
[270 -83 74]
[270 -83 72]
[270 -70 47]
[270 -70 48]
[270 -81 47]
[270 -81 48]
[270 -84 59]
[270 -84 61]
[270 -80 46]
[270 -81 46]
[270 -84 64]
[270 -84 62]
[270 -71 47]
[270 -84 74]
[270 -84 76]
[271 -75 45]
[271 -83 51]
[271 -84 60]
[271 -85 61]
[271 -83 61]
[271 -80 45]
[271 -79 45]
[271 -85 75]
[271 -83 76]
[271 -73 45]
[271 -84 72]
[271 -84 71]
[271 -72 46]
[271 -84 58]
[271 -85 74]
[271 -84 75]
[271 -84 73]
[271 -82 48]
[271 -85 66]
[271 -85 64]
[271 -71 46]
[271 -69 48]
[271 -76 45]
[271 -85 68]
[271 -85 60]
[271 -85 59]
[271 -85 67]
[271 -85 69]
[271 -85 63]
[271 -82 46]
[271 -70 46]
[271 -85 65]
[271 -78 45]
[271 -81 45]
[271 -83 48]
[271 -85 62]
[271 -83 62]
[271 -74 45]
[272 -86 63]
[272 -84 69]
[272 -86 70]
[272 -84 70]
[272 -86 69]
[272 -82 45]
[272 -82 44]
[272 -80 44]
[272 -77 44]
[272 -86 64]
[272 -86 65]
[272 -74 44]
[272 -86 66]
[272 -72 45]
[272 -79 44]
[272 -78 44]
[272 -70 45]
[272 -69 47]
[272 -69 46]
[272 -69 45]
[272 -83 57]
[272 -83 49]
[272 -75 44]
[272 -86 73]
[272 -86 74]
[272 -85 73]
[272 -82 47]
[272 -84 49]
[272 -83 47]
[272 -84 47]
[272 -86 62]
[272 -86 60]
[272 -83 45]
[272 -86 76]
[272 -85 76]
[272 -86 75]
[272 -84 77]
[272 -85 71]
[272 -81 44]
[272 -82 50]
[272 -86 67]
[272 -86 68]
[272 -85 72]
[272 -86 61]
[272 -86 59]
[272 -85 58]
[273 -87 68]
[273 -87 69]
[273 -87 62]
[273 -87 63]
[273 -68 47]
[273 -86 71]
[273 -84 50]
[273 -81 43]
[273 -86 72]
[273 -85 46]
[273 -83 46]
[273 -87 70]
[273 -85 70]
[273 -87 74]
[273 -87 75]
[273 -87 73]
[273 -87 61]
[273 -87 60]
[273 -76 44]
[273 -75 43]
[273 -83 44]
[273 -84 46]
[273 -68 46]
[273 -80 43]
[273 -86 77]
[273 -87 76]
[273 -87 65]
[273 -71 44]
[273 -71 45]
[273 -70 44]
[273 -87 72]
[273 -77 43]
[273 -73 44]
[273 -83 50]
[273 -85 48]
[273 -83 77]
[273 -74 43]
[273 -84 44]
[273 -78 43]
[273 -77 45]
[273 -82 43]
[273 -87 66]
[273 -87 67]
[274 -84 45]
[274 -86 45]
[274 -85 45]
[274 -85 47]
[274 -86 47]
[274 -88 62]
[274 -87 64]
[274 -83 43]
[274 -85 43]
[274 -84 43]
[274 -85 44]
[274 -76 43]
[274 -88 77]
[274 -87 77]
[274 -88 72]
[274 -88 61]
[274 -88 71]
[274 -88 69]
[274 -88 67]
[274 -88 66]
[274 -88 70]
[274 -88 76]
[274 -79 42]
[274 -79 43]
[274 -81 42]
[274 -80 42]
[274 -72 44]
[274 -73 43]
[274 -75 42]
[274 -71 43]
[274 -69 44]
[274 -67 45]
[274 -87 71]
[274 -82 42]
[274 -82 78]
[274 -82 77]
[274 -72 43]
[274 -88 73]
[274 -78 42]
[274 -77 42]
[274 -74 42]
[275 -85 42]
[275 -89 69]
[275 -88 68]
[275 -89 70]
[275 -89 68]
[275 -78 41]
[275 -79 41]
[275 -70 43]
[275 -68 45]
[275 -68 43]
[275 -88 64]
[275 -88 65]
[275 -84 48]
[275 -86 48]
[275 -86 46]
[275 -83 42]
[275 -84 42]
[275 -89 62]
[275 -72 42]
[275 -73 42]
[275 -68 44]
[275 -67 46]
[275 -67 44]
[275 -89 78]
[275 -89 77]
[275 -75 41]
[275 -81 41]
[275 -82 41]
[275 -89 66]
[275 -89 71]
[275 -89 63]
[275 -73 41]
[275 -74 41]
[275 -77 41]
[275 -89 65]
[275 -89 67]
[275 -86 44]
[275 -86 43]
[275 -87 46]
[275 -83 78]
[275 -89 75]
[276 -90 70]
[276 -88 63]
[276 -90 63]
[276 -89 64]
[276 -90 62]
[276 -90 66]
[276 -90 69]
[276 -86 42]
[276 -87 42]
[276 -86 41]
[276 -84 41]
[276 -78 40]
[276 -90 75]
[276 -67 43]
[276 -69 43]
[276 -67 42]
[276 -68 42]
[276 -87 47]
[276 -72 41]
[276 -85 41]
[276 -82 40]
[276 -81 40]
[276 -90 79]
[276 -74 40]
[276 -80 40]
[276 -90 65]
[276 -90 67]
[276 -87 45]
[276 -88 46]
[276 -88 47]
[276 -76 40]
[276 -76 41]
[276 -76 42]
[276 -77 40]
[276 -83 41]
[276 -83 40]
[276 -90 68]
[276 -72 40]
[276 -71 42]
[276 -70 42]
[276 -89 76]
[276 -88 78]
[276 -85 49]
[276 -87 48]
[277 -90 71]
[277 -91 69]
[277 -91 71]
[277 -66 43]
[277 -66 42]
[277 -84 40]
[277 -83 39]
[277 -84 39]
[277 -76 39]
[277 -77 39]
[277 -81 39]
[277 -82 39]
[277 -80 41]
[277 -88 43]
[277 -88 42]
[277 -91 67]
[277 -91 68]
[277 -78 39]
[277 -66 41]
[277 -90 64]
[277 -91 63]
[277 -86 40]
[277 -85 40]
[277 -90 78]
[277 -89 79]
[277 -90 80]
[277 -89 80]
[277 -75 39]
[277 -87 41]
[277 -86 49]
[277 -73 40]
[277 -91 65]
[277 -91 66]
[277 -88 45]
[277 -89 45]
[277 -87 43]
[277 -69 41]
[277 -68 41]
[277 -75 40]
[277 -69 42]
[277 -88 44]
[277 -87 44]
[277 -87 79]
[277 -91 70]
[277 -73 39]
[278 -85 38]
[278 -79 38]
[278 -78 38]
[278 -66 40]
[278 -65 41]
[278 -67 41]
[278 -65 42]
[278 -65 40]
[278 -81 38]
[278 -82 38]
[278 -88 80]
[278 -88 79]
[278 -76 38]
[278 -74 39]
[278 -75 38]
[278 -84 38]
[278 -86 80]
[278 -88 41]
[278 -89 41]
[278 -70 41]
[278 -91 64]
[278 -89 44]
[278 -89 43]
[278 -72 39]
[278 -92 64]
[278 -92 63]
[278 -85 50]
[278 -85 39]
[278 -92 65]
[278 -86 39]
[278 -90 81]
[278 -67 40]
[278 -68 40]
[278 -87 40]
[278 -88 40]
[278 -77 38]
[278 -69 40]
[278 -80 38]
[278 -79 40]
[278 -92 66]
[279 -88 81]
[279 -89 81]
[279 -87 81]
[279 -87 80]
[279 -87 78]
[279 -89 40]
[279 -73 38]
[279 -78 37]
[279 -79 37]
[279 -80 39]
[279 -89 42]
[279 -90 42]
[279 -76 37]
[279 -75 37]
[279 -93 64]
[279 -82 37]
[279 -83 37]
[279 -90 44]
[279 -79 39]
[279 -66 39]
[279 -67 39]
[279 -85 81]
[279 -85 80]
[279 -84 37]
[279 -64 39]
[279 -74 37]
[279 -74 38]
[279 -93 65]
[279 -85 37]
[279 -83 38]
[279 -80 37]
[279 -65 39]
[279 -88 39]
[279 -87 39]
[280 -87 38]
[280 -89 38]
[280 -89 39]
[280 -78 36]
[280 -86 37]
[280 -86 38]
[280 -85 36]
[280 -90 40]
[280 -64 38]
[280 -86 81]
[280 -80 36]
[280 -79 36]
[280 -83 36]
[280 -87 82]
[280 -88 82]
[280 -76 36]
[280 -90 43]
[280 -77 37]
[280 -75 36]
[280 -73 37]
[280 -73 36]
[280 -84 81]
[280 -84 36]
[280 -84 82]
[280 -86 82]
[280 -88 38]
[281 -88 83]
[281 -77 36]
[281 -87 37]
[281 -74 35]
[281 -72 37]
[281 -73 35]
[281 -72 35]
[281 -63 37]
[281 -63 38]
[281 -74 36]
[281 -76 35]
[281 -75 35]
[281 -78 35]
[281 -89 37]
[281 -84 35]
[281 -82 35]
[281 -88 37]
[281 -90 39]
[281 -90 37]
[281 -87 36]
[281 -86 36]
[281 -77 35]
[281 -79 35]
[281 -85 35]
[281 -83 83]
[281 -84 83]
[281 -83 82]
[281 -85 82]
[281 -83 35]
[281 -85 83]
[281 -72 36]
[281 -91 39]
[281 -90 41]
[281 -91 40]
[281 -81 37]
[281 -81 36]
[282 -79 34]
[282 -78 34]
[282 -80 35]
[282 -72 34]
[282 -86 35]
[282 -86 34]
[282 -90 36]
[282 -90 38]
[282 -74 34]
[282 -76 34]
[282 -75 34]
[282 -91 38]
[282 -87 83]
[282 -82 84]
[282 -82 83]
[282 -83 84]
[282 -82 34]
[282 -81 34]
[282 -83 34]
[282 -72 38]
[282 -77 34]
[282 -84 84]
[282 -73 34]
[282 -89 36]
[282 -88 36]
[282 -64 37]
[282 -87 35]
[282 -85 84]
[282 -63 36]
[282 -82 36]
[283 -88 34]
[283 -87 34]
[283 -81 35]
[283 -91 37]
[283 -89 35]
[283 -91 36]
[283 -74 33]
[283 -76 33]
[283 -86 84]
[283 -87 84]
[283 -72 33]
[283 -82 33]
[283 -83 33]
[283 -75 33]
[283 -77 33]
[283 -82 85]
[283 -84 85]
[283 -83 85]
[283 -86 83]
[283 -90 35]
[283 -88 35]
[283 -87 33]
[283 -85 34]
[283 -63 35]
[283 -78 33]
[283 -79 33]
[283 -81 33]
[283 -80 34]
[283 -80 33]
[284 -82 32]
[284 -81 32]
[284 -86 33]
[284 -88 33]
[284 -83 86]
[284 -85 85]
[284 -84 86]
[284 -84 33]
[284 -83 32]
[284 -84 32]
[284 -84 34]
[284 -75 32]
[284 -81 86]
[284 -90 34]
[284 -79 32]
[284 -86 85]
[284 -87 85]
[284 -88 84]
[284 -64 35]
[284 -78 32]
[284 -77 32]
[284 -72 32]
[284 -85 33]
[284 -87 32]
[284 -82 86]
[284 -73 33]
[284 -73 32]
[284 -89 34]
[284 -89 33]
[285 -88 32]
[285 -90 33]
[285 -87 31]
[285 -86 32]
[285 -88 31]
[285 -89 32]
[285 -64 36]
[285 -77 31]
[285 -79 31]
[285 -85 32]
[285 -74 31]
[285 -84 87]
[285 -83 87]
[285 -82 87]
[285 -85 87]
[285 -85 86]
[285 -87 86]
[285 -81 87]
[285 -81 31]
[285 -82 31]
[285 -80 32]
[285 -80 31]
[285 -83 31]
[285 -84 31]
[285 -72 31]
[285 -73 31]
[285 -86 86]
[286 -80 30]
[286 -82 30]
[286 -87 87]
[286 -80 88]
[286 -86 31]
[286 -85 88]
[286 -84 88]
[286 -83 30]
[286 -79 30]
[286 -82 88]
[286 -72 30]
[286 -90 32]
[286 -91 33]
[286 -89 30]
[286 -89 31]
[286 -90 31]
[286 -86 87]
[286 -76 32]
[286 -74 30]
[286 -81 30]
[287 -79 29]
[287 -80 29]
[287 -91 31]
[287 -88 30]
[287 -88 29]
[287 -90 29]
[287 -91 32]
[287 -90 30]
[287 -91 30]
[287 -76 31]
[287 -75 31]
[287 -86 30]
[287 -87 30]
[287 -85 30]
[287 -85 31]
[287 -81 88]
[287 -80 89]
[287 -83 29]
[287 -82 29]
[287 -81 29]
[287 -75 29]
[287 -73 29]
[287 -84 89]
[287 -84 29]
[287 -84 30]
[287 -73 30]
[287 -86 89]
[287 -92 32]
[287 -91 34]
[287 -92 33]
[287 -92 34]
[287 -83 89]
[287 -81 89]
[288 -82 89]
[288 -76 30]
[288 -74 32]
[288 -73 28]
[288 -72 29]
[288 -91 35]
[288 -92 35]
[288 -80 28]
[288 -79 28]
[288 -90 28]
[288 -86 88]
[288 -85 90]
[288 -82 90]
[288 -89 29]
[288 -85 89]
[288 -92 30]
[288 -92 31]
[288 -85 29]
[288 -86 29]
[288 -75 30]
[288 -87 28]
[288 -88 28]
[288 -87 29]
[288 -83 90]
[288 -74 29]
[288 -75 28]
[288 -92 29]
[288 -93 31]
[288 -93 33]
[288 -85 28]
[288 -78 30]
[288 -78 28]
[289 -93 29]
[289 -81 90]
[289 -81 91]
[289 -84 28]
[289 -76 27]
[289 -72 28]
[289 -84 27]
[289 -93 30]
[289 -94 30]
[289 -85 91]
[289 -84 90]
[289 -89 28]
[289 -72 27]
[289 -83 88]
[289 -93 32]
[289 -78 29]
[289 -77 30]
[289 -74 28]
[289 -81 27]
[289 -91 28]
[289 -89 27]
[289 -90 27]
[289 -77 29]
[289 -83 91]
[289 -86 28]
[290 -76 26]
[290 -75 26]
[290 -77 28]
[290 -76 29]
[290 -94 28]
[290 -92 28]
[290 -76 28]
[290 -86 27]
[290 -85 27]
[290 -84 92]
[290 -85 92]
[290 -71 27]
[290 -82 26]
[290 -82 27]
[290 -81 28]
[290 -82 28]
[290 -83 92]
[290 -82 92]
[290 -82 91]
[290 -94 31]
[290 -81 92]
[290 -74 27]
[290 -75 27]
[290 -73 27]
[290 -91 26]
[290 -91 27]
[290 -88 26]
[290 -84 26]
[290 -83 27]
[291 -82 93]
[291 -86 26]
[291 -85 26]
[291 -74 26]
[291 -83 28]
[291 -92 27]
[291 -77 26]
[291 -75 25]
[291 -77 27]
[291 -77 25]
[291 -88 27]
[291 -87 26]
[291 -89 26]
[291 -89 25]
[291 -88 25]
[291 -84 25]
[291 -84 91]
[291 -85 93]
[291 -84 93]
[291 -81 25]
[291 -83 25]
[291 -81 26]
[291 -80 27]
[291 -83 93]
[291 -91 25]
[291 -90 26]
[291 -70 27]
[291 -80 92]
[291 -80 91]
[291 -80 93]
[291 -81 93]
[291 -83 26]
[292 -87 25]
[292 -89 24]
[292 -82 94]
[292 -90 25]
[292 -70 26]
[292 -69 27]
[292 -69 26]
[292 -93 28]
[292 -92 26]
[292 -93 26]
[292 -84 94]
[292 -80 90]
[292 -87 27]
[292 -84 24]
[292 -85 25]
[292 -85 24]
[292 -82 25]
[292 -76 24]
[292 -76 25]
[292 -79 26]
[292 -79 27]
[292 -80 26]
[292 -90 24]
[292 -78 27]
[292 -78 25]
[292 -77 24]
[292 -86 25]
[292 -79 93]
[292 -79 92]
[292 -81 94]
[292 -74 25]
[292 -83 94]
[292 -91 24]
[292 -82 24]
[292 -80 25]
[292 -80 24]
[292 -81 24]
[293 -78 92]
[293 -80 94]
[293 -81 95]
[293 -82 95]
[293 -87 24]
[293 -88 24]
[293 -86 24]
[293 -75 24]
[293 -77 23]
[293 -75 23]
[293 -83 95]
[293 -93 25]
[293 -79 25]
[293 -78 26]
[293 -80 23]
[293 -81 23]
[293 -79 24]
[293 -83 24]
[293 -84 23]
[293 -86 23]
[293 -78 93]
[293 -79 94]
[293 -78 94]
[293 -94 27]
[293 -94 29]
[293 -73 26]
[293 -85 23]
[293 -94 26]
[293 -94 25]
[293 -92 25]
[293 -76 23]
[293 -78 23]
[293 -78 24]
[293 -92 24]
[293 -85 95]
[293 -84 95]
[293 -90 23]
[293 -68 26]
[294 -79 95]
[294 -72 26]
[294 -95 25]
[294 -95 26]
[294 -74 24]
[294 -88 23]
[294 -87 23]
[294 -87 22]
[294 -93 27]
[294 -85 96]
[294 -83 96]
[294 -81 96]
[294 -80 95]
[294 -80 96]
[294 -77 92]
[294 -78 91]
[294 -82 96]
[294 -80 22]
[294 -81 22]
[294 -82 23]
[294 -84 96]
[294 -74 23]
[294 -76 22]
[294 -85 22]
[294 -89 22]
[294 -89 23]
[294 -90 22]
[294 -86 22]
[294 -77 93]
[294 -77 94]
[294 -75 22]
[294 -93 24]
[294 -92 23]
[294 -91 23]
[294 -93 23]
[294 -67 26]
[294 -67 25]
[294 -78 22]
[294 -77 22]
[294 -78 95]
[294 -77 95]
[294 -79 22]
[294 -79 23]
[295 -93 22]
[295 -94 24]
[295 -79 21]
[295 -78 21]
[295 -80 21]
[295 -77 91]
[295 -85 21]
[295 -87 21]
[295 -76 21]
[295 -74 22]
[295 -91 22]
[295 -92 22]
[295 -82 22]
[295 -81 21]
[295 -73 22]
[295 -81 97]
[295 -80 97]
[295 -88 22]
[295 -82 97]
[295 -78 96]
[295 -76 94]
[295 -90 21]
[295 -89 21]
[295 -76 92]
[295 -83 23]
[295 -84 97]
[295 -83 97]
[295 -73 24]
[295 -77 96]
[295 -84 22]
[295 -86 21]
[295 -84 21]
[295 -76 93]
[295 -76 95]
[296 -80 20]
[296 -82 20]
[296 -81 20]
[296 -75 93]
[296 -91 21]
[296 -91 20]
[296 -90 20]
[296 -93 21]
[296 -94 21]
[296 -79 97]
[296 -77 97]
[296 -86 20]
[296 -85 20]
[296 -92 21]
[296 -78 97]
[296 -81 98]
[296 -83 22]
[296 -77 20]
[296 -76 20]
[296 -73 25]
[296 -73 23]
[296 -85 97]
[296 -74 21]
[296 -75 21]
[296 -88 21]
[296 -88 20]
[296 -87 20]
[296 -83 20]
[296 -84 20]
[296 -83 98]
[296 -84 98]
[296 -82 98]
[296 -95 24]
[296 -95 23]
[296 -79 20]
[296 -89 20]
[296 -83 21]
[296 -82 21]
[296 -75 92]
[296 -79 98]
[296 -80 98]
[296 -79 96]
[296 -75 96]
[296 -75 94]
[297 -81 99]
[297 -87 19]
[297 -75 20]
[297 -75 19]
[297 -80 99]
[297 -96 24]
[297 -96 23]
[297 -78 98]
[297 -84 19]
[297 -74 20]
[297 -92 20]
[297 -84 99]
[297 -83 99]
[297 -74 93]
[297 -76 91]
[297 -81 19]
[297 -76 19]
[297 -77 19]
[297 -77 21]
[297 -74 95]
[297 -74 96]
[297 -92 19]
[297 -90 19]
[297 -79 99]
[297 -72 25]
[297 -82 19]
[297 -85 98]
[297 -77 98]
[297 -83 19]
[297 -79 19]
[297 -94 22]
[297 -93 20]
[297 -78 20]
[297 -80 19]
[297 -95 21]
[297 -95 20]
[297 -85 19]
[298 -78 99]
[298 -75 95]
[298 -80 18]
[298 -91 18]
[298 -89 18]
[298 -75 97]
[298 -78 19]
[298 -77 18]
[298 -97 24]
[298 -74 19]
[298 -75 18]
[298 -73 21]
[298 -86 19]
[298 -86 18]
[298 -93 18]
[298 -93 19]
[298 -91 19]
[298 -82 99]
[298 -83 100]
[298 -81 100]
[298 -96 19]
[298 -96 21]
[298 -94 19]
[298 -83 18]
[298 -84 100]
[298 -95 22]
[298 -94 20]
[298 -82 18]
[298 -79 100]
[298 -80 100]
[298 -94 23]
[298 -85 99]
[298 -79 18]
[298 -97 23]
[298 -84 18]
[299 -74 18]
[299 -76 96]
[299 -78 18]
[299 -83 17]
[299 -82 17]
[299 -81 17]
[299 -84 17]
[299 -98 23]
[299 -80 17]
[299 -92 18]
[299 -83 101]
[299 -85 100]
[299 -84 101]
[299 -85 18]
[299 -95 18]
[299 -94 18]
[299 -95 19]
[299 -97 20]
[299 -96 22]
[299 -97 21]
[299 -91 17]
[299 -96 20]
[299 -96 18]
[299 -80 101]
[299 -81 101]
[299 -79 101]
[299 -82 100]
[299 -93 17]
[299 -86 17]
[299 -90 17]
[299 -88 18]
[299 -90 18]
[300 -82 102]
[300 -97 19]
[300 -98 21]
[300 -77 17]
[300 -78 17]
[300 -93 16]
[300 -92 17]
[300 -97 22]
[300 -99 23]
[300 -99 22]
[300 -97 18]
[300 -96 17]
[300 -97 17]
[300 -79 16]
[300 -81 18]
[300 -79 17]
[300 -81 16]
[300 -89 17]
[300 -89 19]
[300 -85 101]
[300 -87 16]
[300 -87 18]
[300 -94 17]
[300 -87 17]
[300 -88 17]
[300 -91 16]
[300 -82 16]
[300 -83 16]
[300 -84 16]
[300 -75 17]
[300 -89 16]
[300 -85 17]
[300 -82 101]
[300 -76 97]
[300 -98 20]
[300 -83 102]
[301 -81 102]
[301 -84 15]
[301 -83 15]
[301 -82 15]
[301 -80 16]
[301 -79 15]
[301 -80 15]
[301 -90 16]
[301 -88 16]
[301 -95 17]
[301 -96 16]
[301 -81 15]
[301 -100 23]
[301 -98 24]
[301 -98 19]
[301 -98 18]
[301 -76 17]
[301 -76 16]
[301 -76 18]
[301 -88 19]
[301 -94 15]
[301 -93 15]
[301 -94 16]
[301 -85 16]
[301 -86 16]
[301 -74 17]
[301 -74 16]
[301 -75 16]
[301 -86 15]
[301 -87 15]
[301 -88 15]
[301 -99 19]
[301 -97 16]
[301 -98 17]
[301 -89 15]
[301 -90 15]
[301 -77 16]
[301 -99 20]
[301 -100 22]
[301 -99 21]
[301 -100 21]
[301 -78 16]
[302 -95 15]
[302 -76 15]
[302 -78 15]
[302 -99 18]
[302 -98 16]
[302 -100 20]
[302 -80 14]
[302 -81 14]
[302 -82 14]
[302 -87 14]
[302 -101 22]
[302 -88 14]
[302 -91 15]
[302 -83 14]
[302 -85 15]
[302 -101 21]
[302 -96 15]
[302 -95 16]
[302 -98 15]
[302 -97 15]
[302 -100 19]
[302 -75 15]
[302 -93 14]
[302 -94 14]
[302 -95 14]
[302 -78 14]
[303 -102 22]
[303 -77 15]
[303 -99 15]
[303 -99 16]
[303 -84 14]
[303 -85 14]
[303 -94 13]
[303 -96 14]
[303 -100 18]
[303 -93 13]
[303 -92 15]
[303 -92 14]
[303 -92 13]
[303 -98 14]
[303 -97 14]
[303 -87 13]
[303 -88 13]
[303 -82 13]
[303 -101 18]
[303 -79 13]
[303 -79 14]
[303 -78 13]
[303 -84 13]
[303 -102 21]
[303 -86 14]
[303 -101 19]
[303 -76 14]
[303 -74 15]
[303 -75 14]
[303 -90 14]
[303 -80 13]
[304 -91 13]
[304 -90 13]
[304 -93 12]
[304 -91 14]
[304 -92 12]
[304 -91 12]
[304 -94 12]
[304 -86 13]
[304 -85 13]
[304 -97 13]
[304 -96 13]
[304 -83 12]
[304 -77 14]
[304 -77 12]
[304 -77 13]
[304 -79 12]
[304 -88 12]
[304 -87 12]
[304 -89 12]
[304 -89 13]
[304 -101 20]
[304 -102 20]
[304 -103 20]
[304 -81 12]
[304 -82 12]
[304 -81 13]
[304 -83 13]
[304 -103 21]
[304 -78 12]
[304 -100 16]
[304 -100 15]
[304 -100 14]
[304 -101 17]
[304 -75 13]
[304 -95 12]
[304 -74 14]
[304 -100 17]
[304 -76 13]
[304 -99 13]
[305 -99 17]
[305 -86 12]
[305 -85 12]
[305 -77 11]
[305 -98 13]
[305 -97 12]
[305 -96 12]
[305 -98 12]
[305 -90 12]
[305 -91 11]
[305 -92 11]
[305 -93 11]
[305 -78 11]
[305 -79 11]
[305 -95 13]
[305 -96 11]
[305 -76 12]
[305 -101 13]
[305 -101 14]
[305 -101 15]
[305 -100 13]
[305 -84 12]
[305 -99 12]
[305 -100 12]
[305 -89 11]
[305 -87 11]
[305 -94 11]
[305 -102 19]
[305 -103 19]
[305 -80 12]
[305 -86 11]
[305 -81 11]
[305 -80 11]
[305 -82 11]
[305 -75 12]
[305 -74 13]
[305 -90 11]
[305 -83 11]
[305 -104 20]
[305 -104 19]
[306 -80 10]
[306 -76 11]
[306 -75 11]
[306 -85 11]
[306 -101 16]
[306 -102 15]
[306 -98 11]
[306 -81 10]
[306 -83 10]
[306 -100 11]
[306 -77 10]
[306 -76 10]
[306 -91 10]
[306 -102 18]
[306 -103 18]
[306 -84 11]
[306 -84 10]
[306 -96 10]
[306 -95 11]
[306 -95 10]
[306 -97 11]
[306 -101 12]
[306 -102 14]
[306 -104 18]
[306 -105 18]
[306 -105 20]
[306 -86 10]
[306 -93 10]
[306 -90 10]
[306 -89 10]
[306 -99 11]
[306 -88 11]
[306 -79 10]
[306 -78 10]
[307 -100 10]
[307 -99 10]
[307 -101 11]
[307 -101 10]
[307 -89 9]
[307 -88 9]
[307 -80 9]
[307 -79 9]
[307 -81 9]
[307 -82 10]
[307 -103 14]
[307 -102 13]
[307 -103 13]
[307 -103 15]
[307 -93 9]
[307 -92 10]
[307 -92 9]
[307 -97 10]
[307 -103 17]
[307 -104 17]
[307 -90 9]
[307 -75 10]
[307 -77 9]
[307 -75 9]
[307 -102 16]
[307 -98 10]
[307 -78 9]
[307 -94 10]
[307 -105 17]
[307 -106 18]
[307 -106 19]
[307 -105 19]
[307 -87 9]
[307 -85 9]
[307 -85 10]
[307 -102 11]
[307 -91 9]
[307 -103 16]
[307 -96 9]
[307 -95 9]
[307 -83 9]
[308 -76 8]
[308 -78 8]
[308 -102 12]
[308 -104 14]
[308 -104 12]
[308 -104 13]
[308 -98 9]
[308 -97 9]
[308 -102 17]
[308 -104 15]
[308 -90 8]
[308 -92 8]
[308 -101 9]
[308 -84 8]
[308 -83 8]
[308 -84 9]
[308 -76 9]
[308 -103 12]
[308 -103 10]
[308 -96 8]
[308 -106 17]
[308 -82 9]
[308 -80 8]
[308 -99 9]
[308 -102 10]
[308 -87 8]
[308 -88 8]
[308 -87 10]
[308 -86 9]
[308 -89 8]
[308 -81 8]
[308 -79 8]
[308 -91 8]
[308 -95 8]
[308 -77 8]
[308 -105 16]
[308 -93 8]
[308 -94 9]
[309 -91 7]
[309 -90 7]
[309 -103 9]
[309 -102 9]
[309 -106 16]
[309 -107 18]
[309 -107 17]
[309 -92 7]
[309 -86 7]
[309 -85 8]
[309 -85 7]
[309 -83 7]
[309 -97 7]
[309 -82 8]
[309 -105 14]
[309 -97 8]
[309 -98 8]
[309 -84 7]
[309 -93 7]
[309 -80 7]
[309 -79 7]
[309 -104 16]
[309 -105 15]
[309 -94 8]
[309 -94 7]
[309 -101 8]
[309 -100 8]
[309 -104 11]
[309 -103 11]
[309 -78 7]
[309 -99 8]
[309 -89 7]
[309 -87 7]
[310 -96 7]
[310 -96 6]
[310 -97 6]
[310 -98 6]
[310 -103 8]
[310 -102 8]
[310 -93 6]
[310 -91 6]
[310 -89 6]
[310 -90 6]
[310 -79 6]
[310 -78 6]
[310 -77 6]
[310 -95 6]
[310 -94 6]
[310 -95 7]
[310 -98 7]
[310 -108 18]
[310 -108 17]
[310 -101 7]
[310 -100 7]
[310 -106 15]
[310 -106 14]
[310 -84 6]
[310 -85 6]
[310 -86 6]
[310 -86 8]
[310 -104 9]
[310 -104 8]
[310 -87 6]
[310 -88 7]
[310 -88 6]
[310 -81 7]
[310 -81 6]
[310 -80 6]
[310 -83 6]
[310 -105 13]
[310 -105 10]
[310 -105 12]
[311 -79 5]
[311 -107 16]
[311 -107 14]
[311 -91 5]
[311 -94 5]
[311 -85 5]
[311 -100 6]
[311 -102 7]
[311 -90 5]
[311 -92 6]
[311 -95 5]
[311 -86 5]
[311 -99 7]
[311 -98 5]
[311 -97 5]
[311 -96 5]
[311 -82 5]
[311 -81 5]
[311 -82 6]
[311 -80 5]
[311 -109 17]
[311 -88 5]
[311 -89 5]
[311 -106 12]
[311 -106 13]
[311 -82 7]
[311 -106 11]
[311 -105 9]
[311 -104 10]
[311 -103 7]
[311 -76 5]
[311 -109 16]
[311 -99 6]
[311 -104 7]
[311 -105 11]
[311 -77 5]
[311 -107 13]
[311 -107 15]
[312 -83 4]
[312 -81 4]
[312 -106 10]
[312 -96 4]
[312 -105 6]
[312 -105 8]
[312 -84 5]
[312 -85 4]
[312 -86 4]
[312 -107 11]
[312 -92 5]
[312 -83 5]
[312 -78 5]
[312 -76 4]
[312 -108 15]
[312 -108 14]
[312 -102 6]
[312 -101 6]
[312 -103 6]
[312 -100 5]
[312 -99 5]
[312 -77 4]
[312 -75 4]
[312 -108 16]
[312 -106 9]
[312 -78 4]
[312 -79 4]
[312 -107 12]
[312 -94 4]
[312 -93 5]
[312 -95 4]
[312 -91 4]
[312 -89 4]
[312 -88 4]
[312 -99 4]
[312 -98 4]
[312 -97 4]
[312 -90 4]
[312 -80 4]
[312 -82 4]
[312 -110 15]
[312 -109 15]
[312 -110 16]
[313 -87 5]
[313 -89 3]
[313 -87 3]
[313 -93 4]
[313 -92 4]
[313 -109 13]
[313 -109 14]
[313 -100 4]
[313 -90 3]
[313 -98 3]
[313 -99 3]
[313 -80 3]
[313 -108 12]
[313 -84 3]
[313 -84 4]
[313 -81 3]
[313 -104 5]
[313 -105 7]
[313 -106 5]
[313 -105 5]
[313 -75 3]
[313 -76 3]
[313 -107 10]
[313 -108 11]
[313 -107 9]
[313 -100 3]
[313 -82 3]
[313 -83 3]
[313 -75 5]
[313 -74 5]
[313 -74 3]
[313 -96 3]
[313 -97 3]
[313 -85 3]
[313 -86 3]
[313 -77 3]
[313 -101 5]
[313 -102 5]
[313 -106 7]
[313 -106 8]
[313 -111 16]
[313 -111 14]
[313 -111 15]
[313 -110 14]
[313 -94 3]
[314 -106 4]
[314 -107 5]
[314 -105 4]
[314 -104 6]
[314 -104 4]
[314 -73 2]
[314 -74 2]
[314 -73 4]
[314 -73 3]
[314 -75 2]
[314 -77 2]
[314 -93 3]
[314 -94 2]
[314 -85 2]
[314 -83 2]
[314 -84 2]
[314 -101 3]
[314 -101 4]
[314 -106 6]
[314 -91 2]
[314 -109 11]
[314 -101 2]
[314 -99 2]
[314 -110 12]
[314 -109 12]
[314 -108 13]
[314 -82 2]
[314 -108 8]
[314 -107 8]
[314 -108 10]
[314 -112 15]
[314 -97 2]
[314 -102 4]
[314 -107 6]
[314 -92 3]
[314 -112 13]
[314 -111 13]
[314 -81 2]
[314 -80 2]
[314 -79 2]
[314 -76 2]
[314 -78 2]
[314 -112 14]
[314 -103 4]
[314 -103 5]
[314 -95 2]
[314 -95 3]
[314 -96 2]
[314 -109 10]
[314 -87 2]
[314 -88 2]
[314 -87 4]
[314 -88 3]
[314 -110 13]
[315 -96 1]
[315 -113 13]
[315 -112 12]
[315 -85 1]
[315 -103 3]
[315 -89 1]
[315 -87 1]
[315 -88 1]
[315 -89 2]
[315 -104 3]
[315 -105 3]
[315 -106 3]
[315 -108 7]
[315 -107 7]
[315 -108 9]
[315 -92 2]
[315 -102 3]
[315 -102 2]
[315 -97 1]
[315 -95 1]
[315 -108 6]
[315 -91 3]
[315 -90 2]
[315 -91 1]
[315 -111 12]
[315 -111 11]
[315 -73 1]
[315 -82 1]
[315 -72 4]
[315 -72 2]
[315 -77 1]
[315 -79 1]
[315 -79 3]
[315 -86 1]
[315 -86 2]
[315 -110 10]
[315 -110 11]
[315 -109 9]
[315 -99 1]
[315 -100 2]
[315 -98 2]
[315 -94 1]
[315 -93 2]
[315 -72 5]
[315 -73 5]
[315 -72 3]
[315 -101 1]
[315 -102 1]
[315 -81 1]
[315 -76 1]
[315 -78 1]
[315 -108 4]
[315 -107 4]
[316 -109 8]
[316 -110 9]
[316 -105 2]
[316 -96 0]
[316 -103 2]
[316 -109 6]
[316 -95 0]
[316 -93 1]
[316 -80 0]
[316 -81 0]
[316 -90 1]
[316 -83 1]
[316 -83 0]
[316 -94 0]
[316 -92 1]
[316 -99 0]
[316 -98 0]
[316 -102 0]
[316 -100 1]
[316 -101 0]
[316 -71 4]
[316 -71 3]
[316 -108 5]
[316 -111 9]
[316 -103 0]
[316 -103 1]
[316 -85 0]
[316 -78 0]
[316 -86 0]
[316 -88 0]
[316 -112 10]
[316 -104 2]
[316 -106 2]
[316 -90 0]
[316 -97 0]
[316 -98 1]
[316 -72 1]
[316 -109 5]
[316 -109 4]
[316 -109 3]
[316 -77 0]
[316 -71 2]
[317 -89 -1]
[317 -89 0]
[317 -90 -1]
[317 -110 5]
[317 -110 4]
[317 -110 3]
[317 -108 3]
[317 -78 -1]
[317 -77 -1]
[317 -79 0]
[317 -104 0]
[317 -102 -1]
[317 -103 -1]
[317 -86 -1]
[317 -84 0]
[317 -84 -1]
[317 -70 2]
[317 -100 -1]
[317 -99 -1]
[317 -93 0]
[317 -91 0]
[317 -92 0]
[317 -95 -1]
[317 -94 -1]
[317 -93 -1]
[317 -87 -1]
[317 -97 -1]
[317 -80 1]
[317 -80 -1]
[317 -110 7]
[317 -98 -1]
[317 -111 10]
[317 -110 8]
[317 -111 8]
[317 -101 -1]
[317 -110 6]
[317 -112 9]
[317 -113 11]
[317 -113 10]
[317 -70 3]
[317 -71 1]
[317 -82 0]
[317 -106 1]
[317 -105 1]
[317 -104 1]
[317 -96 -1]
[317 -107 3]
[317 -82 -1]
[317 -83 -1]
[317 -84 1]
[318 -78 -2]
[318 -79 -2]
[318 -101 -2]
[318 -103 -2]
[318 -102 -2]
[318 -112 8]
[318 -82 -2]
[318 -81 -2]
[318 -96 -2]
[318 -109 2]
[318 -98 -2]
[318 -69 2]
[318 -69 4]
[318 -85 -2]
[318 -84 -2]
[318 -89 -2]
[318 -91 -2]
[318 -81 -1]
[318 -87 0]
[318 -86 -2]
[318 -88 -1]
[318 -111 4]
[318 -111 5]
[318 -100 0]
[318 -100 -2]
[318 -108 2]
[318 -107 2]
[318 -99 -2]
[318 -91 -1]
[318 -112 7]
[318 -114 10]
[318 -104 -2]
[318 -105 0]
[318 -70 1]
[318 -69 1]
[318 -109 7]
[318 -85 -1]
[318 -87 -2]
[318 -88 -2]
[318 -97 -2]
[318 -92 -1]
[318 -104 -1]
[318 -110 2]
[318 -111 3]
[318 -79 -1]
[318 -114 11]
[318 -95 -2]
[318 -94 -2]
[318 -93 -2]
[318 -107 1]
[318 -112 11]
[319 -68 1]
[319 -69 3]
[319 -84 -3]
[319 -85 -3]
[319 -97 -3]
[319 -98 -3]
[319 -101 -3]
[319 -87 -3]
[319 -70 0]
[319 -69 0]
[319 -77 -2]
[319 -92 -2]
[319 -90 -2]
[319 -99 -3]
[319 -80 -2]
[319 -80 -3]
[319 -108 1]
[319 -106 0]
[319 -107 0]
[319 -88 -3]
[319 -103 -3]
[319 -83 -3]
[319 -112 6]
[319 -113 7]
[319 -113 8]
[319 -111 6]
[319 -113 6]
[319 -113 9]
[319 -113 12]
[319 -115 9]
[319 -90 -3]
[319 -112 2]
[319 -92 -3]
[319 -94 -3]
[319 -68 3]
[319 -81 -3]
[319 -82 -3]
[319 -111 1]
[319 -110 1]
[319 -109 1]
[319 -112 4]
[319 -105 -3]
[319 -105 -2]
[320 -70 4]
[320 -108 0]
[320 -113 2]
[320 -113 1]
[320 -113 3]
[320 -106 -4]
[320 -105 -4]
[320 -106 -3]
[320 -104 -3]
[320 -97 -4]
[320 -98 -4]
[320 -107 -1]
[320 -106 -1]
[320 -95 -3]
[320 -93 -3]
[320 -67 2]
[320 -68 2]
[320 -67 3]
[320 -102 -4]
[320 -77 -3]
[320 -111 0]
[320 -114 7]
[320 -113 4]
[320 -80 -4]
[320 -81 -4]
[320 -79 -3]
[320 -79 -4]
[320 -87 -4]
[320 -86 -4]
[320 -86 -3]
[320 -109 0]
[320 -92 -4]
[320 -93 -4]
[320 -83 -2]
[320 -83 -4]
[320 -100 -4]
[320 -100 -3]
[320 -101 -4]
[320 -116 8]
[320 -91 -3]
[320 -89 -3]
[320 -90 -4]
[320 -112 5]
[320 -111 7]
[320 -114 8]
[320 -96 -3]
[320 -89 -4]
[320 -88 -4]
[320 -114 6]
[320 -114 5]
[320 -82 -4]
[320 -84 -4]
[321 -101 -5]
[321 -102 -5]
[321 -102 -3]
[321 -78 -4]
[321 -78 -5]
[321 -79 -5]
[321 -78 -3]
[321 -91 -5]
[321 -92 -5]
[321 -106 -5]
[321 -105 -5]
[321 -107 -5]
[321 -107 -4]
[321 -115 7]
[321 -82 -5]
[321 -104 -4]
[321 -93 -5]
[321 -114 4]
[321 -114 3]
[321 -113 5]
[321 -67 1]
[321 -81 -5]
[321 -87 -5]
[321 -88 -5]
[321 -86 -5]
[321 -115 5]
[321 -115 6]
[321 -100 -5]
[321 -107 -3]
[321 -85 -5]
[321 -84 -5]
[321 -83 -5]
[321 -85 -4]
[321 -112 1]
[321 -95 -4]
[321 -112 0]
[321 -114 1]
[321 -80 -5]
[321 -111 -1]
[321 -110 0]
[321 -110 -1]
[321 -94 -4]
[321 -109 -1]
[321 -116 7]
[321 -96 -4]
[321 -112 3]
[321 -89 -5]
[321 -107 -2]
[321 -106 -2]
[321 -98 -5]
[321 -97 -5]
[322 -108 -2]
[322 -78 -6]
[322 -80 -6]
[322 -79 -6]
[322 -112 -2]
[322 -111 2]
[322 -116 6]
[322 -83 -6]
[322 -82 -6]
[322 -81 -6]
[322 -103 -4]
[322 -104 -5]
[322 -106 -6]
[322 -107 -6]
[322 -87 -6]
[322 -89 -6]
[322 -117 7]
[322 -115 8]
[322 -117 6]
[322 -105 -6]
[322 -113 0]
[322 -115 1]
[322 -114 2]
[322 -94 -6]
[322 -93 -6]
[322 -94 -5]
[322 -96 -6]
[322 -96 -5]
[322 -88 -6]
[322 -90 -5]
[322 -90 -6]
[322 -108 -1]
[322 -110 -2]
[322 -84 -6]
[322 -99 -5]
[322 -101 -6]
[322 -100 -6]
[322 -108 -5]
[322 -102 -6]
[322 -115 3]
[322 -115 4]
[322 -91 -6]
[322 -99 -4]
[322 -97 -6]
[323 -103 -6]
[323 -103 -5]
[323 -88 -7]
[323 -98 -7]
[323 -97 -7]
[323 -98 -6]
[323 -84 -7]
[323 -115 2]
[323 -109 -4]
[323 -109 -5]
[323 -108 -6]
[323 -118 7]
[323 -118 6]
[323 -82 -7]
[323 -116 9]
[323 -109 -2]
[323 -108 -3]
[323 -109 -3]
[323 -77 -7]
[323 -110 -3]
[323 -111 -2]
[323 -113 -3]
[323 -113 -2]
[323 -112 -1]
[323 -104 -7]
[323 -117 5]
[323 -116 5]
[323 -92 -7]
[323 -91 -7]
[323 -92 -6]
[323 -90 -7]
[323 -79 -7]
[323 -80 -7]
[323 -78 -7]
[323 -106 -7]
[323 -105 -7]
[323 -94 -7]
[323 -95 -6]
[323 -95 -5]
[323 -102 -7]
[323 -101 -7]
[323 -100 -7]
[323 -107 -7]
[323 -108 -7]
[323 -116 3]
[323 -99 -7]
[323 -99 -6]
[323 -115 0]
[323 -116 2]
[323 -114 0]
[323 -114 -1]
[323 -116 4]
[324 -115 -1]
[324 -113 -1]
[324 -117 4]
[324 -104 -6]
[324 -117 3]
[324 -117 1]
[324 -105 -8]
[324 -103 -7]
[324 -98 -8]
[324 -99 -8]
[324 -87 -8]
[324 -89 -8]
[324 -88 -8]
[324 -110 -5]
[324 -108 -4]
[324 -110 -4]
[324 -118 5]
[324 -93 -8]
[324 -93 -7]
[324 -109 -8]
[324 -109 -6]
[324 -85 -7]
[324 -83 -8]
[324 -84 -8]
[324 -90 -8]
[324 -78 -8]
[324 -79 -8]
[324 -81 -8]
[324 -80 -8]
[324 -95 -7]
[324 -102 -8]
[324 -101 -8]
[324 -91 -8]
[324 -107 -8]
[324 -106 -8]
[324 -81 -7]
[324 -110 -6]
[324 -116 1]
[324 -97 -8]
[324 -112 -3]
[324 -114 -4]
[324 -114 -2]
[324 -114 -3]
[324 -103 -8]
[324 -76 -7]
[324 -117 8]
[325 -118 4]
[325 -111 -5]
[325 -82 -8]
[325 -84 -9]
[325 -85 -8]
[325 -85 -9]
[325 -103 -9]
[325 -105 -9]
[325 -106 -9]
[325 -86 -8]
[325 -86 -6]
[325 -104 -8]
[325 -111 -4]
[325 -112 -4]
[325 -111 -6]
[325 -94 -9]
[325 -92 -8]
[325 -92 -9]
[325 -91 -9]
[325 -89 -9]
[325 -117 2]
[325 -117 0]
[325 -86 -7]
[325 -88 -9]
[325 -87 -9]
[325 -87 -7]
[325 -96 -7]
[325 -96 -9]
[325 -94 -8]
[325 -118 3]
[325 -79 -9]
[325 -80 -9]
[325 -78 -9]
[325 -101 -9]
[325 -102 -9]
[325 -90 -9]
[325 -109 -7]
[325 -109 -9]
[325 -104 -9]
[325 -118 1]
[325 -118 0]
[325 -89 -7]
[325 -113 -4]
[325 -115 -2]
[325 -116 -1]
[325 -116 -2]
[325 -107 -9]
[325 -108 -8]
[325 -99 -9]
[325 -77 -8]
[326 -117 -2]
[326 -117 -1]
[326 -95 -8]
[326 -95 -9]
[326 -105 -10]
[326 -106 -10]
[326 -104 -10]
[326 -98 -9]
[326 -82 -9]
[326 -83 -7]
[326 -83 -9]
[326 -110 -8]
[326 -110 -10]
[326 -108 -10]
[326 -109 -10]
[326 -80 -10]
[326 -78 -10]
[326 -79 -10]
[326 -96 -8]
[326 -111 -3]
[326 -86 -9]
[326 -84 -10]
[326 -100 -10]
[326 -101 -10]
[326 -112 -5]
[326 -113 -5]
[326 -85 -10]
[326 -119 -1]
[326 -119 1]
[326 -88 -10]
[326 -107 -10]
[326 -116 -3]
[326 -115 -3]
[326 -93 -10]
[326 -93 -9]
[326 -119 0]
[326 -118 2]
[326 -97 -10]
[326 -95 -10]
[326 -96 -10]
[326 -89 -10]
[326 -91 -10]
[326 -85 -6]
[326 -92 -10]
[326 -108 -9]
[326 -76 -8]
[326 -77 -9]
[326 -103 -10]
[326 -116 0]
[327 -92 -11]
[327 -94 -11]
[327 -93 -11]
[327 -98 -10]
[327 -97 -11]
[327 -98 -11]
[327 -84 -11]
[327 -85 -11]
[327 -102 -11]
[327 -100 -9]
[327 -100 -11]
[327 -101 -11]
[327 -81 -10]
[327 -81 -9]
[327 -118 -2]
[327 -119 -2]
[327 -103 -11]
[327 -91 -11]
[327 -108 -11]
[327 -106 -11]
[327 -110 -9]
[327 -110 -11]
[327 -79 -11]
[327 -110 -7]
[327 -117 -3]
[327 -118 -1]
[327 -82 -10]
[327 -83 -10]
[327 -113 -6]
[327 -112 -6]
[327 -76 -9]
[327 -80 -11]
[327 -86 -11]
[327 -96 -11]
[327 -95 -11]
[327 -97 -9]
[327 -105 -11]
[327 -104 -11]
[327 -109 -11]
[327 -89 -11]
[327 -88 -11]
[327 -94 -10]
[327 -75 -8]
[327 -90 -10]
[327 -90 -11]
[327 -115 -4]
[327 -107 -11]
[328 -80 -12]
[328 -81 -11]
[328 -99 -12]
[328 -99 -11]
[328 -99 -10]
[328 -90 -12]
[328 -104 -12]
[328 -103 -12]
[328 -83 -11]
[328 -84 -12]
[328 -89 -12]
[328 -111 -11]
[328 -109 -12]
[328 -107 -12]
[328 -110 -12]
[328 -75 -9]
[328 -95 -12]
[328 -120 -3]
[328 -120 -2]
[328 -118 -3]
[328 -119 -3]
[328 -100 -12]
[328 -102 -12]
[328 -101 -12]
[328 -98 -12]
[328 -97 -12]
[328 -82 -11]
[328 -114 -6]
[328 -113 -7]
[328 -114 -5]
[328 -86 -12]
[328 -85 -12]
[328 -86 -10]
[328 -115 -5]
[328 -116 -5]
[328 -93 -12]
[328 -91 -12]
[328 -92 -12]
[328 -111 -7]
[328 -102 -10]
[328 -106 -12]
[328 -105 -12]
[328 -87 -10]
[328 -111 -10]
[328 -111 -9]
[328 -108 -12]
[329 -112 -10]
[329 -80 -13]
[329 -93 -13]
[329 -94 -13]
[329 -81 -12]
[329 -82 -12]
[329 -83 -12]
[329 -90 -13]
[329 -85 -13]
[329 -83 -13]
[329 -117 -5]
[329 -115 -6]
[329 -116 -6]
[329 -117 -4]
[329 -120 -4]
[329 -118 -4]
[329 -109 -13]
[329 -110 -13]
[329 -111 -13]
[329 -111 -12]
[329 -112 -11]
[329 -104 -13]
[329 -105 -13]
[329 -112 -8]
[329 -111 -8]
[329 -98 -13]
[329 -99 -13]
[329 -94 -12]
[329 -95 -13]
[329 -96 -13]
[329 -100 -13]
[329 -101 -13]
[329 -108 -13]
[329 -107 -13]
[329 -106 -13]
[329 -91 -13]
[329 -92 -13]
[329 -112 -12]
[329 -86 -13]
[329 -103 -13]
[329 -96 -12]
[329 -87 -11]
[329 -87 -12]
[329 -87 -13]
[329 -114 -8]
[329 -113 -8]
[329 -97 -13]
[329 -89 -13]
[329 -102 -13]
[330 -112 -9]
[330 -114 -7]
[330 -113 -9]
[330 -97 -14]
[330 -105 -14]
[330 -104 -14]
[330 -116 -7]
[330 -115 -7]
[330 -107 -14]
[330 -119 -4]
[330 -119 -5]
[330 -118 -5]
[330 -91 -14]
[330 -89 -14]
[330 -110 -14]
[330 -84 -14]
[330 -92 -14]
[330 -117 -6]
[330 -109 -14]
[330 -108 -14]
[330 -98 -14]
[330 -120 -5]
[330 -81 -13]
[330 -82 -13]
[330 -95 -14]
[330 -102 -14]
[330 -103 -14]
[330 -118 -6]
[330 -84 -13]
[330 -83 -14]
[330 -82 -14]
[330 -113 -11]
[330 -113 -10]
[330 -93 -14]
[330 -90 -14]
[330 -88 -13]
[330 -88 -14]
[330 -115 -9]
[330 -86 -14]
[330 -85 -14]
[330 -88 -12]
[330 -87 -14]
[330 -106 -14]
[330 -113 -12]
[330 -113 -13]
[330 -112 -13]
[330 -100 -14]
[330 -81 -14]
[330 -80 -14]
[330 -96 -14]
[330 -94 -14]
[331 -88 -15]
[331 -119 -6]
[331 -119 -7]
[331 -114 -12]
[331 -85 -15]
[331 -84 -15]
[331 -117 -7]
[331 -114 -14]
[331 -113 -14]
[331 -112 -14]
[331 -105 -15]
[331 -103 -15]
[331 -104 -15]
[331 -99 -14]
[331 -100 -15]
[331 -92 -15]
[331 -90 -15]
[331 -86 -15]
[331 -87 -15]
[331 -109 -15]
[331 -94 -15]
[331 -93 -15]
[331 -117 -8]
[331 -115 -8]
[331 -120 -6]
[331 -96 -15]
[331 -95 -15]
[331 -114 -10]
[331 -114 -9]
[331 -81 -15]
[331 -89 -15]
[331 -91 -15]
[331 -80 -15]
[331 -102 -15]
[331 -99 -15]
[331 -98 -15]
[331 -97 -15]
[331 -110 -15]
[331 -111 -15]
[331 -83 -15]
[331 -82 -15]
[331 -116 -10]
[331 -116 -8]
[332 -118 -7]
[332 -116 -9]
[332 -81 -16]
[332 -83 -16]
[332 -82 -16]
[332 -114 -15]
[332 -115 -10]
[332 -101 -16]
[332 -102 -16]
[332 -101 -15]
[332 -120 -7]
[332 -105 -16]
[332 -91 -16]
[332 -92 -16]
[332 -104 -16]
[332 -106 -16]
[332 -117 -10]
[332 -108 -16]
[332 -110 -16]
[332 -109 -16]
[332 -80 -16]
[332 -88 -16]
[332 -114 -11]
[332 -118 -9]
[332 -117 -9]
[332 -118 -8]
[332 -99 -16]
[332 -85 -16]
[332 -95 -16]
[332 -94 -16]
[332 -103 -16]
[332 -98 -16]
[332 -115 -15]
[332 -113 -15]
[332 -115 -13]
[332 -111 -14]
[332 -93 -16]
[332 -121 -6]
[332 -112 -16]
[332 -111 -16]
[332 -86 -16]
[332 -87 -16]
[332 -89 -16]
[333 -90 -16]
[333 -90 -17]
[333 -88 -17]
[333 -115 -11]
[333 -89 -17]
[333 -118 -10]
[333 -119 -8]
[333 -119 -9]
[333 -83 -17]
[333 -84 -16]
[333 -84 -17]
[333 -98 -17]
[333 -100 -16]
[333 -115 -12]
[333 -116 -13]
[333 -103 -17]
[333 -104 -17]
[333 -86 -17]
[333 -85 -17]
[333 -81 -17]
[333 -92 -17]
[333 -112 -15]
[333 -115 -16]
[333 -115 -14]
[333 -114 -16]
[333 -95 -17]
[333 -111 -17]
[333 -120 -8]
[333 -101 -14]
[333 -100 -17]
[333 -87 -17]
[333 -110 -17]
[333 -107 -15]
[333 -109 -17]
[333 -107 -17]
[333 -108 -15]
[333 -116 -14]
[333 -116 -15]
[333 -116 -16]
[333 -105 -17]
[333 -106 -15]
[333 -106 -17]
[333 -80 -17]
[333 -94 -17]
[333 -99 -17]
[333 -97 -17]
[334 -120 -10]
[334 -109 -18]
[334 -108 -18]
[334 -110 -18]
[334 -96 -18]
[334 -91 -18]
[334 -90 -18]
[334 -82 -18]
[334 -82 -17]
[334 -80 -18]
[334 -81 -18]
[334 -99 -18]
[334 -98 -18]
[334 -107 -16]
[334 -85 -18]
[334 -86 -18]
[334 -87 -18]
[334 -121 -7]
[334 -121 -9]
[334 -120 -9]
[334 -107 -18]
[334 -114 -13]
[334 -113 -16]
[334 -115 -17]
[334 -119 -11]
[334 -117 -11]
[334 -105 -18]
[334 -117 -14]
[334 -102 -18]
[334 -101 -18]
[334 -100 -18]
[334 -96 -16]
[334 -94 -18]
[334 -95 -18]
[334 -96 -17]
[334 -103 -18]
[334 -114 -17]
[334 -88 -18]
[334 -117 -12]
[334 -116 -12]
[334 -117 -13]
[334 -116 -11]
[334 -117 -15]
[334 -112 -17]
[334 -93 -18]
[334 -101 -17]
[334 -91 -17]
[334 -92 -18]
[334 -89 -18]
[335 -100 -19]
[335 -98 -19]
[335 -118 -12]
[335 -115 -18]
[335 -116 -17]
[335 -83 -18]
[335 -89 -19]
[335 -106 -18]
[335 -107 -19]
[335 -108 -19]
[335 -114 -18]
[335 -111 -19]
[335 -121 -10]
[335 -120 -11]
[335 -119 -10]
[335 -102 -19]
[335 -97 -16]
[335 -119 -12]
[335 -101 -19]
[335 -93 -19]
[335 -83 -19]
[335 -81 -19]
[335 -82 -19]
[335 -84 -18]
[335 -99 -19]
[335 -118 -14]
[335 -121 -8]
[335 -118 -13]
[335 -88 -19]
[335 -85 -19]
[335 -87 -19]
[335 -94 -19]
[335 -92 -19]
[335 -97 -19]
[335 -96 -19]
[335 -104 -19]
[335 -104 -18]
[335 -103 -19]
[335 -108 -17]
[335 -95 -19]
[335 -109 -19]
[336 -121 -11]
[336 -86 -20]
[336 -96 -20]
[336 -97 -18]
[336 -93 -20]
[336 -102 -20]
[336 -103 -20]
[336 -89 -20]
[336 -90 -20]
[336 -88 -20]
[336 -99 -20]
[336 -97 -20]
[336 -101 -20]
[336 -117 -16]
[336 -118 -11]
[336 -110 -19]
[336 -108 -20]
[336 -86 -19]
[336 -121 -12]
[336 -120 -13]
[336 -95 -20]
[336 -81 -20]
[336 -82 -20]
[336 -94 -20]
[336 -107 -20]
[336 -109 -20]
[336 -114 -19]
[336 -87 -20]
[336 -84 -19]
[336 -98 -20]
[336 -111 -20]
[336 -91 -19]
[336 -106 -19]
[336 -105 -19]
[336 -92 -20]
[336 -106 -20]
[337 -121 -13]
[337 -120 -12]
[337 -85 -20]
[337 -83 -20]
[337 -94 -21]
[337 -96 -21]
[337 -108 -21]
[337 -105 -20]
[337 -88 -21]
[337 -90 -21]
[337 -90 -19]
[337 -81 -21]
[337 -121 -14]
[337 -89 -21]
[337 -109 -21]
[337 -93 -21]
[337 -86 -21]
[337 -91 -21]
[337 -92 -21]
[337 -97 -21]
[337 -98 -21]
[337 -100 -20]
[337 -99 -21]
[337 -104 -20]
[337 -87 -21]
[337 -118 -17]
[337 -117 -17]
[337 -113 -20]
[337 -114 -20]
[337 -115 -19]
[337 -103 -21]
[337 -104 -21]
[337 -106 -21]
[337 -110 -21]
[337 -100 -21]
[337 -102 -21]
[338 -104 -22]
[338 -97 -22]
[338 -91 -20]
[338 -120 -14]
[338 -121 -15]
[338 -120 -15]
[338 -102 -22]
[338 -101 -21]
[338 -107 -22]
[338 -84 -20]
[338 -83 -21]
[338 -84 -21]
[338 -96 -22]
[338 -103 -22]
[338 -116 -19]
[338 -116 -18]
[338 -115 -20]
[338 -98 -22]
[338 -91 -22]
[338 -118 -18]
[338 -108 -22]
[338 -110 -22]
[338 -112 -21]
[338 -113 -21]
[338 -82 -22]
[338 -93 -22]
[338 -92 -22]
[338 -107 -21]
[338 -105 -22]
[338 -106 -22]
[338 -119 -17]
[338 -119 -18]
[338 -95 -22]
[338 -95 -21]
[338 -119 -13]
[338 -110 -20]
[338 -109 -22]
[338 -94 -22]
[339 -117 -18]
[339 -104 -23]
[339 -103 -23]
[339 -102 -23]
[339 -101 -23]
[339 -98 -23]
[339 -96 -23]
[339 -119 -14]
[339 -93 -23]
[339 -92 -23]
[339 -119 -15]
[339 -95 -23]
[339 -107 -23]
[339 -105 -23]
[339 -112 -22]
[339 -111 -21]
[339 -120 -17]
[339 -120 -16]
[339 -91 -23]
[339 -90 -22]
[339 -85 -22]
[339 -85 -21]
[339 -84 -22]
[339 -106 -23]
[339 -113 -22]
[339 -114 -21]
[339 -82 -23]
[339 -81 -22]
[339 -82 -21]
[339 -83 -22]
[339 -83 -23]
[339 -119 -16]
[339 -121 -16]
[339 -118 -19]
[339 -120 -19]
[339 -120 -18]
[339 -99 -23]
[339 -94 -23]
[340 -94 -24]
[340 -93 -24]
[340 -95 -24]
[340 -92 -24]
[340 -90 -23]
[340 -81 -23]
[340 -108 -24]
[340 -107 -24]
[340 -117 -20]
[340 -119 -19]
[340 -119 -20]
[340 -118 -20]
[340 -121 -17]
[340 -118 -15]
[340 -85 -23]
[340 -103 -24]
[340 -105 -24]
[340 -104 -24]
[340 -111 -23]
[340 -98 -24]
[340 -100 -24]
[340 -100 -22]
[340 -99 -24]
[340 -100 -23]
[340 -102 -24]
[340 -106 -24]
[340 -111 -22]
[340 -121 -18]
[340 -91 -24]
[340 -99 -22]
[340 -97 -23]
[340 -97 -24]
[340 -101 -22]
[340 -82 -24]
[341 -98 -25]
[341 -106 -25]
[341 -103 -25]
[341 -104 -25]
[341 -118 -21]
[341 -85 -24]
[341 -84 -24]
[341 -90 -24]
[341 -100 -25]
[341 -101 -25]
[341 -117 -19]
[341 -116 -20]
[341 -109 -25]
[341 -102 -25]
[342 -99 -25]
[342 -98 -26]
[342 -101 -26]
[342 -84 -23]
[342 -83 -24]
[342 -85 -25]
[342 -84 -25]
[342 -102 -26]
[342 -110 -25]
[342 -109 -26]
[342 -89 -24]
[342 -86 -23]
[342 -103 -26]
[343 -100 -27]
[343 -101 -27]
[343 -84 -26]
[343 -97 -26]
[343 -97 -27]
[343 -108 -26]
[343 -88 -25]
[343 -88 -24]
[343 -85 -26]
[343 -86 -25]
[343 -102 -27]
[343 -111 -25]
[343 -110 -26]
[343 -111 -24]
[343 -87 -23]
[344 -98 -28]
[344 -88 -23]
[344 -99 -27]
[344 -110 -24]
[344 -96 -27]
[344 -86 -26]
[344 -89 -25]
[344 -87 -25]
[344 -107 -27]
[344 -107 -25]
[345 -108 -27]
[345 -106 -27]
[345 -95 -26]
[345 -98 -27]
[345 -98 -29]
[345 -97 -29]
[346 -96 -26]
[346 -97 -30]
[346 -96 -29]
[346 -98 -30]
[346 -107 -28]
[346 -106 -28]
[346 -99 -30]
[347 -105 -29]
[347 -106 -29]
[347 -100 -31]
[347 -99 -31]
[347 -95 -30]
[347 -95 -28]
[347 -97 -28]
[347 -96 -30]
[347 -95 -27]
[347 -98 -31]
[348 -101 -30]
[348 -99 -32]
[348 -101 -32]
[348 -100 -30]
[348 -95 -31]
[348 -96 -31]
[348 -94 -31]
[348 -104 -29]
[348 -98 -32]
[348 -100 -32]
[348 -105 -30]
[348 -94 -28]
[349 -97 -32]
[349 -103 -29]
[349 -103 -30]
[349 -104 -30]
[349 -93 -27]
[349 -102 -29]
[349 -96 -32]
[349 -93 -32]
[349 -94 -32]
[349 -95 -32]
[349 -102 -33]
[349 -100 -33]
[350 -93 -28]
[350 -92 -28]
[350 -94 -33]
[350 -95 -33]
[350 -104 -31]
[350 -102 -30]
[350 -103 -31]
[350 -96 -33]
[350 -100 -34]
[350 -103 -33]
[350 -102 -32]
[350 -102 -34]
[351 -94 -34]
[351 -93 -34]
[351 -93 -33]
[351 -104 -32]
[351 -103 -32]
[351 -101 -34]
[351 -99 -35]
[351 -102 -35]
[351 -101 -35]
[351 -92 -27]
[351 -94 -27]
[351 -91 -28]
[351 -91 -27]
[352 -98 -35]
[352 -100 -35]
[352 -92 -34]
[352 -90 -29]
[353 -91 -33]
[353 -91 -35]
[353 -89 -28]
[353 -89 -29]
[353 -90 -28]
[354 -88 -30]
[354 -88 -29]
[354 -91 -34]
[354 -90 -36]
[354 -90 -33]
[354 -92 -32]
[354 -90 -34]
[354 -92 -33]
[354 -91 -32]
[355 -87 -29]
[355 -87 -30]
[355 -89 -37]
[355 -89 -36]
[355 -90 -35]
[355 -89 -33]
[355 -89 -34]
[356 -89 -35]
[356 -88 -36]
[356 -88 -37]
[356 -88 -35]
[356 -88 -34]
[357 -87 -34]
[358 -86 -35]
[359 -87 -35]
[359 -85 -36]
[360 -84 -35]
[360 -85 -35]
[361 -84 -36]
