WORLD -121 121 -150 150 8.599638030038024 45.971120579063566 20.922061667319632 20.871909874832877
[0 89 34]
[0 90 33]
[0 89 35]
[0 90 34]
[0 89 33]
[0 88 33]
[0 88 34]
[0 88 35]
[0 87 33]
[0 87 34]
[0 88 32]
[0 87 32]
[0 88 36]
[0 89 36]
[0 90 32]
[1 88 37]
[1 87 35]
[1 87 36]
[1 89 37]
[1 89 31]
[1 89 32]
[1 90 31]
[1 86 32]
[1 86 33]
[1 90 36]
[1 90 37]
[1 86 35]
[2 91 37]
[2 89 38]
[2 85 32]
[2 85 31]
[2 89 30]
[2 90 30]
[2 85 34]
[2 86 36]
[2 87 38]
[2 87 37]
[2 88 38]
[2 90 38]
[2 85 33]
[3 84 33]
[3 91 38]
[3 90 39]
[3 91 39]
[3 92 38]
[3 92 37]
[3 87 39]
[3 88 39]
[3 86 38]
[3 86 39]
[3 86 37]
[3 84 35]
[3 86 34]
[3 85 37]
[3 85 30]
[3 84 30]
[3 84 31]
[3 86 30]
[3 84 32]
[4 87 31]
[4 86 31]
[4 87 30]
[4 89 39]
[4 85 38]
[4 85 39]
[4 84 37]
[4 84 38]
[4 85 36]
[4 86 29]
[4 93 39]
[4 83 33]
[4 88 40]
[4 87 40]
[4 83 34]
[4 83 32]
[4 84 29]
[4 83 31]
[4 85 29]
[4 83 29]
[4 83 30]
[4 86 40]
[4 90 40]
[4 83 36]
[4 93 37]
[4 93 38]
[5 84 39]
[5 83 37]
[5 83 39]
[5 85 40]
[5 82 32]
[5 82 36]
[5 82 35]
[5 94 38]
[5 88 29]
[5 87 29]
[5 88 31]
[5 88 30]
[5 91 40]
[5 83 38]
[5 84 36]
[5 82 33]
[5 83 35]
[5 86 28]
[5 84 28]
[5 85 28]
[5 84 40]
[5 92 40]
[5 94 40]
[5 94 39]
[5 92 39]
[5 93 40]
[5 82 30]
[5 82 29]
[5 87 28]
[5 89 41]
[5 89 40]
[5 82 31]
[5 86 41]
[5 87 41]
[5 83 28]
[5 85 35]
[6 82 38]
[6 82 39]
[6 95 40]
[6 95 38]
[6 89 42]
[6 88 41]
[6 84 27]
[6 84 34]
[6 93 41]
[6 95 41]
[6 95 39]
[6 91 41]
[6 90 41]
[6 92 41]
[6 81 37]
[6 85 41]
[6 87 42]
[6 83 40]
[6 83 41]
[6 84 41]
[6 82 34]
[6 88 27]
[6 87 27]
[6 88 28]
[6 94 41]
[6 86 27]
[6 85 27]
[6 81 30]
[6 81 29]
[6 81 32]
[6 81 33]
[6 95 37]
[6 82 40]
[6 82 28]
[6 83 27]
[7 81 27]
[7 81 28]
[7 80 30]
[7 80 28]
[7 82 42]
[7 85 26]
[7 86 26]
[7 87 26]
[7 88 43]
[7 86 42]
[7 82 26]
[7 84 26]
[7 81 34]
[7 80 33]
[7 81 40]
[7 91 42]
[7 81 41]
[7 81 39]
[7 80 31]
[7 81 31]
[7 96 39]
[7 96 41]
[7 84 42]
[7 85 42]
[7 83 42]
[7 89 43]
[7 88 42]
[7 96 40]
[7 80 36]
[7 81 38]
[7 82 37]
[7 80 37]
[7 80 38]
[7 94 36]
[7 88 26]
[7 89 27]
[7 89 26]
[7 96 38]
[8 86 43]
[8 87 43]
[8 79 32]
[8 79 31]
[8 80 32]
[8 82 41]
[8 83 43]
[8 82 43]
[8 84 25]
[8 83 26]
[8 81 42]
[8 80 42]
[8 80 40]
[8 80 41]
[8 82 27]
[8 80 27]
[8 81 36]
[8 87 25]
[8 89 25]
[8 79 36]
[8 80 39]
[8 85 43]
[8 84 43]
[8 97 38]
[8 97 39]
[8 97 40]
[8 81 43]
[8 81 26]
[8 80 34]
[8 79 34]
[8 90 27]
[8 90 26]
[8 79 37]
[8 88 25]
[8 90 25]
[8 79 38]
[8 79 39]
[8 80 29]
[8 85 25]
[8 83 25]
[8 90 42]
[8 80 35]
[8 81 35]
[9 86 25]
[9 88 24]
[9 86 24]
[9 79 42]
[9 79 40]
[9 79 35]
[9 79 33]
[9 78 35]
[9 81 44]
[9 82 44]
[9 78 36]
[9 78 37]
[9 78 40]
[9 78 39]
[9 85 44]
[9 84 44]
[9 83 44]
[9 84 24]
[9 79 28]
[9 79 30]
[9 87 44]
[9 79 27]
[9 89 24]
[9 78 31]
[9 78 33]
[9 86 44]
[9 78 30]
[9 78 32]
[9 80 25]
[9 82 25]
[9 98 40]
[9 91 27]
[9 80 43]
[10 83 45]
[10 84 45]
[10 78 27]
[10 78 29]
[10 78 28]
[10 78 34]
[10 77 32]
[10 77 41]
[10 79 41]
[10 77 30]
[10 77 31]
[10 77 33]
[10 82 45]
[10 85 24]
[10 87 23]
[10 87 24]
[10 86 23]
[10 81 24]
[10 83 24]
[10 88 23]
[10 81 25]
[10 80 26]
[10 77 37]
[10 77 36]
[10 77 38]
[10 80 44]
[10 79 44]
[10 79 26]
[10 81 45]
[10 80 45]
[10 98 39]
[10 77 40]
[10 78 38]
[11 77 28]
[11 77 27]
[11 79 29]
[11 77 29]
[11 80 23]
[11 80 24]
[11 80 46]
[11 79 45]
[11 76 30]
[11 76 29]
[11 76 31]
[11 76 35]
[11 76 37]
[11 84 23]
[11 76 34]
[11 77 34]
[11 78 41]
[11 87 22]
[11 86 22]
[11 77 39]
[11 76 41]
[11 79 25]
[11 78 25]
[11 81 46]
[11 82 46]
[11 77 42]
[11 76 42]
[11 76 32]
[11 76 33]
[11 82 23]
[11 85 23]
[11 85 22]
[11 79 43]
[11 76 36]
[11 76 38]
[12 76 43]
[12 77 43]
[12 84 22]
[12 84 21]
[12 85 21]
[12 87 21]
[12 78 44]
[12 76 27]
[12 76 28]
[12 78 43]
[12 78 42]
[12 78 24]
[12 78 26]
[12 77 25]
[12 79 24]
[12 75 31]
[12 75 30]
[12 80 47]
[12 75 42]
[12 75 40]
[12 76 40]
[12 75 29]
[12 75 37]
[12 81 47]
[12 79 46]
[12 75 32]
[12 75 33]
[12 75 35]
[12 77 35]
[12 75 38]
[12 83 23]
[12 79 22]
[12 79 23]
[12 81 23]
[13 77 26]
[13 83 21]
[13 75 28]
[13 74 31]
[13 74 29]
[13 76 25]
[13 76 24]
[13 78 45]
[13 79 47]
[13 86 20]
[13 85 20]
[13 76 44]
[13 75 44]
[13 74 30]
[13 83 22]
[13 77 24]
[13 82 22]
[13 82 24]
[13 78 23]
[13 77 44]
[13 77 45]
[13 74 41]
[13 75 43]
[13 74 34]
[13 75 36]
[13 75 34]
[13 75 27]
[13 76 39]
[13 74 32]
[13 74 39]
[13 75 39]
[13 78 21]
[13 78 22]
[13 80 21]
[13 80 22]
[13 74 33]
[14 76 46]
[14 74 45]
[14 76 45]
[14 74 44]
[14 78 46]
[14 77 46]
[14 74 43]
[14 82 21]
[14 73 31]
[14 73 35]
[14 74 28]
[14 73 30]
[14 77 20]
[14 79 21]
[14 77 21]
[14 79 20]
[14 78 20]
[14 76 26]
[14 75 25]
[14 75 24]
[14 80 20]
[14 81 21]
[14 85 19]
[14 74 26]
[14 78 48]
[14 83 20]
[14 73 39]
[14 77 23]
[14 77 22]
[14 74 38]
[14 74 40]
[14 86 19]
[14 73 32]
[14 73 40]
[14 73 41]
[14 73 42]
[14 75 45]
[15 74 24]
[15 75 26]
[15 73 38]
[15 73 44]
[15 73 43]
[15 74 42]
[15 84 18]
[15 74 27]
[15 77 19]
[15 77 47]
[15 75 47]
[15 76 21]
[15 76 23]
[15 79 19]
[15 78 19]
[15 72 41]
[15 72 42]
[15 72 30]
[15 78 47]
[15 80 19]
[15 81 20]
[15 74 36]
[15 74 35]
[15 73 34]
[15 74 46]
[15 73 46]
[15 83 19]
[15 84 19]
[15 84 20]
[15 74 37]
[15 76 22]
[16 75 23]
[16 73 47]
[16 75 46]
[16 73 28]
[16 73 26]
[16 73 27]
[16 75 21]
[16 76 20]
[16 75 20]
[16 73 36]
[16 73 37]
[16 80 18]
[16 78 18]
[16 76 19]
[16 73 23]
[16 74 23]
[16 76 48]
[16 76 47]
[16 74 48]
[16 71 41]
[16 79 18]
[16 75 41]
[16 71 43]
[17 72 23]
[17 72 24]
[17 73 22]
[17 73 48]
[17 73 49]
[17 75 49]
[17 72 27]
[17 73 29]
[17 74 20]
[17 74 21]
[17 74 22]
[17 75 19]
[17 75 48]
[17 76 49]
[17 77 48]
[17 71 42]
[17 70 43]
[17 70 42]
[17 74 47]
[17 76 18]
[17 72 47]
[17 72 46]
[17 74 25]
[17 73 25]
[18 70 41]
[18 74 19]
[18 75 18]
[18 74 18]
[18 73 21]
[18 71 24]
[18 72 28]
[18 73 24]
[18 72 26]
[18 72 25]
[18 72 43]
[18 71 44]
[18 70 44]
[18 71 28]
[18 71 26]
[18 71 27]
[18 72 48]
[18 74 49]
[18 73 20]
[18 73 19]
[18 73 45]
[18 72 45]
[18 76 17]
[18 75 17]
[18 72 49]
[18 73 50]
[18 71 23]
[18 71 25]
[19 73 51]
[19 72 50]
[19 72 51]
[19 72 20]
[19 72 21]
[19 70 26]
[19 70 27]
[19 70 28]
[19 77 17]
[19 76 16]
[19 71 48]
[19 70 24]
[19 70 23]
[19 72 18]
[19 71 45]
[19 72 44]
[19 72 22]
[19 70 29]
[19 72 29]
[19 72 19]
[19 73 18]
[20 69 22]
[20 70 22]
[20 71 17]
[20 71 18]
[20 69 25]
[20 71 29]
[20 71 20]
[20 71 21]
[20 71 19]
[20 69 27]
[20 69 28]
[20 69 26]
[20 69 23]
[20 70 49]
[20 71 49]
[20 73 17]
[20 72 17]
[20 71 51]
[20 71 50]
[21 71 22]
[21 70 50]
[21 70 20]
[21 68 22]
[21 70 18]
[21 71 52]
[21 70 52]
[21 70 51]
[21 70 16]
[21 70 21]
[21 68 26]
[21 70 25]
[21 68 24]
[21 69 24]
[21 68 25]
[21 74 17]
[21 68 21]
[21 68 23]
[22 67 23]
[22 69 49]
[22 69 50]
[22 70 19]
[22 70 53]
[22 71 53]
[22 67 21]
[22 69 52]
[22 69 51]
[22 69 20]
[22 67 20]
[23 69 21]
[23 69 19]
[23 69 18]
[23 68 50]
[23 68 49]
[23 68 51]
[23 71 54]
[23 68 20]
[23 66 19]
[23 68 52]
[23 68 53]
[23 70 54]
[23 72 52]
[24 72 53]
[24 68 18]
[24 67 52]
[24 67 19]
[24 68 17]
[24 69 17]
[24 67 54]
[24 68 54]
[24 69 53]
[24 69 54]
[24 66 18]
[24 67 18]
[24 69 55]
[24 71 55]
[24 70 55]
[25 67 17]
[25 66 17]
[25 71 56]
[25 70 56]
[25 68 19]
[25 68 16]
[25 69 16]
[25 68 55]
[25 66 55]
[25 66 54]
[25 67 55]
[25 66 53]
[25 67 53]
[25 66 51]
[25 66 52]
[25 73 52]
[25 72 54]
[25 69 56]
[25 68 56]
[25 72 55]
[26 65 52]
[26 70 57]
[26 69 57]
[26 71 57]
[26 66 56]
[26 67 56]
[26 67 57]
[26 65 55]
[26 73 55]
[26 72 56]
[26 67 15]
[26 67 16]
[26 66 16]
[26 65 16]
[26 65 17]
[26 65 54]
[26 65 53]
[26 68 15]
[26 68 57]
[27 71 58]
[27 70 58]
[27 73 54]
[27 64 54]
[27 66 15]
[27 64 17]
[27 64 16]
[27 65 15]
[27 67 58]
[27 69 58]
[27 68 58]
[27 66 57]
[27 72 57]
[27 65 57]
[27 67 14]
[27 68 14]
[27 66 14]
[27 64 56]
[27 64 55]
[27 64 53]
[28 64 15]
[28 63 15]
[28 69 59]
[28 67 59]
[28 68 59]
[28 71 59]
[28 65 13]
[28 66 13]
[28 65 14]
[28 65 56]
[28 66 58]
[28 64 58]
[28 63 56]
[28 63 57]
[28 63 53]
[28 73 57]
[28 70 59]
[28 67 13]
[28 74 54]
[28 74 55]
[29 64 57]
[29 63 58]
[29 62 58]
[29 62 56]
[29 62 57]
[29 71 60]
[29 67 60]
[29 68 60]
[29 63 54]
[29 62 53]
[29 63 52]
[29 62 52]
[29 69 60]
[29 70 60]
[29 65 58]
[29 65 59]
[29 64 59]
[29 66 59]
[29 66 12]
[29 72 58]
[29 72 60]
[29 64 14]
[29 75 56]
[29 73 56]
[29 74 57]
[29 74 58]
[29 63 14]
[30 61 52]
[30 61 54]
[30 61 53]
[30 66 60]
[30 64 60]
[30 74 56]
[30 69 61]
[30 62 59]
[30 61 59]
[30 75 57]
[30 62 51]
[30 63 59]
[30 64 13]
[30 63 55]
[30 64 52]
[30 61 57]
[30 72 59]
[30 70 61]
[30 72 61]
[30 73 59]
[30 73 58]
[30 75 58]
[30 61 56]
[30 61 58]
[30 65 11]
[30 63 13]
[30 62 14]
[30 62 13]
[31 74 60]
[31 60 56]
[31 60 58]
[31 62 60]
[31 60 57]
[31 60 55]
[31 61 55]
[31 71 61]
[31 70 62]
[31 71 62]
[31 61 12]
[31 63 12]
[31 62 12]
[31 68 62]
[31 69 62]
[31 63 51]
[31 66 61]
[31 65 61]
[31 73 60]
[31 72 62]
[31 73 62]
[31 60 53]
[31 60 52]
[31 60 54]
[31 62 55]
[31 61 60]
[31 60 59]
[31 60 60]
[31 76 58]
[31 64 10]
[31 66 10]
[31 64 12]
[31 65 60]
[31 63 61]
[31 63 60]
[31 64 61]
[32 59 56]
[32 59 57]
[32 59 59]
[32 59 60]
[32 59 58]
[32 71 63]
[32 66 62]
[32 59 52]
[32 77 59]
[32 59 55]
[32 59 54]
[32 59 53]
[32 61 61]
[32 59 61]
[32 62 61]
[32 73 61]
[32 74 61]
[32 62 11]
[32 61 11]
[32 62 62]
[32 64 62]
[32 64 11]
[32 63 11]
[32 73 63]
[32 67 10]
[32 67 9]
[32 66 11]
[32 65 12]
[32 62 54]
[32 68 61]
[32 67 63]
[32 69 63]
[32 67 61]
[32 70 63]
[32 65 62]
[32 60 11]
[32 64 9]
[32 63 9]
[32 68 63]
[33 64 63]
[33 63 63]
[33 58 60]
[33 58 61]
[33 58 58]
[33 58 57]
[33 68 8]
[33 67 8]
[33 66 9]
[33 66 8]
[33 66 64]
[33 68 64]
[33 67 64]
[33 61 63]
[33 58 53]
[33 65 63]
[33 66 63]
[33 74 64]
[33 72 64]
[33 73 64]
[33 72 63]
[33 68 10]
[33 67 11]
[33 60 10]
[33 61 62]
[33 60 62]
[33 64 8]
[33 65 9]
[33 63 8]
[33 65 8]
[33 65 10]
[33 67 62]
[33 74 62]
[33 58 62]
[33 59 62]
[33 58 55]
[33 62 10]
[33 70 64]
[33 69 64]
[33 63 10]
[33 61 10]
[33 58 59]
[33 71 64]
[33 67 12]
[33 60 12]
[33 58 52]
[34 74 65]
[34 73 65]
[34 74 63]
[34 68 65]
[34 75 63]
[34 70 65]
[34 65 64]
[34 75 65]
[34 75 64]
[34 58 54]
[34 57 53]
[34 69 65]
[34 69 11]
[34 68 11]
[34 68 9]
[34 69 9]
[34 60 63]
[34 57 59]
[34 57 60]
[34 68 7]
[34 67 7]
[34 64 7]
[34 57 63]
[34 66 65]
[34 65 65]
[34 62 8]
[34 62 9]
[34 66 7]
[34 59 51]
[34 58 51]
[34 57 52]
[34 61 13]
[34 59 11]
[34 60 61]
[34 59 63]
[34 63 62]
[34 62 64]
[34 59 9]
[34 61 9]
[34 57 56]
[34 57 54]
[34 57 55]
[34 68 12]
[34 57 62]
[34 62 63]
[34 67 65]
[34 69 8]
[34 71 65]
[34 72 65]
[34 57 58]
[35 56 57]
[35 57 57]
[35 56 58]
[35 60 50]
[35 60 51]
[35 58 50]
[35 59 50]
[35 66 66]
[35 68 66]
[35 56 55]
[35 56 54]
[35 56 53]
[35 69 66]
[35 69 6]
[35 68 6]
[35 69 7]
[35 58 9]
[35 60 8]
[35 60 9]
[35 66 6]
[35 65 7]
[35 65 6]
[35 67 6]
[35 59 10]
[35 58 56]
[35 67 66]
[35 56 59]
[35 56 60]
[35 63 7]
[35 63 6]
[35 61 7]
[35 61 8]
[35 56 61]
[35 64 64]
[35 64 65]
[35 74 66]
[35 73 66]
[35 75 66]
[35 76 63]
[35 56 63]
[35 58 64]
[35 56 62]
[35 58 63]
[35 60 64]
[35 76 66]
[35 76 64]
[35 69 10]
[35 69 12]
[35 72 66]
[35 56 56]
[35 70 8]
[35 70 9]
[35 63 64]
[35 57 51]
[35 71 66]
[35 65 66]
[36 55 60]
[36 55 62]
[36 55 61]
[36 64 6]
[36 62 6]
[36 62 7]
[36 68 5]
[36 69 67]
[36 67 67]
[36 60 7]
[36 59 7]
[36 61 51]
[36 75 67]
[36 73 67]
[36 61 64]
[36 59 64]
[36 59 65]
[36 70 7]
[36 55 56]
[36 55 54]
[36 68 67]
[36 66 67]
[36 70 5]
[36 69 5]
[36 63 65]
[36 55 53]
[36 55 55]
[36 57 65]
[36 63 5]
[36 64 5]
[36 76 67]
[36 67 5]
[36 64 67]
[36 64 66]
[36 55 57]
[36 70 66]
[36 57 50]
[36 57 49]
[36 58 49]
[36 70 11]
[36 55 63]
[36 55 58]
[36 55 59]
[36 66 5]
[36 65 5]
[36 59 8]
[36 72 67]
[36 59 49]
[36 60 49]
[36 57 61]
[36 71 67]
[36 71 7]
[36 71 8]
[36 77 64]
[36 60 6]
[36 61 50]
[36 77 65]
[36 56 51]
[36 56 52]
[36 56 50]
[37 56 49]
[37 68 4]
[37 70 4]
[37 69 4]
[37 55 52]
[37 54 53]
[37 54 54]
[37 54 63]
[37 54 61]
[37 72 8]
[37 71 9]
[37 72 9]
[37 59 6]
[37 60 5]
[37 59 5]
[37 59 66]
[37 60 66]
[37 58 65]
[37 58 7]
[37 58 8]
[37 54 57]
[37 67 4]
[37 65 4]
[37 64 4]
[37 62 66]
[37 62 65]
[37 69 68]
[37 67 68]
[37 68 68]
[37 66 68]
[37 65 68]
[37 65 67]
[37 63 68]
[37 56 65]
[37 57 66]
[37 58 66]
[37 56 66]
[37 77 66]
[37 54 55]
[37 71 6]
[37 71 4]
[37 71 5]
[37 72 7]
[37 70 6]
[37 72 6]
[37 54 64]
[37 54 56]
[37 54 59]
[37 55 51]
[37 60 65]
[37 55 50]
[37 71 10]
[37 54 58]
[37 75 68]
[37 74 68]
[37 74 67]
[37 66 4]
[37 57 48]
[37 70 68]
[37 73 68]
[37 56 48]
[37 70 67]
[37 72 68]
[37 71 68]
[38 60 4]
[38 59 4]
[38 61 5]
[38 61 4]
[38 61 65]
[38 63 66]
[38 61 66]
[38 69 3]
[38 76 65]
[38 57 64]
[38 73 5]
[38 73 7]
[38 76 69]
[38 70 69]
[38 69 69]
[38 68 69]
[38 67 3]
[38 68 3]
[38 65 3]
[38 66 3]
[38 64 3]
[38 72 5]
[38 60 67]
[38 55 66]
[38 55 64]
[38 64 68]
[38 62 68]
[38 63 67]
[38 62 67]
[38 62 69]
[38 73 69]
[38 63 3]
[38 63 4]
[38 54 60]
[38 73 8]
[38 70 3]
[38 72 4]
[38 71 3]
[38 72 3]
[38 54 51]
[38 54 50]
[38 56 67]
[38 71 69]
[38 53 62]
[38 54 62]
[38 53 61]
[38 65 69]
[38 66 69]
[38 64 69]
[38 72 10]
[38 55 49]
[38 53 64]
[38 53 65]
[38 70 10]
[38 53 53]
[38 53 52]
[38 58 67]
[38 59 67]
[38 67 69]
[38 58 48]
[38 72 69]
[38 74 69]
[38 75 69]
[38 54 52]
[38 55 47]
[38 53 54]
[38 53 56]
[39 74 8]
[39 61 3]
[39 62 3]
[39 62 5]
[39 71 70]
[39 72 70]
[39 61 68]
[39 56 47]
[39 55 48]
[39 64 70]
[39 63 70]
[39 73 4]
[39 73 2]
[39 73 3]
[39 53 50]
[39 53 51]
[39 69 70]
[39 52 52]
[39 52 53]
[39 52 54]
[39 56 64]
[39 53 60]
[39 74 7]
[39 74 6]
[39 65 2]
[39 61 69]
[39 63 69]
[39 61 70]
[39 59 3]
[39 58 4]
[39 67 2]
[39 59 68]
[39 61 67]
[39 71 2]
[39 70 2]
[39 53 55]
[39 58 68]
[39 68 70]
[39 66 2]
[39 68 2]
[39 52 55]
[39 60 3]
[39 74 4]
[39 73 6]
[39 54 65]
[39 52 64]
[39 73 70]
[39 67 70]
[39 66 70]
[39 53 66]
[39 52 65]
[39 54 49]
[39 53 63]
[39 72 2]
[39 56 68]
[39 55 68]
[39 60 68]
[39 65 70]
[39 52 61]
[39 52 62]
[39 75 70]
[39 76 68]
[39 55 67]
[39 55 65]
[39 54 66]
[39 62 4]
[39 62 2]
[39 64 2]
[40 75 6]
[40 75 7]
[40 75 5]
[40 74 5]
[40 76 71]
[40 74 70]
[40 76 70]
[40 75 71]
[40 74 71]
[40 53 67]
[40 51 54]
[40 51 55]
[40 70 71]
[40 65 1]
[40 64 1]
[40 63 1]
[40 52 56]
[40 64 71]
[40 73 71]
[40 57 67]
[40 58 69]
[40 57 69]
[40 67 1]
[40 57 3]
[40 57 4]
[40 63 2]
[40 66 71]
[40 61 2]
[40 60 2]
[40 66 1]
[40 74 1]
[40 70 1]
[40 71 1]
[40 68 71]
[40 67 71]
[40 59 69]
[40 55 69]
[40 54 69]
[40 54 68]
[40 53 48]
[40 53 49]
[40 51 65]
[40 74 3]
[40 65 71]
[40 69 2]
[40 52 50]
[40 52 51]
[40 52 66]
[40 75 8]
[40 73 9]
[40 51 63]
[40 59 2]
[40 54 47]
[40 54 48]
[40 69 71]
[40 60 69]
[40 57 68]
[40 56 69]
[40 60 71]
[40 62 70]
[40 61 71]
[40 69 1]
[41 75 4]
[41 75 3]
[41 71 0]
[41 72 0]
[41 76 5]
[41 76 6]
[41 75 72]
[41 77 72]
[41 57 70]
[41 70 0]
[41 69 0]
[41 65 72]
[41 63 72]
[41 64 72]
[41 60 70]
[41 58 70]
[41 59 70]
[41 64 0]
[41 72 72]
[41 50 64]
[41 51 66]
[41 50 66]
[41 71 71]
[41 70 70]
[41 68 72]
[41 69 72]
[41 62 72]
[41 74 0]
[41 62 1]
[41 61 1]
[41 62 71]
[41 63 71]
[41 53 47]
[41 76 7]
[41 73 72]
[41 66 72]
[41 51 52]
[41 52 48]
[41 53 70]
[41 53 69]
[41 54 67]
[41 53 68]
[41 52 67]
[41 52 68]
[41 55 70]
[41 52 47]
[41 59 1]
[41 58 5]
[41 56 4]
[41 54 70]
[41 56 70]
[41 66 0]
[41 68 0]
[41 67 0]
[41 50 54]
[41 51 53]
[41 52 63]
[41 50 63]
[41 50 62]
[41 74 72]
[41 70 72]
[41 58 2]
[41 60 1]
[41 57 2]
[41 56 3]
[41 56 2]
[41 58 3]
[41 51 50]
[41 51 49]
[41 67 72]
[41 59 72]
[41 61 72]
[42 57 1]
[42 73 73]
[42 74 73]
[42 75 73]
[42 67 -1]
[42 66 -1]
[42 68 1]
[42 68 -1]
[42 76 3]
[42 65 0]
[42 51 68]
[42 50 50]
[42 64 73]
[42 65 73]
[42 50 67]
[42 66 73]
[42 77 5]
[42 51 61]
[42 51 47]
[42 51 46]
[42 53 46]
[42 59 0]
[42 60 0]
[42 71 73]
[42 49 64]
[42 51 62]
[42 49 62]
[42 49 63]
[42 59 71]
[42 57 71]
[42 50 53]
[42 55 3]
[42 63 0]
[42 62 73]
[42 61 73]
[42 60 72]
[42 56 71]
[42 61 0]
[42 52 69]
[42 69 -1]
[42 77 4]
[42 76 4]
[42 74 2]
[42 76 2]
[42 75 2]
[42 69 73]
[42 67 73]
[42 51 67]
[42 50 65]
[42 49 65]
[42 72 73]
[42 72 71]
[42 51 51]
[42 50 52]
[42 71 72]
[42 76 72]
[42 51 48]
[42 63 73]
[42 76 73]
[42 63 -1]
[42 65 -1]
[42 59 73]
[42 58 71]
[42 68 73]
[42 52 70]
[42 49 54]
[42 71 -1]
[42 73 0]
[42 70 -1]
[42 51 64]
[42 56 5]
[42 57 5]
[42 53 71]
[42 54 71]
[42 52 46]
[42 75 1]
[42 75 0]
[42 50 48]
[42 52 49]
[42 58 1]
[43 49 50]
[43 50 51]
[43 65 74]
[43 50 68]
[43 49 68]
[43 50 49]
[43 50 47]
[43 49 49]
[43 49 47]
[43 62 0]
[43 65 -2]
[43 49 52]
[43 49 53]
[43 70 -2]
[43 69 -2]
[43 58 0]
[43 58 -1]
[43 50 45]
[43 73 1]
[43 74 -1]
[43 51 70]
[43 51 71]
[43 52 71]
[43 51 69]
[43 54 46]
[43 78 6]
[43 78 5]
[43 53 72]
[43 52 72]
[43 55 72]
[43 56 0]
[43 56 1]
[43 48 53]
[43 48 64]
[43 48 66]
[43 48 65]
[43 52 60]
[43 52 45]
[43 70 73]
[43 64 -1]
[43 62 -1]
[43 62 -2]
[43 64 -2]
[43 60 73]
[43 72 74]
[43 73 74]
[43 76 0]
[43 76 1]
[43 74 74]
[43 75 74]
[43 57 0]
[43 55 4]
[43 54 4]
[43 55 2]
[43 54 2]
[43 54 3]
[43 59 74]
[43 58 74]
[43 58 72]
[43 49 66]
[43 67 -2]
[43 66 -2]
[43 60 -1]
[43 61 -1]
[43 77 74]
[43 77 73]
[43 67 74]
[43 55 71]
[43 56 72]
[43 71 -2]
[43 72 -1]
[43 68 74]
[43 77 2]
[43 77 1]
[43 68 -2]
[43 75 -1]
[43 78 3]
[43 77 3]
[43 70 74]
[43 71 74]
[43 62 74]
[44 49 48]
[44 48 49]
[44 72 75]
[44 74 75]
[44 73 75]
[44 69 75]
[44 67 75]
[44 76 -2]
[44 47 66]
[44 47 65]
[44 66 -3]
[44 78 4]
[44 77 6]
[44 79 4]
[44 50 70]
[44 50 71]
[44 50 72]
[44 75 75]
[44 76 75]
[44 73 -1]
[44 73 -2]
[44 72 -2]
[44 61 -2]
[44 60 -2]
[44 57 73]
[44 57 72]
[44 56 73]
[44 61 74]
[44 66 75]
[44 65 75]
[44 64 75]
[44 66 74]
[44 63 -2]
[44 54 1]
[44 53 1]
[44 53 2]
[44 54 73]
[44 49 45]
[44 49 46]
[44 49 44]
[44 47 52]
[44 47 53]
[44 48 52]
[44 50 46]
[44 53 4]
[44 53 3]
[44 54 72]
[44 72 1]
[44 69 74]
[44 70 75]
[44 49 51]
[44 48 50]
[44 48 51]
[44 48 67]
[44 48 68]
[44 57 -1]
[44 59 -2]
[44 57 -2]
[44 77 -1]
[44 51 45]
[44 48 48]
[44 58 73]
[44 57 75]
[44 59 75]
[44 57 74]
[44 59 -1]
[44 71 75]
[44 79 5]
[44 58 75]
[44 77 75]
[44 76 74]
[44 65 -3]
[44 51 72]
[44 61 -3]
[44 53 73]
[44 51 73]
[44 79 2]
[44 64 -3]
[44 55 0]
[44 55 -1]
[44 56 -1]
[44 55 1]
[44 49 67]
[44 50 69]
[44 69 -3]
[44 71 -3]
[44 61 75]
[44 52 73]
[45 55 -2]
[45 56 -2]
[45 58 -3]
[45 60 -3]
[45 75 76]
[45 78 1]
[45 80 3]
[45 80 2]
[45 79 1]
[45 80 1]
[45 51 74]
[45 50 74]
[45 65 -4]
[45 67 -4]
[45 67 -3]
[45 48 47]
[45 46 52]
[45 47 51]
[45 47 49]
[45 54 74]
[45 53 74]
[45 52 74]
[45 77 0]
[45 78 -1]
[45 77 -2]
[45 46 66]
[45 80 6]
[45 80 4]
[45 68 -3]
[45 70 -4]
[45 70 -3]
[45 46 53]
[45 64 76]
[45 65 76]
[45 56 74]
[45 77 -3]
[45 75 -3]
[45 66 -4]
[45 76 76]
[45 52 3]
[45 55 74]
[45 55 73]
[45 58 -2]
[45 68 75]
[45 60 74]
[45 60 75]
[45 48 44]
[45 48 45]
[45 48 46]
[45 57 76]
[45 47 48]
[45 47 50]
[45 64 74]
[45 63 75]
[45 56 75]
[45 56 76]
[45 61 -4]
[45 52 2]
[45 72 -4]
[45 72 -3]
[45 62 -3]
[45 60 76]
[45 61 76]
[45 62 75]
[45 59 -3]
[45 49 71]
[45 49 72]
[45 50 73]
[45 59 76]
[45 71 76]
[45 73 76]
[45 79 3]
[45 49 70]
[45 47 67]
[45 47 69]
[45 47 68]
[45 48 69]
[45 57 -3]
[45 56 -3]
[45 73 -3]
[45 69 76]
[45 70 76]
[45 74 76]
[45 52 0]
[45 54 0]
[45 66 76]
[45 68 76]
[45 72 76]
[46 49 73]
[46 47 70]
[46 55 75]
[46 46 50]
[46 71 -5]
[46 73 -4]
[46 62 -4]
[46 74 -3]
[46 74 -2]
[46 75 -4]
[46 76 -3]
[46 51 1]
[46 65 77]
[46 66 77]
[46 81 4]
[46 49 75]
[46 51 75]
[46 63 74]
[46 71 77]
[46 73 77]
[46 79 0]
[46 81 1]
[46 80 0]
[46 56 -4]
[46 55 -4]
[46 57 -4]
[46 55 -3]
[46 49 69]
[46 52 75]
[46 54 75]
[46 59 77]
[46 64 -5]
[46 64 -4]
[46 66 -5]
[46 55 76]
[46 47 45]
[46 46 69]
[46 46 67]
[46 67 76]
[46 53 0]
[46 58 -4]
[46 81 5]
[46 80 5]
[46 81 3]
[46 69 -4]
[46 71 -4]
[46 78 -4]
[46 78 -3]
[46 78 -2]
[46 58 77]
[46 60 77]
[46 68 -4]
[46 63 76]
[46 62 76]
[46 54 -2]
[46 78 2]
[46 69 -5]
[46 56 77]
[46 58 76]
[46 60 -4]
[46 62 -5]
[46 47 47]
[46 46 49]
[46 46 48]
[46 68 77]
[46 69 77]
[46 52 -1]
[46 61 77]
[46 48 73]
[46 64 77]
[46 78 0]
[46 75 77]
[46 76 77]
[46 77 76]
[46 46 51]
[46 74 77]
[46 45 67]
[46 59 -4]
[46 79 -1]
[46 47 46]
[46 67 -5]
[46 53 75]
[46 50 75]
[46 68 -5]
[46 55 77]
[46 57 77]
[46 81 6]
[46 47 44]
[46 48 72]
[46 72 77]
[46 51 2]
[46 76 -1]
[46 46 68]
[46 48 70]
[47 62 78]
[47 62 77]
[47 61 78]
[47 60 78]
[47 45 48]
[47 45 49]
[47 45 50]
[47 71 78]
[47 49 74]
[47 82 4]
[47 45 70]
[47 46 70]
[47 45 68]
[47 82 3]
[47 52 1]
[47 57 -5]
[47 58 -5]
[47 70 -6]
[47 70 -5]
[47 45 52]
[47 56 78]
[47 81 7]
[47 77 78]
[47 77 77]
[47 46 46]
[47 79 -2]
[47 48 71]
[47 47 71]
[47 50 0]
[47 59 78]
[47 57 78]
[47 81 -1]
[47 80 -1]
[47 52 76]
[47 67 78]
[47 66 78]
[47 53 76]
[47 51 76]
[47 45 69]
[47 47 72]
[47 47 73]
[47 47 74]
[47 74 -4]
[47 75 -2]
[47 46 47]
[47 45 47]
[47 73 78]
[47 54 -3]
[47 60 -5]
[47 61 -5]
[47 78 77]
[47 69 78]
[47 68 78]
[47 76 -4]
[47 75 -5]
[47 63 -6]
[47 65 -6]
[47 63 -5]
[47 65 -5]
[47 63 -3]
[47 63 -4]
[47 59 -5]
[47 72 78]
[47 77 -4]
[47 79 -3]
[47 77 -5]
[47 51 0]
[47 51 -2]
[47 58 78]
[47 62 -6]
[47 67 -6]
[47 53 -2]
[47 54 -1]
[47 56 -5]
[47 66 -6]
[47 82 5]
[47 54 76]
[47 74 -5]
[47 72 -5]
[47 76 78]
[47 74 78]
[47 46 44]
[47 48 75]
[47 49 76]
[47 50 76]
[47 82 1]
[47 82 2]
[47 53 -1]
[47 64 78]
[47 55 -5]
[47 63 78]
[47 63 77]
[47 46 45]
[48 82 0]
[48 81 0]
[48 81 -2]
[48 82 -1]
[48 44 69]
[48 46 73]
[48 46 72]
[48 46 71]
[48 65 78]
[48 63 79]
[48 65 79]
[48 64 79]
[48 58 79]
[48 46 74]
[48 66 -7]
[48 83 1]
[48 83 3]
[48 76 -5]
[48 52 77]
[48 51 77]
[48 44 70]
[48 65 -7]
[48 60 -6]
[48 58 -6]
[48 59 -6]
[48 67 77]
[48 67 79]
[48 66 79]
[48 78 76]
[48 78 78]
[48 83 4]
[48 82 6]
[48 83 6]
[48 83 5]
[48 53 -3]
[48 53 -4]
[48 81 8]
[48 76 -6]
[48 80 -3]
[48 53 77]
[48 52 -2]
[48 75 78]
[48 44 48]
[48 74 79]
[48 81 2]
[48 45 71]
[48 45 51]
[48 61 -6]
[48 78 79]
[48 77 79]
[48 74 -6]
[48 75 -6]
[48 71 -6]
[48 73 -5]
[48 73 -6]
[48 72 -6]
[48 80 -2]
[48 48 74]
[48 49 1]
[48 57 79]
[48 59 79]
[48 60 79]
[48 44 47]
[48 69 79]
[48 68 79]
[48 48 77]
[48 49 77]
[48 64 -6]
[48 64 -7]
[48 63 -7]
[48 62 -7]
[48 61 -7]
[48 71 -7]
[48 70 -7]
[48 45 46]
[48 55 -6]
[48 56 -6]
[48 68 -7]
[48 57 -6]
[48 73 79]
[48 45 45]
[48 61 79]
[48 70 79]
[48 70 78]
[48 71 79]
[48 62 79]
[48 69 -6]
[48 70 77]
[48 54 77]
[49 69 80]
[49 74 -7]
[49 63 80]
[49 71 80]
[49 70 80]
[49 83 7]
[49 54 78]
[49 55 78]
[49 58 -7]
[49 52 -4]
[49 54 -5]
[49 52 -3]
[49 53 -5]
[49 52 -5]
[49 43 69]
[49 43 70]
[49 44 68]
[49 68 80]
[49 84 2]
[49 84 4]
[49 44 50]
[49 56 -7]
[49 55 -7]
[49 64 -8]
[49 62 -8]
[49 45 72]
[49 54 -4]
[49 83 2]
[49 84 0]
[49 83 0]
[49 64 80]
[49 65 80]
[49 68 -8]
[49 67 -8]
[49 68 -6]
[49 67 -7]
[49 81 -3]
[49 57 80]
[49 58 80]
[49 75 80]
[49 47 75]
[49 45 74]
[49 45 75]
[49 72 80]
[49 83 -1]
[49 82 -2]
[49 50 78]
[49 51 78]
[49 59 -7]
[49 60 -7]
[49 63 -8]
[49 61 80]
[49 62 80]
[49 44 44]
[49 44 46]
[49 45 44]
[49 70 -8]
[49 72 -7]
[49 71 -8]
[49 82 9]
[49 82 8]
[49 69 -8]
[49 56 80]
[49 84 6]
[49 73 80]
[49 72 79]
[49 66 -8]
[49 65 -8]
[49 59 80]
[49 45 73]
[49 76 79]
[49 75 79]
[49 60 80]
[49 57 -7]
[49 61 -8]
[49 48 0]
[49 49 0]
[49 43 47]
[49 43 48]
[49 77 -6]
[49 48 78]
[49 48 76]
[49 44 71]
[49 43 71]
[49 73 -7]
[49 51 -3]
[49 84 5]
[49 82 7]
[49 78 80]
[49 84 3]
[50 83 9]
[50 50 79]
[50 50 77]
[50 47 -1]
[50 47 1]
[50 85 3]
[50 60 81]
[50 70 81]
[50 71 81]
[50 72 81]
[50 84 1]
[50 49 -1]
[50 48 -1]
[50 73 -8]
[50 72 -8]
[50 44 49]
[50 54 -6]
[50 66 -9]
[50 70 -9]
[50 59 -8]
[50 56 -8]
[50 57 -8]
[50 85 0]
[50 85 1]
[50 85 6]
[50 55 81]
[50 57 81]
[50 56 79]
[50 58 -8]
[50 49 78]
[50 49 79]
[50 47 78]
[50 69 -7]
[50 77 80]
[50 43 45]
[50 44 43]
[50 72 -9]
[50 44 75]
[50 44 74]
[50 42 71]
[50 65 -9]
[50 55 -8]
[50 54 -7]
[50 46 75]
[50 44 76]
[50 51 -4]
[50 85 5]
[50 85 4]
[50 63 -9]
[50 62 81]
[50 63 81]
[50 65 81]
[50 68 81]
[50 67 81]
[50 51 -5]
[50 69 -9]
[50 68 -9]
[50 52 -6]
[50 44 72]
[50 59 81]
[50 55 79]
[50 53 78]
[50 58 81]
[50 56 81]
[50 62 -9]
[50 61 -9]
[50 43 46]
[50 44 45]
[50 53 -6]
[50 84 8]
[50 84 7]
[50 76 81]
[50 74 80]
[50 75 81]
[50 76 80]
[50 74 81]
[50 64 81]
[50 73 81]
[50 61 81]
[50 64 -9]
[50 83 8]
[50 83 10]
[50 44 73]
[51 61 82]
[51 43 44]
[51 60 -8]
[51 60 -10]
[51 61 -10]
[51 46 76]
[51 45 76]
[51 86 5]
[51 86 3]
[51 43 76]
[51 53 79]
[51 52 79]
[51 77 81]
[51 71 82]
[51 70 82]
[51 74 82]
[51 72 82]
[51 47 0]
[51 47 -2]
[51 49 -2]
[51 85 2]
[51 52 -7]
[51 51 -6]
[51 49 80]
[51 63 -10]
[51 62 -10]
[51 65 -10]
[51 66 -10]
[51 64 -10]
[51 43 74]
[51 50 -5]
[51 48 79]
[51 48 80]
[51 84 9]
[51 77 82]
[51 64 82]
[51 66 81]
[51 57 82]
[51 55 80]
[51 55 82]
[51 50 -2]
[51 86 1]
[51 56 -9]
[51 47 77]
[51 47 79]
[51 46 78]
[51 73 82]
[51 85 7]
[51 86 6]
[51 86 7]
[51 53 -7]
[51 59 82]
[51 46 -1]
[51 46 0]
[51 67 82]
[51 66 80]
[51 54 82]
[51 54 81]
[51 54 80]
[51 72 -10]
[51 71 -9]
[51 57 -9]
[51 58 -9]
[51 68 -10]
[51 69 -10]
[51 67 -9]
[51 86 4]
[51 50 -4]
[51 50 -3]
[51 45 42]
[51 43 43]
[51 67 -10]
[51 85 8]
[51 43 73]
[51 43 72]
[51 84 10]
[51 67 80]
[51 69 82]
[51 42 70]
[51 42 72]
[51 41 72]
[51 76 82]
[51 63 82]
[52 54 79]
[52 71 83]
[52 69 81]
[52 85 10]
[52 85 11]
[52 73 83]
[52 72 83]
[52 70 83]
[52 56 83]
[52 87 2]
[52 86 2]
[52 58 -10]
[52 59 -10]
[52 45 77]
[52 44 77]
[52 67 -11]
[52 68 -11]
[52 69 -11]
[52 86 0]
[52 47 -3]
[52 46 -3]
[52 48 -2]
[52 46 -2]
[52 50 -6]
[52 87 3]
[52 87 5]
[52 45 79]
[52 53 81]
[52 44 42]
[52 85 9]
[52 86 9]
[52 86 8]
[52 66 -11]
[52 41 71]
[52 65 -11]
[52 53 80]
[52 62 82]
[52 63 83]
[52 68 82]
[52 60 -9]
[52 60 -11]
[52 57 83]
[52 42 77]
[52 43 75]
[52 65 82]
[52 87 6]
[52 62 83]
[52 60 82]
[52 44 41]
[52 45 41]
[52 52 78]
[52 50 -1]
[52 49 -3]
[52 48 -3]
[52 52 -8]
[52 53 -8]
[52 45 -1]
[52 45 0]
[52 45 1]
[52 51 -7]
[52 60 83]
[52 74 83]
[52 42 73]
[52 47 81]
[52 48 81]
[52 51 79]
[52 51 80]
[52 52 80]
[52 77 83]
[52 76 83]
[52 75 83]
[52 41 73]
[52 46 77]
[52 47 76]
[52 63 -11]
[52 66 82]
[52 66 83]
[52 49 -4]
[52 78 81]
[52 70 -10]
[52 49 81]
[52 50 81]
[52 50 80]
[52 59 -9]
[52 59 -11]
[52 61 -11]
[52 46 80]
[52 40 73]
[52 40 71]
[52 78 82]
[52 71 -11]
[52 57 -10]
[52 55 -9]
[53 59 -12]
[53 60 -12]
[53 58 -12]
[53 58 -11]
[53 76 84]
[53 75 82]
[53 68 -12]
[53 67 -12]
[53 47 -4]
[53 45 78]
[53 61 84]
[53 62 84]
[53 63 84]
[53 42 74]
[53 41 74]
[53 40 72]
[53 73 84]
[53 87 10]
[53 87 9]
[53 86 10]
[53 44 1]
[53 69 83]
[53 86 11]
[53 72 84]
[53 61 83]
[53 59 83]
[53 66 -12]
[53 64 -12]
[53 43 41]
[53 43 42]
[53 44 40]
[53 87 1]
[53 77 84]
[53 75 84]
[53 87 8]
[53 70 -11]
[53 69 -12]
[53 46 81]
[53 50 82]
[53 49 82]
[53 48 82]
[53 43 78]
[53 43 77]
[53 39 71]
[53 39 70]
[53 74 84]
[53 56 84]
[53 55 83]
[53 57 84]
[53 41 77]
[53 42 76]
[53 41 78]
[53 64 84]
[53 64 83]
[53 53 -9]
[53 54 -8]
[53 62 -11]
[53 62 -12]
[53 48 -4]
[53 45 -2]
[53 46 82]
[53 47 80]
[53 51 81]
[53 50 -8]
[53 46 -4]
[53 45 -3]
[53 65 83]
[53 52 81]
[53 47 82]
[53 59 84]
[53 52 82]
[53 56 -10]
[53 55 -10]
[53 88 5]
[53 88 6]
[53 87 7]
[53 70 84]
[53 78 83]
[53 58 84]
[53 58 83]
[53 44 80]
[53 46 79]
[53 44 79]
[53 86 12]
[53 84 11]
[53 88 2]
[53 88 3]
[53 44 0]
[53 46 2]
[53 44 2]
[53 45 2]
[53 57 -11]
[53 67 83]
[53 65 -12]
[53 52 -9]
[53 49 -6]
[53 49 -5]
[53 42 75]
[53 68 83]
[53 71 -10]
[53 40 74]
[53 39 74]
[53 39 72]
[54 49 83]
[54 52 83]
[54 51 83]
[54 89 3]
[54 40 75]
[54 88 9]
[54 88 7]
[54 49 -7]
[54 49 -8]
[54 50 -9]
[54 50 -7]
[54 51 -8]
[54 51 -9]
[54 38 72]
[54 38 70]
[54 38 71]
[54 43 2]
[54 43 0]
[54 43 1]
[54 54 -10]
[54 54 -9]
[54 53 -10]
[54 88 11]
[54 87 11]
[54 68 84]
[54 67 84]
[54 51 -10]
[54 44 78]
[54 39 73]
[54 38 73]
[54 89 4]
[54 87 4]
[54 89 2]
[54 56 85]
[54 57 85]
[54 76 85]
[54 77 85]
[54 78 84]
[54 55 -11]
[54 85 12]
[54 68 -13]
[54 43 -1]
[54 60 84]
[54 59 -13]
[54 60 -13]
[54 56 -12]
[54 57 -12]
[54 47 -5]
[54 45 -5]
[54 42 78]
[54 63 -13]
[54 63 -12]
[54 48 -5]
[54 48 -6]
[54 48 -7]
[54 66 -13]
[54 64 -13]
[54 44 39]
[54 43 40]
[54 45 39]
[54 45 80]
[54 43 79]
[54 73 85]
[54 74 85]
[54 51 82]
[54 58 82]
[54 63 85]
[54 65 84]
[54 65 85]
[54 44 81]
[54 62 -13]
[54 69 84]
[54 69 85]
[54 72 85]
[54 62 85]
[54 40 77]
[54 40 79]
[54 88 4]
[54 44 -2]
[54 42 79]
[54 88 10]
[54 88 8]
[54 47 83]
[54 56 -11]
[54 75 85]
[54 45 82]
[54 46 83]
[54 86 13]
[54 85 13]
[54 41 76]
[54 41 75]
[54 71 84]
[54 61 85]
[54 44 -4]
[54 38 69]
[54 61 -12]
[54 61 -13]
[54 50 83]
[55 75 86]
[55 89 10]
[55 48 -8]
[55 53 83]
[55 53 84]
[55 52 84]
[55 48 83]
[55 49 84]
[55 50 84]
[55 59 -14]
[55 61 -14]
[55 73 86]
[55 71 85]
[55 72 86]
[55 47 84]
[55 45 83]
[55 44 82]
[55 43 82]
[55 43 80]
[55 43 81]
[55 86 14]
[55 87 13]
[55 39 76]
[55 40 76]
[55 42 0]
[55 42 2]
[55 42 1]
[55 49 -9]
[55 48 -9]
[55 68 85]
[55 66 85]
[55 55 -12]
[55 60 86]
[55 60 85]
[55 58 85]
[55 56 86]
[55 57 86]
[55 68 86]
[55 70 85]
[55 70 86]
[55 74 86]
[55 67 -13]
[55 41 79]
[55 42 80]
[55 89 1]
[55 90 2]
[55 65 -13]
[55 63 -14]
[55 89 5]
[55 50 -10]
[55 64 85]
[55 63 86]
[55 62 86]
[55 64 86]
[55 37 72]
[55 37 70]
[55 37 71]
[55 89 7]
[55 58 -13]
[55 57 -13]
[55 76 86]
[55 44 -1]
[55 43 -3]
[55 87 12]
[55 88 12]
[55 47 -7]
[55 47 -6]
[55 47 -8]
[55 37 69]
[55 38 74]
[55 42 40]
[55 43 39]
[55 65 86]
[55 37 73]
[55 51 -11]
[55 52 -11]
[55 44 -5]
[55 45 -4]
[55 42 -1]
[55 42 -2]
[55 43 -2]
[55 61 86]
[55 54 -12]
[55 54 -11]
[55 89 12]
[55 89 11]
[55 67 85]
[55 40 78]
[55 41 80]
[55 39 79]
[55 39 80]
[55 39 78]
[55 89 9]
[55 66 84]
[55 59 85]
[55 77 86]
[55 45 81]
[55 62 -14]
[55 44 -6]
[55 64 -11]
[55 43 38]
[55 44 38]
[55 45 38]
[55 48 84]
[55 78 85]
[55 90 5]
[55 60 -14]
[56 71 86]
[56 71 87]
[56 73 87]
[56 57 -14]
[56 90 11]
[56 88 13]
[56 89 13]
[56 52 -12]
[56 51 -12]
[56 50 -11]
[56 78 86]
[56 76 87]
[56 67 -14]
[56 48 85]
[56 47 85]
[56 74 87]
[56 46 85]
[56 46 84]
[56 55 -13]
[56 54 -13]
[56 42 82]
[56 42 83]
[56 42 81]
[56 44 83]
[56 38 80]
[56 90 9]
[56 90 10]
[56 46 -8]
[56 44 84]
[56 45 37]
[56 39 77]
[56 60 -15]
[56 58 -15]
[56 59 -15]
[56 75 87]
[56 77 87]
[56 59 86]
[56 41 40]
[56 42 41]
[56 42 39]
[56 43 -5]
[56 45 -6]
[56 87 14]
[56 58 86]
[56 47 -9]
[56 36 72]
[56 36 73]
[56 91 6]
[56 90 4]
[56 40 81]
[56 38 79]
[56 49 -10]
[56 69 86]
[56 42 -3]
[56 69 87]
[56 67 87]
[56 41 1]
[56 41 -1]
[56 41 -2]
[56 41 -3]
[56 54 85]
[56 54 84]
[56 57 87]
[56 36 70]
[56 36 71]
[56 43 -7]
[56 48 -10]
[56 64 87]
[56 64 -14]
[56 62 -15]
[56 64 -15]
[56 66 86]
[56 66 87]
[56 53 -12]
[56 53 -11]
[56 89 6]
[56 90 6]
[56 90 8]
[56 63 87]
[56 67 86]
[56 62 87]
[56 61 87]
[56 38 68]
[56 36 69]
[56 41 2]
[56 49 85]
[56 38 75]
[56 37 74]
[56 58 -14]
[56 42 -4]
[56 90 1]
[56 91 2]
[56 90 3]
[56 60 87]
[56 44 37]
[56 55 87]
[56 41 81]
[56 90 12]
[56 61 -15]
[57 45 36]
[57 46 38]
[57 38 76]
[57 37 76]
[57 63 -15]
[57 65 -15]
[57 41 38]
[57 49 -11]
[57 55 -14]
[57 56 -14]
[57 91 10]
[57 91 11]
[57 41 -4]
[57 40 -4]
[57 40 -2]
[57 91 13]
[57 91 12]
[57 70 87]
[57 68 87]
[57 61 -16]
[57 63 -16]
[57 62 -16]
[57 91 8]
[57 91 7]
[57 51 -13]
[57 89 14]
[57 88 14]
[57 65 87]
[57 63 88]
[57 64 88]
[57 91 4]
[57 43 36]
[57 91 5]
[57 47 86]
[57 45 86]
[57 35 73]
[57 48 86]
[57 50 85]
[57 77 88]
[57 91 9]
[57 45 84]
[57 44 85]
[57 43 85]
[57 57 -15]
[57 59 -16]
[57 58 -16]
[57 57 -16]
[57 66 88]
[57 58 88]
[57 56 87]
[57 56 88]
[57 58 87]
[57 47 -10]
[57 39 67]
[57 38 67]
[57 45 -7]
[57 56 -15]
[57 41 82]
[57 43 -6]
[57 42 -6]
[57 92 7]
[57 74 88]
[57 75 88]
[57 38 78]
[57 37 80]
[57 37 78]
[57 37 79]
[57 59 87]
[57 53 -13]
[57 40 80]
[57 40 82]
[57 39 81]
[57 40 -3]
[57 36 75]
[57 42 -5]
[57 72 87]
[57 73 88]
[57 43 -4]
[57 41 -5]
[57 55 84]
[57 54 83]
[57 55 85]
[57 53 85]
[57 61 88]
[57 62 88]
[57 91 3]
[57 40 1]
[57 78 87]
[57 36 74]
[57 35 72]
[57 46 -10]
[57 46 -9]
[57 50 -13]
[57 50 -12]
[57 35 70]
[57 54 -14]
[57 46 -7]
[57 44 -7]
[57 76 88]
[57 64 -16]
[57 65 -14]
[57 40 0]
[57 41 0]
[57 35 68]
[57 37 68]
[57 36 68]
[57 43 83]
[57 43 84]
[57 72 88]
[57 54 86]
[57 54 88]
[57 55 88]
[57 42 84]
[57 41 84]
[57 59 88]
[57 37 81]
[57 60 88]
[57 90 7]
[57 53 86]
[57 69 88]
[57 70 88]
[57 68 88]
[58 57 89]
[58 45 -10]
[58 46 -11]
[58 45 -11]
[58 44 36]
[58 43 35]
[58 44 35]
[58 40 83]
[58 39 83]
[58 39 82]
[58 38 66]
[58 67 89]
[58 69 89]
[58 68 89]
[58 62 -17]
[58 57 88]
[58 52 87]
[58 54 87]
[58 52 86]
[58 53 87]
[58 52 85]
[58 45 -9]
[58 43 -8]
[58 45 -8]
[58 36 79]
[58 92 9]
[58 92 8]
[58 48 -11]
[58 47 -11]
[58 64 -17]
[58 39 1]
[58 39 -4]
[58 40 -5]
[58 40 -1]
[58 50 86]
[58 87 15]
[58 42 86]
[58 44 86]
[58 42 -7]
[58 77 89]
[58 75 89]
[58 53 88]
[58 55 89]
[58 53 89]
[58 71 89]
[58 71 88]
[58 73 89]
[58 37 77]
[58 48 -12]
[58 45 85]
[58 41 37]
[58 92 5]
[58 74 89]
[58 49 -12]
[58 38 82]
[58 36 80]
[58 37 82]
[58 62 89]
[58 60 89]
[58 89 8]
[58 35 74]
[58 37 75]
[58 53 82]
[58 61 89]
[58 65 89]
[58 64 89]
[58 92 12]
[58 92 10]
[58 92 11]
[58 42 85]
[58 39 66]
[58 39 -2]
[58 39 -3]
[58 43 86]
[58 65 -16]
[58 90 13]
[58 89 15]
[58 54 -15]
[58 53 -15]
[58 53 -14]
[58 70 89]
[58 34 73]
[58 58 -17]
[58 57 -17]
[58 56 -16]
[58 36 67]
[58 78 88]
[58 78 89]
[58 76 89]
[58 56 89]
[58 54 89]
[58 55 -16]
[58 41 83]
[58 41 85]
[58 56 -13]
[58 55 -15]
[58 41 -6]
[58 44 -3]
[58 40 84]
[58 40 85]
[58 34 68]
[58 35 69]
[58 65 88]
[58 39 -1]
[58 55 86]
[58 52 -14]
[58 36 76]
[58 35 75]
[58 35 76]
[58 59 -17]
[58 58 89]
[58 79 87]
[58 39 75]
[58 36 81]
[58 38 81]
[58 38 77]
[58 46 86]
[58 44 87]
[58 45 87]
[58 46 87]
[58 92 4]
[58 47 87]
[58 34 72]
[58 34 71]
[58 34 69]
[58 35 71]
[59 39 0]
[59 52 89]
[59 39 84]
[59 42 -9]
[59 44 -8]
[59 93 13]
[59 93 11]
[59 46 88]
[59 62 90]
[59 60 90]
[59 66 -15]
[59 90 14]
[59 38 1]
[59 88 15]
[59 87 16]
[59 56 90]
[59 57 90]
[59 67 90]
[59 67 88]
[59 40 -6]
[59 34 70]
[59 56 -17]
[59 39 65]
[59 74 90]
[59 59 90]
[59 35 79]
[59 36 78]
[59 58 -18]
[59 57 -18]
[59 38 -4]
[59 38 -3]
[59 34 76]
[59 35 77]
[59 47 -12]
[59 48 -13]
[59 47 -13]
[59 49 -13]
[59 63 -17]
[59 52 88]
[59 37 83]
[59 71 90]
[59 72 90]
[59 72 89]
[59 54 -16]
[59 53 -16]
[59 49 86]
[59 51 85]
[59 51 87]
[59 93 9]
[59 79 89]
[59 77 90]
[59 79 90]
[59 54 -17]
[59 55 -17]
[59 69 90]
[59 33 72]
[59 33 73]
[59 33 74]
[59 65 90]
[59 64 90]
[59 76 90]
[59 78 90]
[59 37 67]
[59 43 34]
[59 75 90]
[59 43 87]
[59 44 88]
[59 73 90]
[59 79 88]
[59 42 34]
[59 51 -14]
[59 34 75]
[59 54 90]
[59 44 -9]
[59 44 -10]
[59 38 84]
[59 38 83]
[59 41 86]
[59 41 87]
[59 55 90]
[59 52 -15]
[59 33 69]
[59 33 70]
[59 36 77]
[59 93 10]
[59 58 90]
[59 40 37]
[59 42 36]
[59 40 38]
[59 39 85]
[59 40 86]
[59 39 86]
[59 42 -8]
[59 41 -8]
[59 41 -7]
[59 38 -2]
[59 60 -18]
[59 60 -16]
[59 34 67]
[59 33 67]
[59 35 81]
[59 35 80]
[59 35 82]
[59 46 -12]
[59 44 -12]
[59 44 -11]
[59 63 89]
[59 63 90]
[59 61 90]
[59 63 -18]
[59 61 -17]
[59 62 -18]
[59 61 -18]
[59 59 89]
[59 51 86]
[60 66 89]
[60 68 91]
[60 67 91]
[60 33 71]
[60 51 89]
[60 71 91]
[60 70 90]
[60 32 67]
[60 33 66]
[60 32 68]
[60 33 68]
[60 32 70]
[60 74 91]
[60 73 91]
[60 37 -4]
[60 37 -5]
[60 37 -3]
[60 42 87]
[60 41 88]
[60 40 88]
[60 51 88]
[60 94 11]
[60 94 9]
[60 60 -17]
[60 45 -12]
[60 43 -10]
[60 37 84]
[60 38 85]
[60 38 -1]
[60 94 13]
[60 94 14]
[60 94 12]
[60 77 91]
[60 78 91]
[60 79 91]
[60 34 74]
[60 33 75]
[60 55 -18]
[60 53 -17]
[60 76 91]
[60 94 10]
[60 64 91]
[60 34 79]
[60 34 80]
[60 35 78]
[60 34 82]
[60 64 -18]
[60 54 91]
[60 55 91]
[60 56 91]
[60 36 84]
[60 36 83]
[60 39 38]
[60 39 37]
[60 41 36]
[60 40 36]
[60 39 36]
[60 43 33]
[60 42 35]
[60 57 -19]
[60 56 -19]
[60 42 88]
[60 58 -19]
[60 57 91]
[60 63 -19]
[60 37 0]
[60 69 91]
[60 39 -5]
[60 39 -7]
[60 39 -6]
[60 40 -7]
[60 66 90]
[60 65 91]
[60 66 91]
[60 75 91]
[60 48 87]
[60 50 87]
[60 43 -11]
[60 32 74]
[60 32 72]
[60 42 -10]
[60 52 -16]
[60 43 -12]
[60 46 -13]
[60 63 91]
[60 41 34]
[60 41 33]
[60 41 35]
[60 88 16]
[60 43 89]
[60 48 -14]
[60 49 -14]
[60 50 -14]
[60 47 -14]
[60 53 90]
[60 52 90]
[60 58 91]
[60 40 65]
[60 60 91]
[60 41 39]
[60 34 81]
[60 51 -15]
[60 33 76]
[60 34 77]
[60 34 78]
[60 32 73]
[60 66 -14]
[60 34 83]
[60 45 88]
[60 45 89]
[60 32 69]
[60 60 -19]
[60 59 -19]
[60 40 -9]
[60 41 -9]
[60 40 -8]
[60 40 87]
[60 38 86]
[60 56 -18]
[60 43 37]
[60 42 37]
[61 32 66]
[61 31 68]
[61 51 91]
[61 53 91]
[61 42 89]
[61 43 88]
[61 33 82]
[61 33 81]
[61 33 83]
[61 35 83]
[61 42 38]
[61 41 -10]
[61 39 -8]
[61 39 -9]
[61 46 -14]
[61 38 -7]
[61 38 -5]
[61 38 -6]
[61 57 92]
[61 58 92]
[61 33 78]
[61 33 79]
[61 95 11]
[61 61 -19]
[61 61 -20]
[61 59 -20]
[61 37 -2]
[61 36 -2]
[61 39 88]
[61 39 89]
[61 41 89]
[61 42 33]
[61 38 -8]
[61 43 90]
[61 44 90]
[61 44 89]
[61 50 89]
[61 33 77]
[61 55 92]
[61 65 -19]
[61 65 -18]
[61 35 85]
[61 36 85]
[61 37 85]
[61 40 32]
[61 41 32]
[61 40 33]
[61 40 34]
[61 75 92]
[61 76 92]
[61 65 92]
[61 67 92]
[61 66 92]
[61 50 -16]
[61 50 -15]
[61 37 86]
[61 31 69]
[61 31 71]
[61 58 -20]
[61 93 12]
[61 40 89]
[61 93 14]
[61 94 15]
[61 95 15]
[61 95 14]
[61 39 87]
[61 38 0]
[61 31 74]
[61 63 -20]
[61 64 -19]
[61 57 -20]
[61 59 -18]
[61 49 87]
[61 47 88]
[61 40 39]
[61 59 91]
[61 61 91]
[61 60 92]
[61 48 -15]
[61 47 -15]
[61 52 91]
[61 31 72]
[61 31 73]
[61 72 91]
[61 71 92]
[61 70 91]
[61 95 10]
[61 95 12]
[61 32 71]
[61 56 -20]
[61 70 92]
[61 68 92]
[61 42 -12]
[61 40 35]
[61 68 90]
[61 39 35]
[61 38 37]
[61 32 75]
[61 79 92]
[61 77 92]
[61 55 -19]
[61 54 -18]
[61 40 -10]
[61 62 91]
[61 33 80]
[61 42 -11]
[61 43 -9]
[61 64 92]
[61 46 89]
[61 35 84]
[61 44 -13]
[61 41 -11]
[61 37 -1]
[61 37 -6]
[61 36 -6]
[61 73 92]
[61 55 -20]
[61 52 -17]
[61 53 -18]
[61 38 87]
[61 36 -5]
[61 36 -4]
[61 36 -3]
[61 49 -15]
[62 66 93]
[62 64 93]
[62 65 93]
[62 78 92]
[62 79 93]
[62 78 93]
[62 66 -19]
[62 38 -9]
[62 65 -20]
[62 38 88]
[62 52 92]
[62 51 90]
[62 53 92]
[62 46 90]
[62 45 90]
[62 47 90]
[62 47 89]
[62 49 -16]
[62 51 -16]
[62 41 -12]
[62 43 -13]
[62 41 -13]
[62 76 93]
[62 38 89]
[62 34 84]
[62 32 79]
[62 32 80]
[62 37 36]
[62 62 -20]
[62 62 -19]
[62 60 -20]
[62 36 -7]
[62 37 -7]
[62 96 16]
[62 94 16]
[62 59 92]
[62 56 92]
[62 63 92]
[62 32 81]
[62 70 93]
[62 72 92]
[62 72 93]
[62 69 93]
[62 69 92]
[62 35 -2]
[62 35 -3]
[62 36 -1]
[62 59 -21]
[62 61 92]
[62 62 92]
[62 36 86]
[62 47 -16]
[62 63 -21]
[62 62 -21]
[62 64 -20]
[62 40 -11]
[62 95 16]
[62 30 67]
[62 31 67]
[62 30 69]
[62 35 -5]
[62 35 -4]
[62 96 14]
[62 96 13]
[62 95 13]
[62 39 34]
[62 39 33]
[62 54 -19]
[62 45 -14]
[62 44 -14]
[62 51 -18]
[62 51 -17]
[62 60 93]
[62 32 84]
[62 39 31]
[62 40 31]
[62 56 -21]
[62 55 93]
[62 35 -7]
[62 54 -21]
[62 55 -21]
[62 31 76]
[62 31 75]
[62 40 -12]
[62 74 93]
[62 75 93]
[62 35 86]
[62 46 -15]
[62 45 -13]
[62 45 -15]
[62 43 91]
[62 42 90]
[62 67 93]
[62 32 76]
[62 32 77]
[62 49 88]
[62 49 89]
[62 49 90]
[62 48 -16]
[62 59 93]
[62 58 93]
[62 96 11]
[62 74 92]
[62 31 70]
[62 30 70]
[62 30 68]
[62 42 31]
[62 41 31]
[62 42 32]
[62 30 72]
[62 30 73]
[62 50 91]
[62 50 92]
[62 35 -6]
[62 38 90]
[62 39 90]
[62 30 74]
[62 66 -20]
[62 96 12]
[62 34 85]
[63 62 93]
[63 61 93]
[63 97 14]
[63 43 31]
[63 43 32]
[63 75 94]
[63 77 94]
[63 31 78]
[63 31 77]
[63 67 94]
[63 69 94]
[63 71 94]
[63 71 93]
[63 70 94]
[63 61 -22]
[63 61 -21]
[63 63 -22]
[63 73 93]
[63 34 -7]
[63 33 84]
[63 29 71]
[63 29 70]
[63 30 71]
[63 46 -16]
[63 45 -16]
[63 34 -2]
[63 34 -3]
[63 34 -1]
[63 46 91]
[63 45 91]
[63 48 88]
[63 48 89]
[63 38 31]
[63 39 32]
[63 49 -17]
[63 50 -17]
[63 56 -22]
[63 57 -21]
[63 55 -22]
[63 30 75]
[63 30 76]
[63 29 69]
[63 77 93]
[63 34 -4]
[63 36 87]
[63 35 87]
[63 48 -17]
[63 60 94]
[63 53 -22]
[63 54 -20]
[63 31 81]
[63 32 82]
[63 31 82]
[63 52 -18]
[63 67 -20]
[63 37 -8]
[63 58 94]
[63 29 72]
[63 29 73]
[63 37 88]
[63 37 90]
[63 37 87]
[63 37 89]
[63 41 -14]
[63 47 -17]
[63 53 93]
[63 51 93]
[63 52 93]
[63 51 92]
[63 48 90]
[63 40 -13]
[63 39 -11]
[63 49 91]
[63 48 91]
[63 34 86]
[63 68 93]
[63 73 94]
[63 72 94]
[63 65 94]
[63 64 94]
[63 34 -5]
[63 96 15]
[63 95 17]
[63 96 17]
[63 54 94]
[63 54 92]
[63 54 93]
[63 55 94]
[63 40 91]
[63 39 91]
[63 44 -15]
[63 36 -8]
[63 41 30]
[63 40 30]
[63 33 85]
[63 33 86]
[63 67 -21]
[63 67 -19]
[63 30 66]
[63 29 68]
[63 29 66]
[63 29 67]
[63 68 94]
[63 50 90]
[63 42 30]
[63 38 34]
[63 38 35]
[63 42 91]
[63 31 83]
[63 31 85]
[63 44 91]
[63 29 74]
[63 39 -10]
[63 39 -12]
[63 63 93]
[63 63 94]
[63 97 16]
[63 58 -21]
[63 59 -22]
[63 58 -22]
[63 60 -22]
[63 65 -21]
[63 64 -21]
[63 41 91]
[63 44 -16]
[63 36 36]
[63 36 35]
[63 49 92]
[63 49 93]
[63 32 78]
[63 31 80]
[63 34 -6]
[63 29 75]
[63 43 -14]
[63 42 -13]
[63 31 79]
[63 37 -10]
[63 36 0]
[63 35 -1]
[63 62 -22]
[63 54 -22]
[63 31 66]
[63 59 94]
[63 57 93]
[63 57 94]
[63 97 13]
[63 38 91]
[63 37 91]
[63 51 -19]
[63 50 -19]
[64 38 -11]
[64 38 -12]
[64 30 80]
[64 30 78]
[64 56 93]
[64 66 -21]
[64 67 -22]
[64 68 -22]
[64 66 -22]
[64 57 -22]
[64 62 -23]
[64 45 -17]
[64 50 93]
[64 62 94]
[64 62 95]
[64 64 95]
[64 53 94]
[64 34 -8]
[64 53 -19]
[64 71 95]
[64 66 95]
[64 43 30]
[64 41 29]
[64 40 -14]
[64 42 -14]
[64 42 -15]
[64 45 92]
[64 46 92]
[64 44 92]
[64 38 33]
[64 47 -18]
[64 49 -18]
[64 48 -18]
[64 47 91]
[64 59 -23]
[64 61 -23]
[64 61 94]
[64 61 95]
[64 60 95]
[64 54 -23]
[64 56 -23]
[64 41 90]
[64 40 90]
[64 41 92]
[64 40 92]
[64 35 88]
[64 28 72]
[64 28 74]
[64 68 -20]
[64 36 88]
[64 36 89]
[64 69 95]
[64 68 95]
[64 98 15]
[64 98 13]
[64 98 14]
[64 30 81]
[64 30 79]
[64 76 94]
[64 74 94]
[64 36 90]
[64 28 70]
[64 64 -23]
[64 78 94]
[64 77 95]
[64 33 87]
[64 64 -22]
[64 43 -16]
[64 58 -23]
[64 60 -23]
[64 60 -21]
[64 51 94]
[64 28 71]
[64 38 36]
[64 37 34]
[64 53 -23]
[64 53 -21]
[64 52 -21]
[64 52 -22]
[64 73 95]
[64 74 95]
[64 72 95]
[64 37 33]
[64 34 0]
[64 47 92]
[64 39 92]
[64 35 -8]
[64 37 -9]
[64 36 -9]
[64 28 75]
[64 30 77]
[64 51 -20]
[64 50 -18]
[64 33 -6]
[64 33 -5]
[64 95 18]
[64 28 69]
[64 28 67]
[64 36 -11]
[64 97 17]
[64 97 18]
[64 28 66]
[64 38 92]
[64 37 92]
[64 36 91]
[64 36 92]
[64 52 94]
[64 32 83]
[64 42 92]
[64 98 16]
[64 98 17]
[64 54 95]
[64 55 95]
[64 53 95]
[64 39 29]
[64 31 84]
[64 30 84]
[64 30 82]
[64 30 83]
[64 48 92]
[64 56 95]
[64 57 95]
[64 56 94]
[64 58 95]
[64 70 95]
[64 34 87]
[64 32 86]
[64 32 87]
[64 38 -13]
[64 33 -3]
[64 33 -4]
[64 33 -1]
[64 33 -2]
[64 39 -13]
[64 29 76]
[64 29 77]
[64 66 94]
[64 49 94]
[64 48 93]
[64 34 88]
[64 32 85]
[64 30 86]
[64 31 86]
[64 98 12]
[64 37 31]
[64 37 30]
[64 33 -7]
[64 63 95]
[64 67 95]
[64 43 92]
[64 97 15]
[64 42 29]
[64 37 35]
[64 46 -17]
[65 47 93]
[65 46 93]
[65 61 -24]
[65 62 -24]
[65 60 -24]
[65 38 29]
[65 36 29]
[65 37 29]
[65 41 -16]
[65 30 85]
[65 29 84]
[65 52 -20]
[65 53 -20]
[65 96 18]
[65 35 90]
[65 29 85]
[65 29 87]
[65 31 87]
[65 65 -22]
[65 51 95]
[65 44 -17]
[65 42 -17]
[65 49 -19]
[65 38 32]
[65 38 30]
[65 36 32]
[65 35 93]
[65 36 93]
[65 99 16]
[65 33 88]
[65 56 96]
[65 72 96]
[65 62 96]
[65 61 96]
[65 32 -1]
[65 32 -3]
[65 32 -6]
[65 51 -21]
[65 50 -21]
[65 39 -14]
[65 40 -15]
[65 33 0]
[65 68 -21]
[65 60 96]
[65 28 77]
[65 29 80]
[65 29 81]
[65 35 -10]
[65 35 -9]
[65 27 70]
[65 29 78]
[65 29 79]
[65 75 95]
[65 28 73]
[65 40 93]
[65 67 -23]
[65 66 -23]
[65 35 91]
[65 35 92]
[65 43 29]
[65 43 28]
[65 29 82]
[65 27 72]
[65 27 71]
[65 29 83]
[65 32 -7]
[65 37 -14]
[65 38 -14]
[65 37 -13]
[65 35 89]
[65 98 18]
[65 99 17]
[65 69 96]
[65 70 96]
[65 45 93]
[65 49 95]
[65 69 -19]
[65 69 -21]
[65 69 -20]
[65 54 -24]
[65 52 -23]
[65 52 -24]
[65 32 88]
[65 34 89]
[65 33 89]
[65 36 34]
[65 52 96]
[65 54 96]
[65 55 96]
[65 34 -9]
[65 68 96]
[65 67 96]
[65 63 -24]
[65 63 -23]
[65 37 -11]
[65 37 -12]
[65 32 -4]
[65 36 -10]
[65 38 -10]
[65 32 -5]
[65 99 15]
[65 66 96]
[65 41 93]
[65 35 -12]
[65 73 96]
[65 75 96]
[65 51 -23]
[65 42 93]
[65 44 29]
[65 64 96]
[65 65 95]
[65 65 96]
[65 58 96]
[65 47 -19]
[65 48 -19]
[65 50 95]
[65 52 95]
[65 43 93]
[65 28 76]
[65 28 78]
[65 46 -19]
[65 27 75]
[65 44 -18]
[65 45 -18]
[65 46 -18]
[65 44 93]
[65 71 96]
[65 64 -24]
[65 33 -9]
[65 33 -8]
[65 43 -15]
[65 41 -15]
[65 57 -24]
[65 59 -24]
[65 57 -23]
[65 40 29]
[66 69 97]
[66 62 -25]
[66 35 33]
[66 35 32]
[66 35 31]
[66 73 97]
[66 68 97]
[66 67 97]
[66 49 -20]
[66 39 94]
[66 40 94]
[66 36 30]
[66 51 -22]
[66 37 32]
[66 50 94]
[66 51 96]
[66 28 83]
[66 60 97]
[66 70 -22]
[66 69 -22]
[66 70 -20]
[66 99 14]
[66 100 14]
[66 100 16]
[66 40 -17]
[66 47 94]
[66 46 94]
[66 31 -8]
[66 31 -7]
[66 29 86]
[66 58 -24]
[66 56 -24]
[66 26 70]
[66 68 -19]
[66 70 -21]
[66 33 -10]
[66 38 -15]
[66 26 72]
[66 26 71]
[66 35 -13]
[66 34 -12]
[66 36 -12]
[66 34 -13]
[66 36 -13]
[66 32 -9]
[66 100 15]
[66 57 97]
[66 43 -18]
[66 41 -18]
[66 96 19]
[66 34 93]
[66 35 94]
[66 34 94]
[66 67 -24]
[66 66 -24]
[66 68 -23]
[66 68 -24]
[66 39 30]
[66 37 28]
[66 28 86]
[66 43 94]
[66 44 94]
[66 36 28]
[66 35 29]
[66 35 28]
[66 35 30]
[66 32 -2]
[66 34 -11]
[66 35 -11]
[66 27 77]
[66 55 97]
[66 45 -19]
[66 42 -16]
[66 64 97]
[66 65 97]
[66 63 97]
[66 63 96]
[66 59 97]
[66 42 94]
[66 41 94]
[66 56 -25]
[66 57 -25]
[66 31 88]
[66 32 89]
[66 36 -15]
[66 34 91]
[66 30 87]
[66 28 87]
[66 28 88]
[66 52 97]
[66 53 97]
[66 53 96]
[66 74 96]
[66 76 96]
[66 31 -5]
[66 31 -6]
[66 31 -4]
[66 49 -22]
[66 34 92]
[66 34 90]
[66 44 28]
[66 27 73]
[66 26 73]
[66 47 -20]
[66 53 -24]
[66 28 82]
[66 50 -20]
[66 31 -3]
[66 45 -20]
[66 46 -20]
[66 71 97]
[66 39 -15]
[66 39 -16]
[66 28 79]
[66 43 -17]
[66 61 97]
[66 27 74]
[66 36 94]
[66 99 18]
[66 54 97]
[66 32 -8]
[66 28 80]
[66 28 84]
[66 52 -19]
[66 63 -25]
[66 64 -25]
[66 49 96]
[66 48 94]
[66 70 -19]
[66 37 -15]
[66 61 -25]
[66 59 -25]
[66 26 75]
[66 26 74]
[66 60 -25]
[66 35 34]
[66 35 35]
[66 36 33]
[66 28 81]
[66 65 -25]
[66 65 -23]
[66 58 -25]
[66 53 -25]
[66 55 -23]
[66 70 97]
[66 97 19]
[66 40 -16]
[66 32 90]
[66 45 94]
[67 42 -18]
[67 37 -16]
[67 61 98]
[67 48 -22]
[67 49 -21]
[67 48 -21]
[67 50 -23]
[67 34 -10]
[67 39 -17]
[67 41 -17]
[67 29 88]
[67 27 86]
[67 27 88]
[67 59 -26]
[67 60 -26]
[67 62 98]
[67 62 97]
[67 27 85]
[67 28 85]
[67 55 -24]
[67 35 27]
[67 34 34]
[67 99 13]
[67 33 -11]
[67 33 -13]
[67 33 -12]
[67 26 76]
[67 27 78]
[67 34 32]
[67 34 33]
[67 25 74]
[67 25 73]
[67 69 -24]
[67 68 -25]
[67 69 -23]
[67 66 -26]
[67 66 -25]
[67 66 97]
[67 66 98]
[67 65 98]
[67 36 -14]
[67 38 -16]
[67 36 -16]
[67 28 89]
[67 27 89]
[67 29 89]
[67 64 -26]
[67 72 98]
[67 71 98]
[67 34 31]
[67 71 -20]
[67 44 95]
[67 45 95]
[67 30 -6]
[67 30 -5]
[67 30 -7]
[67 47 -21]
[67 46 -21]
[67 62 -26]
[67 69 98]
[67 64 98]
[67 50 96]
[67 48 96]
[67 48 95]
[67 55 -25]
[67 48 -20]
[67 68 98]
[67 67 98]
[67 31 -2]
[67 101 17]
[67 101 15]
[67 100 17]
[67 27 80]
[67 34 30]
[67 34 -14]
[67 33 -14]
[67 44 -19]
[67 43 -19]
[67 52 98]
[67 51 97]
[67 51 98]
[67 38 94]
[67 39 95]
[67 38 93]
[67 40 95]
[67 76 97]
[67 77 97]
[67 70 98]
[67 50 97]
[67 31 91]
[67 33 91]
[67 41 95]
[67 43 95]
[67 58 97]
[67 56 98]
[67 57 96]
[67 58 98]
[67 42 95]
[67 33 92]
[67 33 94]
[67 27 83]
[67 30 88]
[67 74 97]
[67 71 -19]
[67 35 -14]
[67 72 97]
[67 52 -26]
[67 25 75]
[67 44 -20]
[67 65 -24]
[67 25 72]
[67 25 71]
[67 33 90]
[67 31 89]
[67 59 96]
[67 35 -16]
[67 35 -15]
[67 56 -26]
[67 55 -26]
[67 71 -22]
[67 30 -8]
[67 71 -23]
[67 58 -26]
[67 57 -26]
[67 101 16]
[67 52 -25]
[67 34 95]
[67 36 31]
[67 44 -21]
[67 45 -21]
[67 34 28]
[67 34 29]
[67 97 20]
[67 27 79]
[67 33 93]
[67 35 95]
[67 31 -10]
[67 31 -9]
[67 32 -10]
[67 46 95]
[67 47 95]
[67 98 19]
[67 99 19]
[67 100 18]
[67 38 -17]
[67 30 -3]
[67 54 98]
[67 55 98]
[67 41 -19]
[67 40 -18]
[67 40 -19]
[67 70 -23]
[67 37 94]
[67 37 93]
[67 36 95]
[68 58 -27]
[68 56 97]
[68 54 99]
[68 55 99]
[68 56 99]
[68 59 95]
[68 40 -20]
[68 42 -19]
[68 60 99]
[68 61 99]
[68 28 90]
[68 29 90]
[68 30 -4]
[68 34 -15]
[68 34 -16]
[68 29 -6]
[68 29 -7]
[68 73 98]
[68 75 98]
[68 43 96]
[68 42 96]
[68 37 -17]
[68 72 -23]
[68 37 -18]
[68 39 -18]
[68 32 93]
[68 33 27]
[68 33 29]
[68 98 20]
[68 99 20]
[68 33 28]
[68 63 99]
[68 62 99]
[68 70 -24]
[68 71 -24]
[68 29 -9]
[68 30 -9]
[68 44 96]
[68 66 99]
[68 35 -17]
[68 34 -17]
[68 36 -17]
[68 47 -22]
[68 70 99]
[68 71 99]
[68 69 99]
[68 69 -25]
[68 99 12]
[68 52 99]
[68 50 98]
[68 50 99]
[68 24 75]
[68 24 74]
[68 24 73]
[68 32 95]
[68 26 77]
[68 25 76]
[68 26 85]
[68 26 81]
[68 26 80]
[68 27 81]
[68 33 95]
[68 72 -20]
[68 63 98]
[68 32 91]
[68 26 86]
[68 63 -27]
[68 64 -27]
[68 63 -26]
[68 35 96]
[68 37 96]
[68 26 89]
[68 72 -22]
[68 73 99]
[68 56 -27]
[68 32 -11]
[68 46 96]
[68 45 96]
[68 33 33]
[68 33 34]
[68 54 -25]
[68 47 -23]
[68 48 -23]
[68 49 -23]
[68 100 19]
[68 41 -20]
[68 32 94]
[68 78 97]
[68 76 98]
[68 78 96]
[68 77 96]
[68 53 98]
[68 24 72]
[68 25 70]
[68 69 -26]
[68 67 -25]
[68 64 99]
[68 30 89]
[68 67 -26]
[68 68 99]
[68 57 98]
[68 59 98]
[68 29 -4]
[68 47 96]
[68 48 97]
[68 54 -26]
[68 72 -21]
[68 77 98]
[68 30 90]
[68 26 83]
[68 27 82]
[68 26 84]
[68 27 84]
[68 61 -27]
[68 60 -27]
[68 59 -27]
[68 43 -20]
[68 45 -22]
[68 44 -22]
[68 31 -11]
[68 49 98]
[68 49 97]
[68 65 -27]
[68 67 99]
[68 33 30]
[68 33 32]
[68 31 92]
[68 34 96]
[68 36 96]
[68 102 16]
[68 102 17]
[68 102 15]
[68 33 31]
[68 32 -14]
[68 32 -15]
[68 32 -13]
[68 46 -22]
[68 32 -12]
[68 51 99]
[68 39 96]
[68 24 71]
[68 41 96]
[68 38 -18]
[68 38 95]
[68 51 -24]
[68 51 -26]
[68 42 -20]
[68 101 18]
[68 58 99]
[68 57 99]
[68 50 -22]
[68 50 -24]
[68 26 78]
[68 26 79]
[68 33 -15]
[68 26 88]
[68 26 90]
[68 57 -27]
[69 26 82]
[69 40 96]
[69 40 97]
[69 41 97]
[69 74 99]
[69 72 99]
[69 74 98]
[69 56 -28]
[69 58 -28]
[69 48 99]
[69 48 98]
[69 35 -18]
[69 33 -17]
[69 29 -8]
[69 71 -25]
[69 70 -25]
[69 73 100]
[69 74 100]
[69 53 -26]
[69 32 33]
[69 33 35]
[69 49 99]
[69 49 100]
[69 31 -13]
[69 33 96]
[69 31 95]
[69 31 94]
[69 31 96]
[69 46 -23]
[69 45 -23]
[69 42 97]
[69 43 97]
[69 59 -28]
[69 43 -21]
[69 42 -21]
[69 68 -26]
[69 24 76]
[69 25 77]
[69 31 90]
[69 32 29]
[69 28 91]
[69 30 91]
[69 29 91]
[69 62 -27]
[69 44 -23]
[69 53 100]
[69 25 91]
[69 25 90]
[69 25 89]
[69 101 19]
[69 102 18]
[69 39 -19]
[69 40 -21]
[69 39 -20]
[69 31 -14]
[69 72 -25]
[69 46 -24]
[69 32 30]
[69 32 28]
[69 31 -15]
[69 78 98]
[69 100 20]
[69 33 97]
[69 34 97]
[69 78 95]
[69 27 76]
[69 25 78]
[69 52 100]
[69 32 27]
[69 34 27]
[69 52 -27]
[69 51 -27]
[69 50 -26]
[69 73 -20]
[69 72 -19]
[69 73 -21]
[69 71 -21]
[69 34 -18]
[69 76 99]
[69 78 99]
[69 27 90]
[69 53 99]
[69 31 -12]
[69 54 100]
[69 55 100]
[69 70 -26]
[69 28 -5]
[69 28 -6]
[69 29 -5]
[69 68 100]
[69 69 100]
[69 35 97]
[69 37 95]
[69 36 97]
[69 37 97]
[69 65 -28]
[69 67 100]
[69 32 -16]
[69 54 -27]
[69 55 -27]
[69 53 -27]
[69 61 100]
[69 60 98]
[69 28 -7]
[69 62 100]
[69 63 100]
[69 23 71]
[69 23 70]
[69 62 -28]
[69 67 -27]
[69 25 86]
[69 47 98]
[69 47 97]
[69 72 100]
[69 71 100]
[69 70 100]
[69 38 97]
[69 38 96]
[69 76 95]
[69 32 92]
[69 46 97]
[69 45 97]
[69 100 11]
[69 100 12]
[69 72 -24]
[69 73 -24]
[69 73 -23]
[69 31 93]
[69 30 93]
[69 30 92]
[69 73 -22]
[69 32 31]
[69 43 -23]
[69 49 -24]
[69 23 74]
[69 23 75]
[69 27 87]
[69 25 87]
[69 25 81]
[69 25 79]
[69 75 97]
[69 98 21]
[69 99 21]
[69 100 21]
[69 26 87]
[69 60 100]
[69 33 -16]
[69 32 32]
[69 32 34]
[69 59 99]
[69 38 -19]
[69 36 -18]
[69 28 -9]
[69 28 -10]
[69 29 -10]
[69 30 -10]
[69 70 -27]
[69 69 -27]
[69 68 -27]
[69 64 -28]
[69 63 -28]
[69 41 -21]
[69 64 100]
[69 65 100]
[69 25 80]
[69 25 82]
[69 25 84]
[69 25 83]
[69 51 100]
[69 61 -28]
[69 61 -26]
[70 24 77]
[70 24 79]
[70 46 98]
[70 50 100]
[70 48 100]
[70 47 99]
[70 47 100]
[70 31 31]
[70 31 30]
[70 31 32]
[70 73 101]
[70 75 101]
[70 74 101]
[70 23 72]
[70 29 93]
[70 30 94]
[70 64 -29]
[70 62 -29]
[70 24 82]
[70 47 -24]
[70 79 99]
[70 59 101]
[70 61 101]
[70 27 -10]
[70 30 -13]
[70 30 -14]
[70 31 29]
[70 31 27]
[70 33 98]
[70 35 98]
[70 75 100]
[70 77 99]
[70 79 98]
[70 77 100]
[70 57 -28]
[70 74 -20]
[70 37 -19]
[70 36 -19]
[70 71 -27]
[70 27 -7]
[70 27 -6]
[70 24 87]
[70 24 88]
[70 61 -29]
[70 38 -20]
[70 37 98]
[70 52 101]
[70 68 -28]
[70 70 101]
[70 39 98]
[70 38 98]
[70 39 97]
[70 45 -25]
[70 45 -24]
[70 47 -25]
[70 42 98]
[70 41 -22]
[70 40 -22]
[70 22 75]
[70 23 73]
[70 74 -21]
[70 32 -17]
[70 24 86]
[70 24 85]
[70 25 85]
[70 75 99]
[70 72 101]
[70 24 78]
[70 24 89]
[70 24 90]
[70 24 81]
[70 71 -26]
[70 24 80]
[70 65 -29]
[70 101 20]
[70 102 19]
[70 45 98]
[70 51 101]
[70 74 -19]
[70 67 101]
[70 66 101]
[70 68 101]
[70 54 -28]
[70 28 -8]
[70 31 97]
[70 32 96]
[70 32 97]
[70 41 98]
[70 32 -18]
[70 33 -18]
[70 30 -12]
[70 30 -11]
[70 38 -21]
[70 29 -11]
[70 28 -11]
[70 42 -22]
[70 43 -22]
[70 28 92]
[70 27 92]
[70 29 92]
[70 36 98]
[70 63 -29]
[70 32 98]
[70 34 98]
[70 58 -29]
[70 54 101]
[70 56 101]
[70 40 98]
[70 50 -25]
[70 49 -25]
[70 53 101]
[70 48 -25]
[70 101 12]
[70 22 69]
[70 22 70]
[70 22 74]
[70 22 76]
[70 97 22]
[70 99 10]
[70 103 19]
[70 51 -28]
[70 53 -28]
[70 52 -28]
[70 33 -19]
[70 34 -19]
[70 101 22]
[70 24 92]
[70 26 92]
[70 24 91]
[70 25 92]
[70 26 91]
[70 60 101]
[70 69 101]
[70 66 -29]
[70 66 -27]
[70 55 -29]
[70 64 101]
[70 55 101]
[70 30 96]
[70 70 -28]
[70 69 -28]
[71 39 99]
[71 31 28]
[71 30 30]
[71 51 -25]
[71 76 100]
[71 76 101]
[71 31 98]
[71 22 73]
[71 22 71]
[71 34 -20]
[71 33 -20]
[71 57 -29]
[71 101 21]
[71 102 21]
[71 56 100]
[71 56 102]
[71 71 101]
[71 73 -19]
[71 75 -19]
[71 31 -16]
[71 45 99]
[71 46 99]
[71 97 23]
[71 61 -30]
[71 60 -28]
[71 30 32]
[71 33 99]
[71 23 89]
[71 29 -12]
[71 27 91]
[71 23 84]
[71 23 86]
[71 23 85]
[71 24 84]
[71 32 -19]
[71 55 102]
[71 42 -23]
[71 40 -23]
[71 27 93]
[71 28 93]
[71 39 -22]
[71 37 -22]
[71 38 -22]
[71 37 -20]
[71 102 20]
[71 23 77]
[71 50 101]
[71 49 101]
[71 29 -13]
[71 52 102]
[71 53 102]
[71 30 33]
[71 31 33]
[71 30 31]
[71 24 83]
[71 26 93]
[71 60 102]
[71 61 102]
[71 35 99]
[71 58 -30]
[71 57 -30]
[71 59 -29]
[71 45 -26]
[71 46 -25]
[71 30 97]
[71 30 98]
[71 41 99]
[71 40 99]
[71 42 99]
[71 59 100]
[71 46 -26]
[71 48 -24]
[71 48 -26]
[71 75 -22]
[71 74 -22]
[71 75 -20]
[71 64 -30]
[71 21 74]
[71 21 75]
[71 51 -29]
[71 52 -29]
[71 50 -27]
[71 23 79]
[71 49 -26]
[71 29 94]
[71 29 95]
[71 57 101]
[71 57 102]
[71 43 99]
[71 43 98]
[71 30 29]
[71 41 -23]
[71 66 -30]
[71 65 -30]
[71 67 -29]
[71 67 -28]
[71 66 -28]
[71 26 -10]
[71 26 -11]
[71 29 97]
[71 30 95]
[71 44 -24]
[71 44 -25]
[71 25 88]
[71 102 13]
[71 101 11]
[71 101 13]
[71 102 12]
[71 100 13]
[71 23 76]
[71 23 78]
[71 53 -29]
[71 23 80]
[71 29 -14]
[71 29 -15]
[71 65 -26]
[71 39 -21]
[71 23 69]
[71 21 70]
[71 22 68]
[71 21 68]
[71 55 -28]
[71 59 102]
[71 58 101]
[71 58 102]
[71 23 82]
[71 23 81]
[71 103 20]
[71 30 27]
[71 103 18]
[71 104 19]
[71 22 77]
[71 38 99]
[71 37 99]
[71 99 11]
[71 100 9]
[71 100 10]
[71 23 93]
[71 23 92]
[71 24 93]
[71 56 -30]
[71 56 -29]
[71 27 -12]
[71 47 101]
[71 48 101]
[71 62 -30]
[71 46 100]
[71 23 87]
[71 23 88]
[71 51 102]
[72 22 67]
[72 28 94]
[72 28 95]
[72 60 103]
[72 59 103]
[72 27 -11]
[72 26 -12]
[72 47 102]
[72 49 102]
[72 48 102]
[72 47 -26]
[72 46 -27]
[72 45 -27]
[72 47 -27]
[72 60 -29]
[72 66 -31]
[72 67 -30]
[72 67 -31]
[72 65 -31]
[72 23 83]
[72 58 100]
[72 58 103]
[72 55 -30]
[72 27 94]
[72 103 12]
[72 103 13]
[72 102 11]
[72 30 99]
[72 57 100]
[72 42 -24]
[72 29 96]
[72 28 97]
[72 28 96]
[72 53 -30]
[72 56 103]
[72 22 72]
[72 22 93]
[72 22 92]
[72 22 94]
[72 102 22]
[72 50 102]
[72 43 -24]
[72 31 -17]
[72 30 -16]
[72 22 89]
[72 22 88]
[72 22 79]
[72 43 -25]
[72 44 -26]
[72 22 86]
[72 22 85]
[72 22 84]
[72 64 -31]
[72 104 20]
[72 103 21]
[72 104 21]
[72 75 -21]
[72 43 100]
[72 41 100]
[72 38 100]
[72 40 100]
[72 61 -31]
[72 24 94]
[72 23 94]
[72 25 93]
[72 39 -23]
[72 37 -23]
[72 28 -14]
[72 28 -16]
[72 29 -16]
[72 22 81]
[72 54 103]
[72 31 99]
[72 29 99]
[72 68 -29]
[72 20 71]
[72 21 69]
[72 74 -23]
[72 76 -20]
[72 44 98]
[72 96 22]
[72 28 -13]
[72 28 -12]
[72 51 103]
[72 22 87]
[72 55 103]
[72 57 103]
[72 59 -30]
[72 50 -29]
[72 51 -30]
[72 50 -28]
[72 52 -30]
[72 22 91]
[72 27 -13]
[72 44 97]
[72 60 -31]
[72 60 -30]
[72 63 -30]
[72 29 31]
[72 49 -27]
[72 34 100]
[72 35 100]
[72 34 99]
[72 36 99]
[72 28 -15]
[72 33 100]
[72 32 100]
[72 42 100]
[72 44 100]
[72 39 -24]
[72 101 10]
[72 22 83]
[72 36 100]
[72 101 14]
[72 102 14]
[72 36 -22]
[72 36 -21]
[72 29 27]
[72 30 28]
[72 29 28]
[72 58 -31]
[72 59 -31]
[72 25 94]
[72 20 69]
[72 20 76]
[72 20 75]
[72 21 76]
[72 54 -29]
[72 21 73]
[72 46 102]
[72 23 90]
[72 45 100]
[72 45 101]
[72 37 -21]
[72 21 72]
[72 32 -21]
[72 33 -21]
[72 35 -19]
[72 34 -21]
[72 61 103]
[72 57 -31]
[72 31 34]
[72 22 78]
[72 22 80]
[72 22 82]
[73 44 99]
[73 46 101]
[73 54 -30]
[73 56 104]
[73 27 95]
[73 68 -30]
[73 68 -31]
[73 35 101]
[73 33 101]
[73 34 101]
[73 21 71]
[73 60 104]
[73 59 104]
[73 23 91]
[73 21 91]
[73 21 92]
[73 21 88]
[73 21 77]
[73 26 94]
[73 27 96]
[73 29 98]
[73 36 101]
[73 27 -16]
[73 27 -15]
[73 28 -17]
[73 55 104]
[73 53 104]
[73 21 87]
[73 21 86]
[73 23 95]
[73 24 95]
[73 77 -19]
[73 76 -19]
[73 27 -14]
[73 43 101]
[73 44 101]
[73 61 -32]
[73 62 -32]
[73 28 28]
[73 28 27]
[73 37 100]
[73 37 101]
[73 104 22]
[73 38 -23]
[73 38 -25]
[73 39 -25]
[73 38 -24]
[73 20 68]
[73 20 70]
[73 30 -17]
[73 42 -25]
[73 21 81]
[73 21 80]
[73 45 -28]
[73 44 -28]
[73 21 82]
[73 21 83]
[73 29 100]
[73 28 100]
[73 57 -32]
[73 58 -32]
[73 19 76]
[73 20 77]
[73 31 101]
[73 25 95]
[73 49 103]
[73 50 103]
[73 36 -20]
[73 52 103]
[73 50 104]
[73 104 13]
[73 48 -28]
[73 105 20]
[73 21 94]
[73 21 95]
[73 43 -26]
[73 33 -22]
[73 31 -20]
[73 31 -21]
[73 20 72]
[73 56 -31]
[73 55 -31]
[73 31 100]
[73 39 100]
[73 63 -31]
[73 22 90]
[73 20 73]
[73 51 -31]
[73 53 -31]
[73 26 -13]
[73 48 103]
[73 47 103]
[73 34 -22]
[73 27 97]
[73 96 23]
[73 68 -32]
[73 67 -32]
[73 21 89]
[73 19 71]
[73 19 72]
[73 35 -21]
[73 35 -22]
[73 62 103]
[73 44 -27]
[73 35 -23]
[73 36 -23]
[73 21 93]
[73 103 22]
[73 44 102]
[73 58 104]
[73 57 104]
[73 49 -28]
[73 49 -29]
[73 49 -30]
[73 59 -32]
[73 21 85]
[73 54 -31]
[73 46 103]
[73 21 84]
[73 66 -32]
[73 65 -32]
[73 37 -24]
[73 47 -28]
[73 29 30]
[73 103 15]
[73 42 101]
[73 54 104]
[73 20 74]
[73 19 75]
[73 35 -20]
[73 30 100]
[73 41 101]
[73 40 101]
[73 69 -29]
[73 48 -27]
[73 46 -28]
[73 21 67]
[74 50 -30]
[74 48 -29]
[74 49 -31]
[74 26 95]
[74 26 -16]
[74 26 -17]
[74 26 -15]
[74 27 -17]
[74 52 -32]
[74 52 -31]
[74 61 -33]
[74 27 99]
[74 27 100]
[74 29 101]
[74 40 102]
[74 41 102]
[74 19 73]
[74 18 73]
[74 59 105]
[74 51 105]
[74 51 104]
[74 20 83]
[74 20 82]
[74 26 -14]
[74 25 -14]
[74 62 -31]
[74 60 -32]
[74 60 -33]
[74 62 -33]
[74 59 -33]
[74 58 -33]
[74 31 -18]
[74 29 -18]
[74 29 -17]
[74 30 -18]
[74 19 77]
[74 53 -32]
[74 55 -32]
[74 67 -33]
[74 19 78]
[74 20 78]
[74 42 102]
[74 32 101]
[74 33 102]
[74 32 102]
[74 38 101]
[74 21 90]
[74 20 90]
[74 20 89]
[74 56 105]
[74 64 -32]
[74 66 -33]
[74 64 -33]
[74 65 -33]
[74 34 -24]
[74 36 -24]
[74 47 104]
[74 48 104]
[74 20 87]
[74 20 85]
[74 38 -26]
[74 45 103]
[74 45 104]
[74 20 93]
[74 26 96]
[74 21 78]
[74 30 101]
[74 30 102]
[74 104 15]
[74 103 14]
[74 20 95]
[74 22 96]
[74 21 96]
[74 41 -26]
[74 41 -25]
[74 39 -26]
[74 40 -24]
[74 20 91]
[74 103 23]
[74 104 23]
[74 102 23]
[74 44 103]
[74 45 102]
[74 43 103]
[74 18 74]
[74 19 74]
[74 20 86]
[74 32 -22]
[74 34 -23]
[74 33 -23]
[74 105 13]
[74 105 12]
[74 19 69]
[74 49 104]
[74 105 23]
[74 53 103]
[74 53 105]
[74 54 105]
[74 20 94]
[74 20 92]
[74 18 71]
[74 18 72]
[74 31 -19]
[74 32 -20]
[74 27 98]
[74 43 -28]
[74 32 99]
[74 77 -20]
[74 24 96]
[74 25 96]
[74 43 -27]
[74 42 -26]
[74 42 -27]
[74 20 84]
[74 48 -30]
[74 57 -33]
[74 45 -29]
[74 44 -29]
[74 63 102]
[74 57 105]
[74 58 105]
[74 35 102]
[74 30 -22]
[74 30 -21]
[74 30 -20]
[74 52 104]
[74 34 102]
[74 47 -29]
[74 36 102]
[74 38 102]
[74 22 95]
[74 39 102]
[75 60 -34]
[75 19 84]
[75 65 -34]
[75 67 -34]
[75 48 -32]
[75 48 -31]
[75 31 102]
[75 30 -19]
[75 29 -19]
[75 28 98]
[75 28 99]
[75 26 99]
[75 63 -34]
[75 63 -32]
[75 52 105]
[75 46 -30]
[75 26 -18]
[75 28 -18]
[75 40 103]
[75 57 -34]
[75 34 103]
[75 36 103]
[75 41 -24]
[75 20 96]
[75 19 96]
[75 19 95]
[75 41 -27]
[75 28 -19]
[75 39 103]
[75 39 101]
[75 40 -25]
[75 40 -26]
[75 22 97]
[75 17 74]
[75 62 102]
[75 32 -24]
[75 32 -23]
[75 42 -28]
[75 18 75]
[75 17 73]
[75 43 102]
[75 44 104]
[75 42 103]
[75 47 -31]
[75 47 -30]
[75 31 -22]
[75 29 -20]
[75 29 -22]
[75 29 -21]
[75 28 101]
[75 54 -33]
[75 53 -33]
[75 52 -33]
[75 19 94]
[75 19 93]
[75 19 92]
[75 18 76]
[75 18 78]
[75 18 77]
[75 41 103]
[75 43 -30]
[75 43 -29]
[75 37 -25]
[75 18 68]
[75 19 70]
[75 26 97]
[75 46 -29]
[75 44 -30]
[75 54 102]
[75 50 105]
[75 33 103]
[75 32 103]
[75 31 103]
[75 57 106]
[75 55 105]
[75 55 106]
[75 48 105]
[75 49 105]
[75 19 91]
[75 105 24]
[75 104 24]
[75 56 -33]
[75 66 -34]
[75 21 79]
[75 30 -23]
[75 31 -23]
[75 29 -23]
[75 29 102]
[75 19 88]
[75 19 86]
[75 19 87]
[75 58 106]
[75 19 89]
[75 35 103]
[75 37 102]
[75 25 -17]
[75 25 -16]
[75 47 105]
[75 106 22]
[75 20 79]
[75 40 -27]
[75 39 -27]
[75 104 14]
[75 106 13]
[75 105 14]
[75 19 85]
[75 19 82]
[75 19 81]
[75 35 -24]
[75 33 -24]
[75 58 -34]
[75 61 -34]
[75 56 -32]
[75 50 106]
[75 51 -32]
[75 23 97]
[75 23 96]
[75 62 -34]
[75 63 -33]
[75 25 -15]
[75 37 -26]
[75 38 -27]
[75 17 72]
[75 50 -31]
[75 33 -25]
[75 41 -28]
[75 105 16]
[75 19 79]
[75 46 104]
[76 28 -22]
[76 28 -23]
[76 28 -24]
[76 16 74]
[76 39 -28]
[76 17 77]
[76 41 -29]
[76 31 -24]
[76 28 -21]
[76 45 -30]
[76 57 107]
[76 58 107]
[76 40 -29]
[76 106 15]
[76 105 15]
[76 18 88]
[76 18 87]
[76 49 -32]
[76 60 -35]
[76 59 -34]
[76 59 -35]
[76 18 79]
[76 34 -25]
[76 32 -25]
[76 18 95]
[76 18 93]
[76 55 -34]
[76 54 -32]
[76 54 -34]
[76 50 -33]
[76 20 80]
[76 64 -35]
[76 66 -35]
[76 20 97]
[76 18 94]
[76 31 104]
[76 33 104]
[76 32 104]
[76 52 -34]
[76 42 -31]
[76 42 -29]
[76 43 -31]
[76 42 -30]
[76 19 83]
[76 20 81]
[76 18 82]
[76 56 106]
[76 54 106]
[76 37 -27]
[76 37 -28]
[76 18 92]
[76 19 90]
[76 18 80]
[76 19 80]
[76 51 -33]
[76 67 -35]
[76 46 106]
[76 47 106]
[76 36 104]
[76 35 104]
[76 37 104]
[76 56 -34]
[76 51 106]
[76 52 106]
[76 57 -35]
[76 61 -35]
[76 62 -35]
[76 21 97]
[76 32 -26]
[76 34 -26]
[76 26 98]
[76 18 89]
[76 20 88]
[76 105 25]
[76 36 -25]
[76 35 -25]
[76 36 -26]
[76 106 25]
[76 106 23]
[76 107 13]
[76 106 12]
[76 107 14]
[76 41 104]
[76 49 106]
[76 34 104]
[76 25 -18]
[76 24 -18]
[76 50 -32]
[76 47 -32]
[76 18 97]
[76 27 -19]
[76 27 -18]
[76 51 107]
[76 50 107]
[76 49 107]
[76 17 69]
[76 19 68]
[76 30 103]
[76 18 85]
[76 18 86]
[76 17 75]
[76 63 -35]
[76 43 105]
[76 56 107]
[76 42 104]
[76 30 -24]
[76 29 -24]
[76 18 83]
[76 40 -28]
[76 49 -33]
[76 24 97]
[76 23 98]
[76 45 105]
[76 39 104]
[76 38 104]
[76 40 104]
[76 25 98]
[76 26 -19]
[76 46 -31]
[76 17 71]
[76 16 73]
[76 16 72]
[76 28 -20]
[76 38 -28]
[76 107 22]
[76 105 22]
[76 107 23]
[76 48 106]
[77 33 -26]
[77 33 105]
[77 52 107]
[77 17 85]
[77 17 87]
[77 37 105]
[77 25 -19]
[77 25 -20]
[77 26 -20]
[77 17 83]
[77 17 81]
[77 22 98]
[77 20 98]
[77 21 98]
[77 55 -35]
[77 17 95]
[77 17 94]
[77 107 11]
[77 107 12]
[77 106 11]
[77 28 -25]
[77 27 -25]
[77 27 -23]
[77 40 -30]
[77 41 -30]
[77 17 80]
[77 106 16]
[77 38 103]
[77 38 105]
[77 39 105]
[77 37 103]
[77 53 107]
[77 53 106]
[77 24 99]
[77 107 24]
[77 108 23]
[77 106 24]
[77 43 106]
[77 44 105]
[77 30 -25]
[77 55 -33]
[77 59 -36]
[77 60 -36]
[77 42 105]
[77 46 -33]
[77 47 -33]
[77 48 -33]
[77 108 15]
[77 107 15]
[77 108 14]
[77 18 84]
[77 17 82]
[77 17 86]
[77 17 88]
[77 39 -29]
[77 37 -29]
[77 38 -29]
[77 58 -35]
[77 58 -36]
[77 50 108]
[77 49 108]
[77 51 108]
[77 41 -31]
[77 27 -22]
[77 17 90]
[77 24 -19]
[77 54 -35]
[77 18 96]
[77 17 96]
[77 50 -34]
[77 51 -34]
[77 107 25]
[77 52 108]
[77 16 75]
[77 18 81]
[77 17 79]
[77 34 -27]
[77 35 -26]
[77 35 105]
[77 64 -34]
[77 42 -32]
[77 61 -36]
[77 27 -24]
[77 15 74]
[77 15 73]
[77 15 75]
[77 46 105]
[77 45 106]
[77 25 97]
[77 19 97]
[77 15 71]
[77 108 12]
[77 108 13]
[77 47 107]
[77 64 -36]
[77 48 107]
[77 46 107]
[77 48 -34]
[77 15 72]
[77 55 107]
[77 17 89]
[77 62 -36]
[77 63 -36]
[77 41 105]
[77 40 105]
[77 36 -27]
[77 36 -28]
[77 32 105]
[77 49 -34]
[77 34 105]
[77 18 91]
[77 43 -32]
[77 41 -32]
[77 27 -21]
[77 27 -20]
[77 24 98]
[77 25 99]
[77 17 68]
[77 16 70]
[77 17 70]
[77 53 -35]
[77 52 -35]
[77 53 -34]
[77 51 -35]
[77 45 -31]
[77 46 -32]
[77 36 105]
[77 32 -27]
[77 106 14]
[77 107 16]
[77 16 78]
[77 18 70]
[78 51 -36]
[78 50 -35]
[78 108 17]
[78 17 84]
[78 16 85]
[78 34 -28]
[78 35 -27]
[78 35 -28]
[78 33 -28]
[78 54 107]
[78 26 -24]
[78 35 106]
[78 109 16]
[78 64 -37]
[78 53 108]
[78 33 106]
[78 109 13]
[78 109 14]
[78 42 -33]
[78 40 -32]
[78 43 104]
[78 15 79]
[78 16 69]
[78 18 69]
[78 17 67]
[78 48 108]
[78 48 109]
[78 28 -26]
[78 17 97]
[78 108 11]
[78 43 -33]
[78 44 -32]
[78 44 -33]
[78 44 -31]
[78 16 83]
[78 45 -33]
[78 45 -32]
[78 18 90]
[78 16 80]
[78 57 -37]
[78 39 -30]
[78 40 -31]
[78 108 24]
[78 55 -36]
[78 54 108]
[78 60 -37]
[78 59 -37]
[78 14 71]
[78 36 -30]
[78 29 -26]
[78 29 -25]
[78 31 -26]
[78 30 -26]
[78 31 -25]
[78 15 70]
[78 16 81]
[78 16 82]
[78 49 -35]
[78 107 17]
[78 105 17]
[78 106 17]
[78 16 94]
[78 16 95]
[78 16 93]
[78 109 12]
[78 41 -33]
[78 106 10]
[78 107 10]
[78 105 11]
[78 35 -29]
[78 26 -23]
[78 61 -37]
[78 47 -34]
[78 56 -36]
[78 56 -35]
[78 62 -37]
[78 16 86]
[78 16 88]
[78 16 89]
[78 16 90]
[78 17 91]
[78 26 -22]
[78 58 -37]
[78 26 -26]
[78 38 -30]
[78 40 106]
[78 16 87]
[78 14 73]
[78 14 74]
[78 33 -27]
[78 31 -27]
[78 39 106]
[78 42 106]
[78 41 106]
[78 37 106]
[78 38 106]
[78 24 -20]
[78 24 -21]
[78 25 -21]
[78 37 -30]
[78 108 16]
[78 17 76]
[78 63 -37]
[78 16 76]
[78 45 107]
[78 45 108]
[78 47 108]
[79 49 109]
[79 40 -33]
[79 40 -34]
[79 41 -34]
[79 36 -31]
[79 108 18]
[79 29 -27]
[79 30 -27]
[79 28 -27]
[79 104 10]
[79 104 11]
[79 15 88]
[79 15 89]
[79 15 87]
[79 48 -36]
[79 50 -36]
[79 56 -37]
[79 110 14]
[79 15 93]
[79 39 -32]
[79 34 106]
[79 35 107]
[79 42 -34]
[79 14 69]
[79 14 70]
[79 37 107]
[79 39 107]
[79 109 17]
[79 109 15]
[79 16 79]
[79 43 -34]
[79 16 92]
[79 15 80]
[79 44 107]
[79 44 108]
[79 14 78]
[79 25 -24]
[79 25 -23]
[79 25 -25]
[79 26 -25]
[79 47 -35]
[79 46 -35]
[79 48 -35]
[79 34 -29]
[79 23 -21]
[79 23 -20]
[79 45 -34]
[79 26 -21]
[79 24 -22]
[79 106 9]
[79 15 94]
[79 16 96]
[79 15 96]
[79 15 95]
[79 57 -38]
[79 56 -38]
[79 39 -31]
[79 60 -38]
[79 62 -38]
[79 61 -38]
[79 27 -26]
[79 27 -27]
[79 16 77]
[79 15 77]
[79 63 -38]
[79 52 -36]
[79 51 -37]
[79 50 -37]
[79 40 107]
[79 41 107]
[79 16 84]
[79 57 -36]
[79 65 -38]
[79 34 -30]
[79 36 -29]
[79 38 107]
[79 35 -30]
[79 13 74]
[79 14 72]
[79 13 72]
[79 13 73]
[79 33 -29]
[79 15 90]
[79 46 -34]
[79 30 -28]
[79 31 -28]
[79 32 -28]
[79 108 10]
[79 25 -22]
[79 16 91]
[79 16 66]
[79 34 107]
[79 15 82]
[79 15 86]
[79 15 85]
[79 39 -33]
[79 16 68]
[80 110 15]
[80 111 15]
[80 14 77]
[80 15 78]
[80 13 77]
[80 12 74]
[80 12 73]
[80 12 75]
[80 13 75]
[80 15 92]
[80 15 91]
[80 32 -30]
[80 39 -35]
[80 40 -35]
[80 14 95]
[80 14 96]
[80 14 91]
[80 38 -31]
[80 38 -33]
[80 14 94]
[80 105 10]
[80 34 -31]
[80 49 -36]
[80 16 67]
[80 29 -28]
[80 28 -28]
[80 107 8]
[80 107 9]
[80 105 9]
[80 105 8]
[80 22 -20]
[80 22 -19]
[80 22 -21]
[80 13 70]
[80 13 68]
[80 13 69]
[80 32 -29]
[80 30 -29]
[80 14 89]
[80 14 90]
[80 25 -26]
[80 66 -37]
[80 65 -37]
[80 65 -39]
[80 64 -39]
[80 64 -38]
[80 27 -28]
[80 17 92]
[80 61 -39]
[80 31 -29]
[80 24 -25]
[80 24 -24]
[80 46 -36]
[80 26 -27]
[80 37 108]
[80 36 106]
[80 38 108]
[80 35 -31]
[80 37 -31]
[80 35 -32]
[80 36 -32]
[80 24 -23]
[80 110 16]
[80 109 19]
[80 109 18]
[80 23 -22]
[80 34 108]
[80 56 -39]
[80 55 -38]
[80 35 108]
[80 39 -34]
[80 49 -38]
[80 49 -37]
[80 15 76]
[80 12 71]
[80 13 71]
[80 22 -22]
[80 44 106]
[80 43 108]
[80 42 107]
[80 41 108]
[80 51 -38]
[80 55 -37]
[80 45 -35]
[80 40 108]
[80 14 80]
[80 15 81]
[80 48 -37]
[80 53 -37]
[80 52 -37]
[80 14 92]
[80 38 -32]
[80 14 83]
[80 14 82]
[80 14 81]
[80 14 88]
[80 14 87]
[80 44 -34]
[80 39 108]
[80 17 78]
[80 14 86]
[80 14 85]
[80 33 -31]
[81 111 16]
[81 38 -35]
[81 53 -38]
[81 53 -36]
[81 51 -39]
[81 50 -39]
[81 45 -36]
[81 44 -35]
[81 44 -36]
[81 44 109]
[81 36 -33]
[81 23 -23]
[81 21 -23]
[81 21 -21]
[81 54 -37]
[81 54 -38]
[81 12 70]
[81 65 -40]
[81 64 -40]
[81 40 -36]
[81 43 107]
[81 12 72]
[81 11 73]
[81 11 72]
[81 32 -31]
[81 33 -30]
[81 34 -32]
[81 33 -32]
[81 45 -37]
[81 46 -37]
[81 47 -37]
[81 37 -34]
[81 37 -32]
[81 38 -34]
[81 37 -33]
[81 42 108]
[81 23 -24]
[81 63 -40]
[81 23 -26]
[81 13 95]
[81 13 96]
[81 13 80]
[81 11 74]
[81 11 75]
[81 26 -28]
[81 25 -28]
[81 57 -40]
[81 55 -39]
[81 57 -39]
[81 12 68]
[81 13 91]
[81 13 90]
[81 31 -30]
[81 106 8]
[81 47 -36]
[81 48 -38]
[81 66 -36]
[81 65 -36]
[81 112 16]
[81 14 76]
[81 35 109]
[81 111 17]
[81 35 -33]
[81 34 -33]
[81 29 -29]
[81 15 83]
[81 13 82]
[81 13 81]
[81 13 83]
[81 26 -29]
[81 28 -29]
[81 21 -20]
[81 110 19]
[81 13 79]
[81 40 109]
[81 39 109]
[81 13 76]
[81 62 -39]
[81 61 -40]
[81 17 93]
[81 54 -36]
[81 13 86]
[81 14 84]
[81 13 84]
[81 13 87]
[81 13 88]
[81 12 69]
[81 37 109]
[81 42 109]
[81 13 89]
[81 36 108]
[81 38 109]
[81 12 77]
[81 13 78]
[81 12 76]
[81 12 78]
[81 110 17]
[81 49 -39]
[81 50 -38]
[81 11 71]
[81 41 109]
[81 13 92]
[81 14 93]
[81 13 93]
[81 38 -36]
[82 32 -32]
[82 31 -32]
[82 11 77]
[82 12 79]
[82 11 78]
[82 11 79]
[82 63 -41]
[82 64 -41]
[82 43 -37]
[82 44 -37]
[82 43 -36]
[82 10 74]
[82 11 76]
[82 10 75]
[82 12 88]
[82 12 89]
[82 29 -30]
[82 28 -30]
[82 20 -21]
[82 21 -19]
[82 11 68]
[82 12 67]
[82 113 16]
[82 36 110]
[82 38 110]
[82 36 109]
[82 20 -22]
[82 56 -41]
[82 58 -41]
[82 58 -40]
[82 58 -39]
[82 47 -38]
[82 12 90]
[82 36 -34]
[82 35 -34]
[82 13 94]
[82 12 93]
[82 12 92]
[82 12 80]
[82 27 -29]
[82 43 -35]
[82 43 110]
[82 111 18]
[82 10 73]
[82 25 -29]
[82 25 -30]
[82 26 -30]
[82 22 -23]
[82 23 -25]
[82 12 81]
[82 65 -41]
[82 34 -34]
[82 39 110]
[82 65 -35]
[82 43 109]
[82 42 110]
[82 41 110]
[82 112 17]
[82 33 -33]
[82 52 -38]
[82 53 -39]
[82 52 -39]
[82 50 -40]
[82 49 -40]
[82 20 -24]
[82 21 -22]
[82 21 -24]
[82 20 -23]
[82 12 84]
[82 12 87]
[82 12 86]
[82 48 -40]
[82 31 -31]
[82 30 -31]
[82 111 20]
[82 24 -28]
[82 24 -29]
[82 25 -27]
[82 10 72]
[82 14 75]
[82 41 -35]
[82 40 -37]
[82 24 -27]
[82 22 -25]
[82 22 -27]
[82 23 -27]
[82 22 -26]
[82 60 -40]
[82 60 -41]
[82 62 -40]
[82 62 -41]
[82 39 -37]
[82 37 -37]
[82 39 -36]
[82 12 91]
[82 12 95]
[82 12 94]
[82 51 -40]
[82 110 18]
[82 13 85]
[82 12 83]
[82 36 107]
[82 33 -34]
[82 15 84]
[82 54 -40]
[82 56 -40]
[83 38 111]
[83 45 -38]
[83 44 -38]
[83 48 -41]
[83 48 -39]
[83 49 -41]
[83 20 -19]
[83 11 91]
[83 11 93]
[83 36 -35]
[83 11 82]
[83 11 81]
[83 9 72]
[83 37 110]
[83 39 -38]
[83 40 -38]
[83 23 -28]
[83 23 -30]
[83 19 -24]
[83 51 -41]
[83 50 -41]
[83 10 79]
[83 10 80]
[83 34 -35]
[83 35 -35]
[83 111 19]
[83 32 -33]
[83 61 -41]
[83 63 -42]
[83 59 -39]
[83 59 -40]
[83 57 -41]
[83 11 95]
[83 9 75]
[83 9 74]
[83 9 73]
[83 59 -41]
[83 42 -35]
[83 41 -36]
[83 53 -40]
[83 30 -32]
[83 55 -41]
[83 54 -41]
[83 21 -25]
[83 21 -26]
[83 42 111]
[83 27 -30]
[83 32 -34]
[83 59 -42]
[83 10 68]
[83 11 69]
[83 10 67]
[83 11 67]
[83 10 69]
[83 42 -36]
[83 38 -38]
[83 36 -36]
[83 38 -37]
[83 12 85]
[83 64 -42]
[83 21 -27]
[83 27 -31]
[83 28 -31]
[83 24 -31]
[83 24 -30]
[83 25 -31]
[83 41 111]
[83 40 110]
[83 40 111]
[83 19 -22]
[83 19 -21]
[83 47 -39]
[83 46 -38]
[83 55 -40]
[83 29 -31]
[83 52 -41]
[83 20 -25]
[83 19 -23]
[83 32 -35]
[83 33 -35]
[83 10 77]
[83 10 76]
[83 11 86]
[83 11 85]
[83 11 88]
[83 11 87]
[83 65 -42]
[83 10 78]
[83 58 -38]
[83 59 -38]
[83 112 21]
[83 110 20]
[83 112 19]
[83 11 94]
[83 11 83]
[83 55 -42]
[83 57 -42]
[83 113 17]
[83 11 80]
[83 19 -20]
[83 26 -31]
[83 58 -42]
[83 11 92]
[83 11 90]
[83 11 89]
[83 24 -26]
[83 22 -24]
[83 42 -38]
[83 113 18]
[84 54 -42]
[84 53 -42]
[84 8 72]
[84 8 74]
[84 8 73]
[84 10 87]
[84 112 18]
[84 114 17]
[84 114 18]
[84 39 -39]
[84 37 -39]
[84 37 -38]
[84 38 -39]
[84 9 76]
[84 54 -39]
[84 18 -21]
[84 18 -23]
[84 10 88]
[84 10 82]
[84 22 -29]
[84 22 -28]
[84 112 22]
[84 113 22]
[84 112 20]
[84 113 20]
[84 111 21]
[84 10 91]
[84 10 92]
[84 30 -33]
[84 56 -42]
[84 62 -42]
[84 62 -43]
[84 9 68]
[84 11 70]
[84 58 -43]
[84 35 -36]
[84 37 -35]
[84 37 -36]
[84 40 112]
[84 41 -38]
[84 30 -30]
[84 28 -32]
[84 46 -39]
[84 18 -25]
[84 18 -24]
[84 31 -33]
[84 31 -35]
[84 31 -34]
[84 11 84]
[84 37 111]
[84 39 112]
[84 31 -36]
[84 10 86]
[84 52 -42]
[84 52 -40]
[84 60 -39]
[84 60 -42]
[84 61 -42]
[84 10 83]
[84 10 84]
[84 45 -39]
[84 44 -39]
[84 41 -37]
[84 42 -37]
[84 41 -39]
[84 43 -39]
[84 42 -39]
[84 9 80]
[84 9 77]
[84 56 -43]
[84 20 -26]
[84 47 -40]
[84 47 -41]
[84 47 -42]
[84 18 -20]
[84 10 90]
[84 10 81]
[84 12 82]
[84 26 -32]
[84 24 -32]
[84 25 -32]
[84 48 -42]
[84 51 -42]
[84 49 -42]
[84 34 -36]
[84 10 70]
[84 27 -32]
[84 33 -36]
[84 23 -31]
[84 57 -43]
[84 59 -43]
[84 35 -37]
[84 36 -37]
[84 114 16]
[84 10 89]
[84 10 71]
[84 22 -31]
[84 23 -32]
[84 8 75]
[85 7 74]
[85 7 73]
[85 27 -33]
[85 58 -44]
[85 113 19]
[85 113 21]
[85 114 21]
[85 114 19]
[85 8 77]
[85 9 78]
[85 34 -37]
[85 33 -37]
[85 43 -40]
[85 43 -38]
[85 29 -33]
[85 29 -34]
[85 29 -32]
[85 34 -38]
[85 40 -39]
[85 9 88]
[85 17 -20]
[85 9 70]
[85 9 71]
[85 46 -41]
[85 9 87]
[85 10 85]
[85 63 -43]
[85 54 -43]
[85 53 -43]
[85 55 -43]
[85 53 -41]
[85 32 -36]
[85 39 113]
[85 39 111]
[85 41 112]
[85 17 -24]
[85 60 -44]
[85 19 -26]
[85 19 -27]
[85 20 -27]
[85 23 -33]
[85 24 -33]
[85 25 -33]
[85 8 69]
[85 22 -32]
[85 21 -30]
[85 21 -32]
[85 60 -43]
[85 61 -43]
[85 62 -44]
[85 37 112]
[85 36 111]
[85 36 112]
[85 115 19]
[85 9 81]
[85 9 83]
[85 9 82]
[85 9 85]
[85 46 -40]
[85 36 -38]
[85 45 -40]
[85 50 -43]
[85 50 -42]
[85 52 -43]
[85 17 -26]
[85 23 -29]
[85 21 -29]
[85 21 -28]
[85 41 -40]
[85 42 -40]
[85 47 -43]
[85 46 -43]
[85 46 -42]
[85 44 -40]
[85 30 -34]
[85 37 -40]
[85 7 71]
[85 40 -40]
[85 22 -30]
[85 9 84]
[85 9 86]
[85 115 15]
[85 115 16]
[85 114 15]
[85 48 -43]
[85 49 -43]
[85 38 -40]
[85 36 -39]
[85 17 -21]
[85 26 -33]
[85 30 -36]
[85 8 81]
[85 8 80]
[85 9 79]
[85 8 76]
[85 7 76]
[85 112 23]
[85 111 23]
[86 53 -44]
[86 116 16]
[86 45 -41]
[86 6 75]
[86 7 75]
[86 6 74]
[86 6 73]
[86 114 20]
[86 38 -41]
[86 35 -38]
[86 38 112]
[86 38 113]
[86 33 -38]
[86 32 -38]
[86 50 -44]
[86 51 -43]
[86 37 113]
[86 20 -32]
[86 22 -33]
[86 21 -31]
[86 34 -39]
[86 63 -44]
[86 42 -41]
[86 43 -41]
[86 18 -26]
[86 18 -28]
[86 18 -27]
[86 19 -28]
[86 115 21]
[86 115 22]
[86 115 20]
[86 114 22]
[86 61 -44]
[86 6 72]
[86 8 70]
[86 7 72]
[86 6 70]
[86 6 71]
[86 9 69]
[86 28 -35]
[86 29 -35]
[86 28 -33]
[86 7 78]
[86 8 78]
[86 8 89]
[86 8 86]
[86 8 87]
[86 8 85]
[86 8 71]
[86 45 -42]
[86 17 -23]
[86 116 18]
[86 116 20]
[86 16 -20]
[86 111 24]
[86 6 76]
[86 6 77]
[86 8 79]
[86 52 -44]
[86 45 -44]
[86 55 -44]
[86 54 -44]
[86 56 -44]
[86 24 -34]
[86 23 -34]
[86 41 -41]
[86 27 -34]
[86 26 -34]
[86 25 -34]
[86 8 82]
[86 20 -30]
[86 20 -28]
[86 40 -41]
[86 7 81]
[86 7 80]
[86 22 -34]
[86 36 -40]
[86 17 -25]
[86 18 -22]
[86 17 -22]
[86 49 -44]
[86 28 -34]
[86 36 -41]
[86 37 -41]
[86 116 17]
[86 115 17]
[86 20 -29]
[86 59 -44]
[86 30 -37]
[86 31 -37]
[86 60 -45]
[86 61 -45]
[86 62 -45]
[86 63 -45]
[86 19 -25]
[86 8 83]
[86 8 84]
[86 39 -40]
[86 113 24]
[86 113 23]
[86 112 24]
[87 16 -24]
[87 18 -29]
[87 27 -35]
[87 25 -35]
[87 57 -44]
[87 63 -46]
[87 62 -46]
[87 29 -37]
[87 29 -38]
[87 53 -45]
[87 5 75]
[87 5 77]
[87 35 -42]
[87 35 -40]
[87 36 -42]
[87 37 -42]
[87 6 82]
[87 7 82]
[87 7 87]
[87 7 86]
[87 7 85]
[87 5 72]
[87 19 -31]
[87 19 -30]
[87 44 -41]
[87 42 -42]
[87 41 -42]
[87 40 -42]
[87 44 -42]
[87 43 -42]
[87 8 88]
[87 22 -35]
[87 21 -33]
[87 116 22]
[87 115 23]
[87 19 -29]
[87 49 -45]
[87 51 -44]
[87 52 -45]
[87 32 -39]
[87 33 -39]
[87 32 -37]
[87 38 -42]
[87 7 84]
[87 7 83]
[87 30 -35]
[87 116 21]
[87 33 -40]
[87 35 -39]
[87 5 71]
[87 7 77]
[87 5 78]
[87 61 -46]
[87 59 -45]
[87 55 -45]
[87 54 -45]
[87 39 114]
[87 16 -22]
[87 39 -41]
[87 113 25]
[87 46 -44]
[87 19 -33]
[87 20 -31]
[87 20 -33]
[87 114 24]
[87 58 -45]
[87 7 79]
[87 35 -41]
[87 6 79]
[87 115 18]
[87 117 17]
[87 48 -45]
[87 50 -45]
[87 117 19]
[87 116 19]
[87 26 -35]
[87 6 80]
[87 17 -29]
[87 16 -21]
[87 7 69]
[87 64 -45]
[87 24 -35]
[87 21 -34]
[87 17 -27]
[87 117 21]
[88 20 -34]
[88 62 -47]
[88 4 78]
[88 6 86]
[88 51 -46]
[88 40 -43]
[88 39 -43]
[88 39 -42]
[88 6 84]
[88 44 -43]
[88 34 -40]
[88 34 -41]
[88 114 25]
[88 115 25]
[88 5 76]
[88 4 76]
[88 5 74]
[88 17 -28]
[88 16 -26]
[88 16 -27]
[88 25 -36]
[88 24 -36]
[88 65 -44]
[88 64 -44]
[88 114 26]
[88 4 72]
[88 45 -43]
[88 47 -44]
[88 45 -45]
[88 47 -45]
[88 4 71]
[88 27 -36]
[88 26 -36]
[88 38 -43]
[88 37 -43]
[88 35 -43]
[88 23 -35]
[88 23 -36]
[88 21 -35]
[88 21 -36]
[88 16 -23]
[88 15 -23]
[88 15 -21]
[88 34 -42]
[88 34 -43]
[88 117 23]
[88 32 -40]
[88 32 -41]
[88 5 79]
[88 5 80]
[88 6 81]
[88 48 -46]
[88 7 89]
[88 7 88]
[88 6 78]
[88 28 -38]
[88 30 -39]
[88 28 -37]
[88 19 -34]
[88 19 -32]
[88 59 -46]
[88 60 -46]
[88 54 -46]
[88 53 -46]
[88 18 -30]
[88 18 -32]
[88 6 88]
[88 117 22]
[88 117 20]
[88 117 18]
[88 57 -46]
[88 57 -45]
[88 6 87]
[88 114 23]
[88 116 23]
[88 115 24]
[88 116 24]
[88 30 -38]
[88 6 83]
[88 49 -46]
[88 56 -46]
[88 56 -45]
[88 29 -36]
[88 17 -30]
[88 5 81]
[88 5 83]
[88 43 -43]
[88 41 -43]
[88 47 -46]
[88 31 -40]
[88 31 -38]
[88 61 -47]
[88 18 -31]
[88 38 114]
[88 16 -28]
[88 16 -30]
[88 16 -25]
[89 115 26]
[89 15 -26]
[89 16 -31]
[89 16 -29]
[89 116 25]
[89 36 -43]
[89 15 -27]
[89 46 -45]
[89 44 -44]
[89 48 -44]
[89 38 115]
[89 5 86]
[89 5 88]
[89 17 -31]
[89 33 -41]
[89 5 85]
[89 5 87]
[89 27 -39]
[89 15 -24]
[89 20 -36]
[89 22 -36]
[89 20 -35]
[89 118 23]
[89 117 24]
[89 4 77]
[89 3 75]
[89 17 -33]
[89 17 -32]
[89 46 -46]
[89 48 -47]
[89 23 -37]
[89 18 -34]
[89 19 -35]
[89 18 -35]
[89 18 -33]
[89 116 26]
[89 15 -22]
[89 58 -46]
[89 58 -47]
[89 40 -44]
[89 41 -44]
[89 39 -44]
[89 65 -45]
[89 56 -47]
[89 30 -40]
[89 25 -37]
[89 14 -24]
[89 6 89]
[89 5 89]
[89 31 -39]
[89 32 -42]
[89 31 -41]
[89 33 -42]
[89 31 -42]
[89 55 -46]
[89 26 -37]
[89 35 -44]
[89 33 -43]
[89 34 -44]
[89 33 -44]
[89 27 -37]
[89 115 27]
[89 114 27]
[89 36 -44]
[89 15 -29]
[89 15 -31]
[89 53 -47]
[89 54 -47]
[89 55 -47]
[89 52 -46]
[89 4 82]
[89 4 83]
[89 50 -47]
[89 50 -46]
[89 49 -47]
[89 118 21]
[89 4 79]
[89 4 73]
[89 3 71]
[89 3 73]
[89 5 73]
[89 38 -44]
[89 60 -47]
[89 27 -38]
[89 47 -47]
[89 4 81]
[89 3 79]
[89 20 -37]
[89 22 -37]
[89 37 -44]
[89 117 25]
[89 4 75]
[89 4 74]
[89 51 -47]
[89 51 -45]
[89 3 72]
[89 4 70]
[89 42 -43]
[89 43 -44]
[90 4 88]
[90 4 86]
[90 26 -38]
[90 36 -45]
[90 38 -45]
[90 30 -42]
[90 32 -43]
[90 30 -41]
[90 52 -47]
[90 54 -48]
[90 39 -45]
[90 64 -46]
[90 46 -47]
[90 14 -27]
[90 14 -26]
[90 15 -25]
[90 2 72]
[90 3 70]
[90 3 77]
[90 3 76]
[90 26 -39]
[90 24 -37]
[90 21 -37]
[90 3 83]
[90 5 82]
[90 35 -45]
[90 37 -45]
[90 19 -37]
[90 20 -38]
[90 19 -38]
[90 19 -36]
[90 18 -36]
[90 48 -48]
[90 45 -46]
[90 24 -38]
[90 22 -38]
[90 3 74]
[90 55 -48]
[90 57 -47]
[90 56 -48]
[90 29 -41]
[90 29 -40]
[90 29 -39]
[90 42 -44]
[90 42 -45]
[90 41 -45]
[90 49 -48]
[90 118 25]
[90 50 -48]
[90 51 -48]
[90 14 -25]
[90 13 -24]
[90 14 -32]
[90 14 -30]
[90 15 -32]
[90 115 28]
[90 57 -48]
[90 16 -32]
[90 16 -33]
[90 28 -36]
[90 14 -23]
[90 2 76]
[90 2 75]
[90 2 71]
[90 2 73]
[90 2 78]
[90 4 80]
[90 21 -38]
[90 23 -38]
[90 15 -30]
[90 44 -45]
[90 3 80]
[90 38 116]
[90 43 -45]
[90 16 -34]
[90 32 -45]
[90 34 -45]
[90 32 -44]
[90 119 24]
[90 119 23]
[90 118 24]
[90 119 22]
[90 53 -48]
[90 4 84]
[90 4 85]
[90 6 85]
[90 117 26]
[90 3 78]
[90 15 -28]
[90 14 -28]
[90 3 84]
[90 3 82]
[91 118 22]
[91 120 23]
[91 29 -42]
[91 120 24]
[91 1 70]
[91 17 -34]
[91 17 -35]
[91 16 -35]
[91 15 -34]
[91 21 -39]
[91 20 -39]
[91 45 -48]
[91 47 -48]
[91 46 -48]
[91 31 -45]
[91 31 -44]
[91 33 -45]
[91 31 -46]
[91 33 -46]
[91 49 -49]
[91 1 73]
[91 1 72]
[91 116 27]
[91 114 28]
[91 116 29]
[91 115 29]
[91 31 -43]
[91 14 -29]
[91 2 74]
[91 44 -47]
[91 45 -47]
[91 1 77]
[91 40 -45]
[91 119 25]
[91 18 -37]
[91 18 -39]
[91 38 -46]
[91 37 -46]
[91 25 -38]
[91 25 -39]
[91 2 77]
[91 47 -49]
[91 52 -49]
[91 53 -49]
[91 54 -49]
[91 14 -31]
[91 13 -32]
[91 14 -33]
[91 35 -46]
[91 34 -46]
[91 2 79]
[91 1 78]
[91 39 -46]
[91 40 -46]
[91 3 85]
[91 3 87]
[91 3 86]
[91 37 115]
[91 13 -26]
[91 52 -48]
[91 36 -46]
[91 44 -46]
[91 43 -46]
[91 28 -42]
[91 2 84]
[91 2 83]
[91 2 85]
[91 41 -46]
[91 18 -38]
[91 15 -33]
[91 13 -25]
[91 12 -24]
[91 2 69]
[91 4 69]
[91 48 -49]
[91 42 -46]
[91 17 -36]
[91 1 76]
[91 2 82]
[91 3 81]
[91 51 -49]
[91 50 -49]
[91 22 -39]
[91 28 -40]
[91 28 -41]
[91 28 -39]
[91 55 -49]
[91 56 -49]
[91 24 -39]
[91 119 26]
[91 13 -29]
[91 13 -31]
[91 13 -27]
[92 46 -49]
[92 1 84]
[92 16 -36]
[92 42 -47]
[92 43 -47]
[92 27 -40]
[92 12 -27]
[92 2 87]
[92 2 86]
[92 2 70]
[92 0 69]
[92 1 71]
[92 0 70]
[92 1 86]
[92 1 85]
[92 13 -28]
[92 13 -30]
[92 38 -47]
[92 39 -47]
[92 49 -50]
[92 50 -50]
[92 51 -50]
[92 21 -40]
[92 22 -40]
[92 118 26]
[92 12 -29]
[92 27 -41]
[92 27 -43]
[92 55 -50]
[92 30 -43]
[92 28 -43]
[92 117 29]
[92 117 28]
[92 117 30]
[92 2 81]
[92 1 81]
[92 43 -48]
[92 34 -47]
[92 32 -46]
[92 32 -47]
[92 44 -49]
[92 44 -48]
[92 1 80]
[92 2 80]
[92 48 -50]
[92 47 -50]
[92 0 77]
[92 1 75]
[92 0 75]
[92 19 -39]
[92 17 -39]
[92 17 -38]
[92 52 -50]
[92 1 69]
[92 12 -25]
[92 30 -44]
[92 14 -34]
[92 13 -34]
[92 12 -31]
[92 12 -32]
[92 30 -45]
[92 120 25]
[92 37 -47]
[92 36 -47]
[92 17 -37]
[92 5 70]
[92 54 -50]
[92 19 -40]
[92 1 83]
[92 41 -47]
[92 33 -47]
[92 24 -40]
[92 23 -39]
[92 25 -40]
[92 11 -23]
[92 11 -25]
[92 11 -24]
[92 118 27]
[92 120 26]
[92 0 71]
[92 0 73]
[92 0 78]
[92 1 74]
[92 18 -40]
[92 17 -40]
[93 -1 69]
[93 26 -41]
[93 26 -40]
[93 27 -42]
[93 2 68]
[93 31 -47]
[93 10 -24]
[93 40 -47]
[93 40 -48]
[93 -1 76]
[93 -1 77]
[93 -1 78]
[93 0 74]
[93 25 -41]
[93 54 -51]
[93 51 -51]
[93 50 -51]
[93 27 -44]
[93 38 -48]
[93 47 -51]
[93 11 -26]
[93 117 27]
[93 119 27]
[93 119 28]
[93 20 -40]
[93 29 -45]
[93 29 -44]
[93 18 -41]
[93 19 -41]
[93 17 -41]
[93 42 -49]
[93 42 -48]
[93 43 -49]
[93 -1 71]
[93 -1 72]
[93 12 -28]
[93 11 -27]
[93 12 -26]
[93 0 87]
[93 0 85]
[93 1 87]
[93 3 69]
[93 -1 79]
[93 0 79]
[93 1 79]
[93 118 28]
[93 116 28]
[93 118 29]
[93 33 -48]
[93 32 -48]
[93 34 -48]
[93 1 88]
[93 2 88]
[93 55 -51]
[93 16 -37]
[93 15 -36]
[93 15 -35]
[93 118 31]
[93 41 -48]
[93 0 82]
[93 0 83]
[93 1 82]
[93 0 84]
[93 10 -26]
[93 10 -25]
[93 6 69]
[93 53 -50]
[93 -1 70]
[93 37 -48]
[93 0 81]
[93 0 80]
[93 35 -48]
[93 0 76]
[93 12 -33]
[93 11 -33]
[93 11 -31]
[93 11 -32]
[93 20 -41]
[93 14 -35]
[93 16 -38]
[93 23 -41]
[93 45 -49]
[93 30 -46]
[93 -1 74]
[93 0 72]
[93 -1 73]
[93 46 -50]
[93 16 -39]
[93 12 -30]
[93 31 -48]
[93 22 -41]
[93 23 -40]
[93 26 -42]
[93 13 -33]
[93 12 -34]
[93 10 -23]
[93 10 -22]
[94 41 -49]
[94 26 -43]
[94 15 -37]
[94 15 -39]
[94 16 -41]
[94 11 -29]
[94 11 -28]
[94 39 -49]
[94 37 -49]
[94 3 68]
[94 9 -23]
[94 9 -24]
[94 9 -22]
[94 -2 69]
[94 15 -38]
[94 15 -40]
[94 -1 85]
[94 0 86]
[94 -1 84]
[94 -2 71]
[94 -2 70]
[94 -1 83]
[94 -1 81]
[94 30 -48]
[94 -1 80]
[94 25 -42]
[94 29 -46]
[94 30 -47]
[94 -2 73]
[94 24 -41]
[94 -1 75]
[94 -2 75]
[94 120 27]
[94 46 -52]
[94 18 -42]
[94 28 -46]
[94 28 -45]
[94 28 -44]
[94 29 -43]
[94 14 -36]
[94 36 -49]
[94 -2 79]
[94 55 -52]
[94 53 -51]
[94 52 -51]
[94 10 -33]
[94 10 -34]
[94 10 -31]
[94 10 -30]
[94 11 -30]
[94 1 89]
[94 2 89]
[94 120 29]
[94 119 29]
[94 22 -42]
[94 23 -42]
[94 21 -42]
[94 26 -44]
[94 26 -45]
[94 56 -52]
[94 54 -52]
[94 118 32]
[94 119 30]
[94 119 31]
[94 9 -25]
[94 10 -32]
[94 10 -28]
[94 0 88]
[94 -2 74]
[94 -2 72]
[94 49 -52]
[94 49 -51]
[94 46 -51]
[94 42 -50]
[94 44 -50]
[94 31 -49]
[94 33 -49]
[94 32 -49]
[94 39 -48]
[94 30 -49]
[94 35 -47]
[94 52 -52]
[94 11 -35]
[94 35 -49]
[94 34 -49]
[94 -2 77]
[94 9 -21]
[94 11 -21]
[94 10 -21]
[94 118 30]
[94 -1 88]
[94 -1 87]
[94 41 -50]
[94 10 -27]
[95 120 30]
[95 30 -50]
[95 32 -50]
[95 31 -50]
[95 45 -51]
[95 45 -53]
[95 46 -53]
[95 27 -45]
[95 43 -51]
[95 36 -50]
[95 29 -47]
[95 36 -48]
[95 24 -42]
[95 10 -29]
[95 118 33]
[95 119 32]
[95 29 -50]
[95 29 -49]
[95 29 -48]
[95 -2 84]
[95 25 -44]
[95 25 -43]
[95 38 -49]
[95 53 -52]
[95 53 -53]
[95 9 -26]
[95 8 -24]
[95 8 -25]
[95 8 -26]
[95 9 -35]
[95 11 -34]
[95 21 -41]
[95 21 -43]
[95 22 -43]
[95 40 -49]
[95 42 -51]
[95 -3 76]
[95 -3 75]
[95 -3 74]
[95 9 -20]
[95 27 -46]
[95 34 -50]
[95 37 -50]
[95 38 -50]
[95 15 -42]
[95 17 -42]
[95 15 -41]
[95 0 89]
[95 -2 87]
[95 -2 89]
[95 -1 89]
[95 24 -43]
[95 9 -28]
[95 14 -39]
[95 14 -38]
[95 14 -37]
[95 8 -23]
[95 11 -20]
[95 -3 72]
[95 -3 71]
[95 -3 70]
[95 -1 82]
[95 -2 82]
[95 35 -50]
[95 55 -53]
[95 54 -53]
[95 -3 69]
[95 49 -53]
[95 48 -51]
[95 -3 73]
[95 25 -45]
[95 26 -46]
[95 25 -46]
[95 13 -35]
[95 13 -36]
[95 9 -31]
[95 9 -29]
[95 9 -30]
[95 56 -51]
[95 43 -50]
[95 8 -22]
[95 40 -50]
[95 9 -32]
[95 9 -34]
[95 -2 85]
[95 120 28]
[95 16 -40]
[95 14 -40]
[95 50 -52]
[95 -1 86]
[95 -3 78]
[95 120 31]
[95 57 -51]
[95 -3 79]
[95 -2 80]
[95 -3 80]
[95 -2 68]
[96 9 -27]
[96 -2 76]
[96 -4 74]
[96 -4 76]
[96 -3 84]
[96 -2 86]
[96 27 -47]
[96 12 -35]
[96 12 -36]
[96 7 -26]
[96 7 -24]
[96 7 -25]
[96 119 34]
[96 28 -47]
[96 48 -52]
[96 -2 83]
[96 -2 81]
[96 -4 77]
[96 24 -44]
[96 -4 69]
[96 14 -41]
[96 16 -42]
[96 24 -46]
[96 24 -45]
[96 23 -44]
[96 23 -43]
[96 39 -50]
[96 35 -51]
[96 36 -51]
[96 8 -29]
[96 -4 72]
[96 7 -21]
[96 7 -23]
[96 7 -22]
[96 18 -43]
[96 7 -27]
[96 8 -27]
[96 32 -51]
[96 30 -51]
[96 56 -53]
[96 8 -35]
[96 -3 68]
[96 28 -51]
[96 28 -49]
[96 42 -52]
[96 44 -52]
[96 13 -39]
[96 13 -37]
[96 13 -38]
[96 12 -19]
[96 -3 83]
[96 121 30]
[96 121 32]
[96 120 32]
[96 13 -40]
[96 -4 78]
[96 -2 78]
[96 -4 79]
[96 28 -48]
[96 8 -34]
[96 -4 68]
[96 -4 70]
[96 47 -52]
[96 45 -54]
[96 46 -54]
[96 28 -50]
[96 44 -51]
[96 -2 88]
[96 10 -19]
[96 8 -21]
[96 -3 88]
[96 -3 87]
[96 55 -54]
[96 53 -54]
[96 49 -54]
[96 48 -53]
[96 50 -54]
[96 48 -54]
[96 -3 89]
[96 -3 85]
[96 20 -43]
[96 21 -44]
[96 20 -44]
[96 52 -53]
[96 33 -51]
[96 13 -41]
[96 -4 81]
[96 -4 80]
[96 41 -51]
[96 43 -52]
[96 121 31]
[96 58 -50]
[96 57 -52]
[96 57 -50]
[96 58 -51]
[96 51 -52]
[96 50 -53]
[96 22 -44]
[96 39 -51]
[96 37 -51]
[96 15 -43]
[96 14 -42]
[96 14 -43]
[96 8 -28]
[97 -4 73]
[97 -5 73]
[97 31 -51]
[97 29 -52]
[97 29 -51]
[97 30 -52]
[97 6 -23]
[97 6 -24]
[97 40 -52]
[97 41 -52]
[97 51 -54]
[97 6 -26]
[97 37 -52]
[97 -5 77]
[97 28 -52]
[97 47 -53]
[97 -4 86]
[97 -3 86]
[97 -4 88]
[97 17 -43]
[97 19 -43]
[97 17 -44]
[97 11 -18]
[97 120 33]
[97 121 33]
[97 27 -48]
[97 13 -43]
[97 14 -44]
[97 13 -42]
[97 12 -40]
[97 6 -25]
[97 6 -27]
[97 6 -28]
[97 7 -28]
[97 59 -51]
[97 12 -39]
[97 12 -37]
[97 50 -55]
[97 40 -51]
[97 32 -52]
[97 6 -20]
[97 8 -20]
[97 6 -21]
[97 23 -47]
[97 47 -54]
[97 -4 84]
[97 -4 83]
[97 -4 85]
[97 43 -53]
[97 23 -45]
[97 21 -45]
[97 46 -55]
[97 7 -20]
[97 12 -41]
[97 16 -43]
[97 33 -50]
[97 33 -52]
[97 -3 81]
[97 -5 75]
[97 54 -54]
[97 52 -55]
[97 52 -54]
[97 51 -53]
[97 -4 82]
[97 -3 82]
[97 -3 77]
[97 -5 71]
[97 -5 72]
[97 -5 79]
[97 -5 81]
[97 -5 67]
[97 -5 69]
[97 12 -42]
[97 120 34]
[97 19 -44]
[97 19 -45]
[97 20 -45]
[97 9 -18]
[97 11 -19]
[97 10 -20]
[97 42 -53]
[97 41 -53]
[97 7 -29]
[97 47 -55]
[97 45 -52]
[97 35 -52]
[97 19 -42]
[97 26 -47]
[97 -5 80]
[97 -4 71]
[97 22 -45]
[97 48 -55]
[97 49 -55]
[97 27 -49]
[97 27 -51]
[98 7 -19]
[98 5 -19]
[98 5 -21]
[98 49 -56]
[98 51 -56]
[98 41 -54]
[98 40 -54]
[98 42 -54]
[98 -5 66]
[98 -6 67]
[98 51 -55]
[98 22 -46]
[98 23 -46]
[98 5 -24]
[98 25 -47]
[98 -6 80]
[98 44 -53]
[98 121 34]
[98 15 -45]
[98 -6 73]
[98 -6 74]
[98 20 -42]
[98 11 -41]
[98 39 -53]
[98 40 -53]
[98 18 -44]
[98 26 -48]
[98 26 -49]
[98 48 -56]
[98 46 -56]
[98 -4 87]
[98 -5 87]
[98 -5 85]
[98 11 -39]
[98 27 -50]
[98 27 -52]
[98 -6 75]
[98 -6 76]
[98 -4 75]
[98 -5 74]
[98 38 -53]
[98 36 -53]
[98 38 -52]
[98 -5 83]
[98 -5 84]
[98 21 -46]
[98 19 -46]
[98 47 -56]
[98 -5 82]
[98 -6 82]
[98 8 -19]
[98 9 -19]
[98 5 -25]
[98 5 -26]
[98 -6 79]
[98 -6 71]
[98 -6 70]
[98 20 -46]
[98 18 -46]
[98 6 -29]
[98 5 -29]
[98 5 -28]
[98 5 -27]
[98 -5 86]
[98 5 -23]
[98 12 -38]
[98 28 -53]
[98 30 -53]
[98 60 -50]
[98 59 -50]
[98 5 -22]
[98 31 -52]
[98 32 -53]
[98 31 -53]
[98 -6 78]
[98 -5 78]
[98 -6 77]
[98 24 -47]
[98 24 -48]
[98 36 -52]
[98 34 -51]
[98 10 -18]
[98 33 -53]
[98 34 -52]
[98 10 -17]
[98 12 -17]
[98 11 -17]
[98 50 -56]
[98 45 -56]
[98 45 -55]
[98 9 -17]
[98 8 -17]
[98 6 -30]
[98 7 -30]
[98 29 -53]
[98 -6 69]
[98 -5 68]
[98 -6 68]
[98 11 -40]
[98 11 -42]
[98 6 -19]
[98 17 -45]
[98 16 -45]
[98 -6 72]
[98 119 33]
[99 45 -57]
[99 6 -31]
[99 7 -31]
[99 5 -31]
[99 -6 86]
[99 -6 85]
[99 -6 87]
[99 6 -22]
[99 4 -22]
[99 51 -57]
[99 35 -53]
[99 -7 79]
[99 -6 81]
[99 11 -38]
[99 10 -41]
[99 11 -43]
[99 -6 84]
[99 25 -48]
[99 34 -53]
[99 32 -54]
[99 33 -54]
[99 39 -52]
[99 37 -53]
[99 38 -51]
[99 30 -54]
[99 16 -44]
[99 18 -45]
[99 44 -54]
[99 44 -56]
[99 21 -47]
[99 19 -47]
[99 -7 70]
[99 23 -49]
[99 24 -49]
[99 37 -54]
[99 36 -54]
[99 35 -54]
[99 27 -53]
[99 26 -52]
[99 26 -51]
[99 4 -29]
[99 4 -20]
[99 5 -20]
[99 5 -18]
[99 4 -28]
[99 16 -46]
[99 15 -46]
[99 47 -57]
[99 22 -47]
[99 -7 83]
[99 44 -55]
[99 46 -57]
[99 9 -16]
[99 10 -16]
[99 8 -18]
[99 -7 80]
[99 12 -18]
[99 12 -16]
[99 38 -54]
[99 39 -54]
[99 60 -49]
[99 -7 76]
[99 -5 76]
[99 4 -25]
[99 4 -23]
[99 -7 74]
[99 -7 75]
[99 -7 69]
[99 -7 67]
[99 -7 68]
[99 -7 78]
[99 -7 77]
[99 29 -54]
[99 28 -54]
[99 18 -47]
[99 20 -47]
[99 -7 71]
[99 -5 70]
[99 43 -54]
[99 42 -55]
[99 41 -55]
[99 26 -50]
[99 31 -54]
[99 17 -46]
[99 -5 88]
[99 27 -54]
[99 -6 83]
[99 4 -26]
[99 7 -16]
[99 7 -17]
[99 10 -40]
[99 -7 73]
[99 52 -56]
[99 4 -30]
[99 -6 65]
[99 -6 66]
[99 17 -47]
[100 9 -42]
[100 10 -42]
[100 51 -58]
[100 50 -57]
[100 50 -58]
[100 26 -54]
[100 26 -53]
[100 -7 66]
[100 7 -15]
[100 6 -17]
[100 8 -15]
[100 36 -55]
[100 35 -55]
[100 21 -48]
[100 20 -48]
[100 22 -48]
[100 -8 77]
[100 -8 84]
[100 -8 83]
[100 -7 82]
[100 25 -50]
[100 25 -51]
[100 -7 84]
[100 4 -18]
[100 47 -58]
[100 48 -58]
[100 46 -58]
[100 -8 70]
[100 -8 69]
[100 25 -49]
[100 7 -18]
[100 6 -32]
[100 45 -58]
[100 44 -57]
[100 24 -50]
[100 22 -50]
[100 -8 75]
[100 23 -48]
[100 16 -48]
[100 17 -48]
[100 16 -47]
[100 41 -56]
[100 43 -55]
[100 43 -56]
[100 25 -52]
[100 9 -40]
[100 9 -39]
[100 9 -41]
[100 10 -39]
[100 12 -44]
[100 11 -44]
[100 10 -44]
[100 12 -43]
[100 11 -16]
[100 11 -15]
[100 -8 67]
[100 -7 85]
[100 3 -23]
[100 -8 79]
[100 -8 80]
[100 -8 78]
[100 10 -15]
[100 31 -55]
[100 37 -55]
[100 38 -55]
[100 -7 81]
[100 -8 68]
[100 4 -19]
[100 3 -26]
[100 3 -25]
[100 -7 72]
[100 -8 72]
[100 -8 71]
[100 40 -55]
[100 15 -47]
[100 14 -46]
[100 12 -15]
[100 13 -15]
[100 3 -27]
[100 4 -27]
[100 3 -28]
[100 5 -32]
[100 5 -30]
[100 19 -48]
[100 18 -48]
[100 34 -54]
[100 8 -16]
[100 26 -55]
[100 10 -38]
[100 -7 86]
[100 -8 73]
[100 -8 74]
[100 -7 64]
[100 -7 65]
[100 -5 65]
[100 3 -29]
[100 3 -30]
[100 4 -31]
[100 27 -55]
[100 28 -55]
[100 34 -55]
[101 -9 77]
[101 -8 65]
[101 10 -45]
[101 9 -43]
[101 11 -45]
[101 6 -18]
[101 5 -16]
[101 6 -16]
[101 5 -17]
[101 2 -27]
[101 15 -48]
[101 21 -49]
[101 24 -51]
[101 24 -53]
[101 3 -31]
[101 24 -52]
[101 34 -56]
[101 36 -56]
[101 2 -22]
[101 2 -23]
[101 3 -24]
[101 4 -24]
[101 7 -33]
[101 4 -32]
[101 5 -33]
[101 10 -14]
[101 42 -56]
[101 42 -57]
[101 17 -49]
[101 18 -49]
[101 38 -56]
[101 37 -56]
[101 2 -29]
[101 2 -28]
[101 33 -55]
[101 -9 68]
[101 -9 69]
[101 -9 67]
[101 -9 71]
[101 50 -59]
[101 49 -59]
[101 51 -59]
[101 -9 83]
[101 12 -14]
[101 13 -14]
[101 48 -57]
[101 48 -59]
[101 44 -58]
[101 39 -55]
[101 8 -14]
[101 9 -38]
[101 21 -51]
[101 21 -50]
[101 23 -50]
[101 2 -26]
[101 2 -25]
[101 14 -47]
[101 13 -45]
[101 -9 80]
[101 -9 79]
[101 -8 81]
[101 12 -45]
[101 29 -56]
[101 16 -49]
[101 -8 85]
[101 -9 75]
[101 7 -14]
[101 25 -54]
[101 33 -56]
[101 -9 66]
[101 8 -40]
[101 8 -41]
[101 -8 82]
[101 25 -55]
[101 -9 74]
[101 -9 73]
[101 44 -59]
[101 46 -59]
[101 32 -56]
[101 31 -56]
[101 30 -56]
[101 32 -55]
[101 -9 78]
[101 -9 72]
[101 28 -56]
[101 27 -56]
[101 -8 64]
[101 -6 64]
[101 8 -43]
[101 10 -37]
[101 9 -37]
[101 11 -37]
[101 39 -56]
[101 25 -53]
[101 45 -59]
[101 47 -59]
[101 -6 63]
[101 22 -49]
[101 41 -57]
[101 40 -57]
[101 23 -51]
[101 3 -19]
[102 27 -57]
[102 29 -55]
[102 22 -51]
[102 32 -57]
[102 30 -57]
[102 31 -57]
[102 11 -46]
[102 10 -46]
[102 12 -46]
[102 1 -28]
[102 1 -29]
[102 1 -27]
[102 52 -59]
[102 50 -60]
[102 2 -32]
[102 2 -31]
[102 49 -57]
[102 49 -58]
[102 -10 71]
[102 -9 70]
[102 -10 72]
[102 2 -24]
[102 1 -24]
[102 14 -48]
[102 13 -48]
[102 4 -17]
[102 43 -57]
[102 43 -58]
[102 43 -59]
[102 9 -44]
[102 8 -44]
[102 29 -57]
[102 33 -57]
[102 35 -56]
[102 40 -58]
[102 41 -58]
[102 39 -57]
[102 48 -60]
[102 49 -60]
[102 -9 81]
[102 -10 80]
[102 44 -60]
[102 45 -60]
[102 38 -57]
[102 -9 64]
[102 -8 66]
[102 -9 65]
[102 18 -50]
[102 9 -13]
[102 10 -13]
[102 11 -13]
[102 40 -56]
[102 42 -58]
[102 1 -30]
[102 -10 74]
[102 -10 75]
[102 -9 76]
[102 9 -46]
[102 37 -57]
[102 14 -45]
[102 13 -46]
[102 7 -42]
[102 8 -42]
[102 7 -41]
[102 1 -26]
[102 47 -60]
[102 6 -13]
[102 7 -13]
[102 23 -52]
[102 51 -60]
[102 15 -49]
[102 16 -50]
[102 15 -50]
[102 5 -15]
[102 24 -54]
[102 23 -54]
[102 -10 66]
[102 -10 67]
[102 -10 65]
[102 -10 68]
[102 20 -49]
[102 20 -50]
[102 -9 63]
[102 14 -49]
[102 -9 82]
[102 4 -16]
[102 19 -50]
[102 19 -49]
[102 20 -51]
[102 -10 79]
[102 46 -60]
[102 8 -37]
[102 12 -13]
[102 13 -13]
[102 -7 63]
[102 6 -33]
[102 6 -34]
[102 7 -34]
[102 26 -56]
[102 3 -33]
[102 4 -33]
[102 36 -57]
[102 1 -21]
[102 7 -40]
[102 8 -39]
[102 5 -34]
[102 4 -34]
[102 -10 73]
[102 -10 76]
[102 -8 76]
[102 -10 78]
[102 8 -38]
[102 28 -57]
[102 20 -52]
[102 21 -52]
[102 24 -56]
[102 24 -55]
[103 8 -46]
[103 10 -47]
[103 8 -45]
[103 -11 68]
[103 1 -23]
[103 42 -59]
[103 50 -61]
[103 48 -61]
[103 45 -61]
[103 0 -22]
[103 0 -21]
[103 -11 79]
[103 23 -55]
[103 -8 63]
[103 35 -57]
[103 39 -58]
[103 38 -58]
[103 -11 73]
[103 14 -50]
[103 -10 69]
[103 -11 65]
[103 46 -61]
[103 -11 75]
[103 -11 74]
[103 11 -12]
[103 10 -12]
[103 15 -51]
[103 -11 72]
[103 -11 71]
[103 33 -58]
[103 32 -58]
[103 7 -39]
[103 15 -44]
[103 13 -44]
[103 23 -53]
[103 34 -57]
[103 3 -16]
[103 4 -15]
[103 3 -17]
[103 5 -35]
[103 4 -35]
[103 26 -57]
[103 0 -28]
[103 0 -27]
[103 23 -56]
[103 23 -57]
[103 25 -57]
[103 25 -56]
[103 13 -47]
[103 12 -49]
[103 12 -48]
[103 -10 82]
[103 28 -58]
[103 17 -50]
[103 17 -51]
[103 18 -51]
[103 19 -51]
[103 22 -53]
[103 9 -14]
[103 8 -13]
[103 12 -47]
[103 14 -13]
[103 21 -53]
[103 11 -47]
[103 30 -58]
[103 6 -42]
[103 6 -41]
[103 3 -35]
[103 6 -43]
[103 7 -38]
[103 9 -12]
[103 31 -58]
[103 29 -58]
[103 3 -32]
[103 3 -34]
[103 -10 63]
[103 -10 64]
[103 47 -61]
[103 49 -61]
[103 -11 76]
[103 -11 66]
[103 5 -13]
[103 5 -12]
[103 1 -31]
[103 0 -29]
[103 19 -52]
[103 9 -45]
[103 13 -49]
[103 41 -59]
[103 6 -12]
[103 -11 80]
[103 -11 78]
[103 -10 70]
[103 0 -30]
[103 36 -58]
[103 37 -58]
[103 52 -60]
[103 40 -59]
[103 39 -59]
[103 4 -14]
[103 6 -15]
[103 -9 62]
[103 -10 62]
[103 27 -58]
[103 -10 83]
[103 1 -33]
[103 1 -32]
[103 2 -33]
[103 7 -43]
[103 51 -61]
[104 37 -59]
[104 38 -59]
[104 18 -52]
[104 45 -62]
[104 47 -62]
[104 -11 64]
[104 51 -62]
[104 50 -62]
[104 49 -62]
[104 48 -62]
[104 31 -59]
[104 9 -15]
[104 -12 77]
[104 -11 77]
[104 7 -44]
[104 7 -45]
[104 7 -46]
[104 22 -54]
[104 20 -53]
[104 -1 -22]
[104 -1 -21]
[104 -12 78]
[104 -12 80]
[104 -11 63]
[104 35 -58]
[104 34 -58]
[104 -11 70]
[104 -11 83]
[104 -10 81]
[104 1 -22]
[104 1 -20]
[104 0 -33]
[104 0 -31]
[104 -1 -31]
[104 -1 -30]
[104 0 -23]
[104 -12 72]
[104 -12 73]
[104 -12 74]
[104 27 -59]
[104 26 -59]
[104 -12 65]
[104 -12 66]
[104 6 -14]
[104 5 -43]
[104 3 -14]
[104 3 -15]
[104 8 -47]
[104 7 -47]
[104 39 -60]
[104 -12 71]
[104 6 -11]
[104 4 -11]
[104 18 -53]
[104 19 -53]
[104 -10 77]
[104 25 -58]
[104 -12 79]
[104 -12 81]
[104 -11 81]
[104 -1 -28]
[104 11 -48]
[104 41 -60]
[104 42 -60]
[104 40 -60]
[104 12 -12]
[104 10 -11]
[104 12 -11]
[104 5 -41]
[104 17 -52]
[104 -8 62]
[104 14 -12]
[104 -9 61]
[104 -10 61]
[104 -11 62]
[104 -11 61]
[104 44 -62]
[104 44 -61]
[104 11 -11]
[104 12 -50]
[104 35 -59]
[104 7 -12]
[104 -10 84]
[104 -11 82]
[104 -11 84]
[104 13 -50]
[104 28 -59]
[104 29 -59]
[104 30 -59]
[104 -11 69]
[104 -12 67]
[104 -12 69]
[104 22 -57]
[104 22 -58]
[104 22 -56]
[104 24 -57]
[104 24 -58]
[104 33 -59]
[104 32 -59]
[104 5 -11]
[104 0 -32]
[104 2 -30]
[104 16 -51]
[104 2 -34]
[104 52 -62]
[104 52 -61]
[104 3 -36]
[104 1 -34]
[104 8 -11]
[104 -12 75]
[104 26 -58]
[104 15 -52]
[104 14 -52]
[105 -12 68]
[105 40 -61]
[105 39 -61]
[105 -12 76]
[105 -13 74]
[105 21 -56]
[105 22 -55]
[105 21 -57]
[105 21 -55]
[105 10 -10]
[105 9 -10]
[105 11 -10]
[105 43 -60]
[105 43 -62]
[105 43 -61]
[105 48 -63]
[105 -13 78]
[105 -13 79]
[105 34 -60]
[105 -13 80]
[105 -2 -29]
[105 -1 -29]
[105 43 -63]
[105 44 -63]
[105 47 -63]
[105 46 -62]
[105 2 -21]
[105 0 -19]
[105 1 -19]
[105 0 -20]
[105 -12 84]
[105 -12 83]
[105 -12 82]
[105 11 -50]
[105 11 -49]
[105 42 -61]
[105 -12 85]
[105 -11 85]
[105 27 -60]
[105 -13 76]
[105 5 -14]
[105 14 -51]
[105 12 -51]
[105 -1 -20]
[105 -2 -20]
[105 4 -10]
[105 7 -11]
[105 8 -12]
[105 7 -10]
[105 8 -10]
[105 6 -44]
[105 4 -42]
[105 5 -44]
[105 4 -44]
[105 49 -63]
[105 16 -53]
[105 16 -52]
[105 -11 67]
[105 -13 70]
[105 -13 72]
[105 -13 71]
[105 30 -60]
[105 29 -60]
[105 28 -60]
[105 -1 -33]
[105 15 -53]
[105 14 -53]
[105 -13 75]
[105 10 -49]
[105 6 -10]
[105 13 -52]
[105 13 -53]
[105 51 -63]
[105 52 -63]
[105 -13 73]
[105 6 -46]
[105 6 -45]
[105 18 -54]
[105 17 -54]
[105 -10 60]
[105 -9 60]
[105 -1 -32]
[105 -13 77]
[105 -13 82]
[105 36 -59]
[105 -8 61]
[105 -7 62]
[105 2 -35]
[105 2 -37]
[105 -12 64]
[105 5 -10]
[105 41 -61]
[105 24 -59]
[105 6 -47]
[105 -12 61]
[105 -12 63]
[105 31 -60]
[105 32 -60]
[105 33 -60]
[105 21 -54]
[105 21 -58]
[105 23 -58]
[105 6 -40]
[105 4 -41]
[105 5 -40]
[105 4 -40]
[105 -13 67]
[105 45 -63]
[105 13 -12]
[105 9 -48]
[105 8 -48]
[105 9 -47]
[105 22 -59]
[105 21 -59]
[105 7 -48]
[105 -1 -23]
[105 -2 -21]
[105 0 -35]
[105 1 -35]
[105 -12 60]
[105 19 -54]
[105 17 -53]
[105 34 -59]
[105 37 -60]
[106 8 -9]
[106 18 -55]
[106 16 -54]
[106 16 -55]
[106 52 -64]
[106 50 -63]
[106 50 -64]
[106 9 -11]
[106 4 -9]
[106 5 -9]
[106 13 -51]
[106 12 -52]
[106 7 -9]
[106 2 -38]
[106 1 -36]
[106 1 -38]
[106 0 -18]
[106 -3 -30]
[106 -14 78]
[106 -14 79]
[106 5 -45]
[106 4 -43]
[106 3 -43]
[106 3 -44]
[106 -13 59]
[106 -11 60]
[106 -13 60]
[106 -2 -22]
[106 -3 -22]
[106 -13 84]
[106 -13 83]
[106 9 -49]
[106 10 -50]
[106 9 -50]
[106 9 -9]
[106 10 -9]
[106 11 -9]
[106 15 -54]
[106 14 -54]
[106 20 -54]
[106 20 -55]
[106 -13 63]
[106 -13 64]
[106 -1 -19]
[106 -10 59]
[106 -14 73]
[106 19 -55]
[106 45 -64]
[106 44 -64]
[106 31 -61]
[106 30 -61]
[106 -14 68]
[106 -14 67]
[106 -13 85]
[106 26 -61]
[106 28 -61]
[106 23 -59]
[106 22 -60]
[106 20 -56]
[106 42 -63]
[106 42 -62]
[106 -14 74]
[106 -14 76]
[106 -14 75]
[106 42 -64]
[106 43 -64]
[106 -1 -35]
[106 0 -34]
[106 -1 -36]
[106 -1 -34]
[106 -14 71]
[106 -14 72]
[106 -14 70]
[106 47 -64]
[106 46 -64]
[106 48 -64]
[106 -14 77]
[106 6 -39]
[106 49 -64]
[106 35 -60]
[106 20 -58]
[106 8 -49]
[106 41 -62]
[106 -13 81]
[106 -12 86]
[106 -13 86]
[106 -10 86]
[106 -11 86]
[106 24 -60]
[106 10 -48]
[106 -14 80]
[106 13 -54]
[106 12 -53]
[106 20 -60]
[106 3 -41]
[106 29 -61]
[106 27 -61]
[106 -13 65]
[106 38 -61]
[106 39 -62]
[106 -2 -31]
[106 -13 62]
[106 -13 61]
[106 -12 62]
[106 5 -47]
[106 20 -59]
[106 -2 -23]
[106 -2 -24]
[106 -1 -24]
[106 -2 -19]
[106 -3 -20]
[106 11 -51]
[106 34 -61]
[106 35 -61]
[106 5 -46]
[106 7 -49]
[106 6 -48]
[106 6 -49]
[106 36 -60]
[106 38 -60]
[106 3 -42]
[106 -13 69]
[107 4 -45]
[107 4 -46]
[107 -10 58]
[107 -11 59]
[107 -11 58]
[107 -15 73]
[107 -15 72]
[107 -15 74]
[107 -2 -32]
[107 -14 83]
[107 -14 84]
[107 -14 64]
[107 -14 65]
[107 -15 71]
[107 -4 -21]
[107 -3 -21]
[107 -4 -19]
[107 -4 -20]
[107 -3 -19]
[107 20 -61]
[107 19 -61]
[107 2 -44]
[107 34 -62]
[107 35 -62]
[107 26 -60]
[107 27 -62]
[107 -3 -25]
[107 15 -55]
[107 14 -55]
[107 -4 -30]
[107 41 -65]
[107 43 -65]
[107 41 -64]
[107 42 -65]
[107 41 -63]
[107 -2 -33]
[107 -2 -35]
[107 -4 -23]
[107 -14 59]
[107 40 -63]
[107 40 -62]
[107 28 -62]
[107 20 -57]
[107 19 -57]
[107 -10 87]
[107 -10 85]
[107 -14 58]
[107 -13 58]
[107 -12 59]
[107 8 -8]
[107 11 -52]
[107 49 -65]
[107 50 -65]
[107 48 -65]
[107 7 -8]
[107 18 -56]
[107 29 -62]
[107 -14 86]
[107 -14 85]
[107 19 -56]
[107 1 -37]
[107 0 -36]
[107 2 -36]
[107 19 -60]
[107 19 -58]
[107 21 -60]
[107 -15 76]
[107 -15 75]
[107 -15 77]
[107 36 -61]
[107 2 -42]
[107 2 -40]
[107 16 -56]
[107 17 -55]
[107 17 -56]
[107 15 -56]
[107 36 -62]
[107 21 -61]
[107 23 -60]
[107 22 -61]
[107 -12 87]
[107 25 -59]
[107 24 -61]
[107 25 -61]
[107 23 -61]
[107 5 -49]
[107 5 -48]
[107 53 -63]
[107 51 -65]
[107 -13 68]
[107 9 -51]
[107 10 -51]
[107 -15 68]
[107 -15 69]
[107 -15 67]
[107 11 -8]
[107 12 -9]
[107 10 -8]
[107 44 -65]
[107 -15 66]
[107 -14 66]
[107 8 -51]
[107 -14 87]
[107 -13 87]
[107 1 -17]
[107 -14 63]
[107 2 -43]
[107 2 -41]
[107 -14 62]
[107 51 -64]
[107 5 -42]
[107 10 -52]
[107 45 -65]
[107 46 -65]
[107 11 -54]
[107 12 -54]
[107 11 -53]
[107 37 -62]
[107 38 -62]
[107 37 -61]
[107 31 -62]
[107 30 -62]
[107 -1 -18]
[107 -3 -18]
[107 -15 79]
[107 5 -8]
[107 4 -8]
[107 6 -9]
[107 9 -8]
[107 -15 78]
[107 46 -63]
[107 47 -65]
[107 -2 -36]
[107 0 -37]
[107 -2 -25]
[107 1 -39]
[107 0 -39]
[107 -14 81]
[107 -15 81]
[107 -15 80]
[107 7 -50]
[108 -5 -31]
[108 12 -55]
[108 11 -55]
[108 13 -55]
[108 9 -7]
[108 1 -41]
[108 1 -40]
[108 18 -57]
[108 44 -66]
[108 43 -66]
[108 -3 -24]
[108 -2 -26]
[108 -16 72]
[108 20 -62]
[108 19 -62]
[108 1 -42]
[108 -4 -18]
[108 -5 -20]
[108 -5 -18]
[108 -5 -19]
[108 4 -47]
[108 35 -63]
[108 33 -62]
[108 33 -63]
[108 -13 88]
[108 -11 88]
[108 -15 84]
[108 49 -66]
[108 37 -63]
[108 50 -66]
[108 -4 -24]
[108 -13 57]
[108 -15 58]
[108 -15 57]
[108 -12 58]
[108 25 -60]
[108 -4 -25]
[108 7 -7]
[108 29 -63]
[108 28 -63]
[108 -15 63]
[108 -15 62]
[108 17 -57]
[108 19 -59]
[108 18 -59]
[108 -16 77]
[108 -16 75]
[108 -16 76]
[108 41 -66]
[108 -10 88]
[108 -16 81]
[108 -16 79]
[108 21 -62]
[108 23 -62]
[108 16 -57]
[108 40 -66]
[108 40 -64]
[108 42 -66]
[108 -15 82]
[108 -14 82]
[108 13 -56]
[108 47 -66]
[108 45 -66]
[108 46 -66]
[108 24 -62]
[108 25 -62]
[108 -16 73]
[108 -16 74]
[108 -16 68]
[108 2 -39]
[108 0 -40]
[108 6 -51]
[108 8 -50]
[108 1 -18]
[108 0 -17]
[108 -3 -33]
[108 -2 -34]
[108 -4 -22]
[108 -15 86]
[108 -5 -21]
[108 -5 -22]
[108 -1 -37]
[108 0 -38]
[108 8 -52]
[108 18 -60]
[108 10 -7]
[108 -15 65]
[108 -15 64]
[108 38 -63]
[108 39 -63]
[108 1 -43]
[108 -16 70]
[108 6 -8]
[108 36 -63]
[108 -1 -38]
[108 -1 -40]
[108 -1 -39]
[108 -16 82]
[108 -16 80]
[108 4 -49]
[108 6 -50]
[108 5 -50]
[108 -16 71]
[108 -13 66]
[108 31 -63]
[108 32 -61]
[108 8 -7]
[108 39 -64]
[108 7 -51]
[108 -3 -36]
[108 -3 -37]
[108 -3 -35]
[108 3 -45]
[108 1 -44]
[108 1 -45]
[108 9 -52]
[108 10 -53]
[108 9 -53]
[108 10 -54]
[108 6 -7]
[108 -16 78]
[108 18 -61]
[108 -2 -17]
[108 51 -66]
[109 -16 58]
[109 -15 56]
[109 31 -64]
[109 32 -64]
[109 32 -62]
[109 -17 79]
[109 -17 78]
[109 -5 -23]
[109 -3 -23]
[109 -2 -38]
[109 -2 -37]
[109 -6 -20]
[109 -6 -19]
[109 -4 -26]
[109 -5 -24]
[109 -5 -25]
[109 -5 -26]
[109 -17 83]
[109 -17 82]
[109 -16 83]
[109 -15 83]
[109 -12 57]
[109 12 -56]
[109 -16 63]
[109 -16 62]
[109 -16 64]
[109 42 -67]
[109 44 -67]
[109 4 -50]
[109 -1 -17]
[109 -1 -16]
[109 -17 76]
[109 -17 74]
[109 -4 -32]
[109 -4 -33]
[109 -3 -32]
[109 23 -63]
[109 22 -62]
[109 24 -63]
[109 10 -55]
[109 9 -55]
[109 -4 -36]
[109 -4 -31]
[109 -5 -32]
[109 -6 -32]
[109 3 -46]
[109 4 -48]
[109 -16 69]
[109 46 -67]
[109 0 -44]
[109 -16 57]
[109 -15 59]
[109 -14 57]
[109 -16 59]
[109 0 -41]
[109 -5 -17]
[109 8 -53]
[109 -17 70]
[109 -17 69]
[109 8 -6]
[109 7 -6]
[109 -3 -34]
[109 -2 -16]
[109 -2 -18]
[109 -3 -16]
[109 9 -6]
[109 21 -63]
[109 -4 -17]
[109 -6 -18]
[109 47 -67]
[109 7 -53]
[109 20 -63]
[109 -17 73]
[109 -17 72]
[109 0 -42]
[109 10 -6]
[109 -16 65]
[109 48 -67]
[109 41 -67]
[109 40 -67]
[109 34 -63]
[109 32 -63]
[109 33 -61]
[109 18 -58]
[109 -4 -37]
[109 3 -48]
[109 3 -49]
[109 3 -50]
[109 -6 -23]
[109 -6 -22]
[109 -6 -21]
[109 -17 81]
[109 -17 80]
[109 -2 -40]
[109 -2 -41]
[109 17 -58]
[109 39 -65]
[109 38 -64]
[109 40 -65]
[109 2 -45]
[109 25 -63]
[109 7 -52]
[109 5 -51]
[109 -16 84]
[109 16 -58]
[109 35 -64]
[109 34 -64]
[109 1 -46]
[109 6 -52]
[109 5 -52]
[109 -3 -38]
[109 -4 -38]
[109 50 -67]
[109 -11 89]
[109 -12 89]
[109 -11 87]
[109 -12 88]
[109 29 -64]
[109 26 -62]
[109 26 -63]
[109 14 -56]
[109 13 -57]
[109 48 -66]
[109 19 -63]
[109 -9 89]
[109 -10 89]
[109 -3 -26]
[109 17 -62]
[109 18 -62]
[109 17 -60]
[109 37 -64]
[109 45 -67]
[109 -2 -39]
[109 -14 61]
[109 -16 61]
[109 28 -64]
[110 -3 -39]
[110 17 -59]
[110 18 -63]
[110 16 -63]
[110 16 -61]
[110 17 -61]
[110 17 -63]
[110 16 -62]
[110 47 -68]
[110 46 -68]
[110 45 -68]
[110 -7 -32]
[110 -5 -33]
[110 -6 -33]
[110 14 -58]
[110 12 -58]
[110 12 -57]
[110 21 -64]
[110 -6 -25]
[110 29 -65]
[110 30 -65]
[110 30 -64]
[110 33 -64]
[110 -6 -24]
[110 -7 -17]
[110 -7 -19]
[110 -18 82]
[110 -1 -45]
[110 0 -45]
[110 -1 -44]
[110 0 -43]
[110 9 -5]
[110 8 -5]
[110 32 -65]
[110 -16 60]
[110 -15 60]
[110 14 -57]
[110 15 -57]
[110 -3 -41]
[110 -4 -39]
[110 -18 78]
[110 -18 79]
[110 -18 80]
[110 -18 81]
[110 38 -65]
[110 36 -65]
[110 37 -65]
[110 -3 -31]
[110 -4 -34]
[110 -5 -34]
[110 3 -51]
[110 -3 -15]
[110 -4 -16]
[110 -3 -17]
[110 -4 -15]
[110 22 -64]
[110 20 -64]
[110 -9 88]
[110 -7 -21]
[110 -18 73]
[110 3 -47]
[110 -5 -36]
[110 -5 -37]
[110 -4 -35]
[110 2 -50]
[110 19 -64]
[110 39 -66]
[110 38 -66]
[110 -5 -38]
[110 11 -57]
[110 11 -56]
[110 -17 68]
[110 -18 69]
[110 -18 68]
[110 -1 -42]
[110 11 -5]
[110 7 -54]
[110 8 -54]
[110 -1 -41]
[110 -15 70]
[110 -10 90]
[110 -9 90]
[110 5 -53]
[110 2 -47]
[110 0 -46]
[110 2 -46]
[110 33 -65]
[110 -7 -18]
[110 -5 -27]
[110 -4 -27]
[110 24 -64]
[110 -2 -42]
[110 -6 -17]
[110 -17 61]
[110 -15 61]
[110 8 -55]
[110 10 -56]
[110 9 -54]
[110 9 -56]
[110 -6 -26]
[110 -6 -27]
[110 -18 70]
[110 -17 71]
[110 -17 66]
[110 -16 66]
[110 -2 -15]
[110 26 -64]
[110 25 -64]
[110 -11 90]
[110 -13 90]
[110 -7 -23]
[110 -17 58]
[110 -17 59]
[110 -17 60]
[110 27 -63]
[110 39 -68]
[110 39 -67]
[110 41 -68]
[110 4 -52]
[110 4 -53]
[110 -13 56]
[110 -16 56]
[110 44 -68]
[110 27 -64]
[110 -16 55]
[110 -15 85]
[110 -17 75]
[110 -18 74]
[110 42 -68]
[110 -18 76]
[110 -18 77]
[111 36 -64]
[111 38 -68]
[111 40 -68]
[111 1 -48]
[111 40 -69]
[111 41 -69]
[111 -18 59]
[111 -2 -45]
[111 -2 -46]
[111 -2 -44]
[111 -6 -37]
[111 -6 -35]
[111 -8 -22]
[111 -7 -22]
[111 -19 69]
[111 -18 71]
[111 -19 70]
[111 -18 66]
[111 -17 65]
[111 -5 -35]
[111 -17 67]
[111 -16 67]
[111 -18 67]
[111 -19 73]
[111 -18 75]
[111 -2 -14]
[111 -7 -16]
[111 -6 -16]
[111 23 -64]
[111 23 -65]
[111 24 -65]
[111 -1 -43]
[111 -19 78]
[111 43 -67]
[111 43 -69]
[111 43 -68]
[111 -12 91]
[111 -5 -14]
[111 -3 -14]
[111 34 -65]
[111 1 -47]
[111 -8 -23]
[111 13 -58]
[111 -15 55]
[111 -17 57]
[111 -17 55]
[111 10 -4]
[111 9 -4]
[111 10 -5]
[111 10 -57]
[111 -9 91]
[111 -10 91]
[111 -11 91]
[111 45 -69]
[111 11 -58]
[111 13 -59]
[111 -5 -39]
[111 6 -55]
[111 6 -54]
[111 7 -55]
[111 8 -56]
[111 7 -56]
[111 32 -66]
[111 33 -66]
[111 -5 -16]
[111 -5 -15]
[111 15 -58]
[111 -14 60]
[111 -2 -43]
[111 15 -62]
[111 15 -63]
[111 15 -61]
[111 -18 60]
[111 -18 61]
[111 38 -69]
[111 2 -48]
[111 18 -64]
[111 17 -64]
[111 14 -59]
[111 15 -59]
[111 16 -64]
[111 -18 58]
[111 -8 -18]
[111 -8 -17]
[111 -8 -19]
[111 37 -66]
[111 -6 -38]
[111 -6 -36]
[111 10 -58]
[111 -19 81]
[111 22 -63]
[111 22 -65]
[111 -8 -20]
[111 16 -60]
[111 15 -60]
[111 -8 -32]
[111 -7 -33]
[111 -8 -31]
[111 28 -65]
[111 -7 -26]
[111 -7 -25]
[111 -7 -34]
[111 -6 -34]
[111 27 -65]
[111 -19 77]
[111 20 -65]
[111 19 -65]
[111 3 -53]
[111 2 -52]
[111 4 -51]
[111 -3 -40]
[111 -4 -40]
[111 4 -54]
[111 5 -54]
[111 3 -54]
[111 -19 74]
[111 30 -66]
[111 31 -66]
[111 -18 72]
[111 -7 -27]
[111 6 -53]
[111 -19 79]
[111 -1 -47]
[111 0 -47]
[111 1 -51]
[111 -17 77]
[111 -6 -39]
[111 -19 68]
[111 -7 -24]
[112 -20 69]
[112 -6 -15]
[112 -9 -21]
[112 -7 -39]
[112 -7 -38]
[112 -6 -40]
[112 -3 -46]
[112 -1 -46]
[112 5 -55]
[112 22 -66]
[112 -20 67]
[112 17 -65]
[112 16 -65]
[112 15 -65]
[112 -4 -13]
[112 -6 -14]
[112 -1 -48]
[112 0 -48]
[112 16 -59]
[112 -18 56]
[112 -17 56]
[112 40 -70]
[112 39 -69]
[112 41 -70]
[112 39 -70]
[112 -8 -21]
[112 -2 -13]
[112 -1 -15]
[112 -11 92]
[112 4 -55]
[112 3 -55]
[112 -9 -31]
[112 -9 -32]
[112 -8 -33]
[112 44 -69]
[112 -3 -44]
[112 35 -65]
[112 34 -66]
[112 -8 -24]
[112 -8 -26]
[112 14 -60]
[112 -19 72]
[112 -19 71]
[112 -19 66]
[112 -19 67]
[112 42 -70]
[112 44 -70]
[112 43 -70]
[112 42 -69]
[112 2 -55]
[112 2 -54]
[112 -18 65]
[112 -19 65]
[112 19 -66]
[112 20 -66]
[112 18 -65]
[112 -4 -14]
[112 -3 -43]
[112 -12 92]
[112 -18 57]
[112 37 -67]
[112 37 -68]
[112 -7 -35]
[112 5 -56]
[112 -3 -45]
[112 23 -66]
[112 21 -66]
[112 26 -65]
[112 -20 74]
[112 -20 73]
[112 -20 81]
[112 10 -59]
[112 9 -58]
[112 -7 -37]
[112 -7 -36]
[112 -9 -24]
[112 -19 60]
[112 -19 62]
[112 -17 62]
[112 -18 62]
[112 -7 -20]
[112 -9 -19]
[112 -8 -15]
[112 -8 -16]
[112 -7 -15]
[112 -19 75]
[112 38 -67]
[112 36 -67]
[112 -5 -40]
[112 -19 59]
[112 -19 76]
[112 -8 -30]
[112 14 -62]
[112 15 -64]
[112 -20 77]
[112 -8 -27]
[112 -8 -28]
[112 -19 58]
[112 32 -67]
[112 31 -65]
[112 2 -53]
[112 1 -52]
[112 3 -52]
[112 0 -51]
[112 0 -52]
[112 -9 -18]
[112 2 -49]
[112 1 -49]
[112 9 -57]
[112 -20 78]
[112 -5 -41]
[112 33 -67]
[112 -4 -41]
[112 9 -3]
[112 11 -3]
[112 6 -56]
[112 12 -60]
[112 12 -59]
[112 37 -70]
[112 37 -69]
[112 14 -61]
[112 14 -63]
[112 11 -59]
[112 31 -67]
[112 29 -66]
[112 21 -65]
[112 30 -67]
[112 8 -57]
[112 7 -57]
[112 6 -57]
[112 24 -66]
[112 25 -65]
[113 22 -67]
[113 23 -67]
[113 -3 -12]
[113 -2 -12]
[113 36 -68]
[113 36 -69]
[113 26 -66]
[113 -1 -49]
[113 0 -49]
[113 -2 -47]
[113 -2 -49]
[113 13 -62]
[113 25 -67]
[113 7 -58]
[113 8 -58]
[113 -8 -34]
[113 44 -71]
[113 43 -71]
[113 -3 -42]
[113 -4 -44]
[113 -21 78]
[113 -8 -36]
[113 -8 -35]
[113 13 -60]
[113 13 -61]
[113 -9 -27]
[113 -9 -26]
[113 -21 74]
[113 -21 73]
[113 -20 66]
[113 -18 64]
[113 -19 64]
[113 -10 -19]
[113 -10 -18]
[113 -9 -17]
[113 -10 -17]
[113 -19 57]
[113 -8 -14]
[113 -7 -14]
[113 -9 -29]
[113 -21 66]
[113 -21 67]
[113 38 -70]
[113 -20 60]
[113 -8 -38]
[113 9 -2]
[113 10 -2]
[113 10 -3]
[113 1 -54]
[113 4 -56]
[113 -9 -15]
[113 -9 -16]
[113 -10 -25]
[113 -10 -24]
[113 -9 -25]
[113 3 -56]
[113 2 -56]
[113 1 -55]
[113 1 -56]
[113 14 -64]
[113 14 -65]
[113 -3 -13]
[113 -5 -13]
[113 -4 -12]
[113 -20 76]
[113 -21 77]
[113 41 -71]
[113 -6 -41]
[113 -7 -40]
[113 -9 -20]
[113 34 -67]
[113 1 -53]
[113 -1 -51]
[113 -1 -52]
[113 -11 93]
[113 21 -67]
[113 20 -67]
[113 -8 -25]
[113 40 -71]
[113 -4 -42]
[113 -5 -42]
[113 -20 72]
[113 -20 59]
[113 34 -68]
[113 33 -68]
[113 -6 -13]
[113 -7 -13]
[113 31 -68]
[113 29 -67]
[113 -20 68]
[113 -21 70]
[113 11 -60]
[113 9 -59]
[113 36 -66]
[113 35 -66]
[113 -18 63]
[113 -19 61]
[113 -4 -45]
[113 -8 -39]
[113 -10 -20]
[113 -20 61]
[113 -19 63]
[113 -3 -47]
[113 -4 -47]
[113 38 -71]
[113 36 -70]
[113 37 -71]
[113 -21 80]
[113 18 -66]
[113 17 -66]
[113 -8 -29]
[113 -9 -28]
[113 6 -58]
[113 11 -61]
[113 10 -60]
[113 -1 -53]
[113 -9 -22]
[113 -10 -32]
[113 -10 -30]
[113 -10 -31]
[113 11 -2]
[113 11 -4]
[113 0 -50]
[113 1 -50]
[113 13 -64]
[113 15 -66]
[113 5 -57]
[113 5 -58]
[113 28 -67]
[113 32 -68]
[113 0 -53]
[113 2 -51]
[113 18 -67]
[114 -11 -26]
[114 -10 -26]
[114 -5 -46]
[114 12 -63]
[114 13 -63]
[114 13 -65]
[114 12 -65]
[114 9 -60]
[114 10 -61]
[114 27 -67]
[114 27 -68]
[114 28 -68]
[114 -8 -13]
[114 -5 -45]
[114 26 -68]
[114 25 -66]
[114 -20 71]
[114 -20 64]
[114 -20 65]
[114 -9 -35]
[114 -9 -38]
[114 -2 -50]
[114 -2 -48]
[114 -1 -50]
[114 -11 -17]
[114 -11 -18]
[114 -22 66]
[114 -22 67]
[114 35 -67]
[114 27 -66]
[114 -20 80]
[114 -20 79]
[114 -22 80]
[114 -21 79]
[114 -21 81]
[114 -21 75]
[114 -22 75]
[114 3 -57]
[114 -20 62]
[114 -10 -21]
[114 -11 -19]
[114 0 -55]
[114 34 -69]
[114 32 -69]
[114 -4 -48]
[114 -21 61]
[114 -21 62]
[114 38 -72]
[114 36 -72]
[114 37 -72]
[114 -2 -51]
[114 35 -68]
[114 35 -69]
[114 12 -62]
[114 -3 -48]
[114 14 -66]
[114 13 -66]
[114 -10 -29]
[114 -9 -30]
[114 -11 -29]
[114 19 -68]
[114 17 -67]
[114 31 -69]
[114 -6 -42]
[114 -8 -12]
[114 -7 -12]
[114 -11 -23]
[114 -9 -23]
[114 -20 58]
[114 -20 57]
[114 41 -72]
[114 4 -57]
[114 2 -57]
[114 30 -69]
[114 30 -68]
[114 7 -59]
[114 40 -72]
[114 -10 -27]
[114 -10 -28]
[114 -6 -12]
[114 39 -71]
[114 35 -70]
[114 8 -59]
[114 -21 68]
[114 -1 -54]
[114 -2 -53]
[114 -5 -44]
[114 -5 -43]
[114 -4 -43]
[114 43 -72]
[114 12 -61]
[114 20 -68]
[114 19 -67]
[114 -9 -37]
[114 -9 -36]
[114 10 -62]
[114 8 -60]
[114 -10 -22]
[114 -5 -11]
[114 -21 76]
[114 -22 76]
[114 -22 78]
[114 -10 -16]
[114 -20 70]
[114 -22 70]
[114 -21 71]
[114 -22 71]
[114 0 -57]
[114 5 -59]
[114 4 -59]
[114 6 -59]
[114 16 -67]
[114 23 -68]
[114 22 -68]
[114 -3 -49]
[114 -3 -50]
[114 -21 60]
[114 -21 59]
[114 0 -54]
[114 42 -71]
[114 44 -72]
[114 42 -72]
[114 -22 77]
[114 -21 58]
[114 16 -66]
[114 14 -67]
[114 15 -67]
[114 -2 -52]
[114 -5 -12]
[114 29 -68]
[114 -22 73]
[114 -9 -34]
[114 -17 63]
[114 -17 64]
[115 28 -66]
[115 33 -69]
[115 33 -70]
[115 -23 80]
[115 -23 81]
[115 -22 81]
[115 12 -64]
[115 11 -64]
[115 11 -62]
[115 -3 -52]
[115 -3 -53]
[115 -21 64]
[115 -21 63]
[115 -20 63]
[115 -21 72]
[115 3 -58]
[115 2 -58]
[115 -3 -51]
[115 40 -73]
[115 41 -73]
[115 39 -72]
[115 15 -68]
[115 -20 75]
[115 -23 71]
[115 -23 69]
[115 -22 69]
[115 -21 69]
[115 -23 70]
[115 -7 -11]
[115 16 -68]
[115 17 -68]
[115 18 -68]
[115 -12 -18]
[115 -12 -19]
[115 -12 -17]
[115 -22 58]
[115 27 -69]
[115 -10 -38]
[115 -10 -36]
[115 -10 -37]
[115 -8 -37]
[115 -22 61]
[115 -23 75]
[115 -10 -35]
[115 32 -70]
[115 31 -70]
[115 1 -58]
[115 0 -58]
[115 -1 -56]
[115 -1 -57]
[115 -1 -58]
[115 1 -57]
[115 -22 59]
[115 -19 80]
[115 -22 74]
[115 -22 72]
[115 -23 73]
[115 -4 -46]
[115 -9 -13]
[115 -9 -14]
[115 26 -67]
[115 -11 -27]
[115 -22 82]
[115 -6 -44]
[115 -10 -39]
[115 -3 -54]
[115 -4 -51]
[115 -12 -22]
[115 -11 -22]
[115 -10 -23]
[115 -12 -23]
[115 -23 67]
[115 -22 68]
[115 -23 68]
[115 -5 -47]
[115 -6 -47]
[115 -6 -46]
[115 -6 -45]
[115 36 -73]
[115 36 -71]
[115 4 -58]
[115 5 -60]
[115 3 -60]
[115 -2 -55]
[115 -2 -54]
[115 -1 -55]
[115 8 -61]
[115 -21 57]
[115 0 -56]
[115 20 -69]
[115 23 -69]
[115 24 -68]
[115 24 -67]
[115 24 -69]
[115 29 -69]
[115 19 -69]
[115 26 -69]
[115 39 -73]
[115 37 -73]
[115 -9 -12]
[115 -6 -43]
[115 -6 -10]
[115 -4 -10]
[115 21 -68]
[115 21 -69]
[115 -23 76]
[115 -23 77]
[115 -21 65]
[115 -11 -16]
[115 25 -68]
[115 9 -63]
[115 9 -61]
[115 11 -63]
[115 -4 -11]
[115 6 -60]
[115 -4 -49]
[115 -5 -48]
[115 -5 -49]
[115 -6 -11]
[115 -8 -11]
[115 28 -69]
[115 -7 -41]
[115 -7 -43]
[115 -11 -15]
[115 -10 -15]
[115 -11 -20]
[115 13 -67]
[115 35 -71]
[115 -22 62]
[115 -22 79]
[115 12 -66]
[115 4 -60]
[115 42 -73]
[115 7 -60]
[116 -12 -20]
[116 -11 -36]
[116 32 -71]
[116 34 -70]
[116 19 -70]
[116 20 -70]
[116 -24 78]
[116 -24 77]
[116 -6 -48]
[116 -6 -49]
[116 22 -70]
[116 24 -70]
[116 -2 -57]
[116 -11 -38]
[116 -2 -58]
[116 0 -59]
[116 -1 -59]
[116 25 -69]
[116 -24 70]
[116 17 -69]
[116 38 -73]
[116 3 -59]
[116 -24 75]
[116 7 -61]
[116 7 -62]
[116 9 -62]
[116 -8 -43]
[116 -8 -44]
[116 25 -70]
[116 27 -70]
[116 26 -70]
[116 -23 57]
[116 -23 59]
[116 -23 61]
[116 -22 63]
[116 35 -73]
[116 36 -74]
[116 37 -74]
[116 35 -74]
[116 -4 -52]
[116 -7 -45]
[116 -7 -46]
[116 -12 -16]
[116 -10 -14]
[116 -13 -18]
[116 -13 -20]
[116 10 -63]
[116 11 -65]
[116 10 -64]
[116 -24 81]
[116 -23 82]
[116 -13 -21]
[116 -13 -22]
[116 -11 -21]
[116 -24 69]
[116 -3 -55]
[116 -4 -9]
[116 -3 -9]
[116 -23 72]
[116 -24 71]
[116 -24 72]
[116 12 -67]
[116 14 -68]
[116 2 -59]
[116 2 -60]
[116 3 -61]
[116 2 -61]
[116 16 -69]
[116 15 -69]
[116 -23 83]
[116 -22 83]
[116 -21 82]
[116 -21 83]
[116 -10 -12]
[116 1 -59]
[116 -24 73]
[116 -23 74]
[116 -13 -17]
[116 -13 -16]
[116 18 -69]
[116 -2 -56]
[116 -3 -56]
[116 -22 64]
[116 -24 76]
[116 -9 -39]
[116 -4 -50]
[116 -22 65]
[116 -11 -28]
[116 -10 -13]
[116 -6 -50]
[116 -9 -40]
[116 -11 -40]
[116 -8 -40]
[116 -8 -42]
[116 -8 -41]
[116 -5 -10]
[116 -7 -10]
[116 4 -61]
[116 6 -61]
[116 22 -69]
[116 11 -67]
[116 -3 -10]
[116 -3 -11]
[116 35 -72]
[116 29 -70]
[116 28 -70]
[116 30 -71]
[116 8 -62]
[116 -5 -50]
[116 -9 -10]
[116 -12 -24]
[116 -23 60]
[116 8 -64]
[116 -24 80]
[116 -23 79]
[116 -7 -47]
[116 -24 67]
[116 23 -70]
[116 -23 58]
[116 -22 60]
[117 -3 -58]
[117 -14 -19]
[117 -7 -49]
[117 27 -71]
[117 33 -72]
[117 31 -72]
[117 32 -72]
[117 33 -71]
[117 -24 82]
[117 -12 -21]
[117 -25 68]
[117 -25 69]
[117 -25 70]
[117 9 -65]
[117 7 -64]
[117 -4 -54]
[117 -4 -55]
[117 34 -72]
[117 34 -73]
[117 10 -65]
[117 10 -66]
[117 -14 -16]
[117 -22 84]
[117 -23 84]
[117 3 -62]
[117 1 -60]
[117 1 -61]
[117 17 -70]
[117 16 -70]
[117 18 -70]
[117 38 -74]
[117 -9 -41]
[117 -2 -59]
[117 0 -60]
[117 21 -70]
[117 -25 71]
[117 -25 72]
[117 -25 67]
[117 4 -62]
[117 5 -61]
[117 -12 -37]
[117 -11 -35]
[117 -25 76]
[117 -25 75]
[117 -5 -51]
[117 30 -72]
[117 29 -72]
[117 30 -70]
[117 29 -71]
[117 -12 -15]
[117 10 -68]
[117 12 -68]
[117 10 -67]
[117 -7 -44]
[117 -8 -45]
[117 -24 74]
[117 2 -62]
[117 -13 -19]
[117 -11 -13]
[117 -25 79]
[117 -24 79]
[117 -23 78]
[117 -2 -9]
[117 -2 -10]
[117 -24 61]
[117 -24 62]
[117 -24 60]
[117 -24 59]
[117 -5 -9]
[117 -3 -57]
[117 -4 -57]
[117 6 -62]
[117 -24 57]
[117 -24 58]
[117 -23 62]
[117 -23 63]
[117 -7 -48]
[117 26 -71]
[117 25 -71]
[117 14 -70]
[117 15 -70]
[117 -7 -50]
[117 -11 -14]
[117 -12 -41]
[117 -10 -41]
[117 -11 -39]
[117 -10 -40]
[117 -12 -40]
[117 23 -71]
[117 22 -71]
[117 21 -71]
[117 -8 -10]
[117 -10 -11]
[117 -9 -11]
[117 24 -71]
[117 19 -71]
[117 11 -66]
[117 28 -71]
[117 14 -69]
[117 -14 -22]
[117 -12 -39]
[117 -11 -37]
[117 -23 65]
[117 -25 81]
[117 -23 64]
[117 -9 -45]
[117 -9 -43]
[117 -25 73]
[117 -11 -12]
[117 -11 -11]
[117 -2 -11]
[117 -8 -47]
[117 -9 -42]
[117 -25 74]
[117 -7 -42]
[117 8 -63]
[117 34 -75]
[118 -26 71]
[118 -26 73]
[118 -4 -58]
[118 -13 -37]
[118 -11 -41]
[118 -13 -41]
[118 -25 80]
[118 -25 82]
[118 34 -74]
[118 -24 64]
[118 -24 65]
[118 -25 60]
[118 -25 59]
[118 -6 -52]
[118 -6 -51]
[118 -5 -56]
[118 9 -67]
[118 9 -68]
[118 11 -68]
[118 6 -63]
[118 7 -63]
[118 7 -65]
[118 6 -64]
[118 -12 -11]
[118 -12 -13]
[118 -1 -10]
[118 18 -71]
[118 -25 62]
[118 16 -71]
[118 13 -68]
[118 13 -69]
[118 -12 -10]
[118 9 -66]
[118 5 -62]
[118 -1 -61]
[118 0 -61]
[118 -24 56]
[118 -12 -36]
[118 -12 -38]
[118 -12 -34]
[118 -9 -9]
[118 -8 -9]
[118 -7 -9]
[118 -26 69]
[118 14 -71]
[118 13 -71]
[118 28 -72]
[118 25 -72]
[118 -26 77]
[118 9 -64]
[118 -13 -15]
[118 -11 -42]
[118 -10 -42]
[118 -24 66]
[118 33 -74]
[118 26 -72]
[118 -13 -42]
[118 -12 -42]
[118 32 -73]
[118 -25 61]
[118 -25 63]
[118 -24 63]
[118 -3 -60]
[118 -3 -59]
[118 -6 -9]
[118 -6 -8]
[118 24 -72]
[118 17 -71]
[118 20 -71]
[118 19 -72]
[118 18 -72]
[118 -8 -46]
[118 -9 -44]
[118 21 -72]
[118 -12 -14]
[118 -26 70]
[118 -26 68]
[118 3 -63]
[118 2 -63]
[118 1 -63]
[118 -13 -40]
[118 -26 79]
[118 -26 80]
[118 -26 66]
[118 -26 67]
[118 -25 66]
[118 -26 75]
[118 -10 -44]
[118 -9 -46]
[118 -10 -10]
[118 -26 72]
[118 -26 74]
[118 -5 -53]
[118 -5 -55]
[118 -13 -14]
[118 9 -69]
[118 -5 -54]
[118 -24 83]
[118 4 -63]
[118 -25 58]
[118 -25 57]
[118 -14 -21]
[118 -15 -21]
[118 -24 85]
[118 27 -72]
[118 -8 -48]
[118 -10 -43]
[118 31 -73]
[118 33 -73]
[119 -27 74]
[119 -10 -45]
[119 -8 -49]
[119 -25 64]
[119 0 -62]
[119 32 -74]
[119 -10 -9]
[119 -11 -9]
[119 33 -75]
[119 -12 -43]
[119 -14 -43]
[119 -14 -42]
[119 27 -73]
[119 -5 -7]
[119 -27 68]
[119 -27 67]
[119 -2 -60]
[119 -4 -59]
[119 32 -75]
[119 -25 65]
[119 -23 66]
[119 -11 -43]
[119 20 -72]
[119 -26 60]
[119 -26 59]
[119 -26 61]
[119 -13 -39]
[119 -1 -62]
[119 1 -62]
[119 13 -72]
[119 15 -72]
[119 -11 -44]
[119 20 -73]
[119 22 -72]
[119 22 -73]
[119 -26 62]
[119 -27 66]
[119 -26 65]
[119 -27 65]
[119 -26 64]
[119 -26 63]
[119 6 -65]
[119 5 -63]
[119 5 -65]
[119 26 -73]
[119 -15 -20]
[119 -13 -11]
[119 -11 -10]
[119 25 -73]
[119 -14 -14]
[119 -16 -21]
[119 -14 -20]
[119 8 -65]
[119 6 -66]
[119 3 -64]
[119 4 -64]
[119 5 -64]
[119 -13 -12]
[119 -13 -13]
[119 -12 -12]
[119 -26 81]
[119 8 -68]
[119 31 -74]
[119 -27 70]
[119 -5 -8]
[119 -27 71]
[119 -13 -36]
[119 -13 -38]
[119 -25 56]
[119 -25 55]
[119 -26 58]
[119 -26 57]
[119 -7 -51]
[119 -7 -52]
[119 17 -72]
[119 16 -72]
[119 -26 76]
[119 -14 -41]
[119 2 -64]
[119 -6 -56]
[119 -6 -57]
[119 -6 -55]
[119 12 -69]
[119 13 -70]
[119 12 -71]
[119 12 -72]
[119 1 -64]
[119 -14 -40]
[119 -9 -8]
[119 -8 -8]
[119 19 -73]
[119 -27 76]
[119 -27 78]
[119 -25 78]
[119 -9 -47]
[119 -10 -46]
[119 11 -69]
[119 10 -69]
[119 -5 -58]
[119 24 -73]
[119 -6 -53]
[119 -4 -53]
[119 -5 -52]
[119 -7 -53]
[119 0 -10]
[119 -1 -11]
[119 -7 -8]
[119 -4 -60]
[119 -2 -61]
[119 -4 -61]
[119 -27 79]
[119 10 -70]
[119 8 -70]
[119 -27 75]
[119 8 -66]
[119 -27 80]
[119 -27 81]
[119 -26 82]
[119 -25 83]
[119 -25 84]
[119 -24 84]
[119 15 -71]
[119 -27 69]
[120 4 -66]
[120 7 -71]
[120 9 -70]
[120 9 -71]
[120 -5 -61]
[120 -5 -60]
[120 12 -70]
[120 -6 -58]
[120 -5 -59]
[120 12 -73]
[120 14 -73]
[120 14 -72]
[120 -11 -46]
[120 -8 -50]
[120 -9 -49]
[120 -5 -62]
[120 -4 -62]
[120 -28 78]
[120 -28 79]
[120 -15 -40]
[120 -15 -41]
[120 -15 -43]
[120 -15 -44]
[120 -13 -43]
[120 -13 -44]
[120 -12 -44]
[120 -28 65]
[120 -11 -45]
[120 -12 -45]
[120 -27 63]
[120 18 -73]
[120 19 -74]
[120 -9 -48]
[120 -10 -47]
[120 -28 64]
[120 -28 77]
[120 -27 77]
[120 -14 -13]
[120 -14 -15]
[120 31 -75]
[120 30 -74]
[120 30 -75]
[120 -9 -7]
[120 -28 75]
[120 -28 67]
[120 7 -66]
[120 -14 -11]
[120 16 -73]
[120 -16 -20]
[120 11 -70]
[120 -3 -61]
[120 -25 77]
[120 2 -65]
[120 -3 -62]
[120 -2 -62]
[120 -27 59]
[120 1 -65]
[120 0 -63]
[120 21 -73]
[120 -28 80]
[120 -6 -54]
[120 -8 -53]
[120 -7 -54]
[120 -8 -54]
[120 7 -69]
[120 7 -67]
[120 13 -73]
[120 11 -71]
[120 11 -73]
[120 11 -72]
[120 -27 61]
[120 -27 62]
[120 -2 -63]
[120 -1 -63]
[120 -28 76]
[120 -27 83]
[120 -28 81]
[120 -6 -7]
[120 -25 85]
[120 -26 84]
[120 -26 83]
[120 -26 78]
[120 4 -65]
[120 3 -65]
[120 26 -74]
[120 28 -74]
[120 -8 -7]
[120 -28 66]
[120 -28 68]
[120 -27 73]
[120 -27 58]
[120 -27 57]
[120 -27 56]
[120 24 -74]
[120 17 -73]
[120 -8 -52]
[120 -26 56]
[120 -10 -7]
[120 -10 -8]
[120 -28 71]
[120 -27 82]
[120 -14 -10]
[120 -13 -10]
[120 -8 -51]
[120 -27 64]
[120 10 -71]
[120 5 -67]
[120 5 -66]
[120 -11 -8]
[120 -12 -8]
[120 -4 -6]
[120 -26 55]
[120 25 -74]
[120 27 -74]
[120 -27 60]
[120 33 -76]
[120 -7 -57]
[120 -7 -55]
[120 -7 -56]
[120 -5 -57]
[121 -14 -45]
[121 -29 65]
[121 -29 63]
[121 1 -66]
[121 2 -66]
[121 0 -66]
[121 12 -74]
[121 14 -74]
[121 13 -74]
[121 -28 84]
[121 -28 83]
[121 3 -66]
[121 4 -67]
[121 -14 -44]
[121 -6 -62]
[121 -6 -60]
[121 -29 75]
[121 -29 74]
[121 -29 76]
[121 -28 74]
[121 -3 -7]
[121 -4 -5]
[121 -13 -46]
[121 -12 -46]
[121 -27 72]
[121 -29 72]
[121 24 -75]
[121 26 -75]
[121 -6 -59]
[121 -28 62]
[121 15 -73]
[121 8 -71]
[121 6 -70]
[121 7 -72]
[121 8 -72]
[121 16 -74]
[121 17 -74]
[121 -13 -8]
[121 -12 -9]
[121 -13 -7]
[121 -11 -7]
[121 -8 -57]
[121 8 -69]
[121 6 -69]
[121 7 -70]
[121 -29 66]
[121 -28 58]
[121 -28 59]
[121 -28 60]
[121 -28 57]
[121 -25 86]
[121 -24 86]
[121 30 -76]
[121 29 -75]
[121 -9 -51]
[121 -9 -52]
[121 -8 -6]
[121 -10 -6]
[121 -9 -6]
[121 -2 -64]
[121 -1 -64]
[121 20 -75]
[121 -4 -63]
[121 -29 68]
[121 -29 67]
[121 -28 69]
[121 -29 69]
[121 18 -74]
[121 -28 63]
[121 -29 80]
[121 23 -75]
[121 -9 -54]
[121 -9 -53]
[121 -9 -55]
[121 -8 -55]
[121 -28 61]
[121 -29 77]
[121 -27 55]
[121 -28 56]
[121 -10 -49]
[121 -15 -10]
[121 -13 -9]
[121 -15 -9]
[121 -14 -9]
[121 -7 -58]
[121 -8 -58]
[121 -8 -56]
[121 -6 -61]
[121 -6 -63]
[121 6 -67]
[121 -16 -42]
[121 -15 -42]
[121 9 -72]
[121 10 -72]
[121 11 -74]
[121 10 -74]
[121 10 -73]
[121 -29 79]
[121 -29 82]
[121 31 -76]
[121 27 -75]
[121 25 -75]
[121 -11 -48]
[121 -6 -6]
[121 -5 -63]
[121 22 -74]
[121 -3 -63]
[121 30 -73]
[121 8 -67]
[121 7 -68]
[121 -16 -43]
[121 -16 -44]
[121 -10 -50]
[121 28 -73]
[121 28 -75]
[121 -14 -12]
[121 -29 78]
[121 -9 -50]
[121 -15 -19]
[121 -17 -20]
[121 -28 72]
[122 -29 71]
[122 -30 71]
[122 -29 73]
[122 -28 73]
[122 -14 -7]
[122 -14 -8]
[122 -12 -47]
[122 -13 -47]
[122 -14 -46]
[122 -29 64]
[122 -30 65]
[122 -30 66]
[122 24 -76]
[122 25 -76]
[122 -12 -48]
[122 -11 -47]
[122 -12 -49]
[122 -10 -48]
[122 -11 -49]
[122 2 -67]
[122 0 -67]
[122 6 -68]
[122 5 -68]
[122 5 -70]
[122 -7 -60]
[122 -7 -62]
[122 -9 -56]
[122 -9 -58]
[122 -24 87]
[122 -25 87]
[122 31 -77]
[122 29 -76]
[122 29 -77]
[122 29 -74]
[122 -27 85]
[122 -29 85]
[122 -7 -59]
[122 15 -75]
[122 -15 -11]
[122 21 -75]
[122 21 -74]
[122 19 -75]
[122 19 -76]
[122 20 -74]
[122 -30 76]
[122 -30 77]
[122 -30 75]
[122 -30 67]
[122 -29 61]
[122 -29 60]
[122 -10 -54]
[122 -10 -55]
[122 -17 -42]
[122 -17 -41]
[122 18 -75]
[122 -11 -50]
[122 -13 -45]
[122 -15 -45]
[122 -12 -7]
[122 -12 -6]
[122 -13 -6]
[122 11 -75]
[122 12 -75]
[122 9 -73]
[122 10 -75]
[122 9 -75]
[122 9 -74]
[122 -10 -51]
[122 -30 78]
[122 -30 80]
[122 -30 79]
[122 -11 -51]
[122 -5 -4]
[122 -4 -4]
[122 -10 -52]
[122 -30 69]
[122 28 -76]
[122 -29 58]
[122 -29 57]
[122 -7 -5]
[122 -7 -6]
[122 -6 -5]
[122 -29 84]
[122 -29 56]
[122 3 -67]
[122 -30 82]
[122 -28 82]
[122 -29 81]
[122 -30 81]
[122 -26 86]
[122 23 -76]
[122 6 -71]
[122 -8 -59]
[122 -17 -43]
[122 -17 -44]
[122 -7 -61]
[122 -7 -63]
[122 -7 -7]
[122 -5 -64]
[122 -9 -59]
[122 -9 -57]
[122 23 -74]
[122 -15 -8]
[122 -29 62]
[122 3 -68]
[122 -7 -64]
[122 -6 -64]
[122 27 -76]
[122 26 -76]
[122 5 -69]
[122 29 -73]
[122 -16 -9]
[122 -16 -8]
[122 -16 -10]
[122 32 -77]
[122 30 -77]
[122 -30 74]
[122 -16 -45]
[122 -16 -41]
[122 -3 -65]
[122 -18 -19]
[122 -1 -67]
[122 1 -67]
[122 -2 -65]
[122 -1 -65]
[122 6 -72]
[122 8 -73]
[122 -15 -46]
[122 -29 59]
[122 15 -74]
[123 -31 69]
[123 -29 70]
[123 -30 68]
[123 20 -76]
[123 -5 -6]
[123 -7 -4]
[123 14 -75]
[123 8 -74]
[123 27 -77]
[123 28 -77]
[123 -14 -47]
[123 -16 -47]
[123 22 -76]
[123 22 -75]
[123 5 -73]
[123 6 -73]
[123 -17 -18]
[123 -17 -19]
[123 -10 -56]
[123 -10 -57]
[123 -11 -56]
[123 -11 -54]
[123 4 -69]
[123 -27 86]
[123 -31 81]
[123 -31 83]
[123 -30 83]
[123 -29 83]
[123 -30 73]
[123 -30 72]
[123 -15 -7]
[123 -31 77]
[123 -31 79]
[123 -15 -47]
[123 -30 61]
[123 -30 59]
[123 -30 85]
[123 5 -72]
[123 -30 62]
[123 -30 63]
[123 -1 -66]
[123 0 -64]
[123 -31 82]
[123 0 -68]
[123 -31 72]
[123 -11 -53]
[123 -11 -52]
[123 -12 -50]
[123 -10 -53]
[123 -11 -55]
[123 -8 -64]
[123 -6 -65]
[123 -18 -44]
[123 -7 -65]
[123 -5 -65]
[123 -28 85]
[123 -17 -46]
[123 -16 -46]
[123 -11 -6]
[123 -10 -58]
[123 -13 -48]
[123 -17 -8]
[123 4 -70]
[123 5 -71]
[123 -30 57]
[123 -30 58]
[123 -3 -64]
[123 -4 -66]
[123 17 -75]
[123 -31 74]
[123 -31 75]
[123 30 -78]
[123 26 -77]
[123 20 -77]
[123 18 -76]
[123 19 -77]
[123 18 -77]
[123 -9 -60]
[123 -8 -60]
[123 22 -77]
[123 23 -77]
[123 -8 -62]
[123 2 -69]
[123 31 -78]
[123 1 -68]
[123 2 -68]
[123 -5 -3]
[123 -5 -5]
[123 -3 -5]
[123 -3 -4]
[123 -2 -66]
[123 -17 -7]
[123 -23 88]
[123 -23 87]
[123 -31 78]
[123 12 -76]
[123 -28 70]
[123 -31 65]
[123 -31 66]
[123 -8 -63]
[123 -4 -3]
[123 13 -75]
[123 -18 -42]
[123 -18 -43]
[123 24 -77]
[123 25 -77]
[123 -8 -61]
[123 -28 55]
[123 -29 55]
[123 -4 -64]
[123 -6 -4]
[123 -8 -5]
[123 10 -76]
[123 8 -75]
[123 16 -76]
[123 -12 -5]
[123 -14 -5]
[123 -14 -6]
[124 -32 76]
[124 -3 -67]
[124 -4 -65]
[124 -22 87]
[124 -13 -49]
[124 -31 63]
[124 -31 61]
[124 4 -71]
[124 3 -70]
[124 3 -69]
[124 -5 -2]
[124 -8 -3]
[124 -6 -3]
[124 -7 -3]
[124 -18 -7]
[124 -31 84]
[124 -32 83]
[124 -32 82]
[124 -3 -3]
[124 -4 -2]
[124 -3 -2]
[124 -15 -6]
[124 -16 -7]
[124 -11 -5]
[124 -11 -4]
[124 -30 84]
[124 0 -65]
[124 29 -78]
[124 28 -78]
[124 -31 71]
[124 -31 73]
[124 11 -77]
[124 13 -76]
[124 12 -77]
[124 13 -77]
[124 7 -75]
[124 -8 -65]
[124 -6 -66]
[124 -8 -66]
[124 -7 -66]
[124 -30 64]
[124 -32 65]
[124 -1 -68]
[124 0 -69]
[124 -31 64]
[124 20 -78]
[124 21 -76]
[124 29 -79]
[124 -32 74]
[124 -26 85]
[124 -9 -63]
[124 -9 -64]
[124 26 -78]
[124 27 -78]
[124 -31 68]
[124 -10 -59]
[124 -10 -61]
[124 -11 -57]
[124 -5 -66]
[124 -9 -61]
[124 -9 -62]
[124 -31 60]
[124 -30 60]
[124 -31 62]
[124 -12 -53]
[124 -12 -52]
[124 -32 77]
[124 -31 76]
[124 4 -74]
[124 5 -74]
[124 -17 -45]
[124 -19 -43]
[124 -18 -45]
[124 -32 80]
[124 -17 -47]
[124 -32 79]
[124 -31 58]
[124 -14 -48]
[124 -17 -48]
[124 -15 -48]
[124 -2 -3]
[124 -14 -4]
[124 -15 -4]
[124 8 -76]
[124 23 -78]
[124 17 -76]
[124 17 -77]
[124 15 -77]
[124 19 -78]
[124 17 -78]
[124 18 -78]
[124 25 -78]
[124 24 -78]
[124 4 -73]
[124 4 -72]
[124 -15 -5]
[124 -11 -58]
[124 -12 -54]
[124 -32 78]
[124 -13 -50]
[124 -13 -51]
[124 -12 -55]
[124 -10 -5]
[124 22 -78]
[124 2 -70]
[124 -32 81]
[124 14 -76]
[124 7 -74]
[124 21 -77]
[124 -18 -47]
[125 -32 71]
[125 -32 72]
[125 -9 -66]
[125 -9 -65]
[125 -6 -1]
[125 8 -77]
[125 7 -76]
[125 -16 -48]
[125 -14 -49]
[125 17 -79]
[125 16 -77]
[125 -16 -6]
[125 -18 -49]
[125 -17 -49]
[125 20 -79]
[125 -10 -64]
[125 -10 -62]
[125 -33 78]
[125 -33 80]
[125 -33 79]
[125 -32 66]
[125 -33 65]
[125 -33 64]
[125 -32 64]
[125 -3 -66]
[125 -18 -46]
[125 -18 -48]
[125 -4 -68]
[125 -31 59]
[125 -33 74]
[125 -32 73]
[125 -32 75]
[125 -33 83]
[125 -33 82]
[125 -20 -43]
[125 -20 -44]
[125 -20 -42]
[125 14 -77]
[125 15 -76]
[125 10 -78]
[125 11 -78]
[125 12 -78]
[125 10 -77]
[125 11 -76]
[125 -7 -67]
[125 25 -79]
[125 26 -79]
[125 1 -71]
[125 -10 -4]
[125 -9 -4]
[125 -9 -5]
[125 3 -71]
[125 3 -72]
[125 18 -79]
[125 14 -78]
[125 28 -79]
[125 16 -78]
[125 3 -73]
[125 -33 77]
[125 -31 85]
[125 -33 76]
[125 -32 60]
[125 -32 59]
[125 -21 88]
[125 -16 -5]
[125 -1 -69]
[125 -2 -68]
[125 -2 -69]
[125 -2 -67]
[125 -7 -2]
[125 -13 -55]
[125 -13 -54]
[125 -13 -56]
[125 2 -71]
[125 5 -75]
[125 6 -75]
[125 -13 -53]
[125 -13 -3]
[125 -13 -4]
[125 -27 84]
[125 6 -76]
[125 6 -74]
[125 -14 -50]
[125 22 -79]
[125 21 -78]
[125 21 -79]
[125 13 -78]
[125 -32 61]
[125 19 -79]
[125 -19 -47]
[125 -19 -46]
[125 -32 63]
[125 27 -79]
[125 -10 -63]
[125 -14 -52]
[125 -13 -52]
[125 -6 -67]
[125 -5 -1]
[125 -32 69]
[125 -32 68]
[125 -31 67]
[125 1 -70]
[125 -1 -70]
[125 7 -73]
[125 -33 81]
[125 -4 -67]
[125 -11 -59]
[125 -11 -60]
[125 -32 85]
[125 -32 84]
[125 -4 -1]
[125 -8 -4]
[125 -8 -2]
[125 4 -68]
[125 -12 -3]
[125 -12 -4]
[125 -6 -2]
[125 -33 75]
[125 -15 -3]
[125 -15 -49]
[126 -13 -5]
[126 -14 -3]
[126 -34 64]
[126 -33 66]
[126 -16 -49]
[126 -17 -5]
[126 -17 -4]
[126 -34 63]
[126 -34 65]
[126 -34 75]
[126 -34 76]
[126 -34 74]
[126 -14 -55]
[126 -3 -68]
[126 -33 63]
[126 14 -79]
[126 13 -79]
[126 -9 -3]
[126 11 -79]
[126 -21 -42]
[126 -12 -2]
[126 -11 -2]
[126 -11 -3]
[126 -15 -53]
[126 -14 -51]
[126 -15 -52]
[126 -33 73]
[126 10 -79]
[126 9 -77]
[126 9 -79]
[126 -16 -2]
[126 -10 -3]
[126 -33 72]
[126 -33 71]
[126 -20 -46]
[126 -19 -45]
[126 -20 -45]
[126 -12 -60]
[126 -10 -60]
[126 -12 -58]
[126 -33 68]
[126 -33 69]
[126 -32 67]
[126 -32 70]
[126 -31 70]
[126 -20 -48]
[126 -19 -48]
[126 -10 -66]
[126 -22 88]
[126 9 -78]
[126 -12 -56]
[126 -12 -57]
[126 -14 -57]
[126 -14 -56]
[126 28 -80]
[126 27 -80]
[126 21 -80]
[126 15 -79]
[126 15 -78]
[126 4 -76]
[126 -11 -63]
[126 -11 -64]
[126 -19 -50]
[126 -14 -54]
[126 -14 -53]
[126 -7 -68]
[126 26 -80]
[126 16 -80]
[126 -21 -44]
[126 -19 -44]
[126 9 -76]
[126 7 -78]
[126 17 -80]
[126 -11 -62]
[126 -11 -61]
[126 12 -79]
[126 1 -72]
[126 0 -71]
[126 -7 -1]
[126 -5 -67]
[126 -10 -65]
[126 -8 -1]
[126 -9 -1]
[126 -33 60]
[126 -33 59]
[126 -32 62]
[126 -6 0]
[126 -4 0]
[126 -5 -69]
[126 -5 -68]
[126 -4 -69]
[126 -33 62]
[126 0 -70]
[126 -2 -71]
[126 -1 -71]
[126 -34 81]
[126 -34 82]
[126 -17 -6]
[126 7 -77]
[126 5 -76]
[126 5 -77]
[126 -33 61]
[126 -19 -49]
[126 -12 -51]
[126 -3 -69]
[126 -8 -67]
[126 -9 -67]
[126 -16 -50]
[126 -18 -50]
[126 1 -69]
[126 -15 -50]
[126 -3 0]
[126 -3 -1]
[126 2 -72]
[126 -21 -45]
[126 -33 70]
[126 -7 0]
[126 -5 0]
[126 -13 -2]
[126 -8 -68]
[126 -12 -61]
[126 -34 79]
[126 -34 78]
[126 -34 77]
[127 0 -73]
[127 1 -73]
[127 0 -72]
[127 -9 0]
[127 -9 -2]
[127 -12 -63]
[127 -12 -62]
[127 -20 -51]
[127 -34 62]
[127 -9 -68]
[127 -35 82]
[127 -35 81]
[127 -13 -1]
[127 -14 -1]
[127 -12 -1]
[127 -30 70]
[127 -15 -51]
[127 4 -75]
[127 4 -77]
[127 16 -79]
[127 -5 1]
[127 -17 -51]
[127 -17 -50]
[127 -35 77]
[127 -35 79]
[127 -15 -57]
[127 -15 -56]
[127 -10 -68]
[127 -15 -55]
[127 -34 72]
[127 -34 73]
[127 2 -73]
[127 9 -80]
[127 -34 70]
[127 -34 71]
[127 -35 64]
[127 -35 63]
[127 -35 62]
[127 -2 1]
[127 -2 -1]
[127 -13 -57]
[127 27 -81]
[127 -34 61]
[127 -8 0]
[127 -6 1]
[127 -8 1]
[127 -7 1]
[127 -6 -69]
[127 -6 -68]
[127 -19 -51]
[127 -18 -51]
[127 -21 -47]
[127 -21 -48]
[127 -34 80]
[127 -21 -46]
[127 -3 -70]
[127 -3 -71]
[127 -15 -54]
[127 6 -78]
[127 5 -78]
[127 6 -77]
[127 4 -78]
[127 -34 66]
[127 -35 76]
[127 13 -80]
[127 12 -80]
[127 -35 65]
[127 -14 -2]
[127 8 -79]
[127 -22 -46]
[127 11 -80]
[127 -15 -1]
[127 -17 -2]
[127 -17 -1]
[127 -16 -3]
[127 -13 -58]
[127 -16 -51]
[127 -20 -50]
[127 -20 -49]
[127 -16 -4]
[127 -34 60]
[127 14 -80]
[127 -34 69]
[127 -20 -47]
[127 8 -78]
[127 10 -80]
[127 -34 58]
[127 -12 -64]
[127 15 -80]
[127 -4 1]
[127 -10 -67]
[127 -11 -65]
[127 -2 0]
[127 -22 -43]
[127 -10 -1]
[127 -17 -3]
[127 -18 -4]
[127 -18 -3]
[127 -1 -72]
[127 -2 -70]
[127 -8 -69]
[127 -13 -59]
[127 3 -76]
[127 3 -75]
[127 3 -77]
[127 -35 73]
[127 -13 -60]
[127 -13 -61]
[127 -35 80]
[127 -13 -62]
[127 -4 -70]
[127 -5 -70]
[127 -21 -43]
[128 -17 -52]
[128 -3 -72]
[128 -16 -55]
[128 -6 -70]
[128 -6 -71]
[128 -5 -71]
[128 -1 0]
[128 -3 1]
[128 -1 1]
[128 -35 71]
[128 -35 72]
[128 9 -81]
[128 10 -81]
[128 3 -74]
[128 2 -76]
[128 -34 59]
[128 -35 57]
[128 -33 58]
[128 -35 60]
[128 -35 61]
[128 -10 -69]
[128 -9 -69]
[128 -16 -56]
[128 -16 -57]
[128 -36 64]
[128 -13 -64]
[128 -10 0]
[128 11 -81]
[128 -15 -2]
[128 -7 -70]
[128 -16 -1]
[128 -4 -71]
[128 -36 78]
[128 -35 78]
[128 -13 -63]
[128 -14 -61]
[128 -12 -59]
[128 -14 -59]
[128 -6 2]
[128 -36 65]
[128 -35 66]
[128 -2 -2]
[128 -9 1]
[128 -36 83]
[128 -35 83]
[128 -36 82]
[128 -36 80]
[128 -36 81]
[128 -36 79]
[128 -11 -1]
[128 -11 0]
[128 -36 77]
[128 -35 75]
[128 8 -80]
[128 7 -79]
[128 -22 -42]
[128 -7 -69]
[128 -16 -58]
[128 -19 -3]
[128 -11 -67]
[128 0 -74]
[128 2 -74]
[128 -19 -4]
[128 -35 67]
[128 -3 2]
[128 -1 2]
[128 -2 2]
[128 -18 0]
[128 -17 0]
[128 2 -78]
[128 -35 69]
[128 -35 70]
[128 14 -81]
[128 -9 -70]
[128 -10 -2]
[128 -20 -52]
[128 -21 -50]
[128 -21 -51]
[128 15 -81]
[128 16 -81]
[128 -5 2]
[128 -7 2]
[128 2 -77]
[128 -14 0]
[128 -12 0]
[128 -13 0]
[128 -16 0]
[128 1 -74]
[128 -16 -52]
[128 -18 -52]
[128 -23 -42]
[128 -23 -44]
[128 -14 -58]
[128 -15 0]
[128 -22 -45]
[128 -36 61]
[128 -36 63]
[128 12 -81]
[128 -35 59]
[128 -35 68]
[128 -34 68]
[128 -11 -69]
[128 -36 74]
[128 -36 72]
[128 -8 2]
[129 -16 1]
[129 -18 1]
[129 -17 1]
[129 -36 67]
[129 -34 67]
[129 -36 68]
[129 -36 66]
[129 -36 70]
[129 -36 71]
[129 -36 60]
[129 -36 59]
[129 -37 64]
[129 -14 -64]
[129 -22 -44]
[129 -23 -45]
[129 6 -80]
[129 -8 3]
[129 -9 2]
[129 1 -75]
[129 1 -76]
[129 -7 -71]
[129 -8 -71]
[129 -36 57]
[129 -35 58]
[129 -2 3]
[129 -4 3]
[129 10 -82]
[129 11 -82]
[129 -36 58]
[129 -21 -52]
[129 8 -81]
[129 2 -75]
[129 -33 67]
[129 1 -77]
[129 -1 -73]
[129 -1 -74]
[129 -1 -75]
[129 -21 -53]
[129 -20 -53]
[129 -19 -52]
[129 -14 1]
[129 -13 1]
[129 -16 -59]
[129 -17 -58]
[129 -6 -72]
[129 -4 -72]
[129 -1 3]
[129 -15 1]
[129 -16 -53]
[129 3 -78]
[129 3 -79]
[129 -4 2]
[129 -6 3]
[129 -23 -43]
[129 -24 -43]
[129 -11 -68]
[129 -10 -70]
[129 -12 -69]
[129 -12 -68]
[129 -12 -70]
[129 -17 -55]
[129 -17 -57]
[129 -34 84]
[129 -34 83]
[129 -36 69]
[129 -19 -5]
[129 -20 -3]
[129 -20 -5]
[129 -7 -72]
[129 -5 -72]
[129 -37 63]
[129 -35 84]
[129 -37 81]
[129 -37 83]
[129 14 -82]
[129 0 -1]
[129 0 0]
[129 -35 74]
[129 -36 75]
[129 -36 76]
[129 -37 62]
[129 -37 60]
[129 -2 -72]
[129 -7 3]
[129 -11 1]
[129 -16 -54]
[129 -17 -56]
[129 -17 -54]
[129 -37 79]
[129 -37 80]
[129 -37 78]
[129 -37 72]
[129 -36 73]
[129 -22 -49]
[129 -22 -50]
[129 -22 -51]
[129 -24 -45]
[129 -24 -44]
[129 -8 -70]
[129 7 -80]
[129 12 -82]
[129 -10 1]
[129 -15 -58]
[129 -14 -62]
[129 -15 -61]
[129 -15 -60]
[129 -15 -62]
[129 -37 73]
[129 -37 74]
[129 -37 75]
[129 -12 -67]
[129 13 -81]
[129 -15 -59]
[129 -14 -60]
[130 -14 2]
[130 -22 -52]
[130 -23 -50]
[130 -23 -52]
[130 -10 3]
[130 -17 -59]
[130 -16 -60]
[130 -20 -6]
[130 -21 -6]
[130 -21 -4]
[130 -20 -4]
[130 -21 -5]
[130 -12 1]
[130 -5 4]
[130 -4 4]
[130 -36 84]
[130 -19 -53]
[130 -20 -54]
[130 -21 -54]
[130 -19 -54]
[130 -6 -73]
[130 -4 -73]
[130 -16 2]
[130 -17 2]
[130 -23 -49]
[130 3 -80]
[130 4 -80]
[130 4 -79]
[130 2 -79]
[130 9 -83]
[130 11 -83]
[130 -37 82]
[130 -33 84]
[130 13 -82]
[130 -2 -73]
[130 -18 -54]
[130 0 -76]
[130 0 -75]
[130 -18 -56]
[130 -14 -63]
[130 -18 -55]
[130 -18 -53]
[130 1 0]
[130 1 1]
[130 -37 65]
[130 -37 67]
[130 -24 -42]
[130 -23 -51]
[130 -21 -3]
[130 -3 -73]
[130 -38 79]
[130 -38 80]
[130 -13 2]
[130 -25 -44]
[130 -2 4]
[130 -37 76]
[130 -38 83]
[130 -38 84]
[130 -37 68]
[130 -6 4]
[130 -8 4]
[130 -38 76]
[130 -38 74]
[130 -38 75]
[130 -37 71]
[130 -37 69]
[130 -38 78]
[130 -38 77]
[130 -12 -71]
[130 -12 2]
[130 -11 2]
[130 -10 2]
[130 -37 59]
[130 -23 -46]
[130 -25 -45]
[130 0 -78]
[130 -38 63]
[130 -38 64]
[130 -38 65]
[130 -3 3]
[130 -3 4]
[130 13 -83]
[130 12 -83]
[130 -17 -53]
[130 -38 60]
[130 -38 61]
[130 -38 59]
[130 -37 61]
[130 -8 -72]
[130 -8 -73]
[130 -36 62]
[130 6 -79]
[130 7 -81]
[130 -15 -63]
[130 5 -79]
[130 -22 -53]
[130 -9 4]
[130 -9 3]
[130 -18 -57]
[130 -18 -58]
[130 -18 -59]
[130 -9 -71]
[130 -11 -71]
[130 -11 -70]
[130 -38 71]
[130 -38 73]
[130 -37 56]
[130 1 -2]
[130 0 -2]
[130 -16 -61]
[130 -16 -63]
[130 -2 -74]
[130 -5 -73]
[131 -3 -75]
[131 -39 79]
[131 -38 81]
[131 -37 57]
[131 -38 57]
[131 -38 55]
[131 -12 3]
[131 -11 3]
[131 -13 3]
[131 -39 66]
[131 -23 -54]
[131 -7 -73]
[131 -37 66]
[131 -38 68]
[131 -9 -72]
[131 -37 70]
[131 -4 -74]
[131 -3 5]
[131 -2 5]
[131 -39 74]
[131 -7 -74]
[131 -19 -55]
[131 -5 3]
[131 -7 4]
[131 -15 2]
[131 -17 -61]
[131 -38 67]
[131 -19 -56]
[131 -38 72]
[131 -38 70]
[131 -39 60]
[131 -22 -5]
[131 -24 -53]
[131 -23 -53]
[131 -24 -49]
[131 -39 59]
[131 2 0]
[131 2 1]
[131 1 2]
[131 2 -81]
[131 3 -81]
[131 4 -81]
[131 -22 -6]
[131 -22 -7]
[131 -4 5]
[131 -5 5]
[131 -13 -72]
[131 -38 82]
[131 10 -83]
[131 9 -82]
[131 10 -84]
[131 -19 -57]
[131 -10 -71]
[131 -12 -72]
[131 -11 -72]
[131 -39 78]
[131 -5 -74]
[131 -6 -74]
[131 13 -84]
[131 -17 -60]
[131 1 -1]
[131 11 -84]
[131 -24 -50]
[131 -15 3]
[131 -16 3]
[131 -24 -48]
[131 -22 -48]
[131 -39 63]
[131 -39 64]
[131 -38 62]
[131 -17 -62]
[131 -39 61]
[131 -22 -4]
[131 1 -78]
[131 1 -79]
[131 5 -80]
[131 -17 3]
[131 -26 -45]
[131 -26 -44]
[131 -25 -43]
[131 -39 75]
[131 -39 76]
[131 -38 69]
[131 12 -84]
[131 -16 -64]
[131 -17 -64]
[131 -15 -64]
[131 -9 5]
[131 -10 5]
[131 0 -77]
[131 -1 -76]
[131 -11 4]
[131 -16 -62]
[131 5 -81]
[131 -37 77]
[131 -39 77]
[131 -19 -59]
[131 -19 -60]
[131 -22 -55]
[131 -21 -55]
[131 6 -82]
[131 6 -81]
[131 7 -82]
[131 0 -3]
[131 -20 -55]
[132 -38 58]
[132 -37 58]
[132 -5 -75]
[132 -4 -75]
[132 -39 68]
[132 -39 69]
[132 -3 6]
[132 -4 6]
[132 7 -83]
[132 5 -82]
[132 -2 6]
[132 -11 -73]
[132 -12 -73]
[132 -17 -65]
[132 -18 -63]
[132 -6 5]
[132 -6 6]
[132 -23 -48]
[132 1 -4]
[132 1 -3]
[132 -10 4]
[132 -24 -54]
[132 -25 -52]
[132 -18 -61]
[132 -18 -62]
[132 -3 -74]
[132 -2 -76]
[132 -40 78]
[132 -15 4]
[132 -17 4]
[132 8 -82]
[132 -40 62]
[132 -39 62]
[132 -20 -56]
[132 -14 3]
[132 -8 5]
[132 -7 5]
[132 2 2]
[132 -20 -60]
[132 -19 -58]
[132 -20 -59]
[132 -40 61]
[132 -40 60]
[132 -22 -3]
[132 -23 -3]
[132 -39 67]
[132 -17 -63]
[132 -39 65]
[132 -40 64]
[132 2 -82]
[132 4 -82]
[132 3 -82]
[132 -20 -58]
[132 2 -1]
[132 3 1]
[132 -23 -6]
[132 -23 -4]
[132 -27 -44]
[132 -26 -43]
[132 -22 -56]
[132 -38 66]
[132 -24 -52]
[132 -22 -54]
[132 -40 76]
[132 -40 77]
[132 -40 75]
[132 -10 -72]
[132 -8 6]
[132 -9 6]
[132 -39 73]
[132 -39 71]
[132 -23 -56]
[132 -1 -77]
[132 -1 -78]
[132 -40 67]
[132 -40 66]
[132 -13 -73]
[132 -39 80]
[132 11 -85]
[132 2 -80]
[132 1 -82]
[132 -25 -50]
[132 -25 -49]
[132 -6 -75]
[132 14 -83]
[132 12 -85]
[132 -39 70]
[132 -21 -7]
[132 -23 -7]
[132 -23 -5]
[132 -10 -73]
[132 -40 59]
[132 -27 -45]
[132 -23 -8]
[132 -40 73]
[132 -40 74]
[132 -24 -51]
[132 -12 4]
[132 -38 56]
[132 -16 4]
[132 -8 -74]
[132 -8 -75]
[132 -7 -75]
[133 -41 67]
[133 -40 65]
[133 -41 65]
[133 4 1]
[133 3 2]
[133 -40 70]
[133 -40 69]
[133 -26 -49]
[133 -26 -51]
[133 -5 -76]
[133 -12 -74]
[133 -11 -74]
[133 -41 73]
[133 -41 75]
[133 1 -83]
[133 -24 -3]
[133 -24 -5]
[133 -40 68]
[133 -25 -51]
[133 -21 -60]
[133 -19 -61]
[133 -5 7]
[133 -4 7]
[133 -5 6]
[133 -8 7]
[133 -21 -59]
[133 -21 -58]
[133 -25 -54]
[133 -24 -55]
[133 -23 -55]
[133 -6 -76]
[133 -10 -74]
[133 0 -4]
[133 1 -5]
[133 2 -5]
[133 2 -3]
[133 -41 72]
[133 -39 58]
[133 -40 58]
[133 -40 71]
[133 -3 -76]
[133 -3 -77]
[133 -41 60]
[133 -41 61]
[133 -41 62]
[133 -23 -57]
[133 -21 -57]
[133 -18 -64]
[133 2 3]
[133 -27 -43]
[133 -28 -43]
[133 -9 -73]
[133 -6 7]
[133 -41 59]
[133 -7 7]
[133 -9 7]
[133 -18 -65]
[133 -20 -57]
[133 -2 7]
[133 -3 7]
[133 -19 -62]
[133 -19 -63]
[133 -24 -6]
[133 -24 -4]
[133 -9 -75]
[133 -41 78]
[133 -21 -56]
[133 -9 -76]
[133 -7 -76]
[133 -9 -74]
[133 3 -83]
[133 -2 -78]
[133 -2 -77]
[133 -41 64]
[133 -39 72]
[133 10 -85]
[133 -8 -76]
[133 0 -79]
[133 -2 -79]
[133 -27 -42]
[133 2 -83]
[133 -24 -56]
[133 -41 66]
[133 -18 -60]
[133 -41 63]
[133 -40 63]
[133 -24 -7]
[133 -22 -8]
[133 -24 -8]
[133 -22 -9]
[133 -23 -9]
[133 -24 -9]
[133 -28 -45]
[133 -28 -46]
[133 -28 -44]
[133 7 -84]
[133 6 -84]
[133 6 -83]
[133 8 -83]
[133 2 -2]
[133 -41 76]
[133 5 -83]
[133 4 -83]
[133 -41 77]
[133 -26 -53]
[133 -39 56]
[133 -39 55]
[134 -5 8]
[134 -3 8]
[134 -4 8]
[134 -41 68]
[134 -41 69]
[134 -41 70]
[134 -41 71]
[134 -42 66]
[134 -42 67]
[134 -25 -4]
[134 -6 -77]
[134 -7 -77]
[134 -5 -77]
[134 -9 8]
[134 11 -86]
[134 -40 56]
[134 -40 57]
[134 -9 -77]
[134 -42 63]
[134 -25 -9]
[134 -23 -10]
[134 -25 -10]
[134 -12 -75]
[134 -10 -75]
[134 4 3]
[134 -29 -44]
[134 -29 -43]
[134 -29 -45]
[134 -29 -46]
[134 -22 -58]
[134 -22 -59]
[134 -3 -78]
[134 -11 -75]
[134 2 -84]
[134 4 -84]
[134 5 -84]
[134 8 -84]
[134 -23 -2]
[134 -25 -2]
[134 -25 -3]
[134 -42 61]
[134 -42 62]
[134 -20 -61]
[134 -42 74]
[134 -41 74]
[134 -27 -50]
[134 -27 -48]
[134 -1 -80]
[134 1 -6]
[134 -19 -64]
[134 -29 -42]
[134 -25 -56]
[134 -24 -57]
[134 -28 -42]
[134 5 -85]
[134 7 -85]
[134 6 -85]
[134 3 -84]
[134 5 1]
[134 4 0]
[134 4 2]
[134 3 0]
[134 -8 -77]
[134 -10 -76]
[134 -10 -77]
[134 -3 -79]
[134 -1 -79]
[134 3 -3]
[134 3 -2]
[134 2 -4]
[134 -22 -60]
[134 -42 60]
[134 -42 72]
[134 -40 72]
[134 -25 -55]
[134 -25 -53]
[134 -26 -54]
[134 -26 -55]
[134 -7 6]
[134 -7 8]
[134 -42 77]
[134 -25 -8]
[134 -28 -47]
[134 -4 -77]
[134 -42 68]
[134 -25 -6]
[134 -22 -57]
[134 -25 -5]
[134 -25 -7]
[134 -26 -50]
[134 -27 -53]
[134 -26 -52]
[134 -41 58]
[134 -42 59]
[134 1 -84]
[134 -26 -42]
[134 -8 8]
[134 0 -83]
[134 0 -84]
[134 -4 -76]
[134 -2 -75]
[134 -23 -58]
[134 -42 76]
[135 -11 -76]
[135 -26 -7]
[135 -19 -65]
[135 -20 -65]
[135 1 -85]
[135 0 -85]
[135 5 2]
[135 -26 -4]
[135 -43 73]
[135 -42 75]
[135 -43 65]
[135 -43 66]
[135 -42 65]
[135 -26 -10]
[135 -24 -11]
[135 -25 -11]
[135 -5 9]
[135 -6 9]
[135 -4 9]
[135 -11 -77]
[135 -11 -78]
[135 -10 -78]
[135 -26 -56]
[135 -23 -59]
[135 -23 -60]
[135 3 -85]
[135 6 -86]
[135 5 -86]
[135 -2 -80]
[135 0 -81]
[135 -1 -81]
[135 -22 -61]
[135 -27 -52]
[135 -27 -51]
[135 -42 70]
[135 -26 -2]
[135 -8 9]
[135 -30 -47]
[135 -30 -46]
[135 -39 57]
[135 -41 56]
[135 -41 57]
[135 -4 -78]
[135 -5 -78]
[135 -43 77]
[135 -43 76]
[135 -43 60]
[135 -43 59]
[135 -43 58]
[135 -42 73]
[135 -27 -55]
[135 -26 -9]
[135 -26 -8]
[135 -24 -10]
[135 -41 55]
[135 -7 -78]
[135 -9 -78]
[135 6 2]
[135 6 0]
[135 -43 62]
[135 -42 71]
[135 -1 -83]
[135 -30 -43]
[135 -26 -3]
[135 -43 68]
[135 -1 -85]
[135 0 -80]
[135 4 -2]
[135 4 -1]
[135 3 -4]
[135 -42 58]
[135 -42 57]
[135 3 -1]
[135 5 0]
[135 5 -1]
[135 -43 72]
[135 -43 71]
[135 -6 -78]
[135 7 -86]
[135 -30 -42]
[135 -30 -45]
[135 -30 -44]
[135 -28 -48]
[135 -27 -54]
[135 -28 -54]
[135 -28 -49]
[135 -28 -50]
[135 -3 9]
[135 -24 -1]
[135 -43 64]
[135 -43 63]
[135 -27 -56]
[135 -21 -62]
[135 -21 -61]
[135 -26 -5]
[135 -42 78]
[135 -43 61]
[135 -9 9]
[135 -7 9]
[136 -43 70]
[136 -27 -4]
[136 -31 -46]
[136 -31 -48]
[136 -30 -48]
[136 -31 -47]
[136 -29 -48]
[136 -6 10]
[136 -4 -79]
[136 -29 -49]
[136 -28 -51]
[136 6 -87]
[136 -44 59]
[136 -28 -53]
[136 -29 -53]
[136 -27 -10]
[136 -27 -9]
[136 1 -80]
[136 0 -82]
[136 -44 61]
[136 -44 60]
[136 5 3]
[136 7 1]
[136 -42 55]
[136 -42 56]
[136 -22 -62]
[136 -5 10]
[136 -6 8]
[136 -27 -3]
[136 -43 67]
[136 -44 66]
[136 -7 -79]
[136 -5 -79]
[136 -25 -57]
[136 -27 -57]
[136 -26 -1]
[136 -27 -2]
[136 -25 -1]
[136 -28 -56]
[136 -3 -80]
[136 -44 67]
[136 -42 69]
[136 -44 68]
[136 -44 69]
[136 6 1]
[136 1 -86]
[136 -1 -84]
[136 0 -86]
[136 1 -81]
[136 -11 -79]
[136 -12 -78]
[136 -12 -77]
[136 -10 -79]
[136 -42 64]
[136 -41 54]
[136 -42 54]
[136 -1 -82]
[136 -2 -82]
[136 -2 -81]
[136 -31 -42]
[136 -29 -47]
[136 -31 -45]
[136 -31 -44]
[136 -31 -43]
[136 -20 -62]
[136 -22 -63]
[136 -8 10]
[136 -43 74]
[136 -9 10]
[136 -7 10]
[136 -2 -84]
[136 -4 10]
[136 -21 -65]
[136 4 -3]
[136 6 3]
[136 -43 57]
[136 -43 69]
[136 -20 -64]
[136 -44 62]
[136 -44 65]
[136 -44 64]
[136 -27 -49]
[136 -27 -5]
[136 -26 -6]
[136 -27 -8]
[136 4 -86]
[136 2 -85]
[136 -1 -86]
[136 -2 -85]
[136 -6 -79]
[136 -44 57]
[136 -44 58]
[136 -43 75]
[136 -44 70]
[136 -44 72]
[136 -24 -2]
[136 -26 -11]
[136 -24 -12]
[136 -25 -12]
[136 3 -5]
[136 -44 71]
[136 7 -87]
[136 -28 -55]
[136 4 -87]
[136 4 -85]
[136 5 -87]
[137 -32 -47]
[137 -32 -49]
[137 -31 -49]
[137 -32 -48]
[137 -8 11]
[137 -6 11]
[137 -27 -7]
[137 -27 -6]
[137 -30 -49]
[137 -45 69]
[137 -4 11]
[137 -5 11]
[137 -44 74]
[137 -44 75]
[137 6 -88]
[137 -21 -63]
[137 -20 -63]
[137 -32 -43]
[137 -3 11]
[137 -3 10]
[137 -12 -80]
[137 -11 -80]
[137 -28 -1]
[137 -8 -80]
[137 -1 -87]
[137 -7 11]
[137 0 -87]
[137 -45 65]
[137 -45 66]
[137 -29 -54]
[137 -29 -55]
[137 -21 -64]
[137 -2 -86]
[137 -3 -85]
[137 -3 -86]
[137 -3 -84]
[137 3 -86]
[137 -28 -58]
[137 -26 -58]
[137 -45 71]
[137 -45 70]
[137 -27 -11]
[137 -43 56]
[137 -2 -83]
[137 -28 -9]
[137 -4 -80]
[137 3 -87]
[137 3 -88]
[137 -45 62]
[137 -28 -3]
[137 -28 -4]
[137 -29 -52]
[137 -28 -8]
[137 -40 54]
[137 2 -6]
[137 4 -4]
[137 4 -5]
[137 3 -6]
[137 -45 64]
[137 -6 -80]
[137 -45 67]
[137 -43 55]
[137 -45 72]
[137 -32 -44]
[137 -29 -51]
[137 -28 -52]
[137 -43 54]
[137 -43 53]
[137 7 -88]
[137 -3 -83]
[137 -3 -82]
[137 -24 -13]
[137 -23 -12]
[137 -32 -45]
[137 4 -88]
[137 5 -88]
[137 -45 61]
[137 -45 58]
[137 -45 57]
[137 -45 59]
[137 -26 0]
[137 -24 0]
[137 -45 73]
[137 -28 -6]
[137 -28 -5]
[137 -25 -13]
[137 -26 -12]
[137 -30 -50]
[137 -27 -1]
[138 -7 12]
[138 -3 -81]
[138 -4 -82]
[138 -4 -83]
[138 -4 -81]
[138 -22 -64]
[138 0 -88]
[138 -1 -88]
[138 -2 -87]
[138 -11 -81]
[138 -46 74]
[138 -46 72]
[138 -44 55]
[138 -45 75]
[138 -44 76]
[138 -29 -9]
[138 -29 -10]
[138 -8 12]
[138 -25 -14]
[138 -29 -50]
[138 -3 -87]
[138 -4 -85]
[138 -29 0]
[138 -29 -1]
[138 -29 -2]
[138 -33 -45]
[138 -33 -44]
[138 -33 -46]
[138 -30 -51]
[138 -27 -12]
[138 -28 -11]
[138 -28 -12]
[138 -28 -7]
[138 -4 -84]
[138 -4 -86]
[138 -33 -43]
[138 -6 -81]
[138 -7 -80]
[138 -7 -81]
[138 -29 -8]
[138 -27 -58]
[138 -25 1]
[138 -24 1]
[138 -23 1]
[138 -31 -51]
[138 -31 -50]
[138 -43 52]
[138 -30 -54]
[138 -30 -55]
[138 -5 12]
[138 -3 12]
[138 -2 10]
[138 -2 12]
[138 -2 9]
[138 -25 0]
[138 -26 1]
[138 -27 1]
[138 -46 70]
[138 -32 -42]
[138 -30 -53]
[138 -46 60]
[138 -44 63]
[138 -45 63]
[138 -46 62]
[138 -46 61]
[138 -46 64]
[138 -46 63]
[138 -26 -13]
[138 -26 -14]
[138 -33 -49]
[138 -28 -2]
[138 -46 73]
[138 -44 73]
[138 8 -89]
[138 7 -89]
[138 -46 66]
[138 2 -7]
[138 -40 55]
[138 -46 57]
[138 -46 67]
[138 -46 68]
[138 -46 71]
[138 -45 74]
[138 -29 -5]
[138 -6 12]
[138 -46 58]
[138 -45 56]
[138 -46 56]
[138 3 -7]
[138 -33 -48]
[138 -46 69]
[138 -28 -57]
[138 -27 -13]
[139 -34 -45]
[139 -2 8]
[139 -47 71]
[139 -47 73]
[139 -47 69]
[139 -47 68]
[139 -47 67]
[139 -33 -47]
[139 -34 -49]
[139 -47 60]
[139 -45 60]
[139 -47 61]
[139 -47 63]
[139 -5 -83]
[139 -5 -82]
[139 -5 -84]
[139 -5 -80]
[139 -5 -81]
[139 -6 -82]
[139 -47 59]
[139 -47 58]
[139 -32 -51]
[139 -32 -50]
[139 -30 -1]
[139 -30 -2]
[139 -29 -3]
[139 -47 72]
[139 -47 74]
[139 -29 -12]
[139 -5 -85]
[139 -5 13]
[139 -6 13]
[139 -47 62]
[139 -30 -5]
[139 -30 -6]
[139 -29 -7]
[139 -30 -9]
[139 -30 -8]
[139 -23 2]
[139 -24 2]
[139 -28 -13]
[139 -45 68]
[139 -47 70]
[139 3 -8]
[139 -28 -10]
[139 -29 -11]
[139 -30 -10]
[139 1 -7]
[139 -27 2]
[139 -28 0]
[139 -28 2]
[139 -27 0]
[139 -3 -88]
[139 -4 -87]
[139 -2 -88]
[139 -29 -57]
[139 -29 -58]
[139 -45 55]
[139 -44 54]
[139 -31 -56]
[139 -29 -56]
[139 0 -89]
[139 -2 -89]
[139 -1 -89]
[139 -46 55]
[139 -47 57]
[139 -47 55]
[139 -7 -82]
[139 -8 -81]
[139 -8 -82]
[139 -27 -15]
[139 -27 -14]
[139 -26 2]
[139 -28 1]
[139 -30 0]
[139 -30 -52]
[139 -44 56]
[139 -47 65]
[139 -7 13]
[139 1 -87]
[139 1 -89]
[139 7 -90]
[139 -3 13]
[139 -33 -50]
[139 -34 -50]
[139 -4 12]
[139 -31 -55]
[139 -31 -54]
[139 -12 -82]
[139 -5 -87]
[139 -5 -86]
[139 8 -90]
[139 -22 2]
[140 -45 54]
[140 -47 56]
[140 -29 -6]
[140 -31 -7]
[140 -33 -51]
[140 -34 -51]
[140 -31 -52]
[140 -32 -52]
[140 -30 -11]
[140 -48 59]
[140 -46 59]
[140 -48 60]
[140 -48 61]
[140 -1 -90]
[140 -2 -90]
[140 -29 -13]
[140 -3 -89]
[140 -47 64]
[140 -6 -86]
[140 -12 -83]
[140 -12 -81]
[140 -31 -5]
[140 -48 63]
[140 -48 62]
[140 -48 69]
[140 -29 1]
[140 -29 2]
[140 2 -8]
[140 0 -90]
[140 -31 -53]
[140 1 -88]
[140 1 -90]
[140 -48 68]
[140 -48 71]
[140 -4 13]
[140 -5 14]
[140 -4 14]
[140 -46 54]
[140 -47 54]
[140 2 -86]
[140 2 -88]
[140 -9 -83]
[140 -28 3]
[140 -27 3]
[140 -22 1]
[140 -44 53]
[140 -6 -87]
[140 -6 -85]
[140 -34 -46]
[140 -6 -83]
[140 -30 -57]
[140 -30 -56]
[140 -30 1]
[140 -31 0]
[140 -3 14]
[140 -30 -13]
[140 -31 -9]
[140 -31 -10]
[140 -48 66]
[140 -30 -3]
[140 -4 -89]
[140 -4 -88]
[140 -5 -88]
[140 -6 -88]
[140 -48 58]
[140 -6 14]
[140 -7 -83]
[140 -48 64]
[140 -47 66]
[140 -30 -58]
[140 -25 3]
[140 -26 3]
[140 -28 -14]
[140 -28 -15]
[140 -48 74]
[140 -48 73]
[140 -9 -82]
[140 -27 -16]
[140 -32 -54]
[140 -8 -83]
[141 -49 59]
[141 -48 72]
[141 -49 74]
[141 -49 73]
[141 -31 -11]
[141 -32 -10]
[141 -32 -11]
[141 -3 -91]
[141 -1 -91]
[141 -30 -12]
[141 -49 71]
[141 -32 -4]
[141 -32 -6]
[141 -44 52]
[141 -45 53]
[141 -13 -83]
[141 -11 -82]
[141 2 -89]
[141 -49 70]
[141 -48 70]
[141 -21 1]
[141 -21 2]
[141 -6 -84]
[141 -33 -53]
[141 -32 -53]
[141 -48 65]
[141 -48 67]
[141 -46 65]
[141 -8 -84]
[141 -9 -84]
[141 -10 -83]
[141 -10 -82]
[141 -30 -7]
[141 -31 -8]
[141 -29 -15]
[141 -26 4]
[141 -7 -84]
[141 -29 -14]
[141 -32 -8]
[141 -7 -85]
[141 -5 -90]
[141 -4 -90]
[141 -5 -89]
[141 -3 -90]
[141 -30 2]
[141 -49 57]
[141 -49 67]
[141 -28 -16]
[141 -28 4]
[141 -48 55]
[141 -46 53]
[141 -48 54]
[141 -31 -57]
[141 -31 -58]
[141 -49 61]
[141 -49 63]
[141 -31 -3]
[141 0 -91]
[141 -2 -91]
[141 -32 1]
[141 -32 -1]
[141 -9 -81]
[141 -10 -81]
[141 -48 56]
[141 -48 57]
[141 -49 65]
[141 -7 -86]
[141 -13 -81]
[141 -13 -82]
[141 -26 -17]
[141 -26 -16]
[141 -27 -17]
[141 -26 -15]
[141 -31 -12]
[141 -30 -14]
[141 -33 -52]
[141 -34 -52]
[141 -49 58]
[141 -7 -89]
[141 -6 -89]
[141 -7 -87]
[141 -49 66]
[142 -7 -88]
[142 -22 3]
[142 -20 3]
[142 -20 2]
[142 -28 -17]
[142 -11 -83]
[142 -8 -90]
[142 -7 -90]
[142 -6 -90]
[142 -8 -89]
[142 -50 64]
[142 -50 66]
[142 -46 52]
[142 -31 -1]
[142 -32 0]
[142 -32 -2]
[142 -50 59]
[142 -50 57]
[142 -50 58]
[142 -8 -85]
[142 -4 -92]
[142 -3 -92]
[142 -2 -92]
[142 -49 60]
[142 -50 60]
[142 -14 -83]
[142 -50 71]
[142 -50 70]
[142 -50 72]
[142 -29 -16]
[142 -9 -80]
[142 -50 65]
[142 -45 52]
[142 -47 52]
[142 -49 68]
[142 -50 67]
[142 -31 -13]
[142 -32 -13]
[142 -50 69]
[142 -49 69]
[142 -32 -9]
[142 -33 -11]
[142 -33 -10]
[142 -33 -9]
[142 -13 -84]
[142 -34 -53]
[142 -10 -84]
[142 -4 -91]
[142 -5 -91]
[142 -6 -91]
[142 -33 -12]
[142 -32 -12]
[142 -33 -6]
[142 -33 -5]
[142 -32 -7]
[142 -33 -7]
[142 -50 74]
[142 -50 73]
[142 -30 -15]
[142 -49 56]
[142 -49 54]
[142 -49 55]
[142 -10 -80]
[142 -31 -15]
[142 -33 -4]
[142 -32 -5]
[142 -32 -3]
[142 -50 62]
[142 -50 61]
[142 -25 -15]
[142 -25 -16]
[142 -9 -85]
[142 -25 5]
[142 -25 4]
[142 -26 5]
[142 -25 -17]
[142 -27 -18]
[142 -26 -18]
[142 -49 72]
[142 -8 -87]
[142 -8 -88]
[142 -8 -86]
[142 -33 1]
[142 -32 2]
[142 -28 5]
[143 -33 0]
[143 -51 69]
[143 -21 3]
[143 -50 68]
[143 -29 -18]
[143 -28 -18]
[143 -33 -13]
[143 -30 -16]
[143 -34 -6]
[143 -34 -8]
[143 -33 -8]
[143 -15 -84]
[143 -15 -83]
[143 -14 -84]
[143 -34 -9]
[143 -26 -19]
[143 -25 -19]
[143 -50 56]
[143 -23 4]
[143 -22 4]
[143 -24 -18]
[143 -25 -18]
[143 -7 -91]
[143 -8 -91]
[143 -51 57]
[143 -51 56]
[143 -47 51]
[143 -9 -90]
[143 -9 -89]
[143 -33 3]
[143 -32 3]
[143 -34 -11]
[143 -34 -12]
[143 -34 -13]
[143 -51 68]
[143 -51 70]
[143 -51 65]
[143 -24 4]
[143 -24 5]
[143 -51 59]
[143 -45 51]
[143 -47 53]
[143 -6 -92]
[143 -31 -6]
[143 -33 -14]
[143 -31 -14]
[143 -32 -14]
[143 -34 -7]
[143 -5 -93]
[143 -5 -92]
[143 -4 -93]
[143 -9 -87]
[143 -51 74]
[143 -51 73]
[143 -7 -92]
[143 -51 58]
[143 -11 -84]
[143 -9 -86]
[143 -9 -88]
[143 -27 -19]
[143 -49 53]
[143 -21 4]
[143 -30 -17]
[143 -8 -79]
[143 -51 72]
[143 -50 63]
[143 -9 -79]
[143 -51 61]
[143 -34 -10]
[143 -3 -93]
[143 -51 60]
[143 -51 62]
[143 -50 55]
[143 -25 6]
[143 -27 5]
[143 -26 6]
[143 -27 4]
[143 -51 64]
[143 -10 -85]
[143 -11 -85]
[143 -27 6]
[143 -33 -2]
[143 -33 -3]
[143 -33 -1]
[143 -34 -5]
[143 -34 -4]
[143 -51 71]
[143 -14 -85]
[143 -12 -84]
[143 -49 64]
[143 -34 -3]
[143 -32 -15]
[143 -31 -16]
[144 -52 70]
[144 -52 69]
[144 -52 68]
[144 -35 -11]
[144 -35 -10]
[144 -35 -12]
[144 -5 -94]
[144 -29 -17]
[144 -30 -18]
[144 -30 -19]
[144 -52 60]
[144 -52 59]
[144 -6 -93]
[144 -22 5]
[144 -24 3]
[144 -31 -18]
[144 -52 58]
[144 -33 4]
[144 -32 4]
[144 -35 -6]
[144 -35 -5]
[144 -28 -19]
[144 -52 56]
[144 -52 57]
[144 -23 3]
[144 -33 -15]
[144 -25 7]
[144 -26 7]
[144 -24 -19]
[144 -10 -87]
[144 -35 -7]
[144 -16 -84]
[144 -16 -85]
[144 -35 -9]
[144 -25 -20]
[144 -26 -20]
[144 -35 -8]
[144 -13 -85]
[144 -15 -86]
[144 -34 -15]
[144 -34 -2]
[144 -21 5]
[144 -52 61]
[144 -49 62]
[144 -52 62]
[144 -46 51]
[144 -28 -20]
[144 -27 -20]
[144 -12 -86]
[144 -34 -1]
[144 -51 55]
[144 -51 54]
[144 -52 72]
[144 -8 -92]
[144 -9 -91]
[144 -52 63]
[144 -20 4]
[144 -20 5]
[144 -35 -13]
[144 -10 -86]
[144 -50 52]
[144 -50 54]
[144 -48 52]
[144 -48 53]
[144 -35 -3]
[144 -35 -4]
[144 -34 0]
[144 -34 1]
[144 -34 2]
[144 -34 4]
[144 -52 74]
[144 -52 73]
[144 -51 63]
[144 -52 65]
[144 -52 67]
[144 -7 -93]
[144 -10 -89]
[144 -10 -88]
[144 -34 -14]
[144 -35 -14]
[144 -23 5]
[144 -23 6]
[145 -49 52]
[145 -36 -7]
[145 -36 -5]
[145 -31 -20]
[145 -29 -19]
[145 -29 -20]
[145 -36 -13]
[145 -51 53]
[145 -35 1]
[145 -35 -1]
[145 -35 -2]
[145 -22 6]
[145 -21 6]
[145 -33 -16]
[145 -35 -15]
[145 -53 59]
[145 -35 2]
[145 -35 0]
[145 -33 2]
[145 -53 61]
[145 -53 60]
[145 -33 5]
[145 -25 8]
[145 -26 8]
[145 -27 7]
[145 -53 73]
[145 -53 74]
[145 -24 -20]
[145 -14 -86]
[145 -12 -85]
[145 -35 4]
[145 -53 64]
[145 -11 -88]
[145 -10 -90]
[145 -11 -90]
[145 -11 -89]
[145 -50 53]
[145 -51 52]
[145 -49 51]
[145 -51 51]
[145 -53 66]
[145 -53 67]
[145 -52 66]
[145 -51 66]
[145 -36 -6]
[145 -36 -9]
[145 -53 70]
[145 -53 69]
[145 -53 71]
[145 -36 -11]
[145 -27 -21]
[145 -35 3]
[145 -24 7]
[145 -28 -21]
[145 -29 -21]
[145 -17 -84]
[145 -15 -85]
[145 -6 -94]
[145 -36 -12]
[145 -52 54]
[145 -52 55]
[145 -14 -87]
[145 -10 -91]
[145 -9 -92]
[145 -25 2]
[145 -52 64]
[145 -53 57]
[145 -53 56]
[145 -31 -19]
[145 -32 -19]
[145 -53 58]
[145 -53 62]
[145 -31 -17]
[145 -53 68]
[145 -51 67]
[145 -34 5]
[145 -36 -15]
[145 -9 -93]
[145 -8 -93]
[145 -53 55]
[145 -8 -94]
[145 -7 -94]
[145 -53 72]
[146 -24 6]
[146 -23 7]
[146 -23 8]
[146 -54 71]
[146 -52 71]
[146 -54 72]
[146 -54 55]
[146 -50 51]
[146 -52 50]
[146 -51 50]
[146 -50 50]
[146 -52 52]
[146 -34 6]
[146 -35 5]
[146 -35 6]
[146 -30 -20]
[146 -36 5]
[146 -54 64]
[146 -53 65]
[146 -54 65]
[146 -54 63]
[146 -32 -21]
[146 -31 -21]
[146 -32 -20]
[146 -30 -21]
[146 -54 73]
[146 -53 63]
[146 -11 -91]
[146 -10 -92]
[146 -11 -92]
[146 -32 -17]
[146 -36 -10]
[146 -27 8]
[146 -37 -13]
[146 -36 -2]
[146 -36 -3]
[146 -54 57]
[146 -20 7]
[146 -21 7]
[146 -22 7]
[146 -28 -22]
[146 -30 -22]
[146 -29 -22]
[146 -54 66]
[146 -54 67]
[146 -53 53]
[146 -53 54]
[146 -9 -95]
[146 -9 -94]
[146 -52 53]
[146 -37 -14]
[146 -37 -7]
[146 -37 -6]
[146 -34 3]
[146 -36 4]
[146 -36 2]
[146 -25 9]
[146 -24 9]
[146 -24 8]
[146 -13 -87]
[146 -13 -86]
[146 -54 59]
[146 -27 -22]
[146 -36 0]
[146 -54 70]
[146 -54 69]
[146 -26 9]
[146 -26 -21]
[146 -12 -89]
[146 -11 -87]
[146 -12 -87]
[146 -12 -88]
[146 -33 6]
[146 -54 68]
[146 -10 -94]
[146 -33 -19]
[146 -33 -20]
[146 -33 -18]
[146 -36 3]
[146 -18 -83]
[146 -37 -16]
[146 -36 -14]
[146 -54 62]
[146 -54 61]
[146 -34 -16]
[146 -54 60]
[146 -37 -5]
[146 -36 -4]
[146 -37 -4]
[146 -48 51]
[146 -36 1]
[147 -38 -4]
[147 -38 -5]
[147 -34 7]
[147 -55 66]
[147 -55 65]
[147 -22 8]
[147 -21 8]
[147 -54 58]
[147 -55 58]
[147 -53 52]
[147 -54 54]
[147 -55 60]
[147 -54 53]
[147 -37 4]
[147 -38 -12]
[147 -38 -14]
[147 -37 -8]
[147 -38 -7]
[147 -52 49]
[147 -8 -96]
[147 -9 -96]
[147 -34 -20]
[147 -34 -18]
[147 -34 -19]
[147 -55 63]
[147 -35 7]
[147 -52 51]
[147 -20 6]
[147 -55 70]
[147 -55 71]
[147 -31 -23]
[147 -10 -95]
[147 -11 -94]
[147 -23 9]
[147 -22 9]
[147 -55 61]
[147 -37 -3]
[147 -33 -21]
[147 -55 54]
[147 -53 50]
[147 -51 49]
[147 -37 -15]
[147 -38 -13]
[147 -37 1]
[147 -37 0]
[147 -32 -18]
[147 -33 -17]
[147 -25 10]
[147 -26 10]
[147 -31 -22]
[147 -32 -22]
[147 -55 68]
[147 -47 50]
[147 -49 50]
[147 -37 2]
[147 -37 3]
[147 -34 -17]
[147 -11 -93]
[147 -19 8]
[147 -28 -23]
[147 -29 -23]
[147 -55 69]
[147 -38 -3]
[147 -49 49]
[147 -19 -82]
[147 -18 -84]
[147 -12 -91]
[147 -23 10]
[147 -37 5]
[147 -36 6]
[147 -37 -1]
[147 -36 -1]
[147 -38 -15]
[147 -37 -17]
[147 -55 74]
[147 -55 62]
[147 -55 64]
[148 -54 74]
[148 -56 74]
[148 -20 8]
[148 -20 9]
[148 -56 62]
[148 -56 63]
[148 -56 64]
[148 -56 55]
[148 -55 53]
[148 -55 55]
[148 -56 71]
[148 -39 -4]
[148 -38 -2]
[148 -37 -2]
[148 -39 -2]
[148 -55 72]
[148 -56 70]
[148 -35 -21]
[148 -35 -19]
[148 -10 -96]
[148 -35 -16]
[148 -35 -18]
[148 -12 -94]
[148 -10 -93]
[148 -25 11]
[148 -24 11]
[148 -24 10]
[148 -55 67]
[148 -56 67]
[148 -46 50]
[148 -48 50]
[148 -36 7]
[148 -36 -16]
[148 -38 -17]
[148 -36 -18]
[148 -37 -18]
[148 -36 -17]
[148 -55 57]
[148 -39 -6]
[148 -39 -8]
[148 -22 10]
[148 -26 11]
[148 -56 61]
[148 -56 60]
[148 -33 -23]
[148 -32 -23]
[148 -18 -82]
[148 -19 -83]
[148 -56 69]
[148 -56 68]
[148 -37 6]
[148 -38 -9]
[148 -36 -8]
[148 -37 -9]
[148 -38 -8]
[148 -39 -5]
[148 -35 -17]
[148 -30 -23]
[148 -29 -24]
[148 -39 -12]
[148 -37 -12]
[148 -39 -13]
[148 -56 65]
[148 -56 66]
[148 -38 0]
[148 -38 1]
[148 -38 -6]
[148 -50 49]
[148 -10 -97]
[148 -9 -97]
[148 -38 5]
[148 -53 48]
[148 -52 48]
[148 -54 52]
[148 -55 52]
[148 -23 11]
[148 -37 -11]
[148 -38 -11]
[148 -39 -11]
[148 -54 50]
[148 -54 49]
[148 -53 49]
[148 -53 51]
[148 -56 58]
[148 -12 -90]
[148 -13 -90]
[148 -13 -91]
[148 -38 -1]
[148 -38 3]
[148 -38 2]
[148 -38 4]
[149 -40 -5]
[149 -40 -3]
[149 -39 -3]
[149 -56 72]
[149 -55 73]
[149 -39 -7]
[149 -57 55]
[149 -56 56]
[149 -57 56]
[149 -33 -22]
[149 -23 12]
[149 -24 12]
[149 -22 11]
[149 -48 49]
[149 -25 12]
[149 -57 60]
[149 -37 7]
[149 -36 8]
[149 -36 -19]
[149 -40 -4]
[149 -57 67]
[149 -57 65]
[149 -57 66]
[149 -11 -95]
[149 -57 63]
[149 -13 -89]
[149 -14 -89]
[149 -21 10]
[149 -39 4]
[149 -11 -97]
[149 -39 -1]
[149 -39 -17]
[149 -38 -18]
[149 -13 -92]
[149 -14 -90]
[149 -14 -92]
[149 -39 -10]
[149 -40 -12]
[149 -39 3]
[149 -39 0]
[149 -52 47]
[149 -57 70]
[149 -39 -14]
[149 -40 -13]
[149 -10 -98]
[149 -8 -97]
[149 -8 -98]
[149 -57 68]
[149 -55 59]
[149 -57 59]
[149 -40 -11]
[149 -37 -10]
[149 -38 -10]
[149 -57 61]
[149 -57 71]
[149 -26 12]
[149 -56 54]
[149 -54 56]
[149 -55 56]
[149 -38 6]
[149 -56 53]
[149 -21 9]
[149 -36 -20]
[149 -39 -9]
[149 -54 51]
[149 -40 -8]
[149 -40 -9]
[149 -34 -22]
[149 -34 -21]
[149 -35 -22]
[149 -57 58]
[149 -56 57]
[149 -50 48]
[149 -39 1]
[150 -15 -90]
[150 -15 -91]
[150 -21 11]
[150 -41 -3]
[150 -41 -4]
[150 -40 1]
[150 -40 0]
[150 -57 57]
[150 -40 -2]
[150 -58 69]
[150 -57 69]
[150 -58 67]
[150 -58 66]
[150 -58 68]
[150 -35 -23]
[150 -20 10]
[150 -13 -88]
[150 -58 65]
[150 -58 64]
[150 -58 63]
[150 -57 62]
[150 -58 62]
[150 -57 64]
[150 -34 -23]
[150 -41 -12]
[150 -41 -13]
[150 -11 -98]
[150 -41 -10]
[150 -40 -10]
[150 -41 -8]
[150 -39 -19]
[150 -39 -18]
[150 -24 13]
[150 -56 59]
[150 -58 58]
[150 -53 46]
[150 -14 -93]
[150 -40 -1]
[150 -40 3]
[150 -41 -14]
[150 -40 -14]
[150 -40 -6]
[150 -41 -6]
[150 -7 -96]
[150 -7 -98]
[150 -7 -97]
[150 -9 -98]
[150 -58 71]
[150 -8 -99]
[150 -7 -99]
[150 -14 -88]
[150 -58 72]
[150 -58 60]
[150 -58 61]
[150 -41 -7]
[150 -40 -7]
[150 -41 -9]
[150 -37 -20]
[150 -35 -20]
[150 -37 -19]
[150 -51 48]
[150 -11 -99]
[150 -23 13]
[150 -40 -18]
[150 -36 -21]
[150 -36 -23]
[150 -36 -22]
[150 -14 -91]
[150 -57 72]
[150 -56 73]
[151 -42 -14]
[151 -42 -9]
[151 -42 -11]
[151 -41 -11]
[151 -8 -100]
[151 -38 -20]
[151 -57 74]
[151 -57 73]
[151 -34 -24]
[151 -36 -24]
[151 -16 -90]
[151 -10 -100]
[151 -10 -99]
[151 -59 63]
[151 -23 14]
[151 -24 14]
[151 -15 -92]
[151 -41 -5]
[151 -9 -99]
[151 -58 57]
[151 -59 59]
[151 -59 58]
[151 -59 57]
[151 -58 73]
[151 -59 72]
[151 -42 -4]
[151 -42 -3]
[151 -42 -5]
[151 -15 -89]
[151 -19 9]
[151 -19 11]
[151 -59 60]
[151 -59 61]
[151 -39 2]
[151 -41 0]
[151 -40 2]
[151 -41 -2]
[151 -41 -1]
[151 -41 1]
[151 -42 -13]
[151 -59 69]
[151 -37 -21]
[151 -40 -19]
[151 -41 -18]
[151 -59 65]
[151 -59 66]
[151 -59 62]
[151 -59 64]
[151 -42 -15]
[151 -22 13]
[151 -22 14]
[151 -59 68]
[151 -59 67]
[151 -52 46]
[151 -38 -19]
[151 -41 3]
[151 -42 -10]
[152 -42 -2]
[152 -42 0]
[152 -37 -25]
[152 -35 -25]
[152 -35 -24]
[152 -37 -24]
[152 -60 60]
[152 -58 59]
[152 -19 10]
[152 -8 -101]
[152 -9 -100]
[152 -9 -101]
[152 -7 -101]
[152 -39 -20]
[152 -41 -20]
[152 -43 -14]
[152 -43 -16]
[152 -42 -6]
[152 -38 -21]
[152 -41 2]
[152 -60 63]
[152 -60 65]
[152 -42 1]
[152 -42 2]
[152 -21 15]
[152 -21 14]
[152 -43 -12]
[152 -42 -1]
[152 -60 66]
[152 -43 -4]
[152 -58 74]
[152 -59 74]
[152 -60 59]
[152 -60 67]
[152 -37 -22]
[152 -38 -22]
[152 -58 70]
[152 -22 15]
[152 -60 68]
[152 -43 -3]
[152 -60 58]
[152 -60 57]
[152 -43 -13]
[152 -43 -15]
[152 -51 45]
[152 -52 45]
[152 -60 61]
[152 -23 15]
[152 -25 13]
[152 -43 -10]
[152 -60 62]
[152 -60 64]
[152 -41 -19]
[152 -41 -17]
[152 -42 -19]
[152 -16 -91]
[152 -43 -9]
[152 -59 71]
[153 -44 -12]
[153 -42 -12]
[153 -44 -11]
[153 -43 -11]
[153 -36 -25]
[153 -38 -24]
[153 -43 -5]
[153 -43 -6]
[153 -44 -10]
[153 -43 -19]
[153 -42 -18]
[153 -43 -20]
[153 -60 73]
[153 -60 74]
[153 -60 75]
[153 -61 63]
[153 -61 62]
[153 -61 64]
[153 -44 -15]
[153 -43 -17]
[153 -61 57]
[153 -39 -23]
[153 -8 -102]
[153 -22 16]
[153 -21 16]
[153 -61 67]
[153 -43 -2]
[153 -61 61]
[153 -61 66]
[153 -61 58]
[153 -61 60]
[153 -41 -21]
[153 -40 -20]
[153 -42 -20]
[153 -35 -26]
[153 -34 -25]
[153 -61 59]
[153 -38 -23]
[153 -43 0]
[153 -44 -14]
[153 -43 -1]
[153 -43 1]
[153 -44 -3]
[153 -44 -4]
[153 -61 68]
[153 -44 -2]
[153 -37 -23]
[154 -39 -24]
[154 -62 60]
[154 -62 61]
[154 -62 59]
[154 -34 -26]
[154 -45 -12]
[154 -44 -21]
[154 -44 -19]
[154 -62 57]
[154 -39 -21]
[154 -62 68]
[154 -62 67]
[154 -44 -1]
[154 -61 75]
[154 -61 74]
[154 -59 75]
[154 -62 65]
[154 -62 64]
[154 -62 63]
[154 -59 73]
[154 -61 73]
[154 -40 -22]
[154 -40 -21]
[154 -44 0]
[154 -44 -7]
[154 -44 -6]
[154 -45 -4]
[154 -44 2]
[154 -45 -15]
[154 -44 -16]
[154 -40 -23]
[154 -60 69]
[154 -62 69]
[154 -44 -17]
[154 -44 -5]
[154 -44 -13]
[154 -45 -13]
[154 -45 -11]
[154 -62 62]
[154 -61 65]
[154 -44 -20]
[154 -45 -14]
[155 -46 -12]
[155 -46 -14]
[155 -45 -1]
[155 -45 -2]
[155 -45 -16]
[155 -46 -4]
[155 -46 -5]
[155 -45 -5]
[155 -46 -3]
[155 -60 72]
[155 -63 65]
[155 -63 60]
[155 -41 -22]
[155 -45 -6]
[155 -45 -7]
[155 -45 -19]
[155 -63 63]
[155 -63 61]
[155 -61 69]
[155 -63 67]
[155 -45 -18]
[155 -46 -15]
[155 -40 -24]
[155 -46 -11]
[155 -62 58]
[155 -45 -17]
[155 -63 66]
[155 -63 68]
[155 -61 70]
[155 -62 70]
[155 -62 66]
[155 -63 64]
[155 -63 62]
[155 -39 -22]
[155 -60 70]
[155 -59 70]
[155 -43 -7]
[155 -44 1]
[155 -45 1]
[155 -45 2]
[155 -61 72]
[156 -46 2]
[156 -46 1]
[156 -45 0]
[156 -47 -5]
[156 -46 -6]
[156 -63 69]
[156 -64 65]
[156 -64 61]
[156 -60 71]
[156 -64 63]
[156 -46 -7]
[156 -47 -14]
[156 -62 72]
[156 -61 71]
[156 -63 58]
[156 -64 60]
[156 -47 -3]
[156 -45 -3]
[156 -64 69]
[156 -47 -12]
[156 -47 -13]
[156 -46 -13]
[156 -45 3]
[156 -46 3]
[156 -46 0]
[156 -46 -2]
[156 -64 66]
[156 -64 62]
[156 -47 -2]
[157 -48 -3]
[157 -46 -1]
[157 -47 -1]
[157 -48 -2]
[157 -47 1]
[157 -48 -14]
[157 -48 -12]
[157 -47 -6]
[157 -47 -7]
[157 -64 64]
[157 -65 69]
[157 -65 68]
[157 -63 70]
[157 -64 68]
[157 -48 -13]
[157 -48 -15]
[157 -65 62]
[157 -65 63]
[157 -64 70]
[157 -47 2]
[157 -65 66]
[157 -65 67]
[157 -62 71]
[157 -63 72]
[157 -48 -4]
[157 -47 3]
[157 -64 59]
[157 -65 61]
[158 -66 64]
[158 -66 63]
[158 -65 64]
[158 -66 62]
[158 -64 67]
[158 -66 67]
[158 -66 69]
[158 -66 68]
[158 -65 70]
[158 -49 -14]
[158 -49 -13]
[158 -49 -3]
[158 -48 -7]
[158 -48 -6]
[158 -66 65]
[158 -65 65]
[158 -66 61]
[158 -49 -15]
[158 -65 60]
[158 -65 59]
[158 -65 58]
[158 -64 58]
[158 -47 -4]
[158 -49 -5]
[158 -49 -12]
[158 -49 -1]
[158 -48 -1]
[158 -64 71]
[158 -64 73]
[158 -63 73]
[158 -47 -15]
[158 -63 71]
[158 -65 71]
[159 -50 -1]
[159 -49 0]
[159 -50 -2]
[159 -49 -2]
[159 -67 64]
[159 -67 66]
[159 -66 66]
[159 -67 65]
[159 -50 -4]
[159 -67 70]
[159 -67 69]
[159 -65 72]
[159 -64 72]
[159 -65 73]
[159 -50 -13]
[159 -50 -14]
[159 -50 -15]
[159 -66 70]
[159 -63 59]
[159 -49 -7]
[159 -67 68]
[159 -67 67]
[159 -67 62]
[159 -67 61]
[159 -49 -6]
[159 -49 -11]
[159 -47 0]
[159 -50 -16]
[159 -66 59]
[159 -66 60]
[159 -67 60]
[159 -49 -4]
[159 -50 -6]
[159 -48 -5]
[159 -66 72]
[159 -66 71]
[160 -50 -5]
[160 -51 -3]
[160 -50 -3]
[160 -51 -2]
[160 -68 68]
[160 -68 67]
[160 -68 66]
[160 -68 69]
[160 -67 59]
[160 -68 71]
[160 -50 -7]
[160 -66 73]
[160 -68 63]
[160 -68 62]
[160 -68 65]
[160 -68 64]
[160 -67 63]
[160 -66 74]
[160 -67 72]
[160 -51 -1]
[160 -67 71]
[160 -68 61]
[160 -51 -15]
[160 -51 -4]
[161 -69 62]
[161 -68 70]
[161 -69 68]
[161 -69 70]
[161 -51 -6]
[161 -69 64]
[161 -69 71]
[161 -69 67]
[161 -69 66]
[161 -69 69]
[161 -67 73]
[161 -69 61]
[161 -68 60]
[161 -51 -16]
[161 -52 -15]
[161 -51 -14]
[161 -68 72]
[161 -49 -8]
[161 -50 -8]
[162 -53 -14]
[162 -53 -15]
[162 -51 -7]
[162 -69 60]
[162 -70 60]
[162 -70 61]
[162 -70 62]
[162 -70 63]
[162 -70 65]
[162 -69 63]
[162 -67 74]
[162 -68 74]
[162 -68 73]
[162 -52 -16]
[162 -52 -17]
[162 -52 -14]
[162 -70 68]
[162 -70 66]
[162 -70 67]
[162 -70 69]
[162 -70 72]
[162 -50 -9]
[162 -68 59]
[162 -69 73]
[162 -69 72]
[162 -70 70]
[163 -71 69]
[163 -71 67]
[163 -70 71]
[163 -70 64]
[163 -71 63]
[163 -71 62]
[163 -53 -16]
[163 -51 -8]
[163 -69 58]
[163 -71 60]
[163 -70 59]
[163 -70 74]
[163 -70 73]
[163 -54 -15]
[163 -71 61]
[163 -71 73]
[163 -71 72]
[163 -71 71]
[163 -71 68]
[163 -71 70]
[163 -53 -13]
[163 -53 -17]
[163 -53 -18]
[163 -69 59]
[163 -69 74]
[164 -72 67]
[164 -71 66]
[164 -72 66]
[164 -72 68]
[164 -71 64]
[164 -71 75]
[164 -70 75]
[164 -72 62]
[164 -72 72]
[164 -71 74]
[164 -72 61]
[164 -71 59]
[164 -72 60]
[164 -54 -17]
[164 -72 63]
[164 -70 58]
[164 -72 71]
[164 -72 70]
[164 -69 57]
[164 -70 57]
[164 -68 57]
[165 -72 73]
[165 -73 72]
[165 -70 56]
[165 -72 75]
[165 -72 65]
[165 -73 65]
[165 -73 69]
[165 -73 71]
[165 -72 58]
[165 -73 63]
[165 -72 74]
[165 -54 -18]
[165 -72 64]
[165 -73 60]
[165 -73 62]
[165 -67 56]
[165 -73 66]
[165 -73 68]
[165 -73 67]
[165 -72 69]
[166 -74 64]
[166 -74 66]
[166 -74 65]
[166 -73 64]
[166 -73 74]
[166 -74 70]
[166 -74 67]
[166 -74 68]
[166 -70 55]
[166 -73 75]
[166 -73 61]
[166 -74 62]
[166 -74 61]
[166 -71 58]
[166 -72 59]
[166 -73 59]
[166 -74 59]
[166 -73 73]
[166 -71 65]
[166 -74 69]
[166 -74 72]
[167 -75 68]
[167 -75 69]
[167 -74 63]
[167 -75 63]
[167 -75 62]
[167 -74 58]
[167 -73 58]
[167 -74 60]
[167 -74 73]
[167 -75 73]
[167 -75 66]
[167 -70 54]
[167 -69 56]
[167 -75 60]
[167 -74 74]
[167 -73 70]
[168 -74 71]
[168 -76 60]
[168 -76 61]
[168 -76 59]
[168 -75 59]
[168 -75 64]
[168 -74 57]
[168 -70 53]
[168 -75 70]
[168 -76 68]
[168 -76 69]
[168 -75 75]
[168 -68 56]
[168 -75 72]
[168 -76 63]
[168 -75 61]
[168 -76 67]
[168 -76 64]
[168 -75 67]
[168 -76 65]
[168 -75 65]
[168 -76 72]
[168 -75 74]
[169 -76 58]
[169 -77 64]
[169 -77 63]
[169 -71 52]
[169 -77 72]
[169 -76 71]
[169 -77 71]
[169 -75 71]
[169 -76 62]
[169 -77 62]
[169 -77 61]
[169 -76 66]
[169 -74 75]
[169 -74 56]
[169 -73 57]
[169 -75 58]
[169 -73 56]
[169 -75 56]
[169 -77 66]
[169 -77 68]
[169 -76 70]
[169 -77 58]
[169 -77 60]
[169 -77 67]
[169 -77 69]
[169 -76 75]
[169 -67 55]
[170 -78 57]
[170 -76 57]
[170 -77 57]
[170 -77 59]
[170 -78 58]
[170 -78 59]
[170 -78 65]
[170 -78 66]
[170 -77 65]
[170 -78 68]
[170 -78 64]
[170 -78 63]
[170 -78 71]
[170 -77 73]
[170 -78 72]
[170 -76 73]
[170 -78 61]
[170 -78 62]
[170 -78 60]
[170 -70 51]
[170 -71 53]
[170 -70 52]
[170 -66 54]
[170 -73 55]
[170 -74 55]
[170 -78 70]
[170 -77 70]
[170 -78 67]
[170 -76 56]
[170 -75 57]
[170 -75 55]
[171 -71 51]
[171 -71 50]
[171 -79 71]
[171 -79 72]
[171 -79 62]
[171 -79 60]
[171 -79 61]
[171 -74 54]
[171 -79 63]
[171 -79 66]
[171 -77 56]
[171 -79 56]
[171 -79 57]
[171 -79 73]
[171 -79 58]
[171 -79 68]
[171 -78 69]
[171 -79 69]
[171 -79 65]
[171 -79 59]
[171 -75 54]
[171 -73 54]
[171 -78 74]
[171 -76 74]
[171 -78 73]
[171 -76 55]
[171 -76 54]
[171 -79 67]
[172 -76 53]
[172 -77 53]
[172 -77 55]
[172 -75 53]
[172 -73 53]
[172 -72 53]
[172 -80 71]
[172 -79 70]
[172 -78 56]
[172 -80 60]
[172 -80 58]
[172 -80 62]
[172 -72 52]
[172 -80 66]
[172 -80 67]
[172 -80 68]
[172 -80 57]
[172 -80 65]
[172 -77 74]
[172 -80 61]
[172 -70 49]
[172 -70 50]
[172 -79 64]
[172 -80 64]
[172 -79 75]
[172 -80 69]
[172 -74 53]
[172 -80 72]
[172 -80 73]
[172 -80 74]
[172 -80 56]
[173 -80 59]
[173 -81 57]
[173 -81 59]
[173 -81 61]
[173 -81 62]
[173 -81 64]
[173 -81 65]
[173 -81 71]
[173 -73 52]
[173 -81 70]
[173 -81 72]
[173 -76 52]
[173 -75 52]
[173 -74 52]
[173 -80 70]
[173 -81 73]
[173 -81 74]
[173 -79 74]
[173 -78 75]
[173 -81 75]
[173 -80 75]
[173 -81 63]
[173 -81 69]
[173 -81 68]
[173 -81 67]
[173 -81 66]
[173 -72 51]
[173 -70 48]
[173 -69 49]
[173 -77 75]
[174 -80 63]
[174 -82 65]
[174 -72 50]
[174 -77 51]
[174 -75 51]
[174 -81 60]
[174 -82 71]
[174 -82 70]
[174 -82 69]
[174 -76 51]
[174 -74 51]
[174 -82 76]
[174 -81 76]
[174 -82 75]
[174 -69 48]
[174 -68 48]
[174 -82 73]
[174 -73 51]
[174 -82 57]
[174 -82 58]
[174 -82 67]
[174 -82 64]
[174 -82 62]
[174 -82 72]
[174 -82 60]
[174 -82 66]
[174 -82 68]
[174 -70 47]
[174 -71 48]
[174 -81 58]
[174 -82 63]
[175 -82 61]
[175 -73 49]
[175 -83 63]
[175 -83 65]
[175 -70 46]
[175 -69 46]
[175 -71 47]
[175 -77 52]
[175 -78 50]
[175 -76 50]
[175 -78 51]
[175 -77 50]
[175 -83 60]
[175 -82 59]
[175 -83 61]
[175 -83 59]
[175 -83 70]
[175 -83 72]
[175 -83 57]
[175 -72 47]
[175 -72 48]
[175 -83 73]
[175 -74 50]
[175 -75 50]
[175 -83 74]
[175 -82 74]
[175 -83 64]
[175 -83 66]
[175 -73 50]
[175 -82 77]
[175 -80 77]
[175 -81 77]
[175 -83 68]
[175 -83 69]
[176 -83 71]
[176 -84 72]
[176 -84 69]
[176 -84 67]
[176 -69 47]
[176 -69 45]
[176 -68 45]
[176 -68 47]
[176 -70 45]
[176 -84 64]
[176 -84 63]
[176 -80 76]
[176 -77 49]
[176 -79 49]
[176 -78 49]
[176 -75 49]
[176 -83 58]
[176 -84 58]
[176 -72 49]
[176 -84 74]
[176 -83 75]
[176 -84 73]
[176 -84 65]
[176 -84 60]
[176 -82 78]
[176 -74 49]
[176 -73 48]
[176 -73 47]
[176 -73 46]
[176 -76 49]
[176 -71 49]
[176 -83 78]
[176 -83 77]
[176 -83 76]
[176 -84 71]
[176 -84 70]
[176 -78 52]
[176 -79 50]
[176 -79 51]
[176 -83 62]
[176 -84 59]
[177 -76 48]
[177 -84 62]
[177 -84 77]
[177 -85 74]
[177 -85 73]
[177 -74 47]
[177 -85 71]
[177 -73 45]
[177 -72 45]
[177 -85 59]
[177 -85 58]
[177 -78 48]
[177 -85 63]
[177 -84 75]
[177 -85 69]
[177 -79 48]
[177 -74 48]
[177 -85 60]
[177 -68 44]
[177 -68 46]
[177 -85 70]
[177 -85 72]
[177 -85 61]
[177 -71 44]
[177 -71 46]
[177 -84 76]
[177 -85 66]
[177 -83 67]
[177 -84 68]
[177 -85 67]
[177 -80 50]
[177 -80 49]
[177 -85 64]
[177 -67 46]
[177 -69 44]
[178 -86 75]
[178 -85 75]
[178 -86 73]
[178 -86 59]
[178 -85 77]
[178 -74 44]
[178 -74 45]
[178 -86 60]
[178 -75 48]
[178 -84 66]
[178 -86 69]
[178 -86 71]
[178 -80 48]
[178 -78 47]
[178 -67 45]
[178 -86 66]
[178 -71 45]
[178 -73 44]
[178 -84 61]
[178 -67 43]
[178 -68 43]
[178 -85 65]
[178 -86 65]
[178 -86 63]
[178 -86 68]
[178 -85 68]
[178 -86 67]
[178 -77 48]
[178 -86 70]
[178 -86 72]
[178 -85 76]
[178 -72 44]
[178 -70 43]
[178 -71 43]
[178 -86 61]
[178 -75 46]
[178 -74 46]
[178 -81 51]
[178 -81 50]
[179 -75 45]
[179 -75 47]
[179 -72 43]
[179 -72 42]
[179 -87 67]
[179 -67 44]
[179 -66 44]
[179 -75 43]
[179 -87 60]
[179 -87 76]
[179 -86 74]
[179 -86 76]
[179 -86 64]
[179 -72 46]
[179 -70 44]
[179 -76 45]
[179 -76 46]
[179 -68 42]
[179 -69 43]
[179 -76 47]
[179 -81 47]
[179 -81 49]
[179 -80 47]
[179 -87 71]
[179 -87 69]
[179 -86 77]
[179 -87 62]
[179 -87 61]
[179 -77 47]
[179 -87 65]
[179 -87 73]
[179 -82 49]
[179 -77 46]
[179 -87 72]
[179 -86 62]
[179 -87 64]
[179 -87 70]
[179 -87 68]
[179 -69 42]
[179 -73 43]
[179 -74 43]
[179 -75 44]
[180 -78 46]
[180 -73 42]
[180 -74 42]
[180 -88 65]
[180 -67 41]
[180 -68 41]
[180 -69 41]
[180 -76 44]
[180 -82 48]
[180 -81 48]
[180 -83 49]
[180 -83 48]
[180 -82 50]
[180 -88 62]
[180 -88 61]
[180 -87 75]
[180 -88 70]
[180 -88 68]
[180 -87 74]
[180 -88 72]
[180 -87 78]
[180 -81 46]
[180 -80 46]
[180 -82 47]
[180 -71 42]
[180 -73 41]
[180 -88 71]
[180 -78 45]
[180 -70 42]
[180 -88 67]
[180 -87 66]
[180 -88 69]
[180 -88 76]
[180 -87 77]
[180 -88 77]
[180 -76 43]
[180 -79 46]
[181 -83 47]
[181 -70 41]
[181 -71 41]
[181 -81 45]
[181 -89 78]
[181 -82 46]
[181 -77 43]
[181 -75 41]
[181 -80 45]
[181 -82 45]
[181 -89 68]
[181 -89 67]
[181 -66 40]
[181 -88 73]
[181 -67 42]
[181 -84 48]
[181 -74 41]
[181 -74 40]
[181 -73 40]
[181 -89 62]
[181 -89 66]
[181 -88 66]
[181 -69 40]
[181 -68 40]
[181 -89 69]
[181 -75 42]
[181 -88 79]
[181 -79 44]
[181 -79 47]
[181 -88 63]
[181 -89 63]
[181 -89 71]
[181 -89 70]
[181 -89 77]
[181 -84 50]
[182 -82 44]
[182 -83 45]
[182 -83 46]
[182 -81 44]
[182 -90 68]
[182 -90 66]
[182 -90 67]
[182 -84 49]
[182 -85 49]
[182 -85 48]
[182 -85 47]
[182 -75 40]
[182 -74 39]
[182 -67 39]
[182 -65 39]
[182 -67 40]
[182 -65 40]
[182 -90 69]
[182 -90 65]
[182 -90 62]
[182 -90 63]
[182 -90 71]
[182 -87 63]
[182 -89 64]
[182 -83 51]
[182 -72 40]
[182 -90 70]
[182 -88 78]
[182 -90 78]
[182 -78 42]
[182 -77 44]
[182 -76 42]
[182 -89 79]
[182 -87 79]
[182 -88 64]
[182 -90 64]
[182 -79 43]
[182 -78 44]
[182 -80 44]
[182 -73 39]
[183 -78 43]
[183 -80 43]
[183 -91 71]
[183 -91 69]
[183 -91 64]
[183 -91 63]
[183 -79 45]
[183 -91 68]
[183 -86 48]
[183 -85 50]
[183 -91 65]
[183 -91 66]
[183 -89 65]
[183 -91 67]
[183 -72 39]
[183 -72 38]
[183 -73 38]
[183 -72 41]
[183 -90 79]
[183 -88 80]
[183 -90 80]
[183 -74 38]
[183 -75 38]
[183 -91 70]
[183 -79 41]
[183 -66 39]
[183 -81 43]
[183 -82 43]
[183 -84 47]
[183 -84 45]
[183 -64 38]
[183 -84 46]
[183 -84 44]
[183 -65 41]
[183 -64 39]
[183 -86 49]
[183 -86 47]
[183 -83 44]
[183 -85 46]
[184 -86 45]
[184 -85 45]
[184 -89 80]
[184 -89 81]
[184 -88 81]
[184 -92 64]
[184 -92 63]
[184 -92 66]
[184 -92 65]
[184 -81 42]
[184 -64 37]
[184 -63 37]
[184 -63 38]
[184 -85 44]
[184 -85 43]
[184 -79 40]
[184 -80 40]
[184 -78 40]
[184 -80 42]
[184 -84 43]
[184 -83 43]
[184 -74 37]
[184 -76 38]
[184 -82 42]
[184 -73 37]
[184 -75 37]
[184 -72 37]
[184 -87 48]
[184 -87 47]
[184 -87 46]
[184 -86 46]
[185 -87 81]
[185 -72 36]
[185 -73 36]
[185 -81 41]
[185 -83 42]
[185 -76 37]
[185 -76 39]
[185 -75 39]
[185 -93 64]
[185 -88 45]
[185 -88 46]
[185 -87 45]
[185 -79 39]
[185 -80 41]
[185 -80 39]
[185 -81 39]
[185 -84 42]
[185 -74 36]
[185 -86 44]
[185 -64 36]
[185 -86 43]
[185 -86 42]
[185 -88 47]
[185 -75 36]
[185 -78 41]
[185 -77 41]
[185 -82 41]
[185 -79 42]
[186 -73 35]
[186 -75 35]
[186 -80 38]
[186 -81 38]
[186 -79 38]
[186 -85 42]
[186 -87 43]
[186 -77 40]
[186 -76 40]
[186 -76 36]
[186 -76 35]
[186 -78 39]
[186 -87 44]
[186 -77 42]
[186 -76 41]
[186 -82 40]
[186 -93 65]
[186 -89 44]
[186 -88 44]
[186 -84 41]
[186 -63 36]
[186 -86 41]
[186 -87 82]
[186 -86 81]
[186 -88 82]
[187 -88 43]
[187 -87 42]
[187 -77 39]
[187 -81 37]
[187 -82 37]
[187 -85 41]
[187 -83 41]
[187 -83 40]
[187 -89 45]
[187 -87 40]
[187 -78 38]
[187 -79 37]
[187 -76 34]
[187 -74 35]
[187 -85 82]
[187 -86 82]
[187 -77 35]
[187 -77 34]
[187 -75 34]
[187 -77 38]
[187 -77 36]
[187 -88 83]
[187 -87 83]
[187 -89 43]
[187 -74 34]
[187 -73 34]
[188 -77 37]
[188 -78 37]
[188 -73 33]
[188 -74 33]
[188 -75 33]
[188 -82 36]
[188 -80 36]
[188 -82 38]
[188 -78 35]
[188 -78 34]
[188 -78 33]
[188 -90 43]
[188 -88 42]
[188 -72 33]
[188 -72 34]
[188 -76 33]
[188 -85 81]
[188 -85 83]
[188 -80 37]
[188 -78 36]
[188 -79 36]
[188 -87 84]
[188 -88 41]
[188 -87 41]
[188 -88 84]
[188 -86 84]
[188 -86 83]
[188 -83 39]
[188 -84 39]
[188 -84 40]
[188 -86 40]
[188 -85 40]
[188 -89 42]
[188 -81 36]
[188 -83 38]
[188 -84 81]
[188 -86 39]
[188 -88 40]
[188 -88 39]
[189 -75 32]
[189 -74 32]
[189 -89 39]
[189 -89 41]
[189 -85 84]
[189 -84 83]
[189 -84 82]
[189 -79 35]
[189 -83 37]
[189 -81 35]
[189 -85 39]
[189 -82 39]
[189 -84 38]
[189 -85 85]
[189 -87 85]
[189 -86 85]
[189 -85 80]
[189 -77 32]
[189 -79 32]
[189 -80 35]
[189 -73 32]
[189 -72 32]
[189 -79 34]
[189 -88 38]
[189 -89 40]
[189 -87 38]
[189 -82 35]
[189 -87 39]
[189 -90 42]
[189 -85 38]
[190 -87 37]
[190 -81 34]
[190 -84 37]
[190 -73 31]
[190 -72 31]
[190 -80 33]
[190 -80 32]
[190 -86 38]
[190 -86 37]
[190 -77 33]
[190 -78 32]
[190 -77 31]
[190 -83 36]
[190 -82 34]
[190 -79 33]
[190 -84 85]
[190 -84 36]
[190 -86 80]
[190 -86 86]
[190 -84 86]
[190 -85 86]
[190 -84 84]
[190 -85 37]
[190 -83 83]
[190 -83 82]
[190 -83 84]
[190 -74 31]
[190 -75 31]
[190 -90 41]
[191 -85 87]
[191 -83 86]
[191 -87 80]
[191 -82 85]
[191 -82 83]
[191 -82 84]
[191 -83 85]
[191 -80 34]
[191 -82 33]
[191 -81 33]
[191 -86 87]
[191 -75 30]
[191 -74 30]
[191 -76 31]
[191 -76 32]
[191 -76 30]
[191 -91 40]
[191 -90 40]
[191 -72 30]
[191 -73 30]
[191 -78 31]
[191 -77 30]
[191 -81 31]
[191 -81 32]
[191 -85 35]
[191 -84 35]
[191 -83 35]
[191 -86 36]
[191 -85 36]
[191 -84 87]
[191 -87 36]
[192 -82 86]
[192 -82 87]
[192 -85 34]
[192 -86 35]
[192 -84 88]
[192 -86 88]
[192 -91 39]
[192 -80 31]
[192 -85 88]
[192 -87 87]
[192 -83 33]
[192 -73 29]
[192 -76 29]
[192 -77 29]
[192 -78 29]
[192 -90 39]
[192 -87 35]
[192 -88 35]
[192 -88 36]
[192 -72 29]
[192 -75 29]
[192 -84 34]
[192 -83 34]
[192 -82 31]
[192 -82 32]
[192 -81 30]
[192 -83 87]
[192 -83 88]
[193 -81 86]
[193 -73 28]
[193 -72 28]
[193 -84 89]
[193 -83 89]
[193 -80 30]
[193 -81 29]
[193 -80 29]
[193 -82 29]
[193 -79 30]
[193 -79 28]
[193 -77 28]
[193 -78 30]
[193 -76 28]
[193 -74 29]
[193 -74 28]
[193 -82 88]
[193 -83 31]
[193 -83 32]
[193 -86 89]
[193 -85 89]
[193 -81 88]
[193 -78 28]
[193 -85 33]
[193 -84 33]
[193 -89 37]
[193 -91 38]
[193 -90 38]
[193 -83 30]
[193 -89 35]
[193 -89 38]
[193 -87 34]
[194 -84 90]
[194 -83 90]
[194 -78 27]
[194 -77 27]
[194 -81 87]
[194 -84 29]
[194 -83 29]
[194 -90 37]
[194 -88 37]
[194 -86 34]
[194 -86 33]
[194 -84 31]
[194 -91 37]
[194 -80 88]
[194 -84 32]
[194 -85 32]
[194 -82 89]
[194 -84 30]
[194 -81 28]
[194 -80 28]
[194 -79 29]
[194 -89 36]
[194 -90 36]
[194 -88 34]
[194 -90 35]
[194 -90 34]
[194 -71 27]
[194 -72 27]
[194 -80 27]
[194 -75 27]
[194 -73 27]
[194 -74 27]
[194 -79 31]
[194 -75 28]
[195 -89 34]
[195 -84 28]
[195 -85 30]
[195 -78 26]
[195 -79 26]
[195 -85 31]
[195 -81 27]
[195 -70 27]
[195 -70 26]
[195 -81 90]
[195 -88 33]
[195 -91 34]
[195 -86 32]
[195 -83 91]
[195 -85 90]
[195 -74 26]
[195 -87 33]
[195 -76 27]
[195 -75 26]
[195 -91 36]
[195 -91 35]
[195 -82 27]
[195 -81 89]
[195 -80 89]
[195 -76 26]
[195 -82 30]
[195 -83 28]
[195 -82 28]
[195 -84 91]
[195 -82 90]
[196 -77 26]
[196 -80 91]
[196 -81 91]
[196 -86 31]
[196 -85 29]
[196 -86 29]
[196 -86 30]
[196 -77 25]
[196 -75 25]
[196 -90 33]
[196 -82 92]
[196 -84 92]
[196 -82 91]
[196 -83 27]
[196 -73 26]
[196 -73 25]
[196 -81 26]
[196 -92 34]
[196 -85 28]
[196 -85 27]
[196 -85 91]
[196 -83 92]
[196 -85 92]
[196 -84 27]
[196 -92 33]
[196 -91 33]
[196 -92 35]
[196 -69 26]
[196 -88 32]
[196 -89 32]
[196 -78 25]
[196 -79 25]
[196 -80 90]
[197 -74 25]
[197 -72 25]
[197 -73 24]
[197 -80 25]
[197 -87 29]
[197 -86 28]
[197 -75 24]
[197 -85 93]
[197 -83 93]
[197 -76 24]
[197 -78 24]
[197 -77 24]
[197 -79 24]
[197 -85 26]
[197 -86 26]
[197 -81 93]
[197 -68 26]
[197 -69 27]
[197 -89 33]
[197 -90 32]
[197 -88 31]
[197 -84 93]
[197 -93 33]
[197 -91 32]
[197 -87 30]
[197 -80 26]
[197 -82 26]
[197 -82 25]
[197 -82 93]
[197 -83 26]
[197 -84 26]
[197 -87 32]
[197 -87 31]
[197 -81 92]
[198 -74 24]
[198 -73 23]
[198 -89 31]
[198 -91 31]
[198 -81 24]
[198 -81 25]
[198 -80 24]
[198 -87 25]
[198 -87 27]
[198 -87 26]
[198 -86 27]
[198 -87 28]
[198 -80 23]
[198 -78 23]
[198 -79 23]
[198 -79 27]
[198 -85 25]
[198 -83 94]
[198 -77 23]
[198 -75 23]
[198 -76 23]
[198 -89 30]
[198 -88 30]
[198 -72 26]
[198 -92 32]
[198 -83 25]
[198 -84 25]
[198 -67 25]
[198 -88 28]
[198 -80 92]
[198 -82 94]
[198 -80 93]
[198 -81 94]
[198 -76 25]
[198 -74 23]
[198 -88 29]
[199 -81 23]
[199 -78 22]
[199 -77 22]
[199 -86 24]
[199 -84 24]
[199 -90 31]
[199 -88 26]
[199 -86 25]
[199 -90 29]
[199 -89 28]
[199 -83 95]
[199 -79 92]
[199 -80 94]
[199 -79 93]
[199 -81 22]
[199 -85 24]
[199 -89 29]
[199 -82 95]
[199 -75 22]
[199 -76 22]
[199 -82 24]
[199 -82 23]
[199 -88 27]
[199 -80 95]
[199 -73 22]
[199 -66 25]
[199 -79 22]
[199 -88 24]
[199 -87 24]
[200 -88 25]
[200 -86 23]
[200 -89 27]
[200 -78 21]
[200 -76 21]
[200 -81 95]
[200 -81 96]
[200 -83 96]
[200 -83 23]
[200 -83 24]
[200 -83 22]
[200 -77 21]
[200 -79 21]
[200 -82 22]
[200 -91 30]
[200 -90 30]
[200 -91 28]
[200 -79 94]
[200 -79 95]
[200 -79 96]
[200 -78 92]
[200 -84 23]
[200 -89 25]
[200 -89 26]
[200 -88 23]
[200 -89 24]
[200 -75 21]
[200 -80 21]
[200 -84 94]
[200 -84 96]
[200 -73 21]
[200 -74 22]
[200 -74 21]
[200 -81 21]
[201 -90 26]
[201 -90 28]
[201 -85 22]
[201 -84 22]
[201 -85 23]
[201 -75 20]
[201 -78 93]
[201 -92 29]
[201 -91 29]
[201 -90 25]
[201 -90 24]
[201 -78 95]
[201 -79 97]
[201 -86 22]
[201 -79 20]
[201 -80 96]
[201 -82 96]
[201 -89 22]
[201 -80 22]
[201 -80 20]
[201 -92 30]
[201 -84 21]
[201 -83 21]
[201 -89 23]
[201 -90 23]
[201 -82 97]
[201 -81 97]
[201 -80 97]
[201 -85 95]
[201 -84 95]
[201 -77 20]
[201 -78 96]
[201 -84 97]
[201 -83 97]
[201 -85 97]
[201 -90 27]
[201 -82 21]
[201 -81 20]
[201 -82 20]
[201 -78 94]
[202 -83 20]
[202 -78 20]
[202 -85 21]
[202 -80 19]
[202 -81 19]
[202 -84 20]
[202 -91 24]
[202 -86 21]
[202 -87 21]
[202 -87 23]
[202 -74 20]
[202 -74 19]
[202 -76 20]
[202 -80 98]
[202 -81 98]
[202 -77 94]
[202 -88 21]
[202 -88 22]
[202 -89 21]
[202 -78 97]
[202 -90 22]
[202 -91 22]
[202 -83 19]
[202 -82 19]
[202 -85 96]
[202 -85 98]
[202 -84 98]
[202 -77 93]
[202 -77 92]
[202 -91 25]
[202 -91 26]
[202 -91 27]
[202 -77 97]
[202 -77 96]
[202 -78 19]
[202 -76 19]
[202 -77 19]
[202 -83 98]
[202 -93 30]
[202 -77 95]
[202 -93 31]
[202 -93 29]
[202 -92 31]
[203 -92 22]
[203 -92 21]
[203 -92 23]
[203 -76 94]
[203 -76 93]
[203 -76 91]
[203 -78 91]
[203 -77 98]
[203 -76 96]
[203 -76 97]
[203 -81 18]
[203 -82 18]
[203 -88 20]
[203 -87 22]
[203 -82 98]
[203 -85 19]
[203 -84 19]
[203 -76 18]
[203 -74 18]
[203 -93 32]
[203 -85 99]
[203 -83 99]
[203 -76 95]
[203 -75 19]
[203 -79 19]
[203 -90 20]
[203 -90 21]
[203 -89 20]
[203 -91 21]
[203 -79 18]
[203 -79 98]
[203 -78 98]
[203 -87 20]
[203 -92 25]
[203 -86 20]
[203 -85 20]
[203 -80 99]
[203 -78 18]
[203 -79 99]
[203 -81 99]
[203 -94 30]
[203 -94 31]
[203 -91 23]
[203 -92 24]
[204 -81 100]
[204 -82 99]
[204 -82 100]
[204 -80 100]
[204 -91 20]
[204 -92 20]
[204 -75 96]
[204 -93 21]
[204 -86 18]
[204 -84 18]
[204 -85 18]
[204 -75 97]
[204 -76 92]
[204 -82 17]
[204 -83 17]
[204 -89 19]
[204 -77 91]
[204 -75 92]
[204 -78 99]
[204 -75 93]
[204 -75 95]
[204 -93 26]
[204 -92 26]
[204 -94 29]
[204 -75 17]
[204 -90 19]
[204 -93 24]
[204 -93 23]
[204 -78 90]
[204 -88 19]
[204 -87 19]
[204 -93 22]
[204 -79 100]
[204 -86 19]
[204 -76 17]
[204 -80 18]
[204 -80 17]
[204 -84 100]
[204 -83 100]
[204 -75 94]
[205 -89 18]
[205 -74 94]
[205 -74 95]
[205 -90 18]
[205 -88 18]
[205 -94 22]
[205 -84 99]
[205 -86 17]
[205 -87 17]
[205 -74 96]
[205 -94 23]
[205 -80 101]
[205 -81 101]
[205 -79 101]
[205 -84 17]
[205 -83 18]
[205 -83 16]
[205 -81 16]
[205 -93 20]
[205 -76 16]
[205 -74 17]
[205 -82 101]
[205 -93 25]
[205 -93 27]
[205 -92 27]
[205 -94 26]
[205 -81 17]
[205 -94 28]
[205 -83 101]
[205 -91 19]
[205 -85 17]
[205 -77 16]
[205 -75 18]
[205 -77 18]
[205 -85 100]
[205 -85 101]
[205 -84 101]
[205 -79 16]
[205 -80 16]
[205 -87 18]
[206 -74 93]
[206 -91 17]
[206 -89 17]
[206 -91 18]
[206 -79 17]
[206 -94 27]
[206 -94 25]
[206 -95 26]
[206 -84 16]
[206 -78 17]
[206 -76 15]
[206 -80 15]
[206 -82 15]
[206 -81 15]
[206 -95 22]
[206 -94 21]
[206 -95 21]
[206 -93 28]
[206 -84 102]
[206 -94 24]
[206 -75 15]
[206 -77 17]
[206 -74 16]
[206 -86 16]
[206 -85 16]
[206 -88 16]
[206 -82 16]
[206 -95 23]
[206 -95 24]
[206 -87 16]
[206 -92 19]
[206 -93 19]
[206 -94 19]
[206 -88 17]
[206 -79 15]
[206 -78 16]
[206 -83 102]
[206 -82 102]
[206 -80 102]
[206 -81 102]
[206 -92 28]
[207 -74 14]
[207 -76 14]
[207 -74 15]
[207 -94 18]
[207 -94 20]
[207 -93 18]
[207 -96 24]
[207 -79 14]
[207 -83 14]
[207 -81 14]
[207 -83 15]
[207 -91 16]
[207 -92 18]
[207 -77 15]
[207 -78 15]
[207 -95 25]
[207 -90 16]
[207 -80 14]
[207 -78 14]
[207 -77 14]
[207 -88 15]
[207 -87 15]
[207 -86 15]
[207 -96 21]
[207 -96 23]
[207 -82 14]
[207 -89 16]
[207 -89 15]
[207 -96 20]
[207 -95 19]
[208 -75 14]
[208 -75 16]
[208 -93 17]
[208 -95 20]
[208 -96 19]
[208 -96 18]
[208 -95 18]
[208 -85 15]
[208 -87 14]
[208 -75 13]
[208 -77 13]
[208 -79 13]
[208 -84 15]
[208 -81 13]
[208 -89 14]
[208 -90 15]
[208 -90 17]
[208 -91 15]
[208 -97 20]
[208 -97 22]
[208 -97 21]
[208 -96 22]
[208 -86 14]
[208 -82 13]
[208 -97 24]
[208 -92 16]
[208 -92 17]
[208 -97 23]
[208 -83 13]
[208 -97 19]
[208 -90 14]
[209 -91 13]
[209 -92 14]
[209 -93 16]
[209 -98 22]
[209 -74 13]
[209 -76 13]
[209 -88 13]
[209 -87 13]
[209 -88 14]
[209 -80 13]
[209 -82 12]
[209 -84 13]
[209 -83 12]
[209 -84 14]
[209 -91 14]
[209 -77 12]
[209 -78 12]
[209 -78 13]
[209 -76 12]
[209 -95 17]
[209 -98 20]
[209 -94 17]
[209 -85 14]
[209 -94 16]
[209 -85 13]
[209 -98 18]
[209 -98 19]
[209 -98 21]
[210 -79 12]
[210 -80 12]
[210 -88 12]
[210 -89 13]
[210 -90 13]
[210 -92 12]
[210 -90 12]
[210 -99 19]
[210 -97 18]
[210 -99 20]
[210 -99 18]
[210 -76 11]
[210 -78 11]
[210 -77 11]
[210 -94 15]
[210 -95 15]
[210 -83 11]
[210 -82 11]
[210 -81 12]
[210 -81 11]
[210 -96 16]
[210 -95 16]
[210 -86 12]
[210 -85 12]
[210 -86 13]
[210 -93 14]
[210 -92 13]
[210 -93 15]
[210 -99 21]
[210 -75 12]
[211 -100 20]
[211 -100 21]
[211 -84 12]
[211 -97 15]
[211 -97 16]
[211 -96 15]
[211 -96 17]
[211 -94 14]
[211 -80 11]
[211 -91 12]
[211 -100 22]
[211 -99 22]
[211 -98 17]
[211 -100 19]
[211 -95 14]
[211 -93 13]
[211 -94 13]
[211 -77 10]
[211 -75 11]
[211 -80 10]
[211 -81 10]
[211 -78 10]
[211 -79 10]
[211 -79 11]
[211 -82 10]
[211 -83 10]
[211 -84 10]
[211 -93 12]
[211 -91 11]
[211 -89 12]
[211 -88 11]
[211 -87 11]
[211 -86 11]
[211 -85 11]
[212 -81 9]
[212 -80 9]
[212 -77 9]
[212 -78 9]
[212 -100 23]
[212 -89 10]
[212 -89 11]
[212 -88 10]
[212 -87 12]
[212 -87 10]
[212 -90 11]
[212 -101 22]
[212 -101 21]
[212 -97 17]
[212 -98 16]
[212 -99 17]
[212 -86 10]
[212 -101 19]
[212 -100 18]
[212 -101 20]
[212 -101 18]
[212 -98 14]
[212 -98 15]
[212 -96 14]
[212 -76 10]
[212 -82 9]
[212 -92 10]
[212 -84 11]
[212 -85 9]
[212 -84 9]
[212 -83 9]
[212 -76 9]
[212 -93 11]
[212 -97 14]
[212 -94 12]
[213 -83 8]
[213 -75 9]
[213 -101 17]
[213 -102 19]
[213 -100 17]
[213 -78 8]
[213 -77 8]
[213 -79 8]
[213 -97 13]
[213 -99 13]
[213 -98 13]
[213 -95 13]
[213 -95 12]
[213 -95 11]
[213 -90 10]
[213 -90 9]
[213 -76 8]
[213 -96 13]
[213 -88 9]
[213 -87 9]
[213 -99 16]
[213 -81 8]
[213 -94 11]
[213 -94 10]
[213 -93 10]
[213 -80 8]
[213 -82 8]
[213 -91 9]
[213 -92 11]
[213 -91 10]
[213 -92 9]
[213 -99 23]
[213 -85 8]
[213 -85 10]
[213 -84 8]
[213 -102 20]
[213 -100 16]
[213 -102 21]
[213 -86 9]
[213 -86 8]
[213 -75 8]
[214 -89 8]
[214 -103 21]
[214 -103 19]
[214 -98 24]
[214 -78 7]
[214 -79 7]
[214 -87 8]
[214 -95 10]
[214 -93 9]
[214 -100 15]
[214 -99 15]
[214 -101 15]
[214 -86 7]
[214 -85 7]
[214 -102 18]
[214 -102 17]
[214 -101 16]
[214 -91 8]
[214 -92 8]
[214 -82 7]
[214 -83 7]
[214 -90 8]
[214 -89 9]
[214 -96 12]
[214 -96 10]
[214 -84 7]
[214 -81 7]
[214 -94 9]
[214 -100 12]
[214 -98 12]
[214 -75 10]
[214 -103 20]
[215 -85 6]
[215 -86 6]
[215 -84 6]
[215 -103 16]
[215 -103 17]
[215 -103 18]
[215 -104 20]
[215 -96 9]
[215 -95 9]
[215 -102 16]
[215 -82 6]
[215 -98 23]
[215 -87 7]
[215 -104 18]
[215 -88 8]
[215 -88 7]
[215 -93 7]
[215 -93 8]
[215 -92 7]
[215 -102 22]
[215 -81 6]
[215 -80 7]
[215 -90 7]
[215 -95 8]
[215 -89 7]
[215 -101 14]
[215 -99 12]
[215 -100 11]
[215 -97 10]
[215 -97 9]
[215 -91 7]
[215 -102 15]
[215 -97 12]
[215 -97 11]
[215 -96 11]
[215 -99 11]
[215 -79 6]
[216 -105 20]
[216 -104 19]
[216 -105 19]
[216 -92 6]
[216 -105 17]
[216 -98 9]
[216 -97 8]
[216 -96 8]
[216 -91 6]
[216 -100 10]
[216 -101 12]
[216 -101 10]
[216 -101 11]
[216 -95 7]
[216 -94 7]
[216 -94 8]
[216 -96 7]
[216 -83 6]
[216 -84 5]
[216 -88 6]
[216 -87 6]
[216 -98 11]
[216 -98 10]
[216 -104 16]
[216 -104 15]
[216 -102 14]
[216 -103 15]
[216 -102 13]
[216 -100 13]
[216 -86 5]
[216 -85 5]
[216 -80 5]
[216 -81 5]
[216 -82 5]
[216 -80 6]
[216 -99 10]
[216 -79 5]
[216 -78 5]
[217 -97 7]
[217 -80 4]
[217 -81 4]
[217 -105 15]
[217 -105 16]
[217 -104 17]
[217 -83 5]
[217 -103 13]
[217 -101 13]
[217 -82 4]
[217 -83 4]
[217 -87 5]
[217 -103 14]
[217 -95 6]
[217 -94 6]
[217 -78 4]
[217 -79 4]
[217 -77 5]
[217 -78 6]
[217 -86 4]
[217 -102 10]
[217 -100 9]
[217 -93 6]
[217 -85 4]
[217 -99 9]
[217 -98 8]
[217 -96 6]
[217 -102 11]
[217 -102 12]
[217 -104 14]
[217 -89 6]
[217 -106 18]
[217 -106 19]
[217 -105 18]
[217 -90 5]
[217 -92 5]
[217 -99 8]
[217 -87 4]
[217 -93 5]
[217 -91 5]
[218 -103 11]
[218 -103 10]
[218 -80 3]
[218 -100 8]
[218 -82 3]
[218 -84 3]
[218 -83 3]
[218 -84 4]
[218 -104 13]
[218 -92 4]
[218 -105 13]
[218 -105 14]
[218 -106 17]
[218 -107 17]
[218 -106 15]
[218 -106 14]
[218 -90 6]
[218 -91 4]
[218 -87 3]
[218 -89 5]
[218 -89 4]
[218 -90 4]
[218 -78 3]
[218 -77 4]
[218 -79 3]
[218 -77 3]
[218 -76 5]
[218 -76 4]
[218 -77 6]
[218 -95 5]
[218 -101 8]
[218 -86 3]
[218 -85 3]
[218 -98 7]
[218 -97 6]
[218 -93 4]
[218 -94 4]
[218 -94 5]
[218 -88 4]
[218 -88 3]
[218 -103 9]
[218 -101 9]
[218 -88 5]
[219 -76 6]
[219 -98 6]
[219 -99 6]
[219 -92 3]
[219 -89 3]
[219 -90 3]
[219 -91 3]
[219 -82 2]
[219 -84 2]
[219 -106 13]
[219 -104 12]
[219 -102 9]
[219 -80 2]
[219 -78 2]
[219 -98 5]
[219 -96 5]
[219 -106 16]
[219 -108 17]
[219 -107 18]
[219 -108 16]
[219 -88 2]
[219 -107 14]
[219 -107 15]
[219 -87 2]
[219 -81 2]
[219 -93 3]
[219 -85 2]
[219 -86 2]
[219 -103 8]
[219 -105 12]
[219 -81 3]
[219 -101 7]
[219 -102 8]
[219 -76 3]
[219 -75 3]
[219 -75 5]
[219 -96 4]
[219 -95 4]
[219 -99 7]
[220 -106 12]
[220 -86 1]
[220 -91 2]
[220 -105 11]
[220 -102 6]
[220 -100 7]
[220 -102 7]
[220 -74 5]
[220 -97 5]
[220 -83 2]
[220 -82 1]
[220 -84 1]
[220 -83 1]
[220 -76 2]
[220 -74 4]
[220 -75 2]
[220 -93 2]
[220 -92 2]
[220 -94 3]
[220 -97 3]
[220 -96 3]
[220 -97 4]
[220 -99 5]
[220 -104 11]
[220 -106 11]
[220 -75 6]
[220 -103 7]
[220 -100 6]
[220 -88 1]
[220 -79 2]
[220 -79 1]
[220 -104 7]
[220 -104 9]
[220 -107 13]
[220 -108 14]
[220 -90 2]
[220 -89 2]
[220 -109 16]
[220 -107 16]
[220 -80 1]
[220 -77 2]
[221 -103 5]
[221 -101 5]
[221 -95 2]
[221 -97 2]
[221 -87 1]
[221 -89 1]
[221 -89 0]
[221 -90 1]
[221 -92 1]
[221 -104 6]
[221 -104 8]
[221 -100 4]
[221 -85 0]
[221 -80 0]
[221 -81 0]
[221 -103 6]
[221 -105 6]
[221 -91 1]
[221 -108 15]
[221 -98 3]
[221 -96 2]
[221 -101 6]
[221 -78 1]
[221 -105 8]
[221 -105 9]
[221 -100 5]
[221 -76 1]
[221 -77 1]
[221 -82 0]
[221 -81 1]
[221 -107 12]
[221 -108 12]
[221 -108 13]
[221 -84 0]
[221 -94 2]
[221 -73 5]
[221 -73 3]
[221 -73 4]
[221 -103 12]
[221 -105 10]
[221 -104 10]
[221 -109 14]
[221 -109 13]
[221 -83 0]
[221 -93 1]
[221 -98 4]
[221 -110 15]
[221 -110 16]
[221 -106 10]
[222 -99 3]
[222 -96 1]
[222 -98 1]
[222 -105 7]
[222 -102 4]
[222 -102 5]
[222 -111 15]
[222 -111 14]
[222 -110 14]
[222 -83 -1]
[222 -90 -1]
[222 -88 -1]
[222 -89 -1]
[222 -94 1]
[222 -77 0]
[222 -94 0]
[222 -97 1]
[222 -81 -1]
[222 -106 7]
[222 -106 5]
[222 -105 5]
[222 -104 5]
[222 -82 -1]
[222 -72 5]
[222 -74 3]
[222 -72 4]
[222 -72 3]
[222 -72 2]
[222 -74 2]
[222 -79 0]
[222 -80 -1]
[222 -98 2]
[222 -99 4]
[222 -101 3]
[222 -87 0]
[222 -88 0]
[222 -90 0]
[222 -91 0]
[222 -92 0]
[222 -107 11]
[222 -109 11]
[222 -108 11]
[222 -106 9]
[222 -106 8]
[222 -109 17]
[222 -109 15]
[222 -107 9]
[222 -95 3]
[222 -85 1]
[222 -86 0]
[222 -85 -1]
[222 -78 0]
[222 -110 12]
[222 -109 12]
[222 -104 4]
[222 -103 4]
[223 -71 4]
[223 -80 -2]
[223 -79 -2]
[223 -87 -1]
[223 -89 -2]
[223 -99 2]
[223 -99 1]
[223 -86 -1]
[223 -103 3]
[223 -110 13]
[223 -111 13]
[223 -110 11]
[223 -111 12]
[223 -107 10]
[223 -108 8]
[223 -108 10]
[223 -107 8]
[223 -78 -1]
[223 -102 3]
[223 -100 3]
[223 -100 2]
[223 -102 2]
[223 -91 -1]
[223 -90 -2]
[223 -91 -2]
[223 -106 6]
[223 -112 13]
[223 -73 2]
[223 -93 0]
[223 -93 -1]
[223 -95 1]
[223 -77 -1]
[223 -81 -2]
[223 -71 2]
[223 -72 1]
[223 -71 1]
[223 -84 -2]
[223 -82 -2]
[223 -99 0]
[223 -98 0]
[223 -97 0]
[223 -96 0]
[223 -92 -1]
[223 -101 4]
[223 -107 6]
[223 -107 4]
[223 -105 4]
[223 -112 14]
[223 -111 16]
[223 -110 10]
[223 -86 -2]
[223 -84 -1]
[223 -71 3]
[223 -87 -2]
[223 -88 -2]
[224 -89 -3]
[224 -91 -3]
[224 -104 3]
[224 -106 3]
[224 -70 2]
[224 -85 -2]
[224 -108 3]
[224 -108 5]
[224 -106 4]
[224 -108 4]
[224 -107 3]
[224 -85 -3]
[224 -87 -3]
[224 -86 -3]
[224 -111 10]
[224 -109 10]
[224 -111 11]
[224 -108 9]
[224 -94 -2]
[224 -94 -1]
[224 -93 -2]
[224 -70 3]
[224 -95 0]
[224 -98 -1]
[224 -97 -1]
[224 -88 -3]
[224 -70 1]
[224 -112 15]
[224 -104 2]
[224 -100 -1]
[224 -100 0]
[224 -100 1]
[224 -78 -2]
[224 -78 -3]
[224 -80 -3]
[224 -95 -1]
[224 -96 -1]
[224 -108 7]
[224 -107 7]
[224 -92 -2]
[224 -103 2]
[224 -101 2]
[224 -101 1]
[224 -81 -3]
[224 -82 -3]
[224 -109 9]
[224 -112 12]
[224 -99 -1]
[224 -113 12]
[224 -73 1]
[224 -79 -1]
[224 -77 -2]
[224 -70 4]
[224 -90 -3]
[225 -112 11]
[225 -94 -3]
[225 -93 -3]
[225 -97 -2]
[225 -109 3]
[225 -87 -4]
[225 -84 -3]
[225 -105 2]
[225 -106 2]
[225 -91 -4]
[225 -90 -4]
[225 -110 9]
[225 -108 6]
[225 -109 5]
[225 -107 5]
[225 -89 -4]
[225 -104 1]
[225 -109 7]
[225 -109 6]
[225 -77 -3]
[225 -99 -2]
[225 -100 -2]
[225 -98 -2]
[225 -80 -4]
[225 -96 -2]
[225 -105 3]
[225 -105 1]
[225 -79 -3]
[225 -79 -4]
[225 -101 0]
[225 -101 -1]
[225 -113 11]
[225 -114 11]
[225 -107 2]
[225 -92 -3]
[225 -109 4]
[225 -69 4]
[225 -69 3]
[225 -102 1]
[225 -102 0]
[225 -69 0]
[225 -69 2]
[225 -101 -2]
[225 -88 -4]
[225 -86 -4]
[225 -82 -4]
[225 -83 -3]
[225 -83 -4]
[225 -83 -2]
[226 -89 -5]
[226 -114 10]
[226 -112 10]
[226 -69 1]
[226 -113 10]
[226 -101 -3]
[226 -99 -3]
[226 -100 -3]
[226 -87 -5]
[226 -88 -5]
[226 -92 -5]
[226 -90 -5]
[226 -103 0]
[226 -102 -1]
[226 -96 -3]
[226 -70 0]
[226 -68 1]
[226 -84 -4]
[226 -110 4]
[226 -110 5]
[226 -110 3]
[226 -80 -5]
[226 -79 -5]
[226 -81 -5]
[226 -81 -4]
[226 -98 -3]
[226 -97 -3]
[226 -102 -2]
[226 -106 1]
[226 -108 1]
[226 -109 2]
[226 -110 2]
[226 -108 2]
[226 -109 8]
[226 -110 6]
[226 -110 8]
[226 -86 -5]
[226 -85 -5]
[226 -78 -4]
[226 -93 -4]
[226 -95 -4]
[226 -95 -3]
[226 -82 -5]
[226 -84 -5]
[226 -68 3]
[226 -68 2]
[226 -103 1]
[226 -105 0]
[226 -106 0]
[227 -83 -5]
[227 -111 5]
[227 -111 8]
[227 -111 9]
[227 -111 3]
[227 -105 -1]
[227 -106 -1]
[227 -104 -1]
[227 -107 1]
[227 -114 9]
[227 -113 9]
[227 -88 -6]
[227 -89 -6]
[227 -115 10]
[227 -83 -6]
[227 -84 -6]
[227 -94 -5]
[227 -95 -5]
[227 -78 -5]
[227 -87 -6]
[227 -79 -6]
[227 -80 -6]
[227 -92 -4]
[227 -111 6]
[227 -110 1]
[227 -109 1]
[227 -67 3]
[227 -67 2]
[227 -103 -2]
[227 -103 -1]
[227 -103 -3]
[227 -90 -6]
[227 -91 -6]
[227 -67 1]
[227 -100 -4]
[227 -99 -4]
[227 -85 -6]
[227 -85 -4]
[227 -97 -4]
[227 -98 -4]
[227 -102 -4]
[227 -109 0]
[227 -108 0]
[227 -107 0]
[227 -86 -6]
[227 -111 4]
[227 -111 2]
[227 -95 -2]
[227 -94 -4]
[227 -96 -4]
[228 -108 -1]
[228 -111 1]
[228 -112 3]
[228 -112 2]
[228 -89 -7]
[228 -87 -7]
[228 -112 9]
[228 -95 -6]
[228 -96 -6]
[228 -101 -4]
[228 -88 -7]
[228 -86 -7]
[228 -93 -5]
[228 -91 -5]
[228 -94 -6]
[228 -93 -6]
[228 -112 4]
[228 -84 -7]
[228 -83 -7]
[228 -85 -7]
[228 -116 9]
[228 -115 9]
[228 -102 -3]
[228 -104 -3]
[228 -112 8]
[228 -114 8]
[228 -90 -7]
[228 -91 -7]
[228 -92 -7]
[228 -92 -6]
[228 -97 -5]
[228 -98 -5]
[228 -104 0]
[228 -104 -2]
[228 -81 -7]
[228 -81 -6]
[228 -79 -7]
[228 -112 6]
[228 -96 -5]
[228 -115 8]
[228 -113 8]
[228 -106 -2]
[228 -112 5]
[228 -110 7]
[228 -110 0]
[228 -109 -1]
[228 -110 -1]
[228 -80 -7]
[228 -78 -7]
[228 -107 -1]
[228 -78 -6]
[228 -99 -5]
[229 -100 -6]
[229 -100 -5]
[229 -99 -6]
[229 -116 8]
[229 -117 8]
[229 -90 -8]
[229 -114 7]
[229 -113 7]
[229 -89 -8]
[229 -86 -8]
[229 -85 -8]
[229 -92 -8]
[229 -91 -8]
[229 -78 -8]
[229 -77 -7]
[229 -79 -8]
[229 -93 -7]
[229 -108 -2]
[229 -83 -8]
[229 -82 -6]
[229 -112 1]
[229 -111 0]
[229 -88 -8]
[229 -109 -2]
[229 -110 -2]
[229 -95 -7]
[229 -94 -7]
[229 -112 7]
[229 -113 3]
[229 -113 5]
[229 -113 1]
[229 -113 2]
[229 -80 -8]
[229 -81 -8]
[229 -82 -7]
[229 -113 4]
[229 -105 -3]
[229 -105 -2]
[229 -107 -2]
[229 -97 -6]
[229 -98 -6]
[229 -104 -4]
[229 -102 -5]
[229 -101 -5]
[230 -82 -9]
[230 -83 -9]
[230 -84 -9]
[230 -84 -8]
[230 -113 6]
[230 -114 5]
[230 -114 4]
[230 -105 -5]
[230 -103 -4]
[230 -88 -9]
[230 -86 -9]
[230 -87 -8]
[230 -87 -9]
[230 -85 -9]
[230 -100 -7]
[230 -99 -7]
[230 -82 -8]
[230 -114 2]
[230 -113 0]
[230 -102 -6]
[230 -111 7]
[230 -106 -4]
[230 -105 -4]
[230 -77 -8]
[230 -97 -7]
[230 -96 -7]
[230 -98 -7]
[230 -107 -3]
[230 -106 -3]
[230 -80 -9]
[230 -79 -9]
[230 -115 7]
[230 -117 7]
[230 -114 6]
[230 -96 -8]
[230 -94 -8]
[230 -91 -9]
[230 -89 -9]
[230 -78 -9]
[230 -101 -6]
[230 -114 3]
[230 -111 -1]
[230 -111 -3]
[230 -116 7]
[230 -118 7]
[230 -110 -3]
[230 -93 -8]
[231 -107 -4]
[231 -115 2]
[231 -115 1]
[231 -106 -5]
[231 -104 -5]
[231 -111 -2]
[231 -111 -4]
[231 -112 -3]
[231 -115 4]
[231 -86 -10]
[231 -115 5]
[231 -81 -9]
[231 -79 -10]
[231 -78 -10]
[231 -84 -10]
[231 -82 -10]
[231 -101 -8]
[231 -99 -8]
[231 -101 -7]
[231 -115 6]
[231 -85 -10]
[231 -95 -8]
[231 -94 -9]
[231 -90 -10]
[231 -113 -1]
[231 -114 0]
[231 -114 -1]
[231 -97 -8]
[231 -104 -6]
[231 -105 -6]
[231 -81 -10]
[231 -103 -7]
[231 -103 -5]
[231 -103 -6]
[231 -116 6]
[231 -117 6]
[231 -109 -3]
[231 -110 -4]
[231 -109 -4]
[231 -118 6]
[231 -107 -5]
[231 -87 -10]
[231 -89 -10]
[231 -102 -7]
[231 -90 -9]
[231 -92 -9]
[231 -97 -9]
[231 -95 -9]
[231 -98 -8]
[232 -104 -7]
[232 -86 -11]
[232 -118 5]
[232 -87 -11]
[232 -113 -3]
[232 -112 -4]
[232 -113 -2]
[232 -113 -4]
[232 -100 -8]
[232 -99 -9]
[232 -100 -9]
[232 -98 -10]
[232 -98 -9]
[232 -96 -9]
[232 -97 -10]
[232 -96 -10]
[232 -111 -5]
[232 -103 -8]
[232 -102 -8]
[232 -115 0]
[232 -89 -11]
[232 -79 -11]
[232 -116 5]
[232 -116 4]
[232 -116 3]
[232 -109 -5]
[232 -108 -4]
[232 -108 -5]
[232 -108 -3]
[232 -80 -11]
[232 -80 -10]
[232 -82 -11]
[232 -110 -5]
[232 -117 5]
[232 -94 -10]
[232 -95 -10]
[232 -88 -11]
[232 -90 -11]
[232 -88 -10]
[232 -107 -6]
[232 -112 -1]
[232 -112 -2]
[232 -83 -11]
[232 -81 -11]
[232 -83 -10]
[232 -91 -10]
[232 -116 0]
[232 -114 1]
[232 -106 -7]
[233 -93 -11]
[233 -93 -9]
[233 -81 -12]
[233 -114 -4]
[233 -114 -3]
[233 -114 -2]
[233 -95 -11]
[233 -113 -5]
[233 -96 -11]
[233 -94 -11]
[233 -83 -12]
[233 -82 -12]
[233 -84 -11]
[233 -106 -6]
[233 -107 -7]
[233 -90 -12]
[233 -88 -12]
[233 -89 -12]
[233 -115 -1]
[233 -109 -6]
[233 -117 1]
[233 -117 0]
[233 -116 1]
[233 -118 4]
[233 -117 4]
[233 -117 3]
[233 -79 -12]
[233 -80 -12]
[233 -110 -6]
[233 -87 -12]
[233 -85 -12]
[233 -101 -9]
[233 -100 -10]
[233 -91 -12]
[233 -103 -9]
[233 -98 -11]
[233 -97 -11]
[233 -112 0]
[233 -115 3]
[233 -108 -6]
[233 -92 -10]
[233 -92 -11]
[234 -89 -13]
[234 -88 -13]
[234 -95 -12]
[234 -96 -12]
[234 -94 -12]
[234 -93 -10]
[234 -93 -12]
[234 -87 -13]
[234 -86 -13]
[234 -113 -6]
[234 -114 -5]
[234 -97 -12]
[234 -84 -12]
[234 -85 -13]
[234 -81 -13]
[234 -116 2]
[234 -117 2]
[234 -83 -13]
[234 -99 -11]
[234 -98 -12]
[234 -99 -10]
[234 -110 -7]
[234 -111 -7]
[234 -117 -1]
[234 -118 1]
[234 -118 -1]
[234 -116 -1]
[234 -90 -13]
[234 -92 -13]
[234 -91 -13]
[234 -108 -7]
[234 -106 -8]
[234 -118 3]
[234 -105 -7]
[234 -80 -13]
[234 -104 -10]
[234 -103 -10]
[234 -102 -9]
[234 -102 -10]
[234 -109 -7]
[234 -82 -13]
[234 -92 -12]
[234 -101 -11]
[234 -115 -2]
[234 -115 -3]
[235 -118 2]
[235 -90 -14]
[235 -91 -14]
[235 -116 -2]
[235 -109 -8]
[235 -111 -6]
[235 -111 -8]
[235 -88 -14]
[235 -89 -14]
[235 -93 -13]
[235 -94 -13]
[235 -95 -13]
[235 -105 -8]
[235 -86 -14]
[235 -84 -13]
[235 -84 -14]
[235 -110 -8]
[235 -112 -7]
[235 -92 -14]
[235 -99 -12]
[235 -101 -10]
[235 -115 -4]
[235 -116 -3]
[235 -119 1]
[235 -119 0]
[235 -87 -14]
[235 -82 -14]
[235 -105 -9]
[235 -106 -9]
[235 -81 -14]
[235 -80 -14]
[235 -102 -11]
[235 -102 -12]
[235 -101 -12]
[235 -100 -11]
[235 -97 -13]
[235 -104 -11]
[235 -103 -11]
[235 -104 -9]
[235 -99 -13]
[235 -98 -13]
[235 -119 -1]
[235 -118 -2]
[235 -117 -2]
[235 -114 -6]
[235 -114 -7]
[235 -112 -5]
[235 -108 -8]
[235 -86 -12]
[236 -97 -14]
[236 -94 -14]
[236 -103 -12]
[236 -85 -11]
[236 -101 -13]
[236 -81 -15]
[236 -83 -15]
[236 -82 -15]
[236 -83 -14]
[236 -100 -12]
[236 -99 -14]
[236 -80 -15]
[236 -113 -7]
[236 -115 -7]
[236 -93 -14]
[236 -115 -8]
[236 -114 -8]
[236 -85 -15]
[236 -85 -14]
[236 -112 -6]
[236 -95 -14]
[236 -90 -15]
[236 -91 -15]
[236 -105 -11]
[236 -117 -3]
[236 -102 -13]
[236 -98 -14]
[236 -96 -13]
[236 -116 -4]
[236 -115 -5]
[236 -88 -15]
[236 -89 -15]
[236 -118 0]
[236 -117 -4]
[236 -109 -9]
[236 -93 -15]
[236 -86 -15]
[236 -87 -15]
[236 -106 -10]
[236 -105 -10]
[236 -111 -9]
[236 -112 -8]
[236 -104 -8]
[236 -107 -9]
[236 -107 -8]
[237 -100 -13]
[237 -87 -16]
[237 -103 -14]
[237 -102 -14]
[237 -110 -9]
[237 -109 -10]
[237 -108 -10]
[237 -86 -16]
[237 -84 -15]
[237 -84 -16]
[237 -81 -16]
[237 -80 -16]
[237 -118 -4]
[237 -116 -8]
[237 -115 -6]
[237 -99 -15]
[237 -100 -15]
[237 -98 -15]
[237 -82 -16]
[237 -83 -16]
[237 -106 -11]
[237 -97 -15]
[237 -107 -10]
[237 -110 -10]
[237 -112 -9]
[237 -111 -10]
[237 -113 -9]
[237 -96 -14]
[237 -116 -9]
[237 -116 -7]
[237 -115 -9]
[237 -92 -15]
[237 -94 -15]
[237 -94 -16]
[237 -93 -16]
[237 -104 -13]
[237 -90 -16]
[237 -91 -16]
[237 -108 -9]
[237 -116 -5]
[237 -117 -5]
[237 -118 -5]
[237 -95 -15]
[237 -96 -15]
[237 -89 -16]
[237 -85 -16]
[237 -106 -12]
[237 -104 -12]
[237 -107 -11]
[237 -114 -9]
[237 -113 -8]
[238 -117 -10]
[238 -116 -10]
[238 -117 -8]
[238 -115 -10]
[238 -88 -17]
[238 -108 -11]
[238 -83 -17]
[238 -98 -16]
[238 -99 -16]
[238 -100 -14]
[238 -96 -16]
[238 -95 -16]
[238 -97 -16]
[238 -118 -3]
[238 -109 -11]
[238 -110 -11]
[238 -81 -17]
[238 -100 -16]
[238 -85 -17]
[238 -89 -17]
[238 -90 -17]
[238 -92 -16]
[238 -92 -17]
[238 -91 -17]
[238 -114 -10]
[238 -112 -10]
[238 -104 -14]
[238 -103 -13]
[238 -102 -15]
[238 -113 -10]
[238 -101 -14]
[238 -82 -17]
[238 -117 -7]
[238 -117 -6]
[238 -105 -12]
[238 -93 -17]
[238 -94 -17]
[238 -86 -17]
[238 -118 -6]
[238 -119 -5]
[238 -105 -13]
[238 -111 -11]
[238 -105 -14]
[239 -100 -17]
[239 -101 -17]
[239 -101 -15]
[239 -84 -17]
[239 -85 -18]
[239 -84 -18]
[239 -86 -18]
[239 -116 -11]
[239 -119 -6]
[239 -120 -6]
[239 -106 -13]
[239 -106 -14]
[239 -104 -15]
[239 -118 -10]
[239 -117 -9]
[239 -117 -11]
[239 -118 -11]
[239 -119 -2]
[239 -110 -12]
[239 -95 -17]
[239 -96 -17]
[239 -89 -18]
[239 -90 -18]
[239 -103 -15]
[239 -113 -11]
[239 -112 -11]
[239 -81 -18]
[239 -82 -18]
[239 -94 -18]
[239 -93 -18]
[239 -92 -18]
[239 -87 -17]
[239 -87 -18]
[239 -115 -11]
[239 -114 -11]
[239 -118 -7]
[239 -118 -9]
[239 -83 -18]
[239 -116 -6]
[239 -95 -18]
[239 -109 -12]
[239 -103 -16]
[239 -91 -18]
[239 -119 -7]
[239 -98 -17]
[239 -99 -17]
[239 -97 -17]
[239 -88 -18]
[240 -96 -19]
[240 -94 -19]
[240 -95 -19]
[240 -119 -9]
[240 -119 -10]
[240 -119 -8]
[240 -91 -19]
[240 -90 -19]
[240 -92 -19]
[240 -87 -19]
[240 -88 -19]
[240 -104 -16]
[240 -114 -12]
[240 -116 -12]
[240 -115 -12]
[240 -120 -3]
[240 -113 -12]
[240 -98 -18]
[240 -99 -18]
[240 -100 -18]
[240 -105 -15]
[240 -118 -8]
[240 -117 -12]
[240 -118 -12]
[240 -109 -13]
[240 -110 -13]
[240 -111 -12]
[240 -102 -17]
[240 -104 -17]
[240 -84 -19]
[240 -86 -19]
[240 -119 -12]
[240 -97 -18]
[240 -108 -12]
[240 -82 -19]
[240 -89 -19]
[240 -101 -16]
[240 -107 -14]
[240 -101 -18]
[240 -102 -16]
[240 -102 -18]
[240 -96 -18]
[240 -81 -19]
[241 -93 -19]
[241 -95 -20]
[241 -94 -20]
[241 -93 -20]
[241 -90 -20]
[241 -105 -16]
[241 -107 -15]
[241 -107 -13]
[241 -106 -15]
[241 -108 -15]
[241 -108 -13]
[241 -100 -19]
[241 -102 -19]
[241 -120 -9]
[241 -120 -8]
[241 -120 -13]
[241 -120 -11]
[241 -98 -19]
[241 -99 -19]
[241 -103 -19]
[241 -103 -17]
[241 -115 -13]
[241 -114 -13]
[241 -113 -13]
[241 -112 -13]
[241 -106 -16]
[241 -87 -20]
[241 -119 -4]
[241 -119 -3]
[241 -120 -4]
[241 -116 -13]
[241 -117 -13]
[241 -104 -18]
[241 -105 -18]
[241 -112 -12]
[241 -111 -13]
[241 -101 -19]
[241 -118 -13]
[241 -97 -19]
[241 -81 -20]
[241 -88 -20]
[241 -86 -20]
[241 -108 -14]
[241 -109 -14]
[241 -110 -14]
[241 -96 -20]
[241 -120 -10]
[241 -119 -11]
[241 -92 -20]
[241 -83 -19]
[241 -85 -19]
[241 -84 -20]
[241 -83 -20]
[241 -111 -14]
[242 -107 -16]
[242 -98 -20]
[242 -94 -21]
[242 -95 -21]
[242 -93 -21]
[242 -82 -20]
[242 -99 -20]
[242 -105 -17]
[242 -107 -17]
[242 -121 -9]
[242 -120 -7]
[242 -85 -20]
[242 -83 -21]
[242 -89 -21]
[242 -90 -21]
[242 -91 -20]
[242 -104 -19]
[242 -104 -20]
[242 -103 -20]
[242 -102 -20]
[242 -120 -12]
[242 -121 -12]
[242 -121 -11]
[242 -119 -13]
[242 -118 -14]
[242 -117 -14]
[242 -109 -15]
[242 -112 -14]
[242 -107 -12]
[242 -92 -21]
[242 -101 -20]
[242 -89 -20]
[242 -88 -21]
[242 -106 -17]
[242 -85 -21]
[242 -87 -21]
[242 -103 -18]
[242 -105 -19]
[242 -114 -14]
[242 -115 -14]
[242 -113 -14]
[242 -100 -20]
[242 -121 -10]
[242 -121 -13]
[242 -120 -14]
[242 -119 -14]
[242 -84 -21]
[242 -82 -21]
[242 -110 -15]
[242 -96 -21]
[242 -106 -18]
[242 -106 -19]
[242 -86 -21]
[242 -120 -2]
[242 -120 -5]
[243 -81 -21]
[243 -102 -21]
[243 -85 -22]
[243 -84 -22]
[243 -91 -21]
[243 -100 -21]
[243 -111 -15]
[243 -111 -16]
[243 -121 -6]
[243 -121 -5]
[243 -107 -18]
[243 -113 -15]
[243 -112 -15]
[243 -118 -15]
[243 -117 -15]
[243 -116 -15]
[243 -91 -22]
[243 -94 -22]
[243 -120 -15]
[243 -121 -14]
[243 -119 -15]
[243 -107 -19]
[243 -106 -20]
[243 -121 -8]
[243 -104 -21]
[243 -103 -21]
[243 -114 -15]
[243 -90 -22]
[243 -97 -22]
[243 -108 -16]
[243 -121 -7]
[243 -82 -22]
[243 -83 -22]
[243 -108 -18]
[243 -98 -21]
[243 -99 -21]
[243 -115 -15]
[244 -81 -22]
[244 -96 -23]
[244 -97 -21]
[244 -98 -23]
[244 -93 -23]
[244 -95 -23]
[244 -95 -22]
[244 -98 -22]
[244 -116 -14]
[244 -117 -16]
[244 -116 -16]
[244 -108 -17]
[244 -115 -16]
[244 -107 -21]
[244 -105 -20]
[244 -101 -22]
[244 -101 -21]
[244 -97 -20]
[244 -118 -16]
[244 -119 -16]
[244 -91 -23]
[244 -84 -23]
[244 -85 -23]
[244 -81 -23]
[244 -82 -23]
[244 -83 -23]
[244 -109 -19]
[244 -109 -17]
[244 -121 -15]
[244 -121 -16]
[244 -110 -17]
[244 -111 -17]
[244 -103 -22]
[244 -102 -22]
[244 -113 -16]
[244 -107 -20]
[244 -108 -19]
[244 -108 -20]
[245 -97 -24]
[245 -96 -24]
[245 -96 -22]
[245 -108 -21]
[245 -106 -21]
[245 -102 -23]
[245 -100 -22]
[245 -101 -23]
[245 -116 -17]
[245 -120 -16]
[245 -120 -17]
[245 -121 -17]
[245 -99 -23]
[245 -97 -23]
[245 -90 -23]
[245 -90 -24]
[245 -92 -23]
[245 -109 -20]
[245 -117 -17]
[245 -109 -21]
[245 -110 -18]
[245 -84 -24]
[245 -85 -24]
[245 -94 -23]
[245 -106 -22]
[245 -93 -24]
[245 -92 -24]
[245 -93 -22]
[245 -109 -16]
[245 -104 -22]
[245 -103 -23]
[245 -82 -24]
[245 -119 -17]
[245 -112 -16]
[245 -114 -16]
[246 -110 -20]
[246 -110 -21]
[246 -110 -19]
[246 -118 -17]
[246 -116 -18]
[246 -95 -24]
[246 -98 -24]
[246 -89 -24]
[246 -91 -24]
[246 -110 -16]
[246 -100 -23]
[246 -100 -24]
[246 -83 -24]
[246 -84 -25]
[246 -85 -25]
[246 -120 -18]
[246 -119 -18]
[246 -108 -22]
[246 -98 -25]
[246 -94 -24]
[246 -109 -18]
[246 -111 -19]
[246 -102 -24]
[246 -104 -23]
[246 -115 -17]
[246 -117 -18]
[246 -115 -18]
[246 -121 -18]
[246 -107 -23]
[246 -106 -23]
[246 -105 -23]
[246 -86 -23]
[246 -109 -22]
[246 -105 -22]
[246 -92 -22]
[247 -111 -20]
[247 -106 -24]
[247 -111 -21]
[247 -110 -22]
[247 -111 -22]
[247 -99 -25]
[247 -97 -26]
[247 -99 -24]
[247 -87 -24]
[247 -87 -23]
[247 -86 -26]
[247 -107 -22]
[247 -88 -24]
[247 -114 -18]
[247 -103 -25]
[247 -102 -25]
[247 -104 -24]
[247 -84 -26]
[247 -85 -26]
[247 -115 -19]
[247 -116 -19]
[247 -114 -17]
[247 -114 -19]
[247 -120 -19]
[247 -117 -19]
[247 -119 -19]
[247 -118 -19]
[247 -100 -25]
[247 -107 -24]
[248 -107 -25]
[248 -106 -25]
[248 -115 -20]
[248 -118 -20]
[248 -118 -18]
[248 -117 -20]
[248 -116 -20]
[248 -104 -25]
[248 -103 -24]
[248 -96 -26]
[248 -96 -27]
[248 -97 -27]
[248 -98 -26]
[248 -88 -23]
[248 -112 -21]
[248 -111 -23]
[248 -101 -26]
[248 -101 -25]
[248 -88 -25]
[248 -87 -25]
[248 -86 -25]
[248 -119 -20]
[248 -114 -20]
[248 -105 -24]
[249 -89 -25]
[249 -113 -21]
[249 -113 -20]
[249 -110 -24]
[249 -112 -23]
[249 -111 -24]
[249 -95 -26]
[249 -112 -22]
[249 -102 -26]
[249 -98 -28]
[249 -97 -28]
[249 -108 -24]
[249 -108 -26]
[249 -95 -28]
[249 -118 -21]
[250 -114 -21]
[250 -95 -27]
[250 -94 -27]
[250 -103 -26]
[250 -101 -27]
[250 -98 -27]
[250 -110 -25]
[250 -111 -25]
[250 -109 -25]
[250 -96 -29]
[250 -113 -22]
[250 -98 -29]
[250 -107 -27]
[250 -108 -27]
[250 -109 -27]
[251 -109 -26]
[251 -95 -30]
[251 -97 -30]
[251 -96 -30]
[251 -110 -26]
[251 -102 -27]
[252 -96 -31]
[252 -98 -30]
[252 -98 -31]
[252 -97 -29]
[252 -95 -31]
[253 -99 -31]
[253 -95 -32]
[253 -96 -32]
[254 -100 -31]
[254 -100 -32]
[254 -94 -33]
[254 -95 -33]
[254 -97 -32]
[254 -96 -33]
[255 -93 -34]
[255 -93 -32]
[255 -93 -33]
[255 -94 -32]
[255 -98 -32]
[255 -99 -32]
[255 -100 -33]
[255 -100 -30]
[255 -101 -32]
[255 -99 -30]
[256 -102 -33]
[256 -102 -32]
[256 -94 -34]
[256 -92 -33]
[256 -94 -31]
[256 -92 -32]
[256 -101 -34]
[256 -100 -34]
[257 -91 -33]
[257 -91 -34]
[257 -92 -34]
[257 -101 -35]
[257 -102 -34]
[257 -99 -35]
[257 -100 -35]
[257 -103 -32]
[257 -103 -31]
[257 -91 -32]
[258 -90 -34]
[258 -98 -35]
[258 -103 -30]
[258 -104 -31]
[258 -104 -30]
[258 -92 -35]
[258 -90 -33]
[258 -102 -35]
[259 -91 -35]
[259 -105 -30]
[259 -105 -29]
[259 -89 -33]
[259 -89 -35]
[259 -89 -34]
[259 -103 -29]
[259 -104 -32]
[260 -88 -36]
[260 -103 -33]
[260 -104 -29]
[260 -102 -29]
[260 -106 -29]
[260 -90 -36]
[260 -90 -35]
[261 -106 -28]
[261 -102 -30]
[261 -89 -36]
[261 -105 -28]
[261 -89 -37]
[262 -88 -37]
[262 -106 -27]
