WORLD -141 141 -150 150 8.611353409217744 45.96638080295648 25.18713163863888 25.123751497973377
[0 65 47]
[0 65 48]
[0 64 47]
[0 64 48]
[1 64 46]
[1 63 47]
[1 63 49]
[1 64 49]
[1 63 48]
[2 62 49]
[2 63 46]
[2 63 45]
[2 62 46]
[3 62 48]
[3 62 47]
[3 64 45]
[3 64 44]
[3 63 44]
[3 62 45]
[3 62 44]
[3 61 45]
[4 61 44]
[4 63 43]
[4 62 43]
[4 61 43]
[5 60 42]
[5 61 42]
[5 64 43]
[5 60 44]
[5 63 42]
[5 62 42]
[5 60 43]
[6 62 41]
[6 63 41]
[6 64 41]
[6 64 42]
[6 59 43]
[6 60 41]
[6 61 41]
[6 59 42]
[6 59 44]
[7 60 40]
[7 61 40]
[7 65 40]
[7 61 46]
[7 63 40]
[7 62 40]
[7 59 41]
[8 64 39]
[8 58 41]
[8 58 43]
[8 62 39]
[8 61 39]
[8 60 39]
[8 59 40]
[9 65 39]
[9 61 38]
[9 62 38]
[9 59 39]
[10 60 38]
[10 58 39]
[10 58 40]
[10 58 38]
[10 59 38]
[10 57 43]
[10 61 37]
[10 60 37]
[11 57 39]
[11 57 38]
[11 60 45]
[11 62 37]
[11 60 36]
[11 59 37]
[11 63 38]
[11 57 37]
[12 60 35]
[12 58 36]
[12 64 38]
[12 65 41]
[12 58 42]
[12 59 45]
[13 57 40]
[13 58 35]
[13 59 35]
[13 58 44]
[13 59 34]
[13 60 34]
[13 62 36]
[13 61 36]
[14 57 41]
[14 59 33]
[14 61 35]
[14 56 42]
[14 57 35]
[15 58 34]
[15 61 34]
[16 58 32]
[16 63 37]
[17 57 44]
[17 60 33]
[17 56 38]
[17 56 39]
[18 59 32]
[18 60 46]
[18 56 43]
[18 55 39]
[18 56 41]
[19 60 47]
[20 55 40]
[20 59 48]
[21 60 48]
[22 55 37]
[22 55 41]
[22 59 47]
[23 55 38]
[23 61 47]
[23 54 41]
[24 54 37]
[24 53 40]
[24 53 41]
[24 53 42]
[24 58 31]
[25 53 37]
[25 58 48]
[25 52 41]
[25 52 39]
[25 53 39]
[25 52 40]
[26 53 36]
[26 51 40]
[26 51 41]
[26 51 39]
[26 51 38]
[26 58 47]
[27 52 38]
[27 54 36]
[27 57 31]
[27 50 40]
[27 52 43]
[27 58 46]
[28 52 42]
[28 50 37]
[28 51 37]
[28 55 35]
[28 54 35]
[28 54 38]
[29 55 34]
[29 57 30]
[29 53 38]
[29 50 38]
[29 54 34]
[29 54 39]
[30 53 34]
[30 50 36]
[30 52 37]
[30 57 46]
[30 53 35]
[30 49 37]
[30 49 38]
[30 53 43]
[30 57 48]
[30 59 49]
[31 48 38]
[31 57 47]
[31 52 35]
[31 55 33]
[31 54 33]
[31 57 29]
[31 48 37]
[31 57 45]
[32 51 36]
[32 56 29]
[32 48 36]
[32 47 36]
[33 56 49]
[33 56 47]
[33 52 36]
[33 52 34]
[33 55 28]
[33 53 32]
[33 46 35]
[33 51 35]
[34 57 50]
[34 56 50]
[34 55 49]
[34 55 32]
[34 47 39]
[34 52 33]
[34 51 33]
[34 55 48]
[34 45 35]
[34 45 34]
[35 53 31]
[35 52 31]
[35 48 35]
[35 54 48]
[35 54 47]
[35 54 49]
[35 54 28]
[35 56 28]
[35 56 48]
[35 46 34]
[35 44 34]
[35 49 35]
[35 57 49]
[36 53 48]
[36 55 46]
[36 46 38]
[36 51 42]
[36 51 32]
[36 44 33]
[36 51 34]
[36 45 33]
[37 50 33]
[37 53 49]
[37 53 47]
[37 49 34]
[37 46 32]
[37 51 30]
[37 54 27]
[38 43 35]
[38 43 34]
[38 44 32]
[38 50 30]
[38 52 29]
[38 52 47]
[38 58 49]
[38 47 32]
[38 45 31]
[38 58 50]
[38 52 49]
[38 52 30]
[38 54 50]
[39 42 34]
[39 49 33]
[39 52 46]
[39 50 34]
[39 50 32]
[39 44 31]
[40 56 46]
[40 55 27]
[40 48 40]
[40 44 36]
[40 45 37]
[40 46 39]
[40 42 33]
[40 51 28]
[40 52 28]
[40 43 31]
[40 42 35]
[41 48 31]
[41 42 32]
[41 49 32]
[41 48 33]
[41 43 30]
[41 54 30]
[41 42 31]
[42 48 30]
[42 45 38]
[42 43 36]
[42 42 30]
[42 41 31]
[43 41 30]
[43 47 30]
[43 54 26]
[43 49 31]
[44 40 29]
[44 53 26]
[44 55 45]
[45 47 29]
[45 46 29]
[45 44 39]
[45 53 27]
[45 40 30]
[46 43 40]
[46 39 28]
[46 39 29]
[46 53 25]
[47 40 27]
[47 38 27]
[47 43 39]
[47 48 29]
[47 54 45]
[47 52 25]
[47 39 30]
[47 41 28]
[47 46 28]
[48 53 44]
[48 40 28]
[48 46 27]
[48 38 28]
[48 47 28]
[48 37 27]
[49 44 40]
[49 38 26]
[49 36 28]
[49 49 30]
[49 38 29]
[49 52 24]
[49 51 24]
[50 35 29]
[50 38 25]
[50 37 29]
[51 36 29]
[51 54 44]
[51 34 29]
[51 37 25]
[51 38 24]
[51 37 24]
[52 38 23]
[52 34 30]
[52 35 28]
[52 33 29]
[52 37 23]
[52 36 23]
[53 39 23]
[53 35 23]
[53 35 22]
[53 51 23]
[53 33 30]
[53 45 27]
[54 45 26]
[54 35 27]
[54 34 22]
[54 35 24]
[54 36 22]
[54 34 23]
[54 38 22]
[54 37 22]
[55 34 26]
[55 45 28]
[55 33 23]
[55 46 25]
[55 45 25]
[55 44 26]
[55 36 25]
[55 34 24]
[55 35 25]
[56 45 24]
[56 32 29]
[56 35 31]
[56 46 24]
[56 32 22]
[56 33 24]
[56 44 25]
[57 43 24]
[57 35 26]
[57 33 22]
[57 52 26]
[57 40 22]
[57 33 21]
[57 32 21]
[57 31 23]
[57 32 25]
[57 35 32]
[58 40 21]
[58 43 23]
[58 36 32]
[58 30 23]
[58 33 20]
[58 34 21]
[58 31 22]
[58 31 24]
[58 32 26]
[59 40 20]
[59 44 27]
[59 31 27]
[59 33 26]
[59 29 23]
[59 29 24]
[59 30 22]
[60 31 25]
[60 31 26]
[60 28 25]
[60 28 24]
[60 41 22]
[60 42 23]
[60 37 32]
[60 30 21]
[61 27 23]
[61 30 24]
[61 31 20]
[61 32 27]
[61 27 26]
[61 28 26]
[61 47 24]
[62 37 31]
[62 32 19]
[62 29 26]
[62 27 25]
[62 27 27]
[62 27 24]
[62 30 19]
[62 30 20]
[62 26 25]
[62 29 25]
[62 43 25]
[63 29 20]
[63 29 21]
[63 42 24]
[63 40 19]
[63 38 32]
[63 25 24]
[63 48 23]
[64 24 24]
[64 24 23]
[64 24 25]
[64 49 24]
[64 49 23]
[64 50 22]
[65 48 24]
[65 26 28]
[65 50 21]
[65 26 24]
[65 23 26]
[65 23 25]
[65 28 21]
[65 30 18]
[65 48 22]
[65 23 22]
[66 22 25]
[66 24 27]
[66 27 20]
[66 23 23]
[66 23 24]
[66 23 21]
[66 22 23]
[66 24 26]
[67 29 17]
[67 24 22]
[67 22 27]
[67 22 26]
[67 49 25]
[67 51 22]
[67 26 21]
[67 28 19]
[67 26 20]
[67 23 28]
[67 24 28]
[67 23 20]
[67 22 20]
[68 28 18]
[68 23 19]
[68 39 18]
[68 25 22]
[68 27 19]
[68 24 20]
[68 24 19]
[68 49 20]
[68 25 20]
[68 26 19]
[68 21 23]
[68 41 23]
[68 25 21]
[69 25 19]
[69 27 18]
[69 22 21]
[69 21 25]
[69 25 18]
[69 24 29]
[69 21 20]
[69 21 21]
[69 26 18]
[69 27 21]
[69 20 23]
[69 20 24]
[70 26 17]
[70 27 17]
[70 48 20]
[70 19 24]
[70 20 20]
[70 23 30]
[70 20 22]
[70 19 23]
[70 22 28]
[70 22 29]
[71 49 19]
[71 21 19]
[71 23 29]
[71 21 29]
[71 48 25]
[71 47 21]
[71 50 20]
[71 22 30]
[71 20 25]
[72 18 24]
[72 19 25]
[72 27 16]
[72 21 30]
[72 25 16]
[72 26 16]
[72 24 17]
[72 18 23]
[72 49 21]
[73 20 19]
[73 19 19]
[73 20 30]
[73 25 15]
[73 21 31]
[73 17 24]
[73 18 25]
[73 49 18]
[73 38 17]
[73 18 22]
[74 17 22]
[74 17 21]
[74 20 29]
[74 47 19]
[74 21 18]
[74 17 23]
[74 47 20]
[74 19 18]
[74 18 18]
[74 23 17]
[74 19 20]
[74 48 19]
[75 24 15]
[75 39 17]
[75 48 21]
[75 20 18]
[75 16 23]
[75 16 25]
[75 18 17]
[75 17 18]
[75 21 17]
[75 16 22]
[76 16 21]
[76 48 18]
[76 22 17]
[76 21 16]
[76 15 23]
[76 15 21]
[76 17 17]
[76 23 15]
[76 39 16]
[76 16 18]
[76 49 17]
[77 15 22]
[77 16 17]
[77 15 17]
[77 15 18]
[77 17 26]
[77 22 15]
[77 15 20]
[77 17 16]
[77 16 16]
[78 19 28]
[78 14 24]
[78 18 16]
[78 16 26]
[78 47 18]
[78 18 27]
[78 20 16]
[78 21 15]
[78 20 15]
[78 22 14]
[78 14 17]
[78 15 16]
[78 14 18]
[78 39 15]
[78 15 15]
[79 48 17]
[79 21 14]
[79 19 15]
[79 13 23]
[79 13 25]
[79 46 19]
[79 14 20]
[79 14 19]
[79 15 14]
[79 14 16]
[79 19 27]
[79 18 28]
[79 13 18]
[79 13 16]
[79 19 16]
[79 17 15]
[79 23 13]
[79 15 26]
[79 19 31]
[79 20 32]
[79 16 15]
[80 13 20]
[80 14 13]
[80 15 13]
[80 16 13]
[80 14 15]
[80 18 29]
[80 20 27]
[80 47 16]
[80 18 15]
[80 18 32]
[80 19 33]
[80 14 26]
[80 18 14]
[80 12 18]
[80 13 19]
[80 13 17]
[80 22 12]
[80 12 17]
[81 49 26]
[81 14 14]
[81 12 16]
[81 12 15]
[81 19 34]
[81 13 26]
[81 18 13]
[81 11 18]
[81 17 32]
[81 19 14]
[81 14 12]
[81 17 14]
[81 13 24]
[81 17 30]
[81 24 13]
[81 13 21]
[81 12 24]
[81 12 20]
[82 11 14]
[82 12 14]
[82 17 29]
[82 16 27]
[82 18 33]
[82 20 34]
[82 18 35]
[82 20 35]
[82 18 34]
[82 21 12]
[82 13 27]
[82 12 25]
[82 19 13]
[82 13 13]
[82 14 11]
[82 17 12]
[82 12 23]
[82 11 16]
[82 13 22]
[82 11 19]
[82 17 33]
[82 17 31]
[82 16 30]
[82 16 29]
[82 16 31]
[83 17 35]
[83 17 34]
[83 20 13]
[83 20 11]
[83 15 27]
[83 11 13]
[83 11 15]
[83 12 13]
[83 16 32]
[83 11 21]
[83 14 10]
[83 13 10]
[83 11 22]
[83 11 24]
[83 18 11]
[84 11 12]
[84 16 11]
[84 11 20]
[84 10 20]
[84 10 21]
[84 15 28]
[84 13 11]
[84 13 9]
[84 12 10]
[84 17 10]
[85 16 10]
[85 21 34]
[85 21 35]
[85 11 11]
[85 19 10]
[85 9 21]
[85 10 22]
[85 18 9]
[85 10 12]
[85 48 16]
[85 15 9]
[85 10 16]
[85 14 28]
[85 10 13]
[85 14 8]
[86 16 34]
[86 9 12]
[86 38 15]
[86 10 11]
[86 14 7]
[86 13 7]
[86 18 8]
[86 18 10]
[86 48 15]
[86 47 15]
[86 20 36]
[86 21 36]
[86 10 14]
[86 20 10]
[86 8 21]
[86 9 11]
[86 9 17]
[87 16 9]
[87 16 8]
[87 13 8]
[87 21 37]
[87 17 7]
[87 16 33]
[87 9 13]
[87 7 20]
[87 9 22]
[87 8 20]
[87 11 25]
[87 9 23]
[87 19 36]
[87 47 14]
[87 22 35]
[87 8 10]
[87 13 6]
[87 14 6]
[87 9 14]
[87 8 16]
[87 15 7]
[88 15 35]
[88 7 16]
[88 13 5]
[88 12 6]
[88 14 5]
[88 8 24]
[88 20 38]
[88 16 7]
[88 7 19]
[88 8 9]
[88 48 13]
[88 46 13]
[88 8 12]
[88 39 14]
[88 8 18]
[88 10 24]
[88 19 9]
[88 17 6]
[88 18 6]
[88 8 22]
[88 22 37]
[88 8 13]
[88 6 20]
[89 12 4]
[89 13 4]
[89 12 7]
[89 7 17]
[89 21 38]
[89 23 36]
[89 7 24]
[89 7 23]
[89 46 12]
[89 15 4]
[89 15 5]
[89 16 6]
[89 20 37]
[89 18 5]
[89 39 13]
[89 7 8]
[89 8 8]
[89 7 9]
[89 11 7]
[89 11 5]
[89 11 6]
[89 7 21]
[89 7 18]
[89 48 14]
[89 9 15]
[89 16 5]
[89 7 10]
[89 7 11]
[90 6 16]
[90 6 15]
[90 16 4]
[90 14 4]
[90 7 22]
[90 12 3]
[90 15 3]
[90 19 6]
[90 19 5]
[90 9 24]
[90 39 12]
[90 23 37]
[90 6 17]
[90 6 18]
[90 47 13]
[90 9 9]
[90 47 12]
[90 6 22]
[90 9 18]
[90 6 7]
[90 10 5]
[90 5 20]
[91 6 9]
[91 20 4]
[91 5 22]
[91 5 17]
[91 8 14]
[91 39 11]
[91 17 4]
[91 16 3]
[91 15 2]
[91 14 2]
[91 10 8]
[91 5 16]
[91 6 14]
[91 5 15]
[91 37 15]
[91 7 13]
[91 8 23]
[91 11 8]
[91 6 6]
[91 10 25]
[91 24 38]
[91 11 3]
[91 15 33]
[91 24 37]
[91 9 8]
[91 23 38]
[91 20 39]
[92 24 36]
[92 21 39]
[92 24 39]
[92 15 32]
[92 4 19]
[92 20 6]
[92 5 14]
[92 24 35]
[92 10 4]
[92 4 15]
[92 25 37]
[92 6 12]
[92 15 1]
[92 21 5]
[92 19 4]
[92 47 11]
[92 20 40]
[92 5 7]
[92 6 5]
[92 7 6]
[92 7 5]
[93 6 11]
[93 4 13]
[93 14 1]
[93 20 5]
[93 8 5]
[93 13 1]
[93 25 39]
[93 22 6]
[93 10 3]
[93 9 4]
[93 21 3]
[93 4 20]
[93 5 4]
[93 13 2]
[93 25 36]
[93 26 38]
[93 26 36]
[93 5 5]
[93 19 3]
[93 46 10]
[93 46 11]
[93 10 2]
[94 27 39]
[94 3 19]
[94 3 21]
[94 3 20]
[94 8 4]
[94 19 2]
[94 18 2]
[94 5 12]
[94 4 12]
[94 15 0]
[94 14 0]
[94 22 4]
[94 7 4]
[94 4 16]
[94 21 40]
[94 4 3]
[94 21 6]
[94 4 4]
[94 4 6]
[94 4 8]
[94 22 39]
[94 6 21]
[94 22 5]
[94 8 6]
[95 3 5]
[95 7 3]
[95 16 0]
[95 21 2]
[95 22 3]
[95 5 10]
[95 23 4]
[95 27 38]
[95 28 38]
[95 5 19]
[95 3 12]
[95 2 20]
[95 2 19]
[95 3 18]
[95 17 1]
[95 4 22]
[95 26 40]
[95 5 13]
[95 5 3]
[95 14 -1]
[95 4 17]
[95 20 41]
[95 5 2]
[95 14 32]
[96 24 3]
[96 23 3]
[96 4 9]
[96 4 11]
[96 2 22]
[96 39 10]
[96 1 18]
[96 27 36]
[96 4 18]
[96 3 17]
[96 3 16]
[96 22 1]
[96 1 19]
[96 2 13]
[96 4 1]
[96 18 1]
[96 19 1]
[96 13 -1]
[96 23 6]
[96 28 37]
[96 17 0]
[96 15 -1]
[96 16 -1]
[96 4 2]
[96 8 2]
[96 28 39]
[96 3 2]
[96 10 1]
[97 3 1]
[97 25 40]
[97 8 1]
[97 7 1]
[97 23 1]
[97 2 17]
[97 2 18]
[97 2 16]
[97 4 7]
[97 2 1]
[97 19 0]
[97 3 22]
[97 28 36]
[97 25 3]
[97 27 40]
[97 5 0]
[97 1 21]
[97 1 23]
[97 10 0]
[97 12 -1]
[97 14 -2]
[97 12 0]
[97 0 19]
[97 0 20]
[97 2 15]
[97 2 12]
[97 14 31]
[97 17 -1]
[98 2 0]
[98 3 0]
[98 4 0]
[98 2 6]
[98 27 35]
[98 29 37]
[98 28 35]
[98 29 36]
[98 11 -1]
[98 29 40]
[98 8 0]
[98 10 -1]
[98 11 0]
[98 12 -2]
[98 -1 21]
[98 13 -2]
[98 19 -1]
[98 0 22]
[98 0 21]
[98 20 0]
[98 23 0]
[98 47 10]
[98 -1 20]
[98 46 9]
[98 24 4]
[98 24 2]
[98 1 15]
[98 5 1]
[98 28 41]
[98 1 11]
[98 2 23]
[98 5 -1]
[98 7 0]
[98 24 40]
[98 25 2]
[99 1 14]
[99 12 -3]
[99 13 -3]
[99 14 -3]
[99 14 30]
[99 6 0]
[99 0 17]
[99 5 -2]
[99 4 -1]
[99 4 -2]
[99 0 23]
[99 1 17]
[99 1 10]
[99 11 -2]
[99 21 0]
[99 24 5]
[99 27 41]
[99 2 7]
[99 -1 22]
[99 1 13]
[99 21 42]
[99 0 14]
[99 18 -2]
[99 1 -1]
[99 3 -1]
[99 24 1]
[99 11 -3]
[99 30 36]
[99 28 34]
[99 2 11]
[99 23 41]
[99 -2 20]
[99 -2 21]
[99 -2 19]
[99 -1 18]
[99 18 -1]
[99 20 -2]
[99 9 -1]
[99 30 40]
[99 7 -1]
[99 8 -1]
[99 1 22]
[99 -2 22]
[100 11 -4]
[100 -2 18]
[100 -3 19]
[100 1 2]
[100 15 -3]
[100 14 -4]
[100 22 42]
[100 6 -2]
[100 8 -2]
[100 -2 17]
[100 21 -2]
[100 19 -2]
[100 20 -3]
[100 29 42]
[100 29 41]
[100 27 34]
[100 17 -3]
[100 -3 21]
[100 25 4]
[100 2 -1]
[100 0 -1]
[100 4 -3]
[100 0 11]
[100 3 -2]
[100 0 12]
[100 30 41]
[100 26 3]
[100 22 -1]
[100 1 9]
[100 0 13]
[101 -1 13]
[101 -1 12]
[101 16 -4]
[101 16 -3]
[101 2 4]
[101 0 9]
[101 2 9]
[101 -1 17]
[101 28 43]
[101 2 8]
[101 18 -4]
[101 21 -3]
[101 21 -4]
[101 19 -3]
[101 18 -3]
[101 26 4]
[101 -4 18]
[101 -4 20]
[101 -4 19]
[101 12 -5]
[101 11 -5]
[101 -3 17]
[101 30 39]
[101 21 -1]
[101 23 -1]
[101 21 43]
[101 6 -3]
[101 30 38]
[101 24 6]
[101 -4 22]
[101 9 -2]
[101 3 -3]
[101 0 -2]
[101 22 -2]
[101 -1 14]
[101 26 42]
[101 13 -4]
[101 4 -4]
[101 3 -4]
[101 5 -4]
[102 17 -4]
[102 -4 17]
[102 1 -3]
[102 13 -6]
[102 12 -4]
[102 5 -5]
[102 12 -6]
[102 -5 19]
[102 19 -4]
[102 31 40]
[102 -2 14]
[102 -1 15]
[102 22 44]
[102 0 1]
[102 0 3]
[102 0 2]
[102 1 5]
[102 18 -5]
[102 29 43]
[102 -2 11]
[102 0 8]
[102 26 43]
[102 -4 21]
[102 23 43]
[102 27 42]
[103 17 -5]
[103 38 9]
[103 -1 -2]
[103 27 43]
[103 10 -4]
[103 1 16]
[103 14 -5]
[103 25 43]
[103 -6 18]
[103 -5 20]
[103 -4 16]
[103 1 -4]
[103 -1 8]
[103 -3 10]
[103 -2 10]
[103 31 37]
[103 -2 15]
[103 -2 12]
[103 23 45]
[103 -5 21]
[103 20 -4]
[103 -5 18]
[103 -5 17]
[103 11 -7]
[103 4 -5]
[103 6 -6]
[103 26 5]
[103 16 -5]
[103 30 44]
[103 6 -5]
[103 13 -5]
[103 17 -6]
[103 19 -6]
[103 18 -6]
[103 -1 2]
[103 0 0]
[103 0 4]
[103 13 30]
[103 -3 13]
[104 -1 7]
[104 -2 8]
[104 24 42]
[104 14 -7]
[104 1 7]
[104 16 -6]
[104 -7 17]
[104 25 42]
[104 23 44]
[104 -4 11]
[104 -3 9]
[104 -2 9]
[104 4 -6]
[104 14 -6]
[104 15 -6]
[104 0 -4]
[104 10 -5]
[104 -4 12]
[104 -3 14]
[104 19 -7]
[104 12 29]
[104 18 -7]
[104 16 -7]
[104 -2 -3]
[104 -2 -1]
[104 0 5]
[104 0 6]
[104 20 43]
[104 31 44]
[104 31 43]
[104 30 43]
[104 3 -5]
[104 9 -4]
[104 0 7]
[104 7 -4]
[104 7 -6]
[104 -1 10]
[104 -3 11]
[104 1 4]
[104 -5 16]
[104 12 -7]
[104 13 29]
[104 -1 3]
[104 -6 19]
[104 -4 15]
[105 8 -5]
[105 24 43]
[105 24 44]
[105 9 -6]
[105 20 -6]
[105 20 -7]
[105 -4 9]
[105 8 -7]
[105 13 -8]
[105 15 -7]
[105 15 -8]
[105 9 -5]
[105 -4 10]
[105 -4 8]
[105 -3 8]
[105 7 -5]
[105 -1 5]
[105 0 -5]
[105 13 -7]
[105 -1 4]
[105 -2 7]
[105 27 5]
[105 26 6]
[105 -4 14]
[105 -1 6]
[105 -6 20]
[105 17 -8]
[105 16 -8]
[105 2 -5]
[105 -3 0]
[105 -5 13]
[105 -4 13]
[105 24 45]
[105 12 -8]
[105 -5 15]
[105 -5 14]
[106 -6 14]
[106 -6 13]
[106 32 40]
[106 -3 6]
[106 -2 5]
[106 -6 12]
[106 16 -9]
[106 14 -9]
[106 15 -9]
[106 -5 9]
[106 14 -8]
[106 10 -6]
[106 4 -7]
[106 1 -5]
[106 6 -7]
[106 17 -9]
[106 20 -5]
[106 -2 -4]
[106 12 28]
[106 11 -8]
[106 32 43]
[106 12 -9]
[106 1 -6]
[106 -2 4]
[106 -3 -2]
[106 -3 1]
[106 -3 -1]
[106 -4 1]
[106 -5 8]
[106 -5 10]
[106 8 -6]
[106 8 -8]
[106 28 5]
[106 27 6]
[106 19 42]
[107 -2 -2]
[107 11 -9]
[107 10 -8]
[107 12 27]
[107 -3 2]
[107 3 -7]
[107 33 39]
[107 32 39]
[107 -7 15]
[107 18 41]
[107 19 -8]
[107 -7 20]
[107 -7 21]
[107 13 -9]
[107 33 43]
[107 32 42]
[107 29 45]
[107 7 -9]
[107 9 -9]
[107 9 -8]
[107 7 -8]
[107 2 -6]
[107 13 -10]
[107 11 -10]
[107 12 -10]
[107 16 -10]
[107 17 -10]
[107 -5 2]
[107 -5 0]
[107 -3 5]
[107 -4 5]
[107 14 -10]
[107 -6 9]
[107 -6 10]
[107 -6 11]
[107 25 45]
[107 -7 18]
[107 -7 12]
[107 -4 -3]
[107 -4 -1]
[107 0 -6]
[107 18 -9]
[107 2 -7]
[108 37 8]
[108 -1 -6]
[108 10 -9]
[108 -5 -1]
[108 2 -8]
[108 -5 3]
[108 -6 1]
[108 3 -8]
[108 -7 14]
[108 -7 10]
[108 -7 11]
[108 34 42]
[108 34 38]
[108 -2 0]
[108 33 41]
[108 -8 21]
[108 11 -11]
[108 -8 11]
[108 -8 13]
[108 32 44]
[108 18 -10]
[108 -8 14]
[108 -8 15]
[108 1 -7]
[108 6 -8]
[108 6 -9]
[108 -4 -2]
[108 -5 -3]
[108 -7 16]
[108 -8 18]
[108 -4 6]
[108 -5 4]
[108 19 -10]
[108 -7 9]
[108 15 -11]
[108 -3 4]
[108 10 -10]
[108 7 -10]
[108 32 36]
[108 25 46]
[108 24 46]
[108 33 40]
[109 34 39]
[109 2 -9]
[109 34 44]
[109 -4 3]
[109 -8 16]
[109 -7 13]
[109 11 27]
[109 5 -8]
[109 -3 3]
[109 -4 4]
[109 -6 3]
[109 26 47]
[109 25 47]
[109 -8 10]
[109 10 -11]
[109 -5 -2]
[109 -4 -4]
[109 -5 7]
[109 34 41]
[109 33 37]
[109 34 37]
[109 10 -12]
[109 14 -12]
[109 6 -10]
[109 8 -9]
[109 8 -11]
[109 -8 19]
[109 33 42]
[109 32 41]
[109 16 -11]
[109 -6 8]
[109 -9 13]
[109 12 -11]
[109 -9 18]
[109 35 41]
[109 34 43]
[109 35 43]
[110 5 -11]
[110 10 -13]
[110 11 -13]
[110 9 -12]
[110 -6 -1]
[110 -6 6]
[110 26 46]
[110 35 42]
[110 7 -12]
[110 2 -10]
[110 -9 14]
[110 36 40]
[110 36 41]
[110 6 -11]
[110 19 -11]
[110 20 -11]
[110 35 44]
[110 33 36]
[110 -9 16]
[110 -9 17]
[110 -10 14]
[110 35 39]
[110 35 38]
[110 34 45]
[110 28 46]
[110 -7 3]
[110 4 -9]
[110 -5 -4]
[110 15 -13]
[110 14 -13]
[110 27 48]
[110 27 47]
[111 8 -13]
[111 11 -14]
[111 11 -12]
[111 25 48]
[111 26 48]
[111 36 44]
[111 -8 3]
[111 -6 4]
[111 -7 2]
[111 35 37]
[111 9 -13]
[111 -10 12]
[111 -10 15]
[111 -6 -2]
[111 4 -10]
[111 28 47]
[111 30 45]
[111 18 -11]
[111 36 38]
[111 27 46]
[111 36 42]
[111 -4 -5]
[111 -2 -7]
[111 18 -12]
[111 18 42]
[111 36 43]
[111 7 -11]
[111 -9 11]
[111 37 41]
[111 -7 0]
[111 -7 -2]
[111 13 -14]
[111 15 -14]
[111 -7 6]
[111 2 -11]
[111 -5 -5]
[111 1 -9]
[112 1 -10]
[112 37 43]
[112 -7 5]
[112 3 -11]
[112 -5 -6]
[112 29 47]
[112 19 44]
[112 -8 5]
[112 10 -14]
[112 5 -10]
[112 28 48]
[112 17 40]
[112 -8 -1]
[112 -7 -1]
[112 8 -14]
[112 7 -14]
[112 -8 4]
[112 -8 2]
[112 -11 15]
[112 -11 16]
[112 37 7]
[112 -1 -8]
[112 -2 -8]
[112 19 -12]
[112 -10 13]
[112 -7 -3]
[112 14 -15]
[112 38 42]
[113 7 -13]
[113 8 -15]
[113 -10 10]
[113 4 -11]
[113 -9 9]
[113 34 46]
[113 35 46]
[113 27 45]
[113 15 -16]
[113 13 -16]
[113 13 -15]
[113 10 -15]
[113 -11 14]
[113 30 48]
[113 -1 -9]
[113 6 -13]
[113 -5 -7]
[113 -4 -7]
[113 -12 15]
[113 -9 4]
[113 -8 6]
[113 -10 19]
[113 -12 17]
[113 38 43]
[113 36 6]
[113 -3 -6]
[113 37 44]
[113 -8 8]
[113 9 -14]
[113 6 -15]
[113 37 45]
[114 -11 18]
[114 -11 19]
[114 27 49]
[114 9 -15]
[114 36 8]
[114 39 43]
[114 -6 -8]
[114 -5 -8]
[114 -8 -3]
[114 14 -16]
[114 12 -16]
[114 11 -15]
[114 16 -15]
[114 38 44]
[114 39 42]
[114 39 44]
[114 29 48]
[114 -3 -9]
[114 12 -14]
[114 -1 -10]
[114 -9 6]
[114 5 -13]
[114 18 -13]
[114 19 -13]
[114 -13 16]
[114 38 45]
[114 -13 14]
[114 19 43]
[114 3 -12]
[114 36 46]
[114 36 47]
[114 30 49]
[114 30 47]
[114 7 -16]
[114 19 -9]
[114 16 41]
[114 16 39]
[114 -9 3]
[114 -11 10]
[114 5 -16]
[114 5 -14]
[115 -10 4]
[115 -9 5]
[115 15 -15]
[115 -7 -4]
[115 36 45]
[115 7 -15]
[115 -4 -8]
[115 -5 -9]
[115 36 48]
[115 37 48]
[115 37 47]
[115 -13 15]
[115 11 -17]
[115 13 -17]
[115 12 -17]
[115 4 -13]
[115 31 47]
[115 -4 -10]
[115 8 -16]
[115 8 -17]
[115 7 -17]
[115 -9 -1]
[115 17 39]
[115 -9 7]
[115 17 -14]
[115 31 50]
[115 -8 -4]
[115 -2 -6]
[115 5 -15]
[115 -10 8]
[115 -14 13]
[116 -10 6]
[116 14 -17]
[116 -7 -5]
[116 29 49]
[116 12 -18]
[116 11 -18]
[116 -9 -3]
[116 -9 -2]
[116 -6 -9]
[116 -6 -10]
[116 35 7]
[116 4 -15]
[116 6 -16]
[116 4 -16]
[116 30 46]
[116 -11 9]
[116 -12 10]
[116 5 -17]
[116 4 -17]
[116 38 46]
[116 38 47]
[116 8 -18]
[116 18 40]
[116 16 40]
[116 35 48]
[116 35 49]
[116 36 49]
[116 9 -17]
[116 21 -11]
[116 6 -17]
[116 32 46]
[116 30 50]
[116 -3 -10]
[116 -5 -11]
[116 -3 -11]
[116 -4 -9]
[116 -5 -10]
[116 -10 5]
[116 36 7]
[116 11 26]
[116 31 51]
[116 16 38]
[116 7 -18]
[116 6 -18]
[116 -11 8]
[116 -9 0]
[116 37 6]
[116 26 50]
[117 31 48]
[117 32 49]
[117 33 47]
[117 -10 20]
[117 9 -19]
[117 8 -19]
[117 7 -19]
[117 -4 -11]
[117 34 48]
[117 35 6]
[117 16 -16]
[117 27 51]
[117 -2 -12]
[117 38 49]
[117 -7 -11]
[117 -6 -11]
[117 17 -15]
[117 -12 9]
[117 3 -14]
[117 -10 -1]
[117 -10 -2]
[117 6 -19]
[117 -12 7]
[117 5 -19]
[117 -5 -12]
[117 11 -19]
[117 -9 1]
[117 3 -17]
[117 4 -18]
[117 -7 -6]
[117 10 -17]
[118 34 49]
[118 -10 0]
[118 7 -20]
[118 6 -20]
[118 10 -20]
[118 38 50]
[118 38 48]
[118 -11 0]
[118 16 -17]
[118 -13 9]
[118 -13 6]
[118 -11 6]
[118 -12 6]
[118 -9 -5]
[118 -4 -13]
[118 -6 -13]
[118 -4 -12]
[118 -7 -12]
[118 -3 -12]
[118 -1 -12]
[118 3 -18]
[118 3 -16]
[118 -12 8]
[118 -11 5]
[118 10 -19]
[118 -8 -12]
[118 -8 -10]
[118 -8 -11]
[118 -6 -12]
[118 -11 -1]
[118 37 9]
[118 31 52]
[118 33 49]
[118 9 -18]
[118 -7 -9]
[118 -8 -6]
[118 -8 -7]
[118 4 -19]
[118 4 -20]
[118 18 -14]
[118 16 37]
[118 28 52]
[118 28 51]
[118 3 -19]
[118 35 50]
[118 33 48]
[118 8 -20]
[118 21 -12]
[118 2 -16]
[118 -14 12]
[118 -13 12]
[119 8 -21]
[119 6 -21]
[119 -7 -7]
[119 -12 0]
[119 -13 11]
[119 -9 -10]
[119 -9 -11]
[119 7 -21]
[119 -10 2]
[119 -12 -1]
[119 29 53]
[119 29 51]
[119 39 48]
[119 -3 -13]
[119 -2 -13]
[119 36 5]
[119 35 5]
[119 -14 9]
[119 -14 8]
[119 5 -21]
[119 1 -15]
[119 -9 -6]
[119 -5 -14]
[119 -7 -14]
[119 -1 -13]
[119 34 50]
[119 -7 -8]
[119 -8 -8]
[119 -13 8]
[119 -13 7]
[119 -14 5]
[119 -9 -13]
[119 -9 -12]
[119 15 -17]
[119 -9 -7]
[119 -13 5]
[119 -11 3]
[119 9 -21]
[119 -10 -6]
[120 -13 0]
[120 0 -14]
[120 7 -22]
[120 6 -22]
[120 4 -22]
[120 4 -21]
[120 5 -22]
[120 -13 10]
[120 32 52]
[120 -14 4]
[120 -8 -9]
[120 -4 -14]
[120 -2 -14]
[120 8 -22]
[120 9 -20]
[120 -6 -15]
[120 -8 -15]
[120 -7 -15]
[120 28 54]
[120 30 53]
[120 33 50]
[120 -11 -7]
[120 -9 -9]
[120 20 44]
[120 33 51]
[120 -14 6]
[120 -15 4]
[120 9 -22]
[120 -10 -11]
[120 21 -10]
[120 22 -12]
[120 2 -19]
[120 2 -18]
[120 0 -13]
[120 -14 7]
[120 -15 7]
[120 -15 8]
[120 25 51]
[120 -5 -15]
[120 27 53]
[120 -7 -13]
[120 36 4]
[120 35 4]
[120 17 38]
[120 -11 1]
[121 3 -20]
[121 26 52]
[121 -16 9]
[121 -16 7]
[121 36 51]
[121 8 -23]
[121 9 -23]
[121 37 3]
[121 6 -23]
[121 5 -23]
[121 7 -23]
[121 -12 -7]
[121 -10 -8]
[121 -10 -13]
[121 0 -15]
[121 4 -23]
[121 -1 -15]
[121 1 -20]
[121 -15 5]
[121 -3 -15]
[121 27 55]
[121 -11 2]
[121 -5 -16]
[121 -15 3]
[121 -13 -1]
[121 -13 4]
[121 -12 -2]
[121 29 54]
[121 -6 -16]
[121 -7 -16]
[121 -13 1]
[121 -10 -9]
[121 -9 -15]
[121 -8 -16]
[121 -9 -16]
[122 1 -19]
[122 2 -20]
[122 3 -21]
[122 8 -24]
[122 -10 -10]
[122 -10 -15]
[122 7 -24]
[122 6 -24]
[122 4 -24]
[122 3 -24]
[122 5 -24]
[122 -15 9]
[122 -13 3]
[122 -14 3]
[122 39 51]
[122 -14 2]
[122 27 54]
[122 -14 -1]
[122 -3 -16]
[122 26 53]
[122 -16 6]
[122 -13 -2]
[122 -4 -17]
[122 -6 -17]
[122 -4 -16]
[122 -5 -17]
[122 1 -14]
[122 -11 -13]
[122 -12 -8]
[122 -13 -7]
[122 -2 -15]
[122 -16 3]
[122 -16 4]
[122 -8 -17]
[122 0 -12]
[122 35 3]
[122 -16 5]
[122 -16 2]
[122 -15 2]
[122 2 -21]
[122 28 56]
[122 28 55]
[122 36 52]
[122 37 51]
[122 30 55]
[122 38 2]
[122 38 4]
[122 36 2]
[122 38 3]
[122 34 6]
[122 -1 -16]
[123 -11 -8]
[123 35 1]
[123 35 2]
[123 37 1]
[123 37 2]
[123 -16 1]
[123 -17 3]
[123 -13 -6]
[123 -11 -12]
[123 -14 0]
[123 21 -13]
[123 6 -25]
[123 7 -25]
[123 39 2]
[123 5 -25]
[123 -15 0]
[123 -14 1]
[123 25 53]
[123 39 3]
[123 34 7]
[123 -13 -3]
[123 -12 -3]
[123 -13 -9]
[123 -11 -9]
[123 -10 -16]
[123 -14 -3]
[123 -14 -2]
[123 39 4]
[123 -6 -18]
[123 -7 -17]
[123 -9 -18]
[123 -13 2]
[123 33 6]
[123 -11 -6]
[123 29 55]
[123 3 -25]
[123 4 -25]
[123 -11 -15]
[123 38 52]
[123 24 50]
[123 0 -21]
[123 1 -21]
[123 -15 10]
[123 -4 -18]
[123 2 -24]
[124 -13 -4]
[124 -11 -11]
[124 -17 2]
[124 37 0]
[124 -6 -19]
[124 4 -26]
[124 2 -25]
[124 3 -26]
[124 22 -13]
[124 40 4]
[124 34 5]
[124 -11 -4]
[124 -15 -1]
[124 -12 -10]
[124 39 53]
[124 38 51]
[124 39 52]
[124 5 -26]
[124 29 57]
[124 27 56]
[124 38 1]
[124 36 1]
[124 -11 -5]
[124 -5 -18]
[124 -14 -8]
[124 -14 -6]
[124 0 -20]
[124 37 53]
[124 36 53]
[124 34 2]
[124 -16 -1]
[124 34 0]
[124 -12 -14]
[124 23 49]
[124 30 56]
[124 -12 -5]
[124 0 -22]
[124 1 -22]
[124 7 -26]
[124 -16 10]
[124 -8 -18]
[124 -9 -19]
[124 40 2]
[124 -1 -17]
[125 26 55]
[125 40 5]
[125 -17 4]
[125 -12 -12]
[125 2 -26]
[125 7 -27]
[125 6 -26]
[125 6 -27]
[125 -12 -15]
[125 1 -24]
[125 35 0]
[125 -12 -4]
[125 -14 -4]
[125 -15 -2]
[125 -17 -2]
[125 39 1]
[125 -1 -20]
[125 3 -27]
[125 2 -27]
[125 0 -23]
[125 36 0]
[125 36 -1]
[125 4 -27]
[125 5 -27]
[125 38 53]
[125 -5 -19]
[125 -13 -5]
[125 34 3]
[125 40 53]
[125 40 3]
[125 0 -19]
[125 -15 -9]
[125 -1 -18]
[125 0 -18]
[125 -12 -11]
[125 -18 1]
[125 31 55]
[125 -7 -19]
[125 34 1]
[125 33 0]
[125 35 -1]
[125 34 -1]
[125 -13 -10]
[125 -1 -21]
[125 -1 -19]
[125 33 4]
[125 27 57]
[125 28 58]
[125 30 57]
[125 -10 -19]
[126 36 -2]
[126 35 -2]
[126 -18 2]
[126 -18 0]
[126 -19 0]
[126 41 54]
[126 39 54]
[126 31 57]
[126 -10 -20]
[126 -11 -20]
[126 -11 -18]
[126 -9 -20]
[126 -13 -11]
[126 -16 -2]
[126 6 -28]
[126 4 -28]
[126 5 -28]
[126 -2 -21]
[126 -1 -24]
[126 25 52]
[126 25 55]
[126 -14 -10]
[126 -15 -5]
[126 1 -23]
[126 -6 -20]
[126 3 -28]
[126 -16 0]
[126 39 0]
[126 -13 -14]
[126 41 4]
[126 -13 -12]
[126 26 57]
[126 29 59]
[126 2 -28]
[126 1 -28]
[126 37 54]
[126 -1 -22]
[126 -2 -19]
[126 -2 -22]
[126 -4 -20]
[127 2 -29]
[127 4 -29]
[127 -7 -21]
[127 -5 -21]
[127 -7 -20]
[127 32 55]
[127 32 54]
[127 -14 -11]
[127 -1 -23]
[127 25 54]
[127 31 58]
[127 34 -2]
[127 -15 -6]
[127 27 59]
[127 27 58]
[127 -3 -21]
[127 -16 -5]
[127 -11 -19]
[127 -17 -3]
[127 -18 -2]
[127 -18 -3]
[127 -2 -18]
[127 -2 -25]
[127 0 -24]
[127 -2 -24]
[127 40 55]
[127 34 4]
[127 29 58]
[127 26 56]
[127 0 -25]
[127 3 -29]
[127 1 -27]
[127 26 58]
[127 -13 -15]
[127 -14 -14]
[127 42 53]
[127 42 4]
[127 1 -29]
[127 0 -27]
[127 -13 -16]
[127 -9 -21]
[127 -12 -19]
[127 -12 -17]
[127 30 59]
[127 29 60]
[127 5 -29]
[127 24 51]
[128 28 59]
[128 3 -30]
[128 2 -30]
[128 31 59]
[128 42 3]
[128 -16 -6]
[128 -14 -15]
[128 25 56]
[128 6 -30]
[128 4 -30]
[128 -12 -20]
[128 33 -1]
[128 40 -1]
[128 -6 -21]
[128 0 -29]
[128 43 54]
[128 -8 -21]
[128 -12 -18]
[128 33 -2]
[128 41 1]
[128 41 2]
[128 -1 -27]
[128 0 -26]
[128 -1 -28]
[128 0 -28]
[128 25 58]
[128 -16 -4]
[128 -14 -16]
[128 -19 -4]
[128 -18 -4]
[128 26 59]
[128 -3 -24]
[128 -6 -22]
[128 -8 -20]
[128 33 -3]
[128 0 -30]
[128 1 -30]
[128 -17 -4]
[128 -3 -25]
[128 25 59]
[128 37 55]
[129 -7 -22]
[129 -5 -22]
[129 38 55]
[129 36 55]
[129 30 60]
[129 -1 -29]
[129 -1 -30]
[129 1 -31]
[129 -16 -8]
[129 2 -31]
[129 0 -31]
[129 26 60]
[129 33 55]
[129 33 56]
[129 5 -31]
[129 7 -30]
[129 6 -31]
[129 -15 -16]
[129 24 57]
[129 -13 -17]
[129 -13 -19]
[129 -14 -17]
[129 4 -31]
[129 25 60]
[129 32 58]
[129 23 48]
[129 -2 -28]
[129 24 55]
[129 -20 1]
[129 -19 -1]
[129 -5 -23]
[129 -20 -4]
[129 -19 -5]
[129 -17 -5]
[129 -4 -24]
[129 -17 -6]
[129 -17 -7]
[129 40 56]
[129 42 55]
[129 -2 -27]
[129 -18 -5]
[129 43 53]
[129 44 54]
[129 44 55]
[130 45 53]
[130 43 55]
[130 -3 -26]
[130 34 55]
[130 -5 -24]
[130 27 60]
[130 25 61]
[130 -3 -27]
[130 33 59]
[130 33 58]
[130 -2 -29]
[130 1 -32]
[130 2 -32]
[130 7 -31]
[130 40 1]
[130 33 3]
[130 -20 -5]
[130 26 61]
[130 24 59]
[130 24 60]
[130 44 53]
[130 -1 -31]
[130 8 -31]
[130 -2 -30]
[130 32 -3]
[130 -15 -8]
[130 23 50]
[130 0 -32]
[130 41 56]
[130 -20 -1]
[130 -21 0]
[130 37 56]
[130 35 54]
[130 35 56]
[130 -16 -7]
[130 -21 -4]
[130 -19 -6]
[130 -1 -32]
[130 -3 -23]
[130 -17 -9]
[130 -5 -25]
[131 38 57]
[131 43 5]
[131 -4 -27]
[131 -3 -28]
[131 41 53]
[131 -14 -20]
[131 -4 -25]
[131 -6 -25]
[131 -2 -33]
[131 -2 -32]
[131 -1 -33]
[131 0 -33]
[131 -2 -31]
[131 1 -33]
[131 3 -32]
[131 25 62]
[131 -18 -8]
[131 -6 -26]
[131 -5 -26]
[131 6 -32]
[131 45 54]
[131 -18 -7]
[131 41 52]
[131 35 55]
[131 -3 -29]
[131 33 5]
[131 -16 -17]
[131 -16 -15]
[131 -3 -30]
[131 -3 -31]
[131 -9 -22]
[131 -22 0]
[131 -20 2]
[131 3 -33]
[131 2 -33]
[131 34 54]
[131 24 61]
[131 29 61]
[132 -1 -34]
[132 1 -34]
[132 2 -34]
[132 3 -34]
[132 -3 -32]
[132 -3 -33]
[132 36 57]
[132 -15 -13]
[132 -23 0]
[132 -21 1]
[132 40 0]
[132 -4 -31]
[132 -4 -26]
[132 -14 -21]
[132 -15 -20]
[132 -3 -34]
[132 -2 -34]
[132 6 -33]
[132 33 2]
[132 0 -34]
[132 -19 -8]
[132 -19 -7]
[132 4 -34]
[132 -9 -23]
[132 39 -1]
[132 -7 -23]
[132 -6 -27]
[132 -5 -27]
[132 -7 -27]
[132 39 56]
[132 -20 -3]
[132 32 -4]
[132 27 62]
[132 25 63]
[132 24 63]
[132 43 4]
[132 -4 -29]
[133 -6 -28]
[133 -5 -28]
[133 -4 -35]
[133 -4 -33]
[133 -3 -35]
[133 -8 -24]
[133 -4 -32]
[133 3 -35]
[133 2 -35]
[133 1 -35]
[133 33 1]
[133 -18 -10]
[133 -2 -35]
[133 -1 -35]
[133 0 -35]
[133 -4 -30]
[133 24 62]
[133 24 64]
[133 23 62]
[133 -18 -9]
[133 5 -33]
[133 -16 -14]
[133 -4 -34]
[133 37 57]
[133 -8 -26]
[133 -7 -28]
[133 -5 -30]
[133 -13 -21]
[133 -16 -18]
[133 23 56]
[133 31 -4]
[133 22 48]
[133 -20 -8]
[133 -17 -16]
[133 -17 -14]
[133 42 51]
[133 34 58]
[133 -7 -24]
[133 -7 -26]
[133 34 53]
[133 -5 -32]
[133 -15 -22]
[134 -20 -9]
[134 -17 -10]
[134 0 -36]
[134 2 -36]
[134 1 -36]
[134 -15 -19]
[134 -17 -19]
[134 -16 -19]
[134 -10 -24]
[134 -10 -22]
[134 -2 -36]
[134 -4 -36]
[134 43 51]
[134 -8 -25]
[134 -8 -27]
[134 -3 -36]
[134 -5 -34]
[134 -5 -36]
[134 -7 -29]
[134 -5 -35]
[134 -8 -29]
[134 -8 -28]
[134 -16 -12]
[134 -1 -36]
[134 32 -5]
[134 -13 -22]
[134 -20 -7]
[134 -18 -14]
[134 -16 -13]
[134 -6 -29]
[134 -6 -30]
[134 -6 -31]
[134 41 3]
[134 -5 -33]
[134 -6 -32]
[134 -5 -31]
[134 -19 -10]
[134 -18 -11]
[134 -9 -26]
[134 -9 -24]
[134 -9 -25]
[134 35 57]
[135 -9 -29]
[135 -8 -30]
[135 -19 -15]
[135 -16 -20]
[135 24 65]
[135 21 47]
[135 -17 -18]
[135 -2 -37]
[135 0 -37]
[135 -3 -37]
[135 33 -6]
[135 -4 -37]
[135 22 62]
[135 -16 -11]
[135 -9 -27]
[135 -10 -27]
[135 -10 -26]
[135 -1 -37]
[135 -14 -23]
[135 -5 -37]
[135 -19 -11]
[135 -18 -15]
[135 -7 -31]
[135 -7 -33]
[135 -17 -17]
[135 -6 -34]
[135 23 64]
[136 33 -7]
[136 -11 -26]
[136 -11 -27]
[136 -21 -9]
[136 -20 -12]
[136 -18 -12]
[136 -18 -16]
[136 -18 -18]
[136 -3 -38]
[136 -15 -23]
[136 -9 -28]
[136 22 61]
[136 -13 -24]
[136 -1 -38]
[136 -2 -38]
[136 -7 -34]
[136 -19 -14]
[136 0 -38]
[136 -17 -20]
[136 39 -2]
[136 -8 -31]
[136 -5 -38]
[136 -8 -32]
[136 31 -3]
[136 -21 -10]
[136 -24 0]
[136 -24 1]
[136 -4 -38]
[136 -21 -7]
[137 -16 -22]
[137 -22 -10]
[137 -22 -9]
[137 -18 -17]
[137 -4 -39]
[137 -5 -39]
[137 -11 -24]
[137 -12 -25]
[137 -12 -27]
[137 -14 -24]
[137 -16 -24]
[137 -18 -21]
[137 31 -5]
[137 -2 -39]
[137 -3 -39]
[137 -10 -28]
[137 -22 -11]
[137 -1 -39]
[137 -25 0]
[137 -11 -28]
[137 -20 -15]
[137 -20 -14]
[137 25 66]
[137 20 46]
[137 -12 -24]
[137 -9 -32]
[137 -9 -30]
[137 -9 -31]
[137 22 64]
[137 -12 -26]
[137 -6 -38]
[137 -25 1]
[137 -10 -29]
[137 -21 -13]
[138 -11 -25]
[138 -10 -31]
[138 -22 -8]
[138 -6 -39]
[138 -5 -40]
[138 23 65]
[138 -24 -1]
[138 -25 -1]
[138 21 65]
[138 -13 -26]
[138 -8 -35]
[138 -8 -33]
[138 -23 -10]
[138 -12 -28]
[138 -13 -28]
[138 -20 -11]
[138 21 46]
[138 -7 -32]
[138 -22 -12]
[138 -22 -13]
[138 -15 -25]
[138 -14 -25]
[138 -10 -30]
[138 -19 -18]
[138 44 5]
[138 -4 -40]
[138 32 -7]
[138 -12 -29]
[138 -7 -38]
[138 -8 -34]
[138 30 -5]
[138 -26 -1]
[138 -10 -32]
[138 -21 -14]
[138 -21 -16]
[139 -17 -22]
[139 -17 -23]
[139 -17 -21]
[139 -13 -27]
[139 -11 -30]
[139 -11 -32]
[139 -11 -31]
[139 -11 -29]
[139 38 -2]
[139 24 66]
[139 21 64]
[139 -26 -2]
[139 -13 -30]
[139 -13 -29]
[139 -7 -40]
[139 -9 -34]
[139 22 55]
[139 -24 -11]
[139 -7 -36]
[139 -9 -35]
[139 -8 -36]
[139 -7 -39]
[139 -8 -38]
[139 -8 -37]
[139 -8 -39]
[139 -22 -16]
[139 -14 -27]
[139 -16 -26]
[139 -14 -26]
[139 -15 -26]
[139 -23 -9]
[139 -10 -33]
[139 22 66]
[139 -20 -19]
[139 -23 -12]
[139 -22 -7]
[139 21 62]
[139 -14 -28]
[139 -24 2]
[139 -6 -40]
[139 20 65]
[139 20 66]
[139 21 66]
[140 -23 -2]
[140 -23 2]
[140 -10 -35]
[140 44 6]
[140 -8 -40]
[140 -18 -22]
[140 -23 -13]
[140 -14 -29]
[140 -19 -22]
[140 -23 -17]
[140 -23 -16]
[140 20 62]
[140 -19 -19]
[140 19 64]
[140 19 66]
[140 20 64]
[140 -6 -41]
[140 -8 -41]
[140 -12 -32]
[140 23 66]
[140 24 67]
[140 -24 3]
[140 -10 -34]
[140 32 -8]
[140 30 -6]
[140 32 -6]
[140 -20 -20]
[140 -21 -19]
[140 -21 -18]
[140 -9 -39]
[140 -9 -40]
[140 -11 -33]
[140 -7 -41]
[140 -14 -31]
[140 -25 -2]
[140 23 54]
[140 22 54]
[141 -10 -40]
[141 -10 -41]
[141 -19 -23]
[141 -9 -41]
[141 -13 -31]
[141 -24 -16]
[141 -15 -29]
[141 38 -3]
[141 -15 -27]
[141 19 65]
[141 -24 -9]
[141 -18 -23]
[141 18 66]
[141 18 67]
[141 -10 -36]
[141 -10 -38]
[141 -15 -31]
[141 -14 -32]
[141 -15 -32]
[141 -13 -32]
[141 22 53]
[141 -23 -6]
[141 22 56]
[141 -11 -34]
[141 21 67]
[141 -17 -26]
[141 -24 -14]
[141 -24 -18]
[141 -23 -18]
[141 -20 -18]
[141 -12 -34]
[141 23 67]
[141 -13 -33]
[141 -14 -30]
[142 -22 3]
[142 -25 -14]
[142 -15 -33]
[142 -11 -41]
[142 -11 -40]
[142 -25 -16]
[142 -25 -17]
[142 21 55]
[142 18 64]
[142 30 -7]
[142 -9 -42]
[142 -22 -18]
[142 -25 -10]
[142 24 68]
[142 19 63]
[142 -27 -3]
[142 -23 4]
[142 21 60]
[142 -12 -33]
[142 -14 -33]
[142 -16 -29]
[142 -11 -35]
[142 -11 -36]
[142 -23 -7]
[142 -10 -42]
[142 -13 -35]
[142 -24 -7]
[142 -21 -20]
[142 -21 -17]
[142 17 66]
[142 17 68]
[142 22 47]
[142 -23 -19]
[142 -25 -19]
[142 -22 -2]
[142 -11 -37]
[142 23 55]
[142 -11 -42]
[142 -22 -19]
[143 -28 -2]
[143 -27 -4]
[143 -28 -3]
[143 -10 -37]
[143 -18 -26]
[143 -18 -27]
[143 -24 -19]
[143 -15 -34]
[143 -14 -36]
[143 -14 -35]
[143 -26 -20]
[143 -12 -36]
[143 25 69]
[143 -10 -43]
[143 -20 -21]
[143 -23 -20]
[143 -11 -43]
[143 -25 -15]
[143 -24 -13]
[143 31 -9]
[143 -19 -24]
[143 -20 -24]
[143 -23 -3]
[143 -16 -28]
[143 -12 -43]
[143 -23 -15]
[143 -24 -20]
[143 -17 -30]
[143 -16 -30]
[143 -17 -29]
[143 20 68]
[143 17 65]
[143 18 69]
[143 16 69]
[143 16 65]
[143 16 66]
[143 -12 -40]
[143 23 68]
[144 -26 -16]
[144 29 -7]
[144 37 -4]
[144 21 54]
[144 -12 -42]
[144 22 52]
[144 16 67]
[144 -18 -30]
[144 19 70]
[144 -23 -21]
[144 -24 -21]
[144 -25 -21]
[144 -22 -21]
[144 -18 -29]
[144 -13 -37]
[144 -13 -36]
[144 -21 -23]
[144 -21 -25]
[144 -20 -25]
[144 -21 -24]
[144 -11 -44]
[144 -12 -44]
[144 15 69]
[144 15 70]
[144 21 68]
[144 -28 -4]
[144 -15 -37]
[144 -16 -35]
[144 -18 -28]
[144 -19 -28]
[144 -15 -35]
[144 30 -8]
[144 -16 -33]
[144 -16 -34]
[144 -12 -39]
[144 15 64]
[144 15 65]
[144 16 64]
[144 15 66]
[144 -25 -6]
[144 -24 -6]
[144 -25 -7]
[144 17 64]
[144 -29 -3]
[144 20 45]
[144 -12 -35]
[144 -26 -13]
[144 -27 -21]
[144 26 70]
[144 -13 -44]
[144 19 69]
[144 20 59]
[145 19 58]
[145 15 63]
[145 -13 -40]
[145 -11 -38]
[145 -15 -38]
[145 -14 -38]
[145 -22 -22]
[145 -19 -27]
[145 -19 -26]
[145 -19 -29]
[145 -13 -45]
[145 -12 -45]
[145 20 53]
[145 21 52]
[145 19 71]
[145 18 70]
[145 14 66]
[145 14 65]
[145 26 68]
[145 -27 -13]
[145 -29 -5]
[145 -26 -11]
[145 -14 -37]
[145 -24 -22]
[145 -27 -22]
[145 -26 -22]
[145 -27 -17]
[145 -27 -15]
[145 -27 -16]
[145 -26 -15]
[145 -24 -4]
[145 31 -2]
[145 16 71]
[145 -25 -5]
[145 -30 -2]
[145 -30 -4]
[145 -16 -36]
[145 -29 -4]
[145 22 69]
[145 -17 -33]
[145 14 63]
[145 14 64]
[145 31 -10]
[145 -23 -22]
[145 16 70]
[145 14 68]
[145 -22 -23]
[145 21 69]
[145 -14 -44]
[145 -14 -45]
[145 20 69]
[145 -22 -25]
[145 -12 -38]
[145 -13 -38]
[146 -14 -46]
[146 -15 -44]
[146 -15 -36]
[146 -17 -36]
[146 -20 -28]
[146 15 72]
[146 16 72]
[146 17 71]
[146 13 64]
[146 13 63]
[146 -17 -32]
[146 -20 -30]
[146 -20 -29]
[146 -26 -6]
[146 -28 -22]
[146 -28 -21]
[146 -28 -14]
[146 -28 -15]
[146 15 67]
[146 14 69]
[146 31 -11]
[146 -21 -26]
[146 -23 -24]
[146 -22 -26]
[146 -28 -5]
[146 -13 -39]
[146 -18 -34]
[146 -17 -35]
[146 18 71]
[146 -15 -39]
[146 -28 -18]
[146 -27 -18]
[146 13 65]
[146 13 66]
[146 -31 -2]
[146 -29 -1]
[146 -30 -1]
[146 -31 -3]
[146 -19 -30]
[146 20 52]
[146 -25 -23]
[146 -14 -39]
[146 -16 -38]
[146 -16 -37]
[146 -16 -39]
[146 -28 -17]
[146 -31 -4]
[146 -27 -23]
[146 -28 -23]
[146 21 70]
[146 22 70]
[146 -14 -41]
[146 -14 -40]
[146 13 62]
[146 26 69]
[146 38 -4]
[146 -27 -11]
[146 -27 -5]
[147 -22 -27]
[147 -21 -27]
[147 18 72]
[147 -15 -40]
[147 -15 -41]
[147 -27 -24]
[147 -18 -32]
[147 -29 -20]
[147 -18 -37]
[147 -29 -16]
[147 -28 -19]
[147 -27 -12]
[147 -27 -10]
[147 -21 -31]
[147 22 71]
[147 -24 -24]
[147 19 51]
[147 18 57]
[147 -30 -3]
[147 -29 0]
[147 15 73]
[147 -29 -15]
[147 17 72]
[147 -28 -12]
[147 14 62]
[147 12 61]
[147 -21 -30]
[147 -16 -40]
[147 -17 -38]
[147 -19 -34]
[147 -18 -35]
[147 -21 -28]
[147 -28 -13]
[147 20 58]
[147 -32 -3]
[147 12 66]
[147 14 67]
[147 13 67]
[147 12 65]
[147 13 69]
[147 25 68]
[147 -27 -6]
[147 -28 -24]
[147 -29 -24]
[147 -29 -19]
[147 -17 -37]
[147 -23 -25]
[147 -20 -31]
[147 -18 -31]
[147 -27 -7]
[147 -31 0]
[147 30 -12]
[147 -32 -5]
[147 -32 -4]
[147 12 62]
[147 12 64]
[147 12 63]
[147 -24 -23]
[147 21 51]
[147 -15 -42]
[147 -14 -42]
[148 -28 -10]
[148 -22 -30]
[148 -22 -31]
[148 -21 -32]
[148 -22 -32]
[148 12 67]
[148 11 66]
[148 11 65]
[148 45 6]
[148 12 68]
[148 -19 -37]
[148 -18 -38]
[148 -29 -23]
[148 -29 -22]
[148 -19 -35]
[148 -31 -5]
[148 -33 -3]
[148 -33 -5]
[148 21 71]
[148 -22 -24]
[148 -17 -39]
[148 -33 -4]
[148 -17 -41]
[148 -16 -41]
[148 19 72]
[148 -20 -34]
[148 -30 -18]
[148 29 -11]
[148 -24 -26]
[148 14 74]
[148 -16 -43]
[148 -28 -25]
[148 11 63]
[148 11 64]
[148 -22 -28]
[148 -20 -32]
[148 -25 -25]
[148 -19 -33]
[148 -19 -32]
[148 18 51]
[148 -26 -8]
[148 -26 -7]
[148 -28 -7]
[148 -23 -28]
[148 13 68]
[148 -28 -6]
[148 -31 1]
[148 11 62]
[148 19 57]
[148 -19 -36]
[148 21 58]
[148 16 73]
[149 16 74]
[149 12 69]
[149 -25 -24]
[149 10 62]
[149 10 61]
[149 11 61]
[149 10 63]
[149 -18 -33]
[149 -21 -33]
[149 -17 -40]
[149 -31 -1]
[149 -23 -30]
[149 -30 -23]
[149 -32 -2]
[149 10 66]
[149 10 64]
[149 -27 -8]
[149 -21 -34]
[149 -20 -33]
[149 -20 -35]
[149 -31 -17]
[149 -30 -19]
[149 -19 -38]
[149 -29 -11]
[149 -28 -9]
[149 37 -5]
[149 -20 -37]
[149 -20 -36]
[149 -24 -28]
[149 -24 -29]
[149 20 51]
[149 -34 -4]
[149 -34 -5]
[149 11 60]
[149 15 75]
[149 -16 -42]
[149 -17 -42]
[149 -18 -42]
[149 -18 -40]
[149 -18 -39]
[149 -19 -39]
[149 -24 -25]
[149 -25 -26]
[149 21 72]
[149 11 67]
[149 10 65]
[149 10 67]
[149 -30 2]
[149 -32 1]
[149 -29 1]
[149 11 68]
[149 -17 -43]
[149 -29 -25]
[149 -27 -26]
[149 -29 -21]
[149 -20 -38]
[149 12 70]
[150 9 64]
[150 -26 -24]
[150 29 -6]
[150 -21 -37]
[150 29 -13]
[150 -22 -33]
[150 -22 -35]
[150 -21 -35]
[150 -28 -27]
[150 -19 -41]
[150 -24 -31]
[150 -23 -29]
[150 9 68]
[150 9 66]
[150 22 72]
[150 9 63]
[150 9 61]
[150 9 62]
[150 -20 -39]
[150 -21 -38]
[150 -21 -39]
[150 28 -8]
[150 -24 -30]
[150 15 74]
[150 -29 2]
[150 -29 -13]
[150 -29 3]
[150 -31 3]
[150 -19 -40]
[150 -34 -6]
[150 -35 -5]
[150 -35 -6]
[150 -35 -4]
[150 11 70]
[150 11 69]
[150 14 72]
[150 15 76]
[150 14 75]
[150 -31 -24]
[150 27 68]
[150 -30 -10]
[150 -27 -9]
[150 -30 -26]
[150 -32 -18]
[150 -31 -18]
[150 -29 -12]
[150 17 74]
[150 -23 -32]
[150 10 68]
[150 -18 -41]
[150 -29 -10]
[150 -31 -20]
[150 -30 -20]
[150 18 59]
[150 -29 -8]
[150 28 -11]
[150 29 -12]
[150 13 71]
[150 9 60]
[150 9 67]
[150 9 65]
[150 -21 -36]
[150 -22 -34]
[150 -19 -43]
[150 -18 -43]
[150 23 72]
[151 18 74]
[151 -28 2]
[151 -23 -33]
[151 -30 -25]
[151 23 73]
[151 -30 -21]
[151 31 -13]
[151 -31 -22]
[151 -18 -44]
[151 -17 -44]
[151 13 76]
[151 8 64]
[151 20 50]
[151 -20 -40]
[151 -23 -35]
[151 -23 -34]
[151 28 69]
[151 -30 -12]
[151 -22 -36]
[151 -23 -36]
[151 -32 -19]
[151 -32 -20]
[151 -32 -21]
[151 21 73]
[151 -25 -28]
[151 -25 -29]
[151 21 59]
[151 -29 -27]
[151 8 61]
[151 8 63]
[151 8 59]
[151 -32 0]
[151 14 76]
[151 -33 -2]
[151 -32 -1]
[151 -20 -44]
[151 -20 -42]
[151 -20 -43]
[151 -19 -42]
[151 28 -12]
[151 10 60]
[151 -33 -19]
[151 -31 -19]
[151 -22 -37]
[151 -22 -38]
[151 -29 -28]
[151 -27 -28]
[151 -28 -28]
[151 -19 -44]
[151 10 70]
[151 -21 -40]
[151 -36 -5]
[151 -30 -14]
[151 -32 -17]
[151 17 75]
[151 -30 -8]
[151 -30 -7]
[151 -27 -27]
[151 12 72]
[151 12 71]
[151 37 -6]
[151 -31 -21]
[151 10 69]
[151 -31 2]
[151 -31 4]
[151 -20 -41]
[151 8 60]
[151 -36 -6]
[151 -36 -4]
[151 8 66]
[151 8 67]
[151 9 69]
[151 -25 -32]
[151 -25 -31]
[152 -24 -36]
[152 -24 -34]
[152 7 63]
[152 -22 -39]
[152 -28 1]
[152 -27 1]
[152 -28 3]
[152 -27 3]
[152 18 56]
[152 -24 -37]
[152 -23 -37]
[152 -24 -35]
[152 7 64]
[152 8 62]
[152 -34 -1]
[152 -34 -3]
[152 -31 -26]
[152 -21 -42]
[152 30 -11]
[152 -22 -40]
[152 -22 -41]
[152 -33 -1]
[152 28 68]
[152 -32 -16]
[152 7 59]
[152 20 74]
[152 29 -14]
[152 30 -14]
[152 -33 0]
[152 11 71]
[152 -31 -13]
[152 -31 -11]
[152 19 54]
[152 -37 -6]
[152 -37 -5]
[152 -30 4]
[152 -24 -32]
[152 -32 3]
[152 -35 -7]
[152 14 71]
[152 -34 -7]
[152 -32 2]
[152 7 60]
[152 -23 -38]
[152 9 59]
[152 -34 -18]
[152 -34 -20]
[152 8 65]
[152 7 66]
[152 7 67]
[152 7 65]
[152 18 75]
[152 -26 -33]
[152 -26 -32]
[152 8 68]
[152 -33 -16]
[152 -33 -17]
[152 -21 -43]
[152 10 71]
[152 9 70]
[152 -28 -29]
[152 -32 5]
[152 -31 5]
[152 30 -13]
[152 -21 -44]
[152 7 62]
[152 12 77]
[152 12 75]
[152 12 76]
[152 -23 -39]
[152 -27 -29]
[152 11 73]
[152 8 70]
[153 -31 -14]
[153 -27 -34]
[153 -27 -33]
[153 -26 -34]
[153 -25 -33]
[153 -23 -40]
[153 -21 -41]
[153 9 71]
[153 8 71]
[153 -37 -4]
[153 -27 -30]
[153 -22 -43]
[153 -22 -45]
[153 21 74]
[153 21 75]
[153 20 73]
[153 -19 -45]
[153 -36 -7]
[153 17 76]
[153 -32 6]
[153 -33 6]
[153 -33 5]
[153 -31 6]
[153 10 59]
[153 -34 -2]
[153 -38 -7]
[153 -38 -5]
[153 -37 -7]
[153 6 64]
[153 7 68]
[153 11 75]
[153 12 74]
[153 11 74]
[153 -18 -45]
[153 -34 -17]
[153 18 76]
[153 24 71]
[153 -30 5]
[153 -36 -8]
[153 -35 -8]
[153 -35 -3]
[153 13 77]
[153 10 72]
[153 -25 -34]
[153 28 -9]
[153 -24 -38]
[153 -24 -40]
[153 -32 -15]
[153 6 67]
[153 6 65]
[153 6 66]
[153 -35 -18]
[153 -35 -17]
[153 -35 -19]
[153 -25 -38]
[153 13 75]
[153 7 61]
[153 6 59]
[153 -25 -35]
[153 -24 -39]
[153 -32 -27]
[153 -23 -41]
[153 10 73]
[153 10 74]
[153 45 7]
[153 -27 2]
[153 -29 -30]
[153 -28 -30]
[153 -22 -42]
[153 -38 -6]
[153 11 76]
[153 -22 -44]
[153 29 70]
[153 -31 -27]
[153 -32 -13]
[153 18 53]
[153 6 60]
[154 -25 -41]
[154 -25 -39]
[154 6 63]
[154 9 72]
[154 9 74]
[154 -32 -26]
[154 -25 -40]
[154 -25 -37]
[154 10 76]
[154 5 65]
[154 5 66]
[154 -33 -7]
[154 -39 -7]
[154 -39 -6]
[154 -39 -8]
[154 -25 -36]
[154 -34 0]
[154 -34 -9]
[154 6 61]
[154 7 71]
[154 -22 -46]
[154 -23 -44]
[154 -21 -45]
[154 13 72]
[154 24 74]
[154 17 58]
[154 -32 -12]
[154 8 72]
[154 -29 6]
[154 -31 7]
[154 -36 -18]
[154 -23 -45]
[154 -27 -32]
[154 -33 3]
[154 29 69]
[154 -34 5]
[154 20 76]
[154 -28 -31]
[154 -29 -31]
[154 -33 1]
[154 -35 -1]
[154 -26 -35]
[154 9 73]
[154 -33 -28]
[154 -27 -35]
[154 -28 -35]
[154 -28 -33]
[154 -28 -34]
[154 -24 -42]
[154 -31 -7]
[154 -34 -16]
[154 -34 -15]
[154 -33 -15]
[154 -32 -23]
[154 -35 -20]
[154 -39 -5]
[154 5 64]
[154 5 63]
[154 -27 4]
[154 5 59]
[154 5 60]
[154 19 49]
[154 19 77]
[154 17 77]
[154 -30 -30]
[154 14 77]
[154 27 -7]
[154 -26 -39]
[154 6 62]
[154 29 -15]
[154 -23 -43]
[154 12 78]
[154 28 -7]
[155 -34 -8]
[155 18 48]
[155 18 49]
[155 -28 -32]
[155 4 61]
[155 4 59]
[155 4 60]
[155 -25 -43]
[155 -26 -38]
[155 -33 -8]
[155 -32 -8]
[155 -40 -7]
[155 -23 -42]
[155 10 77]
[155 -24 -45]
[155 10 75]
[155 -30 -29]
[155 16 77]
[155 9 75]
[155 -36 -19]
[155 -37 -19]
[155 -30 8]
[155 -31 8]
[155 -38 -8]
[155 -38 -9]
[155 -40 -8]
[155 7 72]
[155 -36 -1]
[155 5 62]
[155 14 78]
[155 15 78]
[155 20 77]
[155 -29 -35]
[155 -29 -34]
[155 28 -14]
[155 12 79]
[155 11 77]
[155 11 79]
[155 11 78]
[155 -36 -21]
[155 -26 -41]
[155 -26 -40]
[155 -27 -40]
[155 13 78]
[155 -27 5]
[155 28 70]
[155 30 -15]
[155 8 74]
[155 8 75]
[155 8 73]
[155 -33 -26]
[155 4 64]
[155 4 63]
[155 9 76]
[155 9 77]
[155 -33 -27]
[155 -34 -28]
[155 17 59]
[155 -29 7]
[155 -28 6]
[155 4 65]
[155 4 66]
[155 -23 -46]
[155 18 54]
[155 -34 2]
[155 26 -7]
[155 5 61]
[155 -27 -36]
[155 -28 -36]
[155 -29 -36]
[155 -29 -33]
[155 -23 -47]
[155 4 62]
[155 7 73]
[155 -35 -10]
[155 20 78]
[155 19 78]
[155 -26 -42]
[155 -38 -3]
[155 -34 -14]
[155 -35 -15]
[155 -34 1]
[156 13 80]
[156 15 77]
[156 -26 -37]
[156 -29 8]
[156 -30 9]
[156 -30 -34]
[156 -28 5]
[156 -26 6]
[156 -27 -41]
[156 -25 -44]
[156 -24 -43]
[156 -26 -44]
[156 -35 -27]
[156 -34 -27]
[156 -34 -29]
[156 -35 -28]
[156 -33 -29]
[156 -41 -6]
[156 -41 -8]
[156 -32 -28]
[156 7 74]
[156 -35 -2]
[156 -24 -46]
[156 -24 -48]
[156 -28 -37]
[156 -27 -37]
[156 -30 -31]
[156 30 70]
[156 -26 -36]
[156 3 60]
[156 3 61]
[156 -33 -12]
[156 30 -16]
[156 28 -16]
[156 21 77]
[156 -32 -7]
[156 -32 8]
[156 -40 -9]
[156 -37 -2]
[156 -27 -42]
[156 -26 -43]
[156 -25 -42]
[156 -24 -41]
[156 3 62]
[156 37 -7]
[156 8 77]
[156 15 79]
[156 26 -8]
[156 3 65]
[156 19 59]
[156 -24 -44]
[156 -38 -20]
[156 -38 -18]
[156 -37 -18]
[156 13 79]
[156 10 78]
[156 17 54]
[156 -30 -37]
[156 -30 -36]
[156 -29 -37]
[156 6 72]
[156 -32 9]
[156 -27 -39]
[156 -28 -40]
[156 -28 -41]
[156 -37 -9]
[156 27 -8]
[156 6 74]
[156 -27 6]
[156 -27 -38]
[156 -33 2]
[156 -35 5]
[156 -25 -46]
[156 -35 -14]
[156 16 58]
[156 -32 -29]
[156 -33 -25]
[156 -36 -11]
[156 12 80]
[156 11 80]
[156 7 75]
[156 -37 -10]
[157 14 79]
[157 -29 -42]
[157 -28 -42]
[157 -29 -41]
[157 -31 -37]
[157 -31 -36]
[157 -26 7]
[157 -28 -38]
[157 -30 -38]
[157 -34 -30]
[157 -33 -30]
[157 -35 -30]
[157 2 63]
[157 8 76]
[157 -34 -25]
[157 -35 3]
[157 -42 -5]
[157 -42 -6]
[157 6 75]
[157 6 76]
[157 7 76]
[157 -38 -11]
[157 4 58]
[157 3 64]
[157 -29 -38]
[157 -24 -47]
[157 -31 10]
[157 -32 10]
[157 -33 8]
[157 -33 10]
[157 -26 -46]
[157 -26 -47]
[157 -34 -26]
[157 -36 -26]
[157 3 63]
[157 -38 -19]
[157 25 -9]
[157 -32 -30]
[157 -28 -39]
[157 -40 -5]
[157 27 -12]
[157 27 -17]
[157 28 -17]
[157 7 77]
[157 2 62]
[157 2 61]
[157 2 60]
[157 9 79]
[157 9 78]
[157 6 58]
[157 -31 -35]
[157 -31 -33]
[157 -30 -35]
[157 -30 -33]
[157 -36 6]
[157 -35 4]
[157 -36 5]
[157 -26 -45]
[157 -25 -45]
[157 6 73]
[157 -27 -43]
[157 -28 -43]
[157 3 59]
[157 -38 -10]
[157 -35 -26]
[157 -36 -10]
[157 -36 -12]
[157 -37 -12]
[157 -39 -21]
[157 -38 -21]
[157 22 76]
[157 13 81]
[157 -28 9]
[157 25 73]
[157 -30 -32]
[157 -31 -32]
[157 -36 -15]
[157 5 74]
[157 5 75]
[157 5 73]
[157 -25 -49]
[157 -25 -48]
[157 -36 -2]
[157 -37 0]
[157 -36 -28]
[157 -38 -1]
[157 -37 -3]
[157 -37 -22]
[157 17 78]
[157 -27 -44]
[157 -27 -45]
[157 -33 -23]
[158 -32 -36]
[158 -32 -38]
[158 12 82]
[158 1 62]
[158 1 61]
[158 1 63]
[158 -40 -20]
[158 -40 -22]
[158 -39 -11]
[158 -38 -12]
[158 -39 -12]
[158 -29 -40]
[158 -36 -27]
[158 -27 -47]
[158 -31 -34]
[158 -31 -38]
[158 -31 -39]
[158 10 81]
[158 -30 -41]
[158 -29 -43]
[158 -30 -42]
[158 -30 -43]
[158 -37 -11]
[158 -43 -5]
[158 -43 -6]
[158 8 79]
[158 -36 -14]
[158 -39 0]
[158 -29 10]
[158 -35 2]
[158 12 81]
[158 14 81]
[158 -27 -48]
[158 -26 -48]
[158 -35 -29]
[158 -37 -17]
[158 -37 5]
[158 -36 4]
[158 -37 6]
[158 -33 -31]
[158 -32 -34]
[158 -28 -44]
[158 -42 -9]
[158 2 64]
[158 -32 -35]
[158 -39 -19]
[158 2 59]
[158 23 76]
[158 5 76]
[158 -41 -5]
[158 -39 -22]
[158 -37 -20]
[158 -36 -29]
[158 -26 -50]
[158 1 60]
[158 -32 -37]
[158 10 79]
[158 4 75]
[158 -34 -31]
[158 -35 -31]
[158 -36 7]
[158 -30 11]
[158 3 58]
[158 6 78]
[158 16 79]
[158 -29 -44]
[158 6 77]
[158 5 77]
[158 20 54]
[158 -37 -29]
[158 -43 -7]
[158 -33 11]
[158 -31 11]
[158 -38 -22]
[158 -38 -23]
[158 -37 -23]
[158 -36 -22]
[158 4 74]
[158 29 -16]
[158 10 80]
[158 1 59]
[158 -27 -46]
[158 -28 -45]
[158 -25 -47]
[158 -29 -39]
[158 14 80]
[158 -36 -25]
[158 22 77]
[158 11 81]
[158 15 59]
[158 18 79]
[158 -36 3]
[158 -35 -24]
[158 -37 -26]
[158 -37 -27]
[158 25 74]
[158 -30 -40]
[158 16 78]
[158 25 72]
[158 18 55]
[159 -41 -20]
[159 -40 -19]
[159 -40 -21]
[159 -41 -21]
[159 -38 6]
[159 7 79]
[159 5 78]
[159 6 79]
[159 21 78]
[159 22 78]
[159 -26 -49]
[159 -27 -50]
[159 2 65]
[159 -37 2]
[159 -28 -48]
[159 -37 -28]
[159 -32 12]
[159 -36 -23]
[159 -31 -40]
[159 1 64]
[159 -36 -13]
[159 15 57]
[159 3 75]
[159 5 58]
[159 -40 -12]
[159 -27 8]
[159 -33 -37]
[159 -33 -39]
[159 -33 -38]
[159 -32 -39]
[159 -30 -44]
[159 -30 -45]
[159 -29 -45]
[159 14 58]
[159 15 58]
[159 -36 -30]
[159 -27 -49]
[159 -41 -23]
[159 -43 -9]
[159 -42 -10]
[159 -42 -8]
[159 -28 8]
[159 8 80]
[159 8 78]
[159 -35 7]
[159 -37 7]
[159 -33 -34]
[159 -32 -33]
[159 -33 -33]
[159 -38 -26]
[159 -38 -27]
[159 4 77]
[159 4 76]
[159 0 59]
[159 -29 11]
[159 -34 8]
[159 -30 -39]
[159 -44 -5]
[159 -44 -7]
[159 -32 -31]
[159 -38 5]
[159 15 80]
[159 15 81]
[159 -33 -35]
[159 -34 -32]
[159 -40 -1]
[159 -40 0]
[159 -33 -32]
[159 17 80]
[159 18 80]
[159 -31 -43]
[159 -31 -41]
[159 26 75]
[159 0 58]
[159 -38 -16]
[159 20 49]
[159 -32 -32]
[159 -37 -14]
[159 -36 2]
[159 -31 -44]
[159 13 82]
[159 12 83]
[159 13 83]
[159 36 -8]
[159 -28 -46]
[159 16 80]
[159 17 79]
[159 -44 -8]
[159 -44 -4]
[159 10 82]
[159 26 72]
[159 17 48]
[159 -38 -24]
[159 0 62]
[159 -37 -25]
[159 -38 -29]
[159 -27 10]
[159 24 75]
[159 3 76]
[159 0 61]
[159 27 -9]
[160 -30 12]
[160 14 57]
[160 -43 -8]
[160 3 77]
[160 2 76]
[160 2 77]
[160 -39 -29]
[160 -38 -30]
[160 -33 -36]
[160 -34 -35]
[160 -34 -36]
[160 -41 -1]
[160 26 76]
[160 27 76]
[160 -38 -25]
[160 11 82]
[160 -28 -49]
[160 7 78]
[160 14 59]
[160 -39 7]
[160 -39 5]
[160 -31 -46]
[160 -29 -46]
[160 -31 -45]
[160 14 82]
[160 7 80]
[160 -35 1]
[160 -40 -13]
[160 -28 11]
[160 -26 10]
[160 -40 1]
[160 -32 -43]
[160 -32 -42]
[160 -31 -42]
[160 9 81]
[160 26 74]
[160 -32 -40]
[160 -41 -22]
[160 1 58]
[160 -1 57]
[160 15 82]
[160 5 79]
[160 -43 -3]
[160 4 79]
[160 -36 -32]
[160 -29 -48]
[160 -29 -47]
[160 -32 -41]
[160 4 78]
[160 -40 -11]
[160 -41 -24]
[160 -40 -24]
[160 36 -7]
[160 -34 -39]
[160 -34 -37]
[160 -34 -38]
[160 -35 -23]
[160 16 81]
[160 -43 -10]
[160 -30 -46]
[160 -28 -47]
[160 -42 -21]
[160 -42 -19]
[160 0 60]
[160 -32 -45]
[160 -32 -44]
[160 13 84]
[160 19 80]
[160 3 78]
[160 -39 -23]
[160 13 57]
[160 13 58]
[160 -35 -33]
[160 -45 -8]
[160 -32 13]
[160 -45 -7]
[160 -37 4]
[160 -38 4]
[160 -38 -28]
[160 -38 8]
[160 -39 -27]
[160 -39 -25]
[160 -38 -15]
[160 -39 -17]
[160 -39 -15]
[160 11 83]
[160 -41 -19]
[160 24 77]
[160 -38 -14]
[160 -33 -40]
[160 16 49]
[161 -41 -14]
[161 28 -13]
[161 2 58]
[161 25 76]
[161 28 -10]
[161 8 81]
[161 -42 -22]
[161 -41 -11]
[161 11 84]
[161 -33 -45]
[161 -33 -43]
[161 -28 10]
[161 14 84]
[161 12 85]
[161 14 85]
[161 12 84]
[161 -46 -9]
[161 -45 -9]
[161 -46 -8]
[161 3 80]
[161 3 79]
[161 5 80]
[161 9 82]
[161 -41 1]
[161 -40 2]
[161 25 77]
[161 26 77]
[161 -39 -14]
[161 -40 -15]
[161 -40 -16]
[161 -37 3]
[161 -38 3]
[161 -32 -46]
[161 -35 -37]
[161 -35 -38]
[161 -39 -28]
[161 -40 -28]
[161 -39 3]
[161 -42 0]
[161 -38 -31]
[161 -37 -31]
[161 14 56]
[161 15 56]
[161 -40 5]
[161 -40 4]
[161 -40 6]
[161 12 56]
[161 12 57]
[161 -45 -3]
[161 -33 13]
[161 18 81]
[161 -33 -44]
[161 -40 8]
[161 1 77]
[161 25 78]
[161 24 76]
[161 -40 -30]
[161 -33 -41]
[161 -38 9]
[161 -26 9]
[161 -30 -47]
[161 -31 -47]
[161 -34 -40]
[161 14 83]
[161 -35 -12]
[161 -33 -42]
[161 -37 -32]
[161 2 78]
[161 2 79]
[161 -25 9]
[161 -35 -39]
[161 10 84]
[161 27 75]
[161 -43 -2]
[161 -44 -3]
[161 -30 -48]
[161 -42 -11]
[161 -44 -10]
[161 6 80]
[161 1 78]
[161 9 80]
[161 -39 -26]
[161 -28 12]
[161 -31 13]
[161 -29 13]
[161 -34 -41]
[161 -30 -49]
[161 -32 14]
[162 -39 -31]
[162 12 58]
[162 15 83]
[162 13 85]
[162 4 81]
[162 5 81]
[162 -42 -1]
[162 -41 3]
[162 -40 -14]
[162 -41 4]
[162 -43 -19]
[162 -35 -41]
[162 -35 -42]
[162 -34 -42]
[162 -41 -12]
[162 -42 -12]
[162 -34 -43]
[162 17 81]
[162 -40 3]
[162 -40 -29]
[162 16 82]
[162 -30 -50]
[162 -31 -50]
[162 0 57]
[162 -44 -2]
[162 -27 11]
[162 26 78]
[162 27 77]
[162 19 81]
[162 -40 7]
[162 -40 9]
[162 -41 8]
[162 -45 -10]
[162 -47 -9]
[162 -41 -17]
[162 -43 -22]
[162 27 -18]
[162 -30 13]
[162 -38 -32]
[162 -28 13]
[162 -44 -11]
[162 -35 -40]
[162 12 55]
[162 13 56]
[162 11 55]
[162 11 57]
[162 15 85]
[162 -33 14]
[162 -41 -31]
[162 -41 -30]
[162 -33 -46]
[162 -41 -28]
[162 -41 -29]
[162 -32 -47]
[162 13 86]
[162 28 75]
[162 9 83]
[162 -40 -26]
[162 1 79]
[162 -39 -16]
[162 10 85]
[162 -34 -45]
[162 -32 -48]
[162 -31 -48]
[162 -37 9]
[162 -38 10]
[162 -42 1]
[162 -2 57]
[162 3 81]
[162 -36 -38]
[162 -35 -36]
[162 28 74]
[162 2 80]
[162 1 80]
[162 -26 8]
[162 -25 10]
[162 29 -18]
[162 -43 1]
[162 -43 -1]
[162 -43 0]
[162 -41 -15]
[162 13 55]
[162 14 55]
[162 15 55]
[162 -44 -1]
[162 -36 -39]
[162 -36 -40]
[162 17 82]
[162 25 -10]
[162 -38 -33]
[162 9 84]
[163 -1 56]
[163 1 56]
[163 -45 -11]
[163 -46 -11]
[163 -42 -17]
[163 -41 -16]
[163 -42 -18]
[163 -41 7]
[163 -37 -40]
[163 -35 -46]
[163 -34 -46]
[163 -35 -45]
[163 -40 -17]
[163 -42 -14]
[163 14 87]
[163 7 82]
[163 8 82]
[163 7 81]
[163 -36 -41]
[163 -37 -39]
[163 -37 -41]
[163 -35 -43]
[163 -31 15]
[163 -43 -23]
[163 27 -19]
[163 -42 5]
[163 -42 4]
[163 11 56]
[163 0 79]
[163 -32 -51]
[163 -32 -49]
[163 -32 -50]
[163 0 78]
[163 0 80]
[163 -37 -37]
[163 10 54]
[163 10 56]
[163 28 76]
[163 -46 -7]
[163 5 82]
[163 -32 15]
[163 -34 14]
[163 -42 -29]
[163 10 83]
[163 -41 5]
[163 -42 9]
[163 -33 -47]
[163 -35 -35]
[163 26 79]
[163 -43 -12]
[163 8 83]
[163 16 83]
[163 18 82]
[163 46 7]
[163 -36 -37]
[163 -45 -12]
[163 -45 -2]
[163 -44 0]
[163 -40 -31]
[163 -42 -13]
[163 -42 -27]
[163 15 84]
[163 15 86]
[163 23 79]
[163 29 -17]
[163 -42 -31]
[163 -44 1]
[163 27 73]
[163 15 49]
[163 -34 -44]
[163 -41 -26]
[163 4 80]
[163 -40 -32]
[163 -41 -32]
[163 -31 -51]
[163 -30 -51]
[163 10 86]
[163 11 86]
[163 -36 -36]
[163 -31 -49]
[163 20 82]
[164 -34 15]
[164 -43 5]
[164 -43 6]
[164 -42 6]
[164 -41 -27]
[164 -38 -39]
[164 17 55]
[164 -36 -46]
[164 -34 -47]
[164 -36 -47]
[164 -36 -45]
[164 -45 1]
[164 -36 -44]
[164 -35 -44]
[164 -37 -38]
[164 -41 10]
[164 10 57]
[164 10 55]
[164 22 79]
[164 -33 -49]
[164 9 53]
[164 9 54]
[164 -38 -40]
[164 -38 -38]
[164 -37 -34]
[164 -39 -34]
[164 -45 -1]
[164 6 81]
[164 -44 -12]
[164 -45 -13]
[164 -44 -13]
[164 -33 -48]
[164 17 53]
[164 16 87]
[164 1 57]
[164 -42 -28]
[164 -43 -26]
[164 -43 -27]
[164 -42 -26]
[164 -3 56]
[164 -30 15]
[164 -42 -30]
[164 -47 -11]
[164 -30 -52]
[164 -42 10]
[164 25 80]
[164 -43 -18]
[164 -43 -30]
[164 -43 -13]
[164 11 85]
[164 -43 3]
[164 7 84]
[164 0 55]
[164 1 55]
[164 -36 -42]
[164 21 82]
[164 20 83]
[164 19 82]
[164 9 55]
[164 9 56]
[164 8 84]
[164 -27 14]
[164 -37 -42]
[164 -44 -20]
[164 12 86]
[164 -1 80]
[164 -1 79]
[164 16 86]
[164 14 86]
[164 16 85]
[164 -33 -50]
[164 -31 -52]
[164 -32 -52]
[164 12 87]
[164 -38 -41]
[164 -38 -42]
[164 6 82]
[164 4 83]
[164 11 87]
[164 9 85]
[164 9 86]
[164 -44 -22]
[164 -44 -21]
[164 2 81]
[164 4 82]
[164 15 88]
[164 -36 -43]
[165 -37 -43]
[165 -38 -43]
[165 -36 -35]
[165 -43 7]
[165 1 54]
[165 -43 8]
[165 -37 -45]
[165 -37 -44]
[165 -37 -46]
[165 -45 -21]
[165 8 56]
[165 8 55]
[165 8 54]
[165 -33 -51]
[165 -46 -12]
[165 -38 -37]
[165 -39 -39]
[165 19 83]
[165 7 83]
[165 17 84]
[165 16 84]
[165 17 85]
[165 -34 16]
[165 -35 16]
[165 17 86]
[165 17 88]
[165 -45 -14]
[165 -43 -14]
[165 -44 -14]
[165 22 82]
[165 22 81]
[165 22 83]
[165 6 84]
[165 6 83]
[165 -44 4]
[165 -35 -47]
[165 8 53]
[165 16 47]
[165 17 47]
[165 11 88]
[165 10 88]
[165 -1 55]
[165 -1 54]
[165 9 87]
[165 21 80]
[165 22 80]
[165 0 81]
[165 8 85]
[165 -44 -30]
[165 -43 -31]
[165 -43 -28]
[165 -42 11]
[165 -28 15]
[165 -39 -43]
[165 -43 -17]
[165 -44 -18]
[165 15 87]
[165 -46 -14]
[165 15 50]
[165 -31 -53]
[165 -35 -48]
[165 -34 -48]
[165 -44 6]
[165 14 49]
[165 -39 -42]
[165 -39 -40]
[165 -43 -29]
[165 -39 -41]
[165 -37 -36]
[165 11 54]
[165 -43 -24]
[165 -34 -50]
[165 -45 -23]
[165 5 83]
[165 -37 -48]
[165 -37 -47]
[165 26 80]
[165 27 80]
[165 -2 81]
[165 -2 80]
[165 -44 5]
[165 -44 7]
[165 -39 -35]
[165 -30 -53]
[165 13 87]
[165 13 88]
[165 19 84]
[165 3 83]
[165 3 82]
[165 -47 -12]
[165 -39 10]
[165 -26 12]
[166 -44 3]
[166 -36 -34]
[166 -34 -51]
[166 7 85]
[166 -33 -52]
[166 -46 -15]
[166 -47 -15]
[166 -39 -38]
[166 -38 -45]
[166 -38 -47]
[166 -38 -46]
[166 -46 -23]
[166 -45 -24]
[166 -45 -22]
[166 10 87]
[166 -33 17]
[166 1 82]
[166 -44 -24]
[166 17 83]
[166 -34 -49]
[166 -47 -13]
[166 0 56]
[166 -1 81]
[166 -44 -29]
[166 -39 -44]
[166 -40 -44]
[166 -45 7]
[166 -44 8]
[166 -45 8]
[166 2 82]
[166 14 89]
[166 -38 -48]
[166 -36 -49]
[166 -37 -49]
[166 -38 -49]
[166 -36 -48]
[166 -35 -49]
[166 -1 82]
[166 -40 -43]
[166 -34 -52]
[166 17 87]
[166 -30 -54]
[166 -31 -54]
[166 9 88]
[166 8 86]
[166 3 84]
[166 -40 -34]
[166 20 84]
[166 18 83]
[166 18 87]
[166 16 89]
[166 -44 -32]
[166 -41 11]
[166 -44 -28]
[166 -40 -40]
[166 27 -6]
[166 18 85]
[166 11 89]
[166 12 89]
[166 14 50]
[166 -38 -35]
[166 13 50]
[166 -39 -37]
[166 -45 -17]
[166 21 83]
[166 8 87]
[166 23 81]
[166 -35 -51]
[166 -29 16]
[166 1 81]
[166 -44 -31]
[166 -45 -31]
[166 -27 15]
[166 12 88]
[166 -43 -15]
[166 -45 6]
[166 14 88]
[166 9 89]
[166 10 89]
[166 -41 12]
[166 2 53]
[166 1 53]
[166 -38 -44]
[166 27 79]
[166 6 85]
[167 -45 9]
[167 -32 -54]
[167 -43 12]
[167 -40 -41]
[167 -40 -36]
[167 2 52]
[167 1 52]
[167 0 52]
[167 -47 -16]
[167 -48 -16]
[167 -47 -14]
[167 9 90]
[167 -39 -45]
[167 -39 -47]
[167 -39 -48]
[167 -46 -16]
[167 -40 -42]
[167 18 84]
[167 -35 -53]
[167 20 85]
[167 25 -8]
[167 -38 -50]
[167 -39 -49]
[167 -2 56]
[167 -46 7]
[167 -25 11]
[167 -36 -50]
[167 -2 82]
[167 -1 83]
[167 0 82]
[167 -41 -43]
[167 12 51]
[167 11 90]
[167 13 90]
[167 22 84]
[167 7 87]
[167 2 83]
[167 2 84]
[167 -43 -16]
[167 -40 -37]
[167 -45 -28]
[167 5 84]
[167 15 89]
[167 13 89]
[167 17 90]
[167 1 83]
[167 -44 -16]
[167 -46 -18]
[167 -45 -32]
[167 -44 -33]
[167 -43 -33]
[167 -35 -50]
[167 -40 12]
[167 -42 13]
[167 -41 13]
[167 18 88]
[167 10 90]
[167 -45 3]
[167 -41 -35]
[167 -41 -34]
[167 -41 -44]
[167 -40 -45]
[167 -42 -33]
[167 16 46]
[167 13 51]
[167 7 86]
[167 -36 -52]
[167 8 89]
[167 8 88]
[167 26 81]
[167 25 81]
[167 -38 11]
[167 -45 -20]
[167 -46 -20]
[167 -45 5]
[167 -46 6]
[168 -1 84]
[168 0 83]
[168 -2 83]
[168 0 84]
[168 -2 84]
[168 -39 -50]
[168 -46 -29]
[168 -42 -34]
[168 -35 -52]
[168 -36 -54]
[168 -40 -46]
[168 -41 -46]
[168 -39 -46]
[168 4 84]
[168 2 85]
[168 21 84]
[168 -36 -53]
[168 -37 -53]
[168 -48 -17]
[168 -47 -17]
[168 -48 -15]
[168 -49 -17]
[168 -33 18]
[168 23 83]
[168 -40 -49]
[168 -40 -50]
[168 10 91]
[168 6 87]
[168 -2 53]
[168 -46 9]
[168 -45 10]
[168 23 84]
[168 14 90]
[168 12 90]
[168 -46 8]
[168 -37 -51]
[168 -36 -51]
[168 -42 -44]
[168 -41 -45]
[168 -46 -17]
[168 18 89]
[168 19 88]
[168 -40 13]
[168 16 88]
[168 -40 -48]
[168 -43 14]
[168 -41 14]
[168 -43 13]
[168 -41 -42]
[168 14 51]
[168 6 86]
[168 3 85]
[168 7 88]
[168 0 51]
[168 6 88]
[168 -47 -19]
[168 -45 -19]
[168 18 86]
[168 19 85]
[168 11 91]
[168 18 90]
[168 16 90]
[168 17 91]
[168 -3 55]
[168 -3 82]
[168 -44 11]
[168 -44 12]
[168 21 85]
[168 19 86]
[168 21 86]
[168 -46 -32]
[168 -46 -31]
[168 -46 2]
[168 -45 -25]
[168 -46 -25]
[168 -46 -24]
[168 17 89]
[168 15 90]
[168 12 91]
[168 -41 -37]
[168 -46 -19]
[168 -44 -34]
[168 27 -20]
[168 -28 17]
[168 -45 -16]
[168 -3 83]
[169 1 50]
[169 -1 52]
[169 0 50]
[169 -47 -18]
[169 -47 -32]
[169 -45 -34]
[169 -44 15]
[169 -43 15]
[169 -44 14]
[169 -41 -47]
[169 19 87]
[169 -37 -52]
[169 -3 84]
[169 3 86]
[169 4 86]
[169 13 91]
[169 -42 -47]
[169 -45 12]
[169 8 90]
[169 20 89]
[169 -3 85]
[169 -1 85]
[169 -38 -51]
[169 -47 -31]
[169 13 52]
[169 -48 -18]
[169 -41 -48]
[169 9 91]
[169 5 86]
[169 -37 -50]
[169 17 92]
[169 -41 -49]
[169 -47 -23]
[169 -45 -26]
[169 -38 -52]
[169 -3 54]
[169 1 84]
[169 -37 -55]
[169 -37 -54]
[169 20 86]
[169 -40 -47]
[169 -28 18]
[169 -27 17]
[169 8 91]
[169 24 83]
[169 -46 10]
[169 -42 -46]
[169 -42 -45]
[169 -50 -16]
[169 -49 -18]
[169 -50 -18]
[169 -49 -16]
[169 -39 12]
[169 -47 -25]
[169 -49 -15]
[169 5 85]
[169 5 88]
[169 5 87]
[169 -47 3]
[169 -46 3]
[169 -37 11]
[169 -39 11]
[169 16 91]
[169 -47 7]
[169 19 90]
[169 -41 -40]
[169 19 89]
[169 -47 5]
[169 24 79]
[169 -39 -51]
[169 -41 -50]
[169 -40 -51]
[169 -34 18]
[169 -1 51]
[169 -4 83]
[169 21 87]
[169 22 85]
[169 22 87]
[169 -45 13]
[169 -41 -38]
[169 -42 -38]
[170 -43 -38]
[170 -43 -37]
[170 0 85]
[170 -27 18]
[170 -39 -52]
[170 -42 -50]
[170 -42 -48]
[170 -45 14]
[170 7 90]
[170 -45 -27]
[170 16 92]
[170 25 82]
[170 -34 19]
[170 -41 -52]
[170 -50 -17]
[170 -51 -16]
[170 21 89]
[170 -47 -30]
[170 -46 -30]
[170 15 46]
[170 -48 -20]
[170 -48 4]
[170 -48 6]
[170 -46 4]
[170 -49 -14]
[170 -47 9]
[170 -43 -45]
[170 -43 -44]
[170 15 51]
[170 7 89]
[170 -38 -54]
[170 -38 -56]
[170 -47 11]
[170 1 86]
[170 -2 85]
[170 -50 -19]
[170 -48 -19]
[170 8 92]
[170 24 82]
[170 12 92]
[170 -51 -18]
[170 -39 14]
[170 24 84]
[170 36 -9]
[170 -48 -24]
[170 -1 50]
[170 20 87]
[170 -2 51]
[170 -27 19]
[170 -29 18]
[170 18 91]
[170 -43 -46]
[170 4 87]
[170 4 85]
[170 14 91]
[170 -38 -53]
[170 -40 15]
[170 27 82]
[170 -4 85]
[170 -42 -51]
[170 -41 -51]
[170 -42 -49]
[170 -4 84]
[170 -3 86]
[170 -2 86]
[170 -35 18]
[170 21 88]
[170 -37 12]
[170 -43 16]
[170 -45 16]
[170 22 86]
[170 -50 -14]
[170 23 88]
[170 -42 -41]
[170 0 49]
[170 2 86]
[170 -42 -39]
[170 -2 55]
[170 -38 12]
[170 -4 53]
[170 20 88]
[171 -1 49]
[171 -43 -47]
[171 -42 -52]
[171 -3 87]
[171 -1 86]
[171 9 93]
[171 7 92]
[171 -48 3]
[171 -38 -55]
[171 22 88]
[171 -52 -16]
[171 9 92]
[171 -48 -30]
[171 6 89]
[171 -49 -19]
[171 -36 19]
[171 23 85]
[171 -43 -52]
[171 -47 -26]
[171 -2 50]
[171 14 92]
[171 -40 -52]
[171 -40 -53]
[171 -39 -53]
[171 -46 14]
[171 -2 49]
[171 25 85]
[171 -43 -50]
[171 -43 -49]
[171 -5 84]
[171 -5 85]
[171 -44 -47]
[171 -52 -17]
[171 -51 -19]
[171 -48 5]
[171 -49 5]
[171 -46 -28]
[171 -46 -27]
[171 -47 12]
[171 -5 86]
[171 -4 86]
[171 -40 16]
[171 -39 15]
[171 -46 16]
[171 -44 17]
[171 -39 -55]
[171 -51 -14]
[171 27 83]
[171 -39 13]
[171 1 85]
[171 -43 -48]
[171 20 90]
[171 15 91]
[171 -43 -36]
[171 -44 -36]
[171 -49 -23]
[171 -48 -25]
[171 -42 -42]
[171 11 92]
[171 26 -20]
[171 -1 48]
[171 -33 19]
[171 -35 20]
[171 -34 20]
[171 -43 17]
[171 10 92]
[171 -50 -13]
[171 -4 52]
[171 -44 -45]
[171 -44 -46]
[171 0 86]
[171 18 92]
[171 16 93]
[171 -44 -39]
[171 -48 9]
[171 -48 10]
[171 13 92]
[171 23 89]
[171 24 87]
[171 -2 87]
[172 -3 88]
[172 -1 88]
[172 -2 88]
[172 19 91]
[172 17 93]
[172 -41 -53]
[172 -5 51]
[172 -3 51]
[172 -5 52]
[172 -45 -45]
[172 7 91]
[172 17 94]
[172 15 92]
[172 -27 20]
[172 -48 -26]
[172 -47 -27]
[172 -52 -18]
[172 -52 -19]
[172 -52 -20]
[172 24 85]
[172 26 84]
[172 24 86]
[172 7 93]
[172 6 92]
[172 -35 19]
[172 -36 20]
[172 -4 87]
[172 0 87]
[172 25 86]
[172 -53 -16]
[172 23 87]
[172 -6 84]
[172 -43 -42]
[172 -3 49]
[172 -44 -44]
[172 -49 -20]
[172 -45 -46]
[172 -45 -47]
[172 -44 -48]
[172 -45 -44]
[172 0 47]
[172 -2 48]
[172 10 93]
[172 -49 -24]
[172 -49 -22]
[172 24 89]
[172 22 89]
[172 -50 -20]
[172 -49 -30]
[172 12 93]
[172 -43 -51]
[172 -39 -54]
[172 -48 -31]
[172 4 88]
[172 -47 -22]
[172 25 -19]
[172 -47 15]
[172 -46 17]
[172 -47 16]
[172 -39 -56]
[172 -45 18]
[172 -47 -29]
[172 -6 86]
[172 -6 85]
[172 -42 18]
[172 23 86]
[172 18 93]
[172 -50 6]
[172 -50 4]
[172 -50 5]
[172 -40 -54]
[172 -36 13]
[172 -43 -53]
[172 -42 -53]
[172 -49 4]
[172 -44 -49]
[172 -44 -40]
[172 8 93]
[172 -1 87]
[172 -3 48]
[172 -47 13]
[172 -44 -52]
[172 -44 -53]
[172 -44 -51]
[172 -33 20]
[172 26 -19]
[172 -6 87]
[172 -5 87]
[172 -40 -56]
[172 -44 -50]
[172 15 93]
[172 -49 -13]
[172 29 -19]
[173 -49 -26]
[173 -53 -20]
[173 22 90]
[173 -37 13]
[173 -53 -19]
[173 5 93]
[173 -46 -45]
[173 -45 -50]
[173 -45 -52]
[173 -4 50]
[173 -46 -43]
[173 -3 89]
[173 -2 89]
[173 -45 -51]
[173 24 -20]
[173 -46 -47]
[173 -41 -57]
[173 -40 -55]
[173 -41 -55]
[173 -40 -57]
[173 -41 -56]
[173 5 89]
[173 -44 -43]
[173 -38 13]
[173 -7 85]
[173 -7 84]
[173 -46 -48]
[173 -45 -48]
[173 14 93]
[173 -48 -29]
[173 -49 -31]
[173 -50 -31]
[173 28 83]
[173 9 94]
[173 -49 -21]
[173 -51 5]
[173 -41 17]
[173 -41 16]
[173 -45 -49]
[173 -35 21]
[173 -7 87]
[173 -7 86]
[173 26 -21]
[173 -1 89]
[173 0 46]
[173 -1 46]
[173 -33 21]
[173 -32 21]
[173 -48 15]
[173 -48 16]
[173 -48 14]
[173 -45 -36]
[173 -45 -37]
[173 -43 -54]
[173 -41 -54]
[173 -42 -54]
[173 -5 88]
[173 -48 -22]
[173 -46 18]
[173 -49 -25]
[173 -50 -24]
[173 -50 -25]
[173 3 88]
[173 24 88]
[173 -44 18]
[173 -3 47]
[173 -2 47]
[173 -44 -41]
[173 25 87]
[173 -44 19]
[173 -46 19]
[173 -50 -23]
[173 -50 -21]
[173 1 87]
[173 6 91]
[173 8 94]
[173 15 94]
[173 -4 49]
[173 26 86]
[173 -4 47]
[173 -4 48]
[173 21 90]
[173 1 88]
[173 19 92]
[173 -45 -41]
[173 -43 19]
[173 -6 51]
[173 -45 -54]
[173 -44 -54]
[173 2 87]
[173 3 87]
[173 -5 50]
[173 0 88]
[173 13 94]
[173 19 94]
[174 -8 86]
[174 -8 85]
[174 14 95]
[174 16 94]
[174 16 95]
[174 14 94]
[174 -5 48]
[174 -50 -22]
[174 -46 -46]
[174 -45 -53]
[174 -45 -55]
[174 -33 22]
[174 -47 18]
[174 -45 -38]
[174 -53 -21]
[174 11 94]
[174 11 93]
[174 -47 -49]
[174 -47 -47]
[174 -47 -46]
[174 -47 -48]
[174 -8 87]
[174 -6 88]
[174 -42 -55]
[174 13 95]
[174 12 95]
[174 13 93]
[174 -53 -18]
[174 -1 90]
[174 -2 90]
[174 -51 -32]
[174 -51 -30]
[174 19 93]
[174 23 90]
[174 6 90]
[174 -49 16]
[174 -48 17]
[174 -32 20]
[174 18 94]
[174 17 95]
[174 18 95]
[174 -45 -43]
[174 -5 47]
[174 -5 49]
[174 -42 -56]
[174 7 95]
[174 8 95]
[174 -6 89]
[174 -4 88]
[174 -5 89]
[174 -46 -52]
[174 20 95]
[174 20 94]
[174 25 88]
[174 25 89]
[174 -2 46]
[174 -44 20]
[174 -43 20]
[174 -45 19]
[174 -45 -42]
[174 -3 46]
[174 -46 -44]
[174 -43 -55]
[174 -51 -24]
[174 -7 50]
[174 27 87]
[174 -51 -22]
[174 -47 19]
[174 -47 20]
[174 -42 -57]
[174 -46 -55]
[174 -46 -49]
[174 -54 -16]
[174 -54 -15]
[174 -46 -38]
[174 -49 14]
[174 -49 13]
[174 26 87]
[174 26 88]
[174 -51 -23]
[174 -52 -21]
[174 -54 -20]
[174 -6 49]
[174 5 91]
[174 -46 -40]
[174 -4 46]
[174 -3 90]
[174 -48 -28]
[174 23 -21]
[174 -4 89]
[174 4 93]
[174 5 92]
[174 22 91]
[174 20 91]
[174 -41 18]
[174 -41 19]
[174 5 90]
[175 -46 -36]
[175 2 88]
[175 -51 -21]
[175 -47 -50]
[175 -50 14]
[175 -50 15]
[175 4 89]
[175 -48 -48]
[175 7 94]
[175 6 94]
[175 -48 -49]
[175 -48 -50]
[175 -6 47]
[175 -6 48]
[175 -46 -51]
[175 -46 -50]
[175 -54 -18]
[175 -2 45]
[175 -55 -14]
[175 -47 21]
[175 -48 19]
[175 -48 20]
[175 11 96]
[175 -44 21]
[175 -43 21]
[175 -42 21]
[175 -52 -25]
[175 -51 -29]
[175 -52 -29]
[175 23 91]
[175 -50 -27]
[175 26 85]
[175 3 92]
[175 0 89]
[175 0 45]
[175 -47 -52]
[175 -46 -53]
[175 -47 -55]
[175 -47 -56]
[175 -46 -56]
[175 -46 -54]
[175 14 45]
[175 -44 -55]
[175 24 -7]
[175 22 92]
[175 21 91]
[175 21 94]
[175 20 96]
[175 21 96]
[175 21 95]
[175 6 93]
[175 -52 -33]
[175 -1 91]
[175 -47 -39]
[175 -46 -39]
[175 -3 91]
[175 -2 91]
[175 12 94]
[175 -45 -39]
[175 20 93]
[175 -50 16]
[175 -46 -41]
[175 -49 12]
[175 27 86]
[175 14 96]
[175 20 92]
[175 15 45]
[175 -7 88]
[175 24 90]
[175 24 91]
[175 -54 -22]
[175 -52 -22]
[175 -53 -22]
[175 -40 18]
[175 -40 19]
[175 -48 18]
[175 -7 89]
[175 -32 22]
[175 -43 -56]
[175 -49 18]
[175 -46 -37]
[175 28 88]
[175 11 95]
[175 25 90]
[175 29 -20]
[175 0 91]
[175 -6 90]
[175 -4 90]
[175 -54 -21]
[175 3 89]
[175 27 88]
[175 24 -21]
[175 -35 22]
[175 4 91]
[175 18 96]
[175 16 96]
[175 21 93]
[175 -55 -21]
[175 -55 -20]
[175 -41 20]
[175 -43 -57]
[175 15 96]
[175 15 95]
[176 25 92]
[176 25 91]
[176 21 97]
[176 -49 -48]
[176 -49 -49]
[176 -39 19]
[176 -39 18]
[176 -39 20]
[176 10 94]
[176 -31 22]
[176 -7 47]
[176 -6 46]
[176 24 -22]
[176 22 94]
[176 0 90]
[176 -52 -32]
[176 -45 -56]
[176 13 96]
[176 -53 -33]
[176 23 -8]
[176 21 92]
[176 -49 -28]
[176 -50 -28]
[176 -46 21]
[176 4 92]
[176 28 86]
[176 16 97]
[176 -33 23]
[176 -7 49]
[176 -8 50]
[176 -49 19]
[176 -54 -23]
[176 -53 -30]
[176 -46 -57]
[176 -45 -57]
[176 -55 -19]
[176 -47 -51]
[176 -50 -29]
[176 19 96]
[176 19 97]
[176 19 95]
[176 26 89]
[176 22 93]
[176 -42 22]
[176 15 97]
[176 -49 21]
[176 -49 20]
[176 6 96]
[176 -52 -23]
[176 -47 -54]
[176 -47 -53]
[176 -4 91]
[176 -48 -56]
[176 14 44]
[176 -5 90]
[176 24 92]
[176 -55 -22]
[176 -1 92]
[176 17 97]
[176 17 96]
[176 -48 -51]
[176 -48 -54]
[176 0 92]
[176 -51 -25]
[176 -44 -56]
[176 28 85]
[176 -54 -19]
[176 3 91]
[176 2 92]
[176 2 90]
[176 2 89]
[176 -51 16]
[176 23 92]
[176 -56 -21]
[176 -56 -19]
[176 -56 -20]
[176 -56 -22]
[176 25 -22]
[176 10 97]
[176 -48 -52]
[176 -48 -53]
[176 3 90]
[176 -1 45]
[176 -55 -23]
[176 5 95]
[176 -45 22]
[176 -45 21]
[176 -51 15]
[176 -51 17]
[177 -2 92]
[177 1 91]
[177 2 91]
[177 1 89]
[177 -57 -22]
[177 29 87]
[177 -50 19]
[177 -50 18]
[177 25 -23]
[177 4 90]
[177 5 96]
[177 9 95]
[177 -45 23]
[177 20 97]
[177 23 94]
[177 23 93]
[177 -48 -55]
[177 -52 -31]
[177 -5 91]
[177 -44 -57]
[177 -54 -33]
[177 -5 45]
[177 -46 -35]
[177 -54 -14]
[177 26 91]
[177 25 93]
[177 -50 20]
[177 4 94]
[177 -49 22]
[177 -8 46]
[177 -8 48]
[177 9 98]
[177 11 97]
[177 9 96]
[177 -38 19]
[177 -38 18]
[177 -44 -58]
[177 -45 -58]
[177 26 92]
[177 26 90]
[177 -3 92]
[177 -39 21]
[177 -40 21]
[177 -38 20]
[177 25 -20]
[177 -56 -23]
[177 -57 -20]
[177 -47 22]
[177 24 93]
[177 27 89]
[177 28 89]
[177 5 94]
[177 4 96]
[177 4 95]
[177 29 89]
[177 29 88]
[177 -35 23]
[177 27 90]
[177 22 -8]
[177 -41 23]
[177 -43 23]
[177 -53 -31]
[177 -53 -25]
[177 -52 -26]
[177 -53 -26]
[177 -55 -24]
[177 -53 -24]
[177 -54 -24]
[177 -4 55]
[177 -6 45]
[177 -7 45]
[177 -32 23]
[177 -49 -53]
[177 -49 -55]
[177 -57 -21]
[177 22 98]
[177 -1 93]
[177 1 92]
[177 -49 -54]
[177 -57 -23]
[177 -2 93]
[177 15 44]
[177 -4 45]
[177 -38 17]
[178 28 90]
[178 22 97]
[178 -44 23]
[178 -33 24]
[178 -53 -32]
[178 -6 44]
[178 29 85]
[178 -54 -25]
[178 -55 -25]
[178 -34 24]
[178 3 94]
[178 0 93]
[178 -9 50]
[178 -9 49]
[178 19 98]
[178 -55 -17]
[178 1 93]
[178 -50 -49]
[178 3 93]
[178 -58 -22]
[178 -58 -21]
[178 -58 -20]
[178 -44 -59]
[178 1 90]
[178 6 95]
[178 -40 22]
[178 -38 22]
[178 -39 22]
[178 -38 21]
[178 -53 -27]
[178 -51 -27]
[178 27 92]
[178 -53 -14]
[178 -47 23]
[178 -48 23]
[178 10 98]
[178 12 98]
[178 -9 45]
[178 -43 -59]
[178 18 97]
[178 16 98]
[178 23 98]
[178 22 95]
[178 -56 -24]
[178 -56 -25]
[178 -4 93]
[178 -54 -26]
[178 3 95]
[178 -58 -19]
[178 22 96]
[178 20 98]
[178 -3 93]
[178 28 87]
[178 -5 55]
[178 23 -7]
[178 -58 -23]
[178 12 96]
[178 -50 17]
[178 -57 -24]
[178 -46 24]
[178 -45 24]
[178 24 94]
[178 -51 21]
[178 27 91]
[178 -50 21]
[178 -50 23]
[178 2 93]
[178 18 98]
[178 -40 23]
[178 -40 24]
[178 -46 -58]
[178 8 99]
[179 -59 -18]
[179 -59 -20]
[179 -59 -19]
[179 -41 24]
[179 -39 24]
[179 36 -10]
[179 23 95]
[179 -56 -26]
[179 -45 25]
[179 -8 45]
[179 -9 46]
[179 8 100]
[179 7 99]
[179 -49 23]
[179 -10 48]
[179 -10 49]
[179 -54 -32]
[179 -57 -25]
[179 -57 -26]
[179 -7 44]
[179 -54 -34]
[179 -8 44]
[179 26 -22]
[179 -10 46]
[179 -9 44]
[179 -10 44]
[179 -37 22]
[179 -42 -60]
[179 -4 92]
[179 -58 -24]
[179 -58 -25]
[179 -3 94]
[179 -38 23]
[179 11 98]
[179 9 97]
[179 -54 -28]
[179 2 94]
[179 2 95]
[179 -51 22]
[179 23 96]
[179 -1 94]
[179 -48 24]
[179 24 -23]
[179 -44 25]
[179 11 99]
[179 9 99]
[179 -59 -23]
[179 -59 -22]
[179 -54 -27]
[179 29 90]
[179 -43 -60]
[179 25 -21]
[179 8 96]
[179 13 97]
[179 13 99]
[179 0 94]
[179 1 94]
[179 24 95]
[179 25 94]
[179 -55 -26]
[179 27 -21]
[179 -52 18]
[179 -51 18]
[179 19 99]
[179 -59 -21]
[179 23 97]
[180 10 99]
[180 -10 45]
[180 -52 -27]
[180 -53 -28]
[180 -3 45]
[180 -8 43]
[180 -53 19]
[180 -32 24]
[180 -4 94]
[180 -5 93]
[180 -56 -27]
[180 17 98]
[180 28 91]
[180 -58 -26]
[180 3 96]
[180 -40 25]
[180 -2 94]
[180 26 93]
[180 25 95]
[180 26 95]
[180 -42 25]
[180 12 97]
[180 12 99]
[180 -59 -24]
[180 -60 -17]
[180 -59 -17]
[180 -37 23]
[180 0 95]
[180 1 95]
[180 2 96]
[180 -60 -23]
[180 24 98]
[180 -54 -35]
[180 6 100]
[180 6 99]
[180 14 99]
[180 14 100]
[180 24 99]
[180 24 97]
[180 -60 -18]
[180 -41 -60]
[180 -58 -27]
[180 -60 -21]
[180 -1 95]
[180 -38 24]
[180 -11 49]
[180 -44 -60]
[180 21 98]
[180 23 99]
[180 7 98]
[180 -60 -22]
[180 13 98]
[180 -45 -60]
[180 -59 -26]
[180 -11 45]
[180 -11 43]
[180 27 93]
[180 24 -6]
[181 -60 -20]
[181 -60 -19]
[181 8 98]
[181 -43 26]
[181 -42 26]
[181 1 96]
[181 -1 96]
[181 -11 44]
[181 -59 -28]
[181 -58 -16]
[181 -59 -16]
[181 -60 -16]
[181 0 96]
[181 -2 96]
[181 24 96]
[181 -12 45]
[181 -12 44]
[181 25 96]
[181 22 -9]
[181 -54 -30]
[181 -59 -25]
[181 -45 -59]
[181 13 100]
[181 15 101]
[181 27 94]
[181 -2 95]
[181 -41 26]
[181 -40 26]
[181 15 100]
[181 -3 95]
[181 -5 95]
[181 -5 94]
[181 17 99]
[181 -46 -59]
[181 10 95]
[181 -61 -18]
[181 -61 -17]
[181 -61 -16]
[181 -42 -61]
[181 -42 -59]
[181 10 100]
[181 12 100]
[181 -54 -29]
[181 -61 -19]
[181 -59 -27]
[181 -6 94]
[181 -45 -61]
[181 -43 -61]
[181 24 -24]
[181 -54 19]
[181 6 98]
[181 5 99]
[181 7 100]
[181 26 94]
[181 28 93]
[181 22 99]
[181 24 100]
[181 -11 47]
[181 10 96]
[181 -51 19]
[181 28 92]
[181 29 92]
[181 -56 -15]
[181 6 97]
[181 25 98]
[181 25 99]
[181 -38 25]
[182 -62 -17]
[182 -62 -16]
[182 -62 -18]
[182 -62 -19]
[182 -61 -20]
[182 -62 -20]
[182 15 99]
[182 15 98]
[182 -55 -35]
[182 -60 -15]
[182 -61 -15]
[182 -47 -59]
[182 -61 -23]
[182 28 94]
[182 -59 -15]
[182 27 95]
[182 11 101]
[182 -1 97]
[182 23 -25]
[182 -52 19]
[182 -53 17]
[182 25 97]
[182 14 101]
[182 -45 -62]
[182 -41 27]
[182 5 101]
[182 -3 97]
[182 -2 97]
[182 -61 -22]
[182 21 100]
[182 -6 96]
[182 -4 95]
[182 29 93]
[182 8 97]
[182 26 -23]
[182 -12 46]
[182 -40 27]
[182 -6 93]
[182 -6 95]
[182 -55 -29]
[182 -56 -14]
[182 4 98]
[182 5 98]
[182 7 101]
[182 -43 27]
[182 -57 -14]
[182 16 101]
[182 16 99]
[182 26 98]
[182 26 97]
[182 26 99]
[182 -60 -26]
[182 -55 20]
[182 18 100]
[182 13 101]
[182 -57 -15]
[182 12 101]
[182 26 100]
[182 -55 -31]
[182 7 97]
[182 -55 -30]
[182 9 100]
[183 -63 -17]
[183 -63 -16]
[183 27 100]
[183 27 101]
[183 27 99]
[183 0 97]
[183 -63 -15]
[183 -43 28]
[183 4 97]
[183 -53 16]
[183 -60 -25]
[183 -63 -20]
[183 -63 -18]
[183 11 100]
[183 26 96]
[183 13 102]
[183 11 102]
[183 -47 -60]
[183 -39 28]
[183 -56 21]
[183 -56 19]
[183 -55 19]
[183 -54 20]
[183 -54 21]
[183 -7 97]
[183 -7 95]
[183 -62 -21]
[183 -55 -33]
[183 7 96]
[183 16 100]
[183 17 102]
[183 5 97]
[183 4 99]
[183 3 97]
[183 -47 -58]
[183 -44 -61]
[183 -12 47]
[183 -55 -36]
[183 27 98]
[183 27 97]
[183 -56 -16]
[183 14 98]
[183 26 -24]
[183 -4 98]
[183 -3 96]
[183 -7 94]
[183 18 99]
[183 -3 98]
[183 -58 -14]
[183 -60 -14]
[183 -61 -14]
[183 5 100]
[183 -42 28]
[183 -61 -26]
[183 -61 -25]
[183 -61 -27]
[183 6 101]
[183 20 99]
[183 24 -25]
[183 10 101]
[183 -62 -14]
[183 -5 96]
[183 -63 -19]
[183 -58 -15]
[183 19 101]
[183 17 100]
[183 19 100]
[184 5 102]
[184 18 101]
[184 17 103]
[184 -62 -15]
[184 -54 18]
[184 27 96]
[184 -41 29]
[184 -43 29]
[184 -57 21]
[184 -57 20]
[184 -56 20]
[184 -58 -13]
[184 14 97]
[184 21 -9]
[184 -57 -16]
[184 -59 -14]
[184 20 101]
[184 27 -25]
[184 28 99]
[184 28 100]
[184 -38 27]
[184 -39 29]
[184 -38 29]
[184 -40 29]
[184 4 100]
[184 -48 -60]
[184 -60 -24]
[184 -55 18]
[184 17 101]
[184 15 102]
[184 -7 93]
[184 -8 94]
[184 -64 -18]
[184 -64 -16]
[184 -57 18]
[184 -57 19]
[184 -56 18]
[184 2 98]
[184 12 103]
[184 -63 -14]
[184 -62 -25]
[184 -60 -27]
[184 -4 96]
[184 -64 -19]
[184 -64 -17]
[184 25 100]
[184 14 102]
[184 -41 28]
[184 -6 97]
[184 -5 97]
[184 -4 97]
[184 28 97]
[184 16 102]
[184 -54 22]
[184 1 97]
[184 -8 97]
[184 -8 98]
[184 7 102]
[184 2 97]
[184 -62 -24]
[184 -44 -62]
[184 -43 -62]
[184 -2 98]
[184 -61 -24]
[184 -5 99]
[184 -46 -62]
[185 18 102]
[185 3 98]
[185 -48 -61]
[185 23 -26]
[185 23 -20]
[185 -62 -22]
[185 -61 -21]
[185 -7 96]
[185 -40 30]
[185 -39 30]
[185 -42 -63]
[185 14 103]
[185 -9 97]
[185 -9 96]
[185 -54 17]
[185 9 101]
[185 -56 -33]
[185 -58 20]
[185 -5 98]
[185 -6 98]
[185 28 96]
[185 28 95]
[185 19 102]
[185 22 101]
[185 21 99]
[185 29 100]
[185 29 99]
[185 -8 99]
[185 10 102]
[185 12 102]
[185 29 101]
[185 28 101]
[185 -57 17]
[185 -9 95]
[185 -54 16]
[185 -58 19]
[185 -8 96]
[185 -7 98]
[185 26 101]
[185 -53 -35]
[185 -64 -21]
[185 -58 22]
[185 -47 -63]
[185 -53 22]
[185 -55 22]
[185 29 98]
[185 29 96]
[185 -54 15]
[185 -45 -63]
[185 -46 -63]
[185 25 101]
[185 -6 99]
[185 -6 100]
[185 3 99]
[185 -62 -23]
[185 3 101]
[185 17 104]
[185 18 103]
[185 11 104]
[185 11 103]
[185 12 104]
[185 13 103]
[185 -59 -29]
[185 8 101]
[185 -54 23]
[185 4 102]
[185 4 101]
[185 6 102]
[185 -38 28]
[185 -37 28]
[185 -38 30]
[185 -37 29]
[185 5 103]
[185 1 98]
[185 -43 30]
[186 -63 -23]
[186 18 104]
[186 16 103]
[186 -49 -60]
[186 -49 -61]
[186 20 100]
[186 -46 -64]
[186 -39 31]
[186 29 94]
[186 29 95]
[186 -10 96]
[186 -9 94]
[186 -10 95]
[186 25 -5]
[186 -8 95]
[186 24 101]
[186 7 103]
[186 2 102]
[186 3 102]
[186 2 100]
[186 -59 18]
[186 -59 19]
[186 -59 20]
[186 -9 100]
[186 -7 99]
[186 -9 98]
[186 -7 100]
[186 19 104]
[186 -59 21]
[186 -58 21]
[186 13 104]
[186 11 105]
[186 -58 16]
[186 -57 16]
[186 -58 17]
[186 -55 23]
[186 10 105]
[186 -41 30]
[186 -55 15]
[186 -54 14]
[186 -55 14]
[186 2 99]
[186 -59 -30]
[186 30 96]
[186 -55 17]
[186 19 103]
[186 29 97]
[186 -47 -62]
[186 21 101]
[186 23 100]
[186 20 102]
[186 35 -11]
[186 -10 97]
[186 -48 -64]
[186 9 102]
[186 -55 24]
[186 -9 99]
[186 29 102]
[186 -10 98]
[187 -8 100]
[187 27 102]
[187 -11 97]
[187 -11 99]
[187 -55 16]
[187 -11 98]
[187 22 -27]
[187 11 106]
[187 12 105]
[187 12 106]
[187 -43 -63]
[187 6 103]
[187 4 104]
[187 4 103]
[187 16 104]
[187 -60 19]
[187 9 103]
[187 8 102]
[187 20 103]
[187 10 103]
[187 7 104]
[187 30 95]
[187 3 100]
[187 1 99]
[187 14 104]
[187 -10 94]
[187 -57 22]
[187 -58 23]
[187 34 -12]
[187 35 -12]
[187 17 105]
[187 -44 -63]
[187 -48 -63]
[187 0 98]
[187 -42 -64]
[187 0 99]
[187 -64 -20]
[187 27 -26]
[187 1 101]
[187 3 103]
[187 -49 -62]
[187 -11 95]
[187 24 102]
[187 18 105]
[187 19 105]
[187 20 104]
[187 15 103]
[187 15 104]
[187 -56 15]
[188 -56 16]
[188 -11 96]
[188 -10 99]
[188 2 101]
[188 -57 23]
[188 10 104]
[188 21 102]
[188 30 97]
[188 12 107]
[188 8 103]
[188 -56 14]
[188 3 104]
[188 13 107]
[188 20 105]
[188 -50 -62]
[188 -59 17]
[188 -12 96]
[188 -4 56]
[188 -50 -61]
[188 1 100]
[188 -12 99]
[188 -12 100]
[188 21 104]
[188 9 104]
[188 9 105]
[188 -5 100]
[188 -60 18]
[188 -12 98]
[188 -12 97]
[188 6 104]
[188 22 100]
[188 -41 -64]
[188 -31 24]
[188 -1 99]
[188 21 103]
[188 0 102]
[188 0 100]
[188 1 102]
[188 16 44]
[188 -59 15]
[188 23 101]
[188 28 102]
[189 -1 101]
[189 0 101]
[189 15 105]
[189 23 102]
[189 25 102]
[189 23 103]
[189 24 103]
[189 4 105]
[189 3 105]
[189 -56 22]
[189 27 -27]
[189 8 105]
[189 -13 97]
[189 21 105]
[189 -4 99]
[189 -1 100]
[189 34 -13]
[189 1 103]
[189 -61 18]
[189 -53 -36]
[189 -13 99]
[189 -13 100]
[189 -13 98]
[189 22 102]
[189 12 108]
[189 9 106]
[189 10 106]
[189 -60 17]
[189 -58 -31]
[189 13 105]
[189 -48 -59]
[189 -13 101]
[189 -10 100]
[189 -11 100]
[189 -13 96]
[189 22 -28]
[189 7 105]
[189 5 105]
[189 -60 21]
[189 -48 -62]
[189 13 108]
[189 11 107]
[189 -57 13]
[189 -43 -65]
[190 -14 101]
[190 -14 99]
[190 0 103]
[190 26 -26]
[190 -14 98]
[190 -1 98]
[190 -12 101]
[190 6 106]
[190 6 105]
[190 5 104]
[190 -14 97]
[190 1 104]
[190 2 103]
[190 25 103]
[190 14 106]
[190 -60 16]
[190 22 103]
[190 12 109]
[190 14 105]
[190 14 108]
[190 14 107]
[190 22 105]
[190 -51 -63]
[190 -56 13]
[190 -58 12]
[190 -58 13]
[190 -14 102]
[190 5 106]
[190 16 105]
[190 23 104]
[190 8 106]
[190 13 109]
[190 35 -13]
[190 -59 14]
[190 -60 15]
[190 -56 24]
[190 -56 23]
[190 22 104]
[190 28 103]
[190 16 106]
[190 -6 101]
[190 -2 102]
[190 -61 20]
[190 8 104]
[190 13 106]
[190 -2 100]
[191 -40 -65]
[191 -61 19]
[191 7 106]
[191 7 107]
[191 -57 14]
[191 15 106]
[191 -1 104]
[191 11 109]
[191 11 108]
[191 -2 99]
[191 -2 101]
[191 -15 102]
[191 0 105]
[191 -15 101]
[191 -1 103]
[191 -3 103]
[191 -1 102]
[191 26 -5]
[191 -15 98]
[191 24 104]
[191 29 103]
[191 -59 12]
[191 -15 99]
[191 15 107]
[191 -4 101]
[191 29 104]
[191 2 105]
[191 4 106]
[191 2 104]
[191 2 106]
[191 35 -14]
[191 25 104]
[191 -58 11]
[191 -3 99]
[191 -3 100]
[191 -42 -66]
[191 10 108]
[191 -49 -63]
[191 -59 24]
[191 -47 -64]
[191 8 107]
[191 10 107]
[192 3 106]
[192 26 102]
[192 -50 -64]
[192 -16 99]
[192 0 104]
[192 -56 12]
[192 -14 100]
[192 9 109]
[192 27 -28]
[192 -51 -64]
[192 -16 101]
[192 21 -29]
[192 22 -29]
[192 -5 57]
[192 -2 103]
[192 5 107]
[192 11 110]
[192 10 110]
[192 -59 11]
[192 -59 13]
[192 2 107]
[192 1 106]
[192 1 107]
[192 -15 103]
[192 -60 13]
[192 33 -14]
[192 -7 101]
[192 -60 14]
[192 -16 100]
[192 -16 98]
[192 -15 100]
[192 8 108]
[192 7 108]
[192 9 107]
[192 6 107]
[192 -5 102]
[192 28 104]
[192 12 110]
[192 1 105]
[192 -61 17]
[193 4 108]
[193 3 107]
[193 -61 13]
[193 -3 101]
[193 0 107]
[193 -17 99]
[193 -17 98]
[193 -17 100]
[193 -17 101]
[193 -7 102]
[193 -6 102]
[193 -57 11]
[193 -16 102]
[193 9 111]
[193 -60 12]
[193 -61 12]
[193 34 -15]
[193 33 -15]
[193 0 106]
[193 24 -19]
[193 -58 10]
[193 -3 102]
[193 25 105]
[193 26 104]
[193 9 108]
[193 -2 104]
[193 -1 105]
[193 -41 -66]
[193 -4 104]
[193 10 109]
[193 -4 100]
[193 -2 105]
[193 23 105]
[194 -60 11]
[194 5 108]
[194 -1 108]
[194 0 108]
[194 3 109]
[194 4 107]
[194 -6 103]
[194 -57 10]
[194 -4 103]
[194 -3 105]
[194 -3 104]
[194 -13 102]
[194 2 108]
[194 23 -29]
[194 9 110]
[194 8 110]
[194 8 109]
[194 26 -25]
[194 26 103]
[194 -4 102]
[194 -17 102]
[194 -18 102]
[194 -43 -67]
[194 -11 101]
[194 -56 10]
[194 25 -26]
[194 -18 99]
[194 24 105]
[194 26 105]
[195 -5 56]
[195 -42 -67]
[195 23 -27]
[195 -18 100]
[195 -19 100]
[195 34 -14]
[195 -7 103]
[195 -8 102]
[195 3 108]
[195 -5 103]
[195 -1 106]
[195 -3 106]
[195 -1 107]
[195 -18 101]
[195 -19 102]
[195 2 110]
[195 2 109]
[195 27 -4]
[195 0 109]
[195 25 -27]
[195 -51 -62]
[195 -2 108]
[195 -2 109]
[195 -50 -63]
[195 27 103]
[195 27 105]
[195 -58 9]
[195 -62 11]
[195 7 109]
[195 8 111]
[195 -14 104]
[195 -58 -30]
[195 1 108]
[195 6 108]
[195 23 -30]
[196 -6 56]
[196 -19 99]
[196 -1 109]
[196 -3 109]
[196 -2 110]
[196 -3 108]
[196 4 110]
[196 4 109]
[196 -62 14]
[196 -6 104]
[196 -7 104]
[196 -8 103]
[196 7 110]
[196 -20 101]
[196 -19 101]
[196 -20 100]
[196 -12 102]
[196 5 109]
[196 -43 -66]
[196 1 109]
[196 1 110]
[196 -2 106]
[196 -2 107]
[196 6 109]
[196 -8 101]
[196 27 -29]
[196 -1 110]
[196 0 110]
[196 -4 105]
[196 -12 103]
[196 -59 8]
[196 22 -31]
[196 -4 106]
[196 -9 102]
[196 -9 103]
[196 -20 102]
[196 -61 10]
[196 -63 10]
[196 -63 11]
[196 -63 12]
[196 22 -30]
[196 -5 104]
[197 -63 13]
[197 -10 103]
[197 -58 8]
[197 -60 7]
[197 -3 107]
[197 -21 99]
[197 -62 10]
[197 -60 9]
[197 0 111]
[197 1 111]
[197 2 111]
[197 -11 102]
[197 -2 111]
[197 28 -30]
[197 25 -4]
[197 -13 105]
[197 21 -31]
[197 -8 104]
[197 -9 104]
[197 -20 99]
[197 -3 111]
[197 -3 110]
[197 5 111]
[197 6 110]
[197 -10 102]
[197 -44 -67]
[197 -64 11]
[197 -63 9]
[197 -59 23]
[197 -60 10]
[197 -64 12]
[197 -4 107]
[197 -5 105]
[197 -5 107]
[197 -4 108]
[197 -59 9]
[197 -21 102]
[197 -21 100]
[198 -63 8]
[198 -64 8]
[198 -64 9]
[198 -8 105]
[198 -13 104]
[198 -64 10]
[198 -4 109]
[198 -16 103]
[198 -6 105]
[198 -63 14]
[198 5 110]
[198 7 111]
[198 -22 100]
[198 -22 101]
[198 -1 111]
[198 -21 101]
[198 0 112]
[198 -52 -61]
[198 -10 101]
[198 -9 101]
[198 -64 13]
[198 21 -30]
[198 -5 108]
[198 -4 111]
[198 -3 112]
[198 -2 112]
[198 -4 112]
[198 -65 10]
[198 -10 104]
[198 -22 99]
[198 6 111]
[198 -61 8]
[198 26 -3]
[198 -4 110]
[198 -60 22]
[198 -57 7]
[198 17 44]
[198 -6 107]
[198 -60 24]
[199 -5 111]
[199 -5 112]
[199 -2 113]
[199 -1 113]
[199 -53 -61]
[199 -59 6]
[199 -49 -59]
[199 -23 100]
[199 -13 103]
[199 -11 103]
[199 -11 104]
[199 24 -28]
[199 -5 106]
[199 -1 112]
[199 4 111]
[199 -5 109]
[199 -7 106]
[199 -65 12]
[199 -52 -37]
[199 -64 7]
[199 -62 7]
[199 -9 105]
[199 -9 106]
[199 -7 105]
[199 -62 8]
[199 -60 8]
[199 -45 -67]
[199 -65 9]
[199 -63 7]
[199 -65 8]
[199 -57 6]
[199 -49 -64]
[199 -66 9]
[199 -66 10]
[199 -5 110]
[199 -52 -64]
[199 -52 -63]
[200 -66 8]
[200 3 111]
[200 -6 110]
[200 -67 10]
[200 -67 8]
[200 -67 9]
[200 -65 7]
[200 -66 7]
[200 -7 108]
[200 -6 108]
[200 -12 104]
[200 -12 105]
[200 -11 105]
[200 -8 107]
[200 -8 106]
[200 -6 106]
[200 -2 114]
[200 -12 106]
[200 -4 113]
[200 -5 101]
[200 -60 5]
[200 -62 6]
[200 -53 -64]
[200 -6 111]
[200 -6 113]
[200 -67 11]
[200 25 -28]
[200 -3 113]
[200 -3 114]
[200 27 104]
[200 -24 100]
[200 -7 57]
[200 -52 -38]
[200 26 -4]
[200 -56 7]
[200 -56 5]
[200 -60 23]
[200 -65 6]
[200 -17 103]
[201 -66 5]
[201 -64 5]
[201 -6 112]
[201 -9 107]
[201 -10 107]
[201 -58 -32]
[201 -66 6]
[201 -67 7]
[201 -7 107]
[201 -5 114]
[201 -68 10]
[201 -66 11]
[201 -57 4]
[201 -41 -65]
[201 -7 112]
[201 -63 5]
[201 -59 25]
[201 -10 105]
[201 -4 114]
[201 -4 115]
[201 -23 99]
[201 -7 109]
[201 -10 106]
[201 -68 11]
[201 -64 15]
[201 -57 5]
[201 -67 6]
[201 -3 115]
[201 24 -5]
[201 -7 110]
[201 -24 99]
[201 -11 106]
[201 -6 114]
[201 27 -5]
[201 -5 113]
[201 34 -16]
[201 -68 9]
[201 -6 57]
[201 -54 -64]
[201 -53 -65]
[201 -54 -65]
[201 3 110]
[201 -60 4]
[201 -68 7]
[201 -22 102]
[202 -7 111]
[202 -68 12]
[202 -45 -68]
[202 -65 15]
[202 -65 14]
[202 -24 98]
[202 -11 107]
[202 -65 5]
[202 -65 4]
[202 -67 5]
[202 -68 5]
[202 -68 6]
[202 -69 6]
[202 -6 109]
[202 -66 4]
[202 -8 108]
[202 -51 -39]
[202 20 -32]
[202 -5 115]
[202 -8 110]
[202 -6 115]
[202 -59 4]
[202 -67 12]
[202 -55 -66]
[202 -58 4]
[202 -62 5]
[203 21 -32]
[203 -23 97]
[203 -25 97]
[203 -23 101]
[203 -14 103]
[203 -46 -68]
[203 -46 -67]
[203 -4 116]
[203 -5 116]
[203 -62 4]
[203 -66 12]
[203 -67 13]
[203 -66 14]
[203 -69 12]
[203 20 -30]
[203 -8 109]
[203 26 -30]
[203 -9 108]
[203 -69 7]
[203 -25 98]
[203 -67 4]
[203 -55 -65]
[203 -67 3]
[203 -21 103]
[204 -67 2]
[204 -64 3]
[204 -9 109]
[204 -22 96]
[204 -22 97]
[204 -23 96]
[204 -68 14]
[204 -62 3]
[204 -70 6]
[204 -60 3]
[204 -5 117]
[204 -4 117]
[204 28 105]
[204 -25 99]
[204 -68 3]
[204 -24 97]
[204 -25 96]
[204 26 -31]
[204 -67 14]
[204 -18 103]
[204 -63 4]
[204 -53 -66]
[204 19 -31]
[205 -64 16]
[205 -23 95]
[205 -69 13]
[205 -24 96]
[205 -24 95]
[205 -22 95]
[205 -63 3]
[205 -69 2]
[205 -69 3]
[205 -69 14]
[205 -66 2]
[205 -47 -68]
[205 -24 101]
[205 -21 96]
[205 -21 97]
[205 -71 5]
[205 -62 2]
[205 -63 2]
[205 33 -17]
[205 -10 108]
[205 -23 102]
[205 20 -33]
[205 -25 100]
[205 18 -32]
[205 -61 3]
[205 -52 -39]
[205 25 -32]
[205 -68 2]
[205 -68 1]
[205 -67 1]
[206 -66 0]
[206 -20 96]
[206 -21 95]
[206 -69 1]
[206 17 -32]
[206 20 -31]
[206 -51 -37]
[206 19 -30]
[206 -20 103]
[206 -72 5]
[206 -72 4]
[206 -72 6]
[206 -70 4]
[206 19 -32]
[206 -22 103]
[206 -20 104]
[206 25 -31]
[206 27 -31]
[206 -22 94]
[206 -26 100]
[206 20 -34]
[206 -67 15]
[206 -54 -66]
[206 -70 14]
[206 -64 17]
[207 16 -33]
[207 -57 -32]
[207 -23 94]
[207 -73 6]
[207 -73 7]
[207 -72 7]
[207 -26 99]
[207 -20 97]
[207 19 -35]
[207 -70 15]
[207 -71 13]
[207 -26 98]
[207 -65 17]
[207 -64 18]
[207 -22 93]
[207 -21 94]
[207 -21 93]
[207 -23 93]
[207 -27 100]
[207 -27 99]
[207 -47 -69]
[207 19 -34]
[208 -20 94]
[208 34 -17]
[208 33 -18]
[208 18 -33]
[208 -72 8]
[208 -74 8]
[208 -65 18]
[208 -60 2]
[208 -48 -69]
[208 18 -31]
[208 -71 14]
[208 -27 98]
[208 18 -35]
[208 -25 101]
[208 -26 95]
[208 -20 93]
[208 -22 92]
[208 -20 92]
[208 -64 19]
[208 -63 19]
[208 24 -33]
[209 -59 2]
[209 -66 18]
[209 -65 19]
[209 27 106]
[209 -21 92]
[209 18 -36]
[209 19 -36]
[209 -63 18]
[209 -63 20]
[209 -28 97]
[209 -71 8]
[209 -47 -70]
[209 -73 9]
[209 -51 -38]
[209 -50 -60]
[209 -66 17]
[209 -67 16]
[210 -66 19]
[210 -54 -63]
[210 17 -33]
[210 -27 95]
[210 -68 16]
[210 -67 18]
[210 -56 -32]
[210 -28 96]
[210 -73 10]
[210 -74 10]
[210 -70 9]
[210 17 -36]
[210 -67 17]
[211 -74 9]
[211 -27 97]
[211 33 -19]
[211 -72 10]
[211 -74 11]
[211 -72 11]
[211 17 -37]
[211 -29 95]
[211 -28 95]
[211 -66 20]
[211 -68 17]
[212 -29 94]
[212 -27 94]
[212 -56 -66]
[212 -8 57]
[212 -51 -61]
[212 -58 -33]
[212 -50 -40]
[212 -67 21]
[212 -66 21]
[212 -69 17]
[212 -59 26]
[212 -60 26]
[212 -28 94]
[212 -30 95]
[212 15 -32]
[212 -71 10]
[212 -49 -69]
[212 -72 15]
[213 -67 20]
[213 -30 94]
[213 18 -37]
[213 24 -34]
[213 -53 -63]
[213 -27 93]
[213 -29 93]
[213 -28 93]
[213 -67 22]
[213 -58 26]
[213 -68 19]
[213 -64 21]
[214 -75 12]
[214 -29 92]
[214 -30 93]
[214 -30 92]
[214 25 -33]
[214 -27 92]
[214 -31 95]
[214 -31 94]
[214 -63 22]
[214 -68 23]
[214 -67 23]
[214 17 -38]
[214 16 -38]
[214 -57 -34]
[214 -26 93]
[214 -28 92]
[214 -73 15]
[214 -27 96]
[214 -9 57]
[215 -26 92]
[215 -76 11]
[215 -31 93]
[215 -31 92]
[215 -61 26]
[215 17 -39]
[215 -26 94]
[215 -32 93]
[215 -32 95]
[215 -58 -34]
[215 16 -39]
[215 -65 21]
[215 15 -33]
[215 -74 16]
[215 -74 15]
[215 16 -36]
[215 -67 24]
[215 -68 24]
[215 -68 22]
[215 -29 91]
[215 -28 91]
[215 -30 91]
[216 -25 93]
[216 -32 94]
[216 -27 91]
[216 -75 16]
[216 -75 15]
[216 -74 17]
[216 -75 17]
[216 15 -37]
[216 -29 90]
[216 24 -35]
[216 -66 23]
[216 -68 25]
[216 18 -40]
[216 16 -40]
[216 -30 90]
[216 17 -34]
[216 -33 92]
[216 -32 92]
[216 -31 91]
[216 -76 10]
[216 -77 11]
[216 -64 22]
[217 16 -32]
[217 16 -34]
[217 -29 89]
[217 -28 89]
[217 19 -40]
[217 -76 16]
[217 -27 90]
[217 -28 90]
[217 -65 23]
[217 -64 23]
[217 -76 15]
[217 -33 94]
[217 23 -35]
[217 -50 -41]
[217 -76 9]
[217 -67 26]
[217 -30 89]
[217 -78 10]
[217 -77 12]
[217 17 -35]
[217 -19 104]
[217 -32 91]
[217 -34 93]
[217 -33 91]
[217 -33 93]
[217 -31 90]
[218 -34 92]
[218 -34 94]
[218 -25 92]
[218 -75 18]
[218 -77 13]
[218 -34 91]
[218 -34 90]
[218 -32 90]
[218 -29 88]
[218 -30 88]
[218 -31 88]
[218 -79 10]
[218 -66 24]
[218 -69 24]
[218 -27 89]
[218 -28 88]
[218 -31 89]
[218 -69 23]
[218 -77 14]
[218 -50 -42]
[218 -35 93]
[218 -35 92]
[218 -33 90]
[218 -65 24]
[218 33 -20]
[218 15 -40]
[218 -32 89]
[218 -64 24]
[219 18 -41]
[219 -27 88]
[219 -26 89]
[219 -76 19]
[219 -75 19]
[219 -57 -35]
[219 15 -35]
[219 -70 22]
[219 -34 95]
[219 -35 95]
[219 -78 14]
[219 -78 15]
[219 -33 89]
[219 20 -41]
[219 -29 87]
[219 -31 87]
[219 -30 87]
[219 -25 91]
[219 -35 91]
[219 -35 90]
[219 -35 94]
[219 -67 25]
[219 -36 93]
[219 -36 92]
[219 -77 17]
[219 18 -39]
[219 -32 88]
[219 -32 87]
[219 -34 89]
[219 -35 89]
[219 -33 88]
[219 -78 9]
[219 -28 87]
[219 -27 87]
[219 -80 9]
[219 -24 91]
[220 -37 94]
[220 -37 92]
[220 -37 93]
[220 -26 88]
[220 -36 91]
[220 -35 88]
[220 -36 90]
[220 -36 88]
[220 -34 88]
[220 -24 90]
[220 -75 20]
[220 -50 -39]
[220 -80 10]
[220 15 -34]
[220 -28 86]
[220 -29 86]
[220 15 -36]
[220 -25 90]
[220 -27 86]
[220 -26 87]
[220 -26 91]
[220 -36 94]
[220 -32 86]
[220 -31 86]
[220 -66 26]
[220 -70 21]
[220 -78 16]
[220 -66 27]
[220 20 -40]
[220 -34 87]
[221 14 -36]
[221 -36 89]
[221 -37 90]
[221 -37 91]
[221 -37 95]
[221 -81 9]
[221 -80 8]
[221 -76 20]
[221 -75 21]
[221 -74 21]
[221 -28 85]
[221 -26 86]
[221 -26 85]
[221 -27 85]
[221 -25 88]
[221 16 -35]
[221 -35 87]
[221 -37 88]
[221 -37 89]
[221 -37 87]
[221 -57 -36]
[221 -25 87]
[221 -18 104]
[221 -29 85]
[221 -30 85]
[221 -30 86]
[221 -78 17]
[221 -71 20]
[221 -71 21]
[221 -70 20]
[221 20 -42]
[221 -23 90]
[221 -26 90]
[221 -51 -42]
[221 -38 92]
[221 -38 94]
[221 -35 86]
[221 33 -21]
[221 -36 95]
[221 -38 93]
[221 -74 20]
[221 -31 85]
[221 -32 85]
[221 -38 91]
[222 21 -41]
[222 -25 86]
[222 -31 84]
[222 -32 84]
[222 -72 21]
[222 -65 27]
[222 -38 90]
[222 -39 90]
[222 -39 92]
[222 -27 84]
[222 -29 84]
[222 -28 84]
[222 -36 87]
[222 -30 84]
[222 -25 89]
[222 -38 95]
[222 -51 -43]
[222 -58 -37]
[222 -38 89]
[222 -39 93]
[222 14 -33]
[222 -22 89]
[222 -24 89]
[222 -24 87]
[222 -81 7]
[222 -57 -67]
[222 -74 22]
[222 -73 20]
[222 -38 88]
[222 -26 84]
[222 -78 18]
[222 -36 86]
[222 -37 86]
[223 -38 87]
[223 -38 86]
[223 -25 85]
[223 -56 -68]
[223 -58 -67]
[223 -23 89]
[223 14 -37]
[223 19 -39]
[223 -27 83]
[223 -32 83]
[223 -31 83]
[223 -57 -38]
[223 -39 94]
[223 -80 7]
[223 -29 83]
[223 -28 83]
[223 -40 90]
[223 -39 89]
[223 -39 87]
[223 -38 85]
[223 -73 22]
[223 -40 92]
[223 -40 93]
[223 -40 94]
[223 -25 84]
[223 -24 86]
[223 -23 86]
[223 -39 95]
[223 -39 91]
[223 -39 88]
[223 14 -35]
[223 -24 85]
[223 -80 6]
[223 -40 91]
[224 -23 84]
[224 -23 85]
[224 -81 6]
[224 -50 -43]
[224 -41 91]
[224 -41 90]
[224 -26 83]
[224 -25 83]
[224 -23 87]
[224 -24 84]
[224 -39 86]
[224 21 -40]
[224 -22 85]
[224 16 -41]
[224 -39 85]
[224 -38 84]
[224 -73 23]
[224 -30 82]
[224 -28 82]
[224 -29 82]
[224 -41 94]
[224 -57 -68]
[224 -24 88]
[224 -78 19]
[224 -40 89]
[224 -40 88]
[224 32 -22]
[224 -41 92]
[224 -41 93]
[225 -27 82]
[225 -51 -44]
[225 -40 86]
[225 -24 83]
[225 -42 92]
[225 -42 90]
[225 -41 88]
[225 -41 89]
[225 -42 93]
[225 -42 91]
[225 -21 85]
[225 -21 84]
[225 -22 84]
[225 -26 82]
[225 -23 88]
[225 -40 87]
[225 -70 19]
[225 -42 89]
[225 33 -22]
[225 -40 84]
[225 -25 82]
[225 -22 88]
[225 -28 81]
[225 -27 81]
[225 -21 88]
[225 -23 83]
[225 -22 83]
[225 -29 81]
[225 -30 81]
[225 -22 86]
[225 -39 84]
[225 -39 83]
[225 15 -39]
[225 -57 -37]
[225 -74 24]
[226 -41 84]
[226 -40 83]
[226 -41 83]
[226 -24 82]
[226 -20 84]
[226 -20 85]
[226 -21 83]
[226 -21 82]
[226 -22 82]
[226 -23 82]
[226 -41 85]
[226 -22 87]
[226 -43 89]
[226 -43 88]
[226 -42 88]
[226 -56 -69]
[226 -40 82]
[226 -43 91]
[226 20 -39]
[226 13 -37]
[226 13 -38]
[226 -21 87]
[226 -25 81]
[226 -41 87]
[226 23 -36]
[226 -29 80]
[226 -30 80]
[226 -27 80]
[226 19 -43]
[226 -40 85]
[226 -38 83]
[226 13 -36]
[226 -78 20]
[226 -26 81]
[226 -24 81]
[227 -20 87]
[227 -28 79]
[227 -26 80]
[227 -43 87]
[227 -44 89]
[227 -44 88]
[227 -21 86]
[227 -42 86]
[227 16 -42]
[227 -20 82]
[227 -20 83]
[227 -37 82]
[227 -37 83]
[227 -25 80]
[227 12 -39]
[227 -44 91]
[227 -22 81]
[227 -42 84]
[227 -41 86]
[227 -43 90]
[227 -42 87]
[227 -44 90]
[227 -55 -69]
[227 -23 81]
[227 -20 81]
[227 -21 81]
[227 -29 79]
[227 -42 83]
[228 -25 79]
[228 -45 89]
[228 17 -41]
[228 14 -39]
[228 -30 79]
[228 -36 82]
[228 -22 80]
[228 -21 80]
[228 -23 80]
[228 13 -33]
[228 -19 80]
[228 -42 85]
[228 -24 80]
[228 12 -37]
[228 -44 86]
[228 18 -44]
[228 -45 92]
[228 -45 88]
[228 -43 86]
[228 -28 78]
[228 -27 78]
[228 -19 82]
[228 -44 87]
[228 -26 79]
[228 -19 83]
[228 -43 83]
[228 -43 85]
[228 -41 82]
[228 -58 -38]
[228 -45 87]
[228 -43 84]
[229 -45 91]
[229 -44 92]
[229 -46 92]
[229 -45 93]
[229 -46 91]
[229 -19 86]
[229 -44 85]
[229 -36 81]
[229 -45 90]
[229 -22 79]
[229 -21 79]
[229 -23 79]
[229 -18 80]
[229 -18 81]
[229 -45 86]
[229 -46 89]
[229 -18 83]
[229 -18 84]
[229 -18 82]
[229 12 -34]
[229 14 -40]
[229 18 -43]
[229 -20 80]
[229 19 -42]
[229 -46 88]
[229 -44 83]
[229 15 -43]
[229 -46 87]
[229 -30 78]
[229 -29 78]
[229 17 -44]
[229 -35 81]
[229 -24 79]
[229 11 -40]
[229 11 -39]
[230 -22 78]
[230 -24 78]
[230 -45 84]
[230 -44 82]
[230 -45 82]
[230 -18 79]
[230 -20 79]
[230 -19 79]
[230 -46 90]
[230 -46 86]
[230 -47 86]
[230 -31 79]
[230 -47 89]
[230 12 -41]
[230 10 -41]
[230 -29 77]
[230 -27 77]
[230 16 -45]
[230 -47 92]
[230 -17 80]
[230 -17 81]
[230 -17 83]
[230 -17 82]
[230 -47 90]
[230 -26 78]
[230 -18 85]
[230 -44 84]
[230 13 -41]
[230 -47 91]
[230 -45 85]
[230 -17 79]
[230 -54 -69]
[230 -19 84]
[230 -35 80]
[230 -34 80]
[230 -46 85]
[230 -44 93]
[230 -21 78]
[230 -17 84]
[230 -44 94]
[230 -46 94]
[231 -17 85]
[231 -18 78]
[231 13 -34]
[231 -47 87]
[231 -48 85]
[231 -28 77]
[231 -44 81]
[231 -48 90]
[231 -47 85]
[231 21 -39]
[231 -45 83]
[231 -46 83]
[231 -48 91]
[231 -47 93]
[231 -46 93]
[231 -48 89]
[231 -48 88]
[231 -27 79]
[231 17 -45]
[231 -16 84]
[231 -21 77]
[231 -34 79]
[231 -46 95]
[231 -45 95]
[231 -47 94]
[231 -45 94]
[231 -46 84]
[231 -25 77]
[231 -23 77]
[231 -16 85]
[231 -17 78]
[231 -19 81]
[231 16 -44]
[231 -45 81]
[231 -46 81]
[232 -49 85]
[232 -47 84]
[232 -49 86]
[232 -48 86]
[232 -48 84]
[232 -47 88]
[232 -49 88]
[232 -49 87]
[232 -48 87]
[232 -49 89]
[232 -48 92]
[232 10 -40]
[232 -17 77]
[232 -18 77]
[232 -57 -70]
[232 -46 82]
[232 -46 80]
[232 -48 93]
[232 -32 78]
[232 -33 79]
[232 -49 91]
[232 -49 90]
[232 -49 92]
[232 -25 78]
[232 -45 80]
[232 9 -40]
[232 -44 95]
[232 -45 96]
[232 -44 96]
[232 -22 77]
[232 -20 78]
[232 -47 82]
[232 -47 83]
[232 -19 78]
[232 -19 77]
[233 -16 77]
[233 32 -23]
[233 -47 81]
[233 -50 84]
[233 -50 90]
[233 -48 83]
[233 -48 82]
[233 -48 81]
[233 18 -45]
[233 -50 89]
[233 -44 97]
[233 -51 -45]
[233 -58 -71]
[233 -50 87]
[233 -47 79]
[233 11 -38]
[233 12 -38]
[233 -35 78]
[233 -46 79]
[233 -46 96]
[233 -50 86]
[233 -47 80]
[233 11 -35]
[233 -23 78]
[233 -50 91]
[234 -50 83]
[234 -51 83]
[234 13 -32]
[234 -47 96]
[234 -48 79]
[234 -47 78]
[234 -20 86]
[234 -48 80]
[234 -50 88]
[234 15 -44]
[234 31 -23]
[234 31 -24]
[234 -49 82]
[234 -49 84]
[234 -50 85]
[234 9 -42]
[234 -52 -45]
[234 -58 -72]
[234 12 -42]
[234 -51 88]
[234 -51 89]
[234 -26 77]
[234 11 -37]
[234 -49 81]
[234 -49 80]
[234 -51 85]
[234 -51 87]
[234 -45 97]
[235 -33 78]
[235 -49 83]
[235 -50 82]
[235 13 -40]
[235 -49 79]
[235 -51 86]
[235 -50 81]
[235 -50 80]
[235 -53 -46]
[235 -46 97]
[235 -51 -46]
[235 -52 -46]
[235 -52 89]
[235 -53 -70]
[235 -52 85]
[235 -23 76]
[235 -45 98]
[235 -52 87]
[235 -52 88]
[235 -52 86]
[235 -52 82]
[235 -44 98]
[235 -48 95]
[235 -57 -66]
[235 9 -41]
[235 -47 77]
[235 -48 77]
[235 -46 78]
[236 -51 82]
[236 -53 83]
[236 -53 81]
[236 -51 81]
[236 -53 82]
[236 -51 84]
[236 -53 84]
[236 -52 -69]
[236 -53 89]
[236 -53 88]
[236 14 -44]
[236 14 -45]
[236 -48 78]
[236 10 -39]
[236 -51 79]
[236 -50 79]
[236 -49 78]
[236 -53 85]
[236 14 -32]
[236 -57 -71]
[236 -59 -73]
[236 22 -39]
[236 21 -38]
[236 -53 87]
[236 -45 99]
[236 -49 76]
[236 8 -42]
[237 -52 84]
[237 -20 77]
[237 -54 82]
[237 -52 81]
[237 23 -37]
[237 -54 84]
[237 -52 83]
[237 8 -41]
[237 -54 90]
[237 -54 88]
[237 -53 86]
[237 -51 80]
[237 -44 99]
[237 7 -43]
[237 -54 85]
[237 -50 78]
[237 -49 77]
[237 -50 77]
[237 -50 75]
[237 -48 76]
[237 -54 89]
[237 -54 87]
[237 9 -39]
[237 -34 78]
[237 -60 -72]
[237 13 -45]
[237 -52 79]
[237 -52 80]
[237 -59 -72]
[237 -35 77]
[238 8 -40]
[238 23 -39]
[238 23 -40]
[238 22 -40]
[238 -48 75]
[238 15 -45]
[238 -24 75]
[238 -47 75]
[238 14 -46]
[238 -53 78]
[238 -53 79]
[238 -53 80]
[238 -52 78]
[238 -55 89]
[238 -54 83]
[238 -55 84]
[238 -55 86]
[238 -51 78]
[238 -53 -69]
[238 -54 81]
[238 -56 -71]
[238 -55 90]
[238 -51 77]
[238 -51 76]
[238 13 -46]
[238 -55 82]
[238 -55 81]
[238 -55 87]
[238 -55 88]
[238 6 -43]
[238 6 -44]
[238 -55 85]
[238 -54 86]
[239 -55 83]
[239 -56 86]
[239 -51 -47]
[239 -23 74]
[239 20 -38]
[239 -52 -47]
[239 -54 78]
[239 -54 80]
[239 -50 76]
[239 -54 79]
[239 -53 77]
[239 -54 77]
[239 -56 80]
[239 -55 80]
[239 7 -41]
[239 -57 -72]
[239 -52 77]
[239 -52 76]
[239 -19 85]
[239 -56 83]
[239 -56 81]
[239 10 -35]
[239 -56 89]
[239 -51 74]
[239 -51 75]
[239 -54 91]
[239 -55 91]
[239 -56 91]
[239 -49 74]
[239 -48 74]
[239 -47 74]
[239 -56 90]
[239 -32 79]
[239 14 -47]
[239 -46 74]
[240 -52 74]
[240 -55 79]
[240 -55 78]
[240 -50 73]
[240 -36 77]
[240 -56 79]
[240 -56 82]
[240 -56 84]
[240 -54 76]
[240 -56 88]
[240 -56 87]
[240 -22 74]
[240 -53 76]
[240 -23 75]
[240 -57 89]
[240 -57 90]
[240 24 -39]
[240 -55 77]
[240 -56 85]
[240 -57 91]
[240 -43 99]
[240 -49 73]
[240 -57 81]
[240 -57 82]
[240 -57 80]
[240 -57 87]
[240 -57 85]
[240 -43 100]
[240 22 -38]
[240 -46 73]
[240 -45 73]
[240 -46 75]
[240 -45 74]
[240 -47 73]
[240 19 -38]
[240 -48 73]
[240 -56 -72]
[241 -42 100]
[241 15 -46]
[241 -49 72]
[241 -51 73]
[241 -51 72]
[241 -58 85]
[241 -58 84]
[241 -58 86]
[241 -46 72]
[241 -48 72]
[241 -47 72]
[241 5 -42]
[241 -58 89]
[241 -57 84]
[241 -57 83]
[241 8 -43]
[241 -52 73]
[241 -58 80]
[241 -58 81]
[241 -57 88]
[241 -45 76]
[241 -53 73]
[241 -57 79]
[241 7 -44]
[241 25 -38]
[241 -45 72]
[241 -44 73]
[241 -44 74]
[241 -57 86]
[241 -57 -73]
[241 6 -42]
[241 -37 78]
[241 -61 -72]
[241 -56 78]
[241 -44 75]
[241 -56 77]
[241 11 -34]
[241 -58 79]
[241 -58 82]
[241 -58 87]
[241 -56 92]
[241 13 -47]
[241 24 -38]
[242 -59 79]
[242 -57 78]
[242 -59 78]
[242 -59 80]
[242 -58 90]
[242 -59 90]
[242 -42 101]
[242 -45 75]
[242 -43 74]
[242 -55 75]
[242 -55 76]
[242 26 -37]
[242 -59 85]
[242 -59 84]
[242 -58 88]
[242 -59 81]
[242 -58 78]
[242 -44 76]
[242 -43 75]
[242 -47 71]
[242 -48 71]
[242 -54 -46]
[242 -50 72]
[242 -49 71]
[242 -50 71]
[242 -46 71]
[242 -45 71]
[242 -44 71]
[242 -62 -73]
[242 -56 93]
[242 -55 93]
[242 -57 76]
[242 -56 76]
[242 32 -25]
[242 -41 101]
[242 -59 83]
[242 -44 72]
[242 -43 72]
[242 -58 83]
[242 13 -48]
[242 16 -46]
[242 -51 71]
[242 -52 72]
[242 -53 72]
[242 32 -24]
[242 -49 95]
[242 -38 79]
[242 -38 78]
[242 -53 74]
[243 -48 70]
[243 -47 70]
[243 -46 70]
[243 -59 82]
[243 -57 75]
[243 -56 75]
[243 -57 77]
[243 -43 73]
[243 -59 -71]
[243 -49 70]
[243 -50 70]
[243 -43 76]
[243 -59 86]
[243 -58 77]
[243 -59 77]
[243 -60 82]
[243 -60 84]
[243 -60 83]
[243 -24 73]
[243 -52 70]
[243 -60 79]
[243 -60 78]
[243 -59 88]
[243 -59 89]
[243 -55 74]
[243 -59 87]
[243 -58 91]
[243 -58 76]
[243 -58 75]
[243 -60 80]
[243 -55 94]
[243 -54 72]
[243 -54 74]
[243 -54 73]
[243 -42 73]
[243 -53 71]
[243 -52 71]
[243 20 -37]
[243 -54 71]
[243 -60 91]
[243 -60 89]
[243 -54 -47]
[243 -55 -46]
[243 -40 101]
[243 -41 102]
[243 -42 74]
[243 -63 -73]
[243 -57 92]
[243 -39 79]
[243 25 -37]
[244 -57 74]
[244 -56 74]
[244 -58 74]
[244 -59 76]
[244 -59 74]
[244 -53 70]
[244 -61 78]
[244 -61 77]
[244 -37 76]
[244 -36 76]
[244 -40 103]
[244 -60 87]
[244 -60 88]
[244 -60 81]
[244 -56 94]
[244 -42 75]
[244 -45 70]
[244 -60 86]
[244 7 -42]
[244 -55 -47]
[244 -48 69]
[244 -49 69]
[244 -47 69]
[244 -50 69]
[244 -55 73]
[244 -60 77]
[244 -41 72]
[244 -41 74]
[244 -52 69]
[244 -43 77]
[244 -62 -72]
[244 -61 84]
[244 -61 85]
[244 -61 83]
[244 -59 75]
[244 -63 -74]
[244 -61 88]
[244 -41 75]
[244 -60 85]
[244 -51 70]
[244 -24 72]
[244 -56 73]
[244 -51 69]
[244 -61 92]
[244 -54 -48]
[244 -46 69]
[244 -55 72]
[244 -55 70]
[244 -55 71]
[244 -61 79]
[244 -40 79]
[245 -61 82]
[245 -42 76]
[245 -49 68]
[245 -60 73]
[245 -60 74]
[245 -54 69]
[245 -56 70]
[245 -56 71]
[245 -54 70]
[245 -61 87]
[245 -60 76]
[245 -60 75]
[245 -61 86]
[245 -37 75]
[245 -62 82]
[245 -50 68]
[245 -52 68]
[245 -62 87]
[245 -53 69]
[245 -56 72]
[245 -60 -71]
[245 -57 73]
[245 -58 73]
[245 -22 73]
[245 -39 78]
[245 5 -41]
[245 -59 92]
[245 -59 91]
[245 -62 77]
[245 -48 68]
[245 -62 78]
[245 -40 102]
[245 -51 68]
[245 -40 73]
[245 -23 72]
[245 -25 71]
[245 -56 -73]
[245 7 -40]
[245 12 -32]
[245 -55 -49]
[245 -56 -47]
[245 -55 -48]
[245 -47 68]
[245 -42 78]
[245 -42 77]
[245 -41 76]
[246 -61 75]
[246 -58 93]
[246 -24 74]
[246 -57 72]
[246 -57 71]
[246 15 -47]
[246 -41 77]
[246 -41 78]
[246 -62 81]
[246 -63 76]
[246 -62 76]
[246 -63 78]
[246 -55 69]
[246 -49 67]
[246 -50 67]
[246 -59 73]
[246 -59 72]
[246 -61 72]
[246 -61 73]
[246 -61 74]
[246 -40 78]
[246 -39 72]
[246 -40 76]
[246 -61 91]
[246 -55 -50]
[246 -54 -50]
[246 -56 69]
[246 -61 76]
[246 -23 71]
[246 -64 -74]
[246 -64 -75]
[246 -62 83]
[246 12 -49]
[246 -41 103]
[246 -25 74]
[246 -53 68]
[246 -45 68]
[246 -56 -48]
[246 -58 72]
[246 -57 70]
[247 -23 73]
[247 -58 71]
[247 -57 69]
[247 -58 70]
[247 -58 69]
[247 -25 73]
[247 12 -48]
[247 -63 77]
[247 -48 67]
[247 -52 -70]
[247 -62 75]
[247 -62 74]
[247 -64 75]
[247 -64 76]
[247 -62 79]
[247 -38 73]
[247 -56 68]
[247 -57 68]
[247 -44 68]
[247 -55 68]
[247 -41 104]
[247 -63 88]
[247 -63 87]
[247 6 -41]
[247 -60 72]
[247 -39 77]
[247 -39 104]
[247 -38 74]
[247 4 -43]
[247 -62 90]
[247 -62 72]
[247 -62 73]
[247 -60 71]
[247 -61 71]
[247 -63 75]
[247 4 -42]
[247 -56 -50]
[247 -41 71]
[247 -40 71]
[247 -51 67]
[247 -52 67]
[247 -64 77]
[248 -58 68]
[248 -56 67]
[248 -64 78]
[248 -59 71]
[248 -63 74]
[248 -59 70]
[248 -65 -75]
[248 -63 79]
[248 -65 75]
[248 -65 76]
[248 -51 66]
[248 -24 71]
[248 -26 71]
[248 -24 70]
[248 -65 78]
[248 -64 89]
[248 -59 68]
[248 -64 -73]
[248 -21 73]
[248 -63 91]
[248 -63 72]
[248 -40 104]
[248 -65 74]
[248 -64 74]
[248 -63 71]
[248 -62 71]
[248 -39 75]
[248 -63 83]
[248 -63 82]
[248 -62 70]
[248 -61 70]
[248 -60 70]
[248 -62 88]
[248 -46 67]
[248 -54 67]
[248 -40 105]
[248 -39 105]
[249 -63 73]
[249 -23 70]
[249 -65 88]
[249 5 -44]
[249 -65 73]
[249 -64 73]
[249 -59 67]
[249 -58 67]
[249 -59 69]
[249 -64 87]
[249 -64 70]
[249 -64 72]
[249 -60 -70]
[249 -63 70]
[249 -40 106]
[249 -39 106]
[249 -22 72]
[249 -53 -68]
[249 -63 89]
[249 -66 -76]
[249 -65 77]
[249 -41 73]
[249 -49 66]
[249 -52 65]
[249 -60 68]
[249 -60 69]
[249 -60 67]
[249 -66 74]
[249 -66 75]
[249 -63 80]
[249 -66 77]
[249 -66 76]
[249 -40 70]
[249 -62 89]
[249 -20 73]
[249 -63 84]
[249 -56 -49]
[249 32 -26]
[249 -61 69]
[249 -64 91]
[249 -64 82]
[249 -55 67]
[250 -65 -74]
[250 -65 -77]
[250 6 -40]
[250 -25 72]
[250 -41 106]
[250 -66 79]
[250 -66 73]
[250 -61 68]
[250 -67 76]
[250 -67 77]
[250 -67 78]
[250 -47 66]
[250 -64 86]
[250 -65 86]
[250 -65 87]
[250 -37 74]
[250 -45 67]
[250 -67 75]
[250 -23 69]
[250 -57 -49]
[250 -41 70]
[250 -65 72]
[250 -57 67]
[250 -64 71]
[250 -64 88]
[250 -40 69]
[250 -39 70]
[250 -39 69]
[250 -42 71]
[250 -64 83]
[250 -38 104]
[250 -66 72]
[250 -65 69]
[250 -64 69]
[250 -24 69]
[250 -66 -75]
[250 -54 -51]
[251 -65 -78]
[251 -64 -78]
[251 -68 76]
[251 -66 85]
[251 -66 86]
[251 -38 107]
[251 -65 71]
[251 -66 80]
[251 -68 74]
[251 -67 73]
[251 -37 103]
[251 -40 77]
[251 -65 89]
[251 -20 72]
[251 -38 72]
[251 -67 71]
[251 -66 71]
[251 -67 72]
[251 -66 70]
[251 -66 69]
[251 -53 67]
[251 -64 85]
[251 -43 67]
[251 -42 107]
[251 -66 78]
[251 -57 -47]
[251 -64 80]
[251 -46 66]
[251 -66 88]
[251 -22 69]
[251 -40 74]
[251 -65 70]
[251 -50 66]
[251 -68 75]
[252 -64 84]
[252 -26 72]
[252 -67 84]
[252 -68 72]
[252 -39 76]
[252 -49 65]
[252 -50 65]
[252 -67 69]
[252 -67 70]
[252 -43 107]
[252 -63 -75]
[252 -68 71]
[252 -69 73]
[252 -69 74]
[252 -42 66]
[252 -68 78]
[252 -20 71]
[252 -37 107]
[252 -37 108]
[252 -39 108]
[252 -66 68]
[252 -66 87]
[252 -37 104]
[252 -26 74]
[252 -69 75]
[252 -67 79]
[252 11 -49]
[252 -64 -79]
[252 -58 -48]
[252 -51 65]
[253 -69 71]
[253 -68 73]
[253 -68 77]
[253 -67 68]
[253 -67 85]
[253 -65 84]
[253 -67 86]
[253 -68 70]
[253 -38 108]
[253 -68 68]
[253 -40 68]
[253 -70 76]
[253 -44 107]
[253 -36 103]
[253 -21 71]
[253 -69 77]
[253 -69 78]
[253 -69 76]
[253 -38 71]
[253 -20 70]
[253 -36 106]
[253 -69 72]
[253 10 -50]
[253 -68 80]
[253 -22 70]
[253 -37 109]
[253 -36 107]
[253 -67 -76]
[253 -39 73]
[253 -41 66]
[253 -37 105]
[254 -59 -48]
[254 -40 65]
[254 -40 66]
[254 -43 106]
[254 -44 108]
[254 -70 77]
[254 -68 79]
[254 -38 109]
[254 -68 85]
[254 -68 87]
[254 -66 83]
[254 -40 67]
[254 -39 67]
[254 -41 67]
[254 -36 108]
[254 -69 80]
[254 -41 69]
[254 -41 68]
[254 -53 64]
[254 -38 70]
[254 -68 69]
[254 -67 67]
[254 -68 67]
[254 -69 67]
[254 -67 87]
[254 -67 89]
[254 -69 70]
[254 -42 70]
[254 11 -31]
[254 -27 72]
[254 -70 72]
[254 -70 71]
[254 -21 70]
[254 -68 84]
[254 -68 83]
[254 -67 83]
[254 -52 64]
[254 -35 105]
[255 -67 81]
[255 -36 105]
[255 -35 107]
[255 -70 73]
[255 -69 66]
[255 -70 70]
[255 -71 71]
[255 -38 66]
[255 -39 66]
[255 -70 78]
[255 -66 82]
[255 -41 64]
[255 -27 71]
[255 -40 75]
[255 -38 110]
[255 -48 65]
[255 -21 74]
[255 -69 68]
[255 -69 69]
[255 -70 67]
[255 -70 68]
[255 -67 -75]
[255 3 -43]
[255 -20 74]
[255 -47 65]
[255 -70 79]
[255 -69 81]
[255 -67 82]
[255 -69 86]
[255 -41 65]
[255 -19 72]
[256 -70 69]
[256 -68 -77]
[256 -26 73]
[256 -57 -48]
[256 -71 70]
[256 -71 72]
[256 -71 67]
[256 -71 68]
[256 -42 65]
[256 -71 66]
[256 -35 104]
[256 10 -31]
[256 -68 89]
[256 -36 110]
[256 -71 69]
[256 -52 63]
[256 4 -44]
[256 -70 66]
[256 -43 66]
[256 -42 67]
[256 -37 110]
[256 -70 86]
[256 -71 79]
[256 -42 69]
[256 -71 74]
[256 -71 73]
[256 -22 71]
[256 -34 107]
[256 -72 71]
[257 10 -51]
[257 -72 67]
[257 -72 69]
[257 -72 68]
[257 -69 85]
[257 -72 66]
[257 -72 65]
[257 -46 64]
[257 -28 71]
[257 -34 108]
[257 -55 -52]
[257 7 -39]
[257 -20 69]
[257 -66 -77]
[257 -51 63]
[257 -71 80]
[257 -71 78]
[257 -72 70]
[257 -28 72]
[257 -39 71]
[257 -58 -49]
[257 -69 83]
[257 -36 111]
[257 -35 111]
[257 -72 78]
[257 -40 108]
[257 -43 109]
[257 -39 68]
[257 13 -31]
[257 -43 108]
[258 3 -44]
[258 -27 73]
[258 -67 90]
[258 -73 66]
[258 -72 64]
[258 -73 65]
[258 -71 65]
[258 -73 67]
[258 -73 68]
[258 -73 70]
[258 -73 69]
[258 -42 68]
[258 -72 72]
[258 -43 65]
[258 -27 74]
[258 32 -27]
[258 9 -30]
[258 -43 64]
[258 -35 112]
[258 -35 110]
[258 -47 63]
[258 -72 80]
[258 -72 77]
[258 -71 75]
[258 -39 110]
[258 -73 71]
[259 -29 71]
[259 -68 -76]
[259 -73 64]
[259 -40 111]
[259 -73 77]
[259 -42 64]
[259 -74 66]
[259 -74 65]
[259 9 -31]
[259 -45 64]
[259 -21 68]
[259 -74 72]
[259 -74 70]
[259 -71 76]
[259 -21 69]
[259 -72 76]
[259 3 -42]
[259 -74 64]
[259 -48 62]
[259 -73 73]
[259 -44 65]
[260 -75 65]
[260 -44 64]
[260 -74 67]
[260 -73 72]
[260 10 -30]
[260 -72 81]
[260 -75 70]
[260 -75 69]
[260 -74 69]
[260 -74 68]
[260 -75 73]
[260 -40 110]
[260 -46 63]
[260 -72 74]
[260 2 -42]
[260 -52 -68]
[260 -70 85]
[260 -70 83]
[260 -75 66]
[260 -75 64]
[260 -74 76]
[260 -74 63]
[260 -41 111]
[260 -43 63]
[260 11 -50]
[260 -34 112]
[260 -22 68]
[260 -51 62]
[261 -76 70]
[261 -76 65]
[261 -76 64]
[261 -76 74]
[261 -75 68]
[261 -75 67]
[261 -71 82]
[261 -75 75]
[261 -74 77]
[261 -75 63]
[261 1 -43]
[261 2 -45]
[261 -45 63]
[261 -73 79]
[261 -51 -67]
[261 4 -45]
[261 -76 63]
[261 -75 72]
[261 -48 61]
[261 2 -44]
[261 -76 68]
[261 -76 69]
[261 12 -31]
[261 14 -31]
[261 -50 62]
[261 -52 61]
[262 -28 73]
[262 -71 83]
[262 -44 63]
[262 -77 71]
[262 -64 -80]
[262 -40 112]
[262 -77 63]
[262 -77 65]
[262 -77 69]
[262 -75 77]
[262 -75 71]
[262 -49 62]
[262 -76 66]
[262 -76 67]
[262 -51 -68]
[262 -76 73]
[262 -73 75]
[262 -74 75]
[262 32 -28]
[262 10 -52]
[262 -54 -52]
[262 1 -46]
[262 -29 70]
[262 -77 67]
[262 -77 64]
[262 -76 62]
[262 -77 62]
[262 -54 63]
[262 -77 66]
[262 -34 109]
[263 -18 72]
[263 -76 78]
[263 -73 74]
[263 -78 68]
[263 -43 69]
[263 -77 61]
[263 -77 73]
[263 -51 -69]
[263 -50 -67]
[263 3 -46]
[263 -53 63]
[263 -30 69]
[263 -78 66]
[263 -73 78]
[263 -46 62]
[263 31 -29]
[263 -47 62]
[263 -78 63]
[263 1 -45]
[263 -78 64]
[263 -78 62]
[263 -75 74]
[263 -78 61]
[263 -38 67]
[263 -78 72]
[263 -71 84]
[263 11 -30]
[264 -17 72]
[264 -78 65]
[264 -51 60]
[264 -73 76]
[264 -50 61]
[264 -49 61]
[264 -51 61]
[264 -73 80]
[264 -73 81]
[264 12 -30]
[264 -78 71]
[264 -79 71]
[264 -79 72]
[264 -76 79]
[264 -77 77]
[264 32 -29]
[264 -49 60]
[264 -75 78]
[264 -76 77]
[264 -79 62]
[264 0 -47]
[264 -79 67]
[264 -39 113]
[264 -77 72]
[264 -45 62]
[264 -46 61]
[264 -79 64]
[264 -79 65]
[264 -69 -77]
[264 -64 -81]
[265 -76 76]
[265 -75 76]
[265 -79 70]
[265 9 -51]
[265 -80 62]
[265 -79 63]
[265 -80 64]
[265 13 -30]
[265 -77 79]
[265 -77 78]
[265 -38 112]
[265 -79 68]
[265 -80 65]
[265 -78 77]
[265 31 -30]
[265 -72 82]
[265 -29 72]
[265 -69 -78]
[265 -76 80]
[265 -77 80]
[265 0 -46]
[266 -74 81]
[266 -80 68]
[266 -81 62]
[266 -79 60]
[266 -80 66]
[266 -29 69]
[266 -75 80]
[266 -80 63]
[266 -81 65]
[266 -50 60]
[266 -78 76]
[266 -77 76]
[266 3 -45]
[266 -74 80]
[266 -78 73]
[266 -52 60]
[266 -20 75]
[266 -1 -46]
[266 -37 113]
[266 -78 79]
[266 -20 68]
[266 -79 69]
[266 -17 71]
[266 30 -31]
[266 1 -42]
[267 -78 78]
[267 -47 61]
[267 -79 74]
[267 -81 64]
[267 -82 66]
[267 -16 71]
[267 -75 79]
[267 -81 63]
[267 -67 91]
[267 -81 67]
[267 -74 79]
[267 8 -52]
[267 -80 69]
[267 -76 81]
[267 -79 76]
[267 -55 63]
[268 3 -47]
[268 -77 82]
[268 -54 64]
[268 -79 78]
[268 -82 64]
[268 -81 66]
[268 -81 68]
[268 7 -53]
[268 -83 66]
[268 -82 62]
[268 -76 75]
[268 -79 61]
[268 -75 82]
[268 -66 91]
[268 -1 -47]
[268 31 -31]
[268 -63 -82]
[268 -38 113]
[268 -79 75]
[268 -72 84]
[269 -80 73]
[269 -82 67]
[269 -82 69]
[269 -64 -82]
[269 9 -52]
[269 -68 91]
[269 -78 75]
[269 -69 -76]
[269 -79 73]
[269 -80 72]
[269 -73 83]
[269 -83 62]
[269 -37 114]
[269 -1 -48]
[269 -28 69]
[270 6 -53]
[270 -80 76]
[270 -80 79]
[270 -80 78]
[270 -82 68]
[270 -83 69]
[270 3 -48]
[270 -72 83]
[270 -79 80]
[270 -81 74]
[270 -78 83]
[270 -77 83]
[271 -77 75]
[271 -78 74]
[271 -15 70]
[271 -15 71]
[271 -2 -48]
[271 -78 82]
[271 -82 75]
[271 -81 73]
[271 -81 77]
[272 -81 79]
[272 -81 78]
[272 -84 68]
[272 -69 -79]
[272 -82 78]
[272 -82 76]
[272 29 -32]
[272 -79 81]
[272 -80 81]
[272 -80 80]
[272 -80 60]
[272 -79 82]
[272 -63 -83]
[272 -81 76]
[272 -36 115]
[272 -82 73]
[272 15 -31]
[272 -71 85]
[272 -2 -49]
[272 -81 72]
[272 -73 82]
[272 -81 75]
[273 -82 74]
[273 -82 77]
[273 -1 -50]
[273 -50 -69]
[273 -80 82]
[273 -81 82]
[273 2 -48]
[273 -82 79]
[273 -82 80]
[273 -83 76]
[274 -14 70]
[274 -79 59]
[274 -83 77]
[274 -83 75]
[274 -83 74]
[274 -83 81]
[274 -37 68]
[274 -82 82]
[274 6 -54]
[274 5 -53]
[274 -84 62]
[274 -82 72]
[274 -83 72]
[274 -37 116]
[275 -85 62]
[275 0 -48]
[275 -84 76]
[275 -44 69]
[275 -2 -50]
[275 -82 81]
[275 30 -32]
[275 -83 71]
[275 0 -51]
[275 -14 69]
[275 -83 73]
[275 -36 67]
[275 -37 67]
[275 -84 72]
[275 -38 116]
[275 -36 116]
[275 -79 58]
[275 5 -54]
[275 -83 80]
[275 29 -33]
[275 4 -52]
[275 -81 70]
[276 -35 68]
[276 -37 117]
[276 -84 69]
[276 0 -50]
[276 5 -55]
[276 -85 73]
[276 -85 71]
[276 -84 74]
[276 -36 68]
[276 -83 78]
[276 -39 115]
[276 -86 62]
[276 -1 -49]
[276 0 -49]
[276 -81 71]
[277 -85 70]
[277 -39 117]
[277 -38 117]
[277 -85 74]
[277 -79 57]
[277 -84 78]
[277 -82 70]
[277 4 -55]
[277 -85 72]
[277 0 -45]
[277 1 -49]
[277 -84 82]
[277 -35 114]
[277 -87 61]
[277 29 -34]
[277 28 -34]
[277 -35 116]
[277 -35 117]
[277 -84 70]
[277 2 -49]
[277 -83 70]
[277 -86 72]
[277 -1 -51]
[278 28 -35]
[278 -86 71]
[278 -86 70]
[278 -34 117]
[278 -88 61]
[278 -86 73]
[278 -78 56]
[278 -78 58]
[278 -63 -84]
[278 -2 -51]
[278 -87 62]
[278 -34 67]
[278 -85 77]
[278 -85 78]
[278 -73 84]
[278 -87 71]
[278 -87 73]
[278 -34 114]
[278 -34 115]
[279 -86 77]
[279 -71 86]
[279 -62 -82]
[279 -84 80]
[279 4 -53]
[279 -40 116]
[279 -86 69]
[279 -85 81]
[279 -83 83]
[279 -85 82]
[280 -84 81]
[280 -84 83]
[280 -77 57]
[280 -72 86]
[280 -87 78]
[280 -86 76]
[280 -37 118]
[280 -77 55]
[280 -87 69]
[280 -36 69]
[280 -14 68]
[280 -34 68]
[281 -86 82]
[281 -76 56]
[281 -34 118]
[281 -88 78]
[281 -88 77]
[281 3 -53]
[281 -40 117]
[281 -87 68]
[281 -88 73]
[281 -27 69]
[281 -87 76]
[281 -87 77]
[281 -85 83]
[281 -2 -52]
[281 -85 69]
[281 -88 71]
[281 -41 116]
[282 -41 117]
[282 -89 74]
[282 -89 72]
[282 -42 117]
[282 -89 76]
[282 -75 55]
[282 -89 70]
[282 -87 81]
[282 -87 83]
[282 -88 76]
[282 -86 80]
[282 -3 -52]
[282 -86 68]
[282 -40 118]
[282 -14 67]
[282 -87 79]
[282 -3 -48]
[283 -87 80]
[283 -89 78]
[283 -15 66]
[283 -90 73]
[283 -88 75]
[283 -41 118]
[283 -36 119]
[283 -90 77]
[283 -90 75]
[283 -40 119]
[283 -34 119]
[283 -35 119]
[283 1 -50]
[283 27 -36]
[283 -88 80]
[283 -89 69]
[283 -90 69]
[283 -90 71]
[283 -74 54]
[283 -35 70]
[283 -39 118]
[283 -78 57]
[283 -76 57]
[283 -77 56]
[283 -88 79]
[284 -35 69]
[284 -90 78]
[284 -87 75]
[284 -14 65]
[284 -33 120]
[284 -4 -53]
[284 -3 -53]
[284 -37 119]
[284 -76 55]
[284 -91 74]
[284 -91 73]
[284 -91 72]
[284 -33 119]
[284 -75 56]
[284 -91 75]
[284 -41 119]
[284 -89 81]
[284 -88 68]
[284 -89 71]
[284 -91 78]
[284 27 -35]
[284 26 -36]
[284 -35 120]
[285 -91 77]
[285 -89 79]
[285 -90 80]
[285 -36 120]
[285 -35 121]
[285 -37 120]
[285 -33 121]
[285 -88 74]
[285 -92 77]
[285 -75 54]
[285 -42 120]
[285 -43 118]
[285 -72 87]
[286 -43 119]
[286 -42 121]
[286 -88 67]
[286 -40 120]
[286 -92 76]
[286 -92 71]
[286 2 -52]
[286 -44 118]
[286 -43 117]
[286 -38 121]
[286 -38 120]
[286 -4 -52]
[286 -2 -53]
[286 -3 -54]
[287 -4 -54]
[287 2 -53]
[287 -41 121]
[287 -43 120]
[287 -39 120]
[287 -39 121]
[287 -92 75]
[287 -93 77]
[287 -89 82]
[287 -15 67]
[287 3 -52]
[287 -45 117]
[287 -44 119]
[287 -35 122]
[287 -34 69]
[287 -37 121]
[288 -62 -85]
[288 -39 122]
[288 -38 122]
[288 -35 123]
[288 -73 87]
[288 -44 117]
[288 -93 78]
[288 -46 118]
[288 -94 77]
[288 -41 122]
[288 -93 74]
[289 -1 -53]
[289 -47 117]
[289 -47 118]
[289 -94 76]
[289 -40 121]
[289 -91 81]
[289 -93 79]
[289 -36 124]
[289 -89 67]
[289 -95 76]
[290 -48 117]
[290 -48 118]
[290 -37 124]
[290 -36 123]
[290 -89 66]
[290 -90 66]
[290 -96 77]
[290 -95 75]
[290 -37 122]
[290 -33 70]
[291 -95 74]
[291 -94 80]
[291 -49 116]
[291 -49 117]
[291 -49 118]
[291 -94 74]
[291 -46 119]
[291 -42 123]
[291 -91 66]
[291 -38 123]
[291 -61 -86]
[291 -91 80]
[292 -43 124]
[292 -96 75]
[292 -47 119]
[292 -91 82]
[292 -93 80]
[292 -33 71]
[292 -40 123]
[292 -94 81]
[292 -94 79]
[292 -95 79]
[292 -1 -54]
[292 -38 124]
[293 -47 120]
[293 -94 82]
[293 -95 81]
[293 -95 78]
[293 -42 124]
[293 -34 70]
[293 -14 66]
[293 -41 123]
[293 -41 124]
[293 -97 75]
[293 -62 -86]
[293 -96 78]
[293 -96 79]
[293 -39 125]
[293 -50 115]
[293 -50 117]
[294 -39 124]
[294 -40 125]
[294 -61 -87]
[294 -74 56]
[294 -42 125]
[294 -96 80]
[294 -96 82]
[294 -98 74]
[294 -32 71]
[294 0 -54]
[294 -51 115]
[294 -50 114]
[294 -97 79]
[294 -95 82]
[294 -47 121]
[294 -94 83]
[294 -97 74]
[295 -51 114]
[295 -52 115]
[295 -38 125]
[295 -99 74]
[295 -97 80]
[295 -98 78]
[295 -97 77]
[295 -73 53]
[295 1 -53]
[295 -96 81]
[295 -42 126]
[295 -41 126]
[295 -43 125]
[295 -93 82]
[295 -98 73]
[295 -97 73]
[295 -96 73]
[295 -44 124]
[295 -46 120]
[295 -48 122]
[295 -93 84]
[295 -95 84]
[295 -94 84]
[295 -49 113]
[296 -100 75]
[296 -100 74]
[296 -40 126]
[296 -91 67]
[296 -60 -87]
[296 -45 124]
[296 -45 125]
[296 -45 123]
[296 -51 113]
[296 -50 113]
[296 -52 114]
[296 -53 115]
[296 -44 126]
[296 -98 80]
[296 -46 121]
[296 -43 126]
[296 -5 -54]
[296 -98 77]
[296 -98 72]
[296 -47 123]
[296 -49 123]
[296 -50 112]
[296 -48 113]
[297 -98 81]
[297 -48 112]
[297 -49 112]
[297 -50 123]
[297 -48 123]
[297 -98 71]
[297 -97 71]
[297 -46 125]
[297 -46 126]
[297 -92 82]
[297 -99 78]
[297 -13 65]
[297 -48 121]
[297 -99 79]
[297 0 -53]
[297 -99 81]
[297 -101 74]
[297 -101 75]
[297 -46 124]
[297 -44 123]
[297 -91 65]
[297 -96 72]
[298 -47 124]
[298 -102 74]
[298 -100 76]
[298 -101 73]
[298 -12 64]
[298 -99 71]
[298 -49 124]
[298 -47 122]
[298 -45 122]
[298 -99 82]
[298 -98 82]
[298 -100 81]
[298 -47 125]
[298 -47 127]
[298 -102 75]
[298 -47 112]
[298 -45 126]
[298 -101 76]
[298 -100 79]
[298 -100 78]
[299 -48 128]
[299 -46 127]
[299 -100 72]
[299 -102 72]
[299 -47 126]
[299 -49 122]
[299 -103 74]
[299 -100 70]
[299 -46 113]
[299 -48 111]
[299 -99 80]
[299 -101 80]
[299 -51 116]
[299 -101 77]
[299 -101 79]
[299 -48 126]
[299 -103 73]
[299 -95 71]
[300 -12 65]
[300 -102 80]
[300 -104 73]
[300 -101 70]
[300 -101 71]
[300 -101 69]
[300 -102 71]
[300 -101 72]
[300 -11 63]
[300 -47 113]
[300 -94 72]
[300 -102 76]
[300 -102 77]
[301 -100 71]
[301 -96 84]
[301 -6 -55]
[301 -92 68]
[301 -102 78]
[301 -103 70]
[301 -102 70]
[301 -100 69]
[301 -95 70]
[301 -105 72]
[301 -104 72]
[301 -32 72]
[302 -46 112]
[302 -45 112]
[302 -104 71]
[302 -105 71]
[302 -106 71]
[302 -100 83]
[302 -93 68]
[302 -104 70]
[302 -103 69]
[302 -103 80]
[302 -103 77]
[302 -49 127]
[302 -49 129]
[302 -60 -88]
[302 -99 68]
[302 -101 68]
[302 -102 81]
[302 -73 56]
[302 -100 68]
[303 -101 84]
[303 -101 83]
[303 -106 72]
[303 -94 67]
[303 -94 69]
[303 -59 -87]
[303 -54 115]
[303 -10 62]
[303 -50 129]
[303 -49 130]
[303 -50 128]
[303 -104 68]
[303 -104 81]
[303 -104 80]
[303 -104 79]
[303 -5 -56]
[303 -105 73]
[303 -44 112]
[303 -105 74]
[303 -72 56]
[303 -99 67]
[303 -95 69]
[303 -107 70]
[304 -106 70]
[304 -50 130]
[304 -51 129]
[304 -51 128]
[304 -105 69]
[304 -55 114]
[304 -106 73]
[304 -107 72]
[304 -106 74]
[304 -49 126]
[304 -104 77]
[304 -105 79]
[304 -105 80]
[304 -105 82]
[304 -99 66]
[304 -63 -85]
[304 -45 111]
[304 -94 68]
[305 -102 82]
[305 -102 84]
[305 -108 71]
[305 -60 -89]
[305 -71 56]
[305 -56 113]
[305 -106 78]
[305 -107 73]
[305 -104 76]
[305 -11 64]
[305 -104 82]
[305 -106 81]
[305 -106 83]
[305 -91 64]
[305 -105 76]
[305 -52 127]
[305 -52 128]
[305 -11 62]
[306 -51 127]
[306 -98 66]
[306 -100 65]
[306 -105 78]
[306 -106 77]
[306 -107 78]
[306 -106 75]
[306 -57 113]
[306 -98 68]
[306 -106 80]
[306 -106 79]
[306 -105 75]
[306 -52 130]
[306 -102 85]
[306 -53 127]
[306 -53 128]
[306 -52 126]
[306 -105 83]
[306 -9 61]
[306 -105 77]
[306 -53 129]
[306 -107 82]
[307 -108 74]
[307 -108 72]
[307 -104 83]
[307 -107 79]
[307 -108 77]
[307 -53 130]
[307 -54 128]
[307 -57 114]
[307 -53 126]
[307 -103 85]
[307 -103 83]
[307 -52 129]
[307 -104 84]
[307 -108 73]
[307 -107 83]
[307 -94 66]
[307 -51 126]
[307 -109 72]
[307 -50 126]
[307 -45 110]
[307 -99 65]
[307 -97 67]
[307 -99 64]
[307 -5 -55]
[308 -105 85]
[308 -104 85]
[308 -108 82]
[308 -52 125]
[308 -109 73]
[308 -108 78]
[308 -106 76]
[308 -103 84]
[308 -107 76]
[308 -52 131]
[308 -100 64]
[308 -100 63]
[308 -98 63]
[308 -110 73]
[308 -56 114]
[308 -53 131]
[308 -54 129]
[308 -104 86]
[308 -54 126]
[309 -70 56]
[309 -7 -55]
[309 -58 -87]
[309 -58 -88]
[309 -101 64]
[309 -108 76]
[309 -94 65]
[309 -109 82]
[309 -109 77]
[309 -109 74]
[309 -54 125]
[309 -55 125]
[309 -52 124]
[309 -54 131]
[309 -97 63]
[309 -99 63]
[309 -101 63]
[309 -110 72]
[309 -10 63]
[310 -55 124]
[310 -56 126]
[310 -54 124]
[310 -56 124]
[310 -55 130]
[310 -111 73]
[310 -99 62]
[310 -100 62]
[310 -97 62]
[310 -96 64]
[310 -96 63]
[310 -97 64]
[310 -96 62]
[310 -69 56]
[310 -109 78]
[310 -108 81]
[310 -59 -88]
[310 -57 -88]
[310 -52 123]
[310 -94 64]
[310 -98 64]
[311 -57 127]
[311 -56 125]
[311 -110 76]
[311 -110 78]
[311 -53 124]
[311 -56 131]
[311 -58 -89]
[311 -95 64]
[311 -97 61]
[311 -108 80]
[311 -100 61]
[311 -95 63]
[311 -110 77]
[311 -112 74]
[311 -55 126]
[311 -95 65]
[311 -57 -87]
[311 -102 62]
[311 -59 -90]
[312 -109 80]
[312 -95 61]
[312 -58 126]
[312 -57 128]
[312 -58 128]
[312 -59 -89]
[312 -103 61]
[312 -103 62]
[312 -53 123]
[312 -111 79]
[312 -108 84]
[312 -57 -89]
[312 -111 76]
[312 -69 57]
[312 -57 123]
[312 -91 63]
[312 -57 126]
[312 -101 61]
[312 -9 62]
[312 -68 57]
[312 -113 75]
[312 -57 131]
[312 -96 65]
[312 -94 62]
[313 -58 123]
[313 -56 130]
[313 -59 127]
[313 -111 77]
[313 -96 60]
[313 -103 60]
[313 -102 60]
[313 -111 80]
[313 -112 78]
[313 -112 80]
[313 -107 85]
[313 -108 85]
[313 -111 78]
[313 -113 74]
[313 -56 -89]
[313 -58 -90]
[313 -58 129]
[313 -110 83]
[314 -59 125]
[314 -59 122]
[314 -58 122]
[314 -59 123]
[314 -55 -90]
[314 -59 128]
[314 -109 86]
[314 -109 85]
[314 -96 66]
[314 -60 127]
[314 -67 56]
[314 -56 122]
[314 -56 129]
[314 -103 59]
[314 -97 59]
[314 -56 -88]
[314 -100 60]
[314 -59 130]
[314 -104 61]
[315 -109 87]
[315 -110 86]
[315 -58 121]
[315 -103 63]
[315 -105 61]
[315 -110 80]
[315 -57 122]
[315 -8 61]
[315 -109 84]
[315 -98 59]
[315 -96 58]
[315 -59 129]
[315 -112 77]
[315 -58 130]
[315 -103 58]
[315 -8 60]
[315 -95 60]
[315 -60 123]
[315 -60 131]
[315 -58 131]
[315 -101 59]
[315 -96 59]
[315 -93 61]
[315 -58 125]
[316 -66 56]
[316 -106 62]
[316 -106 61]
[316 -106 60]
[316 -105 60]
[316 -97 58]
[316 -95 59]
[316 -58 -91]
[316 -95 58]
[316 -57 -91]
[316 -110 84]
[316 -57 121]
[316 -58 120]
[316 -60 128]
[316 -108 87]
[316 -110 87]
[316 -60 132]
[316 -103 57]
[316 -104 57]
[316 -7 59]
[316 -94 59]
[316 -57 -90]
[316 -68 56]
[316 -104 63]
[316 -104 59]
[316 -104 58]
[316 -55 -91]
[316 -100 59]
[316 -61 128]
[316 -60 130]
[317 -108 88]
[317 -8 -55]
[317 -110 88]
[317 -106 63]
[317 -61 129]
[317 -105 59]
[317 -106 59]
[317 -94 58]
[317 -93 58]
[317 -93 60]
[317 -92 60]
[317 -55 -89]
[317 -105 56]
[317 -105 58]
[317 -61 132]
[317 -107 60]
[317 -98 57]
[317 -96 57]
[317 -59 120]
[317 -61 124]
[317 -61 122]
[317 -7 60]
[317 -111 87]
[317 -56 120]
[318 -56 -91]
[318 -62 123]
[318 -106 58]
[318 -93 59]
[318 -93 57]
[318 -60 126]
[318 -107 59]
[318 -58 -92]
[318 -92 59]
[318 -92 57]
[318 -92 58]
[318 -60 121]
[318 -109 88]
[318 -109 89]
[318 -98 58]
[318 -96 56]
[318 -62 124]
[318 -60 125]
[318 -61 125]
[318 -104 56]
[318 -54 -89]
[318 -54 -90]
[318 -57 120]
[319 -59 -91]
[319 -110 89]
[319 -62 125]
[319 -97 55]
[319 -91 57]
[319 -105 55]
[319 -99 57]
[319 -97 56]
[319 -56 -90]
[319 -91 56]
[319 -91 58]
[319 -92 56]
[319 -107 88]
[319 -108 59]
[319 -103 55]
[320 -56 -92]
[320 -63 126]
[320 -106 56]
[320 -62 129]
[320 -62 128]
[320 -107 57]
[320 -106 55]
[320 -106 54]
[320 -94 56]
[320 -90 56]
[320 -90 55]
[320 -8 -56]
[320 -55 -92]
[320 -63 125]
[320 -108 60]
[320 -63 123]
[320 -109 90]
[320 -106 88]
[320 -107 89]
[320 -99 56]
[320 -100 56]
[320 -9 -56]
[320 -6 58]
[320 -98 55]
[320 -98 54]
[320 -60 -92]
[320 -93 55]
[320 -96 55]
[321 -97 53]
[321 -63 127]
[321 -63 124]
[321 -99 55]
[321 -105 53]
[321 -63 122]
[321 -92 55]
[321 -59 -92]
[321 -57 -92]
[321 -108 56]
[321 -61 120]
[321 -91 55]
[321 -56 -87]
[321 -90 58]
[321 -102 57]
[321 -107 56]
[321 -104 55]
[321 -64 124]
[321 -91 62]
[321 -106 89]
[321 -92 54]
[321 -91 54]
[322 -105 89]
[322 -105 90]
[322 -98 52]
[322 -64 127]
[322 -109 56]
[322 -65 124]
[322 -65 125]
[322 -101 55]
[322 -100 55]
[322 -108 61]
[322 -55 -87]
[322 -108 55]
[322 -107 54]
[322 -93 54]
[322 -102 56]
[322 -58 -93]
[322 -99 53]
[322 -104 52]
[322 -104 53]
[322 -105 52]
[322 -109 58]
[322 -90 54]
[322 -94 55]
[322 -102 54]
[322 -61 119]
[323 -100 57]
[323 -101 53]
[323 -98 53]
[323 -110 57]
[323 -110 55]
[323 -65 126]
[323 -64 128]
[323 -65 127]
[323 -64 121]
[323 -57 -93]
[323 -56 -86]
[323 -106 53]
[323 -107 90]
[323 -103 53]
[323 -100 54]
[323 -101 54]
[323 -101 57]
[323 -99 51]
[323 -109 57]
[323 -104 51]
[323 -66 124]
[323 -108 90]
[323 -89 55]
[323 -54 -93]
[323 -66 126]
[324 -104 90]
[324 -65 128]
[324 -97 52]
[324 -96 52]
[324 -56 -94]
[324 -67 123]
[324 -67 124]
[324 -110 58]
[324 -108 54]
[324 -103 52]
[324 -57 -86]
[324 -59 -94]
[324 -105 50]
[324 -89 57]
[324 -111 55]
[324 -111 54]
[324 -110 54]
[324 -67 126]
[325 -96 53]
[325 -65 56]
[325 -102 52]
[325 -58 -95]
[325 -90 61]
[325 -109 53]
[325 -95 52]
[325 -55 -93]
[325 -66 128]
[325 -102 53]
[325 -68 122]
[325 -68 124]
[325 -107 52]
[325 -64 129]
[325 -61 -92]
[325 -89 54]
[325 -110 53]
[325 -112 53]
[325 -65 129]
[326 -55 -94]
[326 -56 -95]
[326 -107 91]
[326 -106 91]
[326 -95 53]
[326 -69 123]
[326 -68 125]
[326 -109 52]
[326 -105 49]
[326 -104 50]
[326 -104 91]
[326 -89 58]
[326 -58 -94]
[326 -111 56]
[326 -102 51]
[326 -101 52]
[326 -97 51]
[326 -67 127]
[326 -55 -88]
[326 -69 121]
[326 -69 122]
[326 -68 121]
[326 -112 52]
[326 -90 60]
[327 -60 -94]
[327 -108 92]
[327 -68 120]
[327 -105 92]
[327 -69 124]
[327 -99 50]
[327 -108 52]
[327 -107 51]
[327 -106 51]
[327 -112 51]
[327 -111 51]
[327 -90 59]
[327 -67 122]
[327 -55 -95]
[327 -106 48]
[327 -70 121]
[327 -68 126]
[327 -69 126]
[327 -101 51]
[327 -103 50]
[327 -68 128]
[327 -103 49]
[327 -68 127]
[327 -102 50]
[327 -70 122]
[327 -91 61]
[327 -67 128]
[328 -104 93]
[328 -106 92]
[328 -71 121]
[328 -70 125]
[328 -69 125]
[328 -112 50]
[328 -105 48]
[328 -105 47]
[328 -66 121]
[328 -57 -94]
[328 -106 50]
[328 -104 48]
[328 -100 49]
[328 -66 130]
[328 -55 -96]
[328 -71 120]
[328 -110 51]
[328 -111 50]
[328 -90 53]
[328 -107 92]
[328 -109 51]
[329 -55 -97]
[329 -107 93]
[329 -96 50]
[329 -106 47]
[329 -71 123]
[329 -57 -95]
[329 -101 49]
[329 -72 120]
[329 -65 121]
[329 -104 46]
[329 -68 129]
[329 -108 50]
[329 -72 121]
[329 -89 56]
[329 -107 47]
[329 -111 49]
[329 -112 49]
[329 -71 124]
[329 -103 94]
[329 -103 93]
[329 -103 48]
[329 -67 130]
[330 -109 50]
[330 -105 93]
[330 -105 46]
[330 -73 119]
[330 -71 119]
[330 -108 46]
[330 -10 -57]
[330 -73 122]
[330 -66 122]
[330 -71 126]
[330 -103 47]
[330 -72 123]
[330 -72 124]
[330 -53 -94]
[330 -54 -94]
[330 -110 50]
[330 -112 48]
[330 -104 47]
[330 -102 95]
[330 -100 48]
[330 -104 45]
[330 -72 119]
[330 -102 47]
[330 -67 119]
[330 -56 -98]
[330 -111 48]
[331 -107 46]
[331 -73 124]
[331 -72 125]
[331 -71 118]
[331 -101 47]
[331 -88 55]
[331 -105 94]
[331 -74 118]
[331 -74 119]
[331 -74 121]
[331 -74 123]
[331 -104 94]
[331 -106 94]
[331 -70 127]
[331 -66 118]
[331 -67 118]
[331 -98 49]
[331 -89 53]
[331 -88 53]
[331 -72 122]
[331 -105 45]
[331 -108 47]
[331 -113 47]
[331 -111 47]
[331 -107 48]
[331 -107 45]
[331 -11 -58]
[332 -65 119]
[332 -65 118]
[332 -73 125]
[332 -73 117]
[332 -103 95]
[332 -103 96]
[332 -113 48]
[332 -113 46]
[332 -68 118]
[332 -112 47]
[332 -97 48]
[332 -109 49]
[332 -109 46]
[332 -89 52]
[332 -61 -94]
[332 -10 -56]
[332 -70 118]
[332 -88 54]
[332 -103 44]
[332 -104 44]
[332 -96 49]
[332 -106 45]
[332 -99 48]
[332 -74 122]
[332 -75 121]
[332 -53 -95]
[332 -75 124]
[332 -106 95]
[332 -107 95]
[332 -106 44]
[332 -67 117]
[333 -69 117]
[333 -112 46]
[333 -67 116]
[333 -66 117]
[333 -54 -97]
[333 -102 97]
[333 -103 97]
[333 -104 96]
[333 -108 93]
[333 -107 96]
[333 -106 96]
[333 -105 43]
[333 -97 47]
[333 -88 51]
[333 -105 44]
[333 -95 48]
[333 -75 120]
[333 -76 122]
[333 -110 45]
[333 -108 44]
[333 -110 46]
[333 -97 49]
[333 -74 117]
[333 -75 117]
[334 -76 124]
[334 -89 50]
[334 -108 43]
[334 -107 43]
[334 -98 46]
[334 -55 -99]
[334 -62 -93]
[334 -72 116]
[334 -74 116]
[334 -96 48]
[334 -66 116]
[334 -68 115]
[334 -67 115]
[334 -100 46]
[334 -110 44]
[334 -109 45]
[334 -111 44]
[334 -109 44]
[334 -103 98]
[334 -104 97]
[334 -102 98]
[334 -54 -95]
[334 -112 45]
[334 -89 51]
[334 -100 47]
[334 -61 -95]
[334 -54 -96]
[334 -69 116]
[334 -70 116]
[334 -105 42]
[334 -75 123]
[334 -77 123]
[334 -76 117]
[334 -75 116]
[334 -101 96]
[334 -105 97]
[335 -68 116]
[335 -69 115]
[335 -105 98]
[335 -105 96]
[335 -71 117]
[335 -72 115]
[335 -101 97]
[335 -101 98]
[335 -104 42]
[335 -106 42]
[335 -107 97]
[335 -111 43]
[335 -104 98]
[335 -77 116]
[335 -97 45]
[335 -99 45]
[335 -114 47]
[335 -68 114]
[335 -113 45]
[335 -54 -98]
[335 -109 43]
[335 -106 97]
[335 -96 47]
[335 -100 45]
[335 -88 50]
[335 -102 44]
[335 -108 42]
[335 -78 123]
[335 -77 122]
[336 -99 44]
[336 -98 45]
[336 -110 43]
[336 -76 121]
[336 -56 -97]
[336 -111 42]
[336 -112 43]
[336 -114 46]
[336 -103 99]
[336 -97 44]
[336 -96 44]
[336 -78 122]
[336 -79 122]
[336 -73 114]
[336 -77 117]
[336 -100 99]
[336 -101 45]
[336 -97 46]
[336 -101 44]
[336 -78 116]
[336 -106 41]
[336 -107 41]
[336 -105 41]
[336 -77 121]
[336 -112 44]
[336 -113 44]
[336 -78 124]
[336 -76 120]
[336 -106 98]
[336 -108 41]
[336 -88 49]
[337 -107 40]
[337 -106 40]
[337 -99 100]
[337 -100 98]
[337 -100 100]
[337 -99 99]
[337 -104 41]
[337 -95 44]
[337 -95 43]
[337 -98 43]
[337 -96 45]
[337 -96 43]
[337 -73 115]
[337 -78 115]
[337 -77 119]
[337 -79 124]
[337 -113 43]
[337 -109 40]
[337 -112 42]
[337 -53 -96]
[337 -78 121]
[337 -87 48]
[337 -99 43]
[337 -53 -93]
[337 -113 42]
[337 -105 99]
[338 -102 100]
[338 -88 52]
[338 -103 41]
[338 -108 40]
[338 -110 39]
[338 -94 43]
[338 -94 44]
[338 -98 99]
[338 -98 98]
[338 -98 44]
[338 -97 43]
[338 -99 42]
[338 -99 101]
[338 -97 42]
[338 -11 -57]
[338 -106 39]
[338 -73 113]
[338 -72 113]
[338 -101 100]
[338 -98 42]
[338 -114 44]
[338 -78 120]
[338 -113 41]
[338 -52 -96]
[338 -53 -97]
[338 -86 47]
[338 -79 120]
[338 -114 41]
[338 -80 122]
[338 -87 49]
[338 -88 48]
[339 -62 -94]
[339 -105 38]
[339 -107 39]
[339 -109 41]
[339 -98 41]
[339 -102 40]
[339 -52 -95]
[339 -69 113]
[339 -110 38]
[339 -111 39]
[339 -109 39]
[339 -114 40]
[339 -115 41]
[339 -97 100]
[339 -110 41]
[339 -93 43]
[339 -78 119]
[339 -111 41]
[339 -87 51]
[339 -113 40]
[339 -104 40]
[339 -74 113]
[339 -73 112]
[339 -72 112]
[339 -80 121]
[339 -101 101]
[339 -87 47]
[339 -96 42]
[339 -115 43]
[339 -105 100]
[339 -106 99]
[339 -71 112]
[339 -80 123]
[339 -80 119]
[339 -103 42]
[339 -114 42]
[340 -81 119]
[340 -79 118]
[340 -115 42]
[340 -112 40]
[340 -81 121]
[340 -81 120]
[340 -108 38]
[340 -109 38]
[340 -112 39]
[340 -114 39]
[340 -75 112]
[340 -75 113]
[340 -98 101]
[340 -101 41]
[340 -102 41]
[340 -111 37]
[340 -103 40]
[340 -102 102]
[340 -68 112]
[340 -87 50]
[340 -106 38]
[340 -104 101]
[340 -105 101]
[340 -70 111]
[340 -106 37]
[340 -104 39]
[341 -111 36]
[341 -112 36]
[341 -110 36]
[341 -88 47]
[341 -113 39]
[341 -97 41]
[341 -99 97]
[341 -102 42]
[341 -104 37]
[341 -113 38]
[341 -107 38]
[341 -106 101]
[341 -104 102]
[341 -103 100]
[341 -103 39]
[341 -101 39]
[341 -53 -98]
[341 -71 111]
[341 -116 41]
[341 -107 37]
[341 -82 119]
[341 -108 37]
[341 -76 114]
[342 -106 36]
[342 -108 36]
[342 -103 38]
[342 -71 114]
[342 -98 102]
[342 -100 39]
[342 -102 38]
[342 -112 37]
[342 -110 35]
[342 -111 35]
[342 -112 35]
[342 -75 114]
[342 -114 37]
[342 -110 37]
[342 -87 46]
[342 -101 42]
[342 -68 111]
[342 -97 40]
[342 -98 40]
[342 -56 -100]
[342 -56 -99]
[342 -116 40]
[342 -109 36]
[343 -67 110]
[343 -108 35]
[343 -115 38]
[343 -113 36]
[343 -105 36]
[343 -105 35]
[343 -102 37]
[343 -111 34]
[343 -110 34]
[343 -80 118]
[343 -12 -59]
[343 -117 41]
[343 -117 40]
[343 -112 34]
[343 -109 35]
[343 -99 38]
[343 -103 37]
[343 -104 36]
[344 -12 -60]
[344 -86 51]
[344 -113 34]
[344 -66 110]
[344 -66 109]
[344 -68 110]
[344 -101 38]
[344 -113 33]
[344 -109 34]
[344 -103 101]
[344 -115 36]
[344 -99 39]
[344 -114 35]
[344 -114 36]
[344 -99 102]
[344 -100 40]
[344 -116 38]
[344 -112 33]
[344 -111 33]
[344 -118 40]
[344 -88 46]
[344 -106 34]
[344 -104 34]
[344 -110 33]
[344 -105 102]
[344 -103 35]
[344 -98 37]
[344 -99 37]
[344 -101 36]
[344 -101 37]
[345 -92 43]
[345 -97 39]
[345 -107 34]
[345 -114 32]
[345 -115 37]
[345 -99 36]
[345 -100 36]
[345 -100 37]
[345 -56 -101]
[345 -118 39]
[345 -119 40]
[345 -118 41]
[345 -66 111]
[345 -68 109]
[345 -103 34]
[345 -104 33]
[345 -102 35]
[345 -101 35]
[345 -100 35]
[345 -98 36]
[345 -97 37]
[346 -99 35]
[346 -99 34]
[346 -101 34]
[346 -55 -102]
[346 -119 39]
[346 -118 38]
[346 -117 37]
[346 -114 33]
[346 -65 111]
[346 -65 110]
[346 -115 34]
[346 -97 36]
[346 -97 38]
[346 -65 109]
[346 -97 35]
[346 -98 35]
[346 -110 32]
[346 -51 -95]
[346 -91 42]
[346 -103 33]
[346 -107 101]
[346 -103 32]
[346 -105 32]
[347 -87 45]
[347 -103 31]
[347 -102 33]
[347 -102 31]
[347 -104 31]
[347 -120 40]
[347 -98 34]
[347 -100 34]
[347 -115 33]
[347 -113 31]
[347 -115 32]
[347 -106 103]
[347 -13 -59]
[347 -111 31]
[347 -64 110]
[347 -98 33]
[347 -116 35]
[347 -100 33]
[347 -101 33]
[347 -100 103]
[347 -102 32]
[348 -100 32]
[348 -105 31]
[348 -106 32]
[348 -98 32]
[348 -101 104]
[348 -116 33]
[348 -112 31]
[348 -114 31]
[348 -107 102]
[348 -14 -59]
[348 -99 33]
[348 -105 30]
[348 -103 30]
[348 -110 31]
[348 -111 30]
[348 -12 -58]
[348 -64 111]
[348 -102 30]
[348 -120 38]
[348 -120 39]
[348 -117 36]
[348 -91 43]
[348 -87 44]
[348 -101 32]
[348 -99 32]
[348 -117 35]
[348 -117 34]
[348 -115 31]
[348 -116 32]
[348 -101 31]
[349 -113 30]
[349 -101 30]
[349 -100 30]
[349 -116 31]
[349 -14 -60]
[349 -99 31]
[349 -98 31]
[349 -100 31]
[349 -56 -102]
[349 -106 29]
[349 -105 29]
[349 -102 105]
[349 -55 -103]
[349 -121 39]
[349 -121 38]
[349 -110 30]
[349 -102 29]
[349 -101 29]
[349 -117 33]
[349 -104 30]
[349 -104 29]
[349 -109 31]
[349 -107 32]
[349 -107 31]
[349 -88 45]
[349 -118 34]
[350 -108 32]
[350 -99 30]
[350 -111 29]
[350 -112 29]
[350 -13 -60]
[350 -115 30]
[350 -98 30]
[350 -118 35]
[350 -117 31]
[350 -118 33]
[350 -102 28]
[350 -101 28]
[350 -106 102]
[350 -56 -103]
[350 -101 103]
[350 -105 28]
[350 -107 30]
[350 -108 30]
[350 -104 28]
[350 -87 43]
[350 -108 33]
[350 -120 37]
[350 -103 29]
[350 -103 28]
[350 -118 32]
[350 -114 29]
[350 -99 29]
[350 -85 51]
[350 -100 29]
[351 -107 29]
[351 -57 -104]
[351 -86 44]
[351 -85 50]
[351 -122 38]
[351 -106 27]
[351 -106 28]
[351 -104 27]
[351 -105 27]
[351 -14 -61]
[351 -103 27]
[351 -102 27]
[351 -105 103]
[351 -101 27]
[351 -98 29]
[351 -111 28]
[351 -110 28]
[351 -116 30]
[351 -117 32]
[351 -102 104]
[351 -116 29]
[351 -99 28]
[351 -100 28]
[351 -98 28]
[351 -122 37]
[351 -101 102]
[351 -119 32]
[351 -86 43]
[351 -119 33]
[352 -120 36]
[352 -107 27]
[352 -106 26]
[352 -103 105]
[352 -118 31]
[352 -123 38]
[352 -117 30]
[352 -108 28]
[352 -110 27]
[352 -111 27]
[352 -84 52]
[352 -108 29]
[352 -102 26]
[352 -103 26]
[352 -101 26]
[352 -104 26]
[352 -119 35]
[352 -13 -62]
[352 -100 27]
[352 -100 26]
[352 -115 28]
[352 -117 28]
[352 -118 30]
[352 -109 28]
[352 -87 42]
[352 -119 31]
[352 -112 28]
[352 -100 102]
[352 -105 26]
[352 -114 28]
[352 -113 28]
[353 -120 32]
[353 -120 33]
[353 -103 104]
[353 -120 30]
[353 -119 30]
[353 -103 25]
[353 -104 25]
[353 -105 25]
[353 -99 25]
[353 -101 25]
[353 -99 26]
[353 -102 25]
[353 -116 28]
[353 -114 27]
[353 -111 26]
[353 -112 27]
[353 -120 35]
[353 -120 34]
[353 -106 25]
[353 -113 27]
[353 -115 27]
[353 -118 27]
[353 -118 28]
[353 -100 25]
[353 -119 29]
[353 -108 26]
[353 -108 27]
[353 -102 103]
[353 -123 37]
[353 -107 25]
[353 -107 104]
[354 -15 -62]
[354 -112 26]
[354 -106 24]
[354 -108 24]
[354 -107 24]
[354 -104 24]
[354 -103 24]
[354 -105 24]
[354 -100 24]
[354 -117 27]
[354 -111 25]
[354 -110 26]
[354 -101 24]
[354 -102 24]
[354 -107 26]
[354 -98 26]
[354 -124 37]
[354 -124 36]
[354 -121 29]
[354 -120 29]
[354 -120 31]
[354 -121 31]
[354 -121 32]
[354 -99 24]
[354 -121 34]
[354 -15 -60]
[354 -109 25]
[355 -121 30]
[355 -121 28]
[355 -98 25]
[355 -122 33]
[355 -101 23]
[355 -99 23]
[355 -105 23]
[355 -106 23]
[355 -118 29]
[355 -108 25]
[355 -109 24]
[355 -110 25]
[355 -121 35]
[355 -122 30]
[355 -122 31]
[355 -103 23]
[355 -104 23]
[355 -113 26]
[355 -113 25]
[355 -54 -102]
[355 -13 -61]
[355 -104 106]
[355 -104 105]
[355 -116 27]
[355 -106 105]
[355 -86 42]
[355 -108 23]
[355 -107 23]
[355 -109 23]
[355 -110 24]
[355 -122 36]
[355 -116 26]
[355 -125 36]
[355 -85 43]
[355 -104 104]
[355 -122 32]
[355 -100 23]
[355 -102 106]
[355 -97 25]
[355 -102 23]
[356 -105 106]
[356 -100 22]
[356 -111 24]
[356 -123 35]
[356 -111 23]
[356 -110 23]
[356 -107 22]
[356 -106 22]
[356 -115 26]
[356 -104 22]
[356 -103 22]
[356 -102 22]
[356 -117 26]
[356 -126 36]
[356 -124 35]
[356 -125 35]
[356 -16 -61]
[356 -123 31]
[356 -101 22]
[356 -109 22]
[356 -114 24]
[356 -114 25]
[356 -110 22]
[356 -14 -63]
[356 -15 -63]
[356 -122 28]
[356 -122 27]
[356 -85 52]
[356 -123 33]
[357 -126 35]
[357 -84 43]
[357 -106 21]
[357 -108 21]
[357 -105 105]
[357 -108 22]
[357 -15 -61]
[357 -118 25]
[357 -102 21]
[357 -124 30]
[357 -122 35]
[357 -16 -60]
[357 -104 21]
[357 -107 21]
[357 -113 23]
[357 -115 24]
[357 -115 23]
[357 -109 21]
[357 -111 22]
[357 -111 21]
[357 -97 24]
[357 -112 23]
[357 -123 27]
[357 -123 26]
[357 -121 26]
[357 -84 50]
[357 -112 22]
[357 -110 21]
[357 -100 21]
[357 -84 49]
[358 -107 20]
[358 -108 20]
[358 -109 20]
[358 -105 22]
[358 -103 20]
[358 -121 25]
[358 -114 22]
[358 -115 22]
[358 -113 22]
[358 -112 21]
[358 -124 25]
[358 -122 25]
[358 -122 26]
[358 -110 20]
[358 -111 20]
[358 -86 52]
[358 -105 21]
[358 -102 20]
[358 -83 48]
[358 -127 35]
[358 -127 34]
[358 -124 27]
[358 -124 31]
[358 -124 29]
[358 -87 41]
[358 -106 20]
[358 -118 24]
[359 -106 106]
[359 -14 -62]
[359 -106 19]
[359 -107 19]
[359 -125 26]
[359 -123 29]
[359 -124 28]
[359 -125 28]
[359 -112 20]
[359 -125 30]
[359 -128 33]
[359 -113 21]
[359 -105 19]
[359 -128 34]
[359 -113 20]
[359 -17 -61]
[359 -124 32]
[359 -111 19]
[359 -109 19]
[359 -121 24]
[359 -122 24]
[359 -102 19]
[359 -104 20]
[359 -105 20]
[359 -53 -101]
[359 -87 40]
[359 -84 48]
[359 -16 -59]
[359 -119 24]
[360 -129 34]
[360 -128 32]
[360 -125 25]
[360 -126 27]
[360 -15 -64]
[360 -101 19]
[360 -105 18]
[360 -112 19]
[360 -104 19]
[360 -110 18]
[360 -108 18]
[360 -110 19]
[360 -109 18]
[360 -101 18]
[360 -119 23]
[360 -106 18]
[360 -107 18]
[360 -82 47]
[360 -124 33]
[360 -120 23]
[360 -127 33]
[360 -128 35]
[360 -113 19]
[360 -115 21]
[360 -83 43]
[360 -116 22]
[360 -116 24]
[360 -122 23]
[361 -107 17]
[361 -106 17]
[361 -96 25]
[361 -86 40]
[361 -126 33]
[361 -126 32]
[361 -105 104]
[361 -124 24]
[361 -104 18]
[361 -119 26]
[361 -102 17]
[361 -120 24]
[361 -114 18]
[361 -112 18]
[361 -105 17]
[361 -115 20]
[361 -126 31]
[361 -127 32]
[361 -127 27]
[361 -108 17]
[361 -126 28]
[361 -126 29]
[361 -129 32]
[361 -123 23]
[361 -122 22]
[361 -84 53]
[361 -129 33]
[361 -103 18]
[361 -117 21]
[361 -117 22]
[362 -111 17]
[362 -128 28]
[362 -127 28]
[362 -103 17]
[362 -107 16]
[362 -106 16]
[362 -105 16]
[362 -127 30]
[362 -127 31]
[362 -101 17]
[362 -101 16]
[362 -109 16]
[362 -108 16]
[362 -125 32]
[362 -112 17]
[362 -100 19]
[362 -126 30]
[362 -122 21]
[362 -81 46]
[362 -117 20]
[362 -118 21]
[362 -117 24]
[362 -115 17]
[362 -115 19]
[362 -115 18]
[362 -114 17]
[362 -124 23]
[362 -125 23]
[362 -82 42]
[362 -104 16]
[363 -129 31]
[363 -95 24]
[363 -128 29]
[363 -128 27]
[363 -123 22]
[363 -113 16]
[363 -112 16]
[363 -111 16]
[363 -102 16]
[363 -107 15]
[363 -106 15]
[363 -116 17]
[363 -119 21]
[363 -119 20]
[363 -105 15]
[363 -100 15]
[363 -110 16]
[363 -110 15]
[363 -108 15]
[363 -109 15]
[363 -104 15]
[363 -103 16]
[363 -114 16]
[363 -116 16]
[363 -115 16]
[363 -16 -64]
[363 -122 20]
[363 -127 29]
[363 -116 19]
[364 -109 14]
[364 -108 14]
[364 -107 14]
[364 -106 14]
[364 -116 15]
[364 -115 15]
[364 -114 15]
[364 -95 25]
[364 -111 15]
[364 -129 27]
[364 -103 14]
[364 -105 14]
[364 -86 39]
[364 -117 18]
[364 -123 21]
[364 -124 22]
[364 -121 20]
[364 -122 19]
[364 -113 15]
[364 -112 15]
[364 -83 47]
[364 -128 30]
[364 -129 30]
[364 -128 26]
[364 -125 22]
[364 -117 16]
[364 -117 15]
[364 -95 23]
[364 -103 15]
[364 -100 14]
[364 -120 21]
[364 -80 45]
[365 -117 19]
[365 -108 13]
[365 -107 13]
[365 -106 13]
[365 -130 29]
[365 -120 20]
[365 -94 23]
[365 -109 13]
[365 -104 13]
[365 -104 14]
[365 -105 13]
[365 -114 14]
[365 -115 14]
[365 -116 14]
[365 -18 -62]
[365 -102 14]
[365 -129 26]
[365 -130 30]
[365 -130 31]
[365 -112 14]
[365 -120 19]
[365 -118 14]
[365 -99 14]
[365 -101 15]
[365 -126 21]
[365 -117 14]
[365 -124 20]
[365 -94 24]
[365 -111 14]
[365 -110 14]
[365 -130 26]
[365 -117 17]
[365 -101 14]
[365 -52 -101]
[365 -128 25]
[365 -87 39]
[365 -110 13]
[365 -126 25]
[366 -105 12]
[366 -107 12]
[366 -106 12]
[366 -130 28]
[366 -95 22]
[366 -121 18]
[366 -99 15]
[366 -130 25]
[366 -129 28]
[366 -103 12]
[366 -104 12]
[366 -108 12]
[366 -79 44]
[366 -103 13]
[366 -118 15]
[366 -118 16]
[366 -131 27]
[366 -127 25]
[366 -118 18]
[366 -111 13]
[366 -112 13]
[366 -116 13]
[366 -115 13]
[366 -114 13]
[366 -109 12]
[366 -93 23]
[366 -87 38]
[366 -86 38]
[366 -119 19]
[366 -101 13]
[366 -129 25]
[366 -127 24]
[366 -131 30]
[367 -103 11]
[367 -104 11]
[367 -131 28]
[367 -109 11]
[367 -108 11]
[367 -110 11]
[367 -110 12]
[367 -98 15]
[367 -98 13]
[367 -119 18]
[367 -113 13]
[367 -114 12]
[367 -93 24]
[367 -117 13]
[367 -105 11]
[367 -107 11]
[367 -131 29]
[367 -125 20]
[367 -127 22]
[367 -106 11]
[367 -115 12]
[367 -116 12]
[367 -113 12]
[367 -112 12]
[367 -131 24]
[367 -102 12]
[367 -117 12]
[367 -129 24]
[367 -122 18]
[367 -119 13]
[367 -128 23]
[367 -127 23]
[367 -85 39]
[367 -78 44]
[367 -92 22]
[367 -92 23]
[367 -132 29]
[367 -98 14]
[367 -101 12]
[367 -130 27]
[368 -85 54]
[368 -132 28]
[368 -118 13]
[368 -128 22]
[368 -107 10]
[368 -97 15]
[368 -82 46]
[368 -119 14]
[368 -104 10]
[368 -110 10]
[368 -78 43]
[368 -97 14]
[368 -105 10]
[368 -119 16]
[368 -119 15]
[368 -132 24]
[368 -132 23]
[368 -131 23]
[368 -132 27]
[368 -132 26]
[368 -113 11]
[368 -114 11]
[368 -115 11]
[368 -118 12]
[368 -85 37]
[368 -103 10]
[368 -129 23]
[368 -127 21]
[368 -112 11]
[368 -131 26]
[368 -120 17]
[368 -116 11]
[368 -130 24]
[368 -123 18]
[369 -96 15]
[369 -104 9]
[369 -103 9]
[369 -86 36]
[369 -132 25]
[369 -133 25]
[369 -130 23]
[369 -128 20]
[369 -117 11]
[369 -115 10]
[369 -116 10]
[369 -105 9]
[369 -85 38]
[369 -113 10]
[369 -107 9]
[369 -106 9]
[369 -16 -65]
[369 -111 9]
[369 -119 12]
[369 -133 22]
[369 -133 23]
[369 -91 22]
[369 -77 45]
[369 -120 15]
[369 -118 11]
[369 -77 43]
[370 -133 24]
[370 -132 22]
[370 -131 22]
[370 -86 53]
[370 -120 13]
[370 -104 8]
[370 -103 8]
[370 -115 9]
[370 -117 9]
[370 -105 8]
[370 -108 8]
[370 -106 8]
[370 -76 44]
[370 -84 39]
[370 -117 10]
[370 -112 10]
[370 -111 10]
[370 -112 9]
[370 -107 8]
[370 -134 22]
[370 -134 21]
[370 -133 26]
[370 -121 15]
[370 -133 27]
[370 -91 23]
[371 -106 7]
[371 -107 7]
[371 -85 36]
[371 -134 24]
[371 -97 13]
[371 -118 10]
[371 -116 9]
[371 -115 8]
[371 -116 8]
[371 -87 37]
[371 -83 39]
[371 -122 14]
[371 -110 8]
[371 -133 28]
[371 -135 20]
[371 -135 21]
[371 -134 23]
[371 -114 9]
[371 -103 7]
[371 -104 7]
[371 -129 20]
[371 -129 19]
[371 -127 19]
[371 -128 19]
[371 -133 21]
[371 -131 21]
[371 -132 21]
[371 -109 7]
[371 -108 7]
[371 -105 7]
[371 -118 8]
[371 -134 26]
[371 -120 11]
[371 -17 -65]
[371 -118 9]
[371 -130 21]
[371 -109 9]
[371 -112 8]
[371 -113 8]
[372 -127 18]
[372 -107 6]
[372 -106 6]
[372 -108 6]
[372 -92 21]
[372 -119 10]
[372 -121 11]
[372 -121 12]
[372 -105 6]
[372 -103 6]
[372 -104 6]
[372 -128 18]
[372 -83 38]
[372 -130 20]
[372 -110 7]
[372 -51 -100]
[372 -131 20]
[372 -129 21]
[372 -117 8]
[372 -119 7]
[372 -109 8]
[372 -114 7]
[372 -114 8]
[372 -119 8]
[372 -119 9]
[372 -16 -66]
[372 -123 15]
[372 -109 6]
[372 -111 8]
[372 -133 20]
[372 -116 7]
[372 -117 7]
[372 -115 7]
[372 -130 22]
[373 -131 19]
[373 -130 19]
[373 -132 20]
[373 -123 16]
[373 -85 35]
[373 -107 5]
[373 -50 -100]
[373 -116 6]
[373 -115 6]
[373 -86 35]
[373 -77 42]
[373 -110 6]
[373 -129 18]
[373 -129 17]
[373 -122 11]
[373 -122 10]
[373 -109 5]
[373 -108 5]
[373 -111 6]
[373 -117 6]
[373 -118 6]
[373 -111 7]
[373 -75 44]
[373 -120 7]
[373 -104 5]
[373 -103 5]
[373 -118 7]
[373 -105 5]
[373 -106 5]
[373 -81 42]
[373 -114 6]
[373 -124 18]
[373 -120 9]
[373 -136 19]
[373 -135 19]
[373 -132 19]
[373 -122 12]
[374 -107 4]
[374 -130 18]
[374 -88 37]
[374 -119 6]
[374 -118 5]
[374 -76 45]
[374 -115 5]
[374 -116 5]
[374 -123 9]
[374 -122 9]
[374 -123 10]
[374 -113 6]
[374 -104 4]
[374 -106 4]
[374 -110 5]
[374 -109 4]
[374 -110 4]
[374 -121 6]
[374 -74 43]
[374 -123 12]
[374 -135 18]
[374 -18 -64]
[374 -133 18]
[374 -132 18]
[374 -103 4]
[374 -112 6]
[374 -112 5]
[374 -111 5]
[374 -75 43]
[374 -130 16]
[374 -128 16]
[374 -129 16]
[374 -130 17]
[374 -120 6]
[374 -133 19]
[375 -130 15]
[375 -128 15]
[375 -119 5]
[375 -113 5]
[375 -111 3]
[375 -93 20]
[375 -131 15]
[375 -135 17]
[375 -115 4]
[375 -123 13]
[375 -121 9]
[375 -73 43]
[375 -74 42]
[375 -124 9]
[375 -131 17]
[375 -119 4]
[375 -127 17]
[375 -122 16]
[375 -125 18]
[375 -134 17]
[375 -133 17]
[375 -124 16]
[375 -127 16]
[375 -121 7]
[375 -120 5]
[375 -81 45]
[375 -113 4]
[375 -114 5]
[375 -18 -65]
[375 -76 41]
[375 -122 6]
[375 -111 4]
[375 -114 4]
[376 -128 14]
[376 -132 14]
[376 -124 12]
[376 -132 17]
[376 -118 3]
[376 -118 4]
[376 -115 3]
[376 -131 16]
[376 -76 42]
[376 -124 14]
[376 -124 8]
[376 -84 35]
[376 -86 34]
[376 -129 14]
[376 -136 16]
[377 -124 11]
[377 -115 2]
[377 -131 14]
[377 -84 34]
[377 -126 16]
[377 -126 15]
[377 -88 36]
[377 -120 4]
[377 -120 3]
[377 -119 3]
[377 -131 13]
[377 -121 4]
[377 -82 38]
[377 -111 2]
[377 -132 16]
[377 -92 19]
[377 -117 3]
[377 -117 4]
[377 -105 3]
[377 -134 16]
[377 -18 -66]
[377 -92 20]
[377 -86 33]
[377 -123 6]
[377 -133 16]
[377 -112 3]
[377 -125 14]
[377 -125 9]
[377 -125 10]
[377 -124 7]
[377 -136 15]
[377 -135 15]
[377 -119 2]
[377 -125 16]
[378 -130 13]
[378 -83 34]
[378 -88 35]
[378 -72 43]
[378 -72 42]
[378 -125 7]
[378 -17 -66]
[378 -134 15]
[378 -117 2]
[378 -126 14]
[378 -18 -67]
[378 -87 32]
[378 -128 13]
[378 -129 13]
[378 -85 33]
[378 -83 33]
[378 -80 41]
[378 -126 8]
[378 -133 13]
[378 -133 15]
[378 -133 14]
[378 -131 12]
[378 -130 12]
[378 -118 2]
[378 -135 14]
[378 -136 14]
[378 -125 11]
[378 -126 11]
[378 -126 10]
[378 -124 5]
[379 -84 32]
[379 -84 33]
[379 -125 6]
[379 -134 14]
[379 -126 13]
[379 -112 2]
[379 -134 13]
[379 -135 13]
[379 -118 1]
[379 -129 12]
[379 -127 12]
[379 -126 6]
[379 -124 6]
[379 -87 34]
[379 -120 2]
[379 -131 11]
[379 -130 11]
[379 -72 41]
[379 -132 12]
[379 -105 2]
[379 -78 46]
[379 -73 42]
[379 -82 32]
[379 -137 13]
[379 -136 13]
[380 -82 33]
[380 -122 4]
[380 -119 0]
[380 -16 -67]
[380 -83 32]
[380 -86 31]
[380 -87 31]
[380 -128 11]
[380 -116 2]
[380 -125 5]
[380 -85 34]
[380 -82 37]
[380 -126 5]
[380 -19 -64]
[380 -75 40]
[380 -17 -67]
[380 -85 32]
[380 -104 3]
[380 -81 33]
[380 -83 31]
[380 -82 31]
[380 -129 11]
[380 -135 12]
[380 -71 41]
[380 -133 12]
[380 -84 31]
[380 -119 1]
[380 -127 5]
[380 -126 7]
[380 -130 10]
[380 -86 32]
[380 -127 7]
[380 -71 43]
[381 -127 6]
[381 -127 11]
[381 -88 34]
[381 -20 -63]
[381 -106 2]
[381 -128 5]
[381 -126 4]
[381 -85 31]
[381 -81 32]
[381 -129 9]
[381 -130 9]
[381 -128 7]
[381 -136 12]
[381 -84 30]
[381 -83 30]
[381 -85 30]
[381 -82 30]
[381 -113 2]
[381 -112 1]
[381 -127 8]
[381 -80 32]
[381 -80 33]
[381 -123 4]
[381 -125 4]
[381 -133 11]
[381 -117 1]
[381 -120 1]
[381 -86 30]
[382 -84 29]
[382 -85 29]
[382 -52 -100]
[382 -128 9]
[382 -128 8]
[382 -83 29]
[382 -128 4]
[382 -129 8]
[382 -129 7]
[382 -130 8]
[382 -127 4]
[382 -132 10]
[382 -128 10]
[382 -127 3]
[382 -126 3]
[382 -70 41]
[382 -89 34]
[382 -88 33]
[382 -125 3]
[382 -135 11]
[383 -71 42]
[383 -87 29]
[383 -124 3]
[383 -81 37]
[383 -82 36]
[383 -129 4]
[383 -114 2]
[383 -86 29]
[383 -119 -1]
[383 -131 10]
[383 -128 2]
[383 -83 28]
[383 -120 0]
[383 -131 9]
[383 -131 7]
[383 -73 44]
[384 -124 4]
[384 -120 -1]
[384 -89 32]
[384 -110 2]
[384 -132 9]
[384 -125 2]
[384 -135 10]
[384 -86 28]
[384 -128 3]
[384 -84 28]
[384 -129 3]
[384 -49 -99]
[384 -83 27]
[384 -130 4]
[385 -75 39]
[385 -87 33]
[385 -126 1]
[385 -79 45]
[385 -85 28]
[385 -134 9]
[385 -127 1]
[385 -70 42]
[385 -84 27]
[385 -111 1]
[385 -107 2]
[385 -79 40]
[386 -134 8]
[386 -135 8]
[386 -70 43]
[386 -74 39]
[386 -133 10]
[386 -78 39]
[386 -78 40]
[386 -135 9]
[386 -77 46]
[386 -79 47]
[386 -131 5]
[386 -130 3]
[386 -124 1]
[386 -109 1]
[386 -123 3]
[387 -73 38]
[387 -123 2]
[387 -72 44]
[387 -132 5]
[387 -121 1]
[387 -110 1]
[387 -128 1]
[387 -15 -68]
[387 -136 9]
[387 -109 0]
[387 -118 -1]
[387 -134 7]
[387 -135 7]
[388 -87 30]
[388 -131 3]
[388 -133 7]
[388 -135 6]
[388 -16 -69]
[388 -79 41]
[388 -122 1]
[388 -137 11]
[388 -121 0]
[388 -131 4]
[388 -123 1]
[388 -136 6]
[389 -76 38]
[389 -137 9]
[389 -124 2]
[389 -122 2]
[389 -133 5]
[389 -19 -67]
[389 -135 5]
[389 -136 7]
[389 -121 -1]
[389 -133 6]
[389 -126 0]
[389 -83 35]
[389 -82 35]
[389 -89 33]
[390 -74 38]
[390 -89 31]
[390 -108 0]
[390 -137 8]
[390 -133 4]
[390 -15 -70]
[390 -17 -70]
[390 -83 26]
[390 -127 0]
[390 -134 4]
[390 -79 48]
[391 -122 0]
[391 -82 25]
[391 -83 25]
[391 -14 -68]
[391 -16 -70]
[391 -125 0]
[391 -16 -68]
[392 -125 -1]
[392 -126 -1]
[392 -77 39]
[392 -51 -99]
[392 -83 24]
[392 -76 37]
[392 -77 38]
[392 -135 4]
[392 -82 24]
[392 -15 -69]
[392 -17 -71]
[393 -78 47]
[393 -125 -2]
[393 -124 -2]
[393 -117 -1]
[393 -69 42]
[393 -81 25]
[393 -83 23]
[393 -81 24]
[393 -90 30]
[393 -16 -71]
[393 -17 -69]
[393 -13 -68]
[393 -82 23]
[394 -82 22]
[394 -83 22]
[394 -81 22]
[394 -81 23]
[394 -50 -98]
[395 -18 -69]
[395 -84 22]
[395 -82 21]
[395 -49 -98]
[395 -17 -72]
[396 -18 -73]
[396 -14 -69]
[396 -50 -99]
[396 -18 -72]
[396 -18 -70]
[396 -75 36]
[397 -123 -3]
[397 -68 42]
[397 -90 31]
[397 -80 42]
[398 -122 -4]
[398 -122 -3]
[398 -124 -3]
[398 -84 23]
[398 -19 -74]
[398 -90 29]
[398 -84 21]
[399 -123 -4]
[399 -79 49]
[399 -68 43]
[399 -107 0]
[399 -121 -5]
[399 -76 36]
[399 -90 28]
[399 -67 42]
[400 -121 -4]
[400 -84 20]
[400 -49 -97]
[401 -19 -73]
[401 -67 43]
[401 -120 -5]
[401 -122 -5]
[401 -84 24]
[402 -20 -74]
[402 -122 -6]
[402 -18 -71]
[402 -75 35]
[403 -20 -75]
[403 -21 -75]
[403 -120 -6]
[404 -21 -76]
[404 -106 0]
[404 -121 -6]
[404 -123 -2]
[404 -121 -7]
[405 -22 -77]
[406 -120 -4]
[406 -23 -77]
[406 -48 -99]
[407 -119 -5]
[407 -119 -6]
[407 -24 -78]
[407 -120 -7]
[407 -122 -7]
[408 -25 -79]
[408 -119 -8]
[408 -118 -6]
[409 -85 19]
[409 -26 -80]
[409 -118 -7]
[409 -123 -7]
[409 -121 -8]
[409 -119 -7]
[409 -19 -71]
[409 -66 42]
[410 -24 -79]
[410 -118 -8]
[410 -85 18]
[410 -25 -80]
[410 -120 -8]
[410 -23 -78]
[411 -86 17]
[411 -22 -76]
[411 -65 43]
[411 -119 -4]
[411 -118 -5]
[412 -26 -81]
[412 -87 16]
[412 -85 16]
[412 -86 16]
[412 -74 34]
[412 -84 19]
[412 -118 -4]
[412 -27 -81]
[413 -28 -82]
[413 -87 17]
[414 -124 -7]
[414 -28 -83]
[414 -117 -8]
[415 -64 43]
[415 -88 17]
[415 -27 -82]
[415 -29 -83]
[415 -88 15]
[415 -86 18]
[416 -89 18]
[416 -116 -9]
[416 -125 -6]
[416 -117 -4]
[417 -89 14]
[417 -89 16]
[417 -29 -84]
[417 -117 -6]
[417 -90 19]
[418 -90 18]
[418 -88 18]
[418 -88 16]
[418 -88 14]
[419 -87 13]
[419 -30 -85]
[419 -91 17]
[419 -90 13]
[419 -90 14]
[419 -65 42]
[420 -29 -85]
[420 -90 12]
[420 -91 14]
[420 -87 12]
[420 -91 16]
[420 -116 -4]
[420 -91 13]
[421 -91 12]
[421 -126 -6]
[421 -89 11]
[421 -31 -86]
[421 -116 -8]
[421 -92 17]
[421 -88 19]
[421 -92 14]
[421 -91 15]
[421 -87 11]
[422 -88 10]
[422 -93 16]
[422 -87 18]
[422 -92 15]
[422 -115 -4]
[422 -92 18]
[422 -127 -5]
[423 -92 16]
[423 -86 10]
[423 -93 14]
[423 -128 -5]
[423 -93 18]
[423 -114 -4]
[423 -88 11]
[423 -92 12]
[423 -115 -9]
[424 -92 13]
[424 -93 13]
[424 -86 9]
[424 -85 9]
[424 -87 9]
[424 -93 15]
[424 -88 13]
[424 -114 -5]
[424 -114 -9]
[424 -124 -6]
[424 -31 -87]
[424 -113 -5]
[425 -112 -6]
[425 -114 -6]
[425 -32 -87]
[425 -30 -86]
[425 -93 12]
[425 -127 -6]
[425 -86 8]
[425 -88 12]
[425 -87 8]
[425 -63 43]
[425 -89 10]
[426 -94 14]
[426 -87 7]
[426 -88 7]
[426 -92 11]
[426 -112 -7]
[426 -113 -7]
[426 -32 -88]
[426 -114 -10]
[426 -115 -7]
[426 -94 13]
[427 -88 6]
[427 -89 8]
[427 -93 11]
[427 -111 -6]
[427 -112 -8]
[427 -95 13]
[427 -91 10]
[427 -85 7]
[427 -89 9]
[427 -86 6]
[428 -33 -88]
[428 -91 9]
[428 -92 10]
[428 -111 -8]
[428 -89 5]
[428 -90 7]
[428 -95 12]
[429 -114 -7]
[429 -92 9]
[429 -92 8]
[429 -90 6]
[429 -91 6]
[429 -110 -6]
[430 -90 5]
[430 -91 5]
[430 -115 -11]
[430 -110 -9]
[430 -110 -8]
[430 -92 5]
[430 -88 5]
[430 -93 7]
[430 -85 5]
[430 -90 9]
[431 -93 10]
[431 -90 4]
[431 -92 4]
[431 -91 7]
[431 -91 8]
[431 -109 -8]
[431 -33 -89]
[431 -93 4]
[431 -86 4]
[431 -86 5]
[432 -88 4]
[432 -85 6]
[432 -89 4]
[432 -90 3]
[432 -91 3]
[432 -86 3]
[432 -87 4]
[432 -116 -11]
[432 -34 -89]
[432 -93 3]
[432 -84 5]
[432 -108 -8]
[432 -92 6]
[433 -94 3]
[433 -90 8]
[433 -89 3]
[433 -88 3]
[433 -87 3]
[433 -92 2]
[433 -84 4]
[433 -87 5]
[433 -114 -11]
[433 -92 3]
[433 -108 -7]
[433 -93 5]
[434 -34 -90]
[434 -89 2]
[434 -88 2]
[434 -85 4]
[434 -95 3]
[434 -95 2]
[434 -95 4]
[434 -83 5]
[434 -91 1]
[434 -92 1]
[434 -94 9]
[435 -94 8]
[435 -88 1]
[435 -85 3]
[435 -84 3]
[435 -93 9]
[435 -92 7]
[435 -90 2]
[435 -91 0]
[435 -92 0]
[435 -83 3]
[435 -95 1]
[435 -94 1]
[435 -94 5]
[435 -84 6]
[435 -93 2]
[436 -83 4]
[436 -94 2]
[436 -93 -1]
[436 -92 -1]
[436 -91 -1]
[436 -88 0]
[436 -93 1]
[436 -94 0]
[436 -94 4]
[436 -113 -12]
[436 -86 2]
[437 -62 43]
[437 -113 -11]
[437 -82 2]
[437 -96 1]
[437 -88 -1]
[437 -82 3]
[437 -92 -2]
[437 -95 5]
[437 -96 2]
[437 -93 -2]
[437 -95 -1]
[438 -89 -1]
[438 -87 -2]
[438 -93 -3]
[438 -94 -2]
[438 -96 -2]
[438 -96 -1]
[438 -96 5]
[438 -62 42]
[438 -91 -3]
[438 -93 6]
[438 -90 1]
[438 -113 -13]
[438 -90 0]
[438 -112 -12]
[439 -61 42]
[439 -91 -2]
[439 -62 41]
[439 -93 -4]
[439 -92 -4]
[439 -94 -3]
[439 -96 -3]
[439 -94 7]
[439 -88 -3]
[439 -87 -3]
[439 -88 -2]
[439 -91 -4]
[439 -90 -4]
[440 -97 -2]
[440 -97 1]
[440 -89 -3]
[440 -88 -4]
[440 -93 -5]
[440 -86 -4]
[440 -87 -4]
[440 -112 -11]
[440 -112 -13]
[440 -96 -4]
[441 -60 43]
[441 -96 3]
[441 -95 -2]
[441 -96 4]
[441 -96 -5]
[441 -95 -5]
[441 -97 -3]
[441 -92 -6]
[441 -93 -6]
[441 -94 -6]
[441 -97 4]
[441 -94 -5]
[441 -90 -5]
[441 -85 -4]
[441 -85 -3]
[441 -111 -12]
[441 -86 -5]
[442 -61 44]
[442 -61 43]
[442 -89 -6]
[442 -91 -6]
[442 -97 0]
[442 -94 -4]
[442 -85 -2]
[442 -97 -4]
[442 -87 -6]
[442 -98 -2]
[443 -86 -6]
[443 -88 -5]
[443 -86 -7]
[443 -87 -7]
[443 -88 -7]
[443 -89 -7]
[443 -98 -3]
[443 -91 -5]
[443 -95 -3]
[443 -94 -1]
[443 -63 41]
[443 -96 6]
[444 -89 -8]
[444 -87 -8]
[444 -88 -8]
[444 -87 -1]
[444 -111 -11]
[444 -86 -8]
[444 -62 44]
[444 -90 -6]
[444 -91 -7]
[445 -86 -1]
[445 -98 -4]
[445 -97 -5]
[445 -94 -7]
[445 -88 -9]
[445 -87 -9]
[445 -81 2]
[445 -95 -4]
[445 -111 -13]
[445 -114 -13]
[445 -95 -7]
[446 -88 -10]
[446 -87 -10]
[446 -85 -1]
[446 -90 -7]
[446 -60 44]
[446 -89 -9]
[446 -110 -12]
[446 -114 -14]
[446 -90 -9]
[447 -99 -5]
[447 -97 -6]
[447 -89 -10]
[447 -96 0]
[448 -95 -6]
[448 -100 -5]
[448 -91 -10]
[448 -110 -14]
[449 -110 -13]
[449 -97 -1]
[449 -89 -11]
[450 -92 -11]
[450 -63 40]
[450 -101 -6]
[450 -85 0]
[450 -80 2]
[450 -90 -8]
[450 -92 -8]
[451 -92 -12]
[452 -109 -14]
[452 -96 -7]
[452 -91 -8]
[452 -59 44]
[453 -87 0]
[453 -94 -8]
[453 -99 -4]
[453 -93 -12]
[453 -93 -11]
[453 -100 -6]
[453 -92 -9]
[453 -91 -9]
[454 -93 -13]
[454 -96 -8]
[454 -94 -9]
[454 -94 -11]
[455 -93 -10]
[455 -109 -15]
[455 -108 -14]
[456 -94 -10]
[456 -92 -10]
[456 -94 -12]
[456 -92 -13]
[456 -107 -14]
[456 -108 -15]
[456 -86 0]
[457 -92 -14]
[457 -89 -12]
[457 -97 -7]
[457 -96 -9]
[457 -97 -8]
[458 -94 -13]
[458 -95 -11]
[458 -95 -12]
[458 -96 -10]
[459 -79 1]
[459 -95 -14]
[460 -97 -11]
[461 -58 45]
[461 -106 -15]
[461 -95 -13]
[462 -62 39]
[462 -96 -11]
[462 -97 -9]
[462 -96 -12]
[462 -102 -7]
[462 -109 -16]
[462 -94 -14]
[463 -95 -15]
[463 -92 -15]
[463 -58 44]
[463 -103 -7]
[464 -57 44]
[464 -107 -15]
[464 -91 -16]
[464 -93 -16]
[464 -104 -7]
[464 -104 -8]
[464 -103 -6]
[465 -78 0]
[465 -78 2]
[465 -97 -10]
[465 -92 -16]
[465 -103 -8]
[465 -104 -6]
[466 -102 -8]
[466 -91 -17]
[466 -105 -9]
[466 -105 -8]
[466 -95 -16]
[466 -98 -9]
[466 -57 43]
[466 -61 38]
[466 -105 -16]
[467 -94 -15]
[467 -90 -18]
[467 -91 -18]
[467 -62 38]
[467 -106 -8]
[467 -62 37]
[467 -104 -10]
[467 -102 -6]
[468 -106 -16]
[468 -78 1]
[468 -63 37]
[469 -95 -17]
[469 -98 -10]
[469 -94 -17]
[469 -92 -18]
[469 -90 -16]
[469 -102 -9]
[469 -106 -10]
[470 -90 -17]
[470 -59 46]
[470 -77 0]
[470 -104 -17]
[470 -91 -19]
[470 -79 2]
[471 -59 45]
[471 -105 -17]
[471 -77 -1]
[471 -56 42]
[471 -57 42]
[472 -63 39]
[472 -94 -16]
[472 -101 -9]
[472 -99 -10]
[472 -92 -19]
[472 -64 38]
[473 -103 -5]
[473 -93 -15]
[473 -56 41]
[473 -57 41]
[473 -90 -20]
[473 -92 -20]
[473 -109 -17]
[474 -76 -1]
[474 -90 -15]
[474 -91 -20]
[475 -59 47]
[475 -60 39]
[475 -75 -1]
[475 -92 -21]
[476 -93 -22]
[476 -100 -10]
[476 -59 39]
[476 -109 -18]
[476 -90 -21]
[476 -55 40]
[477 -59 38]
[477 -58 46]
[477 -54 39]
[477 -55 39]
[477 -95 -18]
[477 -64 37]
[477 -65 37]
[477 -56 40]
[477 -75 -2]
[477 -58 40]
[478 -60 38]
[478 -96 -18]
[478 -102 -5]
[478 -94 -22]
[479 -109 -19]
[479 -58 47]
[479 -74 -3]
[479 -89 -22]
[479 -60 40]
[479 -77 1]
[479 -56 39]
[479 -95 -23]
[479 -66 37]
[480 -103 -17]
[480 -53 39]
[480 -59 40]
[481 -66 36]
[481 -57 39]
[481 -94 -24]
[481 -55 43]
[482 -55 42]
[482 -54 43]
[482 -94 -23]
[482 -95 -22]
[482 -55 38]
[482 -53 40]
[483 -96 -23]
[483 -56 38]
[483 -54 37]
[483 -52 38]
[483 -58 38]
[483 -88 -23]
[484 -55 37]
[484 -56 37]
[484 -58 41]
[484 -57 46]
[484 -103 -18]
[484 -52 40]
[484 -52 37]
[484 -101 -5]
[484 -88 -24]
[484 -54 36]
[484 -65 38]
[484 -97 -23]
[485 -53 35]
[485 -54 35]
[485 -60 46]
[485 -95 -24]
[485 -94 -25]
[485 -67 35]
[485 -53 42]
[485 -57 47]
[485 -103 -4]
[485 -98 -24]
[485 -53 36]
[485 -61 39]
[485 -51 37]
[486 -98 -23]
[486 -67 34]
[486 -57 38]
[486 -87 -24]
[486 -51 39]
[486 -95 -25]
[487 -53 44]
[487 -68 33]
[487 -66 34]
[487 -94 -21]
[487 -52 34]
[487 -52 36]
[487 -97 -24]
[487 -103 -19]
[487 -67 36]
[487 -76 1]
[488 -87 -25]
[488 -88 -25]
[488 -108 -18]
[488 -96 -25]
[488 -97 -19]
[488 -74 -2]
[489 -52 39]
[489 -66 35]
[489 -73 -1]
[489 -93 -26]
[489 -93 -25]
[489 -102 -20]
[490 -75 1]
[490 -55 34]
[490 -93 -21]
[490 -108 -19]
[490 -51 36]
[490 -97 -25]
[490 -56 36]
[490 -92 -26]
[490 -93 -27]
[490 -54 34]
[490 -93 -23]
[490 -52 43]
[490 -51 40]
[490 -73 -3]
[491 -64 39]
[491 -101 -21]
[491 -52 45]
[491 -65 34]
[491 -51 38]
[491 -55 35]
[491 -55 33]
[491 -51 43]
[491 -54 33]
[492 -51 34]
[492 -67 33]
[492 -50 42]
[492 -86 -26]
[492 -87 -26]
[492 -66 33]
[492 -51 42]
[492 -93 -24]
[492 -91 -26]
[492 -98 -22]
[492 -69 32]
[492 -97 -20]
[493 -98 -25]
[493 -56 46]
[493 -56 35]
[493 -50 39]
[493 -53 46]
[493 -69 33]
[493 -74 0]
[493 -52 44]
[493 -52 33]
[493 -50 41]
[494 -99 -25]
[494 -102 -19]
[495 -89 -23]
[495 -50 40]
[495 -104 -19]
[495 -104 -20]
[495 -99 -26]
[495 -100 -21]
[495 -67 32]
[495 -57 35]
[495 -50 38]
[495 -101 -20]
[495 -72 -2]
[495 -53 43]
[495 -50 37]
[495 -55 46]
[495 -99 -22]
[496 -103 -20]
[496 -56 33]
[496 -49 41]
[496 -89 -25]
[496 -104 -4]
[496 -99 -24]
[496 -68 32]
[497 -98 -19]
[497 -73 0]
[497 -61 45]
[497 -51 35]
[497 -105 -4]
[497 -56 32]
[497 -48 42]
[497 -48 40]
[497 -57 34]
[497 -100 -25]
[497 -49 36]
[497 -72 -3]
[498 -49 42]
[498 -100 -20]
[498 -70 32]
[498 -49 37]
[498 -98 -26]
[499 -100 -22]
[499 -72 -4]
[499 -74 1]
[499 -105 -19]
[499 -57 33]
[499 -51 45]
[500 -47 39]
[500 -107 -19]
[500 -58 33]
[500 -57 31]
[500 -71 -5]
[500 -93 -28]
[501 -55 32]
[501 -98 -27]
[501 -57 30]
[501 -98 -20]
[501 -71 -6]
[501 -90 -26]
[501 -48 39]
[502 -49 40]
[502 -50 46]
[502 -48 36]
[502 -57 32]
[502 -56 31]
[502 -70 -6]
[502 -71 -7]
[502 -70 -7]
[502 -99 -18]
[502 -74 -1]
[503 -49 45]
[503 -71 32]
[503 -106 -19]
[503 -71 -8]
[503 -72 -6]
[503 -52 46]
[503 -58 29]
[504 -70 -8]
[504 -70 -5]
[504 -71 33]
[504 -97 -18]
[504 -48 38]
[504 -51 46]
[504 -100 -17]
[504 -72 -7]
[504 -72 -5]
[505 -72 33]
[505 -106 -4]
[505 -69 -9]
[505 -70 -9]
[505 -90 -25]
[505 -72 -1]
[505 -49 38]
[505 -50 44]
[506 -98 -17]
[506 -100 -18]
[506 -58 28]
[507 -98 -28]
[507 -58 27]
[507 -101 -25]
[507 -68 -10]
[507 -57 29]
[507 -98 -18]
[507 -99 -19]
[507 -73 -6]
[507 -48 44]
[507 -99 -17]
[508 -71 -4]
[508 -99 -29]
[508 -47 38]
[508 -56 30]
[508 -71 -2]
[508 -70 -4]
[508 -69 -7]
[508 -56 29]
[509 -55 29]
[509 -99 -16]
[509 -56 28]
[510 -69 -4]
[510 -72 -8]
[510 -55 28]
[510 -102 -25]
[510 -56 27]
[510 -99 -20]
[510 -98 -29]
[510 -69 -10]
[511 -56 26]
[511 -103 -26]
[511 -102 -26]
[511 -98 -30]
[512 -74 -7]
[512 -101 -27]
[512 -99 -15]
[512 -104 -27]
[512 -102 -27]
[512 -47 35]
[512 -50 43]
[512 -69 -6]
[513 -103 -27]
[513 -49 44]
[513 -73 -7]
[514 -105 -27]
[514 -73 -8]
[514 -46 34]
[514 -101 -28]
[514 -103 -28]
[515 -97 -30]
[515 -71 -3]
[515 -55 26]
[515 -97 -29]
[515 -46 35]
[516 -70 -3]
[516 -73 -9]
[516 -100 -29]
[516 -56 25]
[516 -48 45]
[516 -55 27]
[516 -102 -28]
[516 -104 -26]
[516 -69 -3]
[517 -54 26]
[517 -68 -2]
[517 -97 -28]
[517 -101 -29]
[517 -105 -26]
[517 -45 34]
[518 -96 -29]
[518 -100 -16]
[518 -70 -2]
[518 -47 44]
[519 -102 -29]
[519 -45 33]
[519 -100 -28]
[519 -69 -2]
[520 -96 -30]
[520 -95 -30]
[520 -68 -4]
[521 -103 -30]
[521 -95 -31]
[521 -103 -24]
[522 -102 -30]
[522 -67 -3]
[523 -104 -30]
[523 -73 -10]
[523 -105 -28]
[523 -94 -31]
[524 -96 -31]
[525 -74 -10]
[525 -104 -29]
[525 -93 -31]
[525 -104 -24]
[525 -102 -24]
[526 -74 -11]
[526 -105 -29]
[527 -95 -29]
[527 -96 -28]
[528 -66 -3]
[530 -101 -16]
[531 -93 -32]
[532 -74 -12]
[532 -67 -2]
[533 -75 -12]
[534 -92 -32]
[535 -75 -13]
[536 -74 -14]
[536 -74 -13]
[536 -105 -23]
[541 -104 -23]
[541 -105 -24]
[543 -106 -23]
[543 -103 -23]
[546 -107 -22]
[547 -108 -22]
[548 -107 -23]
[550 -108 -23]
[553 -107 -21]
[555 -109 -22]
