WORLD -141 141 -150 150 8.611353409217744 45.96638080295648 25.18713163863888 25.123751497973377
[0 65 48]
[0 65 47]
[0 64 47]
[0 64 48]
[0 64 46]
[1 63 48]
[1 63 46]
[1 63 49]
[1 63 47]
[1 64 45]
[1 63 45]
[2 64 49]
[2 64 44]
[2 63 44]
[2 62 46]
[2 62 45]
[3 62 49]
[3 62 48]
[3 64 43]
[3 63 43]
[3 61 45]
[3 62 44]
[4 63 42]
[4 61 44]
[4 60 46]
[4 60 44]
[4 64 42]
[4 62 43]
[5 60 43]
[5 61 43]
[5 62 50]
[5 63 41]
[5 62 42]
[5 64 41]
[5 62 41]
[5 61 42]
[6 62 40]
[6 63 40]
[6 61 41]
[6 60 42]
[6 61 40]
[7 60 41]
[7 61 39]
[7 60 39]
[7 60 40]
[7 59 43]
[7 59 42]
[7 59 41]
[7 62 39]
[7 59 44]
[8 62 38]
[8 61 38]
[8 58 41]
[8 59 40]
[9 62 47]
[9 58 40]
[9 61 37]
[9 60 37]
[9 60 47]
[9 59 45]
[9 65 41]
[10 65 40]
[10 59 39]
[10 59 38]
[10 61 47]
[10 57 39]
[10 60 36]
[10 57 40]
[10 62 36]
[10 61 51]
[11 56 38]
[11 57 41]
[11 60 35]
[11 61 36]
[11 59 36]
[11 58 42]
[11 58 43]
[11 64 39]
[11 58 38]
[12 57 37]
[12 58 37]
[12 63 37]
[12 58 44]
[12 58 36]
[12 61 46]
[12 60 45]
[12 61 34]
[12 59 35]
[13 57 36]
[13 61 35]
[13 58 35]
[13 56 41]
[13 59 47]
[13 56 36]
[13 55 37]
[13 63 38]
[14 60 34]
[14 55 36]
[14 57 43]
[14 56 39]
[14 55 40]
[15 66 41]
[15 65 39]
[15 60 33]
[15 55 39]
[15 54 35]
[15 54 37]
[15 56 35]
[15 55 38]
[16 58 46]
[16 54 36]
[16 62 37]
[16 57 44]
[16 59 48]
[16 64 38]
[16 53 36]
[16 55 35]
[16 54 40]
[17 55 34]
[17 53 34]
[17 61 50]
[17 57 45]
[17 52 35]
[17 59 33]
[18 53 41]
[18 58 47]
[18 59 49]
[18 52 34]
[18 52 33]
[18 54 33]
[18 55 33]
[19 53 32]
[19 52 32]
[19 54 39]
[19 60 48]
[19 53 40]
[20 51 33]
[20 52 41]
[20 53 39]
[20 54 31]
[20 53 31]
[20 52 31]
[20 55 41]
[20 59 32]
[20 53 35]
[21 53 38]
[21 56 43]
[21 54 30]
[21 52 39]
[21 51 30]
[21 51 34]
[21 53 42]
[22 57 46]
[22 53 29]
[22 50 30]
[22 54 38]
[22 52 42]
[22 52 30]
[22 50 33]
[23 58 32]
[23 50 32]
[23 53 37]
[23 51 40]
[23 52 28]
[23 51 32]
[24 51 39]
[24 51 42]
[24 57 47]
[25 50 41]
[25 52 36]
[25 58 49]
[25 51 38]
[25 49 31]
[26 51 36]
[26 48 31]
[26 48 32]
[26 56 46]
[26 57 31]
[26 50 34]
[26 50 38]
[26 50 39]
[27 53 28]
[27 49 34]
[27 47 32]
[27 47 31]
[27 50 37]
[27 49 30]
[27 51 35]
[27 49 39]
[27 49 38]
[27 58 31]
[27 55 45]
[28 48 29]
[28 48 30]
[28 53 27]
[28 57 48]
[28 48 33]
[28 48 39]
[29 47 39]
[29 48 38]
[29 54 26]
[29 49 35]
[29 47 30]
[29 50 36]
[29 47 34]
[29 56 42]
[30 54 27]
[30 46 33]
[30 47 38]
[30 47 29]
[30 56 47]
[31 53 26]
[31 49 32]
[31 45 32]
[31 57 30]
[31 46 39]
[31 46 30]
[32 56 48]
[32 44 32]
[32 44 31]
[32 45 33]
[32 47 28]
[32 53 25]
[32 45 31]
[32 52 37]
[33 49 36]
[33 48 36]
[33 55 49]
[33 55 27]
[33 53 43]
[34 46 27]
[34 46 29]
[34 58 48]
[34 52 24]
[34 43 30]
[34 46 28]
[34 45 34]
[34 44 34]
[34 54 49]
[35 52 26]
[35 43 34]
[35 55 48]
[35 53 50]
[35 53 48]
[35 42 29]
[35 42 31]
[36 51 24]
[36 52 48]
[36 54 47]
[36 41 29]
[36 42 30]
[36 42 33]
[36 44 35]
[36 45 27]
[36 41 30]
[36 53 49]
[37 54 48]
[37 53 46]
[37 52 47]
[37 44 36]
[37 47 36]
[37 40 31]
[37 40 29]
[37 40 28]
[38 53 47]
[38 56 50]
[38 55 50]
[38 43 36]
[38 56 28]
[38 52 25]
[38 41 33]
[38 54 44]
[38 43 35]
[38 39 30]
[39 52 46]
[39 52 43]
[39 55 28]
[39 39 28]
[39 56 29]
[39 44 37]
[39 46 36]
[39 42 32]
[39 45 28]
[39 38 30]
[40 38 29]
[40 45 26]
[40 44 26]
[40 51 23]
[40 38 27]
[41 37 29]
[41 37 31]
[41 45 37]
[41 39 29]
[41 38 28]
[41 57 29]
[41 55 46]
[41 45 25]
[41 43 25]
[41 42 35]
[42 44 25]
[42 37 30]
[42 38 32]
[42 44 27]
[42 46 25]
[43 36 31]
[43 45 24]
[43 43 24]
[43 37 26]
[43 46 24]
[43 36 28]
[43 57 49]
[43 36 32]
[43 37 28]
[43 50 22]
[44 37 33]
[44 51 22]
[44 47 24]
[44 35 31]
[44 42 24]
[44 50 21]
[44 43 23]
[45 37 25]
[45 38 25]
[45 36 25]
[45 54 45]
[45 35 32]
[45 34 30]
[46 35 25]
[46 36 33]
[46 38 33]
[46 36 24]
[46 33 29]
[47 32 29]
[47 34 28]
[47 38 34]
[47 34 26]
[47 35 26]
[47 34 31]
[48 34 25]
[48 53 44]
[48 33 30]
[48 35 28]
[49 33 26]
[49 33 25]
[49 42 23]
[50 32 26]
[50 33 27]
[50 32 25]
[50 37 35]
[50 32 28]
[50 34 29]
[50 37 23]
[50 49 23]
[50 39 24]
[51 48 23]
[51 32 24]
[51 36 22]
[51 41 22]
[51 33 24]
[51 50 20]
[51 58 50]
[52 31 26]
[52 31 27]
[52 31 23]
[52 32 23]
[52 41 23]
[52 49 19]
[52 48 24]
[53 38 22]
[53 33 23]
[53 31 22]
[53 33 22]
[54 30 23]
[54 32 21]
[54 32 22]
[54 30 21]
[54 38 23]
[54 35 21]
[54 48 22]
[55 30 20]
[55 34 22]
[55 32 20]
[55 31 20]
[55 49 21]
[55 49 20]
[55 33 21]
[55 48 21]
[55 48 19]
[56 39 22]
[56 34 21]
[56 33 20]
[56 29 24]
[56 49 18]
[57 32 19]
[57 31 19]
[57 30 19]
[57 48 17]
[57 49 17]
[58 30 18]
[58 29 20]
[58 40 21]
[58 40 22]
[59 29 19]
[59 48 18]
[59 29 18]
[59 49 24]
[60 28 18]
[60 28 20]
[60 29 25]
[60 28 24]
[61 28 19]
[61 27 17]
[61 27 23]
[61 27 25]
[61 48 25]
[61 29 17]
[61 27 19]
[61 28 21]
[61 27 21]
[61 47 18]
[62 27 22]
[62 26 19]
[62 27 18]
[62 26 21]
[62 26 18]
[62 26 25]
[62 49 25]
[63 47 16]
[63 25 18]
[63 26 24]
[63 27 24]
[63 27 26]
[63 25 24]
[63 25 25]
[63 26 22]
[63 28 22]
[63 47 21]
[63 48 20]
[63 47 20]
[64 24 25]
[64 24 24]
[64 25 22]
[64 25 23]
[64 25 21]
[64 24 18]
[64 25 26]
[64 25 20]
[64 25 19]
[64 26 16]
[65 48 16]
[65 23 18]
[65 23 17]
[65 46 19]
[65 47 19]
[65 24 22]
[65 23 26]
[65 25 27]
[65 25 15]
[65 23 23]
[66 48 15]
[66 24 19]
[66 22 23]
[66 24 23]
[66 23 24]
[66 25 17]
[66 24 28]
[66 24 26]
[66 23 16]
[66 22 19]
[66 27 27]
[66 24 20]
[66 24 27]
[66 24 16]
[67 21 20]
[67 22 20]
[67 25 28]
[67 23 27]
[67 21 24]
[67 22 24]
[67 22 22]
[67 22 27]
[67 22 16]
[67 24 15]
[67 23 21]
[67 26 28]
[68 22 17]
[68 21 25]
[68 21 23]
[68 23 20]
[68 21 21]
[68 20 20]
[68 21 22]
[68 22 28]
[68 21 15]
[68 21 16]
[68 22 15]
[68 20 25]
[68 22 26]
[68 23 15]
[69 20 24]
[69 21 26]
[69 19 20]
[69 19 19]
[69 20 22]
[69 20 26]
[69 19 26]
[69 19 24]
[69 20 23]
[69 21 18]
[69 47 14]
[70 19 25]
[70 18 25]
[70 20 27]
[70 40 20]
[70 21 17]
[70 21 19]
[70 18 21]
[70 18 19]
[70 19 23]
[70 20 16]
[70 27 16]
[71 17 24]
[71 17 26]
[71 18 24]
[71 20 18]
[71 24 14]
[71 19 18]
[71 18 20]
[71 18 18]
[71 19 27]
[71 18 26]
[71 18 22]
[71 19 28]
[71 17 21]
[71 20 15]
[72 16 26]
[72 17 27]
[72 16 25]
[72 20 14]
[72 18 23]
[72 20 28]
[72 18 27]
[72 17 20]
[72 16 20]
[72 19 17]
[72 17 25]
[72 17 19]
[72 48 13]
[72 16 24]
[72 16 23]
[73 17 22]
[73 18 17]
[73 16 19]
[73 16 18]
[73 17 17]
[73 18 16]
[73 19 16]
[73 40 19]
[73 15 19]
[73 21 29]
[73 19 29]
[73 19 15]
[73 23 13]
[73 19 14]
[73 16 27]
[73 22 29]
[73 15 23]
[73 15 22]
[74 20 29]
[74 15 20]
[74 17 16]
[74 15 18]
[74 14 22]
[74 22 12]
[74 16 28]
[74 20 30]
[74 18 30]
[74 17 15]
[74 18 15]
[74 21 30]
[74 47 15]
[75 16 15]
[75 16 29]
[75 17 31]
[75 18 31]
[75 19 30]
[75 14 17]
[75 14 23]
[75 13 23]
[75 14 24]
[75 19 31]
[75 20 31]
[75 21 11]
[76 15 14]
[76 15 15]
[76 13 17]
[76 13 16]
[76 13 18]
[76 21 13]
[76 16 17]
[76 16 30]
[76 15 29]
[76 17 30]
[77 48 14]
[77 23 30]
[77 12 19]
[77 14 15]
[77 18 13]
[77 14 29]
[77 15 30]
[77 12 22]
[77 13 25]
[77 12 15]
[77 21 12]
[77 14 13]
[77 16 13]
[78 14 14]
[78 13 28]
[78 16 12]
[78 14 28]
[78 17 32]
[78 13 14]
[78 11 18]
[78 39 19]
[78 11 23]
[78 17 13]
[78 46 13]
[78 15 13]
[79 17 12]
[79 20 32]
[79 16 11]
[79 13 27]
[79 14 12]
[79 19 12]
[79 13 21]
[79 12 24]
[79 14 25]
[79 15 12]
[79 13 15]
[79 12 17]
[79 10 18]
[79 18 12]
[79 17 33]
[79 47 13]
[80 12 20]
[80 9 17]
[80 15 11]
[80 10 22]
[80 11 24]
[80 11 17]
[80 13 12]
[80 10 19]
[80 11 14]
[80 22 30]
[80 20 33]
[80 14 26]
[80 12 21]
[80 17 10]
[80 17 34]
[80 16 34]
[81 13 11]
[81 16 10]
[81 9 16]
[81 8 17]
[81 10 16]
[81 13 20]
[81 12 25]
[81 11 13]
[81 19 32]
[81 10 21]
[81 10 23]
[81 11 21]
[81 17 9]
[81 12 27]
[81 14 31]
[81 39 18]
[82 47 12]
[82 38 17]
[82 15 9]
[82 15 10]
[82 9 20]
[82 9 22]
[82 9 15]
[82 17 35]
[82 8 16]
[82 11 12]
[82 15 35]
[83 7 15]
[83 20 34]
[83 15 8]
[83 18 8]
[83 17 8]
[83 18 36]
[83 7 16]
[83 12 11]
[83 10 13]
[83 8 20]
[83 12 12]
[84 8 14]
[84 9 14]
[84 16 33]
[84 19 37]
[84 19 35]
[84 8 19]
[84 6 15]
[84 6 16]
[84 11 10]
[84 11 11]
[84 14 30]
[84 15 32]
[84 14 32]
[84 39 16]
[84 16 7]
[84 14 7]
[84 46 12]
[84 7 18]
[84 14 8]
[85 8 13]
[85 9 13]
[85 39 15]
[85 13 30]
[85 5 15]
[85 13 7]
[85 19 11]
[85 21 35]
[85 10 11]
[85 7 19]
[85 15 6]
[85 19 36]
[85 5 16]
[85 5 14]
[85 13 10]
[85 10 10]
[85 11 9]
[86 9 10]
[86 4 15]
[86 13 29]
[86 9 11]
[86 7 13]
[86 8 12]
[86 38 15]
[86 14 5]
[86 15 5]
[86 16 6]
[86 12 7]
[86 5 13]
[86 47 11]
[87 12 8]
[87 4 16]
[87 3 14]
[87 16 35]
[87 17 5]
[87 15 4]
[87 16 5]
[87 6 13]
[87 8 9]
[87 8 11]
[87 46 11]
[87 8 10]
[87 12 29]
[87 6 12]
[87 5 12]
[88 7 20]
[88 9 9]
[88 12 28]
[88 4 12]
[88 6 11]
[88 5 11]
[88 4 11]
[88 16 4]
[88 18 5]
[88 4 17]
[88 11 7]
[88 10 8]
[88 14 4]
[88 8 8]
[88 20 37]
[88 17 6]
[88 11 6]
[88 19 10]
[89 3 11]
[89 7 10]
[89 10 7]
[89 11 8]
[89 9 8]
[89 5 10]
[89 3 10]
[89 4 10]
[89 17 3]
[89 4 18]
[89 5 18]
[89 7 21]
[89 37 17]
[89 39 14]
[89 10 6]
[90 13 5]
[90 4 9]
[90 3 9]
[90 13 3]
[90 2 9]
[90 18 2]
[90 11 5]
[90 15 3]
[90 21 36]
[90 2 14]
[90 2 13]
[90 6 20]
[90 8 7]
[90 13 8]
[90 7 7]
[90 3 19]
[91 9 24]
[91 3 12]
[91 12 2]
[91 12 3]
[91 6 9]
[91 7 6]
[91 6 8]
[91 17 2]
[91 18 3]
[91 17 1]
[91 19 1]
[91 5 9]
[91 3 8]
[91 8 6]
[91 12 5]
[91 39 17]
[92 9 6]
[92 9 5]
[92 1 15]
[92 19 3]
[92 6 7]
[92 6 6]
[92 8 5]
[92 7 5]
[92 20 0]
[92 1 12]
[92 1 13]
[92 46 10]
[92 18 1]
[92 16 1]
[92 11 1]
[92 18 0]
[92 17 0]
[92 16 0]
[92 9 25]
[92 19 4]
[92 19 5]
[92 18 6]
[92 5 21]
[92 4 8]
[92 11 4]
[92 11 3]
[93 4 7]
[93 19 2]
[93 8 4]
[93 7 4]
[93 0 11]
[93 6 5]
[93 3 7]
[93 20 3]
[93 15 33]
[93 21 38]
[93 19 0]
[93 18 -1]
[93 19 -1]
[93 20 1]
[93 10 2]
[93 12 1]
[93 1 10]
[93 5 22]
[93 6 22]
[93 0 15]
[93 8 24]
[93 13 1]
[94 15 2]
[94 9 4]
[94 15 0]
[94 -1 15]
[94 -1 16]
[94 4 6]
[94 20 -2]
[94 20 39]
[94 22 39]
[94 5 6]
[94 10 4]
[94 -1 12]
[94 21 0]
[94 15 1]
[94 5 4]
[94 6 3]
[94 8 3]
[94 5 7]
[94 9 3]
[94 12 0]
[95 7 23]
[95 8 2]
[95 -1 14]
[95 5 5]
[95 10 25]
[95 14 1]
[95 -2 15]
[95 12 -1]
[95 10 0]
[95 11 0]
[95 47 10]
[95 19 -2]
[95 -2 11]
[95 9 23]
[95 15 -1]
[95 21 -1]
[95 7 24]
[95 8 23]
[95 21 2]
[95 14 -1]
[95 4 21]
[95 5 20]
[95 5 3]
[95 4 5]
[95 20 40]
[95 21 40]
[96 7 2]
[96 20 5]
[96 7 22]
[96 4 2]
[96 22 38]
[96 22 3]
[96 11 -2]
[96 13 -2]
[96 13 -1]
[96 12 -2]
[96 -3 15]
[96 21 -2]
[96 21 -3]
[96 20 -3]
[96 22 40]
[96 20 41]
[96 8 1]
[96 -2 10]
[96 5 19]
[96 9 2]
[96 10 24]
[96 11 25]
[96 18 -3]
[96 4 22]
[96 8 22]
[96 10 -1]
[96 4 19]
[96 3 22]
[96 2 18]
[96 2 19]
[97 3 21]
[97 4 4]
[97 6 1]
[97 20 -4]
[97 10 -2]
[97 9 0]
[97 7 0]
[97 8 0]
[97 21 4]
[97 23 4]
[97 23 39]
[97 -2 9]
[97 6 2]
[97 23 37]
[97 -4 14]
[97 13 -3]
[97 12 -3]
[97 11 -3]
[97 23 38]
[97 3 3]
[97 4 1]
[97 -3 16]
[97 11 -1]
[97 22 -2]
[97 46 9]
[97 17 -4]
[97 -1 17]
[97 2 6]
[98 6 21]
[98 22 0]
[98 19 -5]
[98 21 -4]
[98 13 -4]
[98 12 -4]
[98 23 36]
[98 24 38]
[98 24 37]
[98 2 2]
[98 0 17]
[98 -2 18]
[98 10 -4]
[98 5 1]
[98 16 -2]
[98 24 40]
[98 19 -3]
[98 23 40]
[98 22 41]
[98 -1 13]
[98 -4 15]
[98 23 3]
[98 24 5]
[98 24 3]
[98 21 6]
[98 21 5]
[98 -2 8]
[98 -3 9]
[98 -5 15]
[98 6 -1]
[98 1 20]
[98 1 19]
[98 -3 12]
[98 6 0]
[98 22 4]
[98 22 5]
[98 3 5]
[98 14 -3]
[98 2 21]
[99 2 5]
[99 1 6]
[99 25 37]
[99 18 -4]
[99 22 6]
[99 23 5]
[99 16 36]
[99 -1 18]
[99 -1 9]
[99 15 -3]
[99 24 35]
[99 -3 14]
[99 24 4]
[99 7 -1]
[99 20 6]
[99 2 4]
[99 18 -6]
[99 19 -6]
[99 39 13]
[99 9 -4]
[99 11 -4]
[99 2 22]
[99 -3 17]
[99 25 4]
[99 2 23]
[99 20 -5]
[99 23 1]
[99 5 0]
[99 25 41]
[99 -1 8]
[99 -3 7]
[99 20 42]
[99 11 27]
[99 -5 14]
[99 -4 9]
[99 -4 10]
[100 -5 13]
[100 -3 13]
[100 24 1]
[100 24 2]
[100 24 0]
[100 9 -5]
[100 10 -5]
[100 4 -1]
[100 1 18]
[100 23 6]
[100 24 6]
[100 22 1]
[100 24 36]
[100 18 -7]
[100 19 -7]
[100 17 -7]
[100 1 5]
[100 7 -2]
[100 -6 13]
[100 17 -5]
[100 16 -4]
[100 25 5]
[100 3 18]
[100 -2 19]
[100 -3 18]
[100 25 35]
[100 4 0]
[100 0 8]
[100 -2 6]
[100 -3 6]
[100 3 0]
[100 0 6]
[100 25 38]
[100 26 36]
[100 -4 17]
[100 1 4]
[100 25 2]
[100 1 22]
[100 25 3]
[100 19 42]
[100 21 42]
[100 -5 11]
[100 -5 10]
[100 -4 11]
[100 2 1]
[100 21 43]
[100 -2 7]
[101 2 -1]
[101 3 -1]
[101 -1 7]
[101 1 7]
[101 0 7]
[101 2 0]
[101 8 -3]
[101 7 -3]
[101 -5 8]
[101 -5 9]
[101 26 6]
[101 5 -1]
[101 22 44]
[101 -4 18]
[101 -5 16]
[101 -5 17]
[101 -6 9]
[101 4 -2]
[101 -4 19]
[101 16 -5]
[101 8 -6]
[101 6 -2]
[101 -6 12]
[101 26 38]
[101 1 17]
[101 25 36]
[101 19 43]
[101 -4 7]
[101 -3 5]
[101 -7 12]
[101 -7 14]
[101 26 35]
[101 20 -7]
[101 18 -8]
[101 0 3]
[101 10 -6]
[101 16 -6]
[101 17 -6]
[101 17 -8]
[101 16 -7]
[101 25 42]
[101 26 42]
[101 26 41]
[101 0 4]
[101 46 8]
[101 0 21]
[102 -5 18]
[102 3 -3]
[102 4 -3]
[102 3 -2]
[102 -7 10]
[102 6 -3]
[102 -7 11]
[102 27 36]
[102 -4 5]
[102 7 -5]
[102 7 -7]
[102 14 -5]
[102 18 -9]
[102 17 -9]
[102 26 43]
[102 1 2]
[102 -6 8]
[102 27 43]
[102 -1 5]
[102 -7 13]
[102 -5 19]
[102 11 26]
[102 20 43]
[102 45 7]
[102 0 2]
[102 -1 3]
[102 -4 6]
[102 -6 18]
[102 6 -4]
[102 -5 7]
[102 11 -7]
[102 -4 20]
[102 19 -8]
[102 23 44]
[102 -6 15]
[102 -1 6]
[102 1 16]
[102 15 -6]
[102 15 -8]
[102 21 44]
[102 39 12]
[102 15 -7]
[102 25 6]
[103 20 -6]
[103 -8 9]
[103 -8 10]
[103 -2 5]
[103 14 -7]
[103 -1 4]
[103 -2 3]
[103 -1 2]
[103 -1 22]
[103 27 42]
[103 -6 7]
[103 25 43]
[103 -2 4]
[103 -6 17]
[103 -3 20]
[103 -2 20]
[103 -6 19]
[103 -6 20]
[103 23 45]
[103 28 43]
[103 -7 15]
[103 19 -4]
[103 14 -8]
[103 17 -10]
[103 16 -9]
[103 19 -9]
[103 27 5]
[103 -7 8]
[103 -7 9]
[103 0 20]
[103 5 -3]
[103 27 37]
[103 28 36]
[103 28 37]
[103 -3 4]
[103 27 38]
[103 11 -8]
[103 2 -2]
[103 18 42]
[103 4 -4]
[103 2 -3]
[104 -2 22]
[104 6 -5]
[104 -7 21]
[104 -7 19]
[104 -7 16]
[104 28 44]
[104 27 6]
[104 24 41]
[104 28 35]
[104 -8 8]
[104 -7 18]
[104 45 6]
[104 -7 6]
[104 29 43]
[104 -1 21]
[104 -3 21]
[104 -4 21]
[104 18 41]
[104 2 -4]
[104 27 4]
[104 -1 1]
[104 -9 8]
[104 3 -5]
[104 16 -10]
[104 15 -10]
[104 24 44]
[104 24 43]
[104 1 -4]
[104 10 -8]
[104 29 37]
[104 12 -8]
[105 24 45]
[105 14 -10]
[105 15 -11]
[105 14 -9]
[105 26 44]
[105 0 -4]
[105 0 -5]
[105 13 -6]
[105 -8 17]
[105 -5 20]
[105 12 -9]
[105 10 -7]
[105 25 44]
[105 -1 23]
[105 -2 21]
[105 18 -10]
[105 -7 20]
[105 20 45]
[105 13 -9]
[105 30 42]
[105 -3 22]
[105 18 -11]
[105 12 -6]
[105 8 -7]
[105 -8 7]
[105 -9 7]
[105 28 45]
[105 29 44]
[105 -8 18]
[105 18 44]
[105 2 -5]
[105 -3 3]
[105 0 0]
[105 -2 1]
[105 -2 0]
[105 6 -7]
[105 29 38]
[105 1 -5]
[105 1 -3]
[106 -1 -5]
[106 12 -10]
[106 0 -2]
[106 -9 11]
[106 0 -3]
[106 8 -8]
[106 -9 17]
[106 -9 18]
[106 -3 2]
[106 5 -6]
[106 31 41]
[106 31 42]
[106 9 -8]
[106 29 36]
[106 30 37]
[106 -10 9]
[106 -9 16]
[106 -8 20]
[106 13 -10]
[106 19 -11]
[106 17 -12]
[106 14 -12]
[106 30 45]
[106 30 44]
[106 25 46]
[107 1 -6]
[107 -1 -1]
[107 -1 -2]
[107 -4 1]
[107 27 45]
[107 26 45]
[107 -2 -1]
[107 -3 -1]
[107 15 -13]
[107 26 47]
[107 30 36]
[107 -10 12]
[107 -10 11]
[107 30 43]
[107 28 41]
[107 -9 21]
[107 -2 -6]
[107 4 -7]
[107 -9 15]
[107 31 38]
[107 19 -10]
[107 30 38]
[107 28 39]
[107 11 -10]
[107 17 44]
[107 -6 21]
[107 0 -6]
[107 30 41]
[107 -9 6]
[107 0 -1]
[107 -11 10]
[107 -4 2]
[107 18 -13]
[107 17 -13]
[107 44 5]
[107 46 7]
[107 -10 17]
[107 11 -11]
[107 6 -8]
[107 3 -6]
[107 -8 21]
[108 4 -8]
[108 11 -12]
[108 10 -12]
[108 29 46]
[108 31 46]
[108 15 -14]
[108 14 -14]
[108 16 -13]
[108 16 -14]
[108 14 -13]
[108 29 40]
[108 31 40]
[108 -2 -2]
[108 -4 -2]
[108 -3 -2]
[108 9 -9]
[108 -3 1]
[108 0 -7]
[108 -1 -4]
[108 12 -11]
[108 -1 -7]
[108 -10 20]
[108 28 46]
[108 27 46]
[108 -10 10]
[108 -11 9]
[108 -12 10]
[108 20 -11]
[108 18 -14]
[108 25 47]
[108 27 47]
[108 -9 19]
[108 31 45]
[108 6 -9]
[108 5 -9]
[108 -1 -6]
[108 32 41]
[109 43 5]
[109 -2 -7]
[109 -4 -1]
[109 11 -13]
[109 12 -13]
[109 25 48]
[109 -5 -3]
[109 -5 -1]
[109 -4 -3]
[109 -5 -2]
[109 32 45]
[109 -10 18]
[109 13 -15]
[109 13 -13]
[109 31 39]
[109 4 -9]
[109 17 -14]
[109 20 44]
[109 13 -12]
[109 13 -14]
[109 -5 2]
[109 7 -9]
[109 -12 11]
[109 -13 10]
[109 18 -12]
[109 -8 5]
[109 -10 6]
[109 -5 3]
[109 -2 -8]
[109 26 48]
[109 12 -12]
[109 -10 19]
[109 -10 13]
[109 28 40]
[109 30 40]
[109 32 46]
[109 30 46]
[109 -10 14]
[109 7 -10]
[109 6 -10]
[109 9 -11]
[109 3 -8]
[109 32 40]
[109 -4 0]
[110 28 47]
[110 13 -16]
[110 12 -15]
[110 4 -10]
[110 3 -10]
[110 -3 -6]
[110 32 39]
[110 -3 -3]
[110 6 -11]
[110 8 -11]
[110 16 -15]
[110 31 47]
[110 33 45]
[110 3 -7]
[110 21 -12]
[110 10 -13]
[110 -1 -9]
[110 -13 9]
[110 9 -10]
[110 -6 -3]
[110 -5 -4]
[110 33 46]
[110 33 44]
[110 -11 6]
[110 26 49]
[110 9 -13]
[110 -6 4]
[110 -8 4]
[111 18 40]
[111 -9 13]
[111 -4 -5]
[111 -2 -9]
[111 -6 -4]
[111 -11 13]
[111 -4 -4]
[111 13 -17]
[111 12 -17]
[111 9 -12]
[111 11 -14]
[111 2 -8]
[111 27 50]
[111 30 47]
[111 32 47]
[111 34 44]
[111 -7 4]
[111 -12 12]
[111 8 -14]
[111 -6 1]
[111 7 -11]
[111 32 48]
[111 33 43]
[111 33 39]
[111 5 -12]
[111 34 46]
[111 -14 8]
[111 -6 3]
[111 -5 -5]
[111 32 44]
[111 -9 4]
[111 22 -13]
[111 3 -11]
[111 -7 -2]
[111 33 40]
[111 -6 -2]
[112 6 -12]
[112 -7 -5]
[112 35 46]
[112 7 -13]
[112 -7 1]
[112 -7 0]
[112 31 48]
[112 -7 3]
[112 -13 12]
[112 -14 9]
[112 9 -14]
[112 -7 -1]
[112 -8 -3]
[112 0 -8]
[112 12 -18]
[112 11 -18]
[112 11 -17]
[112 -15 8]
[112 -8 3]
[112 -10 3]
[112 -9 3]
[112 -10 4]
[112 3 -12]
[112 21 -10]
[112 -6 0]
[112 15 -15]
[112 6 -13]
[112 4 -12]
[112 4 -13]
[112 33 38]
[112 34 40]
[112 19 44]
[112 15 -16]
[112 16 -16]
[112 -11 14]
[112 -2 -10]
[112 29 47]
[113 -15 9]
[113 -14 7]
[113 17 -15]
[113 0 -10]
[113 26 50]
[113 14 -16]
[113 35 45]
[113 34 39]
[113 4 -14]
[113 3 -13]
[113 34 42]
[113 -9 2]
[113 33 48]
[113 -8 2]
[113 -7 -4]
[113 32 49]
[113 -12 13]
[113 -14 11]
[113 -14 12]
[113 -14 13]
[113 -12 5]
[113 -12 6]
[113 -8 -1]
[113 -14 10]
[113 -3 -11]
[113 -3 -10]
[113 42 4]
[113 10 -17]
[113 11 -16]
[113 10 -15]
[113 -8 -4]
[113 17 40]
[113 -8 0]
[113 -4 -7]
[113 8 -15]
[113 2 -12]
[113 7 -14]
[113 -5 -6]
[114 33 41]
[114 42 3]
[114 41 4]
[114 -13 14]
[114 -13 13]
[114 -12 14]
[114 -9 -1]
[114 34 43]
[114 7 -16]
[114 -4 -8]
[114 -4 -12]
[114 -2 -12]
[114 -4 -11]
[114 -9 -2]
[114 -13 5]
[114 -10 1]
[114 -8 -5]
[114 -8 -6]
[114 33 49]
[114 6 -14]
[114 34 38]
[114 34 37]
[114 -11 3]
[114 -5 -7]
[114 -11 4]
[114 16 44]
[114 -15 7]
[114 35 44]
[114 -13 7]
[114 6 -15]
[114 7 -15]
[114 2 -10]
[114 35 39]
[114 4 -15]
[114 11 -19]
[114 -1 -11]
[114 34 49]
[114 21 -13]
[114 -12 8]
[114 30 49]
[114 -13 4]
[114 -12 4]
[114 -11 7]
[114 10 -19]
[114 -14 6]
[114 -13 6]
[115 -9 -5]
[115 43 4]
[115 8 -16]
[115 6 -16]
[115 7 -17]
[115 8 -17]
[115 36 44]
[115 9 -18]
[115 40 3]
[115 41 3]
[115 -9 -6]
[115 1 -12]
[115 5 -16]
[115 5 -15]
[115 -5 -12]
[115 -15 6]
[115 28 50]
[115 21 -11]
[115 35 41]
[115 19 -12]
[115 35 48]
[115 -4 -9]
[115 -10 -1]
[115 36 43]
[115 2 -13]
[115 30 50]
[115 29 49]
[115 -13 3]
[115 16 -17]
[115 -14 4]
[115 -14 3]
[115 9 -19]
[115 10 -20]
[115 -7 -7]
[115 -8 -7]
[115 -1 -13]
[115 -3 -12]
[115 35 37]
[115 -12 15]
[116 22 -12]
[116 -4 -10]
[116 -5 -10]
[116 31 51]
[116 39 2]
[116 40 2]
[116 39 4]
[116 39 3]
[116 -9 1]
[116 1 -13]
[116 5 -17]
[116 -12 3]
[116 36 47]
[116 40 4]
[116 -15 3]
[116 -15 4]
[116 31 50]
[116 29 50]
[116 37 42]
[116 -3 -13]
[116 -1 -12]
[116 36 40]
[116 36 38]
[116 -5 -8]
[116 -15 5]
[116 -11 0]
[116 -11 1]
[116 4 -16]
[116 3 -16]
[116 8 -18]
[116 -13 16]
[116 8 -19]
[116 20 46]
[116 14 -17]
[116 -16 7]
[116 3 -15]
[116 19 -13]
[116 1 -11]
[116 -5 -9]
[116 35 42]
[116 36 41]
[116 0 -14]
[116 -2 -13]
[116 -6 -11]
[116 -6 -13]
[116 -4 -13]
[116 37 43]
[116 37 44]
[116 15 -17]
[116 -11 -1]
[116 -10 -2]
[117 -12 1]
[117 36 42]
[117 -6 -10]
[117 28 49]
[117 -2 -14]
[117 -1 -14]
[117 38 4]
[117 -13 17]
[117 -13 15]
[117 -12 17]
[117 38 43]
[117 -16 5]
[117 -11 -3]
[117 -6 -9]
[117 32 50]
[117 37 46]
[117 33 50]
[117 -6 -8]
[117 -7 -8]
[117 2 -16]
[117 3 -17]
[117 1 -14]
[117 0 -15]
[117 38 42]
[117 8 -20]
[117 9 -20]
[117 -13 2]
[117 -5 -11]
[117 38 1]
[117 -4 -14]
[117 7 -19]
[117 35 49]
[117 -10 -7]
[117 21 46]
[117 -14 2]
[117 39 1]
[117 38 2]
[117 16 40]
[117 9 -21]
[117 -7 -13]
[117 40 5]
[117 36 49]
[117 -16 4]
[117 7 -20]
[118 34 50]
[118 -1 -15]
[118 -12 -2]
[118 2 -15]
[118 4 -17]
[118 40 1]
[118 38 3]
[118 -12 -4]
[118 39 42]
[118 -7 -10]
[118 2 -18]
[118 4 -18]
[118 41 1]
[118 -11 -8]
[118 -11 -6]
[118 8 -21]
[118 7 -21]
[118 -5 -14]
[118 37 1]
[118 37 3]
[118 37 2]
[118 38 46]
[118 37 45]
[118 6 -19]
[118 38 44]
[118 0 -13]
[118 6 -21]
[118 37 41]
[118 -13 1]
[118 -7 -9]
[118 -3 -14]
[118 37 40]
[118 37 0]
[118 8 -22]
[118 9 -22]
[118 -16 9]
[118 38 45]
[118 -7 -11]
[119 36 0]
[119 36 -1]
[119 36 1]
[119 3 -18]
[119 39 43]
[119 2 -17]
[119 6 -22]
[119 7 -22]
[119 5 -22]
[119 5 -20]
[119 6 -20]
[119 36 2]
[119 -2 -16]
[119 1 -17]
[119 39 0]
[119 36 39]
[119 -8 -11]
[119 -8 -12]
[119 -13 -5]
[119 -3 -15]
[119 35 50]
[119 38 47]
[119 -14 1]
[119 -15 1]
[119 -5 -15]
[119 -17 3]
[119 -11 -9]
[119 9 -23]
[119 17 39]
[119 8 -23]
[119 7 -23]
[120 5 -21]
[120 30 52]
[120 -14 0]
[120 -12 -3]
[120 -8 -10]
[120 5 -19]
[120 27 51]
[120 -10 -10]
[120 7 -24]
[120 4 -22]
[120 6 -23]
[120 4 -23]
[120 36 51]
[120 35 51]
[120 8 -24]
[120 6 -24]
[120 1 -19]
[120 35 2]
[120 39 44]
[120 -17 4]
[120 -12 -6]
[120 -13 -6]
[120 -12 -5]
[120 -11 -5]
[120 -17 2]
[120 2 -19]
[120 -4 -16]
[120 -2 -17]
[120 -3 -16]
[120 35 -1]
[120 35 1]
[120 -8 -13]
[120 35 -2]
[120 36 -2]
[120 -13 -1]
[121 -3 -17]
[121 34 1]
[121 34 2]
[121 5 -23]
[121 31 52]
[121 34 -2]
[121 34 -1]
[121 35 0]
[121 1 -18]
[121 -10 -11]
[121 5 -25]
[121 6 -25]
[121 7 -25]
[121 5 -24]
[121 35 52]
[121 3 -19]
[121 34 0]
[121 -5 -16]
[121 3 -20]
[121 2 -20]
[121 -3 -18]
[121 37 47]
[121 -13 -2]
[121 -10 -9]
[121 -16 0]
[121 -14 -1]
[121 -1 -17]
[121 -16 1]
[121 -14 -7]
[121 -13 -7]
[121 4 -24]
[121 3 -23]
[121 -13 -3]
[121 1 -20]
[121 0 -19]
[122 34 52]
[122 -16 10]
[122 3 -21]
[122 3 -22]
[122 32 52]
[122 3 -24]
[122 33 -2]
[122 2 -21]
[122 1 -21]
[122 4 -25]
[122 4 -26]
[122 6 -26]
[122 5 -26]
[122 7 -26]
[122 -1 -18]
[122 32 53]
[122 40 0]
[122 -4 -17]
[122 -5 -17]
[122 -12 -10]
[122 29 53]
[122 -14 -2]
[122 0 -21]
[122 -15 -2]
[122 -18 4]
[122 3 -25]
[122 0 -18]
[122 -9 -12]
[122 -9 -13]
[122 -14 -5]
[122 -11 -11]
[122 -14 -8]
[122 -4 -18]
[122 -15 -6]
[122 -17 0]
[122 -6 -17]
[122 35 53]
[122 27 52]
[122 -15 0]
[123 0 -22]
[123 -16 -1]
[123 33 52]
[123 34 53]
[123 -18 5]
[123 -19 3]
[123 -19 4]
[123 28 53]
[123 21 -9]
[123 5 -27]
[123 6 -27]
[123 4 -27]
[123 41 2]
[123 7 -27]
[123 -15 -3]
[123 -13 -8]
[123 2 -26]
[123 3 -26]
[123 28 52]
[123 33 53]
[123 32 54]
[123 -5 -18]
[123 37 52]
[123 1 -22]
[123 33 1]
[123 3 -27]
[123 -15 -8]
[123 -13 -9]
[123 -15 -9]
[123 -18 1]
[123 33 -3]
[123 32 -3]
[123 -10 -14]
[123 -13 -4]
[123 -3 -19]
[123 -4 -19]
[123 16 38]
[123 35 54]
[123 -1 -20]
[123 -10 -12]
[124 -14 -9]
[124 4 -28]
[124 6 -28]
[124 -15 -7]
[124 31 53]
[124 -6 -18]
[124 -5 -19]
[124 -20 4]
[124 27 53]
[124 26 52]
[124 2 -28]
[124 2 -27]
[124 3 -28]
[124 -2 -19]
[124 -1 -21]
[124 -2 -21]
[124 1 -23]
[124 2 -23]
[124 0 -23]
[124 -11 -12]
[124 -12 -12]
[124 1 -27]
[124 36 53]
[124 -1 -19]
[124 -4 -20]
[124 -10 -13]
[124 -16 -3]
[124 -16 -2]
[124 -14 -10]
[124 -16 -10]
[124 -16 -9]
[124 -9 -15]
[124 -11 -14]
[124 -11 -13]
[124 -3 -20]
[124 -15 -4]
[124 -16 -4]
[124 5 -28]
[124 34 54]
[124 36 54]
[125 4 -29]
[125 5 -29]
[125 -18 -1]
[125 -1 -24]
[125 -17 -1]
[125 -17 -2]
[125 -15 -11]
[125 0 -24]
[125 -17 -4]
[125 -13 -11]
[125 -13 -10]
[125 -5 -21]
[125 37 55]
[125 -21 4]
[125 -20 3]
[125 1 -25]
[125 2 -29]
[125 -12 -13]
[125 -11 -15]
[125 3 -29]
[125 1 -29]
[125 36 55]
[125 16 37]
[125 -12 -14]
[125 -14 -11]
[125 -1 -23]
[125 -7 -18]
[125 1 -28]
[125 0 -28]
[126 -22 4]
[126 -21 3]
[126 -6 -20]
[126 -18 0]
[126 -1 -25]
[126 0 -25]
[126 33 54]
[126 -13 -13]
[126 -2 -24]
[126 -12 -15]
[126 -16 -11]
[126 -14 -12]
[126 -16 -12]
[126 22 -9]
[126 1 -26]
[126 -7 -17]
[126 -6 -19]
[126 2 -30]
[126 4 -30]
[126 31 -4]
[126 31 55]
[126 -10 -16]
[126 -8 -15]
[126 -20 5]
[126 3 -30]
[126 1 -30]
[126 36 56]
[126 37 54]
[126 -13 -12]
[126 0 -26]
[126 38 52]
[126 0 -27]
[126 0 -29]
[126 -18 -4]
[126 -18 -3]
[126 -1 -29]
[126 -1 -27]
[126 -1 -28]
[126 6 -30]
[126 -17 -10]
[126 -15 -12]
[126 -11 -16]
[126 -10 -15]
[127 -10 -17]
[127 37 56]
[127 36 57]
[127 37 57]
[127 -13 -14]
[127 -19 1]
[127 -1 -26]
[127 -2 -27]
[127 -2 -28]
[127 5 -30]
[127 -14 -13]
[127 32 55]
[127 39 53]
[127 39 51]
[127 25 51]
[127 0 -30]
[127 -1 -30]
[127 -3 -21]
[127 21 47]
[127 -19 -4]
[127 6 -31]
[127 -2 -25]
[127 -3 -23]
[127 -17 -11]
[127 -2 -23]
[127 -2 -30]
[127 33 0]
[127 -18 -9]
[127 -9 -17]
[127 2 -31]
[127 0 -31]
[127 -22 3]
[127 -8 -19]
[127 -7 -19]
[127 -19 -1]
[127 -15 -13]
[127 -7 -21]
[127 -7 -20]
[127 -6 -21]
[127 -19 -2]
[127 1 -31]
[128 -5 -22]
[128 -12 -16]
[128 -2 -29]
[128 -2 -31]
[128 1 -32]
[128 -19 -9]
[128 -18 -10]
[128 -16 -13]
[128 -12 -17]
[128 -1 -31]
[128 -3 -31]
[128 -20 0]
[128 38 55]
[128 38 54]
[128 -8 -20]
[128 -20 -4]
[128 -19 -5]
[128 -10 -18]
[128 7 -31]
[128 5 -31]
[128 7 -32]
[128 6 -32]
[128 -8 -18]
[128 -19 -3]
[128 0 -32]
[128 -1 -32]
[128 -22 5]
[128 38 57]
[128 40 54]
[128 -17 -13]
[128 38 56]
[128 32 -4]
[128 25 53]
[128 35 56]
[128 -18 -11]
[128 33 -1]
[128 -9 -20]
[128 -17 -12]
[128 -3 -27]
[128 -23 3]
[128 -4 -24]
[129 32 -5]
[129 31 -5]
[129 -20 1]
[129 -24 2]
[129 -1 -33]
[129 1 -33]
[129 0 -33]
[129 -2 -32]
[129 -17 -14]
[129 -15 -14]
[129 -16 -14]
[129 -7 -22]
[129 2 -32]
[129 2 -33]
[129 -18 -12]
[129 24 51]
[129 -13 -16]
[129 -3 -25]
[129 -3 -32]
[129 -19 -11]
[129 -4 -31]
[129 -4 -30]
[129 -3 -30]
[129 -5 -23]
[129 8 -31]
[129 34 56]
[129 -18 -14]
[129 5 -33]
[129 -9 -18]
[129 -4 -25]
[129 -21 -4]
[129 39 56]
[129 39 54]
[129 -12 -18]
[129 -13 -17]
[129 40 53]
[129 -8 -17]
[129 -19 -10]
[129 30 56]
[129 -18 -13]
[130 30 -5]
[130 -4 -26]
[130 -25 1]
[130 -25 2]
[130 -14 -18]
[130 -13 -18]
[130 -19 -12]
[130 -15 -15]
[130 -3 -33]
[130 -2 -33]
[130 4 -34]
[130 4 -33]
[130 -5 -30]
[130 -5 -31]
[130 -5 -32]
[130 -4 -32]
[130 6 -33]
[130 -11 -19]
[130 17 38]
[130 -12 -19]
[130 -21 0]
[130 -21 1]
[130 -4 -23]
[130 -5 -24]
[130 9 -31]
[130 24 50]
[130 0 -34]
[130 2 -34]
[130 -7 -15]
[130 -6 -23]
[130 -20 -10]
[130 3 -34]
[130 1 -34]
[130 -1 -34]
[130 39 55]
[130 40 56]
[130 -20 -6]
[131 -2 -34]
[131 -6 -24]
[131 -8 -23]
[131 -7 -23]
[131 -20 -13]
[131 -20 -12]
[131 41 55]
[131 1 -35]
[131 3 -35]
[131 2 -35]
[131 39 -1]
[131 -18 -8]
[131 -1 -35]
[131 -2 -35]
[131 0 -35]
[131 -19 -6]
[131 -18 -6]
[131 -3 -29]
[131 3 -33]
[131 -3 -34]
[131 29 57]
[131 -16 -15]
[131 -6 -30]
[131 -6 -31]
[131 -21 -11]
[131 -21 -10]
[131 -26 1]
[131 -24 3]
[131 -22 -1]
[131 -22 1]
[131 -4 -33]
[131 -5 -33]
[131 -6 -33]
[131 -21 -6]
[131 -21 -7]
[131 -13 -19]
[131 -15 -17]
[131 -15 -19]
[131 -15 -18]
[131 -4 -34]
[132 -19 -13]
[132 -7 -34]
[132 -7 -33]
[132 -6 -32]
[132 -6 -34]
[132 -5 -34]
[132 -16 -16]
[132 -1 -36]
[132 -2 -36]
[132 -3 -36]
[132 41 52]
[132 41 54]
[132 -7 -31]
[132 -7 -29]
[132 -6 -29]
[132 -4 -28]
[132 38 50]
[132 -20 -7]
[132 -5 -27]
[132 -5 -26]
[132 2 -36]
[132 1 -36]
[132 -19 -15]
[132 31 56]
[132 -21 -9]
[132 -27 1]
[132 28 58]
[132 29 58]
[132 -9 -23]
[132 -8 -24]
[132 -15 -16]
[132 25 54]
[132 -4 -35]
[132 -21 -8]
[132 -22 -7]
[132 -21 -13]
[132 -19 -14]
[132 -3 -35]
[132 -8 -22]
[132 0 -36]
[132 -23 0]
[132 -22 -6]
[132 -18 -7]
[132 -17 -7]
[132 -14 -19]
[133 -17 -17]
[133 -3 -37]
[133 -2 -37]
[133 -8 -34]
[133 -23 -8]
[133 42 54]
[133 -22 -10]
[133 -4 -36]
[133 -4 -37]
[133 -20 -14]
[133 42 52]
[133 -14 -16]
[133 -17 -6]
[133 -1 -37]
[133 0 -37]
[133 -21 -2]
[133 -17 -16]
[133 -22 -8]
[133 -6 -35]
[133 29 55]
[133 38 49]
[133 -5 -28]
[133 -19 -16]
[133 -18 -16]
[133 -23 1]
[133 28 56]
[133 -6 -27]
[133 -6 -28]
[133 -22 -13]
[133 28 57]
[133 29 59]
[133 27 57]
[133 -13 -20]
[133 -16 -20]
[133 -15 -20]
[133 -16 -18]
[133 -28 0]
[133 -28 2]
[133 -10 -23]
[133 22 47]
[133 -8 -35]
[133 10 -31]
[133 33 57]
[133 41 56]
[133 -22 -11]
[133 -23 -1]
[133 -24 -1]
[133 24 55]
[133 -7 -32]
[133 -26 0]
[133 -8 -28]
[133 -8 -30]
[133 -8 -29]
[134 42 51]
[134 -29 1]
[134 -29 0]
[134 -28 1]
[134 -8 -25]
[134 -5 -36]
[134 -6 -26]
[134 28 59]
[134 -19 -17]
[134 -25 -1]
[134 -9 -34]
[134 -7 -36]
[134 -8 -36]
[134 30 60]
[134 -10 -24]
[134 -10 -22]
[134 -10 -21]
[134 -22 -9]
[134 -23 -5]
[134 -23 -7]
[134 43 54]
[134 43 53]
[134 -5 -37]
[134 -4 -38]
[134 -3 -38]
[134 -5 -38]
[134 -17 -21]
[134 -1 -38]
[134 0 -38]
[134 -2 -38]
[134 -17 -18]
[134 34 58]
[134 39 49]
[134 -8 -27]
[134 -9 -28]
[134 -7 -28]
[134 -7 -27]
[134 -6 -36]
[134 43 51]
[134 -18 -17]
[134 -8 -33]
[134 -22 -2]
[134 -23 -2]
[134 27 56]
[134 -20 -15]
[134 34 57]
[134 -23 -12]
[134 38 -2]
[134 -27 0]
[134 30 -6]
[134 -29 2]
[134 -29 3]
[134 -26 -1]
[135 -9 -25]
[135 -9 -30]
[135 -23 -10]
[135 -11 -21]
[135 -18 -18]
[135 -6 -37]
[135 -26 -2]
[135 -9 -26]
[135 23 49]
[135 -7 -25]
[135 -29 4]
[135 -28 3]
[135 -9 -36]
[135 -30 0]
[135 -2 -39]
[135 -3 -39]
[135 -1 -39]
[135 -30 -1]
[135 -30 1]
[135 33 59]
[135 38 -3]
[135 -8 -37]
[135 26 55]
[135 26 57]
[135 26 58]
[135 -20 -18]
[135 -6 -38]
[135 -5 -39]
[135 -4 -39]
[135 -6 -39]
[135 -29 -1]
[135 -11 -25]
[135 25 52]
[135 27 59]
[135 -11 -22]
[135 -11 -24]
[135 -23 -4]
[135 -27 3]
[135 -27 -1]
[135 33 58]
[135 -24 -7]
[135 23 54]
[135 25 56]
[135 -21 -15]
[135 -18 -20]
[135 -18 -21]
[135 -16 -21]
[135 -10 -35]
[135 -10 -34]
[135 -10 -33]
[136 26 56]
[136 27 55]
[136 -8 -38]
[136 -7 -38]
[136 -10 -31]
[136 -10 -29]
[136 -21 -16]
[136 -22 -16]
[136 -22 -15]
[136 -6 -40]
[136 -7 -39]
[136 -5 -40]
[136 -7 -40]
[136 -4 -40]
[136 -12 -23]
[136 -10 -25]
[136 -12 -25]
[136 27 60]
[136 -19 -18]
[136 -10 -27]
[136 -11 -32]
[136 -11 -33]
[136 -11 -34]
[136 -9 -32]
[136 -23 -11]
[136 -30 -2]
[136 -31 0]
[136 -19 -20]
[136 -19 -21]
[136 29 61]
[136 -17 -22]
[136 -28 4]
[136 -30 4]
[136 -30 5]
[136 -28 5]
[136 29 -6]
[136 25 59]
[136 -12 -26]
[136 -10 -26]
[136 -11 -35]
[136 -31 1]
[136 -25 -6]
[136 -9 -27]
[136 -12 -22]
[136 32 58]
[136 -10 -37]
[136 -28 -2]
[136 -9 -37]
[136 -24 -10]
[136 -24 -11]
[137 -8 -39]
[137 -9 -39]
[137 -26 -7]
[137 -26 -5]
[137 -10 -32]
[137 -9 -31]
[137 -17 -23]
[137 -18 -22]
[137 -21 -19]
[137 -21 -17]
[137 -20 -19]
[137 -21 -18]
[137 -19 -19]
[137 31 58]
[137 -32 1]
[137 -12 -27]
[137 -13 -27]
[137 -13 -26]
[137 -23 -14]
[137 26 60]
[137 26 59]
[137 -12 -21]
[137 -24 -3]
[137 -27 -2]
[137 -29 -3]
[137 -27 -3]
[137 44 53]
[137 -13 -24]
[137 -27 4]
[137 -6 -41]
[137 -7 -41]
[137 29 -7]
[137 25 60]
[137 25 58]
[137 24 60]
[137 24 59]
[137 -27 5]
[137 -27 6]
[137 -10 -30]
[137 -20 -21]
[137 -11 -37]
[137 -25 -11]
[137 -31 5]
[137 -12 -35]
[137 -12 -36]
[137 -11 -36]
[137 28 61]
[137 -31 -1]
[137 -8 -40]
[137 -8 -41]
[137 -24 -4]
[137 -32 -1]
[137 -31 6]
[137 -30 6]
[137 -31 -3]
[137 -11 -30]
[137 -11 -29]
[137 -12 -34]
[137 -23 -17]
[137 -22 -17]
[138 -27 -6]
[138 -21 -22]
[138 -16 -22]
[138 26 61]
[138 25 61]
[138 33 -6]
[138 -13 -25]
[138 -28 6]
[138 -13 -23]
[138 -14 -25]
[138 -25 -10]
[138 -24 -13]
[138 -23 -13]
[138 -13 -35]
[138 -9 -42]
[138 -9 -41]
[138 -26 7]
[138 -26 6]
[138 -27 7]
[138 -9 -40]
[138 -32 -4]
[138 -32 -3]
[138 -31 -4]
[138 -13 -28]
[138 -11 -28]
[138 -22 -18]
[138 -22 -19]
[138 -12 -28]
[138 -14 -26]
[138 -24 -5]
[138 38 -4]
[138 37 -4]
[138 30 -8]
[138 -11 -31]
[138 -11 -38]
[138 27 62]
[138 -32 0]
[138 -14 -27]
[138 -19 -22]
[138 -25 -9]
[138 -32 5]
[138 -32 6]
[138 -25 -12]
[138 -12 -33]
[138 -26 -6]
[138 -12 -37]
[138 -25 -4]
[138 -10 -40]
[138 -31 2]
[138 45 54]
[138 -12 -31]
[138 -32 7]
[138 -32 -2]
[138 -30 7]
[138 -25 -3]
[138 -19 -23]
[139 -10 -41]
[139 -11 -39]
[139 -32 2]
[139 -15 -25]
[139 -15 -27]
[139 -31 4]
[139 -33 6]
[139 -33 1]
[139 -28 7]
[139 -33 -3]
[139 -33 -5]
[139 -13 -34]
[139 -28 8]
[139 -12 -32]
[139 -27 -4]
[139 24 58]
[139 -10 -39]
[139 -12 -30]
[139 -15 -24]
[139 -31 3]
[139 -30 -4]
[139 -33 -2]
[139 -10 -43]
[139 -10 -42]
[139 -12 -29]
[139 -33 -4]
[139 -28 -6]
[139 -30 -3]
[139 -27 -7]
[139 -26 8]
[139 25 62]
[139 -14 -29]
[139 -31 8]
[139 -18 -24]
[139 -16 -24]
[139 26 62]
[139 -11 -27]
[139 31 -9]
[139 -32 -5]
[139 -26 -10]
[139 -23 -19]
[139 -13 -38]
[139 -12 -38]
[139 -14 -28]
[139 -12 -39]
[139 -24 -15]
[139 -24 -16]
[139 -13 -36]
[139 32 -6]
[139 -22 -22]
[139 -20 -23]
[139 22 54]
[139 22 55]
[140 -11 -44]
[140 -11 -42]
[140 -11 -40]
[140 -18 -25]
[140 -19 -25]
[140 33 -7]
[140 -14 -37]
[140 -33 -1]
[140 -24 -18]
[140 -24 -14]
[140 -29 7]
[140 37 -5]
[140 -33 -6]
[140 -34 -4]
[140 -27 -8]
[140 -13 -39]
[140 -14 -23]
[140 -26 -8]
[140 -31 9]
[140 -32 9]
[140 -25 -16]
[140 -16 -25]
[140 32 59]
[140 -13 -37]
[140 -13 -29]
[140 -15 -29]
[140 -13 -30]
[140 -29 -4]
[140 -13 -31]
[140 -26 -9]
[140 -13 -40]
[140 21 54]
[140 -34 5]
[140 -33 7]
[140 -15 -30]
[140 -15 -28]
[140 -11 -41]
[140 -14 -39]
[140 -14 -38]
[140 31 -10]
[140 -33 0]
[140 -34 -3]
[140 -21 -21]
[140 -23 -20]
[140 -11 -43]
[140 -34 -5]
[141 -35 -5]
[141 -29 -7]
[141 -15 -36]
[141 -35 -4]
[141 -13 -33]
[141 -14 -40]
[141 -27 -9]
[141 -28 -8]
[141 -13 -41]
[141 -25 -14]
[141 -30 9]
[141 25 63]
[141 -32 -6]
[141 -31 -6]
[141 -34 -6]
[141 -12 -43]
[141 -17 -25]
[141 -32 3]
[141 -34 0]
[141 -34 -2]
[141 -12 -45]
[141 -12 -44]
[141 -14 -34]
[141 -34 -7]
[141 -24 -20]
[141 -23 -21]
[141 -19 -24]
[141 -14 -31]
[141 -14 -30]
[141 -33 10]
[141 -31 10]
[141 -25 -7]
[141 -35 5]
[141 -25 -17]
[141 -14 -35]
[141 -12 -42]
[141 -16 -30]
[141 -14 -22]
[141 -25 -19]
[141 -15 -38]
[141 -15 -39]
[141 -25 -15]
[141 -17 -26]
[141 -19 -26]
[141 -18 -26]
[141 -16 -27]
[141 -23 -22]
[142 -15 -37]
[142 -16 -37]
[142 -16 -39]
[142 -24 -22]
[142 -13 -44]
[142 -13 -45]
[142 -33 2]
[142 23 60]
[142 24 56]
[142 -17 -28]
[142 -35 -2]
[142 -13 -42]
[142 -14 -41]
[142 -36 6]
[142 -36 5]
[142 -15 -40]
[142 -26 -15]
[142 -13 -43]
[142 -14 -36]
[142 -17 -27]
[142 -29 -8]
[142 24 62]
[142 -33 -7]
[142 -31 -7]
[142 -32 -7]
[142 -20 -26]
[142 -14 -33]
[142 -16 -40]
[142 -17 -31]
[142 -17 -30]
[142 -35 4]
[142 -29 9]
[142 -34 -1]
[142 -28 -9]
[142 -35 -1]
[142 -25 -18]
[142 23 61]
[142 39 -2]
[142 -25 -20]
[142 -36 -6]
[142 -36 -5]
[142 -30 11]
[142 -31 11]
[142 -26 9]
[142 24 63]
[142 -14 -32]
[142 -19 -27]
[142 -20 -27]
[142 -16 -35]
[142 -36 -4]
[142 -35 -3]
[142 -35 -6]
[142 -35 -7]
[143 -32 -8]
[143 -37 -6]
[143 -37 -7]
[143 -28 -10]
[143 -37 -3]
[143 -37 -5]
[143 -29 10]
[143 -29 12]
[143 -30 -8]
[143 -35 1]
[143 28 -8]
[143 -32 12]
[143 -30 12]
[143 -31 12]
[143 -21 -28]
[143 -17 -37]
[143 -17 -38]
[143 -16 -38]
[143 -37 6]
[143 -36 7]
[143 -37 5]
[143 -37 7]
[143 -14 -42]
[143 -36 3]
[143 40 -1]
[143 -21 -24]
[143 -34 9]
[143 -26 -19]
[143 23 62]
[143 23 63]
[143 -24 -23]
[143 -15 -41]
[143 -36 4]
[143 -35 -8]
[143 -17 -29]
[143 -15 -34]
[143 -15 -33]
[143 -15 -35]
[143 -25 10]
[143 -34 8]
[143 -14 -44]
[143 -17 -41]
[143 -14 -46]
[143 -17 -40]
[143 -17 -36]
[144 -18 -37]
[144 -18 -39]
[144 -26 -18]
[144 -15 -42]
[144 -29 -10]
[144 23 48]
[144 22 48]
[144 -34 -9]
[144 -35 -9]
[144 -35 7]
[144 -38 7]
[144 -38 -7]
[144 -38 -6]
[144 -38 -5]
[144 -22 -28]
[144 -20 -28]
[144 -21 -29]
[144 -22 -29]
[144 -25 9]
[144 -37 4]
[144 -37 2]
[144 -29 11]
[144 -30 13]
[144 -31 13]
[144 -23 -24]
[144 -24 -24]
[144 -15 -45]
[144 -15 -44]
[144 -34 1]
[144 -33 3]
[144 -18 -29]
[144 -27 10]
[144 -37 8]
[144 -16 -41]
[144 -16 -42]
[144 -17 -39]
[144 -21 -27]
[144 -28 13]
[144 -28 11]
[144 -28 12]
[144 -18 -42]
[144 -38 8]
[144 -37 -4]
[144 23 56]
[144 -36 -7]
[144 -25 -21]
[144 -16 -36]
[144 -18 -38]
[144 22 61]
[144 -36 -3]
[144 22 62]
[144 -16 -34]
[144 30 -7]
[144 -34 2]
[144 -16 -33]
[145 -22 -27]
[145 -22 -26]
[145 -29 -11]
[145 -38 -4]
[145 -36 -2]
[145 -37 9]
[145 -19 -38]
[145 -19 -40]
[145 -18 -40]
[145 -25 -25]
[145 -24 -25]
[145 -23 -25]
[145 -27 -19]
[145 -25 -23]
[145 -17 -33]
[145 -39 7]
[145 -39 -6]
[145 -39 -7]
[145 -39 -8]
[145 -38 -8]
[145 -17 -42]
[145 -18 -41]
[145 -28 9]
[145 24 64]
[145 -37 -2]
[145 -38 1]
[145 -36 2]
[145 -38 2]
[145 -38 4]
[145 21 62]
[145 -25 11]
[145 -20 -29]
[145 -21 -30]
[145 -17 -43]
[145 -19 -42]
[145 -18 -43]
[145 -19 -43]
[145 -19 -41]
[145 22 53]
[145 -16 -43]
[145 -21 -25]
[145 -19 -36]
[145 -28 14]
[145 -29 13]
[145 -16 -44]
[145 -36 -8]
[145 -38 9]
[145 -39 9]
[145 -19 -39]
[145 -19 -37]
[145 -30 -10]
[145 -31 14]
[145 -30 14]
[146 22 63]
[146 -27 11]
[146 -40 -8]
[146 -39 0]
[146 -17 -44]
[146 -20 -36]
[146 -18 -36]
[146 -35 -10]
[146 -39 8]
[146 -40 9]
[146 -20 -41]
[146 -20 -30]
[146 -20 -38]
[146 -20 -39]
[146 -18 -44]
[146 -37 1]
[146 28 -7]
[146 27 -9]
[146 -39 -9]
[146 -38 -9]
[146 -37 3]
[146 -27 13]
[146 -22 -30]
[146 -20 -40]
[146 -25 -26]
[146 -26 -25]
[146 -20 -42]
[146 -39 4]
[146 -22 -31]
[146 -27 14]
[146 -30 -12]
[146 -17 -35]
[146 -28 -20]
[146 -27 -15]
[146 -20 -35]
[146 -20 -37]
[146 -40 -5]
[146 -40 -7]
[146 32 -8]
[146 -20 -43]
[146 21 63]
[146 -29 15]
[146 -31 15]
[147 -21 -37]
[147 -19 -45]
[147 -21 -41]
[147 -40 4]
[147 -39 5]
[147 -40 5]
[147 -40 3]
[147 -40 -9]
[147 -28 -18]
[147 -35 2]
[147 -41 -8]
[147 -41 -7]
[147 20 62]
[147 -18 -34]
[147 -18 -35]
[147 24 65]
[147 -26 -26]
[147 -26 -24]
[147 -41 -6]
[147 -40 -4]
[147 -41 -5]
[147 -39 -5]
[147 -21 -38]
[147 -41 9]
[147 -35 3]
[147 -36 -11]
[147 -19 -31]
[147 -31 -11]
[147 -19 -35]
[147 -21 -40]
[147 -37 0]
[147 -22 -32]
[147 -21 -32]
[147 -20 -34]
[147 -21 -36]
[147 -19 -34]
[147 -19 -44]
[147 -27 -17]
[147 -18 -45]
[147 -36 -1]
[147 -38 -1]
[147 -21 -43]
[147 21 64]
[147 -27 -21]
[147 -29 -19]
[147 -21 -42]
[147 -21 -31]
[147 -20 -31]
[147 -21 -39]
[147 -28 -15]
[147 -28 -16]
[147 -30 16]
[147 -32 15]
[147 -20 -44]
[147 -27 15]
[147 -28 15]
[147 -29 16]
[147 -28 16]
[147 -40 0]
[147 -40 -1]
[147 -39 -10]
[147 -38 -10]
[147 -37 -10]
[147 -40 7]
[147 -36 -10]
[148 -21 -44]
[148 27 -8]
[148 -23 -27]
[148 -40 1]
[148 -21 -35]
[148 -20 -33]
[148 -21 -33]
[148 -21 -34]
[148 -27 17]
[148 -27 16]
[148 -28 17]
[148 -29 17]
[148 -38 -11]
[148 -37 -11]
[148 -22 -38]
[148 -31 -13]
[148 -31 -12]
[148 -23 -32]
[148 -23 -31]
[148 -35 -11]
[148 -22 -40]
[148 -22 -41]
[148 -18 -33]
[148 -41 -1]
[148 -41 6]
[148 -41 5]
[148 -41 4]
[148 37 -6]
[148 -20 -32]
[148 -26 -27]
[148 30 -11]
[148 -27 -24]
[148 -42 -9]
[148 -22 -44]
[148 -27 -22]
[148 -41 -9]
[148 -42 -4]
[148 -27 -26]
[148 -28 -14]
[148 -32 -12]
[148 -22 -42]
[148 22 64]
[148 -22 -39]
[148 -22 -37]
[148 20 63]
[148 -19 -32]
[148 28 -10]
[148 -28 -17]
[148 -22 -33]
[148 -23 -33]
[148 -22 -36]
[148 -22 -35]
[148 -41 8]
[148 -42 -8]
[148 -42 9]
[149 -41 1]
[149 -33 14]
[149 -25 -27]
[149 -28 -22]
[149 -41 3]
[149 -42 3]
[149 -27 -23]
[149 -28 -24]
[149 -19 -33]
[149 -42 7]
[149 -42 8]
[149 -24 -32]
[149 -24 -31]
[149 21 60]
[149 -37 -12]
[149 -38 -12]
[149 -36 -12]
[149 -39 -11]
[149 -23 -37]
[149 -23 -39]
[149 -23 -40]
[149 32 -7]
[149 -42 -1]
[149 -43 -10]
[149 -28 -23]
[149 -29 -18]
[149 -22 -45]
[149 -21 -45]
[149 -23 -41]
[149 -23 -43]
[149 -22 -43]
[149 -23 -42]
[149 -42 10]
[149 -23 -34]
[149 -22 -34]
[149 -23 -38]
[149 -28 18]
[149 -40 2]
[149 36 -7]
[149 -30 -14]
[149 -32 -14]
[149 -43 -3]
[149 -43 -5]
[149 -42 -3]
[149 21 65]
[149 -39 -12]
[149 -23 -36]
[149 -28 -26]
[149 -32 -13]
[149 28 -9]
[149 -29 -20]
[149 19 63]
[149 19 64]
[149 -24 -27]
[149 -23 -35]
[149 -29 -15]
[149 -29 18]
[149 -27 -25]
[149 -23 -44]
[149 20 54]
[149 -26 12]
[150 -24 -30]
[150 -24 -43]
[150 -24 -44]
[150 -40 -12]
[150 21 55]
[150 -24 -38]
[150 -24 -40]
[150 -24 -39]
[150 -39 -13]
[150 -30 -20]
[150 -30 -18]
[150 -30 -21]
[150 -28 -25]
[150 -25 -32]
[150 -28 -27]
[150 -29 -27]
[150 -24 -36]
[150 -24 -35]
[150 -43 7]
[150 -43 6]
[150 -44 -3]
[150 -43 -2]
[150 -25 -28]
[150 -31 -14]
[150 -31 -15]
[150 -33 -14]
[150 -32 -15]
[150 -26 -28]
[150 -27 -28]
[150 -29 -24]
[150 -30 -15]
[150 -24 -42]
[150 -24 -41]
[150 -43 8]
[150 -35 -13]
[150 29 -11]
[150 -24 -37]
[150 -44 -10]
[150 -43 -11]
[150 -42 -11]
[150 -42 2]
[150 -43 2]
[150 -43 4]
[150 -29 -17]
[150 -24 -45]
[150 -23 -45]
[150 -29 -23]
[150 -43 -9]
[150 -28 19]
[150 -42 1]
[150 -43 -6]
[150 -44 -5]
[150 -43 0]
[150 -43 11]
[150 -42 11]
[150 -41 11]
[150 23 66]
[150 25 66]
[150 20 59]
[150 -24 -34]
[151 -29 -26]
[151 -28 -28]
[151 23 55]
[151 -25 -41]
[151 -25 -40]
[151 -30 -23]
[151 -44 7]
[151 -44 6]
[151 -25 -35]
[151 -25 -37]
[151 -44 1]
[151 -43 1]
[151 -44 3]
[151 -25 -33]
[151 -25 -43]
[151 -25 -45]
[151 -25 -42]
[151 -40 -13]
[151 -36 -13]
[151 -25 -44]
[151 -44 -12]
[151 -44 -11]
[151 -25 -36]
[151 -43 -1]
[151 -44 -2]
[151 -44 -9]
[151 -45 -2]
[151 -31 -21]
[151 -42 12]
[151 18 65]
[151 -24 -46]
[151 -23 -46]
[151 -25 -38]
[151 -25 -39]
[151 30 -12]
[151 -45 -10]
[151 19 58]
[151 21 58]
[151 -44 5]
[151 -44 4]
[151 -27 -29]
[151 -29 -28]
[151 -30 -26]
[151 -27 19]
[151 -27 20]
[151 -39 -14]
[151 24 67]
[151 -26 -33]
[151 -26 -29]
[151 -29 -22]
[151 -22 -46]
[151 -41 -11]
[152 -25 -34]
[152 -26 -41]
[152 -26 -43]
[152 -26 -42]
[152 -41 -12]
[152 -30 -27]
[152 -32 -16]
[152 -23 -47]
[152 -24 -47]
[152 -46 -9]
[152 -31 -20]
[152 -32 -22]
[152 -26 -44]
[152 -28 20]
[152 -26 -37]
[152 -30 -22]
[152 -44 0]
[152 -45 1]
[152 17 64]
[152 21 59]
[152 -26 -40]
[152 25 68]
[152 -34 15]
[152 -33 -15]
[152 -26 -39]
[152 -44 -8]
[152 -26 -30]
[152 -25 -30]
[152 29 -13]
[152 -45 -1]
[152 19 57]
[152 -26 -38]
[152 -40 -14]
[152 -45 4]
[152 18 64]
[152 -45 -11]
[152 -44 -13]
[152 -45 -12]
[152 -43 -13]
[152 -45 8]
[152 -45 6]
[152 -45 7]
[153 -27 -42]
[153 24 68]
[153 25 67]
[153 26 68]
[153 26 67]
[153 -25 -46]
[153 -27 -44]
[153 -29 -29]
[153 -42 -13]
[153 26 -8]
[153 -27 -45]
[153 -27 -43]
[153 -31 -28]
[153 -27 -41]
[153 -33 -16]
[153 -26 -45]
[153 -27 -37]
[153 -31 -25]
[153 -31 -18]
[153 22 56]
[153 20 58]
[153 -45 -7]
[153 -46 5]
[153 -32 -20]
[153 -45 5]
[153 -26 -34]
[153 -27 -32]
[153 -26 -36]
[153 -25 -47]
[153 -34 16]
[153 -46 9]
[153 -31 -22]
[153 -33 -23]
[153 -32 -23]
[153 -33 -22]
[153 -45 -14]
[153 -43 13]
[153 -27 -39]
[153 -27 -38]
[153 -27 -40]
[153 -46 0]
[153 -24 -48]
[153 16 64]
[153 17 65]
[153 16 65]
[153 -47 -10]
[153 -43 -14]
[153 -40 12]
[153 -46 1]
[153 -26 -35]
[153 22 66]
[153 -38 -15]
[153 -39 -15]
[153 -41 -15]
[154 -27 -33]
[154 -28 -31]
[154 15 64]
[154 16 66]
[154 15 65]
[154 -45 10]
[154 -46 8]
[154 -47 8]
[154 -31 -24]
[154 -28 -42]
[154 -28 -41]
[154 -39 11]
[154 -25 -48]
[154 -37 -14]
[154 -26 -46]
[154 -27 -46]
[154 -28 -44]
[154 -47 6]
[154 -47 4]
[154 21 67]
[154 -27 -34]
[154 -32 -21]
[154 -33 -19]
[154 -28 -43]
[154 -35 15]
[154 -44 -14]
[154 -46 -10]
[154 29 -12]
[154 -44 13]
[154 25 69]
[154 -34 -22]
[154 -34 -24]
[154 -27 -31]
[154 -28 -38]
[154 -28 -40]
[154 -46 -7]
[154 -28 -45]
[154 -26 -47]
[154 -44 -15]
[154 -42 -15]
[154 -43 -15]
[154 -37 -15]
[154 -32 -27]
[154 24 69]
[154 -31 -26]
[154 15 63]
[154 -28 -37]
[154 -28 -39]
[154 -33 -17]
[154 -27 -36]
[154 -28 -30]
[154 -46 -14]
[154 -45 -15]
[155 -39 12]
[155 -38 11]
[155 -32 -19]
[155 -29 -41]
[155 -29 -42]
[155 14 63]
[155 30 -13]
[155 -29 -31]
[155 -27 -35]
[155 29 -14]
[155 -34 17]
[155 -30 -30]
[155 -27 -13]
[155 -28 -47]
[155 -28 -46]
[155 -47 -13]
[155 24 70]
[155 23 69]
[155 23 70]
[155 -28 -33]
[155 -28 -34]
[155 -35 -22]
[155 -47 -9]
[155 -29 -36]
[155 -28 -36]
[155 -29 -37]
[155 26 69]
[155 -27 -47]
[155 -46 -15]
[155 -45 12]
[155 -45 13]
[155 -45 14]
[155 -29 -39]
[155 -29 -40]
[155 -39 -16]
[155 -44 -16]
[155 -41 -16]
[155 -42 -14]
[155 27 -11]
[155 28 -11]
[155 28 -13]
[155 -33 -27]
[155 -33 -28]
[155 27 68]
[155 -33 -25]
[155 -35 -23]
[155 -26 -48]
[155 -27 -48]
[155 -40 -16]
[155 14 65]
[155 14 66]
[155 -46 -16]
[155 -45 -16]
[155 -35 16]
[155 -48 4]
[155 -47 5]
[155 -46 3]
[155 -48 3]
[155 36 -8]
[155 -33 -24]
[155 -29 -44]
[155 -29 -43]
[155 -25 -49]
[155 -29 -45]
[156 -44 -17]
[156 -43 -16]
[156 -28 -35]
[156 14 64]
[156 13 64]
[156 14 62]
[156 13 62]
[156 13 63]
[156 -33 -18]
[156 15 66]
[156 13 66]
[156 13 65]
[156 19 54]
[156 -29 -46]
[156 -48 -14]
[156 -48 -12]
[156 28 -14]
[156 20 68]
[156 20 67]
[156 36 -9]
[156 22 70]
[156 22 69]
[156 -30 -44]
[156 -30 -45]
[156 -28 -48]
[156 -29 -47]
[156 -30 -38]
[156 -30 -39]
[156 -30 -40]
[156 -46 13]
[156 -29 -30]
[156 28 69]
[156 -38 13]
[156 -39 13]
[156 -28 -49]
[156 -26 -49]
[156 -27 -49]
[156 -34 -28]
[156 -34 -27]
[156 -30 -35]
[156 -29 -35]
[156 -29 -38]
[156 -36 -23]
[156 -36 -22]
[156 -37 -16]
[156 -40 -17]
[156 -36 -16]
[156 -47 3]
[156 -30 -42]
[156 -30 -43]
[156 13 67]
[156 -30 -32]
[156 -31 -31]
[156 -31 -29]
[156 -30 -41]
[156 -34 -21]
[156 -33 -26]
[156 -46 -17]
[156 -47 -17]
[156 -45 -17]
[156 -47 -15]
[156 -30 -37]
[156 -34 -26]
[156 -26 -50]
[156 -44 15]
[156 -45 15]
[156 -47 -14]
[156 -39 -17]
[156 -29 -33]
[156 -29 -34]
[156 18 57]
[156 -48 6]
[156 -39 10]
[156 24 71]
[157 21 68]
[157 -31 -40]
[157 -31 -42]
[157 -31 -33]
[157 -31 -32]
[157 -35 -17]
[157 -30 -46]
[157 -30 -47]
[157 -35 -25]
[157 -35 -27]
[157 -37 -21]
[157 -37 -22]
[157 -36 -21]
[157 18 53]
[157 -48 -17]
[157 -44 16]
[157 -46 16]
[157 -46 15]
[157 -31 -37]
[157 -31 -36]
[157 -30 -36]
[157 -43 15]
[157 -43 16]
[157 -31 -39]
[157 -34 -25]
[157 -33 -29]
[157 -44 -18]
[157 -32 -30]
[157 -31 -43]
[157 28 -12]
[157 -40 14]
[157 -39 -18]
[157 -30 -48]
[157 -29 -48]
[157 -27 -50]
[157 36 -10]
[157 -38 -17]
[157 12 66]
[157 14 68]
[157 12 68]
[157 -37 12]
[157 -48 -16]
[157 -31 -44]
[157 -47 13]
[157 -45 -18]
[157 -27 -12]
[157 30 -14]
[157 12 62]
[157 12 61]
[157 -31 -46]
[157 -31 -45]
[157 -47 -12]
[157 -48 -13]
[157 -49 -12]
[157 25 71]
[157 -30 -34]
[157 -43 -17]
[157 -47 9]
[157 -35 -29]
[157 -35 -28]
[157 -37 13]
[157 -40 -18]
[157 -49 -15]
[157 -31 -34]
[157 12 64]
[157 12 63]
[157 21 71]
[157 21 69]
[157 23 71]
[157 -49 5]
[157 12 65]
[157 -31 -38]
[157 -32 -32]
[157 19 67]
[157 20 69]
[157 -46 -18]
[158 -38 -22]
[158 -36 -20]
[158 -37 -20]
[158 -48 10]
[158 27 -12]
[158 -49 4]
[158 22 71]
[158 -32 -33]
[158 -48 -18]
[158 -47 -18]
[158 -32 -44]
[158 -32 -43]
[158 -32 -45]
[158 -36 -18]
[158 -33 -33]
[158 18 52]
[158 -36 -25]
[158 -32 -42]
[158 -40 -19]
[158 -39 -19]
[158 11 65]
[158 -32 -34]
[158 -32 -47]
[158 -32 -46]
[158 -31 -47]
[158 37 -7]
[158 13 69]
[158 12 69]
[158 -30 -49]
[158 -50 6]
[158 19 70]
[158 19 69]
[158 -36 -27]
[158 20 70]
[158 -42 -18]
[158 -42 17]
[158 -42 16]
[158 -48 12]
[158 -47 14]
[158 -30 -33]
[158 -45 17]
[158 -36 -24]
[158 -45 -19]
[158 -46 -19]
[158 -47 15]
[158 -46 17]
[158 -47 16]
[158 -47 17]
[158 -31 -48]
[158 -35 -20]
[158 24 72]
[158 -32 -41]
[158 -32 -39]
[158 11 62]
[158 11 63]
[158 11 64]
[158 -31 -35]
[158 -32 -37]
[158 -32 -36]
[158 -32 -38]
[158 11 61]
[158 -41 14]
[158 -39 15]
[158 -41 15]
[158 -44 -19]
[158 -32 -40]
[158 -49 -16]
[158 -49 -17]
[158 -49 -18]
[158 -37 11]
[158 -33 -31]
[158 14 69]
[158 11 66]
[158 -49 -13]
[158 -34 -30]
[158 12 67]
[158 27 70]
[158 -36 -28]
[158 -36 -30]
[159 -46 18]
[159 -48 11]
[159 -48 13]
[159 -47 11]
[159 10 62]
[159 10 63]
[159 -43 -20]
[159 -45 -20]
[159 -32 -35]
[159 -31 -49]
[159 -30 -50]
[159 -31 -50]
[159 -33 -40]
[159 -33 -39]
[159 -36 -19]
[159 -35 -19]
[159 -38 12]
[159 21 72]
[159 -37 -27]
[159 -37 -29]
[159 -33 -32]
[159 11 67]
[159 19 59]
[159 -50 -17]
[159 10 66]
[159 10 65]
[159 -50 -15]
[159 -37 -28]
[159 -39 16]
[159 -40 16]
[159 -49 -19]
[159 19 52]
[159 -34 -34]
[159 -34 -32]
[159 -33 -37]
[159 -33 -38]
[159 -37 -19]
[159 -33 -47]
[159 -33 -46]
[159 -32 -48]
[159 -50 -18]
[159 -50 -16]
[159 -31 -41]
[159 -33 -44]
[159 -33 -42]
[159 -42 -17]
[159 -33 -41]
[159 -39 -20]
[159 -40 -20]
[159 -45 18]
[159 -47 18]
[159 -46 -20]
[159 -39 14]
[159 -33 -35]
[159 -33 -34]
[159 -41 16]
[159 -33 -43]
[159 -33 -45]
[159 11 69]
[159 -47 -19]
[159 18 67]
[159 -50 -13]
[159 29 70]
[159 -34 -31]
[159 -48 18]
[159 -48 17]
[159 18 71]
[159 -41 -18]
[159 -41 -19]
[159 -43 -19]
[159 -41 17]
[159 -36 -29]
[159 -32 -49]
[159 -34 18]
[159 -35 18]
[159 11 60]
[159 11 70]
[159 11 68]
[159 10 61]
[159 -41 18]
[160 -34 -36]
[160 -33 -36]
[160 -34 -35]
[160 -38 -27]
[160 -34 -38]
[160 -33 -48]
[160 -51 -16]
[160 -51 -18]
[160 -38 -30]
[160 -34 -33]
[160 -34 -42]
[160 -34 -43]
[160 -34 -44]
[160 -37 -25]
[160 10 64]
[160 -47 -20]
[160 11 71]
[160 10 70]
[160 12 71]
[160 -32 -31]
[160 -32 -50]
[160 -30 -51]
[160 -51 5]
[160 10 68]
[160 10 67]
[160 9 60]
[160 9 62]
[160 9 61]
[160 -47 19]
[160 -46 19]
[160 -45 19]
[160 -38 -21]
[160 -38 -23]
[160 9 66]
[160 9 64]
[160 9 65]
[160 -35 19]
[160 31 -13]
[160 -49 18]
[160 -49 16]
[160 9 63]
[160 -38 17]
[160 10 60]
[160 18 68]
[160 -42 -20]
[160 18 69]
[160 24 73]
[160 -42 -19]
[160 -42 18]
[160 -34 -39]
[160 -51 -15]
[160 -51 -19]
[160 -50 -19]
[160 -34 -46]
[160 -39 17]
[160 -49 19]
[160 -48 19]
[160 -49 17]
[160 -44 18]
[160 18 51]
[160 19 51]
[160 20 52]
[160 -34 -47]
[160 -36 18]
[160 -35 -32]
[160 -35 -31]
[160 -48 -19]
[160 -48 -20]
[160 -34 -37]
[160 -40 19]
[160 -42 19]
[160 35 -11]
[160 -39 -21]
[160 10 69]
[160 -38 -19]
[160 -33 -50]
[160 -31 -51]
[160 18 55]
[160 -50 -14]
[160 18 70]
[160 20 73]
[160 19 71]
[160 -34 -40]
[160 -38 -26]
[161 -47 20]
[161 -46 20]
[161 -52 -18]
[161 -52 -17]
[161 -52 -19]
[161 -50 17]
[161 -50 19]
[161 -50 18]
[161 -35 -43]
[161 8 62]
[161 8 61]
[161 -36 13]
[161 8 65]
[161 19 72]
[161 -49 20]
[161 10 71]
[161 11 72]
[161 12 70]
[161 -39 -31]
[161 -38 -31]
[161 -39 -29]
[161 -49 -20]
[161 -52 -14]
[161 -48 20]
[161 8 66]
[161 8 64]
[161 9 67]
[161 9 68]
[161 -32 -51]
[161 -39 18]
[161 -38 18]
[161 17 69]
[161 34 -12]
[161 -35 -35]
[161 -35 -33]
[161 -38 -28]
[161 -34 -45]
[161 -35 -46]
[161 -35 -47]
[161 -35 -48]
[161 21 73]
[161 25 73]
[161 24 74]
[161 -39 -26]
[161 -49 14]
[161 -50 16]
[161 -35 -44]
[161 8 63]
[161 -34 -48]
[161 25 -8]
[161 25 -9]
[161 -35 -40]
[161 -50 -20]
[161 8 60]
[161 -31 -52]
[161 -30 -52]
[161 35 -10]
[161 -47 -21]
[161 -36 -32]
[161 14 70]
[161 -34 -41]
[161 -33 -49]
[161 -34 19]
[161 -34 20]
[161 -34 -51]
[161 -34 -50]
[161 -33 -51]
[161 -44 19]
[161 -35 -39]
[161 -35 -41]
[161 -35 -37]
[161 -40 -22]
[161 17 53]
[161 9 71]
[161 9 70]
[161 9 69]
[161 -41 20]
[161 -39 20]
[161 -44 -21]
[162 8 68]
[162 -36 -41]
[162 -48 21]
[162 -47 21]
[162 -35 -51]
[162 -34 -52]
[162 -33 -52]
[162 -40 -29]
[162 -40 -30]
[162 -50 20]
[162 10 72]
[162 -35 -45]
[162 -45 21]
[162 -51 16]
[162 -35 -38]
[162 -51 -20]
[162 -37 -32]
[162 -39 -30]
[162 -40 20]
[162 -32 -52]
[162 13 71]
[162 7 61]
[162 -45 -22]
[162 -34 -49]
[162 7 63]
[162 7 62]
[162 8 71]
[162 8 70]
[162 -40 -31]
[162 -39 -32]
[162 -38 -32]
[162 -35 -42]
[162 -49 -21]
[162 -36 -45]
[162 -36 -46]
[162 -39 21]
[162 34 -13]
[162 8 67]
[162 9 72]
[162 -35 -36]
[162 -36 -35]
[162 -36 -36]
[162 7 66]
[162 7 65]
[162 -35 -49]
[162 20 60]
[162 15 68]
[162 -36 -40]
[162 -39 -25]
[162 -40 -25]
[162 -41 -23]
[162 16 69]
[162 16 70]
[162 -30 -53]
[162 -31 -53]
[162 18 73]
[162 -53 -17]
[162 26 73]
[162 26 72]
[162 30 -15]
[162 -44 20]
[162 7 64]
[162 -36 -43]
[162 -43 20]
[162 -38 -29]
[162 -39 -28]
[162 -36 -37]
[162 -48 -21]
[162 -47 -22]
[162 -46 -22]
[162 -36 -42]
[162 15 71]
[162 14 71]
[162 -51 15]
[162 -36 -49]
[162 7 60]
[162 -41 21]
[162 -51 -21]
[162 -50 -21]
[163 -44 21]
[163 -42 20]
[163 -37 -33]
[163 -37 -45]
[163 -37 -46]
[163 20 74]
[163 -38 -33]
[163 -38 20]
[163 -49 -22]
[163 -49 22]
[163 -37 -36]
[163 24 75]
[163 7 71]
[163 8 72]
[163 7 72]
[163 -36 -39]
[163 7 67]
[163 -35 -50]
[163 -30 -54]
[163 33 -14]
[163 12 72]
[163 -40 -27]
[163 -39 -23]
[163 6 60]
[163 7 59]
[163 17 71]
[163 10 73]
[163 -46 -23]
[163 9 73]
[163 -36 -38]
[163 -39 -33]
[163 -41 -25]
[163 -40 -26]
[163 -39 -24]
[163 -41 22]
[163 -42 21]
[163 -40 22]
[163 -53 -20]
[163 6 61]
[163 6 62]
[163 6 66]
[163 6 65]
[163 -41 -28]
[163 -41 -30]
[163 -40 -28]
[163 -36 -52]
[163 -36 -50]
[163 -35 -52]
[163 -43 -22]
[163 -54 -18]
[163 -37 -40]
[163 -32 -54]
[163 -31 -54]
[163 8 59]
[163 -36 -47]
[163 -41 -22]
[163 -50 -22]
[163 -52 -21]
[163 -44 22]
[163 -46 22]
[163 -45 22]
[163 -52 -15]
[163 -47 -23]
[163 -37 -37]
[163 -36 -44]
[163 -37 -44]
[163 -37 -42]
[163 -35 -53]
[163 -37 -41]
[163 -41 -31]
[163 -40 -32]
[163 -46 21]
[163 -48 22]
[163 -47 22]
[163 18 56]
[163 -35 -15]
[163 -41 -24]
[163 -42 -24]
[163 -41 -29]
[163 -39 22]
[163 -38 22]
[163 6 63]
[163 6 64]
[163 35 -13]
[163 -51 21]
[163 -40 -24]
[163 11 73]
[163 7 68]
[163 18 72]
[164 -49 23]
[164 -51 -22]
[164 -38 -45]
[164 -38 -47]
[164 -53 -16]
[164 -39 23]
[164 23 76]
[164 -41 -27]
[164 -38 -42]
[164 -37 -43]
[164 -38 -43]
[164 8 73]
[164 7 73]
[164 34 -14]
[164 -43 22]
[164 12 73]
[164 -37 -49]
[164 -37 -50]
[164 16 72]
[164 -36 -51]
[164 -36 -53]
[164 -39 -34]
[164 10 74]
[164 9 74]
[164 11 74]
[164 -41 23]
[164 -40 -33]
[164 -44 23]
[164 -38 -35]
[164 -44 -22]
[164 -54 -19]
[164 -55 -19]
[164 -53 -19]
[164 -50 21]
[164 -50 22]
[164 -47 -24]
[164 -48 -24]
[164 -53 -22]
[164 5 65]
[164 -45 23]
[164 6 58]
[164 18 74]
[164 -41 -26]
[164 -37 -38]
[164 -36 -48]
[164 6 67]
[164 -42 -23]
[164 9 59]
[164 27 73]
[164 -41 -32]
[164 -42 -26]
[164 -37 23]
[164 -37 21]
[164 -42 -31]
[164 -42 -32]
[164 -38 -41]
[164 -54 -17]
[164 -42 -29]
[164 -38 -44]
[164 -53 -15]
[164 15 72]
[164 29 -15]
[164 -42 -25]
[164 6 59]
[164 -38 -39]
[164 -37 -39]
[164 6 72]
[164 5 63]
[164 5 62]
[164 -42 -30]
[164 5 64]
[164 8 74]
[164 -36 -54]
[164 -37 -34]
[164 -33 21]
[164 -43 -23]
[164 5 60]
[164 5 61]
[164 -46 23]
[164 5 66]
[164 12 74]
[164 -51 22]
[164 -45 -24]
[164 -37 -47]
[165 -42 -28]
[165 -55 -16]
[165 -56 -20]
[165 -56 -19]
[165 -43 24]
[165 -44 24]
[165 -43 23]
[165 -42 -22]
[165 -51 -23]
[165 -50 -23]
[165 26 74]
[165 25 75]
[165 -37 -54]
[165 -37 -52]
[165 -55 -20]
[165 -34 21]
[165 -39 -47]
[165 -37 -48]
[165 -39 -41]
[165 -39 -42]
[165 -43 -30]
[165 -43 -32]
[165 -41 -34]
[165 -39 -44]
[165 -39 -45]
[165 10 59]
[165 -38 -49]
[165 -38 -51]
[165 8 75]
[165 9 75]
[165 10 75]
[165 -40 -34]
[165 -37 -53]
[165 12 75]
[165 4 66]
[165 4 65]
[165 6 73]
[165 4 60]
[165 5 59]
[165 4 61]
[165 -38 -46]
[165 -38 -40]
[165 5 58]
[165 -43 -26]
[165 -44 -23]
[165 -54 -21]
[165 -54 -23]
[165 -43 -24]
[165 -43 -25]
[165 11 75]
[165 7 74]
[165 6 74]
[165 25 -10]
[165 -41 24]
[165 17 73]
[165 -38 -48]
[165 4 64]
[165 -43 -28]
[165 -49 24]
[165 -52 17]
[165 -37 -51]
[165 4 62]
[165 -38 -50]
[165 -43 -31]
[165 -43 -33]
[165 16 73]
[165 -39 -35]
[165 28 -16]
[165 -42 -33]
[165 -37 22]
[165 21 51]
[165 24 77]
[165 -32 21]
[165 -32 20]
[165 -33 22]
[165 -39 -39]
[165 -39 -40]
[165 20 75]
[166 -54 -16]
[166 -40 -42]
[166 -40 -40]
[166 17 55]
[166 20 51]
[166 -56 -21]
[166 -55 -21]
[166 3 61]
[166 3 59]
[166 -40 -44]
[166 -40 -45]
[166 -40 -43]
[166 21 76]
[166 5 73]
[166 -39 -46]
[166 -39 -50]
[166 -39 -49]
[166 -39 -51]
[166 4 59]
[166 -44 -25]
[166 -38 -52]
[166 -38 -53]
[166 6 75]
[166 7 75]
[166 -44 -29]
[166 -39 -43]
[166 -40 -41]
[166 -44 -32]
[166 35 -12]
[166 -57 -20]
[166 33 -15]
[166 -50 -24]
[166 -49 -23]
[166 20 50]
[166 -40 -46]
[166 -44 25]
[166 -43 25]
[166 15 73]
[166 -38 -54]
[166 -37 -55]
[166 -52 -22]
[166 4 63]
[166 -40 -36]
[166 22 77]
[166 -44 -26]
[166 -54 -22]
[166 -55 -22]
[166 3 62]
[166 3 60]
[166 9 76]
[166 -47 -25]
[166 -50 25]
[166 -48 24]
[166 -39 -48]
[166 -40 -47]
[166 11 76]
[166 12 76]
[166 -31 21]
[166 -41 25]
[166 5 74]
[166 5 75]
[166 -55 -17]
[166 -44 -28]
[166 -44 -27]
[166 -41 -35]
[166 26 76]
[166 26 75]
[166 25 76]
[166 3 63]
[166 3 65]
[166 -57 -21]
[166 -40 -39]
[166 -38 -38]
[166 -34 23]
[166 -34 22]
[166 -42 -35]
[166 -42 -34]
[166 -44 -30]
[166 23 78]
[167 -44 -33]
[167 -58 -21]
[167 -58 -22]
[167 -41 -48]
[167 -41 -46]
[167 -40 -48]
[167 -41 -47]
[167 -39 -54]
[167 4 75]
[167 -40 -49]
[167 -40 -50]
[167 -56 -22]
[167 23 77]
[167 -33 23]
[167 -35 22]
[167 13 75]
[167 -36 21]
[167 -56 -23]
[167 27 76]
[167 4 58]
[167 -39 -53]
[167 -45 25]
[167 -45 -32]
[167 -43 -34]
[167 -43 -36]
[167 24 79]
[167 22 79]
[167 -58 -20]
[167 4 74]
[167 -38 -55]
[167 -39 -38]
[167 -41 -40]
[167 -43 -29]
[167 7 76]
[167 8 76]
[167 -47 -26]
[167 -40 -52]
[167 -52 -24]
[167 -45 -27]
[167 -45 -30]
[167 -45 -28]
[167 5 76]
[167 6 76]
[167 -41 -36]
[167 -42 -36]
[167 -41 -41]
[167 -40 26]
[167 -54 -14]
[167 2 60]
[167 -40 -51]
[167 3 64]
[167 14 72]
[167 -43 -35]
[167 -44 26]
[167 -43 26]
[167 29 -16]
[167 22 78]
[167 2 59]
[167 2 61]
[167 -41 -42]
[167 -41 -43]
[167 -38 -56]
[167 -31 22]
[167 -41 -44]
[167 -32 19]
[167 -53 -24]
[167 -55 -23]
[167 -54 -24]
[167 2 62]
[167 35 -14]
[167 10 76]
[167 -57 -22]
[167 -45 -31]
[167 -45 -29]
[167 -39 -52]
[167 9 77]
[167 8 77]
[167 30 -16]
[168 -46 -28]
[168 34 -15]
[168 -35 23]
[168 6 77]
[168 4 77]
[168 21 79]
[168 -40 -53]
[168 -39 25]
[168 -39 27]
[168 -41 27]
[168 -39 26]
[168 4 76]
[168 7 77]
[168 -40 -35]
[168 -39 -36]
[168 18 54]
[168 -54 -25]
[168 -53 -25]
[168 -46 -32]
[168 34 -16]
[168 -41 -45]
[168 3 75]
[168 -57 -24]
[168 -57 -23]
[168 -56 -24]
[168 -32 23]
[168 -55 -24]
[168 -55 -25]
[168 -41 -51]
[168 -42 -45]
[168 -42 -47]
[168 -42 -46]
[168 -42 -44]
[168 23 80]
[168 28 -17]
[168 29 -17]
[168 27 77]
[168 10 77]
[168 -42 -49]
[168 -58 -23]
[168 -49 -24]
[168 -50 -25]
[168 -59 -21]
[168 -59 -22]
[168 -59 -20]
[168 -43 -37]
[168 -41 -37]
[168 18 59]
[168 2 65]
[168 2 64]
[168 1 61]
[168 -41 -49]
[168 -44 -35]
[168 -44 -36]
[168 28 75]
[168 20 49]
[168 12 77]
[168 -34 24]
[168 17 54]
[168 13 76]
[168 -58 -19]
[168 -42 -42]
[168 2 63]
[168 -41 -39]
[168 -59 -23]
[168 -46 -27]
[168 -59 -19]
[168 25 78]
[168 -41 -50]
[168 -42 -43]
[168 -48 -27]
[168 1 62]
[168 1 63]
[168 -31 23]
[168 -53 17]
[168 -39 -56]
[168 -42 -37]
[168 -40 -55]
[169 -45 -26]
[169 8 78]
[169 -54 -26]
[169 -43 -44]
[169 14 74]
[169 14 75]
[169 -38 26]
[169 -55 -26]
[169 -56 -26]
[169 -56 -25]
[169 -44 -37]
[169 -45 -37]
[169 11 77]
[169 1 59]
[169 -41 -52]
[169 -42 -51]
[169 -41 -53]
[169 -59 -18]
[169 -58 -24]
[169 -60 -23]
[169 -60 -21]
[169 -60 -22]
[169 -59 -24]
[169 -40 -37]
[169 -41 -38]
[169 -42 -38]
[169 -49 -26]
[169 -50 -26]
[169 -51 -26]
[169 29 -18]
[169 3 58]
[169 1 60]
[169 -42 -48]
[169 -32 24]
[169 -31 24]
[169 -43 -38]
[169 -42 28]
[169 -42 27]
[169 -38 27]
[169 -38 25]
[169 -58 -25]
[169 22 80]
[169 -43 -43]
[169 -60 -19]
[169 -60 -18]
[169 -39 -55]
[169 -53 -26]
[169 -45 -34]
[169 -45 -35]
[169 -43 -45]
[169 -43 -49]
[169 -43 -50]
[169 -42 -50]
[169 5 77]
[169 7 78]
[169 19 49]
[169 -43 -42]
[169 -42 -40]
[169 28 76]
[169 -48 -26]
[169 21 78]
[169 26 78]
[169 26 79]
[169 -41 -54]
[169 -40 -54]
[169 25 80]
[169 24 80]
[169 0 62]
[169 -42 -39]
[169 -40 -56]
[169 -41 -55]
[169 -60 -20]
[169 -43 27]
[169 21 77]
[169 -52 18]
[169 3 76]
[169 -47 -28]
[169 -47 -27]
[169 -40 -57]
[169 0 61]
[169 -38 28]
[169 -43 -47]
[169 14 73]
[169 4 78]
[170 23 81]
[170 25 81]
[170 -61 -19]
[170 -61 -20]
[170 -37 29]
[170 -38 29]
[170 -59 -25]
[170 -57 -25]
[170 6 78]
[170 3 77]
[170 5 78]
[170 3 78]
[170 5 79]
[170 3 79]
[170 -41 -56]
[170 -42 -56]
[170 -42 -54]
[170 -57 -26]
[170 0 60]
[170 -56 -27]
[170 -52 -27]
[170 20 78]
[170 -48 -28]
[170 13 77]
[170 -52 -26]
[170 21 80]
[170 -46 -36]
[170 -46 -35]
[170 9 79]
[170 -61 -18]
[170 -43 -51]
[170 -41 -57]
[170 -60 -24]
[170 -42 -52]
[170 -61 -22]
[170 -44 -43]
[170 -44 -42]
[170 12 78]
[170 -44 -46]
[170 -43 -46]
[170 -43 -48]
[170 -44 -47]
[170 -50 -27]
[170 -37 28]
[170 -53 18]
[170 -52 19]
[170 -44 -48]
[170 -44 -50]
[170 10 78]
[170 28 74]
[170 27 79]
[170 -44 -45]
[170 -44 -44]
[170 -53 16]
[170 -60 -17]
[170 -59 -17]
[170 -49 -27]
[170 2 76]
[170 -43 -39]
[170 -43 -41]
[170 -41 29]
[170 -42 29]
[170 -43 29]
[170 -54 17]
[170 0 59]
[170 -58 -26]
[170 -59 -26]
[170 2 58]
[171 -58 -27]
[171 -54 -27]
[171 -54 15]
[171 -44 -49]
[171 -45 -49]
[171 24 81]
[171 -62 -18]
[171 -61 -17]
[171 -62 -17]
[171 -40 30]
[171 -41 30]
[171 -49 -28]
[171 -50 -28]
[171 -62 -20]
[171 9 78]
[171 2 79]
[171 4 79]
[171 8 79]
[171 10 79]
[171 -55 18]
[171 -42 -55]
[171 -42 -57]
[171 -43 -55]
[171 7 79]
[171 -43 -53]
[171 -43 -40]
[171 -61 -23]
[171 -38 30]
[171 -39 30]
[171 2 77]
[171 1 77]
[171 20 80]
[171 -62 -19]
[171 -61 -21]
[171 -62 -21]
[171 -45 -43]
[171 -45 -42]
[171 0 58]
[171 1 58]
[171 13 78]
[171 -45 -45]
[171 -53 19]
[171 14 76]
[171 -53 -27]
[171 4 80]
[171 6 80]
[171 6 79]
[171 1 64]
[171 -59 -16]
[171 24 82]
[171 -59 -27]
[171 34 -17]
[171 -44 -38]
[171 3 80]
[171 27 78]
[171 -45 -46]
[171 15 76]
[171 26 82]
[171 11 79]
[171 -43 -52]
[171 -61 -16]
[171 -44 -52]
[171 -45 -44]
[171 2 78]
[171 15 75]
[171 27 -18]
[171 -44 -51]
[171 -45 -51]
[171 -45 -50]
[171 -45 -48]
[172 -43 -56]
[172 12 79]
[172 11 80]
[172 -61 -25]
[172 1 78]
[172 -49 -29]
[172 -63 -20]
[172 -63 -19]
[172 -59 -28]
[172 9 80]
[172 8 80]
[172 -60 -16]
[172 -48 -29]
[172 -54 18]
[172 -44 -54]
[172 -42 -53]
[172 13 79]
[172 5 80]
[172 -42 31]
[172 -54 19]
[172 -39 31]
[172 -41 31]
[172 -39 29]
[172 10 80]
[172 -46 -47]
[172 -46 -48]
[172 -46 -49]
[172 -53 -28]
[172 -46 -45]
[172 0 78]
[172 -54 -28]
[172 -45 -39]
[172 2 80]
[172 5 81]
[172 7 80]
[172 -62 -16]
[172 -46 -50]
[172 -45 -53]
[172 -45 -52]
[172 19 81]
[172 20 81]
[172 19 80]
[172 -46 -44]
[172 -46 -43]
[172 -62 -22]
[172 33 -17]
[172 -56 19]
[172 -56 18]
[172 -46 -41]
[172 23 82]
[172 22 82]
[172 -55 17]
[172 -55 16]
[172 -44 -53]
[172 -62 -15]
[172 17 59]
[172 -46 -51]
[172 -46 -52]
[172 1 79]
[172 -45 -47]
[172 -44 -56]
[172 -44 -55]
[172 -43 -57]
[172 -63 -18]
[172 -63 -17]
[172 -45 -38]
[172 15 77]
[172 16 76]
[172 14 77]
[172 16 75]
[172 -46 -46]
[172 -58 -16]
[172 -60 -27]
[172 -63 -22]
[172 -63 -21]
[173 -46 -53]
[173 -61 -15]
[173 -55 -29]
[173 -55 19]
[173 -54 20]
[173 -62 -14]
[173 -63 -16]
[173 -61 -14]
[173 14 80]
[173 -47 -50]
[173 -50 -29]
[173 -46 -40]
[173 -39 32]
[173 -38 32]
[173 15 78]
[173 14 78]
[173 11 81]
[173 10 81]
[173 33 -18]
[173 27 80]
[173 23 83]
[173 -47 -52]
[173 -47 -51]
[173 -50 -30]
[173 -48 -30]
[173 18 80]
[173 19 79]
[173 9 81]
[173 -54 14]
[173 14 79]
[173 1 80]
[173 19 77]
[173 26 81]
[173 27 -17]
[173 -52 -23]
[173 21 82]
[173 3 81]
[173 2 81]
[173 -44 -57]
[173 -44 -58]
[173 -47 -48]
[173 -47 -49]
[173 -47 -47]
[173 6 81]
[173 4 82]
[173 -59 -15]
[173 -60 -15]
[173 -45 -57]
[173 -45 -56]
[173 -56 15]
[173 -55 15]
[173 12 80]
[173 11 78]
[173 -45 -54]
[173 -43 -54]
[173 -45 -55]
[173 -64 -19]
[173 0 79]
[173 0 80]
[173 -62 -26]
[173 -62 -25]
[173 -56 17]
[173 -64 -18]
[173 -64 -17]
[173 -58 -15]
[173 -57 18]
[173 -56 20]
[173 -55 20]
[173 -57 19]
[173 27 81]
[173 27 82]
[173 27 83]
[173 18 81]
[173 -54 -29]
[173 -63 -23]
[174 19 82]
[174 20 82]
[174 -64 -16]
[174 17 79]
[174 16 79]
[174 -46 -54]
[174 -48 -53]
[174 -46 -39]
[174 -58 19]
[174 -58 18]
[174 -58 20]
[174 4 81]
[174 3 82]
[174 -60 -14]
[174 11 82]
[174 10 82]
[174 15 80]
[174 -39 33]
[174 -63 -15]
[174 -62 -24]
[174 -47 -46]
[174 -57 21]
[174 28 83]
[174 -48 -50]
[174 -48 -49]
[174 -47 -53]
[174 -47 -54]
[174 13 80]
[174 18 78]
[174 -1 81]
[174 0 81]
[174 -1 79]
[174 -1 80]
[174 -57 16]
[174 -56 14]
[174 16 77]
[174 -55 -14]
[174 -48 -48]
[174 -41 32]
[174 -42 32]
[174 -62 -23]
[174 1 82]
[174 2 82]
[174 17 58]
[174 -46 -55]
[174 -54 21]
[174 8 81]
[174 -49 -30]
[174 -45 -59]
[174 -58 -14]
[174 -40 33]
[174 -38 33]
[174 8 82]
[174 -51 -30]
[174 -54 -30]
[174 -60 -26]
[174 -57 17]
[174 23 84]
[174 22 83]
[174 -59 -14]
[174 5 82]
[174 -64 -23]
[174 18 48]
[174 -56 16]
[174 28 82]
[175 -56 21]
[175 -57 20]
[175 28 84]
[175 27 -19]
[175 12 82]
[175 17 80]
[175 17 78]
[175 16 78]
[175 6 82]
[175 -47 -39]
[175 15 81]
[175 17 77]
[175 -61 -24]
[175 4 83]
[175 -49 -31]
[175 -41 33]
[175 -46 -56]
[175 22 84]
[175 22 85]
[175 24 84]
[175 18 77]
[175 -2 80]
[175 -54 -31]
[175 -55 -31]
[175 -53 -30]
[175 -1 57]
[175 9 83]
[175 -47 -55]
[175 -48 -55]
[175 -59 19]
[175 -53 22]
[175 -55 22]
[175 -54 22]
[175 19 83]
[175 -48 -54]
[175 -47 -40]
[175 -47 -31]
[175 -58 22]
[175 -58 21]
[175 -40 34]
[175 18 79]
[175 -49 -53]
[175 -49 -54]
[175 -45 -58]
[175 -46 -57]
[175 -62 -27]
[175 0 83]
[175 -59 20]
[175 9 82]
[175 -44 -59]
[175 -55 -30]
[175 16 80]
[175 -63 -14]
[175 -48 -31]
[175 7 81]
[175 26 83]
[175 -59 21]
[175 -1 82]
[175 -2 81]
[175 -58 -13]
[175 21 84]
[175 21 83]
[175 -49 -49]
[175 -48 -51]
[175 -48 -52]
[175 1 57]
[175 13 81]
[175 -49 -48]
[175 18 76]
[175 5 83]
[175 3 83]
[175 0 82]
[175 1 83]
[175 17 47]
[176 11 83]
[176 12 81]
[176 14 81]
[176 14 82]
[176 1 56]
[176 -41 34]
[176 -42 34]
[176 -54 23]
[176 20 83]
[176 1 81]
[176 18 82]
[176 19 84]
[176 18 84]
[176 15 79]
[176 -49 -32]
[176 7 82]
[176 17 82]
[176 17 76]
[176 2 83]
[176 21 85]
[176 23 86]
[176 -59 18]
[176 -47 -56]
[176 6 83]
[176 5 84]
[176 4 84]
[176 27 84]
[176 28 85]
[176 -53 -31]
[176 20 84]
[176 -2 82]
[176 -2 83]
[176 -1 83]
[176 -58 23]
[176 -49 -55]
[176 -60 18]
[176 -60 19]
[176 8 83]
[176 10 83]
[176 -50 -49]
[176 17 81]
[176 25 85]
[176 -40 35]
[176 -2 56]
[176 3 84]
[176 -56 -32]
[176 -54 -32]
[176 16 81]
[176 -55 23]
[176 -1 84]
[176 -52 -29]
[176 -43 -60]
[176 -57 13]
[177 -46 -59]
[177 5 85]
[177 17 85]
[177 -53 -32]
[177 -55 24]
[177 24 85]
[177 26 86]
[177 25 84]
[177 25 86]
[177 20 85]
[177 18 83]
[177 3 85]
[177 13 82]
[177 -1 55]
[177 -3 82]
[177 -2 84]
[177 -3 83]
[177 -3 84]
[177 -47 -58]
[177 13 83]
[177 -43 -61]
[177 -44 -61]
[177 -44 -60]
[177 -58 13]
[177 -58 12]
[177 15 82]
[177 29 85]
[177 27 86]
[177 -56 -14]
[177 -2 85]
[177 0 84]
[177 -1 85]
[177 7 84]
[177 -61 18]
[177 21 86]
[177 16 82]
[177 -60 -25]
[177 6 84]
[177 -57 14]
[177 -41 36]
[177 2 84]
[177 9 84]
[177 18 85]
[177 -56 -33]
[177 -50 -32]
[177 -57 23]
[177 0 57]
[177 -50 -33]
[177 4 85]
[177 -56 22]
[178 17 83]
[178 0 85]
[178 -4 85]
[178 -3 85]
[178 -4 84]
[178 -48 -56]
[178 21 87]
[178 16 58]
[178 -52 -32]
[178 10 84]
[178 1 84]
[178 24 87]
[178 22 86]
[178 23 87]
[178 28 86]
[178 -1 56]
[178 -3 56]
[178 20 86]
[178 -59 11]
[178 17 84]
[178 -1 86]
[178 -51 -33]
[178 2 85]
[178 2 86]
[178 4 86]
[178 5 86]
[178 6 86]
[178 27 87]
[178 25 87]
[178 0 56]
[178 -2 54]
[178 0 54]
[178 15 83]
[178 8 84]
[178 16 84]
[178 7 83]
[178 -57 12]
[178 23 85]
[178 1 55]
[178 12 83]
[178 13 84]
[178 -55 -33]
[178 -46 -58]
[178 26 85]
[178 14 83]
[178 -56 12]
[178 -44 -62]
[178 6 85]
[179 10 85]
[179 -53 -33]
[179 -52 -33]
[179 16 83]
[179 -2 86]
[179 -59 12]
[179 1 85]
[179 7 85]
[179 -56 11]
[179 -58 11]
[179 -45 -62]
[179 -2 53]
[179 -3 53]
[179 -3 54]
[179 -1 53]
[179 1 86]
[179 16 85]
[179 15 58]
[179 29 86]
[179 -4 83]
[179 19 86]
[179 -59 14]
[179 -59 13]
[179 -54 -34]
[179 21 88]
[179 22 88]
[179 14 84]
[179 1 54]
[179 0 53]
[179 -57 -32]
[179 0 86]
[179 -1 87]
[179 8 85]
[179 26 87]
[179 -3 86]
[179 -54 -33]
[179 3 86]
[179 24 86]
[179 25 88]
[179 24 88]
[179 6 87]
[179 19 85]
[179 -43 -62]
[179 5 87]
[179 4 87]
[179 3 87]
[180 18 86]
[180 1 87]
[180 -45 -61]
[180 29 87]
[180 -2 87]
[180 -1 88]
[180 0 87]
[180 7 86]
[180 -1 52]
[180 15 59]
[180 14 57]
[180 14 59]
[180 12 84]
[180 4 88]
[180 11 84]
[180 -3 87]
[180 -4 86]
[180 1 52]
[180 -57 10]
[180 -59 10]
[180 3 88]
[180 -57 22]
[180 23 88]
[180 2 53]
[180 -60 12]
[180 -60 14]
[180 27 88]
[180 -61 17]
[180 -2 55]
[180 -57 -34]
[180 -55 -35]
[180 -53 -35]
[180 -2 52]
[180 22 87]
[180 -5 84]
[180 -5 85]
[180 -56 10]
[180 13 85]
[180 14 85]
[180 15 85]
[180 9 85]
[180 -5 86]
[180 15 86]
[180 -47 -60]
[180 20 87]
[180 19 87]
[180 8 86]
[180 -51 -32]
[180 -3 55]
[180 23 89]
[180 24 89]
[180 -59 -29]
[180 11 85]
[180 10 86]
[180 11 86]
[181 -58 9]
[181 -59 9]
[181 -60 10]
[181 2 88]
[181 -61 12]
[181 16 86]
[181 2 87]
[181 14 58]
[181 -1 51]
[181 -3 51]
[181 5 88]
[181 25 89]
[181 23 90]
[181 15 84]
[181 26 88]
[181 -42 -60]
[181 20 89]
[181 -60 13]
[181 15 56]
[181 13 58]
[181 14 56]
[181 13 57]
[181 13 56]
[181 -60 21]
[181 -5 87]
[181 -4 87]
[181 5 89]
[181 12 85]
[181 9 86]
[181 -47 -59]
[181 22 89]
[181 24 90]
[181 2 52]
[181 -6 85]
[181 -6 87]
[181 -6 86]
[181 13 86]
[181 1 51]
[181 -45 -63]
[181 17 86]
[181 6 88]
[181 -6 84]
[181 -61 20]
[181 -58 -32]
[181 26 89]
[181 -2 89]
[181 0 89]
[181 -2 88]
[181 0 88]
[181 26 -19]
[181 17 87]
[181 -61 15]
[181 -60 15]
[181 -4 88]
[181 -3 88]
[181 14 86]
[181 15 57]
[181 8 87]
[182 12 86]
[182 -56 23]
[182 -7 86]
[182 -46 -64]
[182 26 90]
[182 -61 14]
[182 12 57]
[182 12 56]
[182 -60 11]
[182 -1 50]
[182 -2 50]
[182 12 58]
[182 16 87]
[182 16 88]
[182 17 88]
[182 -3 89]
[182 24 91]
[182 1 89]
[182 -1 89]
[182 -59 16]
[182 15 87]
[182 -60 9]
[182 7 87]
[182 -5 88]
[182 -6 88]
[182 -7 87]
[182 1 50]
[182 14 87]
[182 21 89]
[182 -54 -35]
[182 -1 90]
[182 15 55]
[182 14 55]
[182 -48 -60]
[182 -5 89]
[182 -4 89]
[182 -58 8]
[182 25 -19]
[182 10 87]
[182 13 55]
[182 12 55]
[182 -57 8]
[182 -53 -36]
[182 6 89]
[182 -62 13]
[182 -61 11]
[182 -62 12]
[182 -7 85]
[182 -61 13]
[182 1 88]
[182 18 88]
[182 -4 50]
[182 -4 51]
[182 -3 50]
[183 16 46]
[183 -6 90]
[183 -4 90]
[183 -6 89]
[183 -5 90]
[183 3 89]
[183 2 89]
[183 -44 -63]
[183 -48 -61]
[183 -58 -34]
[183 -7 88]
[183 17 89]
[183 -59 -30]
[183 25 90]
[183 25 91]
[183 23 91]
[183 23 92]
[183 -7 89]
[183 2 90]
[183 0 90]
[183 9 87]
[183 -2 91]
[183 -1 91]
[183 16 89]
[183 -8 87]
[183 -8 85]
[183 -8 86]
[183 -3 49]
[183 -5 49]
[183 -7 84]
[183 11 57]
[183 -59 15]
[183 -2 90]
[183 -62 14]
[183 -55 -36]
[183 -3 90]
[183 11 56]
[183 7 88]
[183 -5 50]
[183 20 88]
[183 19 90]
[183 12 87]
[183 27 89]
[183 26 91]
[183 -2 49]
[183 -4 55]
[183 4 89]
[183 19 88]
[183 28 88]
[183 15 88]
[183 -63 13]
[183 11 88]
[183 11 55]
[184 22 91]
[184 22 90]
[184 22 92]
[184 10 56]
[184 11 54]
[184 19 89]
[184 4 90]
[184 6 90]
[184 5 90]
[184 7 90]
[184 26 -20]
[184 18 90]
[184 18 87]
[184 10 88]
[184 14 88]
[184 -3 91]
[184 -1 92]
[184 -2 92]
[184 -3 92]
[184 1 90]
[184 -46 -63]
[184 -5 91]
[184 3 90]
[184 -58 -31]
[184 -6 49]
[184 -2 48]
[184 -3 48]
[184 21 90]
[184 0 91]
[184 -4 91]
[184 29 89]
[184 -49 -62]
[184 -48 -62]
[184 33 -19]
[184 -59 8]
[184 15 89]
[184 16 90]
[184 17 90]
[184 -64 13]
[184 -4 48]
[184 -61 10]
[184 23 93]
[184 22 93]
[184 24 92]
[184 10 55]
[184 10 57]
[184 7 89]
[184 -61 8]
[184 10 89]
[184 -46 -62]
[184 20 90]
[184 -43 -63]
[184 25 -20]
[184 27 90]
[184 25 92]
[185 -3 47]
[185 -4 47]
[185 -58 -33]
[185 23 94]
[185 21 92]
[185 -61 9]
[185 13 87]
[185 5 91]
[185 4 91]
[185 19 91]
[185 -7 48]
[185 -7 50]
[185 -6 48]
[185 -3 93]
[185 -1 93]
[185 13 88]
[185 14 89]
[185 24 -20]
[185 9 55]
[185 9 56]
[185 9 89]
[185 9 88]
[185 15 90]
[185 15 91]
[185 10 54]
[185 11 87]
[185 -1 47]
[185 -5 55]
[185 -47 -64]
[185 27 91]
[185 12 88]
[185 11 89]
[185 21 91]
[185 -62 9]
[185 -61 7]
[185 -60 7]
[185 -60 8]
[185 17 91]
[185 -6 51]
[185 -65 12]
[185 -64 14]
[185 -63 14]
[185 14 90]
[185 -47 -62]
[185 -49 -61]
[185 -4 92]
[185 -2 93]
[185 0 92]
[185 2 91]
[185 -50 -62]
[185 11 90]
[185 1 91]
[185 25 93]
[185 24 93]
[185 8 88]
[185 -63 15]
[185 25 -21]
[186 -7 49]
[186 2 92]
[186 27 92]
[186 28 91]
[186 13 89]
[186 25 94]
[186 -64 15]
[186 28 90]
[186 29 88]
[186 18 89]
[186 9 54]
[186 8 56]
[186 8 54]
[186 8 55]
[186 -63 9]
[186 -63 10]
[186 4 92]
[186 5 92]
[186 6 91]
[186 22 94]
[186 -4 93]
[186 28 89]
[186 13 90]
[186 10 90]
[186 9 90]
[186 -62 10]
[186 3 91]
[186 -2 94]
[186 -65 13]
[186 -42 -64]
[186 26 93]
[186 17 92]
[186 -7 51]
[186 -61 19]
[186 -64 16]
[186 -3 46]
[186 -2 46]
[186 -4 46]
[186 26 92]
[186 8 90]
[186 21 94]
[186 -64 12]
[186 -4 94]
[186 -3 94]
[186 9 53]
[186 0 46]
[186 -1 46]
[186 0 48]
[186 20 92]
[186 20 93]
[186 0 94]
[186 -42 -61]
[186 -49 -60]
[186 -5 46]
[186 0 93]
[186 -8 48]
[186 -7 47]
[186 -8 49]
[186 16 91]
[186 14 91]
[186 16 92]
[186 1 92]
[186 20 91]
[186 12 90]
[186 12 89]
[186 -49 -63]
[186 -66 12]
[186 26 -21]
[186 24 -21]
[186 24 95]
[186 22 95]
[186 23 95]
[186 27 -21]
[186 -62 7]
[186 12 91]
[186 11 91]
[187 -51 -63]
[187 1 93]
[187 1 95]
[187 8 89]
[187 22 96]
[187 -62 8]
[187 10 91]
[187 9 91]
[187 29 90]
[187 -64 9]
[187 -63 8]
[187 26 -22]
[187 -48 -64]
[187 3 92]
[187 19 92]
[187 -50 -64]
[187 18 91]
[187 6 92]
[187 21 95]
[187 -67 13]
[187 -7 46]
[187 -8 46]
[187 -42 -59]
[187 -41 -60]
[187 -1 45]
[187 7 91]
[187 -2 45]
[187 -9 50]
[187 -9 48]
[187 -9 49]
[187 24 94]
[187 16 93]
[187 8 53]
[187 15 92]
[187 13 91]
[187 14 92]
[187 -9 47]
[187 -8 47]
[187 23 96]
[187 -62 6]
[187 -63 6]
[187 -5 93]
[187 29 92]
[187 8 91]
[187 -64 10]
[187 23 -21]
[187 25 -22]
[187 -65 16]
[188 -48 -63]
[188 -5 45]
[188 -6 45]
[188 12 92]
[188 18 93]
[188 18 92]
[188 -50 -63]
[188 -4 45]
[188 -64 8]
[188 -64 7]
[188 21 93]
[188 8 92]
[188 5 93]
[188 -66 11]
[188 -67 12]
[188 -48 -59]
[188 -65 15]
[188 -9 46]
[188 -68 12]
[188 -68 13]
[188 -65 8]
[188 -65 9]
[188 14 93]
[188 -47 -63]
[188 -2 95]
[188 -7 45]
[188 -8 45]
[188 -66 17]
[188 -64 17]
[188 -10 50]
[188 24 96]
[188 15 93]
[188 -3 45]
[188 0 95]
[188 20 94]
[188 28 92]
[188 27 94]
[188 -56 7]
[188 -41 -65]
[188 15 94]
[188 17 93]
[188 -1 95]
[188 7 92]
[188 -40 -60]
[188 1 94]
[188 1 96]
[188 -10 47]
[188 20 95]
[188 -6 94]
[188 24 -22]
[188 26 94]
[189 -7 95]
[189 -7 94]
[189 -5 95]
[189 -11 49]
[189 -67 17]
[189 28 93]
[189 27 93]
[189 -56 6]
[189 19 93]
[189 19 94]
[189 -1 94]
[189 -41 -66]
[189 -65 7]
[189 -64 6]
[189 -66 10]
[189 -65 10]
[189 -3 95]
[189 -10 45]
[189 -7 44]
[189 -65 18]
[189 23 -20]
[189 27 -20]
[189 -8 44]
[189 -9 44]
[189 -66 9]
[189 -66 8]
[189 25 95]
[189 25 96]
[189 9 92]
[189 3 93]
[189 26 95]
[189 27 95]
[189 -3 96]
[189 -1 96]
[189 -2 96]
[189 -52 -63]
[189 -67 11]
[189 19 96]
[189 22 97]
[189 21 96]
[189 6 93]
[189 10 92]
[189 13 92]
[189 7 93]
[189 29 93]
[189 -49 -64]
[189 11 93]
[189 14 94]
[189 2 95]
[189 25 -23]
[189 24 97]
[189 -5 94]
[189 -68 11]
[189 -11 47]
[190 22 98]
[190 21 97]
[190 28 95]
[190 6 94]
[190 4 94]
[190 5 94]
[190 4 93]
[190 3 94]
[190 15 45]
[190 -68 18]
[190 0 45]
[190 -67 10]
[190 -67 9]
[190 2 93]
[190 15 95]
[190 16 94]
[190 16 95]
[190 24 -19]
[190 19 95]
[190 9 93]
[190 -64 5]
[190 11 92]
[190 -4 95]
[190 -4 96]
[190 -6 96]
[190 -51 -64]
[190 -52 -36]
[190 -67 7]
[190 -67 16]
[190 -9 43]
[190 -6 93]
[190 -7 93]
[190 -8 95]
[190 -8 94]
[190 29 94]
[190 18 97]
[190 0 96]
[190 -12 46]
[190 -10 44]
[190 -11 44]
[190 -11 45]
[190 -3 97]
[190 -43 -65]
[190 27 96]
[190 -58 -30]
[190 -66 7]
[190 13 93]
[190 -65 6]
[190 12 93]
[190 0 97]
[190 18 95]
[190 -10 43]
[190 3 96]
[190 13 95]
[190 -69 13]
[190 -69 14]
[190 10 93]
[190 -64 19]
[190 -2 97]
[190 -4 97]
[190 -65 5]
[190 23 97]
[190 25 97]
[191 -68 7]
[191 -68 6]
[191 -67 8]
[191 -67 6]
[191 -6 97]
[191 -7 97]
[191 18 94]
[191 -6 95]
[191 23 98]
[191 -42 -66]
[191 7 94]
[191 -51 -62]
[191 -63 20]
[191 -65 19]
[191 -1 97]
[191 19 98]
[191 19 97]
[191 -4 98]
[191 -5 97]
[191 15 46]
[191 17 94]
[191 -64 18]
[191 -63 17]
[191 -12 47]
[191 -70 12]
[191 4 96]
[191 -12 45]
[191 -12 44]
[191 -3 98]
[191 11 94]
[191 10 94]
[191 -9 95]
[191 -8 96]
[191 -9 94]
[191 28 94]
[191 13 94]
[191 -68 10]
[191 15 96]
[191 14 95]
[191 14 96]
[191 8 94]
[191 26 98]
[191 25 98]
[191 13 96]
[191 12 94]
[191 26 96]
[191 -69 15]
[191 5 95]
[191 3 95]
[191 -66 6]
[191 24 98]
[191 -50 -61]
[191 -69 18]
[191 -69 17]
[191 17 95]
[191 -42 -67]
[191 -66 18]
[191 -69 12]
[191 -66 15]
[191 -65 4]
[191 9 94]
[191 -7 96]
[191 26 -23]
[191 27 97]
[191 26 97]
[191 2 94]
[192 -68 9]
[192 -66 3]
[192 -5 99]
[192 -5 98]
[192 -68 19]
[192 -6 98]
[192 15 97]
[192 16 96]
[192 8 95]
[192 8 93]
[192 -7 98]
[192 -8 97]
[192 27 99]
[192 25 99]
[192 27 98]
[192 24 99]
[192 -67 5]
[192 -70 17]
[192 -70 16]
[192 20 96]
[192 -63 19]
[192 -43 -67]
[192 -67 15]
[192 -68 15]
[192 28 97]
[192 -69 7]
[192 -70 11]
[192 17 96]
[192 12 95]
[192 18 96]
[192 17 97]
[192 1 97]
[192 26 -24]
[192 6 95]
[192 -67 14]
[192 -69 6]
[192 20 97]
[192 -66 5]
[192 21 98]
[192 33 -20]
[192 11 95]
[192 -10 95]
[192 -9 97]
[192 20 98]
[192 2 96]
[192 4 95]
[192 -59 6]
[192 30 95]
[192 29 95]
[192 -70 14]
[192 -52 -64]
[192 -67 18]
[192 -10 94]
[193 16 97]
[193 -5 96]
[193 26 99]
[193 30 96]
[193 28 96]
[193 -11 95]
[193 -71 11]
[193 2 97]
[193 7 95]
[193 -9 96]
[193 -10 96]
[193 -59 5]
[193 -60 5]
[193 -67 4]
[193 1 98]
[193 23 99]
[193 24 100]
[193 -70 7]
[193 -70 6]
[193 24 -24]
[193 -6 99]
[193 5 96]
[193 6 96]
[193 -70 19]
[193 -67 20]
[193 24 -23]
[193 -71 17]
[193 -69 16]
[193 -9 98]
[193 -8 98]
[193 27 100]
[193 28 99]
[193 -66 19]
[193 -7 99]
[193 -10 97]
[193 -70 10]
[193 -71 10]
[193 -1 98]
[193 -65 2]
[193 -66 2]
[194 -58 6]
[194 29 96]
[194 -67 1]
[194 -65 1]
[194 -71 16]
[194 28 100]
[194 -69 20]
[194 -11 96]
[194 -2 98]
[194 -63 21]
[194 -71 7]
[194 -71 6]
[194 -11 97]
[194 -11 98]
[194 -71 9]
[194 -70 9]
[194 0 99]
[194 15 44]
[194 3 98]
[194 7 97]
[194 -71 20]
[194 -64 2]
[194 10 95]
[194 -68 20]
[194 -66 20]
[194 -72 16]
[194 -72 18]
[194 -53 -65]
[194 -53 -64]
[194 -60 4]
[194 -59 4]
[194 -67 19]
[194 -65 3]
[194 -7 100]
[194 -6 100]
[194 2 98]
[194 -68 4]
[194 25 100]
[194 26 100]
[194 -10 99]
[194 -67 3]
[194 -8 99]
[194 8 96]
[194 -52 -37]
[194 27 101]
[194 17 98]
[194 29 99]
[194 29 98]
[195 5 97]
[195 -72 11]
[195 -71 8]
[195 -51 -61]
[195 29 101]
[195 29 100]
[195 -67 0]
[195 -66 0]
[195 -68 2]
[195 22 99]
[195 4 98]
[195 -70 21]
[195 -69 4]
[195 -65 0]
[195 29 97]
[195 -72 7]
[195 -67 21]
[195 18 99]
[195 -12 96]
[195 -67 2]
[195 14 46]
[195 14 44]
[195 -9 99]
[195 -11 99]
[195 -12 98]
[195 -12 97]
[195 -72 19]
[195 -72 17]
[195 -73 19]
[195 -4 56]
[195 28 101]
[195 23 -25]
[195 -61 3]
[195 3 97]
[195 -73 17]
[195 -73 16]
[195 -54 -65]
[195 25 101]
[195 -8 100]
[195 -70 20]
[195 -72 21]
[195 -72 20]
[195 -63 22]
[195 9 95]
[195 33 -21]
[195 7 98]
[195 7 96]
[195 27 102]
[195 -10 98]
[195 30 97]
[196 -52 -38]
[196 -54 -66]
[196 33 -22]
[196 32 -22]
[196 -74 15]
[196 -69 3]
[196 -70 4]
[196 -72 8]
[196 -11 100]
[196 -10 100]
[196 -12 100]
[196 -9 100]
[196 17 99]
[196 1 100]
[196 -72 12]
[196 8 97]
[196 6 99]
[196 -13 98]
[196 -13 99]
[196 -12 99]
[196 -68 22]
[196 -66 22]
[196 9 97]
[196 -72 5]
[196 -1 99]
[196 -2 99]
[196 -50 -60]
[196 -68 21]
[196 -66 21]
[196 -73 20]
[196 -74 20]
[196 -74 19]
[196 -13 97]
[196 -13 96]
[196 26 101]
[196 -61 4]
[196 -69 1]
[196 -58 4]
[196 -73 10]
[196 -73 21]
[196 -64 1]
[196 -65 21]
[196 -74 16]
[196 -4 99]
[196 -71 22]
[196 -72 22]
[196 -73 22]
[196 6 98]
[196 -73 6]
[196 -73 8]
[196 -73 7]
[196 14 45]
[196 -62 4]
[196 -60 2]
[197 -67 22]
[197 -75 18]
[197 -65 22]
[197 -59 2]
[197 24 -25]
[197 -64 23]
[197 -56 5]
[197 16 98]
[197 -73 11]
[197 -14 98]
[197 -74 8]
[197 8 98]
[197 10 97]
[197 9 96]
[197 -63 3]
[197 2 99]
[197 -73 23]
[197 -53 -66]
[197 -75 21]
[197 16 99]
[197 -2 100]
[197 5 98]
[197 6 100]
[197 -13 100]
[197 -12 101]
[197 0 100]
[197 2 100]
[197 -7 101]
[197 7 99]
[197 -51 -38]
[197 -52 -39]
[197 -3 99]
[197 -75 16]
[197 6 97]
[197 -73 9]
[197 -73 5]
[197 -14 97]
[197 17 100]
[197 26 -25]
[197 -63 2]
[197 -14 99]
[197 -74 23]
[197 -74 10]
[197 -74 9]
[198 5 99]
[198 0 101]
[198 3 100]
[198 12 96]
[198 1 99]
[198 28 102]
[198 8 99]
[198 -75 9]
[198 32 -23]
[198 3 99]
[198 -1 100]
[198 -75 23]
[198 -74 22]
[198 -76 18]
[198 -75 19]
[198 5 100]
[198 7 100]
[198 -76 20]
[198 -66 23]
[198 18 98]
[198 10 96]
[198 9 98]
[198 -65 23]
[198 -71 23]
[198 -76 15]
[198 -73 4]
[198 26 -26]
[198 -15 100]
[198 -3 100]
[198 -14 100]
[198 10 98]
[198 -69 22]
[198 -7 102]
[198 -8 102]
[198 -15 99]
[198 -57 4]
[199 11 98]
[199 11 97]
[199 9 99]
[199 -40 -59]
[199 -65 24]
[199 -67 23]
[199 -8 103]
[199 -9 101]
[199 -16 100]
[199 -16 99]
[199 -15 98]
[199 1 102]
[199 0 102]
[199 4 100]
[199 4 99]
[199 6 101]
[199 8 100]
[199 -69 23]
[199 -70 23]
[199 -66 24]
[199 -6 103]
[199 -6 102]
[199 1 101]
[199 2 101]
[199 -77 14]
[199 -77 15]
[199 -15 101]
[199 -16 101]
[199 7 101]
[199 21 99]
[199 -76 10]
[199 0 98]
[199 -55 -66]
[199 -43 -66]
[199 19 99]
[199 -77 20]
[199 -77 19]
[199 -77 21]
[199 -44 -67]
[199 -13 101]
[199 -77 17]
[199 -76 19]
[199 -14 101]
[199 3 101]
[199 16 100]
[199 18 100]
[200 -78 20]
[200 -78 19]
[200 -6 101]
[200 10 99]
[200 -3 101]
[200 -2 101]
[200 -7 103]
[200 20 99]
[200 19 100]
[200 -66 25]
[200 -11 102]
[200 15 98]
[200 12 99]
[200 9 100]
[200 18 101]
[200 -78 15]
[200 -78 14]
[200 -14 102]
[200 24 101]
[200 -74 12]
[200 -78 16]
[200 -78 18]
[200 25 -26]
[200 27 -25]
[200 -67 24]
[200 -7 104]
[200 -8 104]
[200 -9 104]
[200 8 101]
[200 -70 24]
[200 -68 24]
[200 -9 102]
[200 5 101]
[200 -15 102]
[200 -17 101]
[200 -17 102]
[200 11 99]
[200 -17 98]
[200 -16 98]
[200 32 -24]
[200 -67 25]
[200 -77 9]
[200 -76 11]
[200 -77 10]
[200 -77 11]
[200 2 102]
[200 16 101]
[200 29 102]
[200 -6 104]
[200 3 102]
[201 -3 102]
[201 -79 20]
[201 -73 13]
[201 -75 12]
[201 -18 101]
[201 -18 100]
[201 12 98]
[201 -7 105]
[201 -5 104]
[201 -77 13]
[201 -1 101]
[201 -17 99]
[201 -17 100]
[201 10 100]
[201 -69 24]
[201 -65 25]
[201 20 100]
[201 0 103]
[201 2 103]
[201 -78 10]
[201 -78 8]
[201 -8 105]
[201 -9 103]
[201 -8 101]
[201 -78 17]
[201 -77 12]
[201 -5 102]
[201 -72 13]
[201 15 100]
[201 17 101]
[201 11 100]
[201 12 100]
[201 -18 102]
[201 14 98]
[201 15 99]
[201 -18 99]
[201 -2 102]
[201 27 -26]
[201 -10 101]
[201 10 101]
[201 28 103]
[201 29 103]
[201 -5 103]
[201 -16 102]
[201 -10 105]
[201 -10 103]
[201 -13 102]
[201 21 100]
[201 23 101]
[201 -45 -68]
[201 6 102]
[202 -4 101]
[202 -4 102]
[202 9 101]
[202 12 101]
[202 13 99]
[202 9 102]
[202 7 102]
[202 1 104]
[202 -67 26]
[202 -66 26]
[202 -64 26]
[202 -10 102]
[202 -11 101]
[202 -77 8]
[202 -19 100]
[202 -19 102]
[202 -1 102]
[202 -51 -39]
[202 3 103]
[202 -5 105]
[202 -19 99]
[202 -18 103]
[202 4 102]
[202 4 101]
[202 -7 106]
[202 13 98]
[202 -79 10]
[202 -6 105]
[202 -4 105]
[202 -1 103]
[202 -10 104]
[202 19 101]
[202 22 100]
[202 16 102]
[202 -19 101]
[202 13 97]
[202 14 99]
[202 14 100]
[203 11 101]
[203 -20 100]
[203 -7 107]
[203 -8 107]
[203 -8 106]
[203 17 103]
[203 15 102]
[203 14 97]
[203 -4 106]
[203 -4 104]
[203 -5 106]
[203 -20 101]
[203 -20 99]
[203 -65 27]
[203 -3 103]
[203 15 101]
[203 17 102]
[203 4 97]
[203 8 103]
[203 14 101]
[203 -79 7]
[203 16 47]
[203 -11 103]
[203 13 100]
[203 -16 103]
[203 1 103]
[203 2 104]
[203 -13 103]
[203 3 104]
[203 29 104]
[203 -11 105]
[203 0 104]
[203 20 101]
[203 -64 25]
[203 18 102]
[203 8 102]
[203 -12 102]
[203 -3 106]
[203 -11 104]
[203 -9 106]
[203 5 102]
[203 4 103]
[203 11 96]
[203 -80 10]
[204 -9 105]
[204 -11 106]
[204 -80 9]
[204 -7 108]
[204 -13 104]
[204 -12 104]
[204 -12 105]
[204 -4 103]
[204 2 105]
[204 -3 104]
[204 14 103]
[204 8 104]
[204 9 104]
[204 -5 101]
[204 12 97]
[204 31 -23]
[204 11 102]
[204 -3 105]
[204 -9 107]
[204 -21 100]
[204 -21 101]
[204 5 104]
[204 18 104]
[204 -12 106]
[204 -3 107]
[204 7 103]
[204 19 102]
[204 18 103]
[204 -6 108]
[204 -66 27]
[204 -4 100]
[204 32 -25]
[204 -2 103]
[204 -6 107]
[204 -1 104]
[204 1 105]
[204 -1 105]
[204 -6 106]
[204 -80 6]
[204 -79 8]
[204 -80 8]
[204 3 105]
[205 4 104]
[205 12 103]
[205 10 103]
[205 16 103]
[205 27 -27]
[205 19 103]
[205 -12 103]
[205 19 104]
[205 17 104]
[205 -20 102]
[205 -21 99]
[205 21 101]
[205 7 104]
[205 9 103]
[205 25 102]
[205 -80 7]
[205 -8 108]
[205 5 105]
[205 4 105]
[205 13 101]
[205 23 -26]
[205 -2 108]
[205 -2 107]
[205 0 105]
[205 -5 107]
[205 -1 106]
[205 -2 106]
[205 -81 7]
[205 13 102]
[205 -5 108]
[205 -5 57]
[205 -22 101]
[205 -14 104]
[205 20 103]
[205 10 104]
[205 -9 108]
[205 -45 -66]
[205 20 102]
[205 21 102]
[205 2 106]
[205 -46 -67]
[205 -22 99]
[205 10 102]
[206 -1 108]
[206 -2 109]
[206 -1 107]
[206 -1 109]
[206 0 107]
[206 -23 99]
[206 -22 100]
[206 18 105]
[206 17 105]
[206 6 103]
[206 6 104]
[206 15 104]
[206 5 106]
[206 -14 103]
[206 -10 107]
[206 -10 108]
[206 -3 108]
[206 0 106]
[206 12 102]
[206 3 107]
[206 -81 6]
[206 22 101]
[206 -4 108]
[206 -4 107]
[206 -5 109]
[206 -5 100]
[206 -2 104]
[206 20 104]
[206 20 105]
[206 -21 102]
[206 -6 58]
[206 11 103]
[206 11 104]
[206 13 103]
[206 5 103]
[206 14 102]
[206 -10 106]
[206 -50 -40]
[206 16 104]
[206 23 102]
[206 -2 105]
[206 -13 105]
[206 -7 109]
[206 7 105]
[206 6 105]
[206 -46 -68]
[207 -23 100]
[207 22 103]
[207 22 102]
[207 -6 110]
[207 -8 109]
[207 -6 109]
[207 -4 109]
[207 -5 110]
[207 -3 109]
[207 -15 103]
[207 15 47]
[207 32 -26]
[207 31 -24]
[207 8 106]
[207 6 106]
[207 -45 -67]
[207 2 107]
[207 3 106]
[207 -50 -39]
[207 -11 107]
[207 4 106]
[207 21 103]
[207 16 105]
[207 0 108]
[207 28 104]
[207 3 108]
[207 4 107]
[207 15 103]
[207 14 104]
[207 15 105]
[207 -47 -68]
[207 1 106]
[207 13 104]
[207 13 46]
[207 21 104]
[207 12 104]
[207 11 105]
[207 -2 110]
[207 0 110]
[207 10 105]
[207 0 109]
[208 -46 -66]
[208 8 105]
[208 5 107]
[208 1 109]
[208 4 108]
[208 15 106]
[208 -23 101]
[208 9 105]
[208 25 -27]
[208 0 111]
[208 -1 110]
[208 1 107]
[208 -4 110]
[208 7 107]
[208 6 107]
[208 -3 110]
[208 -7 110]
[208 19 105]
[208 12 105]
[208 -24 99]
[208 -24 100]
[208 23 103]
[208 32 -27]
[208 14 105]
[208 -6 111]
[208 9 106]
[208 -5 111]
[208 -20 103]
[208 7 106]
[209 -24 98]
[209 -25 98]
[209 -2 111]
[209 2 108]
[209 16 106]
[209 15 107]
[209 -1 111]
[209 24 103]
[209 1 108]
[209 3 109]
[209 9 107]
[209 1 110]
[209 -17 103]
[209 -24 101]
[209 12 106]
[209 -4 111]
[209 -9 109]
[209 -6 112]
[209 24 102]
[209 -8 110]
[209 -1 112]
[209 1 111]
[209 -5 56]
[209 2 109]
[210 -25 97]
[210 3 110]
[210 13 105]
[210 7 108]
[210 4 110]
[210 -3 111]
[210 -50 -41]
[210 24 104]
[210 25 103]
[210 -7 111]
[210 -6 113]
[210 -25 100]
[210 8 108]
[210 8 107]
[210 -5 112]
[210 13 107]
[210 13 106]
[210 5 109]
[210 0 112]
[210 -4 112]
[210 -3 112]
[210 26 102]
[210 32 -28]
[210 10 107]
[210 5 108]
[210 11 106]
[211 25 104]
[211 13 108]
[211 14 107]
[211 12 107]
[211 11 107]
[211 23 -27]
[211 2 111]
[211 4 109]
[211 4 111]
[211 6 108]
[211 -23 97]
[211 24 -28]
[211 22 104]
[211 9 108]
[211 2 110]
[211 23 100]
[211 10 106]
[211 -6 114]
[211 21 105]
[211 -24 97]
[211 -25 96]
[211 -2 112]
[211 14 106]
[211 10 108]
[211 5 111]
[211 3 111]
[211 -1 113]
[211 -4 113]
[212 -3 113]
[212 22 -28]
[212 26 104]
[212 26 103]
[212 23 104]
[212 10 109]
[212 -26 95]
[212 -7 112]
[212 -5 113]
[212 -5 114]
[212 31 -29]
[212 -25 99]
[212 5 110]
[212 11 109]
[212 27 -28]
[212 14 47]
[212 -23 96]
[212 -22 96]
[212 22 105]
[212 -2 113]
[212 6 109]
[212 13 109]
[212 -5 115]
[212 6 110]
[212 -26 100]
[212 -24 96]
[213 23 -29]
[213 12 110]
[213 -22 95]
[213 -6 56]
[213 -3 114]
[213 -4 114]
[213 -23 95]
[213 -24 95]
[213 -4 115]
[213 -22 97]
[213 27 103]
[213 23 105]
[213 14 108]
[213 -26 99]
[213 7 109]
[213 7 110]
[213 27 -29]
[213 6 111]
[213 12 108]
[213 12 109]
[213 11 108]
[213 -6 115]
[213 -4 116]
[213 -5 116]
[214 -3 115]
[214 -26 98]
[214 22 -27]
[214 -50 -42]
[214 27 104]
[214 -23 94]
[214 -2 114]
[214 -27 100]
[214 12 46]
[214 26 -30]
[214 -21 94]
[214 -22 94]
[214 8 109]
[214 -7 57]
[214 25 105]
[214 -21 96]
[214 -21 97]
[214 -4 117]
[214 -5 117]
[214 11 110]
[214 -21 95]
[214 23 -30]
[214 7 111]
[214 8 110]
[214 -27 94]
[214 26 105]
[215 24 -29]
[215 -20 94]
[215 -20 96]
[215 8 111]
[215 10 110]
[215 9 109]
[215 -23 93]
[215 -22 93]
[215 -21 93]
[215 27 105]
[215 -51 -42]
[215 -28 95]
[215 -27 93]
[215 -28 94]
[215 -28 93]
[215 -20 97]
[215 -47 -69]
[215 -48 -69]
[215 9 110]
[215 -27 99]
[216 -29 94]
[216 24 105]
[216 27 -31]
[216 32 -29]
[216 9 111]
[216 -29 95]
[216 -27 92]
[216 -26 93]
[216 -21 92]
[216 -20 93]
[216 -20 92]
[216 -50 -43]
[216 -51 -43]
[217 -29 93]
[217 -25 93]
[217 -28 96]
[217 -30 95]
[217 -28 92]
[217 -27 91]
[217 -29 92]
[217 -30 94]
[217 -30 93]
[217 25 -28]
[217 28 105]
[218 -31 93]
[218 -31 94]
[218 31 -30]
[218 -22 92]
[218 -30 92]
[218 -31 95]
[218 -26 91]
[218 -29 91]
[218 -28 90]
[219 -32 92]
[219 26 -31]
[219 -27 89]
[219 -29 89]
[219 -28 89]
[219 -26 94]
[219 -26 92]
[219 -31 92]
[219 -32 93]
[219 -32 95]
[219 -32 94]
[219 -25 91]
[219 -25 90]
[219 -27 90]
[219 -28 91]
[219 -29 90]
[219 -30 91]
[219 -26 90]
[220 -27 98]
[220 -30 89]
[220 -28 88]
[220 -29 88]
[220 -31 90]
[220 -30 90]
[220 -31 91]
[220 -27 96]
[220 -27 95]
[220 -28 97]
[220 25 -32]
[220 -26 88]
[220 -27 88]
[220 -33 94]
[220 -33 92]
[220 -24 91]
[220 -33 93]
[220 -32 91]
[220 -26 89]
[220 -25 89]
[220 -24 89]
[220 -8 57]
[221 -24 90]
[221 -23 90]
[221 -31 88]
[221 -25 87]
[221 -26 87]
[221 -33 90]
[221 -33 91]
[221 24 -33]
[221 -32 89]
[221 -31 89]
[221 28 -30]
[221 -29 87]
[221 -27 87]
[221 -28 87]
[221 11 46]
[221 -34 95]
[221 -34 94]
[221 -34 93]
[221 -25 92]
[221 -6 57]
[221 -27 97]
[221 -23 89]
[221 -25 88]
[221 -34 91]
[221 -34 92]
[222 -35 92]
[222 -35 91]
[222 -35 94]
[222 -33 89]
[222 -35 95]
[222 -35 93]
[222 -30 88]
[222 -47 -70]
[222 -33 88]
[222 -32 88]
[222 -26 86]
[222 -28 86]
[222 -27 86]
[222 -32 90]
[222 -35 90]
[222 -34 90]
[222 -25 86]
[222 -24 87]
[222 -51 -44]
[222 -30 87]
[222 -29 86]
[222 -30 86]
[223 -22 89]
[223 -24 86]
[223 -23 86]
[223 27 -30]
[223 -28 85]
[223 -23 88]
[223 -35 89]
[223 -34 89]
[223 25 -31]
[223 22 -30]
[223 -26 85]
[223 -27 85]
[223 -25 85]
[223 22 -29]
[223 -36 91]
[223 -36 90]
[223 -34 88]
[223 -31 87]
[223 -36 92]
[223 -36 94]
[223 -31 86]
[223 -36 95]
[223 -31 85]
[223 -29 85]
[224 -32 87]
[224 -37 95]
[224 -46 -71]
[224 -47 -71]
[224 -27 84]
[224 -26 84]
[224 21 -29]
[224 -35 87]
[224 -37 93]
[224 -32 86]
[224 -36 89]
[224 -37 89]
[224 -37 90]
[224 22 -31]
[224 -37 94]
[224 -36 88]
[224 -35 88]
[224 -51 -45]
[224 -36 93]
[224 -30 85]
[224 -23 85]
[224 -23 87]
[224 -32 85]
[224 -30 84]
[224 -28 84]
[224 -24 85]
[224 -29 84]
[224 -37 92]
[224 -37 91]
[224 -49 -69]
[224 -22 85]
[224 -22 86]
[224 -24 84]
[224 -25 84]
[225 -21 85]
[225 -24 88]
[225 -38 92]
[225 -38 91]
[225 -31 84]
[225 10 45]
[225 -28 83]
[225 -38 94]
[225 -38 93]
[225 28 106]
[225 -37 88]
[225 21 -30]
[225 -38 95]
[225 -27 83]
[225 -23 84]
[225 -23 83]
[225 -25 83]
[225 -22 84]
[225 -36 86]
[225 -36 87]
[225 -26 83]
[225 -21 88]
[225 -37 87]
[225 -32 84]
[225 -38 90]
[225 -29 83]
[225 20 -30]
[225 -38 88]
[225 -38 89]
[225 -47 -72]
[225 -24 83]
[226 -24 82]
[226 -22 82]
[226 -35 86]
[226 -37 86]
[226 -25 82]
[226 -23 82]
[226 -21 86]
[226 -39 93]
[226 -39 91]
[226 -39 92]
[226 19 -31]
[226 -34 87]
[226 -27 82]
[226 -31 83]
[226 -32 83]
[226 -39 95]
[226 -29 82]
[226 24 -34]
[226 -22 87]
[226 -20 87]
[226 -39 90]
[226 -46 -72]
[226 -39 88]
[226 -39 89]
[226 -21 84]
[226 -22 83]
[226 -21 83]
[226 9 44]
[226 -38 87]
[227 -21 81]
[227 -20 84]
[227 -21 82]
[227 -20 83]
[227 -20 85]
[227 -20 86]
[227 -40 91]
[227 -40 89]
[227 -30 82]
[227 -25 81]
[227 -39 87]
[227 -40 87]
[227 -28 82]
[227 -26 82]
[227 -39 94]
[227 -29 81]
[227 -24 81]
[227 25 -33]
[227 8 43]
[227 -39 86]
[227 -40 90]
[227 -40 92]
[227 21 -31]
[227 -27 81]
[227 -40 94]
[227 -40 88]
[227 -50 -69]
[227 -40 93]
[228 24 -35]
[228 -41 87]
[228 -41 88]
[228 -41 89]
[228 -28 81]
[228 -26 80]
[228 -24 80]
[228 -23 81]
[228 -20 81]
[228 -21 87]
[228 21 -32]
[228 -30 81]
[228 20 -31]
[228 19 -30]
[228 -41 90]
[228 -38 86]
[228 -40 86]
[228 -38 85]
[228 -39 85]
[228 -52 -45]
[228 -41 94]
[228 -41 93]
[228 -26 81]
[228 -41 91]
[228 -25 80]
[228 -41 92]
[228 -22 81]
[228 -20 82]
[228 -20 80]
[228 -22 80]
[228 -21 80]
[229 -42 93]
[229 -42 91]
[229 -42 92]
[229 -22 79]
[229 -21 79]
[229 -20 79]
[229 -23 80]
[229 20 -32]
[229 -40 85]
[229 -41 86]
[229 -27 80]
[229 -40 84]
[229 -39 84]
[229 -19 81]
[229 -51 -46]
[229 -25 79]
[229 -24 79]
[229 -30 80]
[229 -29 80]
[229 -42 90]
[229 -42 89]
[229 -42 88]
[229 -42 87]
[229 -42 86]
[229 -38 84]
[229 7 44]
[229 -22 88]
[230 -31 79]
[230 -29 79]
[230 -9 57]
[230 -40 83]
[230 -43 89]
[230 -43 90]
[230 -43 88]
[230 -41 85]
[230 -37 83]
[230 -39 83]
[230 -38 83]
[230 -43 87]
[230 -19 80]
[230 -43 91]
[230 10 44]
[230 -22 78]
[230 -21 78]
[230 19 -32]
[230 -43 86]
[230 -28 79]
[230 -23 78]
[230 7 43]
[230 -24 78]
[230 11 45]
[230 -41 83]
[230 -43 85]
[230 -42 85]
[230 -26 78]
[230 -19 86]
[230 -18 82]
[230 -18 81]
[230 23 -35]
[230 -41 84]
[231 -18 79]
[231 -18 80]
[231 -44 91]
[231 -44 90]
[231 -44 86]
[231 -44 88]
[231 -44 87]
[231 -19 85]
[231 -17 82]
[231 -19 82]
[231 -43 84]
[231 -42 84]
[231 -44 89]
[231 -28 78]
[231 -27 78]
[231 -41 82]
[231 11 44]
[231 -25 78]
[231 -17 83]
[231 -37 82]
[231 -25 77]
[231 -23 77]
[231 23 -36]
[231 -42 83]
[231 -44 85]
[231 -52 -46]
[232 -40 82]
[232 -36 82]
[232 -36 81]
[232 -17 80]
[232 22 -37]
[232 -18 85]
[232 -18 84]
[232 -19 84]
[232 -45 88]
[232 -45 86]
[232 -45 89]
[232 -45 91]
[232 -45 90]
[232 6 43]
[232 -18 83]
[232 -17 81]
[232 -44 92]
[232 9 43]
[232 -26 77]
[232 -43 83]
[232 18 -32]
[232 -44 83]
[232 -51 -47]
[232 -45 85]
[232 -44 84]
[232 -45 84]
[232 -19 78]
[232 -17 79]
[232 -17 78]
[232 -22 77]
[232 -29 77]
[232 -16 84]
[232 -17 84]
[232 -45 87]
[233 8 42]
[233 -45 82]
[233 -46 88]
[233 -46 87]
[233 -46 89]
[233 6 44]
[233 -19 77]
[233 18 -31]
[233 -18 77]
[233 -16 77]
[233 -17 77]
[233 -18 78]
[233 -17 85]
[233 -46 83]
[233 -45 83]
[233 -46 84]
[233 -46 85]
[233 -21 77]
[233 10 46]
[233 -16 85]
[233 -52 -47]
[233 -26 79]
[233 21 -37]
[233 22 -38]
[233 -20 78]
[233 -20 77]
[233 -35 81]
[233 -44 93]
[233 -45 93]
[233 -46 86]
[233 -35 80]
[233 -19 79]
[233 17 -33]
[233 -46 90]
[233 -46 92]
[233 -45 92]
[234 -29 78]
[234 -34 80]
[234 -23 76]
[234 -27 77]
[234 -46 91]
[234 -47 85]
[234 -47 86]
[234 -44 82]
[234 -30 78]
[234 11 43]
[234 -47 84]
[234 -46 82]
[234 -47 82]
[234 -45 94]
[234 -44 94]
[234 -19 83]
[234 23 -37]
[234 -30 79]
[234 -47 89]
[234 -47 88]
[234 -47 87]
[234 -47 90]
[234 -47 91]
[234 -47 92]
[234 -46 93]
[234 -47 93]
[234 -47 83]
[234 17 -34]
[234 -44 81]
[234 -53 -46]
[234 -46 94]
[235 -48 82]
[235 -48 84]
[235 -48 83]
[235 27 106]
[235 5 44]
[235 -48 89]
[235 -48 90]
[235 -48 86]
[235 -23 79]
[235 -44 95]
[235 18 -33]
[235 -48 93]
[235 -48 92]
[235 -33 79]
[235 -34 79]
[235 -47 94]
[235 -28 77]
[235 -48 88]
[235 -48 91]
[235 16 -35]
[235 -48 85]
[235 -45 81]
[235 -48 87]
[235 -48 81]
[235 -47 81]
[236 -46 80]
[236 -46 81]
[236 16 -36]
[236 -46 95]
[236 -49 87]
[236 -49 88]
[236 -49 85]
[236 -49 84]
[236 -49 86]
[236 -49 89]
[236 -49 92]
[236 -49 91]
[236 -49 82]
[236 -47 80]
[236 -27 79]
[236 -49 90]
[236 -49 83]
[236 -45 95]
[236 -44 96]
[236 -45 96]
[237 -48 80]
[237 -45 80]
[237 -50 89]
[237 -50 90]
[237 -47 79]
[237 -46 79]
[237 -48 79]
[237 20 -33]
[237 -46 96]
[237 8 45]
[237 -50 91]
[237 -50 85]
[237 -44 97]
[237 -50 83]
[237 -46 97]
[237 15 -35]
[237 15 -37]
[237 -49 81]
[237 -50 88]
[237 -50 81]
[237 24 -38]
[237 19 -34]
[238 -51 89]
[238 -50 87]
[238 -50 84]
[238 15 -36]
[238 -51 82]
[238 -50 82]
[238 -49 80]
[238 20 -38]
[238 22 -39]
[238 23 -39]
[238 -47 96]
[238 20 -34]
[238 -51 88]
[238 -44 98]
[238 -45 98]
[238 -51 84]
[238 -51 83]
[238 -49 79]
[238 -23 75]
[238 -49 78]
[238 -47 78]
[238 -46 78]
[238 21 -38]
[238 -50 86]
[238 -47 97]
[238 -48 78]
[239 -50 79]
[239 -48 77]
[239 -50 78]
[239 -52 88]
[239 -52 89]
[239 -51 80]
[239 -51 81]
[239 -23 74]
[239 -24 74]
[239 14 -36]
[239 -47 77]
[239 -50 80]
[239 -52 81]
[239 -52 83]
[239 -52 87]
[239 -51 87]
[239 -51 86]
[239 -34 78]
[239 -45 99]
[239 -43 99]
[239 22 -40]
[239 -54 -47]
[239 -52 82]
[239 -52 84]
[239 -51 85]
[239 17 -32]
[240 -52 80]
[240 -53 81]
[240 -48 96]
[240 -33 78]
[240 -32 79]
[240 -53 82]
[240 -53 83]
[240 -49 77]
[240 -49 76]
[240 -35 78]
[240 -52 85]
[240 -44 99]
[240 -24 75]
[240 -50 77]
[240 -51 78]
[240 -52 86]
[240 -53 88]
[240 -48 76]
[240 4 43]
[240 -53 87]
[240 -53 89]
[240 -53 86]
[240 19 -35]
[240 -32 78]
[240 16 -33]
[240 -51 79]
[240 23 -40]
[240 17 -37]
[240 14 -37]
[240 -25 73]
[240 -52 79]
[241 -48 75]
[241 -50 75]
[241 -54 88]
[241 -53 79]
[241 -53 80]
[241 -54 82]
[241 -54 81]
[241 3 42]
[241 -22 74]
[241 -51 77]
[241 -49 95]
[241 5 43]
[241 -54 83]
[241 -54 84]
[241 18 -35]
[241 -54 86]
[241 -53 84]
[241 -54 80]
[241 -54 87]
[241 -53 85]
[241 -43 100]
[241 -25 74]
[241 -51 76]
[241 -50 76]
[241 17 -38]
[241 -52 77]
[241 -52 78]
[242 -55 87]
[242 -55 88]
[242 -55 89]
[242 -55 83]
[242 -53 78]
[242 -55 82]
[242 -55 81]
[242 -42 100]
[242 -52 76]
[242 -53 76]
[242 -55 84]
[242 -55 85]
[242 -55 86]
[242 16 -32]
[242 -49 96]
[242 -50 95]
[242 -54 79]
[242 -55 79]
[242 -55 80]
[242 -54 85]
[242 -47 74]
[242 -48 74]
[242 -49 74]
[242 -51 75]
[242 -54 89]
[242 4 42]
[242 -25 72]
[242 -35 77]
[243 -56 85]
[243 -56 84]
[243 18 -36]
[243 -56 82]
[243 -56 83]
[243 -47 75]
[243 -55 90]
[243 -46 74]
[243 -46 75]
[243 -56 87]
[243 -56 86]
[243 -24 73]
[243 -54 78]
[243 -54 77]
[243 -53 77]
[243 -56 80]
[243 -36 77]
[243 -48 73]
[243 -49 73]
[243 -47 73]
[243 -56 88]
[243 8 41]
[243 -54 90]
[243 -56 89]
[243 -25 71]
[243 -42 101]
[243 -41 101]
[243 -22 73]
[243 -52 74]
[243 -55 78]
[243 -56 78]
[243 -56 79]
[243 -54 76]
[243 21 -40]
[244 -56 81]
[244 -56 77]
[244 -55 77]
[244 18 -39]
[244 -54 91]
[244 -55 91]
[244 -57 77]
[244 -57 79]
[244 4 44]
[244 -55 76]
[244 -48 72]
[244 -46 72]
[244 -46 73]
[244 -24 72]
[244 16 -34]
[244 -57 87]
[244 -57 88]
[244 -26 71]
[244 -57 84]
[244 -49 72]
[244 -50 72]
[244 -50 73]
[244 -57 85]
[244 -57 81]
[244 13 -37]
[244 -51 74]
[244 -45 73]
[244 16 -38]
[244 -55 -47]
[244 20 -41]
[244 -57 89]
[244 -56 90]
[244 -57 86]
[244 -57 82]
[244 -45 76]
[244 -45 75]
[244 -41 102]
[244 -52 73]
[244 -53 74]
[244 21 -39]
[244 -26 73]
[245 -57 76]
[245 -58 76]
[245 -58 78]
[245 -56 76]
[245 -48 71]
[245 -49 71]
[245 -51 73]
[245 18 -37]
[245 12 -37]
[245 -53 73]
[245 -52 72]
[245 -51 72]
[245 -56 91]
[245 20 -40]
[245 -58 86]
[245 -44 76]
[245 -44 75]
[245 -55 75]
[245 -58 80]
[245 -57 78]
[245 -58 79]
[245 -44 74]
[245 -45 74]
[245 -57 83]
[245 -26 72]
[245 -57 90]
[245 -57 80]
[245 -58 82]
[245 -23 71]
[245 19 -39]
[245 -47 72]
[245 20 -37]
[245 17 -36]
[245 -58 84]
[245 -58 87]
[245 -45 72]
[245 -44 73]
[245 -37 76]
[245 3 41]
[245 17 -35]
[245 24 -39]
[245 3 45]
[245 -58 85]
[245 -54 74]
[245 -54 73]
[245 -46 71]
[245 -45 71]
[245 -47 71]
[246 -23 72]
[246 -58 83]
[246 -56 75]
[246 -53 72]
[246 -56 74]
[246 -58 75]
[246 -58 77]
[246 -59 76]
[246 -59 75]
[246 -58 81]
[246 -43 75]
[246 -43 76]
[246 19 -36]
[246 -43 73]
[246 -58 88]
[246 -59 88]
[246 -52 71]
[246 -51 71]
[246 -47 70]
[246 -40 102]
[246 -43 72]
[246 -44 72]
[246 -43 74]
[246 -57 91]
[246 20 -39]
[246 -55 74]
[246 -45 70]
[246 -44 71]
[246 -59 83]
[246 -59 84]
[246 -59 85]
[246 -55 72]
[246 16 -39]
[246 -59 81]
[246 -59 80]
[246 -59 79]
[246 -53 71]
[246 15 -34]
[246 15 -33]
[246 -23 73]
[246 -57 75]
[246 -46 70]
[246 -50 71]
[246 -48 70]
[246 -49 70]
[246 -50 70]
[246 -58 89]
[246 -58 91]
[246 -27 72]
[246 -23 70]
[247 -60 79]
[247 -59 78]
[247 -60 80]
[247 -47 69]
[247 -46 69]
[247 -48 69]
[247 -42 74]
[247 -54 72]
[247 -59 82]
[247 -60 84]
[247 -55 -48]
[247 -58 74]
[247 -60 74]
[247 12 -38]
[247 -49 69]
[247 -59 77]
[247 -59 86]
[247 -56 71]
[247 -56 72]
[247 -55 71]
[247 -56 73]
[247 -43 77]
[247 -57 74]
[247 -42 73]
[247 25 -37]
[247 -42 76]
[247 -42 75]
[247 7 45]
[247 -51 70]
[247 -50 69]
[247 -59 87]
[247 16 -40]
[247 -52 70]
[247 -60 81]
[247 -60 82]
[247 -59 89]
[247 -55 73]
[247 -57 73]
[247 -60 85]
[247 -60 83]
[247 -37 78]
[247 -22 72]
[247 19 -38]
[247 -58 90]
[247 -60 75]
[247 -60 76]
[247 -53 70]
[247 21 -41]
[247 -36 76]
[247 -54 71]
[247 -59 91]
[247 -59 92]
[247 14 -33]
[247 -26 74]
[248 -49 68]
[248 -50 68]
[248 -41 73]
[248 -60 73]
[248 -59 74]
[248 -59 73]
[248 -61 73]
[248 -54 70]
[248 -57 72]
[248 -60 86]
[248 -61 83]
[248 -61 84]
[248 -59 90]
[248 -27 74]
[248 -58 93]
[248 -60 92]
[248 -41 76]
[248 -41 75]
[248 -41 77]
[248 -42 77]
[248 -48 68]
[248 -47 68]
[248 -42 78]
[248 -60 89]
[248 -60 88]
[248 -60 87]
[248 -58 73]
[248 -56 70]
[248 -55 70]
[248 -57 70]
[248 -60 78]
[248 -60 77]
[248 -38 78]
[248 -24 71]
[248 -61 75]
[248 -61 82]
[248 -52 69]
[248 -54 -48]
[248 -61 81]
[248 -58 72]
[248 -61 76]
[248 20 -42]
[248 2 41]
[248 -41 74]
[248 -51 69]
[248 -61 80]
[248 -22 70]
[248 -56 -48]
[248 -61 79]
[248 13 -34]
[249 -52 68]
[249 -51 68]
[249 -53 69]
[249 -42 71]
[249 -59 72]
[249 -41 72]
[249 -62 78]
[249 -62 79]
[249 -58 69]
[249 -57 69]
[249 -58 71]
[249 -58 70]
[249 -57 71]
[249 -50 67]
[249 -48 67]
[249 -49 67]
[249 -62 81]
[249 -62 74]
[249 -61 88]
[249 -38 79]
[249 -60 91]
[249 -61 86]
[249 2 40]
[249 -58 92]
[249 -54 69]
[249 -55 69]
[249 -39 77]
[249 -39 79]
[249 -61 74]
[249 -60 72]
[249 -61 72]
[249 -61 87]
[249 -56 -49]
[249 -62 73]
[249 -40 76]
[249 -62 82]
[249 19 -43]
[249 19 -42]
[249 -41 78]
[249 -59 71]
[249 -24 70]
[249 14 -35]
[249 13 -38]
[249 -62 75]
[249 -62 77]
[249 -61 77]
[250 -59 69]
[250 -39 78]
[250 -40 79]
[250 -49 66]
[250 -61 78]
[250 -60 71]
[250 -63 72]
[250 -63 74]
[250 -62 72]
[250 -40 74]
[250 -53 68]
[250 -61 71]
[250 -62 71]
[250 -62 80]
[250 -62 85]
[250 -56 69]
[250 -63 75]
[250 -62 76]
[250 -21 70]
[250 18 -44]
[250 18 -43]
[250 13 -36]
[250 -23 69]
[250 -62 88]
[250 -63 78]
[250 -27 71]
[250 -40 77]
[250 -62 87]
[250 -22 71]
[250 -57 92]
[250 -56 -50]
[250 -63 76]
[250 -63 77]
[250 -27 73]
[250 -61 89]
[250 2 44]
[250 -59 70]
[250 -59 68]
[250 -56 68]
[250 -55 68]
[250 -63 73]
[250 1 40]
[250 2 39]
[251 -57 68]
[251 -50 66]
[251 -62 84]
[251 -63 85]
[251 -24 69]
[251 -61 90]
[251 -64 75]
[251 -40 71]
[251 -60 70]
[251 -64 78]
[251 -64 77]
[251 -45 68]
[251 18 -40]
[251 14 -39]
[251 -28 73]
[251 -60 69]
[251 -58 68]
[251 -60 67]
[251 -60 68]
[251 -50 65]
[251 -61 70]
[251 -64 73]
[251 -63 70]
[251 -40 78]
[251 -62 70]
[251 -43 70]
[251 -52 67]
[251 -64 71]
[251 -64 72]
[252 -63 89]
[252 -40 73]
[252 -64 76]
[252 -39 70]
[252 -51 66]
[252 15 -40]
[252 -64 74]
[252 -54 67]
[252 19 -40]
[252 17 -41]
[252 -63 84]
[252 -55 -50]
[252 -65 72]
[252 -58 67]
[252 -65 75]
[252 -65 74]
[252 -57 67]
[252 -63 71]
[252 -64 69]
[252 -56 -47]
[252 -65 73]
[252 -65 71]
[252 -22 69]
[252 -61 69]
[252 -59 67]
[252 11 -39]
[252 6 45]
[252 15 -32]
[252 -45 67]
[252 15 -39]
[252 -65 78]
[252 -65 76]
[252 -65 77]
[252 -51 67]
[252 -62 91]
[252 -41 70]
[252 -39 75]
[252 -64 79]
[252 -65 79]
[252 -20 70]
[252 1 39]
[252 -22 68]
[253 -46 67]
[253 -57 -47]
[253 -47 66]
[253 -66 77]
[253 1 41]
[253 17 -39]
[253 -66 75]
[253 -66 74]
[253 -40 69]
[253 2 43]
[253 2 42]
[253 13 -40]
[253 -39 69]
[253 -63 87]
[253 -21 68]
[253 -20 69]
[253 3 44]
[253 -61 68]
[253 26 -36]
[253 -66 76]
[253 -65 70]
[253 -64 84]
[253 -66 72]
[253 -66 73]
[253 -21 69]
[253 -46 66]
[253 -39 72]
[253 -63 90]
[253 -65 80]
[253 -28 72]
[253 -40 75]
[253 18 -41]
[254 12 -39]
[254 -64 85]
[254 -39 68]
[254 -64 80]
[254 4 45]
[254 -67 74]
[254 -67 76]
[254 -67 73]
[254 -62 90]
[254 -67 72]
[254 5 45]
[254 -66 71]
[254 -67 71]
[254 -64 70]
[254 -64 86]
[254 -67 78]
[254 -64 89]
[254 1 38]
[254 16 -41]
[254 -41 71]
[254 -41 68]
[254 -65 83]
[254 -29 72]
[254 -55 67]
[254 -65 69]
[254 -66 69]
[254 13 -41]
[254 11 -40]
[255 -68 73]
[255 -68 72]
[255 -68 71]
[255 -66 70]
[255 -65 81]
[255 -66 81]
[255 14 -40]
[255 -39 67]
[255 -38 67]
[255 -44 69]
[255 0 40]
[255 -68 77]
[255 -67 70]
[255 -68 70]
[255 15 -31]
[255 -21 71]
[255 -67 69]
[255 -66 68]
[255 -64 90]
[255 -65 88]
[255 -65 90]
[255 -48 65]
[255 11 -38]
[255 15 -42]
[255 -38 71]
[255 -58 -48]
[255 -37 75]
[256 18 -45]
[256 -57 -49]
[256 -40 66]
[256 -40 67]
[256 -42 70]
[256 -40 70]
[256 -69 72]
[256 -65 91]
[256 -41 69]
[256 -69 70]
[256 -68 69]
[256 -67 68]
[256 -68 68]
[256 10 -39]
[256 -55 -49]
[256 0 41]
[256 -67 67]
[256 -30 72]
[256 14 -32]
[256 1 43]
[256 -39 71]
[256 16 -42]
[256 -41 67]
[256 -64 82]
[256 -67 79]
[256 -68 78]
[256 -69 77]
[256 -39 66]
[256 -38 66]
[257 -69 79]
[257 -56 67]
[257 10 -41]
[257 -66 91]
[257 13 -33]
[257 -70 71]
[257 1 37]
[257 -1 40]
[257 -68 80]
[257 25 -38]
[257 0 39]
[257 -54 -51]
[257 -68 67]
[257 -20 68]
[257 -40 68]
[257 -41 66]
[257 -69 71]
[257 -69 68]
[257 -20 71]
[257 -70 73]
[257 -69 69]
[257 -68 76]
[257 -40 65]
[257 -47 65]
[257 -66 87]
[257 -66 88]
[257 -70 77]
[257 -70 76]
[257 -29 71]
[257 -28 71]
[257 -28 74]
[258 -70 68]
[258 -69 67]
[258 -70 67]
[258 -70 69]
[258 14 -31]
[258 -42 69]
[258 -54 -50]
[258 -65 87]
[258 -53 67]
[258 -67 87]
[258 1 45]
[258 -51 65]
[258 -64 91]
[258 -30 70]
[258 -68 79]
[258 -46 64]
[258 -70 70]
[258 -70 79]
[258 -69 66]
[258 -71 72]
[258 -71 74]
[258 -71 73]
[258 -67 80]
[258 10 -40]
[258 -71 75]
[258 -69 75]
[258 -59 -48]
[258 -1 38]
[258 -42 67]
[258 -71 71]
[258 -70 72]
[259 -70 66]
[259 -66 84]
[259 13 -32]
[259 -38 70]
[259 -19 72]
[259 -57 -48]
[259 -69 80]
[259 -71 67]
[259 -71 66]
[259 -71 69]
[259 -72 73]
[259 -71 68]
[259 -71 70]
[259 0 38]
[259 -70 74]
[259 -72 75]
[259 -72 76]
[259 -67 90]
[259 -66 90]
[259 12 -41]
[259 -29 74]
[259 -72 71]
[259 -72 70]
[259 2 45]
[259 -41 64]
[259 -42 66]
[259 -68 86]
[259 -68 88]
[260 -69 85]
[260 -67 89]
[260 -72 69]
[260 -72 68]
[260 -43 69]
[260 -67 86]
[260 -67 88]
[260 -72 72]
[260 -49 65]
[260 -73 74]
[260 -46 63]
[260 -41 65]
[260 -68 81]
[260 -71 65]
[260 -68 89]
[260 -72 66]
[260 -72 67]
[260 -29 69]
[260 27 -35]
[260 12 -34]
[260 -68 91]
[260 -73 72]
[260 -72 65]
[260 -66 85]
[260 -73 69]
[260 -73 71]
[261 -42 65]
[261 -73 70]
[261 27 -36]
[261 -44 68]
[261 -73 65]
[261 -73 67]
[261 -73 66]
[261 -74 69]
[261 -74 68]
[261 -74 70]
[261 9 -40]
[261 -18 72]
[261 -72 64]
[261 -73 64]
[261 -38 74]
[261 -68 90]
[261 -73 68]
[261 -68 85]
[261 -47 62]
[261 -74 73]
[261 9 -42]
[261 -73 73]
[261 26 -37]
[261 -39 73]
[261 -69 84]
[262 -45 63]
[262 -45 62]
[262 -43 67]
[262 17 -44]
[262 -74 65]
[262 -74 64]
[262 12 -42]
[262 -74 67]
[262 -75 70]
[262 -75 69]
[262 -75 68]
[262 9 -41]
[262 -68 83]
[262 -43 65]
[262 -43 64]
[262 -74 74]
[262 -75 74]
[262 -75 73]
[262 -74 72]
[262 -75 72]
[262 -55 -52]
[262 8 -40]
[262 -37 67]
[262 8 -43]
[262 11 -34]
[262 -73 76]
[262 -67 84]
[262 -74 71]
[262 -75 67]
[262 -74 66]
[262 -74 63]
[262 -58 -49]
[262 -29 70]
[263 -69 86]
[263 7 -39]
[263 7 -40]
[263 -75 63]
[263 -75 65]
[263 -46 61]
[263 -76 68]
[263 -76 69]
[263 -69 82]
[263 -76 74]
[263 -76 73]
[263 -74 77]
[263 -76 66]
[263 -75 66]
[263 -75 64]
[263 -75 75]
[263 -1 37]
[263 -43 66]
[263 -72 77]
[263 -42 68]
[264 -76 67]
[264 -70 83]
[264 -36 67]
[264 15 -43]
[264 -46 62]
[264 -28 69]
[264 8 -41]
[264 7 -41]
[264 -77 68]
[264 -1 36]
[264 -74 76]
[264 -70 82]
[264 -76 72]
[264 -76 63]
[264 -76 70]
[264 -38 72]
[264 9 -39]
[264 -75 77]
[264 -42 64]
[264 -77 67]
[264 -76 65]
[264 -77 65]
[264 13 -31]
[264 -69 81]
[264 11 -35]
[264 -76 64]
[264 -45 64]
[265 16 -44]
[265 16 -45]
[265 -44 65]
[265 -76 62]
[265 -44 63]
[265 -77 75]
[265 -77 74]
[265 -75 76]
[265 -76 76]
[265 -75 78]
[265 -78 64]
[265 -77 66]
[265 -77 64]
[265 -35 68]
[265 -77 63]
[265 -77 62]
[265 -71 83]
[265 -38 73]
[265 -77 69]
[265 -78 68]
[265 -78 66]
[265 -78 67]
[265 12 -32]
[265 -2 36]
[265 28 -35]
[265 -73 77]
[266 -77 61]
[266 17 -45]
[266 -78 63]
[266 -79 63]
[266 -79 65]
[266 -44 64]
[266 -2 35]
[266 -78 65]
[266 10 -35]
[266 -77 76]
[266 -77 77]
[266 -36 68]
[266 -76 77]
[266 -78 62]
[266 -54 -52]
[266 -78 69]
[266 -27 69]
[266 -47 61]
[266 -72 84]
[266 7 -42]
[266 -48 62]
[267 8 -42]
[267 -43 63]
[267 -48 61]
[267 -49 62]
[267 -79 69]
[267 6 -43]
[267 -78 76]
[267 -78 77]
[267 -78 78]
[267 -78 74]
[267 -37 74]
[267 -76 75]
[267 -79 64]
[267 -80 62]
[267 -80 63]
[267 -80 64]
[267 -30 69]
[267 -76 79]
[267 -78 61]
[268 -79 62]
[268 7 -43]
[268 -30 74]
[268 6 -42]
[268 -78 73]
[268 -79 79]
[268 -81 64]
[268 -80 65]
[268 -80 66]
[268 12 -31]
[268 -79 76]
[268 -78 70]
[268 -79 68]
[268 -81 62]
[268 14 -44]
[268 -77 78]
[268 -77 80]
[268 -79 61]
[269 -81 63]
[269 -76 80]
[269 -82 65]
[269 -79 78]
[269 -78 79]
[269 -79 71]
[269 6 -40]
[269 -31 74]
[269 -76 81]
[269 -77 81]
[269 -72 78]
[269 6 -44]
[269 15 -45]
[269 13 -45]
[269 -78 72]
[269 -80 79]
[269 -78 80]
[269 -79 80]
[269 -79 60]
[270 -78 75]
[270 -81 65]
[270 -75 80]
[270 -79 72]
[270 -80 81]
[270 -77 82]
[270 -78 82]
[270 -76 82]
[270 -80 80]
[270 -77 79]
[270 14 -46]
[270 -79 75]
[270 -80 71]
[270 -81 67]
[270 -83 66]
[270 28 -34]
[270 16 -46]
[270 -71 84]
[270 -80 78]
[270 -35 69]
[270 -81 80]
[270 -80 67]
[270 -80 69]
[270 -78 71]
[270 -72 83]
[270 -82 62]
[271 -81 81]
[271 -79 82]
[271 -80 76]
[271 -82 66]
[271 -77 83]
[271 -79 73]
[271 -32 74]
[271 6 -41]
[271 -34 68]
[271 -81 66]
[271 11 -30]
[271 -78 59]
[271 -82 80]
[271 -83 62]
[271 -81 78]
[271 29 -34]
[272 -80 83]
[272 -81 77]
[272 -76 83]
[272 -81 69]
[272 -34 67]
[272 -82 67]
[272 -83 67]
[272 -80 60]
[272 14 -47]
[272 -78 58]
[272 -84 62]
[272 -80 74]
[272 -82 82]
[273 -80 82]
[273 -79 59]
[273 -83 83]
[273 13 -46]
[273 -82 70]
[273 -74 80]
[273 -82 78]
[273 -83 68]
[273 -50 61]
[273 5 -42]
[273 14 -45]
[273 -82 81]
[274 -82 69]
[274 -79 57]
[274 -72 79]
[274 -73 78]
[274 -75 83]
[274 13 -47]
[274 -81 83]
[274 -85 62]
[274 13 -48]
[274 -84 68]
[274 -83 78]
[274 -80 73]
[274 -72 82]
[274 -50 60]
[274 -51 60]
[274 15 -47]
[274 -83 81]
[274 15 -44]
[274 -82 83]
[274 -80 72]
[274 7 -44]
[274 -81 74]
[275 -79 83]
[275 -83 82]
[275 -86 62]
[275 -82 71]
[275 -82 73]
[275 -84 79]
[275 -84 78]
[275 -84 83]
[275 -72 80]
[275 -72 81]
[275 -73 81]
[275 -81 71]
[275 -81 75]
[275 -49 61]
[276 -74 82]
[276 -84 82]
[276 -82 75]
[276 15 -46]
[276 -87 62]
[276 -84 77]
[276 -83 79]
[276 -73 83]
[276 -84 81]
[276 -84 80]
[276 -73 80]
[276 -81 70]
[276 -73 82]
[276 5 -44]
[277 -85 83]
[277 -88 61]
[277 -83 74]
[277 5 -41]
[277 -83 72]
[277 -36 69]
[277 -51 61]
[277 -50 62]
[277 12 -49]
[277 12 -48]
[277 -73 79]
[277 -85 82]
[277 -78 57]
[277 -37 68]
[278 -81 72]
[278 -85 80]
[278 -86 81]
[278 -87 61]
[278 -84 73]
[278 -84 71]
[278 -85 76]
[278 -83 70]
[278 -47 63]
[278 13 -30]
[278 -83 75]
[278 -84 74]
[279 -85 71]
[279 -85 70]
[279 -85 72]
[279 29 -33]
[279 -52 60]
[279 -84 76]
[279 -86 79]
[279 -86 80]
[279 -87 80]
[279 -85 77]
[279 -85 75]
[279 -86 83]
[280 -49 60]
[280 4 -42]
[280 -78 56]
[280 11 -49]
[280 -87 79]
[280 -88 79]
[280 -87 83]
[280 -86 78]
[280 -86 77]
[280 14 -29]
[281 4 -43]
[281 3 -43]
[281 -87 81]
[281 -74 79]
[281 -89 78]
[281 -89 79]
[281 -86 70]
[281 -86 69]
[281 -88 82]
[281 -86 73]
[281 -86 75]
[281 -88 78]
[281 -87 77]
[282 11 -31]
[282 -33 74]
[282 -89 77]
[282 -87 78]
[282 -86 74]
[282 -87 70]
[282 -89 82]
[282 -89 80]
[282 -79 58]
[283 12 -30]
[283 -89 81]
[283 4 -45]
[283 -88 71]
[283 -77 56]
[283 -87 75]
[283 -90 77]
[283 10 -50]
[283 11 -50]
[283 -84 69]
[283 -87 71]
[283 -87 69]
[284 10 -51]
[284 -88 76]
[284 -88 72]
[284 -91 77]
[284 -89 76]
[284 4 -44]
[284 -85 69]
[284 3 -46]
[285 -86 68]
[285 -88 75]
[285 -92 76]
[285 -90 76]
[285 -87 68]
[285 -88 69]
[285 -89 71]
[285 -87 72]
[285 3 -47]
[285 3 -45]
[285 -89 70]
[286 -52 61]
[286 2 -48]
[286 -90 82]
[286 -90 75]
[286 -91 76]
[286 -92 77]
[286 -90 70]
[286 -89 69]
[286 3 -44]
[287 -90 69]
[287 -84 70]
[287 -91 75]
[287 -92 75]
[287 -90 72]
[287 1 -49]
[287 -88 68]
[287 2 -45]
[287 -93 78]
[288 -91 71]
[288 3 -48]
[288 -91 82]
[288 -92 74]
[288 2 -44]
[288 -94 78]
[288 2 -42]
[289 -93 73]
[289 -93 75]
[289 -91 81]
[289 -95 78]
[289 -94 79]
[289 -88 67]
[289 29 -32]
[289 -77 55]
[289 -89 73]
[289 -94 77]
[289 -93 79]
[289 -91 72]
[289 -92 72]
[290 -92 82]
[290 -92 80]
[290 -91 80]
[290 -92 79]
[290 -92 71]
[290 -89 66]
[290 -94 74]
[290 -94 76]
[290 -94 75]
[290 -95 80]
[290 -96 79]
[290 -92 73]
[290 -93 72]
[290 -94 80]
[290 -95 76]
[291 -94 81]
[291 -93 80]
[291 -94 73]
[291 -96 80]
[291 -96 78]
[291 -95 74]
[291 -95 75]
[291 -96 75]
[291 2 -49]
[291 -89 67]
[291 -93 70]
[291 -34 73]
[292 0 -50]
[292 13 -29]
[292 -96 73]
[292 -96 74]
[292 -97 75]
[292 -94 71]
[292 -97 80]
[292 -95 82]
[292 1 -43]
[292 -96 76]
[292 -90 66]
[292 -97 79]
[292 -97 81]
[292 3 -42]
[293 13 -28]
[293 -97 76]
[293 -95 70]
[293 -94 82]
[293 -98 81]
[293 -97 82]
[293 -97 73]
[293 -98 80]
[293 -76 56]
[293 -76 55]
[293 -76 57]
[293 -97 74]
[293 -98 75]
[293 -93 82]
[294 1 -46]
[294 -95 72]
[294 -98 76]
[294 -96 71]
[294 -96 70]
[294 -96 82]
[294 -95 83]
[294 -99 80]
[294 -99 82]
[294 -96 72]
[294 -90 74]
[294 -75 56]
[295 -98 78]
[295 -95 71]
[295 -99 81]
[295 1 -50]
[295 0 -49]
[295 -98 83]
[295 -1 -51]
[295 -100 81]
[295 -99 74]
[295 -91 65]
[295 -95 84]
[295 -97 70]
[295 0 -47]
[295 9 -51]
[295 -98 73]
[295 -98 77]
[296 0 -51]
[296 -97 77]
[296 -99 73]
[296 -91 66]
[296 -99 83]
[296 -100 75]
[296 -100 73]
[296 -100 74]
[297 30 -32]
[297 -100 83]
[297 -101 76]
[297 -100 72]
[297 -101 73]
[297 -99 72]
[298 -101 80]
[298 -101 81]
[298 -35 73]
[298 -98 71]
[298 -102 75]
[298 -100 76]
[298 -102 77]
[298 -101 72]
[298 -100 71]
[298 -99 71]
[298 -100 79]
[298 -102 72]
[298 -102 73]
[298 -101 84]
[298 -99 78]
[298 -75 55]
[299 -100 84]
[299 -101 70]
[299 -2 -50]
[299 -101 79]
[299 -1 -49]
[299 -103 76]
[299 -101 78]
[299 -102 76]
[299 -100 77]
[299 -102 79]
[299 -102 83]
[299 0 -48]
[299 -101 75]
[300 -102 84]
[300 -103 71]
[300 -101 77]
[300 -91 64]
[300 -102 78]
[300 -103 78]
[300 -103 79]
[300 -100 78]
[300 -35 72]
[300 -75 54]
[300 -102 82]
[300 -102 81]
[300 -100 70]
[300 -2 -51]
[300 -92 67]
[300 -98 69]
[301 -102 71]
[301 -100 69]
[301 -101 69]
[301 -103 82]
[301 -99 70]
[301 -99 69]
[301 -97 68]
[301 -98 68]
[301 -103 75]
[301 -104 76]
[301 -93 68]
[301 -104 79]
[301 -104 78]
[301 -103 81]
[301 -103 85]
[301 -103 84]
[302 -103 80]
[302 -98 67]
[302 -99 68]
[302 -104 77]
[302 -105 76]
[302 -105 75]
[302 -105 77]
[302 -1 -50]
[302 -104 75]
[302 -104 74]
[302 -102 70]
[302 -103 70]
[302 -2 -52]
[302 -101 68]
[302 9 -52]
[302 10 -52]
[302 -104 86]
[302 -104 84]
[302 -104 83]
[302 -102 69]
[303 -104 81]
[303 -104 82]
[303 -105 85]
[303 -104 85]
[303 -1 -48]
[303 -105 84]
[303 -105 83]
[303 -104 69]
[303 -104 73]
[303 -97 66]
[303 -99 66]
[303 -3 -52]
[303 -2 -53]
[303 0 -46]
[304 -105 80]
[304 -105 81]
[304 -105 82]
[304 -105 72]
[304 -105 73]
[304 -106 74]
[304 -105 74]
[304 -98 65]
[304 -1 -54]
[304 -2 -49]
[304 -101 67]
[304 -106 84]
[304 -94 68]
[304 -103 68]
[305 -106 73]
[305 -106 77]
[305 8 -52]
[305 -106 72]
[305 -94 67]
[305 -107 85]
[305 -107 75]
[305 -98 64]
[305 -97 64]
[305 -97 65]
[305 -100 65]
[306 -1 -53]
[306 -99 65]
[306 -107 72]
[306 -96 66]
[306 -108 74]
[306 -108 76]
[306 1 -45]
[306 0 -45]
[306 -96 64]
[306 -97 63]
[306 -107 71]
[306 -94 66]
[306 -35 71]
[306 -108 84]
[307 -106 71]
[307 -3 -54]
[307 -99 64]
[307 -98 63]
[307 -96 63]
[307 -104 68]
[307 -106 78]
[307 -107 73]
[307 -108 72]
[307 -99 63]
[307 -108 85]
[307 -109 77]
[307 -107 76]
[307 -109 75]
[308 -110 77]
[308 -96 62]
[308 -97 62]
[308 -108 77]
[308 -100 63]
[308 -100 62]
[308 -108 73]
[308 -4 -53]
[308 7 -53]
[308 -109 85]
[308 -109 86]
[308 -108 86]
[308 -110 75]
[308 -110 74]
[308 -110 76]
[308 -109 73]
[308 -74 54]
[309 -91 63]
[309 -111 77]
[309 -109 84]
[309 -111 73]
[309 -110 73]
[309 -111 75]
[309 -99 61]
[309 -108 78]
[309 -111 74]
[309 -110 86]
[309 -110 87]
[309 -99 62]
[310 -107 79]
[310 -106 70]
[310 -95 63]
[310 -97 61]
[310 -109 87]
[310 -110 72]
[310 -111 88]
[310 -110 85]
[310 -100 60]
[310 -112 75]
[311 -110 88]
[311 -112 74]
[311 6 -54]
[311 -98 61]
[311 -110 83]
[311 -110 84]
[311 -112 76]
[311 -3 -53]
[311 -111 86]
[311 -99 60]
[312 -100 59]
[312 -113 75]
[312 -112 77]
[312 -98 59]
[312 -109 79]
[312 -109 82]
[313 -111 87]
[313 -101 58]
[313 -99 58]
[313 -4 -54]
[313 -109 81]
[313 -108 81]
[313 -108 88]
[313 -98 58]
[313 -97 59]
[313 -34 70]
[314 -99 57]
[314 0 -54]
[314 -107 80]
[314 -98 57]
[314 -5 -55]
[314 -101 57]
[314 -102 59]
[314 -100 58]
[314 -94 64]
[314 -97 58]
[314 -108 89]
[314 -107 81]
[314 -110 80]
[314 -109 80]
[314 -101 60]
[314 -1 -46]
[314 -5 -54]
[315 -111 79]
[315 -111 80]
[315 -100 56]
[315 -102 57]
[315 -101 56]
[315 -73 54]
[315 -96 58]
[315 -35 70]
[315 -102 58]
[315 -107 82]
[316 -102 55]
[316 -100 55]
[316 -108 90]
[316 -107 88]
[316 -103 57]
[316 -103 58]
[316 -103 56]
[316 5 -53]
[316 -94 62]
[316 -99 56]
[316 -101 55]
[316 -96 59]
[316 -112 80]
[316 0 -53]
[317 -108 91]
[317 4 -53]
[317 -34 69]
[317 -95 57]
[317 -94 61]
[317 -93 61]
[317 -95 60]
[317 -98 55]
[317 -99 55]
[317 -100 54]
[317 5 -55]
[318 -93 62]
[318 -93 60]
[318 -99 54]
[318 -98 54]
[318 -95 59]
[318 -103 54]
[318 -101 54]
[318 -97 56]
[318 -104 57]
[318 -94 60]
[318 5 -54]
[318 -95 58]
[318 -73 53]
[318 -1 -47]
[318 -107 91]
[318 -107 92]
[318 -106 88]
[318 -103 55]
[319 -109 91]
[319 -96 55]
[319 -97 53]
[319 -101 53]
[319 -102 53]
[319 -93 59]
[319 -6 -55]
[319 -108 93]
[319 -104 55]
[319 -97 55]
[319 -94 59]
[319 -94 57]
[319 -94 58]
[320 -93 57]
[320 -97 52]
[320 -104 54]
[320 -101 52]
[320 -102 52]
[320 -105 89]
[320 -92 59]
[320 -92 58]
[320 -96 54]
[320 -108 94]
[320 6 -53]
[320 -105 56]
[320 -103 52]
[321 -95 54]
[321 -95 55]
[321 -91 58]
[321 -102 51]
[321 -96 51]
[321 -98 53]
[321 -104 59]
[321 -93 56]
[321 -100 51]
[321 -93 58]
[321 -104 53]
[321 4 -55]
[321 -5 -56]
[321 -101 51]
[321 -104 90]
[321 -95 53]
[321 -96 53]
[322 -100 52]
[322 -105 58]
[322 -91 57]
[322 -104 52]
[322 -92 56]
[322 -72 53]
[322 -103 50]
[322 -99 52]
[322 -99 50]
[322 -101 50]
[322 -106 57]
[322 -106 56]
[323 -91 56]
[323 -101 49]
[323 -105 53]
[323 -96 50]
[323 -97 50]
[323 -103 49]
[323 -107 55]
[323 -107 57]
[323 -92 57]
[323 -104 91]
[323 -102 50]
[323 -90 58]
[323 -99 51]
[323 3 -56]
[323 -99 49]
[323 -92 55]
[323 -91 55]
[324 -106 58]
[324 -105 51]
[324 -104 51]
[324 -92 54]
[324 -91 54]
[324 -93 54]
[324 -105 91]
[324 -108 57]
[324 2 -57]
[324 -103 48]
[324 -105 57]
[324 -106 55]
[324 -105 59]
[324 -97 49]
[324 -94 55]
[324 -98 48]
[325 -104 92]
[325 -105 52]
[325 -109 58]
[325 -107 95]
[325 -98 50]
[325 -108 54]
[325 -98 49]
[325 -90 56]
[325 -90 54]
[325 -97 48]
[325 -97 47]
[325 -71 52]
[325 -106 51]
[325 -102 48]
[325 -96 49]
[325 -105 60]
[325 3 -55]
[325 -100 48]
[325 -90 55]
[325 -106 60]
[325 -107 58]
[326 -106 61]
[326 -106 53]
[326 -107 59]
[326 -104 47]
[326 -103 47]
[326 -109 54]
[326 -109 53]
[326 -106 50]
[326 -89 54]
[326 2 -56]
[326 -89 55]
[326 -107 52]
[326 -105 50]
[326 -101 47]
[326 -102 47]
[326 -99 47]
[326 -105 92]
[326 -105 93]
[326 -97 46]
[326 -96 47]
[327 -101 48]
[327 -98 47]
[327 1 -57]
[327 -100 46]
[327 -100 47]
[327 -109 52]
[327 -109 57]
[327 -110 57]
[327 -107 61]
[327 -105 61]
[327 -90 53]
[327 -104 48]
[327 -105 48]
[327 -108 51]
[327 -107 51]
[327 -103 93]
[327 -106 95]
[327 -98 45]
[327 -102 46]
[328 -108 61]
[328 -106 62]
[328 -98 46]
[328 -110 53]
[328 -99 46]
[328 -107 49]
[328 -109 56]
[328 -104 61]
[328 -104 46]
[328 -103 94]
[328 -104 94]
[328 -106 49]
[328 1 -58]
[328 -105 47]
[328 -89 53]
[328 -88 53]
[328 -101 46]
[328 -2 -48]
[328 -100 45]
[328 -99 45]
[328 -99 44]
[328 -97 45]
[328 -98 44]
[328 -105 46]
[328 -109 51]
[328 -110 51]
[328 -107 53]
[328 -7 -55]
[329 -110 58]
[329 -111 54]
[329 -97 44]
[329 -107 48]
[329 -101 45]
[329 -107 96]
[329 -103 95]
[329 -100 44]
[329 -107 62]
[329 -109 61]
[329 -109 55]
[329 -3 -48]
[329 -105 63]
[329 -109 50]
[329 -106 46]
[329 -105 45]
[329 0 -58]
[329 -110 52]
[329 -103 61]
[329 -110 55]
[330 -105 62]
[330 -104 62]
[330 -87 54]
[330 -89 52]
[330 -97 43]
[330 -102 62]
[330 -111 55]
[330 -105 44]
[330 -106 45]
[330 -104 45]
[330 -99 43]
[330 -1 -58]
[330 -1 -59]
[330 -88 54]
[330 -102 95]
[330 -111 57]
[331 -104 96]
[331 -101 96]
[331 -102 44]
[331 -86 53]
[331 -108 48]
[331 -100 42]
[331 -99 42]
[331 -105 43]
[331 -104 44]
[331 -104 43]
[331 -2 -60]
[331 -110 60]
[331 -95 47]
[331 -104 63]
[331 -110 50]
[331 -111 51]
[331 -96 42]
[331 -104 95]
[331 -101 43]
[331 -107 45]
[331 -103 62]
[332 -102 96]
[332 -101 41]
[332 -89 51]
[332 -108 45]
[332 -109 59]
[332 -3 -61]
[332 -102 63]
[332 -107 46]
[332 -88 52]
[332 -101 44]
[332 -89 58]
[332 -111 53]
[332 -85 54]
[332 -101 97]
[332 -100 41]
[332 -103 43]
[332 -104 42]
[333 -109 47]
[333 -100 40]
[333 -101 40]
[333 -101 42]
[333 -103 42]
[333 -103 97]
[333 -107 97]
[333 -105 42]
[333 -6 -54]
[333 -88 51]
[333 -99 40]
[333 -105 97]
[333 -102 97]
[333 -85 53]
[333 -87 51]
[333 -106 42]
[334 -98 41]
[334 -110 47]
[334 -106 97]
[334 -112 52]
[334 -109 44]
[334 -102 39]
[334 -100 39]
[334 -100 97]
[334 -86 52]
[334 -84 53]
[334 -84 52]
[334 -88 50]
[334 -106 41]
[334 -107 43]
[334 -103 41]
[334 -108 44]
[334 -89 56]
[334 -95 43]
[334 -4 -61]
[334 -103 98]
[335 -104 40]
[335 -103 40]
[335 -97 40]
[335 -98 40]
[335 -105 98]
[335 -108 43]
[335 -104 98]
[335 -109 46]
[335 -108 46]
[335 -105 40]
[335 -102 41]
[335 -94 43]
[335 -94 44]
[335 -89 50]
[335 -89 57]
[335 -103 99]
[335 -111 46]
[335 -101 38]
[336 -104 39]
[336 -106 39]
[336 -106 40]
[336 -107 40]
[336 -86 55]
[336 -85 55]
[336 -99 98]
[336 -101 98]
[336 -112 45]
[336 -112 46]
[336 -102 100]
[336 -103 100]
[336 -103 39]
[336 -95 44]
[336 -93 43]
[336 -4 -60]
[336 -110 44]
[336 -100 37]
[336 -102 37]
[336 -99 38]
[336 -100 38]
[336 -98 39]
[336 -97 39]
[337 -109 43]
[337 -92 42]
[337 -106 38]
[337 -105 38]
[337 -99 36]
[337 -99 37]
[337 -100 36]
[337 -101 37]
[337 -107 39]
[337 -108 39]
[337 -108 42]
[337 -98 98]
[337 -98 99]
[337 -99 97]
[337 -98 37]
[337 -101 36]
[337 -101 99]
[337 -85 52]
[337 -111 48]
[337 -88 49]
[337 -104 100]
[337 -104 101]
[337 -97 38]
[337 -85 56]
[337 -88 55]
[337 -2 -59]
[337 -86 54]
[338 -97 99]
[338 -98 38]
[338 -110 43]
[338 -97 36]
[338 -97 37]
[338 -98 36]
[338 -100 98]
[338 -3 -60]
[338 -110 42]
[338 -107 38]
[338 -108 41]
[338 -106 37]
[338 -102 35]
[338 -100 35]
[338 -101 35]
[338 -105 37]
[338 -104 37]
[338 -8 -56]
[338 -86 56]
[338 -98 35]
[338 -105 101]
[338 -112 44]
[338 -109 42]
[338 -99 35]
[338 -92 43]
[338 -102 101]
[339 -97 35]
[339 -98 34]
[339 -8 -55]
[339 -108 40]
[339 -103 34]
[339 -109 41]
[339 -111 41]
[339 -101 100]
[339 -107 37]
[339 -102 34]
[339 -101 34]
[339 -91 42]
[339 -105 100]
[339 -104 102]
[339 -86 57]
[339 -5 -59]
[339 -112 48]
[339 -104 36]
[339 -97 100]
[339 -86 51]
[339 -99 34]
[339 -111 42]
[339 -105 36]
[339 -109 39]
[339 -109 38]
[340 -108 37]
[340 -100 34]
[340 -110 40]
[340 -112 40]
[340 -103 102]
[340 -110 39]
[340 -87 57]
[340 -108 38]
[340 -99 33]
[340 -98 33]
[340 -109 37]
[340 -85 50]
[340 -106 35]
[340 -103 35]
[340 -100 33]
[340 -102 33]
[340 -101 33]
[340 -100 100]
[340 -106 100]
[340 -5 -61]
[340 -87 55]
[340 -104 35]
[340 -103 33]
[340 -104 33]
[340 -104 34]
[340 -113 44]
[340 -103 36]
[341 -104 103]
[341 -103 103]
[341 -113 41]
[341 -111 39]
[341 -106 101]
[341 -87 49]
[341 -114 44]
[341 -114 45]
[341 -108 36]
[341 -98 32]
[341 -99 32]
[341 -100 32]
[341 -101 32]
[341 -113 47]
[341 -6 -60]
[341 -111 38]
[341 -113 43]
[341 -102 32]
[341 -103 32]
[341 -87 50]
[341 -97 101]
[341 -112 41]
[341 -104 32]
[341 -105 33]
[342 -113 40]
[342 -5 -60]
[342 -6 -59]
[342 -112 38]
[342 -112 39]
[342 -107 35]
[342 -99 31]
[342 -88 48]
[342 -87 48]
[342 -5 -62]
[342 -114 43]
[342 -103 31]
[342 -90 42]
[342 -114 41]
[342 -85 51]
[342 -109 36]
[342 -105 32]
[342 -106 32]
[342 -102 31]
[342 -101 31]
[342 -100 31]
[342 -98 31]
[342 -113 48]
[342 -104 31]
[342 -110 37]
[343 -115 43]
[343 -115 42]
[343 -107 32]
[343 -114 39]
[343 -102 30]
[343 -99 30]
[343 -99 101]
[343 -108 35]
[343 -110 36]
[343 -6 -62]
[343 -103 30]
[343 -104 30]
[343 -98 30]
[343 -113 39]
[343 -112 37]
[343 -113 38]
[343 -109 35]
[343 -113 42]
[343 -100 30]
[343 -101 30]
[344 -107 33]
[344 -106 31]
[344 -87 47]
[344 -114 38]
[344 -98 29]
[344 -108 34]
[344 -89 41]
[344 -89 42]
[344 -111 35]
[344 -115 40]
[344 -101 29]
[344 -102 29]
[344 -103 29]
[344 -111 36]
[344 -84 50]
[344 -115 38]
[344 -104 29]
[344 -100 29]
[344 -99 29]
[344 -105 29]
[344 -108 31]
[345 -106 33]
[345 -111 34]
[345 -112 34]
[345 -112 35]
[345 -103 28]
[345 -101 28]
[345 -110 35]
[345 -9 -56]
[345 -105 102]
[345 -99 28]
[345 -107 31]
[345 -102 28]
[345 -104 28]
[345 -100 28]
[345 -108 33]
[345 -109 33]
[345 -115 39]
[345 -98 28]
[345 -114 37]
[345 -105 28]
[346 -100 27]
[346 -116 38]
[346 -108 32]
[346 -7 -63]
[346 -106 30]
[346 -106 27]
[346 -104 27]
[346 -105 27]
[346 -109 31]
[346 -109 30]
[346 -102 27]
[346 -101 27]
[346 -113 34]
[346 -113 36]
[346 -6 -63]
[346 -106 29]
[346 -113 33]
[346 -112 33]
[346 -103 27]
[346 -115 36]
[346 -88 46]
[347 -88 47]
[347 -103 26]
[347 -102 26]
[347 -86 47]
[347 -105 26]
[347 -114 36]
[347 -114 35]
[347 -116 35]
[347 -101 26]
[347 -113 32]
[347 -111 32]
[347 -114 34]
[347 -107 29]
[347 -104 26]
[347 -106 26]
[347 -110 30]
[347 -99 26]
[347 -100 26]
[347 -114 33]
[348 -115 33]
[348 -113 31]
[348 -114 31]
[348 -107 25]
[348 -99 25]
[348 -113 49]
[348 -115 35]
[348 -116 36]
[348 -115 34]
[348 -117 37]
[348 -102 25]
[348 -103 25]
[348 -108 29]
[348 -101 25]
[348 -117 34]
[348 -111 30]
[348 -104 25]
[348 -105 25]
[348 -84 49]
[348 -112 31]
[348 -111 31]
[348 -110 31]
[349 -116 40]
[349 -113 35]
[349 -8 -63]
[349 -103 24]
[349 -101 24]
[349 -102 24]
[349 -115 30]
[349 -100 25]
[349 -108 28]
[349 -116 34]
[349 -106 25]
[349 -104 24]
[349 -100 24]
[349 -108 25]
[349 -107 24]
[349 -106 24]
[349 -105 24]
[349 -112 29]
[349 -111 29]
[349 -99 24]
[349 -117 36]
[349 -113 30]
[349 -118 33]
[349 -118 36]
[349 -98 25]
[350 -107 28]
[350 -102 23]
[350 -104 23]
[350 -108 24]
[350 -102 104]
[350 -107 23]
[350 -117 40]
[350 -116 29]
[350 -108 26]
[350 -109 24]
[350 -109 25]
[350 -112 28]
[350 -113 29]
[350 -103 23]
[350 -101 23]
[350 -106 23]
[350 -105 23]
[350 -99 23]
[350 -100 23]
[350 -116 33]
[350 -98 23]
[350 -118 37]
[350 -118 34]
[350 -117 33]
[350 -109 29]
[351 -118 40]
[351 -102 22]
[351 -103 22]
[351 -104 22]
[351 -98 24]
[351 -113 27]
[351 -113 28]
[351 -111 27]
[351 -100 22]
[351 -117 41]
[351 -117 32]
[351 -119 32]
[351 -105 22]
[351 -110 24]
[351 -109 23]
[351 -114 29]
[351 -101 22]
[351 -115 29]
[351 -115 31]
[351 -108 27]
[351 -107 22]
[351 -108 23]
[351 -108 22]
[351 -118 35]
[351 -102 103]
[351 -101 104]
[351 -101 103]
[351 -117 30]
[351 -117 28]
[351 -97 25]
[352 -108 21]
[352 -107 21]
[352 -114 27]
[352 -87 46]
[352 -118 32]
[352 -109 22]
[352 -109 21]
[352 -97 23]
[352 -97 24]
[352 -115 28]
[352 -114 28]
[352 -116 32]
[352 -101 21]
[352 -88 45]
[352 -110 23]
[352 -117 29]
[352 -118 29]
[352 -116 27]
[352 -110 22]
[352 -10 -57]
[352 -103 21]
[352 -111 23]
[352 -111 24]
[352 -118 39]
[352 -84 48]
[352 -100 103]
[352 -112 27]
[352 -113 26]
[352 -112 26]
[352 -119 31]
[352 -120 32]
[352 -118 31]
[352 -117 31]
[353 -117 27]
[353 -117 26]
[353 -115 26]
[353 -115 27]
[353 -109 20]
[353 -107 20]
[353 -114 26]
[353 -110 21]
[353 -119 30]
[353 -118 30]
[353 -104 21]
[353 -120 33]
[353 -112 23]
[353 -112 22]
[353 -118 27]
[353 -112 25]
[353 -119 40]
[353 -111 22]
[353 -108 20]
[353 -96 24]
[353 -97 22]
[353 -101 20]
[353 -100 20]
[353 -110 20]
[353 -96 23]
[353 -121 32]
[354 -106 19]
[354 -107 19]
[354 -115 25]
[354 -87 45]
[354 -112 21]
[354 -111 21]
[354 -118 25]
[354 -122 31]
[354 -120 31]
[354 -110 19]
[354 -109 19]
[354 -96 22]
[354 -119 39]
[354 -119 38]
[354 -112 24]
[354 -111 20]
[354 -111 19]
[354 -83 48]
[354 -116 26]
[354 -116 25]
[354 -87 44]
[354 -101 19]
[354 -102 20]
[354 -96 25]
[354 -113 23]
[354 -113 21]
[354 -113 22]
[354 -105 20]
[354 -113 24]
[354 -104 20]
[354 -103 20]
[354 -95 22]
[354 -95 24]
[354 -95 23]
[354 -106 20]
[354 -103 104]
[355 -120 39]
[355 -121 34]
[355 -106 18]
[355 -105 19]
[355 -107 18]
[355 -100 19]
[355 -114 22]
[355 -118 28]
[355 -100 102]
[355 -83 47]
[355 -104 19]
[355 -101 18]
[355 -102 18]
[355 -121 33]
[355 -86 44]
[355 -86 45]
[355 -119 24]
[355 -119 25]
[355 -94 22]
[355 -116 24]
[355 -112 20]
[355 -113 20]
[355 -94 21]
[355 -117 24]
[355 -108 18]
[355 -120 37]
[355 -120 38]
[355 -123 31]
[355 -114 24]
[355 -103 19]
[355 -110 18]
[356 -109 17]
[356 -107 17]
[356 -106 17]
[356 -105 18]
[356 -105 17]
[356 -122 33]
[356 -122 34]
[356 -122 35]
[356 -117 23]
[356 -116 23]
[356 -115 23]
[356 -122 30]
[356 -120 23]
[356 -113 19]
[356 -120 40]
[356 -101 17]
[356 -100 18]
[356 -120 25]
[356 -103 17]
[356 -102 17]
[356 -123 32]
[356 -104 18]
[356 -114 21]
[356 -102 19]
[356 -108 17]
[356 -122 32]
[356 -93 22]
[356 -93 23]
[356 -94 24]
[356 -115 22]
[356 -85 44]
[356 -121 38]
[356 -112 18]
[356 -119 27]
[357 -116 22]
[357 -123 34]
[357 -103 18]
[357 -8 -64]
[357 -122 37]
[357 -121 39]
[357 -115 21]
[357 -120 22]
[357 -121 22]
[357 -106 16]
[357 -122 29]
[357 -100 16]
[357 -105 16]
[357 -107 16]
[357 -108 16]
[357 -104 16]
[357 -120 28]
[357 -114 20]
[357 -104 17]
[357 -124 31]
[357 -123 33]
[357 -121 35]
[357 -120 35]
[357 -110 17]
[357 -109 16]
[357 -110 16]
[357 -123 35]
[357 -122 36]
[357 -113 18]
[357 -121 25]
[358 -114 19]
[358 -123 28]
[358 -106 15]
[358 -105 15]
[358 -121 24]
[358 -121 26]
[358 -123 38]
[358 -121 36]
[358 -123 36]
[358 -122 38]
[358 -117 21]
[358 -116 21]
[358 -107 15]
[358 -99 102]
[358 -101 102]
[358 -102 16]
[358 -103 16]
[358 -115 20]
[358 -85 43]
[358 -104 105]
[358 -111 15]
[358 -120 34]
[358 -114 17]
[358 -120 26]
[358 -108 15]
[358 -109 15]
[358 -121 23]
[358 -113 17]
[358 -114 18]
[358 -100 15]
[358 -121 21]
[358 -122 21]
[358 -120 21]
[358 -119 21]
[358 -122 25]
[358 -110 15]
[358 -92 24]
[359 -122 23]
[359 -122 22]
[359 -106 14]
[359 -107 14]
[359 -108 14]
[359 -122 28]
[359 -118 20]
[359 -110 14]
[359 -109 14]
[359 -105 14]
[359 -115 19]
[359 -102 15]
[359 -114 16]
[359 -112 15]
[359 -101 15]
[359 -86 43]
[359 -123 37]
[359 -116 20]
[359 -92 21]
[359 -121 20]
[359 -122 20]
[359 -120 29]
[359 -111 16]
[359 -123 22]
[359 -122 24]
[359 -115 17]
[359 -115 16]
[360 -115 15]
[360 -112 14]
[360 -107 13]
[360 -106 13]
[360 -117 20]
[360 -115 18]
[360 -124 37]
[360 -103 15]
[360 -101 14]
[360 -121 28]
[360 -109 13]
[360 -108 13]
[360 -124 36]
[360 -105 13]
[360 -116 18]
[360 -116 19]
[360 -110 13]
[360 -123 24]
[360 -114 15]
[360 -87 43]
[360 -124 22]
[360 -124 23]
[360 -105 104]
[360 -93 24]
[360 -92 20]
[360 -121 27]
[360 -121 19]
[360 -116 16]
[360 -91 23]
[360 -92 23]
[360 -118 21]
[361 -105 103]
[361 -116 15]
[361 -125 36]
[361 -84 43]
[361 -104 104]
[361 -111 14]
[361 -103 14]
[361 -115 14]
[361 -109 12]
[361 -108 12]
[361 -107 12]
[361 -92 22]
[361 -102 14]
[361 -91 22]
[361 -112 16]
[361 -106 12]
[361 -117 19]
[361 -111 13]
[361 -123 19]
[361 -110 12]
[361 -117 15]
[361 -101 13]
[361 -125 30]
[361 -125 31]
[361 -92 19]
[362 -103 13]
[362 -112 13]
[362 -125 21]
[362 -125 22]
[362 -126 30]
[362 -106 11]
[362 -107 11]
[362 -108 11]
[362 -122 18]
[362 -118 19]
[362 -109 11]
[362 -105 105]
[362 -105 12]
[362 -117 14]
[362 -116 14]
[362 -117 17]
[362 -124 27]
[362 -123 18]
[362 -125 35]
[362 -124 25]
[362 -124 24]
[362 -114 13]
[362 -115 13]
[362 -124 21]
[362 -124 30]
[362 -126 29]
[362 -126 31]
[362 -123 26]
[362 -92 18]
[362 -91 18]
[362 -104 13]
[363 -116 13]
[363 -116 12]
[363 -115 12]
[363 -126 35]
[363 -126 36]
[363 -91 17]
[363 -90 17]
[363 -124 26]
[363 -125 25]
[363 -125 26]
[363 -124 20]
[363 -126 20]
[363 -104 11]
[363 -110 11]
[363 -121 17]
[363 -122 17]
[363 -123 17]
[363 -113 12]
[363 -124 28]
[363 -125 29]
[363 -125 28]
[363 -103 12]
[363 -106 106]
[363 -101 12]
[363 -126 32]
[363 -127 30]
[363 -127 32]
[363 -124 17]
[363 -126 22]
[363 -126 21]
[363 -9 -65]
[363 -105 10]
[363 -109 10]
[363 -99 14]
[363 -104 12]
[364 -125 34]
[364 -125 20]
[364 -92 17]
[364 -117 12]
[364 -115 11]
[364 -119 18]
[364 -125 27]
[364 -126 27]
[364 -126 28]
[364 -89 16]
[364 -91 16]
[364 -90 16]
[364 -128 31]
[364 -117 13]
[364 -106 104]
[364 -11 -57]
[364 -82 47]
[364 -82 46]
[364 -125 18]
[364 -123 16]
[364 -121 16]
[364 -125 19]
[364 -127 35]
[364 -10 -66]
[364 -127 21]
[364 -114 12]
[364 -114 11]
[364 -116 11]
[364 -106 9]
[364 -105 9]
[364 -104 10]
[364 -104 9]
[364 -120 18]
[364 -120 16]
[364 -126 26]
[364 -127 19]
[364 -128 29]
[364 -104 106]
[364 -103 10]
[365 -113 10]
[365 -113 11]
[365 -114 10]
[365 -93 19]
[365 -120 17]
[365 -89 15]
[365 -110 9]
[365 -103 9]
[365 -103 11]
[365 -127 27]
[365 -118 13]
[365 -105 8]
[365 -104 8]
[365 -106 8]
[365 -93 16]
[365 -126 19]
[365 -126 18]
[365 -128 20]
[365 -115 10]
[365 -116 10]
[365 -9 -64]
[365 -117 11]
[365 -118 11]
[365 -111 11]
[365 -127 28]
[365 -110 10]
[365 -117 10]
[365 -121 15]
[365 -119 15]
[365 -122 15]
[365 -127 20]
[365 -128 22]
[365 -129 32]
[365 -129 31]
[365 -128 30]
[365 -128 32]
[365 -127 23]
[365 -107 104]
[365 -98 15]
[365 -107 9]
[365 -89 17]
[365 -91 15]
[365 -127 22]
[365 -86 42]
[366 -120 15]
[366 -122 14]
[366 -112 9]
[366 -114 9]
[366 -130 30]
[366 -117 9]
[366 -115 9]
[366 -106 7]
[366 -107 7]
[366 -98 13]
[366 -116 9]
[366 -127 24]
[366 -119 10]
[366 -119 12]
[366 -105 7]
[366 -127 25]
[366 -112 10]
[366 -129 29]
[366 -89 18]
[366 -81 46]
[366 -128 33]
[366 -126 33]
[366 -127 18]
[366 -126 17]
[366 -90 14]
[366 -124 15]
[366 -123 15]
[366 -129 23]
[366 -91 24]
[366 -107 8]
[366 -127 34]
[366 -111 10]
[366 -130 32]
[366 -129 33]
[366 -92 14]
[366 -11 -58]
[366 -118 12]
[366 -119 14]
[366 -120 14]
[366 -118 10]
[366 -127 26]
[367 -118 9]
[367 -119 9]
[367 -12 -59]
[367 -12 -58]
[367 -119 13]
[367 -119 11]
[367 -93 15]
[367 -92 16]
[367 -104 7]
[367 -129 34]
[367 -121 14]
[367 -121 13]
[367 -116 8]
[367 -114 8]
[367 -115 8]
[367 -89 19]
[367 -88 19]
[367 -91 13]
[367 -127 16]
[367 -128 27]
[367 -113 8]
[367 -118 8]
[367 -117 8]
[367 -109 8]
[367 -128 34]
[367 -88 15]
[367 -128 18]
[367 -107 6]
[367 -106 6]
[367 -108 8]
[367 -131 29]
[367 -130 29]
[367 -128 26]
[367 -128 25]
[367 -129 20]
[367 -129 21]
[367 -129 19]
[367 -103 7]
[367 -127 17]
[367 -88 14]
[367 -98 14]
[367 -104 6]
[367 -87 42]
[367 -130 22]
[367 -129 22]
[368 -87 16]
[368 -128 17]
[368 -115 7]
[368 -113 7]
[368 -108 7]
[368 -108 6]
[368 -93 20]
[368 -130 21]
[368 -130 20]
[368 -97 14]
[368 -130 19]
[368 -93 18]
[368 -81 45]
[368 -93 14]
[368 -94 14]
[368 -126 16]
[368 -125 16]
[368 -128 15]
[368 -129 27]
[368 -131 30]
[368 -105 5]
[368 -104 5]
[368 -103 6]
[368 -130 31]
[368 -130 18]
[368 -110 7]
[368 -109 7]
[368 -119 8]
[368 -129 25]
[368 -128 24]
[368 -87 18]
[368 -118 7]
[368 -117 7]
[368 -106 5]
[368 -108 5]
[368 -93 13]
[368 -13 -59]
[368 -90 12]
[368 -129 24]
[368 -130 23]
[368 -114 7]
[368 -132 28]
[368 -120 10]
[368 -120 11]
[368 -107 5]
[368 -131 28]
[368 -92 15]
[368 -121 12]
[369 -121 11]
[369 -88 16]
[369 -86 17]
[369 -94 13]
[369 -95 14]
[369 -89 11]
[369 -91 11]
[369 -89 12]
[369 -90 11]
[369 -131 19]
[369 -131 20]
[369 -130 25]
[369 -97 15]
[369 -129 18]
[369 -109 6]
[369 -114 6]
[369 -113 6]
[369 -109 5]
[369 -129 26]
[369 -110 6]
[369 -83 43]
[369 -133 27]
[369 -133 28]
[369 -116 7]
[369 -104 4]
[369 -118 6]
[369 -130 27]
[369 -132 27]
[369 -94 12]
[369 -92 12]
[369 -119 6]
[369 -119 7]
[369 -96 13]
[369 -132 29]
[369 -103 5]
[369 -116 6]
[369 -115 6]
[369 -127 15]
[369 -131 24]
[369 -131 22]
[369 -112 6]
[370 -128 16]
[370 -91 10]
[370 -95 13]
[370 -117 6]
[370 -12 -60]
[370 -121 9]
[370 -87 41]
[370 -88 11]
[370 -115 5]
[370 -104 3]
[370 -93 11]
[370 -96 15]
[370 -96 14]
[370 -131 27]
[370 -111 5]
[370 -131 17]
[370 -131 26]
[370 -103 4]
[370 -91 12]
[370 -128 14]
[370 -132 23]
[370 -88 18]
[370 -11 -66]
[370 -132 18]
[370 -110 5]
[370 -109 4]
[370 -122 10]
[370 -125 15]
[370 -118 5]
[370 -116 5]
[370 -127 14]
[370 -87 13]
[370 -86 16]
[370 -85 17]
[370 -90 10]
[370 -132 21]
[371 -93 10]
[371 -110 4]
[371 -111 4]
[371 -112 5]
[371 -130 17]
[371 -133 18]
[371 -131 18]
[371 -87 12]
[371 -130 16]
[371 -120 7]
[371 -120 5]
[371 -132 26]
[371 -117 5]
[371 -111 6]
[371 -129 15]
[371 -129 14]
[371 -128 13]
[371 -125 14]
[371 -114 5]
[371 -113 5]
[371 -133 21]
[371 -123 11]
[371 -92 10]
[371 -92 11]
[371 -114 4]
[371 -132 22]
[371 -134 27]
[371 -133 26]
[371 -88 13]
[371 -131 25]
[371 -88 12]
[371 -87 10]
[371 -132 25]
[371 -14 -60]
[371 -84 16]
[371 -84 18]
[371 -84 17]
[371 -85 16]
[372 -133 23]
[372 -134 25]
[372 -112 3]
[372 -134 26]
[372 -132 17]
[372 -112 4]
[372 -92 13]
[372 -132 20]
[372 -133 24]
[372 -133 22]
[372 -15 -61]
[372 -124 12]
[372 -123 12]
[372 -133 19]
[372 -83 16]
[372 -129 12]
[372 -127 12]
[372 -129 13]
[372 -130 15]
[372 -12 -67]
[372 -131 15]
[372 -122 8]
[372 -130 13]
[372 -126 13]
[372 -87 9]
[372 -88 9]
[372 -13 -60]
[372 -131 16]
[372 -134 21]
[372 -133 20]
[372 -90 9]
[372 -91 9]
[372 -113 3]
[372 -113 4]
[372 -115 3]
[372 -123 9]
[372 -89 10]
[372 -13 -61]
[372 -117 4]
[372 -133 17]
[372 -134 18]
[372 -134 17]
[373 -121 5]
[373 -132 24]
[373 -122 12]
[373 -124 13]
[373 -113 2]
[373 -123 8]
[373 -88 8]
[373 -87 8]
[373 -89 8]
[373 -12 -66]
[373 -106 102]
[373 -122 7]
[373 -132 16]
[373 -93 12]
[373 -93 9]
[373 -132 15]
[373 -118 3]
[373 -116 3]
[373 -132 19]
[373 -126 12]
[373 -116 2]
[373 -115 2]
[373 -125 13]
[373 -123 10]
[373 -131 13]
[373 -130 12]
[373 -131 12]
[373 -131 14]
[373 -92 8]
[373 -130 11]
[373 -128 11]
[373 -128 12]
[373 -135 16]
[373 -133 16]
[373 -135 17]
[373 -134 23]
[373 -13 -68]
[373 -134 19]
[373 -135 19]
[373 -134 24]
[374 -125 11]
[374 -132 12]
[374 -132 11]
[374 -131 11]
[374 -127 11]
[374 -114 2]
[374 -136 18]
[374 -136 16]
[374 -136 17]
[374 -134 16]
[374 -89 9]
[374 -14 -61]
[374 -88 10]
[374 -130 10]
[374 -86 7]
[374 -135 18]
[374 -92 7]
[374 -122 4]
[374 -14 -62]
[374 -119 3]
[374 -127 10]
[374 -132 14]
[374 -123 6]
[374 -117 3]
[374 -117 2]
[374 -134 15]
[374 -133 15]
[374 -90 8]
[374 -135 22]
[374 -14 -69]
[374 -13 -66]
[375 -131 9]
[375 -135 14]
[375 -124 9]
[375 -123 5]
[375 -122 3]
[375 -123 3]
[375 -135 20]
[375 -133 12]
[375 -133 11]
[375 -132 13]
[375 -87 40]
[375 -125 10]
[375 -91 8]
[375 -122 6]
[375 -131 10]
[375 -91 6]
[375 -92 6]
[375 -13 -62]
[375 -120 2]
[375 -91 7]
[375 -117 1]
[375 -134 14]
[376 -124 6]
[376 -134 11]
[376 -124 8]
[376 -134 13]
[376 -133 10]
[376 -124 5]
[376 -122 5]
[376 -123 2]
[376 -135 13]
[376 -136 13]
[376 -92 5]
[376 -91 5]
[376 -14 -67]
[376 -90 5]
[376 -131 8]
[376 -128 9]
[376 -128 10]
[376 -121 2]
[376 -125 9]
[376 -125 8]
[376 -15 -62]
[376 -126 9]
[376 -130 9]
[376 -111 2]
[377 -93 5]
[377 -15 -63]
[377 -94 8]
[377 -112 1]
[377 -127 8]
[377 -129 9]
[377 -129 8]
[377 -134 12]
[377 -120 1]
[377 -124 4]
[377 -124 2]
[377 -92 4]
[377 -126 7]
[377 -126 8]
[377 -130 8]
[377 -122 1]
[377 -121 1]
[377 -124 1]
[377 -85 18]
[377 -125 5]
[377 -125 7]
[377 -125 6]
[377 -86 40]
[377 -89 6]
[377 -131 7]
[377 -15 -60]
[377 -88 17]
[378 -16 -61]
[378 -89 5]
[378 -124 3]
[378 -86 39]
[378 -125 0]
[378 -86 18]
[378 -123 1]
[378 -126 5]
[378 -132 9]
[378 -14 -63]
[378 -130 7]
[378 -135 12]
[378 -137 13]
[378 -121 0]
[378 -127 7]
[378 -135 11]
[378 -132 8]
[378 -131 6]
[378 -128 8]
[378 -126 4]
[378 -127 6]
[378 -126 6]
[378 -93 3]
[378 -132 7]
[378 -94 4]
[379 -94 6]
[379 -87 39]
[379 -112 2]
[379 -128 5]
[379 -15 -64]
[379 -132 6]
[379 -126 3]
[379 -127 3]
[379 -127 4]
[379 -125 4]
[379 -121 -1]
[379 -120 -1]
[379 -135 10]
[379 -125 2]
[379 -95 4]
[379 -10 -65]
[379 -133 8]
[379 -137 12]
[379 -133 7]
[379 -133 6]
[379 -136 10]
[379 -105 3]
[380 -134 9]
[380 -133 5]
[380 -105 2]
[380 -127 5]
[380 -120 0]
[380 -118 1]
[380 -128 4]
[380 -129 4]
[380 -136 14]
[380 -137 9]
[380 -87 38]
[380 -95 7]
[380 -111 1]
[380 -134 10]
[380 -122 0]
[380 -17 -60]
[380 -110 2]
[380 -134 7]
[380 -94 3]
[380 -94 9]
[380 -96 5]
[381 -89 4]
[381 -134 4]
[381 -134 6]
[381 -133 4]
[381 -132 5]
[381 -134 5]
[381 -119 0]
[381 -135 9]
[381 -135 8]
[381 -106 2]
[381 -136 8]
[381 -14 -68]
[381 -85 39]
[381 -93 6]
[381 -110 1]
[381 -137 14]
[381 -128 2]
[381 -130 3]
[381 -131 5]
[381 -125 3]
[382 -94 2]
[382 -96 3]
[382 -119 -1]
[382 -90 3]
[382 -130 4]
[382 -131 4]
[382 -85 38]
[382 -109 1]
[382 -135 5]
[382 -135 6]
[382 -137 8]
[382 -16 -60]
[382 -135 7]
[382 -136 7]
[382 -15 -69]
[382 -129 3]
[382 -134 8]
[382 -18 -61]
[382 -125 -1]
[382 -135 4]
[382 -137 11]
[383 -124 -2]
[383 -91 2]
[383 -89 2]
[383 -89 3]
[383 -86 38]
[383 -128 1]
[383 -119 1]
[383 -108 0]
[383 -95 1]
[383 -18 -62]
[383 -96 6]
[384 -109 0]
[384 -136 6]
[384 -124 -3]
[384 -87 37]
[384 -95 0]
[384 -88 1]
[384 -15 -68]
[384 -88 2]
[384 -131 3]
[384 -85 37]
[384 -84 39]
[385 -126 0]
[385 -17 -61]
[385 -88 4]
[385 -95 6]
[385 -16 -69]
[385 -88 37]
[385 -89 0]
[385 -128 3]
[385 -94 1]
[385 -96 -1]
[385 -83 38]
[385 -85 19]
[385 -122 2]
[386 -88 -1]
[386 -89 -1]
[386 -118 -1]
[386 -96 -2]
[386 -97 -2]
[386 -14 -59]
[386 -97 4]
[386 -90 2]
[386 -94 5]
[386 -93 0]
[386 -94 0]
[386 -93 2]
[386 -90 1]
[387 -90 0]
[387 -88 -2]
[387 -92 -1]
[387 -92 0]
[387 -96 2]
[387 -97 -3]
[387 -98 -3]
[387 -93 1]
[387 -16 -68]
[388 -88 36]
[388 -94 -1]
[388 -91 -1]
[388 -87 -3]
[388 -88 -3]
[388 -19 -62]
[388 -16 -64]
[388 -107 2]
[388 -127 0]
[388 -19 -60]
[388 -92 -2]
[389 -15 -70]
[389 -109 2]
[389 -88 35]
[389 -89 -4]
[389 -96 0]
[389 -98 -4]
[389 -20 -62]
[389 -20 -63]
[389 -123 -3]
[389 -123 -4]
[389 -16 -65]
[389 -90 -2]
[389 -20 -61]
[389 -90 -1]
[389 -82 38]
[389 -17 -69]
[389 -91 -3]
[390 -125 -2]
[390 -126 -1]
[390 -98 -2]
[390 -95 -2]
[390 -90 -3]
[390 -82 37]
[390 -96 4]
[390 -16 -70]
[390 -16 -59]
[390 -17 -65]
[390 -87 -4]
[390 -86 -4]
[390 -86 36]
[390 -90 -4]
[390 -92 -3]
[390 -19 -64]
[390 -88 -5]
[390 -89 -3]
[390 -89 -5]
[390 -97 -5]
[390 -98 -5]
[391 -127 1]
[391 -88 -4]
[391 -97 -4]
[391 -91 -4]
[391 -97 -6]
[391 -99 -4]
[391 -18 -60]
[391 -88 -6]
[391 -89 -6]
[391 -17 -66]
[391 -21 -63]
[391 -85 -5]
[391 -85 -3]
[391 -91 -2]
[391 -97 -1]
[392 -93 -4]
[392 -85 -4]
[392 -91 -5]
[392 -84 19]
[392 -122 -3]
[392 -85 -6]
[392 -90 -5]
[392 -108 2]
[392 -85 36]
[392 -88 -7]
[392 -87 4]
[392 -96 -7]
[392 -16 -67]
[392 -96 1]
[392 -85 -2]
[392 -20 -64]
[392 -87 -6]
[393 -100 -5]
[393 -90 -6]
[393 -22 -63]
[393 -92 -6]
[393 -121 -4]
[393 -17 -70]
[393 -18 -66]
[393 -87 -7]
[393 -16 -71]
[393 -93 -5]
[393 -123 -2]
[393 -87 -8]
[393 -18 -70]
[393 -16 -66]
[393 -92 -5]
[394 -86 4]
[394 -17 -71]
[394 -91 -6]
[394 -99 -5]
[394 -88 -8]
[394 -17 -72]
[394 -19 -61]
[394 -87 -9]
[394 -23 -64]
[394 -17 -67]
[394 -94 -3]
[394 -91 -7]
[395 -82 36]
[395 -88 -9]
[395 -89 -9]
[395 -94 -5]
[395 -120 -4]
[395 -94 -2]
[395 -117 -1]
[395 -122 -4]
[395 -94 -6]
[396 -90 -7]
[396 -89 -10]
[396 -90 -10]
[396 -121 -5]
[396 -85 4]
[396 -88 34]
[396 -97 -7]
[396 -120 -5]
[396 -87 -10]
[396 -88 -10]
[396 -95 -3]
[396 -18 -71]
[396 -91 -8]
[396 -95 -5]
[396 -24 -65]
[397 -94 -7]
[397 -25 -65]
[397 -18 -67]
[397 -95 -6]
[397 -92 -9]
[397 -96 -8]
[397 -18 -65]
[397 -94 -4]
[397 -90 -8]
[397 -24 -64]
[397 -23 -65]
[397 -101 -6]
[397 -86 35]
[397 -84 35]
[397 -83 35]
[397 -89 33]
[397 -89 34]
[398 -119 -5]
[398 -21 -61]
[398 -95 -7]
[398 -82 35]
[398 -83 34]
[398 -97 -8]
[398 -87 34]
[398 -97 0]
[398 -122 -5]
[398 -84 34]
[398 -19 -67]
[399 -92 -10]
[399 -92 -8]
[399 -121 -6]
[399 -89 -11]
[399 -89 32]
[399 -120 -6]
[399 -84 33]
[399 -85 3]
[399 -88 33]
[399 -86 3]
[399 -83 33]
[399 -101 -5]
[399 -86 33]
[399 -94 -8]
[400 -22 -64]
[400 -87 32]
[400 -18 -64]
[400 -120 -7]
[400 -87 33]
[400 -97 1]
[400 -84 32]
[400 -81 37]
[400 -86 32]
[400 -82 33]
[400 -82 32]
[400 -83 32]
[400 -97 -9]
[401 -82 31]
[401 -84 31]
[401 -83 31]
[401 -90 -9]
[401 -119 -6]
[401 -94 -9]
[401 -85 34]
[401 -85 31]
[401 -95 -4]
[401 -25 -66]
[401 -85 35]
[401 -81 33]
[401 -81 32]
[401 -19 -71]
[401 -97 -10]
[401 -85 32]
[401 -121 -3]
[401 -93 -10]
[401 -25 -64]
[401 -87 31]
[402 -91 -9]
[402 -18 -73]
[402 -85 30]
[402 -84 30]
[402 -102 -6]
[402 -119 -7]
[402 -100 -6]
[402 -91 -10]
[402 -86 30]
[402 -80 34]
[402 -80 32]
[402 -83 30]
[402 -82 30]
[402 -80 33]
[402 -86 5]
[402 -19 -70]
[402 -86 34]
[402 -96 -9]
[403 -103 -7]
[403 -85 29]
[403 -84 29]
[403 -83 29]
[403 -86 29]
[403 -20 -71]
[403 -26 -66]
[403 -18 -72]
[403 -87 5]
[403 -84 3]
[403 -119 -8]
[403 -121 -7]
[404 -92 -11]
[404 -20 -68]
[404 -119 -4]
[404 -84 4]
[404 -83 28]
[404 -104 -7]
[404 -104 -8]
[404 -87 29]
[404 -118 -8]
[404 -120 -8]
[404 -122 -6]
[404 -79 34]
[404 -85 33]
[405 -98 -10]
[405 -105 -8]
[405 -89 31]
[405 -83 27]
[405 -102 -7]
[405 -26 -67]
[405 -79 35]
[405 -80 35]
[405 -118 -7]
[405 -103 -6]
[405 -103 -8]
[405 -78 33]
[405 -97 -11]
[405 -18 -69]
[406 -121 -8]
[406 -83 3]
[406 -104 -6]
[406 -105 -9]
[406 -122 -7]
[406 -27 -67]
[406 -86 31]
[406 -26 -65]
[406 -85 28]
[406 -84 28]
[406 -78 34]
[406 -26 -68]
[406 -102 -9]
[406 -102 -8]
[406 -93 -12]
[407 -84 27]
[407 -79 36]
[407 -94 -11]
[407 -94 -10]
[407 -117 -8]
[407 -106 -9]
[407 -20 -69]
[407 -21 -69]
[407 -27 -68]
[407 -26 -63]
[407 -92 -13]
[407 -118 -5]
[407 -118 -4]
[408 -96 -10]
[408 -86 28]
[408 -93 -11]
[408 -95 -12]
[408 -86 2]
[408 -106 -8]
[408 -106 -10]
[408 -107 -8]
[409 -95 -13]
[409 -28 -68]
[410 -82 2]
[410 -22 -61]
[410 -83 26]
[410 -107 -7]
[410 -85 6]
[410 -85 5]
[410 -96 -11]
[410 -94 -13]
[410 -94 -12]
[410 -94 -14]
[411 -87 30]
[411 -19 -73]
[411 -27 -66]
[411 -82 25]
[411 -19 -74]
[411 -84 6]
[411 -93 -15]
[411 -93 -13]
[411 -95 -11]
[412 -96 -12]
[412 -84 7]
[412 -81 24]
[412 -82 24]
[412 -83 4]
[413 -118 -6]
[413 -81 25]
[413 -83 25]
[413 -90 31]
[413 -90 30]
[413 -27 -63]
[413 -92 -14]
[413 -83 5]
[413 -81 23]
[413 -82 23]
[413 -84 5]
[413 -83 23]
[413 -20 -75]
[413 -29 -69]
[413 -22 -70]
[413 -101 -9]
[414 -81 22]
[414 -82 22]
[414 -83 22]
[414 -123 -7]
[414 -81 2]
[414 -83 24]
[414 -92 -15]
[414 -29 -70]
[415 -94 -16]
[415 -93 -16]
[415 -84 24]
[415 -82 21]
[415 -84 23]
[415 -108 -7]
[415 -29 -67]
[415 -82 3]
[415 -23 -71]
[416 -28 -69]
[416 -24 -72]
[416 -116 -9]
[416 -92 -16]
[416 -84 22]
[416 -98 -9]
[416 -124 -6]
[417 -95 -14]
[417 -25 -71]
[417 -94 -17]
[417 -95 -15]
[417 -80 2]
[417 -29 -68]
[418 -84 21]
[418 -95 -17]
[418 -91 -16]
[418 -95 -18]
[418 -94 -15]
[418 -24 -71]
[418 -30 -68]
[418 -109 -7]
[419 -24 -70]
[419 -96 -17]
[419 -28 -67]
[419 -91 -17]
[419 -117 -6]
[419 -21 -76]
[419 -92 -12]
[419 -95 -16]
[420 -110 -7]
[420 -23 -70]
[420 -25 -72]
[420 -21 -75]
[420 -124 -7]
[421 -20 -74]
[421 -96 -18]
[421 -91 -18]
[421 -90 -18]
[422 -97 -18]
[422 -22 -69]
[422 -26 -62]
[422 -92 -18]
[422 -92 -19]
[422 -95 -19]
[422 -30 -70]
[422 -111 -8]
[422 -111 -7]
[423 -26 -72]
[423 -25 -73]
[423 -84 20]
[423 -111 -6]
[423 -90 29]
[423 -112 -8]
[423 -92 -20]
[423 -79 1]
[424 -90 -17]
[424 -22 -76]
[424 -91 -20]
[424 -91 -19]
[424 -98 -19]
[425 -26 -73]
[425 -22 -77]
[425 -90 -20]
[425 -112 -6]
[426 -112 -7]
[426 -99 -20]
[426 -27 -74]
[426 -99 -10]
[426 -90 28]
[426 -23 -78]
[427 -23 -77]
[427 -113 -6]
[427 -28 -74]
[427 -31 -71]
[427 -31 -70]
[427 -27 -73]
[428 -113 -5]
[428 -26 -74]
[428 -97 -20]
[428 -32 -72]
[429 -24 -78]
[429 -90 27]
[429 -26 -75]
[429 -114 -5]
[429 -97 -19]
[429 -29 -74]
[429 -27 -75]
[429 -100 -21]
[430 -24 -79]
[430 -114 -6]
[430 -30 -74]
[430 -26 -76]
[430 -114 -4]
[430 -90 26]
[430 -92 -21]
[430 -25 -79]
[430 -101 -21]
[430 -78 0]
[430 -28 -76]
[431 -28 -77]
[431 -93 -22]
[431 -114 -7]
[431 -98 -20]
[432 -115 -7]
[432 -28 -75]
[432 -29 -75]
[432 -94 -23]
[432 -93 -23]
[433 -26 -80]
[433 -32 -71]
[433 -77 0]
[433 -94 -24]
[433 -28 -73]
[434 -95 -25]
[434 -95 -24]
[434 -78 2]
[434 -29 -73]
[434 -90 25]
[434 -94 -22]
[435 -91 25]
[435 -27 -76]
[435 -25 -80]
[435 -27 -72]
[435 -96 -25]
[435 -93 -24]
[436 -97 -25]
[436 -26 -81]
[436 -99 -22]
[436 -30 -73]
[436 -93 -25]
[436 -78 1]
[436 -94 -25]
[437 -77 -1]
[437 -29 -76]
[437 -27 -81]
[438 -79 2]
[438 -98 -26]
[438 -100 -22]
[438 -101 -20]
[438 -93 -21]
[439 -98 -25]
[439 -97 -24]
[439 -94 -21]
[439 -116 -8]
[439 -98 -22]
[439 -93 -26]
[439 -99 -26]
[440 -27 -82]
[440 -77 1]
[440 -99 -24]
[441 -95 -23]
[441 -99 -19]
[441 -102 -19]
[441 -33 -72]
[442 -99 -25]
[442 -34 -73]
[442 -98 -23]
[442 -76 1]
[442 -95 -22]
[442 -100 -20]
[443 -35 -74]
[443 -76 -1]
[443 -96 -23]
[443 -95 -21]
[443 -115 -9]
[443 -103 -20]
[444 -114 -9]
[444 -28 -82]
[444 -97 -23]
[445 -28 -83]
[446 -36 -75]
[446 -99 -18]
[446 -103 -19]
[446 -98 -27]
[447 -34 -74]
[447 -98 -24]
[448 -114 -10]
[448 -34 -72]
[448 -37 -74]
[448 -104 -19]
[449 -113 -11]
[449 -115 -11]
[449 -29 -83]
[450 -105 -19]
[450 -113 -10]
[450 -75 1]
[450 -75 -2]
[450 -102 -20]
[451 -35 -75]
[451 -114 -11]
[451 -37 -75]
[451 -29 -84]
[451 -75 -1]
[451 -35 -73]
[452 -38 -75]
[452 -112 -12]
[452 -74 -2]
[452 -29 -85]
[453 -73 -3]
[453 -104 -20]
[453 -36 -76]
[454 -38 -76]
[454 -36 -77]
[454 -72 -4]
[454 -111 -12]
[455 -113 -12]
[455 -106 -19]
[455 -74 1]
[455 -116 -11]
[455 -36 -74]
[456 -71 -5]
[456 -98 -17]
[456 -37 -76]
[456 -39 -77]
[456 -73 0]
[456 -112 -11]
[456 -113 -13]
[456 -112 -13]
[457 -74 0]
[457 -72 -1]
[457 -74 -1]
[457 -117 -11]
[457 -98 -18]
[457 -35 -76]
[457 -111 -13]
[457 -110 -13]
[458 -73 1]
[458 -71 -6]
[458 -71 -4]
[458 -75 2]
[458 -73 -1]
[458 -30 -86]
[458 -110 -12]
[458 -39 -76]
[458 -114 -14]
[459 -39 -78]
[459 -40 -77]
[459 -70 -4]
[459 -72 -3]
[459 -74 -3]
[460 -30 -85]
[460 -109 -14]
[460 -107 -19]
[460 -71 -3]
[460 -70 -5]
[460 -70 -7]
[460 -37 -78]
[460 -40 -79]
[460 -74 2]
[461 -38 -77]
[461 -72 -2]
[461 -70 -6]
[461 -110 -14]
[461 -71 -7]
[461 -99 -17]
[461 -71 -2]
[461 -108 -15]
[462 -109 -15]
[462 -40 -76]
[462 -72 -6]
[462 -108 -19]
[462 -72 -7]
[462 -71 -8]
[463 -70 -8]
[463 -76 2]
[463 -69 -4]
[464 -73 -7]
[464 -38 -78]
[464 -40 -78]
[464 -41 -80]
[465 -73 -8]
[465 -72 -8]
[465 -68 -4]
[466 -31 -86]
[466 -40 -80]
[466 -70 -3]
[466 -69 -7]
[467 -73 -9]
[467 -114 -13]
[467 -41 -78]
[467 -109 -16]
[467 -69 -6]
[467 -41 -81]
[467 -39 -81]
[468 -70 -9]
[468 -40 -81]
[468 -40 -82]
[468 -70 -2]
[468 -69 -9]
[468 -32 -87]
[468 -100 -17]
[469 -41 -83]
[469 -107 -15]
[469 -31 -87]
[470 -69 -10]
[470 -74 -10]
[470 -41 -82]
[470 -40 -83]
[470 -42 -84]
[471 -69 -3]
[471 -42 -78]
[471 -100 -16]
[471 -109 -17]
[471 -41 -79]
[471 -106 -16]
[472 -99 -15]
[472 -32 -88]
[472 -68 -10]
[472 -39 -82]
[472 -109 -19]
[473 -74 -7]
[473 -33 -89]
[473 -43 -85]
[474 -42 -82]
[474 -42 -83]
[474 -105 -16]
[474 -105 -17]
[475 -34 -90]
[475 -99 -16]
[475 -104 -17]
[475 -42 -79]
[475 -108 -18]
[475 -101 -16]
[475 -73 -10]
[475 -43 -86]
[476 -74 -11]
[477 -100 -18]
[477 -106 -15]
[477 -74 -12]
[478 -67 -10]
[478 -102 -16]
[478 -109 -18]
[478 -44 -87]
[479 -43 -82]
[479 -110 -19]
[479 -75 -12]
[480 -33 -88]
[480 -106 -14]
[481 -68 -2]
[481 -45 -88]
[481 -73 -6]
[481 -74 -13]
[482 -75 -13]
[482 -111 -19]
[482 -103 -17]
[482 -46 -89]
[483 -107 -14]
[483 -105 -13]
[483 -74 -6]
[483 -46 -88]
[483 -44 -89]
[483 -44 -88]
[484 -46 -90]
[484 -34 -89]
[484 -67 -3]
[485 -43 -84]
[485 -35 -90]
[485 -45 -89]
[485 -74 -14]
[485 -45 -90]
[486 -69 -2]
[486 -107 -13]
[486 -43 -90]
[486 -105 -14]
[487 -108 -14]
[487 -47 -90]
[487 -112 -19]
[487 -103 -18]
[487 -43 -89]
[487 -104 -14]
[488 -42 -90]
[489 -106 -13]
[489 -104 -15]
[490 -112 -18]
[490 -113 -18]
[490 -46 -91]
[491 -67 -2]
[491 -44 -82]
[491 -103 -15]
[492 -44 -83]
[492 -111 -18]
[492 -113 -19]
[493 -44 -84]
[493 -36 -91]
[494 -37 -91]
[494 -104 -13]
[496 -45 -91]
[497 -42 -91]
[498 -108 -12]
[498 -37 -92]
[498 -42 -89]
[498 -46 -92]
[499 -66 -3]
[499 -47 -93]
[500 -38 -93]
[501 -39 -93]
[501 -38 -92]
[502 -40 -94]
[504 -47 -92]
[509 -65 -3]
[510 -41 -95]
[511 -42 -95]
[513 -64 -3]
[514 -43 -95]
[515 -43 -94]
[519 -43 -96]
[521 -42 -94]
[522 -41 -94]
[525 -44 -96]
[525 -44 -97]
[526 -45 -97]
[527 -46 -98]
[528 -47 -98]
[529 -45 -98]
[532 -47 -99]
[532 -48 -99]
[535 -49 -98]
[542 -50 -99]
[545 -49 -99]
[548 -50 -100]
[549 -51 -100]
[558 -52 -100]
[559 -52 -101]
[560 -51 -99]
[565 -53 -101]
[569 -54 -102]
[570 -54 -101]
[571 -55 -103]
[572 -55 -102]
[572 -56 -102]
[573 -57 -103]
[574 -58 -104]
[577 -56 -103]
[578 -57 -104]
