WORLD -141 141 -150 150 8.611353409217744 45.96638080295648 25.18713163863888 25.123751497973377
[0 -137 14]
[0 -137 9]
[0 -137 12]
[0 -137 13]
[0 -137 8]
[0 -136 15]
[0 -136 12]
[0 -136 11]
[0 -136 7]
[1 -135 11]
[1 -136 8]
[1 -135 7]
[1 -136 13]
[1 -136 16]
[1 -135 14]
[1 -135 15]
[1 -135 10]
[1 -135 12]
[2 -134 14]
[2 -135 13]
[2 -135 6]
[2 -136 6]
[2 -136 14]
[2 -134 6]
[2 -134 7]
[2 -135 8]
[2 -135 9]
[2 -134 10]
[2 -136 17]
[2 -134 12]
[2 -134 13]
[3 -134 8]
[3 -134 11]
[3 -133 10]
[3 -134 16]
[3 -133 14]
[3 -133 13]
[3 -134 15]
[4 -132 9]
[4 -133 11]
[4 -132 11]
[4 -135 5]
[4 -135 17]
[4 -133 17]
[4 -134 5]
[4 -133 16]
[5 -132 8]
[5 -136 18]
[5 -133 6]
[5 -134 17]
[5 -133 15]
[5 -132 13]
[5 -134 4]
[5 -132 12]
[5 -132 16]
[5 -132 17]
[5 -135 4]
[6 -135 18]
[6 -132 15]
[6 -131 17]
[6 -133 12]
[6 -133 18]
[6 -131 11]
[6 -131 12]
[6 -131 18]
[6 -131 16]
[6 -132 18]
[6 -132 6]
[6 -134 18]
[6 -131 13]
[6 -131 7]
[7 -131 14]
[7 -130 16]
[7 -133 19]
[7 -134 19]
[7 -133 5]
[7 -130 14]
[7 -130 13]
[7 -130 12]
[7 -130 17]
[7 -130 18]
[7 -132 14]
[8 -134 20]
[8 -132 7]
[8 -135 19]
[8 -131 15]
[8 -129 14]
[8 -129 13]
[8 -131 6]
[8 -129 15]
[8 -131 19]
[8 -132 19]
[8 -130 19]
[9 -129 17]
[9 -129 16]
[9 -128 16]
[9 -128 13]
[9 -128 14]
[9 -128 12]
[9 -130 8]
[9 -130 7]
[9 -135 20]
[10 -127 13]
[10 -130 11]
[10 -129 9]
[10 -128 15]
[10 -131 20]
[10 -133 21]
[10 -135 21]
[10 -134 21]
[10 -128 17]
[10 -133 20]
[10 -127 16]
[10 -127 15]
[11 -130 9]
[11 -129 8]
[11 -129 11]
[11 -127 17]
[11 -127 11]
[11 -127 12]
[11 -128 9]
[11 -130 10]
[11 -132 21]
[11 -129 19]
[11 -126 14]
[12 -126 12]
[12 -128 11]
[12 -133 22]
[12 -128 8]
[12 -134 22]
[12 -126 17]
[12 -127 18]
[12 -130 20]
[12 -128 19]
[12 -128 18]
[12 -128 10]
[12 -125 15]
[12 -125 13]
[12 -126 13]
[12 -130 21]
[12 -126 11]
[13 -129 20]
[13 -132 23]
[13 -132 22]
[13 -129 21]
[13 -126 19]
[13 -127 19]
[13 -127 10]
[13 -124 13]
[13 -124 14]
[13 -127 8]
[13 -125 16]
[13 -124 15]
[13 -125 10]
[13 -127 7]
[14 -126 10]
[14 -124 16]
[14 -126 7]
[14 -126 8]
[14 -128 22]
[14 -126 9]
[14 -125 9]
[14 -124 9]
[14 -128 7]
[14 -126 20]
[14 -127 20]
[14 -132 24]
[14 -131 23]
[14 -130 22]
[14 -133 23]
[15 -125 19]
[15 -127 22]
[15 -127 23]
[15 -128 21]
[15 -130 24]
[15 -125 7]
[15 -131 24]
[15 -129 23]
[15 -131 21]
[15 -123 17]
[15 -124 10]
[15 -127 6]
[15 -126 6]
[15 -125 6]
[15 -125 8]
[15 -123 10]
[15 -131 25]
[15 -133 25]
[16 -124 17]
[16 -123 18]
[16 -130 23]
[16 -129 24]
[16 -129 25]
[16 -127 5]
[16 -124 6]
[16 -126 5]
[16 -125 5]
[16 -124 7]
[16 -122 10]
[16 -123 9]
[16 -122 9]
[16 -123 11]
[16 -128 24]
[16 -127 21]
[16 -125 20]
[16 -126 22]
[16 -130 25]
[16 -126 23]
[16 -132 25]
[16 -131 26]
[17 -128 5]
[17 -132 26]
[17 -130 26]
[17 -134 26]
[17 -132 27]
[17 -121 10]
[17 -122 11]
[17 -123 7]
[17 -122 8]
[17 -124 4]
[17 -126 4]
[17 -127 4]
[17 -128 4]
[17 -125 22]
[17 -121 8]
[18 -129 26]
[18 -127 24]
[18 -123 6]
[18 -134 25]
[18 -134 24]
[18 -120 10]
[18 -121 11]
[18 -127 3]
[18 -126 3]
[18 -125 24]
[18 -126 24]
[18 -124 20]
[18 -122 16]
[18 -125 4]
[18 -129 4]
[18 -124 5]
[18 -132 28]
[18 -124 19]
[19 -127 25]
[19 -120 9]
[19 -122 7]
[19 -122 6]
[19 -122 12]
[19 -120 11]
[19 -128 25]
[19 -123 4]
[19 -130 27]
[19 -124 3]
[19 -123 5]
[19 -121 17]
[19 -119 11]
[19 -129 27]
[19 -131 29]
[19 -124 21]
[19 -123 21]
[19 -123 19]
[20 -121 12]
[20 -128 27]
[20 -131 28]
[20 -120 18]
[20 -119 12]
[20 -118 11]
[20 -118 12]
[20 -123 20]
[20 -130 29]
[20 -131 30]
[20 -132 29]
[20 -121 7]
[20 -124 22]
[20 -128 3]
[20 -122 15]
[20 -121 15]
[20 -119 10]
[20 -119 9]
[20 -121 5]
[20 -127 26]
[20 -125 25]
[20 -122 4]
[20 -124 23]
[20 -122 20]
[20 -121 13]
[21 -120 7]
[21 -120 8]
[21 -122 13]
[21 -120 13]
[21 -117 11]
[21 -119 13]
[21 -124 26]
[21 -118 10]
[21 -130 31]
[21 -130 30]
[21 -122 3]
[21 -121 3]
[21 -121 21]
[21 -121 4]
[21 -125 3]
[21 -121 19]
[21 -120 15]
[21 -127 27]
[21 -128 26]
[21 -130 28]
[22 -121 20]
[22 -121 14]
[22 -124 2]
[22 -123 23]
[22 -122 2]
[22 -118 14]
[22 -119 6]
[22 -117 10]
[22 -117 12]
[22 -116 10]
[22 -125 26]
[22 -130 3]
[22 -118 9]
[22 -118 8]
[22 -119 8]
[22 -120 4]
[22 -120 3]
[22 -129 30]
[22 -118 13]
[23 -129 3]
[23 -117 8]
[23 -121 22]
[23 -122 22]
[23 -119 2]
[23 -121 2]
[23 -129 31]
[23 -129 29]
[23 -119 14]
[23 -119 7]
[23 -126 28]
[23 -125 1]
[23 -116 11]
[23 -115 10]
[23 -115 9]
[23 -116 9]
[23 -117 9]
[23 -116 13]
[23 -119 5]
[23 -120 5]
[23 -120 2]
[23 -123 25]
[23 -124 25]
[23 -125 27]
[23 -123 26]
[23 -118 6]
[23 -118 5]
[23 -129 32]
[23 -127 28]
[23 -119 18]
[23 -118 7]
[23 -117 7]
[24 -128 32]
[24 -115 8]
[24 -120 21]
[24 -121 23]
[24 -117 5]
[24 -116 8]
[24 -116 7]
[24 -122 27]
[24 -122 25]
[24 -119 1]
[24 -117 14]
[24 -116 6]
[24 -123 24]
[24 -115 12]
[24 -118 4]
[24 -123 1]
[24 -115 11]
[24 -118 17]
[24 -118 19]
[24 -116 12]
[25 -115 7]
[25 -121 1]
[25 -122 23]
[25 -117 13]
[25 -117 6]
[25 -128 30]
[25 -120 24]
[25 -114 10]
[25 -116 14]
[25 -117 15]
[25 -116 15]
[25 -119 19]
[25 -118 18]
[25 -122 24]
[25 -121 24]
[25 -122 26]
[25 -114 12]
[25 -118 15]
[25 -118 2]
[25 -127 32]
[25 -129 33]
[25 -118 16]
[25 -117 18]
[25 -114 11]
[25 -126 0]
[25 -130 4]
[25 -117 20]
[25 -117 19]
[25 -119 21]
[25 -115 6]
[25 -123 27]
[26 -122 28]
[26 -115 13]
[26 -117 16]
[26 -119 16]
[26 -114 6]
[26 -114 5]
[26 -117 3]
[26 -116 5]
[26 -126 29]
[26 -113 13]
[26 -128 33]
[26 -121 25]
[26 -131 4]
[26 -131 3]
[26 -116 4]
[26 -119 24]
[26 -115 14]
[26 -115 15]
[26 -119 22]
[26 -120 1]
[26 -128 2]
[26 -113 9]
[26 -120 0]
[26 -126 -1]
[26 -115 16]
[27 -113 6]
[27 -126 32]
[27 -121 27]
[27 -116 3]
[27 -123 3]
[27 -127 0]
[27 -124 28]
[27 -125 -1]
[27 -115 3]
[27 -115 4]
[27 -113 8]
[27 -113 10]
[27 -112 9]
[27 -127 33]
[27 -117 21]
[27 -125 29]
[27 -114 17]
[27 -114 15]
[27 -115 17]
[27 -114 14]
[27 -116 16]
[27 -114 16]
[27 -113 11]
[27 -113 12]
[27 -121 28]
[28 -117 1]
[28 -118 1]
[28 -116 22]
[28 -119 23]
[28 -113 17]
[28 -112 7]
[28 -126 33]
[28 -116 2]
[28 -120 28]
[28 -112 10]
[28 -119 0]
[28 -111 8]
[28 -111 9]
[28 -112 13]
[28 -125 30]
[28 -129 34]
[28 -128 34]
[28 -126 30]
[28 -113 5]
[28 -123 2]
[28 -114 18]
[28 -128 1]
[28 -113 4]
[29 -111 6]
[29 -127 35]
[29 -115 22]
[29 -115 23]
[29 -113 18]
[29 -115 18]
[29 -127 34]
[29 -126 34]
[29 -114 3]
[29 -125 32]
[29 -125 33]
[29 -124 30]
[29 -112 12]
[29 -112 6]
[29 -112 5]
[29 -119 29]
[29 -119 27]
[29 -122 0]
[29 -112 4]
[29 -120 26]
[29 -117 2]
[29 -111 7]
[29 -110 7]
[29 -125 -2]
[29 -110 8]
[29 -118 -1]
[29 -115 2]
[29 -121 0]
[30 -116 24]
[30 -114 22]
[30 -110 6]
[30 -109 7]
[30 -109 6]
[30 -122 1]
[30 -124 34]
[30 -112 16]
[30 -119 26]
[30 -112 11]
[30 -114 19]
[30 -111 3]
[30 -111 13]
[30 -123 31]
[30 -124 31]
[30 -125 31]
[30 -128 35]
[30 -111 14]
[30 -118 29]
[30 -115 21]
[30 -117 22]
[30 -126 35]
[30 -111 5]
[30 -110 5]
[30 -124 32]
[31 -116 23]
[31 -110 14]
[31 -110 13]
[31 -115 19]
[31 -110 4]
[31 -111 4]
[31 -117 24]
[31 -126 36]
[31 -123 34]
[31 -125 0]
[31 -116 21]
[31 -117 28]
[31 -113 21]
[31 -124 33]
[31 -114 2]
[31 -118 27]
[31 -120 -1]
[31 -110 9]
[31 -113 20]
[31 -111 15]
[31 -121 -1]
[31 -108 8]
[31 -108 6]
[31 -108 5]
[32 -113 22]
[32 -118 26]
[32 -122 29]
[32 -117 -1]
[32 -119 -1]
[32 -109 4]
[32 -111 11]
[32 -109 5]
[32 -108 7]
[32 -123 32]
[32 -112 21]
[32 -114 20]
[32 -114 23]
[32 -107 6]
[32 -117 26]
[32 -107 5]
[32 -110 10]
[32 -107 9]
[32 -107 8]
[32 -107 7]
[32 -110 15]
[32 -109 14]
[32 -109 15]
[32 -109 13]
[32 -124 35]
[32 -109 12]
[32 -122 32]
[33 -106 6]
[33 -106 8]
[33 -110 2]
[33 -121 32]
[33 -122 31]
[33 -112 20]
[33 -112 19]
[33 -120 30]
[33 -119 30]
[33 -113 23]
[33 -112 22]
[33 -112 23]
[33 -107 10]
[33 -106 9]
[33 -106 10]
[33 -107 4]
[33 -106 5]
[33 -106 4]
[33 -108 14]
[33 -108 15]
[33 -109 16]
[33 -110 16]
[33 -108 12]
[33 -108 13]
[33 -109 11]
[33 -109 10]
[33 -117 25]
[33 -116 26]
[33 -109 8]
[33 -123 36]
[33 -111 22]
[33 -110 12]
[33 -119 28]
[33 -117 30]
[34 -110 1]
[34 -108 16]
[34 -116 31]
[34 -117 29]
[34 -116 25]
[34 -111 21]
[34 -105 5]
[34 -107 11]
[34 -107 12]
[34 -108 11]
[34 -122 30]
[34 -111 20]
[34 -111 18]
[34 -115 26]
[34 -107 14]
[34 -109 17]
[34 -105 9]
[34 -105 8]
[34 -105 6]
[34 -113 24]
[34 -119 31]
[34 -107 15]
[34 -107 13]
[34 -105 10]
[34 -110 21]
[34 -110 23]
[35 -118 31]
[35 -117 31]
[35 -114 25]
[35 -114 27]
[35 -105 7]
[35 -111 23]
[35 -110 20]
[35 -109 22]
[35 -110 22]
[35 -109 21]
[35 -111 16]
[35 -116 27]
[35 -117 32]
[35 -115 30]
[35 -115 31]
[35 -107 16]
[35 -108 17]
[35 -104 4]
[35 -104 5]
[35 -104 6]
[35 -110 19]
[35 -104 9]
[35 -121 30]
[35 -104 7]
[35 -106 13]
[35 -109 24]
[35 -109 23]
[35 -121 33]
[35 -109 0]
[35 -105 11]
[35 -123 37]
[35 -124 36]
[35 -119 32]
[35 -118 32]
[35 -125 36]
[35 -109 1]
[35 -111 2]
[35 -110 18]
[35 -108 18]
[35 -106 12]
[35 -106 14]
[35 -106 15]
[35 -106 16]
[36 -107 17]
[36 -122 36]
[36 -124 37]
[36 -113 27]
[36 -103 5]
[36 -103 6]
[36 -103 7]
[36 -107 18]
[36 -117 33]
[36 -118 33]
[36 -116 33]
[36 -105 12]
[36 -105 14]
[36 -112 2]
[36 -105 15]
[36 -105 13]
[36 -118 30]
[36 -103 8]
[36 -103 10]
[36 -103 9]
[36 -104 10]
[36 -120 32]
[36 -110 24]
[36 -108 22]
[36 -108 23]
[36 -112 24]
[36 -105 16]
[36 -105 17]
[36 -114 31]
[36 -114 29]
[36 -103 4]
[36 -109 20]
[36 -108 21]
[36 -104 11]
[36 -116 29]
[36 -109 19]
[36 -111 24]
[36 -108 25]
[36 -108 24]
[37 -110 25]
[37 -111 1]
[37 -106 17]
[37 -104 13]
[37 -104 14]
[37 -113 28]
[37 -115 28]
[37 -113 26]
[37 -104 12]
[37 -103 11]
[37 -107 23]
[37 -121 35]
[37 -106 19]
[37 -107 19]
[37 -123 38]
[37 -107 24]
[37 -107 22]
[37 -117 34]
[37 -104 17]
[37 -104 18]
[37 -116 34]
[37 -115 32]
[37 -113 2]
[37 -107 25]
[37 -109 25]
[37 -121 34]
[37 -107 21]
[37 -107 20]
[37 -115 29]
[38 -106 20]
[38 -106 23]
[38 -106 25]
[38 -119 34]
[38 -107 26]
[38 -103 18]
[38 -105 18]
[38 -105 19]
[38 -105 20]
[38 -104 3]
[38 -106 24]
[38 -124 -2]
[38 -108 20]
[38 -122 34]
[38 -115 34]
[38 -113 29]
[38 -112 27]
[38 -106 18]
[38 -103 13]
[38 -103 19]
[38 -106 26]
[38 -106 21]
[38 -111 25]
[38 -103 14]
[38 -103 12]
[38 -112 29]
[38 -122 38]
[38 -112 25]
[38 -121 37]
[39 -121 38]
[39 -112 28]
[39 -104 19]
[39 -104 20]
[39 -113 30]
[39 -111 29]
[39 -120 35]
[39 -102 14]
[39 -115 33]
[39 -114 33]
[39 -103 15]
[39 -105 21]
[39 -104 21]
[39 -120 34]
[39 -120 37]
[39 -105 24]
[39 -102 17]
[39 -103 17]
[39 -124 -3]
[39 -106 27]
[39 -108 26]
[39 -112 26]
[39 -105 26]
[39 -105 25]
[40 -105 3]
[40 -105 23]
[40 -105 22]
[40 -120 38]
[40 -111 27]
[40 -111 28]
[40 -105 27]
[40 -107 27]
[40 -102 19]
[40 -102 20]
[40 -118 35]
[40 -104 26]
[40 -104 24]
[40 -102 13]
[40 -101 13]
[40 -101 15]
[40 -119 37]
[40 -109 27]
[40 -115 35]
[40 -114 34]
[40 -102 16]
[40 -104 23]
[40 -104 25]
[40 -119 35]
[40 -113 34]
[40 -120 39]
[40 -121 39]
[40 -104 22]
[40 -103 16]
[41 -103 24]
[41 -103 23]
[41 -109 2]
[41 -110 27]
[41 -112 30]
[41 -110 28]
[41 -104 27]
[41 -105 28]
[41 -113 33]
[41 -102 15]
[41 -101 16]
[41 -103 26]
[41 -103 25]
[41 -106 28]
[41 -110 29]
[41 -108 28]
[41 -117 35]
[41 -109 28]
[41 -103 22]
[41 -103 20]
[41 -119 39]
[41 -114 36]
[41 -116 36]
[41 -101 19]
[41 -101 21]
[41 -101 17]
[41 -103 27]
[41 -101 12]
[41 -118 37]
[42 -102 23]
[42 -102 24]
[42 -102 25]
[42 -106 29]
[42 -118 36]
[42 -100 16]
[42 -102 22]
[42 -123 -3]
[42 -119 36]
[42 -111 30]
[42 -111 31]
[42 -119 38]
[42 -102 26]
[42 -115 36]
[42 -112 32]
[42 -112 33]
[42 -112 34]
[42 -104 28]
[42 -102 27]
[42 -108 27]
[42 -108 29]
[42 -117 36]
[42 -115 37]
[42 -100 19]
[42 -116 -1]
[42 -101 20]
[42 -103 28]
[42 -100 22]
[42 -101 22]
[42 -106 2]
[43 -103 29]
[43 -105 2]
[43 -101 27]
[43 -101 28]
[43 -101 26]
[43 -107 28]
[43 -101 23]
[43 -113 32]
[43 -102 28]
[43 -104 29]
[43 -105 29]
[43 -100 20]
[43 -118 38]
[43 -114 37]
[43 -101 24]
[43 -101 25]
[43 -99 23]
[44 -102 29]
[44 -110 30]
[44 -116 37]
[44 -100 23]
[44 -117 38]
[44 -109 30]
[44 -100 24]
[44 -111 32]
[44 -101 29]
[44 -100 25]
[44 -103 30]
[44 -102 30]
[44 -104 30]
[44 -100 26]
[44 -111 34]
[44 -111 35]
[44 -115 -1]
[44 -100 27]
[44 -100 28]
[44 -100 29]
[44 -98 23]
[44 -98 24]
[44 -99 24]
[44 -105 30]
[45 -112 35]
[45 -110 34]
[45 -104 31]
[45 -103 31]
[45 -113 37]
[45 -102 31]
[45 -115 38]
[45 -99 26]
[45 -99 25]
[45 -106 30]
[45 -97 22]
[45 -98 25]
[45 -114 -1]
[45 -108 30]
[45 -108 31]
[45 -99 28]
[45 -112 1]
[45 -99 29]
[45 -118 39]
[45 -106 31]
[46 -98 28]
[46 -100 30]
[46 -99 30]
[46 -98 30]
[46 -98 29]
[46 -101 30]
[46 -116 39]
[46 -115 39]
[46 -123 -2]
[46 -101 31]
[46 -101 32]
[46 -103 32]
[46 -112 36]
[46 -107 32]
[46 -108 32]
[46 -107 31]
[46 -105 32]
[46 -96 23]
[46 -98 26]
[46 -102 32]
[46 -109 34]
[46 -97 23]
[46 -97 24]
[47 -118 40]
[47 -111 36]
[47 -112 37]
[47 -100 31]
[47 -100 32]
[47 -101 33]
[47 -100 33]
[47 -102 33]
[47 -109 35]
[47 -117 39]
[47 -109 32]
[47 -117 40]
[47 -99 31]
[47 -110 32]
[47 -116 40]
[47 -95 22]
[47 -110 35]
[47 -109 33]
[47 -98 31]
[47 -115 40]
[47 -105 31]
[47 -97 25]
[48 -99 32]
[48 -96 24]
[48 -98 32]
[48 -100 34]
[48 -101 34]
[48 -99 33]
[48 -99 34]
[48 -108 33]
[48 -117 41]
[48 -110 37]
[48 -103 33]
[48 -103 34]
[48 -114 41]
[48 -108 34]
[48 -108 2]
[49 -118 41]
[49 -116 41]
[49 -98 34]
[49 -107 33]
[49 -110 36]
[49 -108 36]
[49 -99 35]
[49 -100 35]
[49 -98 33]
[49 -98 35]
[49 -123 -4]
[49 -95 24]
[49 -95 25]
[49 -104 35]
[49 -103 35]
[50 -113 -2]
[50 -102 35]
[50 -111 38]
[50 -113 42]
[50 -99 36]
[50 -101 36]
[50 -101 35]
[50 -97 35]
[50 -104 36]
[50 -109 38]
[50 -109 36]
[50 -100 36]
[50 -98 36]
[50 -108 37]
[51 -103 36]
[51 -97 36]
[51 -98 37]
[51 -99 37]
[51 -100 37]
[51 -97 37]
[51 -102 34]
[51 -113 41]
[51 -115 42]
[51 -114 42]
[51 -104 37]
[51 -105 36]
[51 -110 38]
[52 -105 37]
[52 -106 37]
[52 -112 41]
[52 -101 37]
[52 -102 36]
[52 -95 23]
[52 -107 37]
[52 -114 -2]
[52 -105 35]
[52 -99 38]
[52 -113 40]
[52 -114 43]
[52 -112 42]
[53 -113 44]
[53 -114 44]
[53 -106 35]
[53 -106 36]
[53 -106 34]
[53 -97 38]
[53 -98 38]
[53 -112 39]
[53 -111 39]
[53 -108 38]
[53 -105 33]
[53 -102 38]
[53 -111 40]
[53 -109 39]
[53 -111 41]
[54 -107 38]
[54 -105 38]
[54 -112 45]
[54 -104 38]
[54 -112 -2]
[54 -115 43]
[54 -99 39]
[55 -103 38]
[55 -101 39]
[55 -112 46]
[55 -98 39]
[55 -110 40]
[55 -105 39]
[55 -100 40]
[55 -104 39]
[55 -122 -3]
[55 -100 39]
[55 -97 39]
[55 -110 42]
[56 -99 41]
[56 -101 40]
[56 -112 44]
[56 -104 40]
[56 -111 46]
[56 -113 47]
[56 -113 46]
[56 -111 47]
[56 -106 40]
[56 -109 42]
[56 -111 44]
[57 -107 40]
[57 -105 41]
[57 -112 47]
[57 -110 46]
[57 -114 46]
[57 -99 40]
[57 -102 39]
[57 -102 40]
[57 -101 41]
[57 -98 40]
[57 -122 -5]
[57 -122 -4]
[57 -114 47]
[57 -112 48]
[57 -108 42]
[57 -108 43]
[57 -108 41]
[57 -103 41]
[57 -103 40]
[58 -110 45]
[58 -107 39]
[58 -106 41]
[58 -100 41]
[58 -97 41]
[58 -99 42]
[58 -100 42]
[58 -107 44]
[58 -109 43]
[58 -111 48]
[58 -109 47]
[58 -113 49]
[58 -111 49]
[58 -107 42]
[58 -105 42]
[58 -121 -5]
[59 -109 40]
[59 -121 -4]
[59 -106 43]
[59 -108 45]
[59 -113 48]
[59 -110 48]
[59 -104 43]
[59 -106 42]
[59 -100 43]
[59 -99 43]
[59 -108 44]
[59 -107 43]
[59 -110 50]
[59 -112 49]
[59 -121 -6]
[59 -98 42]
[59 -96 41]
[60 -101 44]
[60 -105 43]
[60 -106 44]
[60 -98 43]
[60 -102 42]
[60 -101 42]
[60 -109 49]
[60 -110 51]
[60 -111 50]
[60 -109 45]
[60 -110 49]
[60 -110 47]
[60 -108 46]
[60 -107 46]
[61 -111 52]
[61 -103 43]
[61 -120 -7]
[61 -121 -7]
[61 -109 48]
[61 -105 44]
[61 -106 45]
[61 -112 51]
[61 -97 44]
[61 -101 43]
[61 -100 45]
[62 -121 -3]
[62 -122 -6]
[62 -122 -7]
[62 -104 45]
[62 -105 46]
[62 -102 43]
[62 -103 44]
[62 -104 44]
[62 -98 45]
[62 -99 46]
[62 -121 -8]
[62 -112 52]
[62 -111 51]
[63 -98 47]
[63 -98 46]
[63 -102 44]
[63 -120 -6]
[63 -109 52]
[63 -103 45]
[63 -105 47]
[63 -104 46]
[63 -106 47]
[64 -102 45]
[64 -107 47]
[64 -103 47]
[64 -119 -8]
[64 -112 53]
[64 -97 45]
[64 -97 47]
[64 -96 44]
[64 -108 53]
[64 -119 -7]
[64 -99 48]
[64 -102 46]
[65 -120 -4]
[65 -103 48]
[65 -111 53]
[65 -100 49]
[65 -104 47]
[65 -107 52]
[65 -107 53]
[65 -96 47]
[65 -97 46]
[65 -96 48]
[66 -96 45]
[66 -96 46]
[66 -102 49]
[66 -109 54]
[66 -101 48]
[66 -101 50]
[66 -110 54]
[66 -100 47]
[66 -108 49]
[66 -97 48]
[67 -101 51]
[67 -102 50]
[67 -100 51]
[67 -101 47]
[67 -95 44]
[67 -110 53]
[67 -95 43]
[67 -102 48]
[67 -103 49]
[67 -108 54]
[67 -107 50]
[68 -109 55]
[68 -99 51]
[68 -100 50]
[68 -100 52]
[68 -96 49]
[68 -120 -8]
[68 -118 -7]
[68 -102 51]
[68 -94 43]
[68 -94 44]
[68 -95 47]
[68 -104 49]
[68 -106 54]
[68 -106 49]
[68 -110 55]
[69 -103 51]
[69 -103 50]
[69 -107 55]
[69 -120 -5]
[69 -95 49]
[69 -109 56]
[69 -111 55]
[69 -123 -7]
[69 -118 -8]
[69 -102 52]
[69 -101 52]
[69 -105 50]
[70 -103 53]
[70 -102 53]
[70 -96 50]
[70 -105 49]
[70 -104 51]
[70 -93 43]
[70 -101 53]
[70 -98 50]
[70 -108 56]
[71 -101 54]
[71 -103 54]
[71 -108 57]
[71 -105 53]
[71 -107 56]
[71 -96 51]
[71 -117 -8]
[71 -92 42]
[71 -92 43]
[71 -119 -6]
[71 -110 56]
[72 -102 54]
[72 -104 52]
[72 -97 51]
[72 -106 56]
[72 -107 57]
[72 -108 58]
[72 -109 57]
[72 -101 55]
[72 -97 50]
[72 -91 43]
[72 -91 42]
[73 -106 57]
[73 -106 58]
[73 -116 -9]
[73 -102 55]
[73 -100 54]
[73 -100 55]
[73 -110 57]
[73 -104 54]
[73 -104 55]
[74 -99 54]
[74 -107 59]
[74 -96 52]
[74 -97 52]
[75 -105 58]
[75 -108 59]
[75 -98 54]
[75 -99 55]
[75 -110 58]
[75 -96 53]
[76 -105 59]
[76 -119 -5]
[76 -108 60]
[76 -99 53]
[76 -118 -6]
[76 -107 60]
[76 -99 56]
[76 -97 55]
[77 -100 56]
[77 -95 54]
[77 -98 57]
[77 -98 55]
[77 -109 61]
[77 -107 61]
[77 -96 54]
[77 -109 60]
[77 -106 60]
[77 -104 60]
[78 -103 61]
[78 -103 59]
[78 -105 60]
[78 -110 60]
[78 -98 58]
[78 -98 56]
[78 -97 56]
[78 -100 57]
[78 -94 55]
[78 -95 55]
[79 -104 58]
[79 -95 56]
[79 -97 54]
[79 -96 57]
[79 -105 61]
[79 -103 60]
[79 -116 -8]
[79 -93 55]
[79 -100 58]
[79 -99 57]
[79 -103 58]
[79 -99 58]
[79 -98 59]
[80 -97 59]
[80 -97 58]
[80 -101 59]
[80 -101 58]
[80 -94 56]
[80 -93 54]
[80 -117 -6]
[81 -92 55]
[81 -92 54]
[81 -102 62]
[81 -102 60]
[81 -100 59]
[81 -101 60]
[81 -99 59]
[81 -103 57]
[81 -115 -7]
[81 -96 59]
[82 -102 63]
[82 -98 60]
[82 -102 57]
[82 -91 54]
[82 -91 55]
[82 -118 -5]
[82 -115 -9]
[82 -114 -6]
[82 -115 -6]
[83 -115 -5]
[83 -99 60]
[83 -101 63]
[83 -100 60]
[83 -100 61]
[83 -95 60]
[83 -105 62]
[84 -102 56]
[84 -104 63]
[84 -97 61]
[84 -99 61]
[84 -94 59]
[84 -117 -4]
[84 -100 64]
[84 -97 60]
[84 -114 -5]
[85 -105 63]
[85 -94 60]
[85 -94 58]
[85 -93 58]
[85 -93 60]
[85 -95 59]
[85 -99 64]
[85 -99 63]
[85 -98 62]
[85 -113 -5]
[85 -96 61]
[85 -94 61]
[86 -93 59]
[86 -113 -6]
[86 -95 61]
[86 -99 62]
[86 -113 -7]
[86 -98 63]
[86 -97 62]
[86 -99 65]
[86 -92 57]
[86 -114 -9]
[86 -94 62]
[87 -92 59]
[87 -92 60]
[87 -94 63]
[87 -95 63]
[87 -91 56]
[87 -90 54]
[87 -90 56]
[87 -90 53]
[87 -97 63]
[87 -91 57]
[87 -92 58]
[88 -93 62]
[88 -112 -7]
[88 -98 66]
[88 -99 66]
[88 -113 -10]
[88 -96 63]
[88 -114 -10]
[88 -95 64]
[89 -89 53]
[89 -97 67]
[89 -97 65]
[89 -97 66]
[89 -99 67]
[89 -112 -10]
[89 -94 64]
[89 -91 58]
[89 -96 64]
[89 -111 -8]
[89 -111 -7]
[89 -115 -11]
[90 -98 67]
[90 -90 55]
[90 -113 -11]
[90 -96 66]
[90 -111 -6]
[90 -89 56]
[91 -95 65]
[91 -97 68]
[91 -111 -11]
[91 -112 -11]
[91 -114 -11]
[91 -110 -6]
[91 -89 55]
[91 -118 -4]
[92 -89 52]
[92 -109 -7]
[93 -99 68]
[93 -112 -12]
[93 -111 -12]
[94 -110 -12]
[94 -90 58]
[94 -108 -8]
[94 -88 55]
[94 -111 -13]
[94 -99 69]
[94 -110 -13]
[95 -90 59]
[95 -116 -11]
[95 -100 70]
[95 -100 69]
[95 -99 70]
[95 -113 -13]
[95 -89 54]
[95 -87 54]
[95 -87 56]
[95 -88 52]
[95 -89 51]
[95 -110 -14]
[95 -113 -12]
[96 -109 -9]
[96 -109 -15]
[96 -109 -14]
[96 -86 56]
[96 -86 53]
[96 -88 53]
[96 -98 71]
[97 -112 -13]
[97 -101 70]
[97 -85 56]
[97 -88 51]
[97 -89 58]
[97 -98 70]
[97 -108 -14]
[97 -89 50]
[98 -102 70]
[98 -86 54]
[98 -85 55]
[98 -101 68]
[98 -97 71]
[98 -97 70]
[98 -107 -8]
[98 -108 -15]
[98 -86 52]
[98 -85 53]
[98 -87 57]
[99 -87 55]
[99 -103 71]
[99 -88 50]
[99 -109 -16]
[99 -86 51]
[99 -84 53]
[99 -85 54]
[99 -108 -10]
[99 -102 68]
[99 -97 72]
[99 -86 55]
[100 -106 -8]
[100 -88 49]
[100 -88 54]
[100 -87 51]
[100 -85 52]
[100 -102 69]
[100 -102 72]
[100 -104 72]
[100 -96 72]
[100 -98 72]
[100 -103 69]
[100 -96 70]
[100 -101 71]
[100 -85 51]
[101 -114 -13]
[101 -98 73]
[101 -95 72]
[101 -105 -9]
[101 -105 -8]
[101 -108 -11]
[101 -103 73]
[101 -105 73]
[101 -95 70]
[102 -100 72]
[102 -106 72]
[102 -94 70]
[102 -95 71]
[102 -94 69]
[102 -106 -10]
[102 -107 -15]
[102 -114 -14]
[102 -102 74]
[102 -108 -12]
[102 -104 -7]
[102 -104 -8]
[102 -107 -7]
[102 -97 73]
[102 -84 52]
[102 -87 50]
[102 -104 73]
[102 -105 71]
[102 -94 72]
[102 -87 49]
[102 -89 57]
[102 -95 69]
[102 -87 48]
[103 -103 75]
[103 -101 75]
[103 -105 74]
[103 -88 48]
[103 -103 74]
[103 -107 -13]
[103 -93 71]
[103 -87 47]
[103 -94 68]
[103 -96 74]
[103 -104 69]
[103 -106 73]
[103 -106 71]
[103 -105 70]
[103 -103 -6]
[104 -102 76]
[104 -101 74]
[104 -104 -10]
[104 -106 69]
[104 -105 69]
[104 -107 73]
[104 -107 72]
[104 -103 76]
[104 -104 76]
[104 -94 67]
[104 -104 -6]
[104 -104 -9]
[104 -103 -7]
[104 -95 74]
[104 -93 70]
[104 -92 72]
[104 -106 -14]
[104 -105 75]
[104 -97 74]
[104 -107 74]
[105 -107 70]
[105 -98 75]
[105 -104 75]
[105 -106 74]
[105 -100 73]
[105 -103 -8]
[105 -105 76]
[105 -84 50]
[105 -93 68]
[105 -87 46]
[105 -93 73]
[105 -106 -15]
[105 -91 72]
[105 -92 73]
[105 -92 71]
[105 -107 -14]
[105 -100 74]
[105 -108 71]
[105 -108 72]
[106 -90 71]
[106 -90 73]
[106 -106 -12]
[106 -85 50]
[106 -109 73]
[106 -104 77]
[106 -103 77]
[106 -105 77]
[106 -93 69]
[106 -91 73]
[106 -92 67]
[106 -102 -8]
[106 -92 74]
[106 -102 -6]
[107 -108 74]
[107 -104 78]
[107 -95 75]
[107 -106 -13]
[107 -91 75]
[107 -97 75]
[107 -89 72]
[107 -90 74]
[107 -101 77]
[107 -94 74]
[107 -97 76]
[107 -98 76]
[107 -105 78]
[107 -106 78]
[107 -106 77]
[107 -101 -9]
[107 -86 45]
[108 -107 78]
[108 -89 71]
[108 -104 79]
[108 -103 78]
[108 -88 45]
[108 -102 -7]
[108 -102 77]
[108 -110 72]
[108 -110 73]
[108 -94 75]
[108 -89 74]
[108 -92 76]
[108 -99 77]
[108 -99 76]
[108 -96 77]
[108 -102 78]
[108 -108 75]
[109 -93 76]
[109 -111 73]
[109 -108 76]
[109 -109 76]
[109 -92 68]
[109 -92 75]
[109 -107 77]
[109 -101 78]
[109 -96 78]
[109 -100 77]
[109 -109 74]
[109 -107 -12]
[109 -105 -13]
[109 -87 44]
[109 -91 77]
[109 -109 75]
[109 -88 73]
[110 -99 78]
[110 -107 76]
[110 -102 79]
[110 -108 78]
[110 -109 -11]
[110 -95 77]
[110 -97 78]
[110 -97 77]
[110 -87 74]
[110 -88 74]
[110 -97 79]
[110 -108 77]
[110 -100 79]
[110 -91 67]
[110 -110 75]
[110 -105 -14]
[110 -95 76]
[110 -90 76]
[110 -91 78]
[111 -87 45]
[111 -86 44]
[111 -85 44]
[111 -87 73]
[111 -87 72]
[111 -86 74]
[111 -101 80]
[111 -99 79]
[111 -92 79]
[111 -92 77]
[111 -91 76]
[111 -89 75]
[111 -88 47]
[111 -108 79]
[111 -109 77]
[111 -89 76]
[111 -104 -13]
[111 -111 75]
[111 -90 75]
[111 -96 80]
[111 -96 79]
[111 -103 79]
[112 -95 80]
[112 -110 77]
[112 -88 77]
[112 -106 -16]
[112 -88 71]
[112 -86 72]
[112 -108 80]
[112 -84 49]
[112 -87 75]
[112 -86 75]
[112 -85 73]
[112 -98 79]
[112 -109 79]
[112 -91 66]
[112 -111 76]
[112 -91 79]
[112 -100 81]
[112 -102 81]
[112 -93 80]
[112 -91 80]
[113 -88 46]
[113 -102 -9]
[113 -86 71]
[113 -110 78]
[113 -109 78]
[113 -101 81]
[113 -103 82]
[113 -85 72]
[113 -84 74]
[113 -84 72]
[113 -90 80]
[113 -111 77]
[113 -99 81]
[113 -99 82]
[113 -101 82]
[113 -87 76]
[113 -107 80]
[113 -87 70]
[113 -87 71]
[113 -112 74]
[113 -85 75]
[113 -97 80]
[113 -87 43]
[113 -99 80]
[113 -105 -16]
[113 -105 -17]
[113 -108 81]
[113 -94 81]
[113 -93 79]
[113 -91 65]
[113 -94 78]
[113 -85 43]
[114 -85 71]
[114 -93 77]
[114 -106 81]
[114 -104 -14]
[114 -86 70]
[114 -94 80]
[114 -89 80]
[114 -89 79]
[114 -98 82]
[114 -103 81]
[114 -101 -6]
[114 -83 74]
[114 -84 76]
[114 -84 75]
[114 -110 79]
[114 -103 83]
[114 -98 83]
[114 -100 82]
[114 -100 83]
[114 -87 77]
[114 -91 64]
[114 -86 43]
[114 -91 81]
[114 -86 76]
[114 -90 66]
[114 -92 80]
[114 -111 79]
[114 -86 77]
[114 -84 71]
[115 -88 80]
[115 -89 81]
[115 -85 77]
[115 -85 76]
[115 -83 75]
[115 -84 73]
[115 -88 69]
[115 -86 69]
[115 -83 76]
[115 -90 82]
[115 -106 82]
[115 -108 82]
[115 -109 81]
[115 -85 70]
[115 -112 80]
[115 -95 82]
[115 -88 79]
[115 -100 -6]
[115 -90 81]
[115 -84 70]
[116 -111 80]
[116 -112 79]
[116 -85 78]
[116 -89 82]
[116 -113 74]
[116 -89 67]
[116 -104 -17]
[116 -99 83]
[116 -89 78]
[116 -86 68]
[116 -87 69]
[116 -107 83]
[116 -82 74]
[116 -88 78]
[116 -85 69]
[116 -92 82]
[116 -101 -5]
[116 -87 79]
[117 -82 75]
[117 -108 84]
[117 -87 80]
[117 -89 66]
[117 -106 83]
[117 -105 82]
[117 -86 80]
[117 -104 -15]
[118 -86 79]
[118 -109 84]
[118 -109 85]
[118 -107 84]
[118 -81 75]
[118 -94 82]
[118 -88 82]
[118 -96 83]
[118 -113 75]
[118 -84 43]
[118 -85 79]
[118 -100 -10]
[118 -105 83]
[118 -102 84]
[119 -84 68]
[119 -97 82]
[119 -110 86]
[119 -82 76]
[119 -88 68]
[119 -84 48]
[119 -106 85]
[119 -108 85]
[119 -84 69]
[119 -86 42]
[119 -87 42]
[119 -96 82]
[119 -96 84]
[120 -105 84]
[120 -83 47]
[120 -83 68]
[120 -103 -18]
[120 -91 63]
[120 -87 68]
[120 -89 69]
[120 -83 48]
[120 -82 77]
[120 -100 84]
[120 -95 84]
[120 -110 84]
[121 -100 -5]
[121 -104 -19]
[121 -83 70]
[121 -87 83]
[121 -110 83]
[121 -84 79]
[121 -80 76]
[121 -80 75]
[121 -82 78]
[121 -109 86]
[121 -85 81]
[121 -84 80]
[121 -83 67]
[121 -82 67]
[121 -87 41]
[122 -111 87]
[122 -81 79]
[122 -82 69]
[122 -102 -19]
[122 -83 66]
[122 -82 66]
[122 -86 82]
[122 -81 73]
[122 -79 74]
[122 -85 82]
[122 -88 67]
[123 -82 71]
[123 -103 -19]
[123 -81 67]
[123 -80 74]
[123 -109 87]
[123 -83 81]
[123 -94 84]
[123 -82 46]
[123 -82 79]
[123 -81 78]
[123 -86 40]
[123 -82 68]
[123 -81 72]
[123 -102 -20]
[123 -79 77]
[123 -79 75]
[123 -90 69]
[123 -80 79]
[123 -82 80]
[124 -85 83]
[124 -84 83]
[124 -84 81]
[124 -81 71]
[124 -83 80]
[124 -80 77]
[124 -81 80]
[124 -79 80]
[124 -79 79]
[124 -101 -21]
[124 -103 -20]
[124 -110 88]
[124 -80 73]
[124 -78 75]
[124 -86 83]
[125 -81 68]
[125 -79 78]
[125 -81 65]
[125 -83 82]
[125 -78 74]
[125 -79 76]
[125 -110 89]
[125 -80 72]
[125 -81 81]
[125 -82 81]
[125 -101 -20]
[125 -78 76]
[125 -103 -17]
[125 -78 80]
[125 -78 79]
[125 -80 81]
[126 -109 90]
[126 -99 -10]
[126 -83 83]
[126 -79 73]
[126 -79 82]
[126 -79 81]
[126 -80 82]
[126 -77 76]
[126 -77 75]
[126 -81 46]
[126 -80 70]
[126 -111 88]
[126 -78 77]
[126 -78 81]
[126 -82 82]
[126 -78 73]
[126 -79 72]
[126 -102 -16]
[126 -80 65]
[126 -82 64]
[127 -81 64]
[127 -81 63]
[127 -79 71]
[127 -108 90]
[127 -81 70]
[127 -77 77]
[127 -79 83]
[127 -80 83]
[127 -78 83]
[127 -77 80]
[127 -77 78]
[127 -80 64]
[127 -86 39]
[127 -81 83]
[127 -79 70]
[127 -77 72]
[127 -77 73]
[127 -78 82]
[127 -77 81]
[127 -77 74]
[127 -76 76]
[128 -79 69]
[128 -107 89]
[128 -108 88]
[128 -93 84]
[128 -76 77]
[128 -82 62]
[128 -81 62]
[128 -80 63]
[128 -79 66]
[128 -79 64]
[128 -79 65]
[128 -79 63]
[128 -78 69]
[128 -78 71]
[128 -81 45]
[128 -76 78]
[128 -76 82]
[128 -76 81]
[128 -76 79]
[128 -103 -15]
[128 -78 72]
[128 -86 38]
[128 -100 -21]
[128 -87 40]
[128 -80 45]
[129 -75 83]
[129 -75 82]
[129 -76 75]
[129 -78 64]
[129 -78 63]
[129 -80 62]
[129 -79 62]
[129 -106 88]
[129 -98 -10]
[129 -79 68]
[129 -108 91]
[129 -79 45]
[129 -78 65]
[129 -100 -22]
[129 -99 -22]
[129 -78 66]
[129 -77 83]
[129 -75 78]
[129 -83 62]
[129 -104 -20]
[129 -78 70]
[129 -87 38]
[129 -87 39]
[130 -91 62]
[130 -82 70]
[130 -77 66]
[130 -77 65]
[130 -84 62]
[130 -74 78]
[130 -76 83]
[130 -74 82]
[130 -77 64]
[130 -77 63]
[130 -107 90]
[130 -78 62]
[130 -77 62]
[131 -76 66]
[131 -76 64]
[131 -91 61]
[131 -77 61]
[131 -78 61]
[131 -76 63]
[131 -107 91]
[131 -87 37]
[131 -79 61]
[131 -76 62]
[131 -77 67]
[131 -78 67]
[131 -76 65]
[131 -77 68]
[131 -77 70]
[131 -75 76]
[131 -109 91]
[131 -108 92]
[131 -107 92]
[132 -97 -10]
[132 -74 79]
[132 -85 38]
[132 -76 67]
[132 -75 67]
[132 -75 66]
[132 -108 93]
[132 -76 68]
[132 -76 69]
[132 -75 63]
[132 -75 64]
[132 -75 65]
[132 -107 93]
[132 -79 44]
[132 -98 -22]
[132 -90 61]
[132 -79 60]
[132 -85 37]
[132 -98 -9]
[133 -108 94]
[133 -107 94]
[133 -75 68]
[133 -75 69]
[133 -106 93]
[133 -74 75]
[133 -101 -16]
[133 -74 66]
[133 -74 65]
[133 -85 62]
[133 -102 -15]
[133 -74 80]
[133 -74 63]
[133 -88 37]
[133 -74 68]
[133 -74 67]
[134 -98 -23]
[134 -74 70]
[134 -73 74]
[134 -73 67]
[134 -74 64]
[134 -74 69]
[134 -105 89]
[134 -105 93]
[134 -73 81]
[134 -73 77]
[134 -73 66]
[134 -73 64]
[134 -107 95]
[134 -106 94]
[134 -73 68]
[134 -79 59]
[135 -72 64]
[135 -72 65]
[135 -73 65]
[135 -78 44]
[135 -73 70]
[135 -73 69]
[135 -75 70]
[135 -76 70]
[135 -74 74]
[135 -72 73]
[135 -73 78]
[135 -73 75]
[135 -73 71]
[135 -86 36]
[135 -85 36]
[135 -105 94]
[135 -106 95]
[135 -104 94]
[135 -97 -24]
[135 -72 66]
[135 -97 -11]
[135 -72 76]
[135 -72 67]
[135 -72 69]
[135 -72 68]
[135 -96 -11]
[136 -72 70]
[136 -106 96]
[136 -99 -24]
[136 -77 43]
[136 -97 -23]
[136 -105 95]
[136 -72 81]
[136 -73 80]
[136 -86 62]
[136 -85 35]
[136 -71 66]
[136 -71 65]
[136 -74 73]
[136 -72 78]
[136 -71 68]
[136 -71 67]
[136 -75 71]
[136 -105 92]
[136 -71 74]
[136 -73 73]
[136 -72 72]
[136 -72 79]
[136 -72 71]
[136 -71 69]
[136 -73 79]
[136 -103 95]
[136 -71 76]
[137 -70 66]
[137 -78 43]
[137 -105 96]
[137 -74 72]
[137 -73 72]
[137 -75 72]
[137 -70 68]
[137 -70 69]
[137 -70 67]
[137 -87 62]
[137 -87 61]
[137 -71 70]
[137 -70 75]
[137 -70 76]
[137 -104 96]
[137 -79 58]
[137 -84 35]
[137 -96 -25]
[137 -97 -25]
[137 -98 -24]
[137 -71 72]
[137 -71 73]
[137 -76 42]
[137 -104 90]
[137 -70 73]
[137 -70 74]
[137 -71 71]
[137 -98 -25]
[137 -100 -25]
[138 -69 73]
[138 -88 36]
[138 -82 47]
[138 -69 70]
[138 -69 68]
[138 -69 67]
[138 -69 66]
[138 -104 91]
[138 -71 81]
[138 -88 61]
[138 -69 69]
[138 -69 76]
[138 -70 71]
[138 -70 70]
[138 -71 78]
[138 -103 93]
[138 -73 83]
[138 -99 -26]
[138 -99 -20]
[138 -70 72]
[138 -83 34]
[139 -103 97]
[139 -68 72]
[139 -69 72]
[139 -68 73]
[139 -98 -26]
[139 -80 60]
[139 -70 77]
[139 -68 75]
[139 -68 67]
[139 -90 60]
[139 -84 39]
[139 -97 -9]
[139 -68 69]
[139 -72 83]
[139 -104 92]
[139 -86 35]
[139 -69 71]
[139 -85 34]
[139 -84 34]
[139 -68 68]
[139 -70 82]
[139 -71 80]
[139 -83 33]
[139 -84 33]
[139 -74 76]
[139 -79 57]
[139 -78 59]
[140 -102 96]
[140 -102 98]
[140 -67 68]
[140 -99 -25]
[140 -86 33]
[140 -73 82]
[140 -67 73]
[140 -67 72]
[140 -70 78]
[140 -96 -10]
[140 -96 -12]
[140 -71 83]
[140 -73 84]
[140 -83 32]
[140 -84 32]
[140 -82 33]
[140 -68 71]
[140 -67 71]
[140 -68 70]
[140 -106 97]
[140 -71 82]
[140 -70 83]
[141 -66 72]
[141 -66 71]
[141 -86 32]
[141 -85 33]
[141 -87 32]
[141 -104 97]
[141 -100 -16]
[141 -69 82]
[141 -70 84]
[141 -66 70]
[141 -67 70]
[141 -101 97]
[141 -83 31]
[141 -82 32]
[141 -84 31]
[141 -81 32]
[141 -104 98]
[141 -85 31]
[141 -98 -19]
[141 -96 -9]
[141 -69 83]
[141 -67 67]
[141 -95 -12]
[141 -72 84]
[141 -67 76]
[141 -66 74]
[141 -66 69]
[142 -82 31]
[142 -65 73]
[142 -66 73]
[142 -66 75]
[142 -68 82]
[142 -103 98]
[142 -100 -17]
[142 -72 82]
[142 -85 32]
[142 -68 77]
[142 -82 30]
[142 -84 30]
[142 -65 72]
[142 -65 71]
[142 -73 76]
[142 -67 69]
[142 -66 68]
[142 -86 34]
[142 -65 70]
[142 -95 -11]
[142 -77 42]
[142 -98 -20]
[142 -85 30]
[142 -83 30]
[142 -81 33]
[143 -64 70]
[143 -99 -17]
[143 -65 69]
[143 -105 98]
[143 -65 75]
[143 -65 74]
[143 -97 -19]
[143 -78 58]
[143 -84 29]
[143 -68 81]
[143 -78 56]
[143 -85 29]
[143 -83 29]
[143 -80 32]
[143 -64 74]
[143 -102 99]
[143 -64 73]
[143 -64 71]
[143 -106 98]
[143 -86 30]
[143 -101 96]
[144 -102 100]
[144 -65 76]
[144 -87 33]
[144 -64 72]
[144 -105 99]
[144 -68 80]
[144 -85 28]
[144 -64 69]
[144 -63 72]
[144 -63 73]
[144 -64 75]
[144 -63 74]
[144 -83 28]
[144 -98 -18]
[144 -99 -18]
[144 -96 -18]
[144 -94 -13]
[144 -63 70]
[144 -86 31]
[144 -64 76]
[144 -86 29]
[144 -77 57]
[145 -100 97]
[145 -68 79]
[145 -67 80]
[145 -63 71]
[145 -62 73]
[145 -68 83]
[145 -63 75]
[145 -64 77]
[145 -76 41]
[145 -94 -11]
[145 -97 -18]
[145 -97 -20]
[145 -62 71]
[145 -96 -23]
[145 -62 74]
[145 -67 81]
[145 -67 83]
[145 -71 84]
[145 -62 75]
[145 -106 99]
[145 -105 100]
[145 -66 77]
[145 -102 101]
[145 -103 100]
[145 -77 55]
[146 -70 85]
[146 -65 77]
[146 -66 84]
[146 -66 83]
[146 -67 82]
[146 -63 76]
[146 -61 76]
[146 -62 76]
[146 -61 75]
[146 -62 72]
[146 -61 70]
[146 -61 71]
[146 -101 100]
[146 -61 73]
[146 -65 78]
[146 -83 39]
[146 -62 70]
[146 -103 101]
[146 -100 -20]
[146 -94 -12]
[146 -63 78]
[146 -63 77]
[146 -103 102]
[146 -98 -17]
[146 -66 79]
[146 -67 79]
[146 -61 74]
[146 -87 34]
[146 -67 78]
[146 -77 56]
[146 -95 -18]
[146 -87 31]
[147 -106 100]
[147 -95 -24]
[147 -66 82]
[147 -70 86]
[147 -84 28]
[147 -99 -19]
[147 -60 74]
[147 -60 73]
[147 -61 72]
[147 -60 75]
[147 -62 77]
[147 -60 76]
[147 -60 70]
[147 -61 69]
[147 -60 71]
[147 -60 69]
[147 -80 34]
[147 -95 -19]
[147 -65 80]
[147 -82 38]
[147 -65 84]
[147 -66 85]
[147 -67 85]
[147 -64 78]
[147 -66 81]
[147 -68 84]
[147 -87 29]
[147 -87 30]
[147 -88 34]
[147 -60 72]
[147 -62 78]
[148 -59 72]
[148 -95 -23]
[148 -59 70]
[148 -61 78]
[148 -59 73]
[148 -59 74]
[148 -76 44]
[148 -69 86]
[148 -65 83]
[148 -59 76]
[148 -59 77]
[148 -61 77]
[148 -100 101]
[148 -64 84]
[148 -78 57]
[148 -61 79]
[148 -63 79]
[148 -65 79]
[148 -84 27]
[148 -95 -13]
[148 -105 101]
[148 -59 71]
[148 -79 35]
[148 -80 35]
[148 -104 103]
[148 -103 103]
[148 -88 33]
[148 -59 69]
[148 -59 68]
[148 -60 68]
[148 -98 -27]
[148 -107 101]
[148 -76 55]
[148 -65 86]
[148 -59 75]
[149 -79 34]
[149 -103 104]
[149 -60 77]
[149 -60 78]
[149 -58 71]
[149 -58 72]
[149 -64 86]
[149 -65 87]
[149 -66 86]
[149 -94 -25]
[149 -75 40]
[149 -59 67]
[149 -60 67]
[149 -61 68]
[149 -79 36]
[149 -61 80]
[149 -58 76]
[149 -58 73]
[149 -58 74]
[149 -58 75]
[149 -99 98]
[149 -63 85]
[149 -64 83]
[149 -63 83]
[149 -58 68]
[149 -60 79]
[149 -58 69]
[149 -58 70]
[149 -58 77]
[149 -76 57]
[149 -81 37]
[149 -97 -28]
[150 -62 83]
[150 -64 82]
[150 -57 73]
[150 -57 68]
[150 -57 76]
[150 -106 101]
[150 -59 78]
[150 -59 79]
[150 -68 86]
[150 -76 56]
[150 -98 -28]
[150 -103 105]
[150 -102 105]
[150 -60 81]
[150 -62 80]
[150 -62 81]
[150 -63 87]
[150 -63 84]
[150 -57 75]
[150 -57 74]
[150 -62 84]
[150 -89 32]
[150 -94 -17]
[150 -57 72]
[150 -68 85]
[150 -65 88]
[150 -99 100]
[150 -58 78]
[150 -99 99]
[150 -60 80]
[150 -59 80]
[150 -75 44]
[150 -58 67]
[150 -75 39]
[150 -64 87]
[150 -57 71]
[150 -102 103]
[150 -57 67]
[150 -57 69]
[150 -100 -18]
[150 -95 -17]
[150 -93 -25]
[151 -56 74]
[151 -66 88]
[151 -57 70]
[151 -56 69]
[151 -56 70]
[151 -64 81]
[151 -104 105]
[151 -57 77]
[151 -57 78]
[151 -58 79]
[151 -86 28]
[151 -68 87]
[151 -64 88]
[151 -61 83]
[151 -61 82]
[151 -93 -12]
[151 -103 106]
[151 -89 33]
[151 -61 85]
[151 -56 71]
[151 -61 81]
[151 -63 81]
[151 -71 86]
[151 -89 34]
[151 -101 104]
[151 -62 88]
[151 -63 86]
[151 -98 101]
[151 -71 85]
[151 -56 76]
[151 -56 75]
[151 -96 -29]
[151 -98 -29]
[151 -93 -13]
[151 -59 81]
[151 -58 80]
[151 -98 100]
[151 -98 99]
[152 -56 77]
[152 -104 104]
[152 -60 83]
[152 -66 89]
[152 -62 85]
[152 -63 88]
[152 -56 68]
[152 -55 68]
[152 -55 70]
[152 -55 69]
[152 -55 75]
[152 -62 87]
[152 -56 67]
[152 -60 84]
[152 -60 82]
[152 -57 79]
[152 -61 87]
[152 -63 89]
[152 -61 88]
[152 -95 -25]
[152 -55 76]
[152 -55 77]
[152 -99 102]
[152 -100 103]
[152 -105 104]
[152 -97 100]
[152 -97 99]
[152 -58 81]
[152 -56 78]
[152 -63 80]
[152 -83 38]
[152 -57 81]
[152 -95 -22]
[152 -88 35]
[152 -94 -14]
[152 -55 71]
[152 -58 82]
[152 -95 -14]
[152 -99 -29]
[152 -61 86]
[152 -59 82]
[152 -65 89]
[152 -101 102]
[152 -67 87]
[152 -62 86]
[153 -56 72]
[153 -92 -13]
[153 -57 80]
[153 -57 82]
[153 -56 73]
[153 -54 76]
[153 -56 80]
[153 -75 54]
[153 -55 78]
[153 -83 26]
[153 -54 77]
[153 -64 89]
[153 -64 90]
[153 -76 45]
[153 -54 69]
[153 -89 31]
[153 -55 74]
[153 -92 -14]
[153 -105 105]
[153 -59 84]
[153 -59 83]
[153 -60 85]
[153 -60 87]
[153 -60 88]
[153 -54 71]
[153 -54 72]
[153 -97 -29]
[153 -105 102]
[153 -105 103]
[153 -72 86]
[153 -54 74]
[153 -106 104]
[153 -106 103]
[153 -54 70]
[153 -55 72]
[153 -56 79]
[153 -60 86]
[153 -59 85]
[153 -94 -15]
[153 -58 83]
[154 -59 86]
[154 -55 73]
[154 -54 73]
[154 -55 81]
[154 -56 81]
[154 -53 74]
[154 -74 39]
[154 -82 25]
[154 -58 84]
[154 -58 85]
[154 -53 68]
[154 -53 69]
[154 -53 70]
[154 -56 83]
[154 -97 101]
[154 -53 73]
[154 -107 104]
[154 -75 56]
[154 -82 37]
[154 -53 71]
[154 -95 -15]
[154 -61 89]
[154 -67 88]
[154 -68 88]
[154 -53 72]
[154 -96 -30]
[154 -83 27]
[154 -53 76]
[154 -93 -16]
[154 -54 79]
[154 -54 78]
[154 -53 78]
[154 -57 83]
[154 -59 87]
[154 -97 -30]
[154 -55 80]
[154 -59 88]
[154 -60 89]
[155 -53 80]
[155 -53 79]
[155 -55 79]
[155 -58 86]
[155 -57 86]
[155 -57 85]
[155 -58 87]
[155 -54 80]
[155 -56 82]
[155 -54 81]
[155 -93 -24]
[155 -93 -26]
[155 -53 77]
[155 -52 77]
[155 -52 79]
[155 -52 72]
[155 -52 74]
[155 -60 90]
[155 -59 89]
[155 -59 90]
[155 -52 68]
[155 -63 90]
[155 -68 89]
[155 -52 73]
[155 -57 84]
[155 -52 70]
[155 -90 30]
[155 -74 43]
[155 -55 67]
[155 -81 25]
[156 -58 88]
[156 -57 87]
[156 -52 69]
[156 -51 68]
[156 -52 67]
[156 -53 81]
[156 -75 43]
[156 -82 24]
[156 -83 24]
[156 -81 24]
[156 -51 73]
[156 -77 45]
[156 -51 71]
[156 -53 82]
[156 -54 82]
[156 -58 89]
[156 -53 67]
[156 -56 85]
[156 -51 69]
[156 -52 71]
[156 -61 90]
[156 -59 91]
[156 -61 91]
[156 -58 91]
[156 -58 90]
[156 -57 88]
[156 -92 -26]
[156 -67 90]
[156 -51 79]
[156 -52 78]
[156 -55 82]
[156 -56 84]
[156 -52 76]
[156 -52 81]
[156 -72 87]
[156 -95 -29]
[156 -92 -12]
[157 -68 91]
[157 -56 87]
[157 -51 80]
[157 -56 86]
[157 -55 83]
[157 -92 -15]
[157 -50 72]
[157 -50 73]
[157 -51 72]
[157 -62 91]
[157 -60 92]
[157 -74 38]
[157 -52 82]
[157 -96 -17]
[157 -51 75]
[157 -56 88]
[157 -54 67]
[157 -51 78]
[157 -51 77]
[157 -50 70]
[157 -51 70]
[157 -57 90]
[157 -95 -30]
[157 -55 85]
[157 -55 86]
[157 -81 23]
[157 -54 83]
[157 -55 84]
[157 -82 36]
[157 -50 80]
[157 -82 23]
[157 -83 23]
[157 -93 -15]
[157 -98 -30]
[157 -51 74]
[157 -50 71]
[157 -68 90]
[157 -52 80]
[157 -51 76]
[157 -52 83]
[157 -53 83]
[157 -102 104]
[157 -94 -23]
[157 -73 38]
[157 -57 91]
[157 -57 89]
[157 -106 102]
[158 -54 84]
[158 -51 67]
[158 -93 -11]
[158 -49 71]
[158 -84 22]
[158 -82 22]
[158 -83 22]
[158 -50 76]
[158 -50 69]
[158 -96 -31]
[158 -54 85]
[158 -52 84]
[158 -55 87]
[158 -54 87]
[158 -49 69]
[158 -76 38]
[158 -54 86]
[158 -56 91]
[158 -56 90]
[158 -49 79]
[158 -49 81]
[158 -50 81]
[158 -49 80]
[158 -83 35]
[158 -82 35]
[158 -67 91]
[158 -51 81]
[158 -51 82]
[158 -93 -23]
[158 -49 72]
[158 -50 75]
[158 -56 89]
[158 -55 88]
[158 -50 67]
[158 -50 79]
[158 -50 78]
[158 -50 77]
[158 -107 102]
[159 -53 84]
[159 -52 85]
[159 -51 85]
[159 -61 92]
[159 -51 84]
[159 -51 83]
[159 -49 77]
[159 -49 76]
[159 -50 82]
[159 -50 68]
[159 -90 31]
[159 -54 88]
[159 -65 91]
[159 -49 70]
[159 -49 68]
[159 -55 90]
[159 -51 66]
[159 -53 87]
[159 -53 85]
[159 -49 73]
[159 -48 81]
[159 -84 24]
[159 -84 23]
[159 -106 106]
[159 -94 -24]
[159 -49 78]
[159 -92 -16]
[159 -81 22]
[159 -100 102]
[159 -101 103]
[159 -59 92]
[159 -55 89]
[159 -54 89]
[159 -73 42]
[159 -90 29]
[159 -95 -16]
[159 -53 86]
[159 -55 91]
[159 -84 21]
[159 -53 88]
[160 -82 21]
[160 -91 -17]
[160 -51 86]
[160 -52 86]
[160 -50 84]
[160 -49 83]
[160 -49 82]
[160 -94 -16]
[160 -47 80]
[160 -47 81]
[160 -47 82]
[160 -58 92]
[160 -51 65]
[160 -48 72]
[160 -48 71]
[160 -50 66]
[160 -52 89]
[160 -52 88]
[160 -52 87]
[160 -48 73]
[160 -48 68]
[160 -48 69]
[160 -48 78]
[160 -94 -31]
[160 -96 -28]
[160 -54 90]
[160 -94 -22]
[160 -49 74]
[160 -48 76]
[160 -48 77]
[160 -48 80]
[160 -49 67]
[160 -48 75]
[161 -48 74]
[161 -47 74]
[161 -48 82]
[161 -49 84]
[161 -50 83]
[161 -47 77]
[161 -48 70]
[161 -46 82]
[161 -48 67]
[161 -47 69]
[161 -54 91]
[161 -53 89]
[161 -64 91]
[161 -51 87]
[161 -91 -16]
[161 -47 71]
[161 -77 46]
[161 -47 70]
[161 -50 85]
[161 -51 88]
[161 -75 55]
[161 -48 79]
[161 -47 79]
[161 -48 83]
[161 -47 78]
[162 -47 73]
[162 -47 75]
[162 -47 83]
[162 -56 92]
[162 -46 79]
[162 -50 87]
[162 -50 88]
[162 -47 72]
[162 -46 73]
[162 -46 74]
[162 -46 70]
[162 -74 56]
[162 -49 85]
[162 -47 68]
[162 -46 78]
[162 -46 83]
[162 -46 81]
[162 -95 -31]
[162 -46 80]
[162 -50 86]
[162 -49 65]
[162 -45 83]
[162 -45 82]
[162 -46 71]
[163 -45 81]
[163 -74 54]
[163 -46 72]
[163 -49 87]
[163 -93 -27]
[163 -45 73]
[163 -46 84]
[163 -45 84]
[163 -46 67]
[163 -46 75]
[163 -51 89]
[163 -49 89]
[163 -49 88]
[163 -48 84]
[163 -47 84]
[163 -44 82]
[163 -72 41]
[163 -78 46]
[163 -50 89]
[163 -84 20]
[163 -49 86]
[163 -48 85]
[163 -45 70]
[163 -44 81]
[163 -45 71]
[163 -93 -32]
[163 -55 93]
[163 -56 93]
[163 -57 93]
[163 -45 74]
[163 -45 80]
[164 -43 83]
[164 -46 69]
[164 -50 90]
[164 -44 75]
[164 -44 73]
[164 -44 71]
[164 -47 85]
[164 -48 87]
[164 -48 88]
[164 -48 86]
[164 -56 94]
[164 -50 65]
[164 -45 85]
[164 -46 85]
[164 -44 83]
[164 -44 72]
[164 -45 72]
[164 -47 66]
[164 -45 76]
[164 -48 90]
[164 -90 -18]
[164 -93 -28]
[164 -48 89]
[164 -54 94]
[164 -44 74]
[165 -45 86]
[165 -44 86]
[165 -46 86]
[165 -44 84]
[165 -47 88]
[165 -47 89]
[165 -43 74]
[165 -43 73]
[165 -45 75]
[165 -49 90]
[165 -50 91]
[165 -49 91]
[165 -52 65]
[165 -44 76]
[165 -43 76]
[165 -43 75]
[165 -47 87]
[165 -47 86]
[165 -92 -32]
[165 -43 72]
[165 -47 90]
[165 -45 68]
[165 -53 94]
[165 -43 84]
[165 -42 84]
[165 -47 91]
[165 -73 53]
[166 -46 87]
[166 -46 88]
[166 -46 89]
[166 -42 76]
[166 -43 70]
[166 -90 -17]
[166 -45 67]
[166 -91 -19]
[166 -44 85]
[166 -42 83]
[166 -43 85]
[166 -42 85]
[166 -48 92]
[166 -49 92]
[166 -48 91]
[166 -55 94]
[166 -72 43]
[166 -74 42]
[166 -46 92]
[166 -46 90]
[166 -42 73]
[166 -49 66]
[166 -52 95]
[166 -52 64]
[166 -44 87]
[166 -45 87]
[166 -43 77]
[166 -42 77]
[166 -43 86]
[167 -42 86]
[167 -76 37]
[167 -44 69]
[167 -42 69]
[167 -45 90]
[167 -45 88]
[167 -44 88]
[167 -46 93]
[167 -45 93]
[167 -47 92]
[167 -45 91]
[167 -45 92]
[167 -48 93]
[167 -45 89]
[167 -41 85]
[167 -41 83]
[167 -41 84]
[167 -42 75]
[167 -41 77]
[167 -41 75]
[167 -41 76]
[167 -46 91]
[167 -43 88]
[167 -43 87]
[167 -42 87]
[167 -42 78]
[167 -47 93]
[167 -91 -31]
[167 -91 -32]
[167 -46 66]
[168 -47 65]
[168 -40 82]
[168 -40 84]
[168 -44 91]
[168 -44 90]
[168 -44 89]
[168 -92 -11]
[168 -44 68]
[168 -42 74]
[168 -48 65]
[168 -41 88]
[168 -40 74]
[168 -40 76]
[168 -41 78]
[168 -42 88]
[168 -43 89]
[168 -75 36]
[168 -41 82]
[168 -46 94]
[168 -45 94]
[168 -47 94]
[168 -91 -18]
[168 -40 86]
[168 -44 92]
[168 -44 93]
[168 -41 68]
[168 -71 41]
[168 -93 -31]
[168 -41 86]
[168 -91 -20]
[169 -43 90]
[169 -43 91]
[169 -53 64]
[169 -41 74]
[169 -90 28]
[169 -39 83]
[169 -41 87]
[169 -53 63]
[169 -52 63]
[169 -44 94]
[169 -42 89]
[169 -46 95]
[169 -45 95]
[169 -40 88]
[169 -43 69]
[169 -42 70]
[169 -39 87]
[169 -40 87]
[169 -44 95]
[169 -39 85]
[169 -40 85]
[169 -71 43]
[169 -72 37]
[169 -41 89]
[169 -40 83]
[169 -40 75]
[169 -40 79]
[169 -40 77]
[170 -41 73]
[170 -44 96]
[170 -42 92]
[170 -42 91]
[170 -42 90]
[170 -40 89]
[170 -90 -21]
[170 -71 36]
[170 -42 68]
[170 -39 84]
[170 -38 86]
[170 -38 84]
[170 -39 86]
[170 -39 88]
[170 -39 89]
[170 -84 19]
[170 -85 19]
[170 -38 87]
[170 -38 88]
[170 -45 96]
[170 -90 27]
[170 -42 71]
[171 -41 92]
[171 -41 91]
[171 -45 97]
[171 -44 97]
[171 -70 42]
[171 -37 83]
[171 -38 85]
[171 -38 83]
[171 -41 72]
[171 -37 86]
[171 -39 79]
[171 -41 90]
[171 -40 90]
[171 -84 18]
[171 -37 87]
[171 -48 95]
[171 -39 76]
[171 -92 -21]
[171 -89 -22]
[171 -40 73]
[171 -42 67]
[172 -37 88]
[172 -38 89]
[172 -37 89]
[172 -54 63]
[172 -38 90]
[172 -39 90]
[172 -40 91]
[172 -40 92]
[172 -36 87]
[172 -36 86]
[172 -42 66]
[172 -51 63]
[172 -46 64]
[172 -38 79]
[172 -39 78]
[172 -71 42]
[172 -92 -18]
[172 -47 96]
[172 -39 91]
[172 -41 70]
[172 -40 69]
[172 -84 17]
[172 -85 17]
[172 -36 82]
[172 -49 96]
[172 -48 96]
[172 -37 82]
[172 -70 41]
[172 -42 93]
[172 -44 98]
[173 -41 93]
[173 -84 16]
[173 -85 16]
[173 -45 98]
[173 -45 99]
[173 -43 99]
[173 -44 99]
[173 -86 16]
[173 -86 17]
[173 -90 26]
[173 -36 81]
[173 -35 81]
[173 -36 88]
[173 -38 91]
[173 -35 87]
[173 -92 -19]
[173 -40 93]
[173 -41 94]
[173 -37 91]
[173 -37 90]
[173 -39 92]
[173 -76 36]
[173 -38 78]
[173 -70 43]
[173 -39 69]
[173 -37 78]
[173 -90 -15]
[173 -36 89]
[173 -85 18]
[173 -78 47]
[173 -49 95]
[173 -50 95]
[173 -39 77]
[174 -40 94]
[174 -41 71]
[174 -36 92]
[174 -37 92]
[174 -38 92]
[174 -39 93]
[174 -38 93]
[174 -43 100]
[174 -50 62]
[174 -51 62]
[174 -40 78]
[174 -39 73]
[174 -35 86]
[174 -34 87]
[174 -35 88]
[174 -41 66]
[174 -41 65]
[174 -83 16]
[174 -35 80]
[174 -34 80]
[174 -90 -20]
[174 -92 -20]
[174 -87 17]
[174 -87 16]
[174 -35 90]
[174 -41 69]
[174 -39 68]
[174 -72 42]
[174 -35 89]
[175 -50 61]
[175 -38 94]
[175 -39 94]
[175 -33 79]
[175 -34 79]
[175 -43 67]
[175 -42 65]
[175 -34 88]
[175 -36 90]
[175 -36 91]
[175 -79 47]
[175 -69 42]
[175 -54 64]
[175 -35 91]
[175 -34 90]
[175 -34 89]
[175 -75 35]
[175 -40 70]
[175 -90 25]
[175 -72 38]
[175 -88 15]
[175 -37 93]
[175 -39 95]
[175 -42 100]
[175 -42 101]
[175 -38 70]
[175 -40 68]
[175 -40 65]
[175 -41 64]
[175 -40 66]
[176 -38 95]
[176 -37 95]
[176 -39 72]
[176 -52 61]
[176 -38 67]
[176 -70 36]
[176 -36 93]
[176 -39 67]
[176 -33 78]
[176 -89 15]
[176 -86 18]
[176 -39 66]
[176 -33 90]
[176 -33 89]
[176 -35 93]
[176 -33 88]
[176 -35 92]
[177 -34 91]
[177 -34 93]
[177 -90 -31]
[177 -32 88]
[177 -41 67]
[177 -40 67]
[177 -35 94]
[177 -36 94]
[177 -49 62]
[177 -43 66]
[177 -32 89]
[177 -32 90]
[177 -38 66]
[177 -40 71]
[177 -32 78]
[177 -55 63]
[177 -33 91]
[177 -51 60]
[177 -87 18]
[177 -36 77]
[177 -37 94]
[178 -53 61]
[178 -50 60]
[178 -34 94]
[178 -34 92]
[178 -49 61]
[178 -32 87]
[178 -35 95]
[178 -33 92]
[178 -31 89]
[178 -31 91]
[178 -88 16]
[178 -90 15]
[178 -38 73]
[178 -38 72]
[178 -93 -21]
[178 -31 87]
[178 -32 91]
[178 -32 92]
[178 -36 95]
[179 -90 16]
[179 -31 88]
[179 -69 36]
[179 -30 89]
[179 -31 86]
[179 -34 95]
[179 -33 93]
[179 -44 65]
[179 -43 65]
[179 -46 63]
[179 -88 -23]
[179 -35 78]
[179 -31 90]
[179 -52 60]
[179 -32 86]
[179 -30 87]
[179 -30 88]
[179 -37 76]
[179 -30 90]
[179 -31 92]
[179 -91 25]
[180 -89 -21]
[180 -42 64]
[180 -29 87]
[180 -30 86]
[180 -39 71]
[180 -32 94]
[180 -93 -22]
[180 -92 24]
[180 -43 64]
[180 -71 37]
[180 -30 92]
[180 -32 93]
[180 -30 91]
[180 -33 94]
[180 -90 -16]
[180 -91 17]
[180 -91 16]
[180 -90 17]
[180 -31 85]
[180 -29 90]
[180 -51 61]
[180 -35 77]
[180 -45 64]
[180 -29 88]
[180 -88 19]
[181 -74 34]
[181 -94 -21]
[181 -28 86]
[181 -49 60]
[181 -28 89]
[181 -88 17]
[181 -29 93]
[181 -29 91]
[181 -32 85]
[181 -48 62]
[181 -46 62]
[181 -87 -23]
[181 -87 -22]
[181 -29 89]
[181 -93 24]
[181 -91 24]
[181 -89 18]
[181 -89 19]
[181 -39 70]
[181 -45 63]
[181 -31 93]
[181 -29 86]
[181 -30 85]
[181 -29 85]
[181 -32 84]
[181 -29 92]
[182 -47 62]
[182 -88 -24]
[182 -34 78]
[182 -30 84]
[182 -29 84]
[182 -31 84]
[182 -27 89]
[182 -28 88]
[182 -27 90]
[182 -91 23]
[182 -28 90]
[182 -28 92]
[182 -90 19]
[182 -75 34]
[182 -28 94]
[182 -28 93]
[182 -27 87]
[182 -28 87]
[182 -28 85]
[182 -44 64]
[182 -30 93]
[182 -89 -23]
[182 -31 94]
[182 -31 83]
[182 -32 95]
[183 -38 71]
[183 -29 94]
[183 -31 95]
[183 -27 88]
[183 -39 75]
[183 -89 -25]
[183 -27 93]
[183 -27 92]
[183 -28 91]
[183 -29 83]
[183 -32 83]
[183 -30 82]
[183 -30 94]
[183 -27 86]
[183 -28 84]
[183 -87 -24]
[183 -89 -31]
[183 -30 95]
[183 -68 36]
[183 -44 63]
[183 -28 95]
[183 -27 84]
[183 -27 85]
[183 -88 18]
[183 -47 61]
[183 -93 23]
[184 -88 -25]
[184 -36 76]
[184 -26 88]
[184 -28 96]
[184 -88 14]
[184 -88 -31]
[184 -26 87]
[184 -26 86]
[184 -43 63]
[184 -28 83]
[184 -30 81]
[184 -29 82]
[184 -27 91]
[184 -29 95]
[184 -27 83]
[184 -26 83]
[184 -26 84]
[185 -25 87]
[185 -25 86]
[185 -28 81]
[185 -25 84]
[185 -26 85]
[185 -27 82]
[185 -25 83]
[185 -25 82]
[185 -30 80]
[185 -29 80]
[185 -25 85]
[185 -27 96]
[185 -28 82]
[185 -29 81]
[185 -47 63]
[185 -45 62]
[185 -26 89]
[186 -28 79]
[186 -26 93]
[186 -87 -25]
[186 -24 87]
[186 -24 86]
[186 -30 79]
[186 -29 79]
[186 -26 82]
[186 -24 84]
[186 -48 61]
[186 -89 13]
[186 -24 85]
[186 -25 88]
[186 -92 22]
[186 -24 83]
[186 -24 82]
[186 -90 -25]
[186 -26 81]
[186 -25 81]
[186 -27 80]
[186 -87 -26]
[186 -27 95]
[187 -23 83]
[187 -23 84]
[187 -23 82]
[187 -25 93]
[187 -28 78]
[187 -37 68]
[187 -27 81]
[187 -93 22]
[187 -26 79]
[187 -90 12]
[187 -89 12]
[187 -23 81]
[187 -92 16]
[187 -37 75]
[187 -23 86]
[187 -24 81]
[187 -26 95]
[187 -90 -26]
[187 -25 80]
[187 -24 80]
[187 -88 13]
[187 -23 85]
[187 -25 90]
[187 -28 97]
[187 -26 80]
[188 -22 83]
[188 -22 84]
[188 -26 92]
[188 -27 78]
[188 -22 86]
[188 -22 87]
[188 -22 85]
[188 -86 -26]
[188 -26 94]
[188 -25 79]
[188 -23 80]
[188 -23 87]
[188 -22 82]
[188 -93 17]
[188 -38 74]
[188 -27 94]
[188 -22 81]
[188 -22 80]
[188 -89 11]
[188 -36 67]
[188 -29 78]
[188 -25 96]
[188 -92 21]
[188 -88 11]
[188 -88 12]
[188 -87 12]
[188 -24 90]
[188 -25 91]
[189 -21 81]
[189 -21 83]
[189 -88 10]
[189 -87 10]
[189 -87 11]
[189 -21 85]
[189 -22 79]
[189 -21 80]
[189 -21 79]
[189 -26 91]
[189 -24 91]
[189 -37 74]
[189 -21 82]
[189 -93 16]
[189 -24 89]
[189 -23 89]
[189 -25 78]
[189 -21 84]
[189 -67 36]
[189 -46 61]
[189 -21 88]
[189 -54 61]
[189 -91 22]
[189 -27 77]
[190 -90 10]
[190 -23 88]
[190 -25 89]
[190 -20 83]
[190 -20 85]
[190 -24 97]
[190 -24 96]
[190 -24 95]
[190 -25 97]
[190 -67 35]
[190 -86 9]
[190 -88 9]
[190 -87 9]
[190 -21 78]
[190 -20 82]
[190 -20 81]
[190 -23 79]
[190 -93 15]
[190 -36 69]
[190 -93 20]
[190 -23 90]
[190 -20 79]
[190 -20 80]
[190 -26 77]
[190 -29 77]
[190 -20 78]
[190 -20 84]
[190 -89 10]
[190 -22 89]
[190 -21 87]
[190 -86 10]
[191 -22 78]
[191 -23 78]
[191 -19 77]
[191 -21 77]
[191 -25 77]
[191 -20 87]
[191 -25 92]
[191 -25 98]
[191 -23 96]
[191 -23 97]
[191 -91 10]
[191 -19 80]
[191 -85 9]
[191 -67 34]
[191 -35 68]
[191 -91 -26]
[191 -27 97]
[191 -24 98]
[191 -85 8]
[191 -66 36]
[191 -88 8]
[191 -89 8]
[191 -92 14]
[191 -26 78]
[191 -24 88]
[191 -87 8]
[191 -23 95]
[191 -23 94]
[192 -89 9]
[192 -18 77]
[192 -66 35]
[192 -22 97]
[192 -94 14]
[192 -21 86]
[192 -22 94]
[192 -23 93]
[192 -88 7]
[192 -19 79]
[192 -18 79]
[192 -18 80]
[192 -22 96]
[192 -22 95]
[192 -20 86]
[192 -90 7]
[192 -89 7]
[192 -19 83]
[192 -37 67]
[192 -23 99]
[192 -92 20]
[192 -28 77]
[192 -92 15]
[192 -19 82]
[192 -90 9]
[192 -24 79]
[192 -26 90]
[192 -24 99]
[192 -27 79]
[193 -92 13]
[193 -22 92]
[193 -22 93]
[193 -19 81]
[193 -25 99]
[193 -24 100]
[193 -21 95]
[193 -21 94]
[193 -18 83]
[193 -18 81]
[193 -18 78]
[193 -20 77]
[193 -17 79]
[193 -21 96]
[193 -65 34]
[193 -66 34]
[193 -17 78]
[193 -17 77]
[193 -89 6]
[193 -88 6]
[193 -90 6]
[193 -92 17]
[193 -23 77]
[193 -18 82]
[194 -92 11]
[194 -21 92]
[194 -19 78]
[194 -17 80]
[194 -23 100]
[194 -22 100]
[194 -89 5]
[194 -17 81]
[194 -20 94]
[194 -20 93]
[194 -92 12]
[194 -22 88]
[194 -19 86]
[194 -20 96]
[194 -16 77]
[194 -91 12]
[194 -93 13]
[194 -17 82]
[194 -26 98]
[194 -21 97]
[194 -17 84]
[194 -19 84]
[194 -90 5]
[195 -21 93]
[195 -21 101]
[195 -22 101]
[195 -21 99]
[195 -94 13]
[195 -20 97]
[195 -93 14]
[195 -85 -26]
[195 -18 84]
[195 -17 83]
[195 -22 77]
[195 -22 99]
[195 -90 4]
[195 -20 92]
[195 -91 13]
[195 -18 85]
[195 -91 8]
[195 -90 8]
[195 -26 100]
[196 -16 84]
[196 -16 85]
[196 -19 85]
[196 -21 100]
[196 -20 102]
[196 -17 85]
[196 -20 100]
[196 -92 8]
[196 -89 4]
[196 -94 12]
[196 -93 12]
[196 -25 100]
[196 -95 12]
[196 -93 19]
[197 -24 101]
[197 -84 -26]
[197 -21 102]
[197 -88 3]
[197 -27 99]
[197 -93 7]
[197 -19 102]
[197 -19 101]
[197 -67 33]
[197 -20 101]
[197 -20 99]
[197 -34 68]
[197 -23 101]
[197 -26 99]
[197 -27 100]
[197 -24 78]
[198 -91 7]
[198 -27 98]
[198 -19 99]
[198 -35 69]
[198 -18 102]
[198 -18 101]
[198 -68 33]
[198 -19 100]
[198 -18 100]
[198 -89 3]
[198 -93 6]
[198 -94 6]
[198 -84 -27]
[198 -96 13]
[198 -87 3]
[198 -89 2]
[198 -22 103]
[199 -92 6]
[199 -17 100]
[199 -93 11]
[199 -88 1]
[199 -67 32]
[199 -34 70]
[199 -92 10]
[199 -17 101]
[199 -68 32]
[199 -18 99]
[200 -88 0]
[200 -87 0]
[200 -93 10]
[200 -16 99]
[200 -16 100]
[200 -97 14]
[200 -97 13]
[200 -86 4]
[200 -17 98]
[200 -17 99]
[200 -36 68]
[200 -22 102]
[200 -93 5]
[200 -93 18]
[200 -20 103]
[200 -66 33]
[201 -16 101]
[201 -17 102]
[201 -15 101]
[201 -93 4]
[201 -96 14]
[201 -15 100]
[201 -15 99]
[201 -16 98]
[201 -94 5]
[201 -87 -1]
[201 -93 9]
[201 -23 76]
[201 -89 -1]
[201 -89 0]
[201 -98 14]
[201 -98 13]
[201 -97 15]
[202 -95 4]
[202 -88 -2]
[202 -89 -2]
[202 -14 101]
[202 -15 102]
[202 -16 102]
[202 -14 100]
[202 -34 69]
[202 -92 7]
[202 -24 75]
[202 -94 9]
[202 -92 4]
[202 -92 3]
[202 -93 3]
[202 -90 3]
[202 -86 -2]
[202 -15 98]
[202 -86 -1]
[203 -14 99]
[203 -13 100]
[203 -96 15]
[203 -14 102]
[203 -92 18]
[203 -91 2]
[203 -90 -3]
[203 -89 -3]
[203 -92 2]
[203 -95 3]
[203 -90 -1]
[203 -14 98]
[203 -85 -2]
[203 -87 -2]
[203 -35 70]
[203 -90 2]
[203 -86 3]
[203 -85 3]
[203 -86 0]
[203 -85 -3]
[203 -23 75]
[203 -99 14]
[203 -15 103]
[203 -17 103]
[204 -85 -4]
[204 -96 4]
[204 -94 3]
[204 -14 97]
[204 -13 101]
[204 -92 1]
[204 -91 1]
[204 -86 2]
[204 -90 1]
[204 -14 104]
[204 -90 -2]
[204 -13 98]
[204 -91 0]
[204 -85 0]
[204 -94 2]
[204 -95 2]
[204 -87 4]
[205 -69 32]
[205 -94 4]
[205 -16 103]
[205 -13 99]
[205 -84 3]
[205 -12 98]
[205 -25 74]
[205 -93 2]
[205 -88 -4]
[205 -13 102]
[205 -18 103]
[205 -22 74]
[205 -93 0]
[205 -95 1]
[205 -91 -1]
[205 -12 101]
[205 -12 99]
[205 -86 5]
[205 -13 97]
[206 -23 74]
[206 -94 8]
[206 -93 1]
[206 -96 1]
[206 -95 0]
[206 -88 -5]
[206 -33 70]
[206 -12 97]
[206 -12 100]
[206 -21 73]
[206 -23 73]
[206 -12 103]
[206 -90 0]
[206 -85 4]
[206 -35 71]
[206 -13 96]
[206 -85 -1]
[206 -25 101]
[206 -11 98]
[206 -11 99]
[206 -11 100]
[207 -12 104]
[207 -13 104]
[207 -22 72]
[207 -24 74]
[207 -94 0]
[207 -91 -2]
[207 -21 74]
[207 -95 -1]
[207 -94 -1]
[207 -96 -1]
[207 -96 3]
[207 -10 100]
[207 -11 97]
[207 -10 98]
[207 -11 96]
[207 -12 96]
[207 -85 6]
[207 -87 -4]
[207 -11 101]
[207 -91 -3]
[208 -20 73]
[208 -20 72]
[208 -96 2]
[208 -12 105]
[208 -13 105]
[208 -10 96]
[208 -10 97]
[208 -96 -2]
[208 -97 -2]
[208 -24 72]
[208 -93 -2]
[208 -11 95]
[208 -22 73]
[208 -92 -4]
[208 -92 -3]
[208 -10 99]
[208 -9 99]
[208 -25 73]
[208 -10 102]
[208 -12 102]
[208 -87 -6]
[208 -13 103]
[209 -11 105]
[209 -84 0]
[209 -9 101]
[209 -9 103]
[209 -9 97]
[209 -9 98]
[209 -93 -5]
[209 -20 71]
[209 -10 94]
[209 -88 4]
[209 -9 95]
[209 -83 3]
[209 -9 96]
[209 -9 100]
[209 -11 104]
[209 -26 72]
[209 -97 -3]
[209 -98 -2]
[209 -86 -7]
[209 -85 5]
[209 -8 99]
[209 -8 98]
[209 -95 -3]
[209 -95 -2]
[209 -21 71]
[209 -10 95]
[209 -94 1]
[209 -96 0]
[209 -11 103]
[209 -93 -4]
[210 -10 104]
[210 -10 106]
[210 -9 94]
[210 -9 102]
[210 -10 101]
[210 -14 103]
[210 -7 98]
[210 -7 100]
[210 -7 99]
[210 -8 100]
[210 -82 2]
[210 -97 -1]
[210 -8 103]
[210 -10 103]
[210 -94 -3]
[210 -8 97]
[210 -87 -7]
[210 -92 -5]
[210 -26 71]
[210 -96 -4]
[210 -86 -6]
[210 -87 -8]
[210 -19 104]
[210 -8 94]
[210 -7 97]
[210 -92 -6]
[210 -24 71]
[211 -10 105]
[211 -23 71]
[211 -6 100]
[211 -6 99]
[211 -88 -8]
[211 -26 73]
[211 -27 72]
[211 -25 72]
[211 -25 71]
[211 -8 96]
[211 -8 102]
[211 -11 106]
[211 -7 103]
[211 -23 72]
[211 -9 105]
[211 -10 107]
[211 -11 107]
[211 -88 -9]
[211 -87 -9]
[211 -86 -9]
[211 -6 98]
[211 -6 96]
[211 -8 95]
[211 -93 -6]
[211 -96 -5]
[211 -94 -5]
[211 -69 33]
[211 -23 70]
[212 -91 -4]
[212 -7 93]
[212 -91 -6]
[212 -10 108]
[212 -12 106]
[212 -7 96]
[212 -9 104]
[212 -89 -8]
[212 -9 106]
[212 -97 4]
[212 -94 -2]
[212 -70 32]
[212 -84 5]
[212 -85 -6]
[212 -88 -10]
[212 -87 -10]
[212 -89 -10]
[212 -5 99]
[212 -5 97]
[212 -8 104]
[212 -20 70]
[212 -6 97]
[212 -24 73]
[212 -97 -6]
[212 -19 72]
[212 -84 4]
[212 -6 104]
[212 -6 103]
[212 -6 102]
[212 -6 101]
[212 -9 107]
[213 -94 -7]
[213 -94 -6]
[213 -5 98]
[213 -4 99]
[213 -4 98]
[213 -89 -11]
[213 -7 95]
[213 -22 70]
[213 -22 71]
[213 -11 102]
[213 -5 104]
[213 -4 97]
[213 -5 96]
[213 -7 102]
[213 -8 101]
[213 -94 -4]
[213 -8 106]
[213 -7 94]
[213 -21 69]
[213 -5 103]
[213 -6 95]
[213 -6 94]
[213 -94 7]
[213 -8 105]
[213 -89 -7]
[213 -95 -5]
[213 -24 70]
[213 -90 -10]
[213 -5 102]
[213 -90 -7]
[214 -95 -4]
[214 -6 93]
[214 -28 72]
[214 -98 -3]
[214 -23 69]
[214 -22 69]
[214 -3 98]
[214 -83 4]
[214 -8 107]
[214 -7 104]
[214 -7 106]
[214 -22 68]
[214 -3 99]
[214 -3 100]
[214 -4 96]
[214 -4 103]
[214 -95 -6]
[214 -18 72]
[214 -4 104]
[214 -21 70]
[214 -5 94]
[214 -5 105]
[215 -7 105]
[215 -4 105]
[215 -3 103]
[215 -2 99]
[215 -4 101]
[215 -2 101]
[215 -24 69]
[215 -7 101]
[215 -97 1]
[215 -3 97]
[215 -2 97]
[215 -4 93]
[215 -4 94]
[215 -3 95]
[215 -4 95]
[215 -97 -4]
[215 -6 107]
[215 -4 106]
[215 -5 95]
[215 -9 108]
[215 -27 71]
[215 -5 93]
[215 -20 68]
[215 -20 69]
[215 -91 -7]
[216 -3 96]
[216 -4 92]
[216 -3 92]
[216 -5 100]
[216 -83 5]
[216 -1 96]
[216 -2 96]
[216 -2 94]
[216 -6 105]
[216 -7 107]
[216 -6 106]
[216 -5 106]
[216 -2 98]
[216 -4 102]
[216 -8 109]
[216 -8 108]
[216 -90 -6]
[216 -91 -8]
[216 -2 100]
[216 -3 101]
[216 -3 106]
[216 -3 105]
[216 -3 107]
[216 -2 104]
[216 -3 104]
[216 -20 74]
[216 -1 98]
[217 -1 97]
[217 0 99]
[217 0 97]
[217 -3 94]
[217 -2 93]
[217 -4 91]
[217 -3 93]
[217 -3 91]
[217 -91 -9]
[217 -90 -8]
[217 -2 95]
[217 -2 105]
[217 -28 71]
[217 -4 107]
[217 -2 106]
[217 -95 -7]
[217 -5 101]
[217 -1 105]
[217 -97 -5]
[217 -4 108]
[217 -2 107]
[217 -82 3]
[217 -71 32]
[217 -5 108]
[217 -5 107]
[217 -2 102]
[217 -3 102]
[217 -7 110]
[217 -7 108]
[217 -91 -5]
[218 -3 108]
[218 -1 106]
[218 -1 104]
[218 0 96]
[218 -90 -5]
[218 -1 100]
[218 -6 108]
[218 -1 95]
[218 -21 68]
[218 -2 92]
[218 -2 108]
[218 -98 -4]
[218 -2 91]
[218 -99 -4]
[218 -92 -9]
[218 -4 100]
[218 -32 71]
[218 -1 93]
[218 -1 92]
[218 -9 109]
[218 1 99]
[218 -1 99]
[218 1 100]
[218 -4 109]
[218 -2 103]
[218 -17 71]
[218 -5 90]
[218 -4 90]
[218 -3 90]
[218 -6 109]
[218 0 105]
[218 -92 -8]
[218 -92 -10]
[219 -1 107]
[219 -5 109]
[219 -1 109]
[219 -2 109]
[219 -1 94]
[219 -96 -7]
[219 -3 109]
[219 -5 89]
[219 -4 89]
[219 -3 89]
[219 0 95]
[219 -20 104]
[219 1 106]
[219 1 104]
[219 -6 111]
[219 -7 109]
[219 -6 110]
[219 0 100]
[219 -1 103]
[219 0 92]
[219 -81 2]
[219 -2 90]
[219 0 94]
[219 -6 89]
[219 -5 91]
[219 0 106]
[219 -1 91]
[219 2 99]
[219 -8 110]
[219 -28 73]
[219 -29 71]
[219 -3 110]
[220 -4 110]
[220 -7 111]
[220 -5 110]
[220 0 91]
[220 0 90]
[220 -1 90]
[220 -1 101]
[220 -91 -10]
[220 1 101]
[220 0 107]
[220 -84 6]
[220 -4 88]
[220 -6 90]
[220 -6 88]
[220 -5 88]
[220 -2 110]
[220 -1 108]
[220 -1 89]
[220 -96 -8]
[220 -94 -8]
[220 0 93]
[220 3 98]
[220 3 99]
[220 1 91]
[220 1 92]
[220 1 93]
[220 -90 -9]
[220 -95 6]
[220 1 96]
[220 1 94]
[220 -21 103]
[220 2 100]
[220 0 101]
[220 0 98]
[220 -5 112]
[220 -5 111]
[220 -6 112]
[220 1 105]
[220 0 109]
[220 -1 102]
[220 0 103]
[220 -2 89]
[221 0 108]
[221 -5 113]
[221 -7 112]
[221 0 89]
[221 -97 -7]
[221 -3 111]
[221 -4 111]
[221 -97 0]
[221 0 102]
[221 -2 111]
[221 -1 110]
[221 2 98]
[221 1 90]
[221 1 89]
[221 -1 88]
[221 1 102]
[221 3 100]
[221 -5 87]
[221 -6 87]
[221 -4 112]
[221 -3 88]
[221 1 103]
[221 0 104]
[221 2 104]
[221 1 108]
[221 4 98]
[221 4 99]
[222 1 95]
[222 -1 112]
[222 -2 112]
[222 1 107]
[222 2 108]
[222 2 107]
[222 1 109]
[222 2 93]
[222 3 105]
[222 3 104]
[222 2 103]
[222 -7 89]
[222 2 106]
[222 2 105]
[222 1 98]
[222 -3 113]
[222 -4 87]
[222 2 102]
[222 3 97]
[222 4 97]
[222 -7 87]
[222 -7 88]
[222 -5 86]
[222 -7 86]
[222 -97 -8]
[222 -1 87]
[222 -2 87]
[222 -3 87]
[222 -6 113]
[222 -6 86]
[222 -4 86]
[222 -72 33]
[222 1 88]
[222 0 88]
[222 -99 -5]
[222 -93 -10]
[222 2 101]
[222 4 100]
[222 -2 88]
[222 2 90]
[222 5 99]
[222 2 96]
[222 -29 70]
[222 -6 114]
[222 -4 113]
[222 -4 114]
[222 -5 114]
[223 2 89]
[223 -5 115]
[223 5 96]
[223 -8 87]
[223 -8 86]
[223 3 91]
[223 3 89]
[223 0 111]
[223 0 87]
[223 3 96]
[223 -3 85]
[223 -3 114]
[223 -3 112]
[223 2 94]
[223 2 88]
[223 -4 85]
[223 -5 85]
[223 -16 71]
[223 3 107]
[223 6 98]
[223 6 99]
[223 6 100]
[223 5 98]
[223 -7 85]
[223 4 105]
[223 3 103]
[223 1 87]
[223 -89 -12]
[223 -1 86]
[223 0 110]
[223 -1 113]
[223 -2 113]
[223 -3 86]
[223 -2 86]
[223 -33 71]
[223 3 101]
[223 -96 5]
[223 2 110]
[223 -30 70]
[223 -29 69]
[223 3 102]
[223 3 108]
[224 3 90]
[224 1 110]
[224 3 110]
[224 3 109]
[224 2 109]
[224 -6 85]
[224 -1 111]
[224 4 90]
[224 4 91]
[224 -8 85]
[224 4 96]
[224 5 100]
[224 7 100]
[224 -3 84]
[224 -2 85]
[224 -2 84]
[224 4 95]
[224 2 95]
[224 0 86]
[224 -4 84]
[224 -5 84]
[224 2 91]
[224 2 92]
[224 4 104]
[224 3 106]
[224 3 88]
[224 2 87]
[224 4 101]
[224 -1 85]
[224 -94 -9]
[224 -6 84]
[224 -3 115]
[224 -4 115]
[224 -5 116]
[224 -6 115]
[224 -4 116]
[224 3 93]
[224 3 94]
[224 7 98]
[224 -90 -13]
[224 4 102]
[224 4 106]
[224 1 86]
[224 2 86]
[224 0 112]
[224 -28 69]
[225 -5 117]
[225 -2 114]
[225 8 100]
[225 8 99]
[225 -29 72]
[225 5 105]
[225 5 90]
[225 4 94]
[225 4 89]
[225 4 109]
[225 1 111]
[225 4 107]
[225 5 97]
[225 3 95]
[225 2 85]
[225 0 84]
[225 5 95]
[225 -89 -13]
[225 1 85]
[225 0 85]
[225 5 89]
[225 -7 84]
[225 -2 83]
[225 -1 83]
[225 -4 83]
[225 7 99]
[225 6 95]
[225 3 92]
[225 4 93]
[225 1 97]
[225 3 111]
[225 4 111]
[225 5 103]
[225 5 101]
[225 -1 84]
[225 4 103]
[225 -3 83]
[226 6 104]
[226 5 106]
[226 5 102]
[226 6 89]
[226 6 88]
[226 6 90]
[226 -27 69]
[226 6 101]
[226 5 108]
[226 -2 82]
[226 4 87]
[226 2 97]
[226 4 108]
[226 6 96]
[226 5 92]
[226 -3 82]
[226 -1 82]
[226 1 83]
[226 0 83]
[226 6 94]
[226 -4 117]
[226 4 110]
[226 2 111]
[226 5 94]
[226 4 88]
[226 5 88]
[226 -80 2]
[226 9 99]
[226 8 101]
[226 9 98]
[227 7 101]
[227 6 106]
[227 2 83]
[227 6 109]
[227 5 104]
[227 6 105]
[227 7 103]
[227 7 104]
[227 6 102]
[227 8 97]
[227 1 84]
[227 6 87]
[227 4 92]
[227 7 95]
[227 3 87]
[227 5 109]
[227 2 84]
[227 1 82]
[227 10 97]
[227 10 98]
[227 8 98]
[227 9 100]
[227 7 88]
[227 7 87]
[227 7 90]
[227 -79 1]
[227 0 81]
[227 -2 81]
[227 0 82]
[227 -1 81]
[227 7 102]
[227 5 107]
[227 6 93]
[227 5 93]
[227 10 100]
[227 5 91]
[227 6 91]
[227 -96 6]
[228 5 87]
[228 6 103]
[228 8 104]
[228 11 101]
[228 10 99]
[228 7 94]
[228 3 84]
[228 7 105]
[228 6 92]
[228 5 110]
[228 5 111]
[228 4 86]
[228 3 86]
[228 8 103]
[228 8 88]
[228 7 86]
[228 8 87]
[228 7 93]
[228 9 97]
[228 9 96]
[228 -1 80]
[228 0 80]
[228 -2 80]
[228 11 98]
[228 1 80]
[228 3 83]
[228 -72 34]
[228 -94 -10]
[228 2 82]
[228 9 101]
[228 8 91]
[228 8 102]
[228 -15 70]
[228 8 105]
[228 7 91]
[228 7 89]
[228 6 107]
[228 6 108]
[229 -78 0]
[229 3 85]
[229 5 85]
[229 4 85]
[229 7 85]
[229 8 86]
[229 6 85]
[229 9 104]
[229 6 110]
[229 1 81]
[229 11 97]
[229 8 94]
[229 8 92]
[229 7 108]
[229 7 97]
[229 8 106]
[229 9 87]
[229 7 109]
[229 7 110]
[229 0 79]
[229 -1 79]
[229 9 92]
[229 8 90]
[229 7 92]
[229 6 97]
[229 9 102]
[229 6 86]
[229 3 82]
[229 4 83]
[229 -30 69]
[229 1 79]
[229 2 79]
[229 5 86]
[229 11 99]
[229 12 101]
[229 12 100]
[229 8 96]
[229 2 81]
[230 7 107]
[230 10 102]
[230 11 100]
[230 0 78]
[230 9 88]
[230 -90 -14]
[230 13 99]
[230 13 100]
[230 8 95]
[230 8 109]
[230 8 108]
[230 10 101]
[230 8 111]
[230 9 89]
[230 6 84]
[230 5 84]
[230 8 93]
[230 12 98]
[230 12 97]
[230 9 91]
[230 10 92]
[230 4 84]
[230 10 104]
[230 9 103]
[230 7 96]
[230 8 89]
[230 9 107]
[230 3 80]
[230 2 78]
[230 1 78]
[230 3 78]
[230 2 80]
[230 4 81]
[230 4 82]
[230 7 106]
[230 13 101]
[231 9 94]
[231 9 93]
[231 7 84]
[231 12 99]
[231 -77 -1]
[231 12 102]
[231 9 85]
[231 9 90]
[231 10 89]
[231 10 87]
[231 13 96]
[231 13 98]
[231 3 79]
[231 11 105]
[231 10 106]
[231 4 80]
[231 4 79]
[231 6 83]
[231 9 110]
[231 3 81]
[231 9 105]
[231 9 86]
[231 9 109]
[231 14 100]
[231 8 107]
[231 2 77]
[231 8 110]
[231 11 92]
[231 11 91]
[231 1 77]
[231 5 82]
[231 14 99]
[231 10 86]
[231 8 84]
[232 9 108]
[232 10 105]
[232 10 90]
[232 10 88]
[232 10 107]
[232 9 84]
[232 2 76]
[232 3 77]
[232 3 76]
[232 15 99]
[232 5 81]
[232 11 96]
[232 8 85]
[232 11 90]
[232 11 87]
[232 4 78]
[232 10 91]
[232 12 91]
[232 14 101]
[232 13 97]
[232 13 95]
[232 14 97]
[232 14 96]
[232 10 103]
[232 5 83]
[232 -71 33]
[232 11 104]
[232 11 93]
[232 10 93]
[232 11 102]
[232 6 82]
[232 4 77]
[232 9 95]
[232 10 85]
[232 5 79]
[232 5 78]
[232 7 83]
[232 13 102]
[232 9 83]
[232 7 111]
[232 10 110]
[233 12 92]
[233 12 105]
[233 12 90]
[233 12 89]
[233 14 95]
[233 12 94]
[233 14 94]
[233 12 95]
[233 10 84]
[233 6 77]
[233 6 79]
[233 6 78]
[233 6 81]
[233 7 82]
[233 11 103]
[233 6 111]
[233 11 85]
[233 9 111]
[233 11 106]
[233 12 103]
[233 13 90]
[233 11 110]
[233 10 109]
[233 10 94]
[233 15 96]
[233 15 100]
[233 4 76]
[233 11 88]
[233 5 80]
[233 6 80]
[233 15 97]
[233 5 76]
[233 5 77]
[233 10 96]
[233 14 98]
[233 -14 69]
[233 10 82]
[233 4 75]
[233 3 75]
[233 12 86]
[234 8 82]
[234 9 106]
[234 15 95]
[234 13 94]
[234 12 85]
[234 4 74]
[234 5 74]
[234 6 76]
[234 11 86]
[234 11 89]
[234 13 89]
[234 11 109]
[234 12 109]
[234 13 103]
[234 11 84]
[234 12 88]
[234 11 94]
[234 11 95]
[234 13 93]
[234 14 93]
[234 15 94]
[234 15 93]
[234 16 97]
[234 7 79]
[234 7 77]
[234 12 96]
[234 12 87]
[234 14 102]
[234 14 103]
[234 12 93]
[234 5 75]
[234 10 95]
[234 10 108]
[234 10 81]
[234 9 82]
[234 16 96]
[234 11 107]
[234 13 91]
[234 7 80]
[234 12 84]
[234 8 83]
[234 7 78]
[234 16 99]
[234 12 104]
[234 11 108]
[234 -73 34]
[234 7 81]
[235 13 92]
[235 6 75]
[235 8 81]
[235 15 98]
[235 5 73]
[235 10 83]
[235 15 103]
[235 12 106]
[235 16 95]
[235 16 94]
[235 13 83]
[235 13 85]
[235 13 88]
[235 14 90]
[235 14 104]
[235 17 99]
[235 17 100]
[235 9 80]
[235 14 92]
[235 7 76]
[235 7 75]
[235 6 74]
[235 13 87]
[235 12 108]
[235 15 92]
[235 15 102]
[235 8 76]
[235 8 77]
[235 8 79]
[235 11 83]
[235 6 73]
[235 17 97]
[235 15 101]
[235 9 81]
[236 16 101]
[236 16 92]
[236 13 109]
[236 13 108]
[236 12 110]
[236 15 104]
[236 8 78]
[236 13 86]
[236 12 83]
[236 13 84]
[236 17 96]
[236 16 93]
[236 10 79]
[236 9 79]
[236 8 80]
[236 16 91]
[236 17 93]
[236 7 74]
[236 8 75]
[236 14 88]
[236 14 87]
[236 16 98]
[236 9 77]
[236 9 75]
[236 9 76]
[236 16 102]
[236 10 80]
[236 15 90]
[236 15 91]
[236 6 72]
[236 11 82]
[236 9 78]
[236 7 73]
[236 13 107]
[236 13 104]
[236 13 105]
[237 16 100]
[237 14 82]
[237 14 106]
[237 13 106]
[237 14 105]
[237 -79 2]
[237 12 82]
[237 12 107]
[237 8 72]
[237 13 82]
[237 14 89]
[237 15 89]
[237 14 85]
[237 16 103]
[237 7 72]
[237 17 95]
[237 17 94]
[237 8 74]
[237 10 77]
[237 10 76]
[237 17 92]
[237 18 93]
[237 11 80]
[237 10 75]
[237 14 86]
[237 17 91]
[237 17 90]
[237 11 81]
[237 15 88]
[237 15 86]
[237 10 74]
[237 9 74]
[237 10 78]
[237 18 96]
[237 18 97]
[237 7 71]
[237 16 104]
[238 15 105]
[238 18 95]
[238 14 91]
[238 14 107]
[238 15 87]
[238 16 90]
[238 18 92]
[238 15 85]
[238 17 102]
[238 17 104]
[238 8 73]
[238 18 94]
[238 14 81]
[238 12 81]
[238 19 94]
[238 19 92]
[238 17 101]
[238 14 83]
[238 11 78]
[238 17 103]
[238 11 75]
[238 11 76]
[238 11 74]
[238 8 70]
[238 16 87]
[238 16 89]
[238 9 71]
[238 9 72]
[238 8 71]
[238 18 91]
[238 9 73]
[238 18 89]
[238 10 73]
[238 11 73]
[238 14 84]
[239 10 72]
[239 19 97]
[239 13 80]
[239 12 79]
[239 10 70]
[239 10 71]
[239 12 74]
[239 12 75]
[239 15 84]
[239 16 84]
[239 18 98]
[239 18 88]
[239 17 89]
[239 15 106]
[239 15 82]
[239 13 81]
[239 14 80]
[239 19 93]
[239 19 91]
[239 9 69]
[239 16 105]
[239 20 95]
[239 20 93]
[239 11 77]
[239 18 100]
[239 18 103]
[239 17 105]
[239 16 88]
[239 -78 1]
[239 12 77]
[239 16 86]
[239 16 85]
[239 14 108]
[239 9 70]
[239 11 79]
[240 11 69]
[240 10 69]
[240 11 70]
[240 19 87]
[240 17 88]
[240 16 106]
[240 18 102]
[240 20 92]
[240 17 86]
[240 18 90]
[240 14 79]
[240 15 107]
[240 18 101]
[240 11 71]
[240 -77 0]
[240 19 96]
[240 19 98]
[240 20 97]
[240 15 81]
[240 13 79]
[240 17 84]
[240 17 98]
[240 12 80]
[240 16 82]
[240 20 94]
[240 21 94]
[240 12 78]
[240 13 77]
[240 20 90]
[240 19 90]
[240 18 104]
[241 12 76]
[241 19 95]
[241 18 85]
[241 19 89]
[241 13 78]
[241 17 83]
[241 21 92]
[241 21 93]
[241 13 73]
[241 20 96]
[241 21 96]
[241 21 98]
[241 14 77]
[241 20 98]
[241 18 105]
[241 21 91]
[241 20 91]
[241 16 83]
[241 15 83]
[241 21 95]
[241 10 68]
[241 8 68]
[241 12 70]
[241 15 79]
[241 15 78]
[241 18 87]
[241 9 68]
[241 12 68]
[241 12 69]
[241 11 68]
[241 13 75]
[241 17 85]
[241 15 80]
[241 18 86]
[241 17 82]
[242 22 94]
[242 18 82]
[242 16 81]
[242 18 81]
[242 11 67]
[242 10 67]
[242 9 67]
[242 19 105]
[242 19 86]
[242 13 69]
[242 13 68]
[242 12 67]
[242 16 80]
[242 19 88]
[242 16 79]
[242 14 72]
[242 8 67]
[242 7 67]
[242 22 92]
[242 22 91]
[242 19 104]
[242 21 90]
[242 12 71]
[242 18 83]
[242 18 84]
[242 14 74]
[242 14 75]
[242 13 76]
[242 14 78]
[242 14 76]
[242 17 87]
[242 20 88]
[242 19 84]
[242 13 70]
[242 13 71]
[242 19 102]
[242 22 98]
[242 15 76]
[242 15 77]
[242 19 103]
[242 22 90]
[242 -76 -1]
[243 16 77]
[243 22 89]
[243 23 89]
[243 22 93]
[243 20 85]
[243 19 83]
[243 16 78]
[243 20 102]
[243 20 104]
[243 18 80]
[243 -75 -2]
[243 21 97]
[243 22 97]
[243 21 89]
[243 9 66]
[243 20 103]
[243 17 80]
[243 17 81]
[243 10 66]
[243 8 66]
[243 13 67]
[243 23 93]
[243 23 94]
[243 7 68]
[243 13 66]
[243 11 66]
[243 14 73]
[243 14 68]
[243 19 82]
[243 19 99]
[243 23 91]
[243 23 92]
[243 19 81]
[243 22 95]
[243 20 87]
[243 14 70]
[243 18 99]
[244 20 82]
[244 12 66]
[244 15 69]
[244 13 72]
[244 20 89]
[244 10 65]
[244 11 65]
[244 23 90]
[244 14 71]
[244 23 88]
[244 19 85]
[244 15 75]
[244 17 78]
[244 20 84]
[244 21 84]
[244 22 88]
[244 21 88]
[244 24 92]
[244 9 65]
[244 19 100]
[244 19 101]
[244 20 105]
[244 14 66]
[244 20 81]
[244 15 74]
[244 23 98]
[244 6 67]
[244 21 86]
[244 24 93]
[244 24 95]
[244 22 99]
[244 8 65]
[244 15 68]
[244 6 66]
[244 7 66]
[244 21 102]
[244 -14 68]
[244 20 83]
[244 15 73]
[244 17 79]
[244 24 91]
[244 24 90]
[245 24 94]
[245 25 96]
[245 25 94]
[245 21 105]
[245 21 83]
[245 25 92]
[245 21 103]
[245 21 87]
[245 21 85]
[245 22 85]
[245 24 89]
[245 24 87]
[245 23 87]
[245 10 64]
[245 7 65]
[245 9 64]
[245 16 75]
[245 13 65]
[245 23 97]
[245 24 99]
[245 12 65]
[245 12 64]
[245 6 65]
[245 5 65]
[245 20 101]
[245 25 91]
[245 22 84]
[245 19 79]
[245 17 77]
[245 15 70]
[245 16 68]
[245 16 73]
[245 21 82]
[245 -74 -3]
[245 11 64]
[245 14 65]
[245 20 86]
[245 20 99]
[245 20 100]
[245 23 95]
[245 22 96]
[245 20 80]
[245 21 100]
[245 21 101]
[246 5 66]
[246 5 64]
[246 15 64]
[246 25 90]
[246 23 96]
[246 -15 67]
[246 15 66]
[246 22 81]
[246 22 104]
[246 12 63]
[246 13 63]
[246 17 74]
[246 25 95]
[246 16 70]
[246 13 64]
[246 22 83]
[246 24 100]
[246 25 98]
[246 24 96]
[246 26 96]
[246 26 95]
[246 4 64]
[246 23 86]
[246 22 86]
[246 8 64]
[246 14 64]
[246 7 64]
[246 6 64]
[246 10 63]
[246 17 76]
[246 16 67]
[246 16 69]
[246 9 63]
[246 21 104]
[246 -78 2]
[246 25 86]
[246 26 92]
[246 17 68]
[246 17 69]
[246 17 67]
[246 22 102]
[246 23 84]
[246 23 85]
[247 22 80]
[247 18 70]
[247 -15 66]
[247 27 94]
[247 26 94]
[247 17 72]
[247 25 93]
[247 4 65]
[247 14 63]
[247 16 64]
[247 21 99]
[247 22 87]
[247 14 62]
[247 12 62]
[247 22 103]
[247 24 86]
[247 27 97]
[247 27 96]
[247 23 100]
[247 23 99]
[247 26 93]
[247 26 91]
[247 15 65]
[247 24 88]
[247 25 87]
[247 10 62]
[247 8 62]
[247 25 97]
[247 24 98]
[247 26 99]
[247 8 63]
[247 11 63]
[247 9 62]
[247 6 63]
[247 18 69]
[247 25 85]
[247 24 85]
[247 26 86]
[247 18 73]
[247 17 75]
[247 5 63]
[247 4 63]
[247 23 103]
[247 22 101]
[247 16 66]
[247 25 89]
[247 22 105]
[247 17 71]
[247 24 97]
[247 7 63]
[247 4 66]
[247 11 62]
[247 13 62]
[247 26 97]
[247 25 100]
[247 25 99]
[247 -77 1]
[247 15 63]
[248 27 85]
[248 27 87]
[248 12 61]
[248 23 105]
[248 21 79]
[248 26 98]
[248 27 99]
[248 27 98]
[248 25 84]
[248 24 84]
[248 26 101]
[248 26 100]
[248 23 102]
[248 18 72]
[248 24 83]
[248 4 62]
[248 5 62]
[248 26 88]
[248 7 61]
[248 8 61]
[248 27 90]
[248 18 71]
[248 28 97]
[248 27 95]
[248 24 103]
[248 23 101]
[248 10 61]
[248 9 61]
[248 19 69]
[248 19 68]
[248 6 62]
[248 7 62]
[248 3 65]
[248 3 63]
[248 11 61]
[248 26 90]
[248 18 66]
[248 18 68]
[248 18 67]
[248 17 66]
[248 27 92]
[248 18 77]
[248 3 64]
[248 18 75]
[248 -14 66]
[248 22 82]
[248 22 79]
[249 28 99]
[249 28 100]
[249 19 78]
[249 16 71]
[249 3 62]
[249 16 65]
[249 27 102]
[249 26 89]
[249 2 63]
[249 19 67]
[249 20 78]
[249 2 65]
[249 3 61]
[249 5 61]
[249 4 61]
[249 24 102]
[249 22 100]
[249 24 82]
[249 8 60]
[249 7 60]
[249 19 71]
[249 28 94]
[249 25 88]
[249 23 78]
[249 22 78]
[249 10 60]
[249 9 60]
[249 26 87]
[249 6 61]
[249 23 83]
[249 27 89]
[249 -14 65]
[249 20 69]
[249 17 70]
[249 27 93]
[249 23 104]
[249 28 87]
[249 26 84]
[249 24 105]
[249 24 104]
[249 27 84]
[249 19 75]
[249 2 64]
[250 17 65]
[250 25 105]
[250 26 83]
[250 19 66]
[250 19 76]
[250 28 93]
[250 28 101]
[250 28 102]
[250 17 64]
[250 29 99]
[250 27 100]
[250 25 83]
[250 28 91]
[250 6 60]
[250 28 85]
[250 2 61]
[250 2 62]
[250 29 86]
[250 28 88]
[250 25 101]
[250 27 88]
[250 1 64]
[250 1 63]
[250 28 96]
[250 29 98]
[250 6 59]
[250 21 70]
[250 3 60]
[250 19 70]
[250 20 71]
[250 25 103]
[250 1 62]
[250 29 93]
[251 27 101]
[251 5 60]
[251 26 102]
[251 29 88]
[251 30 97]
[251 29 97]
[251 29 90]
[251 27 91]
[251 27 83]
[251 21 68]
[251 10 59]
[251 9 59]
[251 21 77]
[251 29 92]
[251 1 61]
[251 5 59]
[251 28 90]
[251 23 81]
[251 2 59]
[251 4 60]
[251 28 95]
[251 24 101]
[251 29 96]
[251 24 77]
[251 0 62]
[251 24 81]
[251 18 64]
[251 29 85]
[251 28 92]
[251 2 60]
[251 29 101]
[251 29 100]
[251 25 104]
[251 26 104]
[251 21 71]
[251 21 69]
[251 22 69]
[252 20 65]
[252 20 67]
[252 26 105]
[252 28 89]
[252 20 76]
[252 22 76]
[252 29 95]
[252 30 95]
[252 30 96]
[252 4 58]
[252 4 59]
[252 5 58]
[252 3 59]
[252 27 105]
[252 22 77]
[252 19 65]
[252 0 61]
[252 1 60]
[252 21 67]
[252 22 67]
[252 22 70]
[252 23 68]
[252 -76 2]
[252 29 94]
[252 20 75]
[253 23 76]
[253 21 75]
[253 19 63]
[253 19 64]
[253 0 60]
[253 24 80]
[253 7 59]
[253 26 103]
[253 21 76]
[253 24 67]
[253 1 59]
[253 3 58]
[253 29 89]
[253 21 72]
[253 21 64]
[253 20 64]
[253 25 76]
[253 -13 65]
[253 23 70]
[253 28 104]
[253 11 60]
[253 25 102]
[253 29 102]
[253 28 103]
[253 8 59]
[254 6 58]
[254 24 69]
[254 27 103]
[254 0 59]
[254 21 66]
[254 25 66]
[254 25 68]
[254 21 63]
[254 -12 64]
[254 24 70]
[254 29 104]
[254 22 66]
[254 25 80]
[254 20 72]
[254 21 74]
[254 24 75]
[254 28 83]
[255 20 63]
[255 22 63]
[255 23 69]
[255 25 70]
[255 25 78]
[255 22 64]
[255 21 65]
[255 22 65]
[255 25 67]
[255 25 69]
[255 -14 67]
[255 24 68]
[255 21 73]
[255 20 73]
[255 0 58]
[255 26 77]
[255 26 81]
[255 29 103]
[255 -75 1]
[256 26 70]
[256 23 64]
[256 27 81]
[256 26 80]
[256 27 80]
[256 26 79]
[256 2 58]
[256 1 58]
[256 -1 57]
[256 28 105]
[256 27 76]
[256 27 77]
[256 22 62]
[257 0 57]
[257 27 79]
[257 27 104]
[257 23 62]
[257 27 78]
[257 26 69]
[257 -11 64]
[257 -76 1]
[258 23 61]
[258 -2 56]
[258 26 76]
[258 28 81]
[258 27 69]
[258 -11 63]
[258 24 62]
[259 27 75]
[259 28 70]
[259 25 62]
[259 25 61]
[259 24 60]
[259 0 56]
[259 1 57]
[259 24 74]
[259 24 65]
[260 26 61]
[260 -74 0]
[260 23 60]
[260 24 59]
[260 25 60]
[260 24 71]
[260 28 69]
[260 27 74]
[260 26 74]
[260 28 75]
[260 -10 62]
[260 -11 62]
[260 29 70]
[261 28 68]
[261 0 55]
[261 27 70]
[261 24 64]
[261 -73 0]
[261 -74 -1]
[261 26 60]
[261 27 62]
[261 23 72]
[261 28 74]
[261 24 58]
[261 27 73]
[261 -3 56]
[261 -2 55]
[262 25 58]
[262 25 57]
[262 0 54]
[262 -1 54]
[262 26 62]
[262 -2 54]
[262 27 61]
[262 -9 61]
[262 26 73]
[262 26 72]
[263 -74 1]
[263 0 53]
[263 25 72]
[263 26 57]
[264 -1 56]
[264 -2 57]
[264 1 53]
[264 -4 56]
[264 -3 53]
[264 25 56]
[264 27 57]
[264 1 52]
[264 -1 52]
[265 -2 51]
[265 0 51]
[265 -1 51]
[265 0 52]
[265 -2 52]
[265 -10 63]
[265 2 52]
[265 2 53]
[265 28 58]
[265 27 58]
[265 -5 55]
[265 26 55]
[265 24 55]
[265 30 70]
[265 -4 53]
[265 -3 52]
[266 27 55]
[266 25 54]
[266 26 54]
[266 27 54]
[266 -72 -1]
[266 25 55]
[266 -75 -1]
[266 26 56]
[266 -8 60]
[266 -3 50]
[266 -1 50]
[266 -2 50]
[266 -3 55]
[267 -2 49]
[267 28 54]
[267 28 56]
[267 26 53]
[267 -73 -1]
[267 -72 -2]
[267 -73 1]
[267 -3 49]
[267 -4 51]
[267 -4 49]
[267 29 59]
[267 27 53]
[267 -9 62]
[267 -1 49]
[267 1 50]
[268 -75 2]
[268 30 59]
[268 -2 48]
[268 -73 -3]
[268 -74 -2]
[268 25 53]
[268 -3 48]
[268 -5 48]
[268 -8 61]
[268 28 53]
[268 28 52]
[268 -5 50]
[268 -7 60]
[269 -71 -2]
[269 -2 47]
[269 -1 47]
[269 -6 49]
[269 -5 51]
[269 0 48]
[269 -4 55]
[269 29 57]
[269 28 51]
[269 -3 47]
[269 29 60]
[269 23 56]
[269 -5 47]
[269 -4 47]
[269 -7 59]
[270 31 58]
[270 -7 49]
[270 -7 48]
[270 -7 50]
[270 -1 46]
[270 -2 46]
[270 0 47]
[270 29 61]
[270 0 46]
[270 28 50]
[270 29 52]
[270 27 50]
[270 -3 46]
[270 -5 46]
[270 -4 46]
[270 -6 51]
[270 -6 46]
[270 -6 47]
[270 30 57]
[270 -72 -3]
[271 29 50]
[271 27 49]
[271 28 49]
[271 31 60]
[271 30 58]
[271 30 56]
[271 -6 45]
[271 -5 45]
[271 -5 56]
[271 -71 -3]
[271 31 57]
[271 31 56]
[271 -7 46]
[271 -7 45]
[271 -8 49]
[271 25 52]
[271 -8 50]
[271 32 58]
[271 -71 -4]
[271 -3 45]
[271 -2 45]
[271 26 51]
[272 28 48]
[272 30 52]
[272 27 51]
[272 -8 45]
[272 -8 46]
[272 30 50]
[272 30 49]
[272 23 55]
[272 30 55]
[272 -72 -4]
[272 -7 44]
[272 -8 44]
[272 32 57]
[272 -9 49]
[272 -9 50]
[273 -9 45]
[273 -10 50]
[273 33 57]
[273 32 59]
[273 -10 48]
[273 31 51]
[273 30 53]
[273 -71 -5]
[273 24 51]
[273 26 48]
[273 -1 45]
[273 30 54]
[273 -6 57]
[273 -9 47]
[273 31 50]
[273 -6 58]
[273 -8 43]
[273 33 58]
[273 25 50]
[273 26 50]
[273 -9 43]
[273 -9 44]
[273 27 47]
[273 29 47]
[273 29 48]
[274 32 50]
[274 -10 46]
[274 -10 44]
[274 -10 45]
[274 31 49]
[274 26 49]
[274 31 54]
[274 23 54]
[274 27 46]
[274 26 47]
[274 26 46]
[274 30 46]
[274 29 46]
[274 22 56]
[274 34 58]
[274 -4 45]
[274 -11 48]
[274 -11 47]
[274 -10 47]
[274 25 48]
[275 0 45]
[275 1 45]
[275 28 46]
[275 30 45]
[275 29 45]
[275 28 45]
[275 -11 45]
[275 26 45]
[275 -10 43]
[275 33 59]
[275 -12 47]
[275 -6 56]
[275 33 49]
[275 -11 43]
[275 31 47]
[275 -11 46]
[275 -12 46]
[276 24 47]
[276 31 48]
[276 32 49]
[276 32 48]
[276 25 45]
[276 -11 44]
[276 28 44]
[276 -7 57]
[276 -12 44]
[276 33 50]
[276 -70 -5]
[276 34 57]
[276 35 58]
[276 25 46]
[276 31 46]
[276 25 51]
[277 32 53]
[277 32 54]
[277 32 47]
[277 33 48]
[277 22 55]
[277 32 45]
[277 32 46]
[277 34 50]
[277 -6 59]
[277 2 45]
[277 2 44]
[277 -70 -4]
[277 -71 -6]
[277 26 44]
[277 22 54]
[277 -72 -6]
[278 33 44]
[278 34 48]
[278 33 47]
[278 33 54]
[278 -70 -2]
[278 29 43]
[278 28 43]
[278 35 56]
[278 26 43]
[278 25 43]
[278 -72 -5]
[278 -5 57]
[278 -72 -7]
[278 36 57]
[278 -70 -3]
[279 32 44]
[279 33 45]
[279 36 56]
[279 27 42]
[279 35 48]
[279 35 47]
[279 34 53]
[279 -73 -6]
[279 -72 -8]
[279 -71 -8]
[279 36 55]
[279 27 43]
[279 35 51]
[279 35 49]
[279 -69 -4]
[279 1 43]
[279 24 42]
[279 25 42]
[280 35 55]
[280 24 43]
[280 33 43]
[280 3 44]
[280 28 42]
[280 27 41]
[280 -76 3]
[280 35 54]
[280 36 52]
[280 36 50]
[280 35 50]
[280 25 41]
[280 33 55]
[280 36 49]
[281 23 44]
[281 -69 -3]
[281 26 40]
[281 25 40]
[281 37 50]
[281 34 55]
[281 -8 57]
[281 35 53]
[281 24 50]
[281 23 41]
[281 34 42]
[281 -70 -6]
[281 36 51]
[281 37 51]
[281 36 54]
[281 28 40]
[282 28 39]
[282 27 39]
[282 29 39]
[282 -70 -9]
[282 21 55]
[282 24 40]
[282 25 39]
[282 -70 -7]
[282 23 43]
[282 22 45]
[282 31 43]
[282 22 41]
[282 23 42]
[282 22 40]
[282 36 46]
[282 36 47]
[282 33 41]
[282 35 43]
[282 34 43]
[282 34 41]
[282 -68 -4]
[282 -68 -2]
[282 38 49]
[282 38 50]
[282 2 43]
[282 33 42]
[282 37 49]
[282 23 50]
[282 -73 -8]
[283 23 45]
[283 -69 -7]
[283 37 45]
[283 37 47]
[283 37 48]
[283 35 40]
[283 38 51]
[283 29 40]
[283 39 48]
[283 34 45]
[283 4 44]
[283 21 44]
[283 32 41]
[283 2 42]
[283 35 44]
[283 -69 -10]
[283 27 40]
[283 -73 -7]
[283 23 39]
[283 23 40]
[283 21 39]
[283 24 39]
[283 3 45]
[283 -71 -7]
[283 26 38]
[283 28 38]
[283 30 38]
[284 -70 -8]
[284 34 40]
[284 35 39]
[284 37 46]
[284 21 43]
[284 20 43]
[284 -69 -2]
[284 22 39]
[284 20 38]
[284 21 40]
[284 22 38]
[284 23 38]
[284 27 38]
[284 37 44]
[284 36 44]
[284 38 44]
[284 29 38]
[284 39 49]
[284 36 45]
[284 36 43]
[284 38 47]
[284 25 38]
[284 26 37]
[284 30 37]
[284 29 41]
[284 36 42]
[284 31 40]
[284 -73 -9]
[285 22 53]
[285 34 38]
[285 35 38]
[285 28 37]
[285 39 44]
[285 38 43]
[285 37 43]
[285 38 45]
[285 22 37]
[285 21 37]
[285 35 41]
[285 -73 -10]
[285 22 43]
[285 21 42]
[285 20 40]
[285 20 39]
[285 31 39]
[285 31 38]
[285 24 37]
[285 21 41]
[285 38 46]
[285 -69 -6]
[286 28 36]
[286 31 41]
[286 21 36]
[286 32 39]
[286 21 54]
[286 20 41]
[286 35 37]
[286 23 49]
[286 37 42]
[286 4 43]
[286 39 43]
[286 24 36]
[286 23 36]
[286 20 54]
[287 20 36]
[287 27 36]
[287 38 42]
[287 5 43]
[287 5 44]
[287 28 35]
[287 20 53]
[287 39 42]
[287 33 37]
[287 34 37]
[287 36 38]
[287 39 47]
[287 25 35]
[288 1 41]
[288 4 42]
[288 19 52]
[288 28 34]
[288 5 45]
[288 38 41]
[288 21 35]
[288 19 42]
[288 23 48]
[288 20 35]
[289 27 34]
[289 3 42]
[289 33 39]
[289 19 34]
[289 20 34]
[289 21 34]
[289 3 41]
[289 20 52]
[289 22 35]
[289 22 48]
[289 19 51]
[289 18 51]
[290 2 41]
[290 4 45]
[290 18 52]
[290 -74 -7]
[290 20 33]
[290 26 35]
[290 18 34]
[291 6 44]
[291 19 43]
[291 21 47]
[291 17 34]
[291 18 53]
[292 20 32]
[292 19 32]
[292 -9 58]
[292 20 46]
[292 22 52]
[292 18 35]
[293 17 53]
[293 32 36]
[293 -69 -9]
[293 19 31]
[293 20 31]
[293 -67 -3]
[293 18 32]
[293 17 35]
[293 17 33]
[293 2 40]
[293 22 47]
[293 21 46]
[293 20 51]
[294 17 32]
[294 20 30]
[294 16 32]
[294 20 45]
[294 32 35]
[294 16 35]
[294 16 33]
[294 16 34]
[294 21 31]
[294 21 51]
[294 6 43]
[295 20 50]
[295 21 30]
[295 20 29]
[295 19 54]
[296 21 52]
[296 16 31]
[296 18 42]
[296 2 39]
[296 20 28]
[297 17 54]
[297 19 29]
[297 18 36]
[297 2 38]
[297 22 30]
[297 -10 58]
[297 20 27]
[297 21 27]
[297 21 28]
[297 20 44]
[297 15 35]
[298 -9 57]
[298 7 44]
[298 7 43]
[298 2 37]
[298 16 30]
[298 17 30]
[298 18 30]
[298 22 27]
[299 21 26]
[299 19 26]
[299 8 43]
[299 15 30]
[299 18 54]
[299 33 34]
[299 32 34]
[299 15 33]
[299 15 29]
[299 7 45]
[299 1 37]
[299 23 26]
[299 16 29]
[299 17 29]
[300 18 25]
[300 23 27]
[300 24 26]
[300 24 25]
[300 17 28]
[300 32 33]
[300 14 29]
[300 1 40]
[301 15 28]
[301 20 49]
[301 25 26]
[301 25 27]
[301 1 39]
[301 18 24]
[301 17 24]
[301 19 44]
[301 18 28]
[301 6 45]
[301 -11 58]
[301 15 32]
[301 24 24]
[301 25 25]
[302 17 25]
[302 23 23]
[302 8 42]
[302 23 30]
[302 15 27]
[302 14 27]
[302 16 24]
[302 14 31]
[302 25 24]
[302 19 27]
[302 26 27]
[302 24 28]
[302 18 23]
[303 13 28]
[303 13 30]
[303 22 22]
[303 13 26]
[303 15 25]
[303 24 29]
[303 16 27]
[303 0 38]
[303 26 26]
[303 26 28]
[303 24 23]
[303 27 26]
[303 26 25]
[304 21 23]
[304 23 21]
[304 22 23]
[304 14 25]
[304 19 49]
[304 16 25]
[304 14 26]
[304 23 22]
[304 22 24]
[304 27 27]
[304 27 24]
[304 0 40]
[304 25 22]
[304 14 24]
[304 14 32]
[304 17 22]
[304 27 25]
[305 17 21]
[305 18 21]
[305 21 22]
[305 24 21]
[305 12 25]
[305 0 39]
[305 7 46]
[305 18 55]
[305 19 22]
[305 20 23]
[305 21 24]
[305 22 21]
[305 26 23]
[305 28 25]
[305 28 24]
[306 11 24]
[306 29 24]
[306 25 20]
[306 16 22]
[306 8 45]
[306 14 23]
[306 14 30]
[306 13 29]
[306 19 20]
[306 22 20]
[306 26 22]
[307 20 24]
[307 26 19]
[307 26 20]
[307 15 23]
[307 21 21]
[307 23 19]
[307 13 23]
[307 12 27]
[307 13 27]
[307 12 29]
[307 10 24]
[308 29 26]
[308 10 25]
[308 12 24]
[308 19 19]
[308 12 28]
[308 -12 58]
[308 8 41]
[308 12 22]
[308 26 18]
[308 9 44]
[308 15 21]
[308 27 20]
[309 -1 38]
[309 27 21]
[309 8 46]
[309 30 25]
[309 29 25]
[309 25 18]
[309 27 18]
[309 11 26]
[309 19 21]
[309 14 22]
[309 -12 59]
[309 21 19]
[309 23 18]
[309 29 23]
[309 17 20]
[309 11 27]
[309 20 18]
[309 14 20]
[309 26 17]
[310 -1 40]
[310 -1 37]
[310 14 21]
[310 12 21]
[310 17 19]
[310 24 18]
[310 27 17]
[310 27 16]
[310 23 17]
[310 9 46]
[310 9 43]
[310 16 20]
[310 28 21]
[310 15 20]
[310 31 24]
[310 22 18]
[310 18 44]
[310 18 18]
[310 19 18]
[310 25 17]
[310 20 17]
[311 29 20]
[311 32 24]
[311 31 23]
[311 24 16]
[311 10 47]
[311 20 16]
[311 14 19]
[311 11 25]
[311 9 47]
[311 19 17]
[311 18 48]
[311 28 18]
[312 18 49]
[312 15 18]
[312 14 18]
[312 33 23]
[312 33 24]
[312 21 16]
[312 18 17]
[312 21 15]
[312 30 22]
[312 29 17]
[312 29 19]
[312 30 19]
[312 17 48]
[312 31 25]
[312 28 22]
[313 0 41]
[313 17 18]
[313 17 17]
[313 32 26]
[313 10 46]
[313 30 21]
[313 34 24]
[313 29 22]
[313 14 17]
[313 15 17]
[313 17 55]
[313 32 22]
[313 34 22]
[313 31 26]
[313 13 18]
[313 33 25]
[313 30 18]
[313 31 22]
[314 34 21]
[314 35 21]
[314 15 16]
[314 17 47]
[314 33 22]
[314 -13 59]
[314 16 18]
[314 17 16]
[314 33 21]
[314 11 46]
[314 34 26]
[314 9 23]
[314 21 14]
[314 22 15]
[315 33 20]
[315 18 16]
[315 23 15]
[315 9 24]
[315 20 14]
[315 34 25]
[315 34 27]
[315 33 26]
[315 35 25]
[315 11 45]
[315 16 47]
[315 17 15]
[315 16 15]
[315 36 22]
[315 19 15]
[316 35 24]
[316 20 13]
[316 22 13]
[316 17 44]
[316 18 56]
[316 24 14]
[316 10 45]
[316 35 26]
[316 35 27]
[316 14 15]
[316 10 44]
[316 24 15]
[316 12 19]
[316 18 14]
[316 10 48]
[316 32 19]
[316 37 23]
[316 8 24]
[317 11 44]
[317 21 12]
[317 19 14]
[317 19 12]
[317 7 23]
[317 8 23]
[317 36 25]
[317 38 23]
[317 16 49]
[317 36 26]
[317 21 13]
[317 33 28]
[317 35 28]
[317 23 13]
[317 15 14]
[317 14 14]
[317 24 13]
[317 34 28]
[318 16 46]
[318 -14 60]
[318 22 12]
[318 14 13]
[318 34 29]
[318 32 28]
[318 33 29]
[318 23 12]
[318 15 13]
[318 16 13]
[318 37 27]
[318 -1 41]
[318 13 15]
[318 18 11]
[318 12 46]
[319 15 49]
[319 18 13]
[319 36 28]
[319 38 27]
[319 21 11]
[319 13 14]
[319 32 29]
[319 7 22]
[319 11 43]
[319 37 22]
[319 33 30]
[319 35 29]
[319 14 12]
[319 17 13]
[319 20 11]
[319 19 11]
[319 18 10]
[319 19 10]
[319 16 12]
[319 37 26]
[319 -2 36]
[320 18 12]
[320 20 10]
[320 15 46]
[320 19 9]
[320 36 29]
[320 -1 36]
[320 15 12]
[320 15 11]
[320 13 11]
[320 39 23]
[320 8 21]
[320 6 22]
[320 12 14]
[320 38 28]
[320 39 28]
[321 7 21]
[321 15 45]
[321 11 15]
[321 -15 60]
[321 11 19]
[321 15 47]
[321 16 11]
[321 8 22]
[321 39 22]
[321 12 11]
[321 13 10]
[321 17 10]
[321 17 9]
[321 12 15]
[321 9 48]
[321 -2 41]
[321 35 30]
[321 36 30]
[321 37 30]
[321 7 20]
[321 9 20]
[322 15 10]
[322 -3 41]
[322 9 21]
[322 11 12]
[322 11 11]
[322 11 10]
[322 10 18]
[322 11 14]
[322 10 16]
[322 7 19]
[322 6 19]
[322 39 26]
[322 5 22]
[322 5 21]
[322 40 27]
[322 -2 35]
[322 38 30]
[322 8 47]
[322 12 10]
[323 15 44]
[323 14 9]
[323 16 10]
[323 13 9]
[323 6 18]
[323 41 28]
[323 6 20]
[323 10 14]
[323 10 9]
[323 10 11]
[323 36 31]
[323 18 8]
[323 4 21]
[323 4 22]
[323 40 24]
[323 40 25]
[323 40 26]
[323 10 19]
[323 10 21]
[323 34 31]
[323 10 13]
[323 9 17]
[323 19 57]
[323 15 50]
[324 9 19]
[324 4 20]
[324 3 21]
[324 10 17]
[324 9 15]
[324 10 12]
[324 39 25]
[324 16 8]
[324 9 13]
[324 9 12]
[324 8 18]
[324 8 19]
[324 42 28]
[324 14 44]
[324 35 32]
[324 9 10]
[324 5 18]
[324 9 18]
[324 8 17]
[324 -14 59]
[324 13 8]
[324 11 17]
[324 9 8]
[325 5 17]
[325 7 17]
[325 6 17]
[325 3 20]
[325 10 8]
[325 15 7]
[325 6 21]
[325 5 19]
[325 14 8]
[325 8 12]
[325 2 20]
[325 2 22]
[325 3 22]
[325 14 51]
[325 36 33]
[325 12 7]
[325 8 15]
[325 8 14]
[325 8 7]
[325 9 7]
[325 11 9]
[326 13 52]
[326 14 52]
[326 40 29]
[326 7 7]
[326 8 6]
[326 8 13]
[326 7 12]
[326 10 7]
[326 13 46]
[326 4 18]
[326 5 16]
[326 6 16]
[326 37 32]
[326 1 21]
[326 12 6]
[326 8 8]
[326 9 9]
[326 8 9]
[326 8 11]
[326 7 15]
[326 3 19]
[326 1 20]
[327 38 32]
[327 15 6]
[327 9 6]
[327 8 5]
[327 11 6]
[327 7 14]
[327 6 15]
[327 6 11]
[327 5 20]
[327 4 17]
[327 8 10]
[327 14 46]
[327 12 51]
[327 0 21]
[327 0 20]
[327 13 6]
[327 11 5]
[327 5 15]
[327 4 15]
[327 1 19]
[327 7 8]
[327 13 51]
[327 4 16]
[328 6 14]
[328 5 14]
[328 41 30]
[328 -1 19]
[328 15 5]
[328 14 6]
[328 7 11]
[328 9 4]
[328 7 5]
[328 12 5]
[328 10 5]
[328 12 4]
[328 7 9]
[328 6 9]
[328 6 7]
[328 4 14]
[329 13 5]
[329 6 10]
[329 40 22]
[329 1 22]
[329 -1 21]
[329 3 17]
[329 3 13]
[329 10 3]
[329 13 50]
[329 0 18]
[329 1 18]
[329 2 18]
[329 -1 18]
[329 -2 20]
[329 5 11]
[329 14 45]
[329 5 7]
[329 5 13]
[329 41 29]
[329 42 29]
[329 41 31]
[329 38 33]
[330 -1 17]
[330 4 19]
[330 -2 19]
[330 4 7]
[330 11 2]
[330 0 23]
[330 -1 20]
[330 6 12]
[330 -2 22]
[330 43 30]
[330 -2 17]
[330 40 21]
[330 1 17]
[330 5 8]
[330 9 3]
[330 42 30]
[330 2 13]
[330 2 17]
[331 4 10]
[331 16 5]
[331 3 16]
[331 -1 23]
[331 -2 21]
[331 15 52]
[331 13 4]
[331 4 9]
[331 2 12]
[331 -2 18]
[331 0 16]
[331 0 17]
[331 11 1]
[331 12 2]
[331 10 1]
[331 39 32]
[331 4 6]
[331 -3 19]
[331 43 31]
[331 5 12]
[331 8 2]
[331 20 58]
[331 9 2]
[332 -2 23]
[332 -3 18]
[332 1 16]
[332 2 16]
[332 2 15]
[332 12 3]
[332 9 0]
[332 4 5]
[332 3 10]
[332 10 0]
[332 3 8]
[332 1 15]
[332 -4 19]
[332 -4 20]
[332 3 11]
[332 7 1]
[333 -5 19]
[333 9 1]
[333 2 11]
[333 1 11]
[333 1 13]
[333 1 14]
[333 43 32]
[333 6 1]
[333 6 0]
[333 12 0]
[333 12 1]
[333 8 1]
[333 16 44]
[333 13 2]
[333 2 9]
[334 21 59]
[334 8 0]
[334 5 5]
[334 0 13]
[334 3 18]
[334 7 0]
[334 -4 17]
[334 5 1]
[334 2 10]
[334 2 8]
[334 43 33]
[334 -4 41]
[334 -4 21]
[334 -5 20]
[334 -6 20]
[335 -6 19]
[335 21 58]
[335 6 -1]
[335 7 -1]
[335 0 11]
[335 -4 16]
[335 -5 16]
[335 13 0]
[335 44 32]
[335 5 0]
[335 1 7]
[335 4 2]
[335 4 1]
[335 -6 18]
[336 6 -2]
[336 41 22]
[336 17 5]
[336 1 6]
[336 2 6]
[336 40 20]
[336 0 12]
[336 3 2]
[336 3 1]
[336 3 4]
[336 43 34]
[336 -6 17]
[336 -5 15]
[336 3 3]
[336 -3 15]
[336 45 31]
[336 45 33]
[336 14 0]
[336 -6 21]
[336 -1 11]
[336 -4 22]
[337 -6 14]
[337 -6 16]
[337 -6 15]
[337 5 4]
[337 45 32]
[337 45 34]
[337 -2 14]
[337 -2 15]
[337 3 5]
[337 2 3]
[337 4 0]
[337 -1 12]
[337 2 1]
[337 -5 40]
[337 2 5]
[337 13 -1]
[337 0 5]
[337 44 35]
[337 42 35]
[337 -1 13]
[337 -7 20]
[337 -2 11]
[337 18 4]
[338 19 4]
[338 2 2]
[338 5 3]
[338 4 3]
[338 1 4]
[338 -5 14]
[338 -7 17]
[338 6 -3]
[338 46 32]
[338 -2 12]
[338 17 6]
[338 0 8]
[338 15 1]
[338 2 0]
[338 -3 14]
[338 3 -1]
[338 3 0]
[338 -5 13]
[338 -7 13]
[338 -6 13]
[338 -8 20]
[338 -1 4]
[338 0 4]
[338 45 35]
[338 44 36]
[338 -7 16]
[338 1 0]
[338 -2 13]
[339 -3 13]
[339 -3 12]
[339 -6 12]
[339 6 3]
[339 0 9]
[339 0 7]
[339 14 -1]
[339 -1 5]
[339 -1 3]
[339 -9 19]
[339 46 33]
[339 47 32]
[339 7 -3]
[339 0 3]
[339 44 37]
[339 7 -4]
[339 5 -4]
[339 -8 18]
[339 -8 16]
[339 15 0]
[339 19 5]
[339 0 1]
[339 0 -1]
[339 18 5]
[339 2 4]
[339 12 -2]
[339 2 -2]
[339 4 -2]
[340 -1 6]
[340 7 -5]
[340 8 -5]
[340 8 -4]
[340 -4 12]
[340 -9 20]
[340 -10 19]
[340 -10 18]
[340 0 2]
[340 -1 1]
[340 -9 21]
[340 -8 21]
[340 6 -5]
[340 4 -3]
[340 13 -2]
[340 -1 0]
[340 0 -2]
[340 -1 -2]
[340 3 -3]
[340 45 37]
[340 -1 9]
[340 -7 12]
[340 -1 7]
[340 43 35]
[340 18 3]
[340 19 3]
[340 17 3]
[340 20 5]
[340 12 -3]
[340 -8 17]
[340 47 31]
[340 2 -3]
[340 1 -2]
[340 20 3]
[340 16 0]
[340 15 -1]
[340 -2 3]
[340 -8 12]
[340 48 31]
[340 47 33]
[341 14 -2]
[341 16 -1]
[341 15 -2]
[341 0 0]
[341 -5 11]
[341 20 4]
[341 19 6]
[341 15 2]
[341 19 2]
[341 5 -5]
[341 1 -1]
[341 48 33]
[341 18 2]
[341 7 -6]
[341 9 -5]
[341 21 4]
[341 -2 7]
[341 17 1]
[341 -7 11]
[341 -8 13]
[341 2 -4]
[341 3 -4]
[341 -1 -3]
[341 -11 18]
[341 19 59]
[341 9 -4]
[341 -3 10]
[341 -8 15]
[341 -1 -1]
[341 -2 -3]
[341 20 2]
[341 -2 9]
[341 -2 0]
[341 12 -4]
[341 11 -3]
[342 46 35]
[342 47 34]
[342 11 -2]
[342 -3 8]
[342 46 36]
[342 -1 -4]
[342 -11 19]
[342 16 -2]
[342 19 1]
[342 -9 17]
[342 -5 10]
[342 21 3]
[342 20 1]
[342 20 6]
[342 1 -3]
[342 21 6]
[342 21 5]
[342 10 -5]
[342 -3 -1]
[342 11 -4]
[342 9 -3]
[342 17 -1]
[342 17 -2]
[342 13 -4]
[342 4 -6]
[342 -3 9]
[342 17 2]
[342 16 3]
[342 6 -6]
[342 -9 15]
[342 22 4]
[342 22 3]
[342 18 1]
[342 18 0]
[342 17 0]
[342 16 2]
[342 9 -6]
[342 -6 40]
[343 18 -2]
[343 18 -1]
[343 16 -3]
[343 -3 4]
[343 23 3]
[343 23 4]
[343 -10 15]
[343 -4 8]
[343 -3 6]
[343 -4 9]
[343 -4 -2]
[343 21 1]
[343 11 -6]
[343 -10 17]
[343 -11 17]
[343 -12 17]
[343 3 -7]
[343 6 -7]
[343 8 -7]
[343 10 -4]
[343 -10 16]
[343 19 0]
[343 48 35]
[343 46 37]
[343 21 2]
[343 -2 -5]
[343 0 -5]
[343 10 -2]
[343 19 -1]
[343 2 -5]
[343 -6 9]
[343 -3 -4]
[343 -7 40]
[343 19 58]
[343 0 -4]
[344 11 -5]
[344 20 -1]
[344 20 -2]
[344 42 23]
[344 -11 15]
[344 -5 9]
[344 -5 8]
[344 -7 10]
[344 0 -6]
[344 1 -6]
[344 -3 -2]
[344 -4 0]
[344 15 3]
[344 49 36]
[344 47 35]
[344 6 -8]
[344 5 -7]
[344 7 -8]
[344 19 -3]
[344 -3 -5]
[344 -1 -6]
[344 -1 -5]
[344 21 60]
[344 4 -8]
[344 2 -8]
[344 12 -6]
[344 11 -7]
[344 47 36]
[344 20 59]
[344 3 -6]
[344 -4 5]
[344 16 -4]
[344 17 -4]
[344 -5 -1]
[344 -12 16]
[344 24 5]
[344 14 -5]
[345 24 4]
[345 23 6]
[345 -3 -6]
[345 -2 -6]
[345 9 -2]
[345 -5 0]
[345 2 -6]
[345 0 -7]
[345 49 35]
[345 -4 -3]
[345 -11 16]
[345 -3 -3]
[345 -4 4]
[345 -4 3]
[345 18 -4]
[345 3 -8]
[345 12 -7]
[345 15 -5]
[345 17 -5]
[345 15 -4]
[345 -5 7]
[345 -3 3]
[345 -3 2]
[345 47 38]
[345 2 -7]
[345 43 23]
[345 24 3]
[345 23 5]
[345 14 -6]
[345 15 -6]
[345 13 -6]
[345 22 6]
[345 10 -8]
[345 11 -8]
[345 -1 -7]
[345 39 19]
[345 -5 6]
[345 -8 10]
[345 -12 14]
[345 -12 15]
[345 3 -9]
[345 6 -9]
[345 23 2]
[345 21 -2]
[345 21 -3]
[345 18 -3]
[345 47 30]
[345 9 -8]
[346 50 36]
[346 5 -9]
[346 7 -9]
[346 10 -9]
[346 1 -9]
[346 7 -7]
[346 8 -9]
[346 21 0]
[346 -13 14]
[346 20 -4]
[346 21 -4]
[346 -6 -1]
[346 48 29]
[346 -4 -5]
[346 11 -9]
[346 -5 -4]
[346 19 -5]
[346 14 -4]
[346 2 -9]
[346 -4 2]
[346 -4 1]
[346 -5 1]
[346 13 -7]
[346 25 2]
[346 -5 3]
[346 -5 4]
[346 -6 7]
[346 13 -8]
[346 -8 9]
[346 0 -8]
[346 17 -6]
[346 18 -6]
[346 16 -5]
[346 20 -3]
[346 24 6]
[346 -7 9]
[346 -13 16]
[346 -13 13]
[346 25 6]
[346 -6 6]
[346 1 -8]
[346 14 -7]
[346 25 5]
[346 15 -7]
[347 18 -7]
[347 18 -5]
[347 19 -6]
[347 8 -10]
[347 16 -6]
[347 2 -10]
[347 0 -9]
[347 -1 -9]
[347 47 29]
[347 9 -7]
[347 -6 5]
[347 -6 3]
[347 -5 5]
[347 -3 -7]
[347 9 -10]
[347 26 5]
[347 -4 -6]
[347 -13 15]
[347 4 -10]
[347 -5 -5]
[347 -6 -3]
[347 24 2]
[347 12 -8]
[347 26 3]
[347 -7 -2]
[347 -7 6]
[347 14 -8]
[347 15 -8]
[347 -6 1]
[348 15 -9]
[348 14 -9]
[348 2 -11]
[348 1 -11]
[348 13 -9]
[348 -2 -8]
[348 -11 13]
[348 49 32]
[348 10 -10]
[348 8 -11]
[348 -9 8]
[348 48 30]
[348 -1 -10]
[348 -4 -8]
[348 -7 8]
[348 -14 12]
[348 -6 -5]
[348 20 60]
[348 19 -4]
[348 40 19]
[348 46 39]
[348 3 -10]
[348 -6 -4]
[348 12 -10]
[348 5 -10]
[348 23 1]
[348 9 -11]
[348 -9 10]
[348 18 -8]
[348 17 -8]
[348 16 -9]
[348 -8 -3]
[348 -8 -1]
[349 3 -11]
[349 -7 -4]
[349 -6 4]
[349 3 -12]
[349 1 -12]
[349 49 30]
[349 -1 -8]
[349 -7 -5]
[349 -6 -6]
[349 10 -12]
[349 8 -12]
[349 -9 9]
[349 -7 -3]
[349 -4 -7]
[349 47 28]
[349 4 -11]
[349 6 -11]
[349 -14 11]
[349 -9 -1]
[349 16 -10]
[349 -11 12]
[349 -10 12]
[349 -10 13]
[349 7 -11]
[349 20 -5]
[349 18 -9]
[349 49 37]
[349 -2 -9]
[349 -10 9]
[349 11 -11]
[349 14 -10]
[349 0 -12]
[349 -7 2]
[350 14 -11]
[350 12 -11]
[350 -8 -5]
[350 50 30]
[350 -5 -7]
[350 -7 -1]
[350 -12 11]
[350 -10 11]
[350 17 -11]
[350 27 4]
[350 0 -13]
[350 -3 -9]
[350 -5 -8]
[350 -8 -6]
[350 4 -13]
[350 4 -12]
[350 -10 8]
[350 11 -12]
[350 46 28]
[350 -13 12]
[350 -7 4]
[350 -7 3]
[350 -8 0]
[350 -9 -2]
[350 -11 11]
[350 0 -11]
[350 48 39]
[350 -8 5]
[350 9 -13]
[351 -5 -9]
[351 -4 -9]
[351 -14 10]
[351 -13 10]
[351 10 -13]
[351 5 -13]
[351 3 -13]
[351 -4 -10]
[351 -3 -8]
[351 39 18]
[351 5 -12]
[351 -12 12]
[351 -1 -12]
[351 -11 9]
[351 20 -6]
[351 46 27]
[351 46 29]
[351 13 -10]
[351 -11 7]
[351 48 40]
[351 -1 -13]
[351 -1 -14]
[351 15 -12]
[351 13 -12]
[351 -9 4]
[351 1 -13]
[351 49 34]
[351 18 -11]
[351 -8 39]
[351 -9 -3]
[351 50 32]
[352 -12 10]
[352 19 -7]
[352 14 -13]
[352 2 -14]
[352 -9 -4]
[352 -14 9]
[352 23 0]
[352 -8 1]
[352 -6 -10]
[352 18 -12]
[352 -6 -8]
[352 9 -14]
[352 -10 7]
[352 -12 8]
[352 -3 -11]
[352 49 39]
[352 -11 6]
[352 51 36]
[352 -2 -13]
[352 -10 4]
[352 -10 5]
[352 50 34]
[352 51 33]
[352 51 31]
[352 51 32]
[353 -10 -4]
[353 13 -13]
[353 12 -13]
[353 -5 -10]
[353 -15 9]
[353 -9 5]
[353 -10 6]
[353 -11 4]
[353 45 28]
[353 -12 6]
[353 49 31]
[353 -7 -9]
[353 50 40]
[353 -11 5]
[353 -11 3]
[353 39 17]
[353 38 17]
[353 7 -13]
[353 -5 -11]
[353 8 -14]
[353 10 -14]
[353 -10 3]
[353 -8 4]
[353 51 30]
[353 5 -14]
[353 18 57]
[353 18 59]
[353 50 38]
[353 -2 -12]
[353 -2 -14]
[353 -8 -7]
[353 -14 8]
[353 -13 8]
[353 -15 8]
[353 -9 6]
[353 28 5]
[353 -3 -14]
[353 19 -11]
[353 17 -13]
[353 8 -15]
[353 9 -15]
[353 -8 2]
[354 -4 -12]
[354 -2 -15]
[354 23 -1]
[354 19 -8]
[354 -16 9]
[354 -4 -14]
[354 -11 2]
[354 6 -14]
[354 6 -13]
[354 -14 7]
[354 -15 7]
[354 -16 7]
[354 -13 7]
[354 4 -15]
[354 9 -16]
[354 15 -14]
[354 11 -14]
[354 51 38]
[354 52 35]
[354 7 -14]
[354 51 35]
[354 -13 6]
[354 -13 5]
[354 52 32]
[354 11 -15]
[354 -8 -8]
[354 -12 5]
[354 49 40]
[355 -5 -13]
[355 12 -14]
[355 20 -7]
[355 5 -16]
[355 45 27]
[355 -9 -8]
[355 -8 -9]
[355 5 -15]
[355 6 -15]
[355 -3 -15]
[355 7 -15]
[355 50 39]
[355 -14 6]
[355 -12 4]
[355 -9 39]
[355 -15 6]
[355 -3 -16]
[355 -2 -16]
[355 51 41]
[355 18 -10]
[355 -12 2]
[355 -12 1]
[355 -10 1]
[355 -13 4]
[355 19 -12]
[355 -11 -4]
[355 27 6]
[355 -5 -15]
[355 53 35]
[355 53 34]
[355 8 -17]
[355 10 -17]
[355 51 29]
[356 -11 1]
[356 -13 1]
[356 -6 -15]
[356 -6 -14]
[356 -6 -16]
[356 -5 -16]
[356 12 -15]
[356 -6 -12]
[356 -8 -10]
[356 7 -18]
[356 9 -18]
[356 -8 40]
[356 7 -16]
[356 16 -14]
[356 11 -17]
[356 18 -13]
[356 -16 6]
[356 -16 5]
[356 0 -15]
[356 53 32]
[356 14 -15]
[356 -4 -16]
[356 52 39]
[356 -12 -5]
[356 -12 -3]
[356 -3 -17]
[356 52 30]
[356 52 34]
[356 5 -17]
[356 -1 -16]
[356 -1 -17]
[356 51 28]
[357 -7 -15]
[357 16 -15]
[357 -8 -11]
[357 51 34]
[357 -17 5]
[357 -16 4]
[357 -15 5]
[357 13 -16]
[357 -12 -4]
[357 -13 -3]
[357 -12 -2]
[357 19 -10]
[357 53 31]
[357 53 33]
[357 8 -18]
[357 45 26]
[357 -13 0]
[357 0 -17]
[357 8 -19]
[357 6 -18]
[357 7 -19]
[357 54 33]
[357 54 35]
[357 -10 -7]
[357 6 -17]
[357 4 -18]
[357 -13 -4]
[357 -13 -5]
[357 -13 3]
[357 -6 -13]
[357 -5 -17]
[357 10 -19]
[357 9 -19]
[357 15 -15]
[357 52 40]
[357 12 -18]
[357 53 29]
[357 53 30]
[357 44 26]
[357 17 58]
[357 -14 0]
[358 -7 -16]
[358 -14 2]
[358 52 41]
[358 54 30]
[358 -13 2]
[358 55 32]
[358 54 32]
[358 10 -20]
[358 9 -20]
[358 8 -20]
[358 -18 5]
[358 -18 6]
[358 18 -14]
[358 -11 -6]
[358 12 -17]
[358 -6 -18]
[358 -15 0]
[358 -15 1]
[358 -13 -2]
[358 -14 -4]
[358 -4 -18]
[358 -3 -18]
[358 5 -18]
[358 4 -17]
[358 -13 -6]
[358 3 -17]
[358 3 -19]
[358 3 -18]
[358 44 25]
[358 45 25]
[358 13 -17]
[358 11 -18]
[358 2 -15]
[358 -14 -5]
[358 52 33]
[358 11 -19]
[358 15 -16]
[358 -14 1]
[358 -12 -1]
[358 7 -20]
[358 46 25]
[358 -11 -2]
[358 -7 -17]
[358 3 -16]
[359 44 27]
[359 -16 0]
[359 -16 1]
[359 -7 -13]
[359 -13 -1]
[359 -11 -1]
[359 -10 -6]
[359 -11 -8]
[359 2 -17]
[359 2 -16]
[359 17 -14]
[359 11 -16]
[359 1 -17]
[359 4 -19]
[359 -14 -3]
[359 -6 -19]
[359 -18 4]
[359 -15 -6]
[359 -14 -6]
[359 3 -20]
[359 2 -19]
[359 9 -21]
[359 46 24]
[359 39 16]
[359 -8 -17]
[359 -8 -16]
[359 -7 -18]
[359 7 -21]
[359 8 -21]
[359 6 -20]
[359 -14 -1]
[359 45 24]
[359 -15 4]
[359 0 -18]
[359 19 -13]
[359 16 -16]
[359 -3 -19]
[359 51 42]
[359 19 -9]
[359 53 41]
[359 -15 -1]
[359 -12 -6]
[359 -16 10]
[360 55 35]
[360 5 -20]
[360 2 -20]
[360 -15 -5]
[360 -16 -6]
[360 -16 -7]
[360 -5 -19]
[360 -4 -19]
[360 -9 -16]
[360 16 -17]
[360 5 -21]
[360 6 -21]
[360 -11 -7]
[360 0 -19]
[360 -1 -19]
[360 -12 -7]
[360 -14 -7]
[360 43 25]
[360 7 -22]
[360 6 -22]
[360 54 40]
[360 -17 -1]
[360 52 42]
[360 -11 -9]
[360 -15 -2]
[360 -16 -2]
[360 -10 -9]
[360 -6 -20]
[360 -7 -20]
[360 9 -22]
[360 38 15]
[360 -19 3]
[360 -19 5]
[360 1 -20]
[360 14 -16]
[360 -17 0]
[360 -10 38]
[360 -3 -20]
[360 -4 -20]
[360 -13 -7]
[360 17 -15]
[361 55 33]
[361 -20 4]
[361 -18 2]
[361 -9 -18]
[361 -14 -2]
[361 -14 -8]
[361 -13 -8]
[361 39 15]
[361 -9 -12]
[361 -7 -21]
[361 -6 -21]
[361 -17 -8]
[361 -15 -8]
[361 -17 1]
[361 -15 -4]
[361 -8 -18]
[361 -19 4]
[361 5 -22]
[361 -15 -7]
[361 -17 -7]
[361 -18 0]
[361 -7 -19]
[361 -8 -19]
[361 8 -22]
[361 4 -22]
[361 -12 -8]
[361 -16 3]
[361 55 39]
[361 -5 -21]
[361 -20 5]
[361 -8 -14]
[361 53 36]
[361 -16 -4]
[361 2 -21]
[361 -10 -15]
[361 43 24]
[361 56 34]
[361 3 -21]
[361 5 -23]
[361 6 -23]
[361 7 -23]
[361 8 -23]
[361 0 -20]
[361 -1 -20]
[361 -2 -19]
[361 -2 -20]
[361 -9 -17]
[362 -21 5]
[362 -5 -20]
[362 -9 -19]
[362 -8 -20]
[362 20 -11]
[362 -18 1]
[362 -16 -3]
[362 -2 -21]
[362 5 -24]
[362 7 -24]
[362 2 -18]
[362 -8 -21]
[362 15 -17]
[362 54 36]
[362 -13 -9]
[362 1 -22]
[362 1 -21]
[362 54 41]
[362 53 38]
[362 4 -23]
[362 -7 -22]
[362 9 -23]
[362 -1 -21]
[362 0 -21]
[362 4 -24]
[362 -14 -9]
[362 -15 -9]
[362 37 15]
[362 -21 4]
[362 8 -24]
[362 -9 -13]
[362 -10 -11]
[362 -19 2]
[362 -11 -15]
[362 -10 39]
[363 -19 1]
[363 -19 0]
[363 -3 -22]
[363 55 40]
[363 3 -24]
[363 4 -25]
[363 5 -25]
[363 -12 -10]
[363 -10 -18]
[363 -22 4]
[363 -4 -22]
[363 6 -25]
[363 -17 -5]
[363 -17 -6]
[363 -10 -20]
[363 -12 -16]
[363 -20 3]
[363 47 24]
[363 -17 -2]
[363 7 -25]
[363 -9 -14]
[363 -9 -21]
[363 14 -17]
[363 56 38]
[363 -22 5]
[363 0 -22]
[363 2 -22]
[363 2 -23]
[363 1 -23]
[364 -13 -11]
[364 -11 38]
[364 3 -25]
[364 -9 -20]
[364 6 -26]
[364 5 -26]
[364 4 -26]
[364 55 37]
[364 57 38]
[364 -21 3]
[364 -11 -17]
[364 -13 -17]
[364 -13 -16]
[364 -14 -10]
[364 -18 -3]
[364 7 -26]
[364 -20 1]
[364 52 37]
[364 -5 -22]
[364 -18 -7]
[364 -18 -6]
[364 0 -23]
[364 48 23]
[364 2 -24]
[364 -1 -22]
[364 -11 -12]
[364 -10 -12]
[364 3 -26]
[365 -1 -23]
[365 -19 -3]
[365 1 -24]
[365 2 -26]
[365 2 -27]
[365 3 -27]
[365 58 37]
[365 58 38]
[365 -10 -22]
[365 -13 -10]
[365 -11 -11]
[365 -18 -5]
[365 7 -27]
[365 -10 -19]
[365 -11 -18]
[365 -23 3]
[365 55 38]
[365 56 37]
[365 -19 -5]
[365 -19 -7]
[365 -21 2]
[365 5 -27]
[365 4 -27]
[365 -12 -15]
[365 53 37]
[365 54 38]
[365 54 37]
[365 52 36]
[365 -11 -13]
[365 6 -27]
[366 5 -28]
[366 6 -28]
[366 -20 -1]
[366 -19 -6]
[366 -22 2]
[366 4 -28]
[366 -20 -8]
[366 2 -28]
[366 -13 -15]
[366 56 36]
[366 -15 -11]
[366 -11 -21]
[366 -9 -23]
[366 -10 -23]
[366 -14 -16]
[366 -22 1]
[366 1 -27]
[366 59 37]
[366 -19 -2]
[366 -20 -3]
[366 1 -28]
[366 3 -28]
[366 0 -25]
[366 42 24]
[367 41 23]
[367 -1 -24]
[367 -8 -24]
[367 -23 2]
[367 3 -29]
[367 5 -29]
[367 4 -29]
[367 -12 -19]
[367 0 -27]
[367 0 -28]
[367 -21 -7]
[367 58 39]
[367 -20 -7]
[367 54 39]
[367 -14 -14]
[367 -1 -26]
[367 1 -25]
[367 -23 0]
[367 -22 0]
[367 7 -29]
[367 -15 -17]
[367 1 -29]
[367 0 -29]
[367 -20 -2]
[367 58 36]
[367 -16 -12]
[367 -15 -12]
[367 21 -10]
[367 21 -11]
[367 -9 -24]
[367 2 -29]
[367 55 41]
[368 -7 -25]
[368 -9 -25]
[368 -16 -11]
[368 -17 -12]
[368 -17 -11]
[368 0 -26]
[368 59 35]
[368 57 36]
[368 -21 -1]
[368 7 -30]
[368 2 -30]
[368 1 -30]
[368 -1 -27]
[368 -1 -28]
[368 -1 -29]
[368 -21 -8]
[368 -24 3]
[368 3 -30]
[368 4 -30]
[368 -21 -3]
[368 -12 -20]
[368 59 40]
[368 56 39]
[368 49 24]
[368 -11 -23]
[368 -11 -24]
[368 0 -30]
[368 -1 -30]
[368 -22 -1]
[368 -22 -7]
[368 -2 -24]
[368 -12 38]
[368 -23 -1]
[368 -13 -14]
[368 -2 -27]
[368 -14 -13]
[368 -8 -25]
[369 -1 -25]
[369 2 -31]
[369 0 -31]
[369 16 58]
[369 -20 -5]
[369 -16 -17]
[369 -22 -8]
[369 -20 -9]
[369 -15 -14]
[369 -3 -27]
[369 -2 -28]
[369 -11 -25]
[369 -12 -25]
[369 -8 -26]
[369 -6 -25]
[369 1 -31]
[369 -18 -10]
[369 5 -30]
[369 -23 -2]
[369 -7 -24]
[369 -2 -29]
[369 -2 -30]
[369 -13 -19]
[369 -2 -31]
[369 6 -31]
[369 8 -31]
[369 7 -31]
[369 -19 -9]
[369 59 39]
[369 60 39]
[369 60 40]
[369 59 41]
[369 -10 -26]
[369 -16 -13]
[369 -22 -2]
[369 -22 -4]
[369 48 24]
[370 -2 -26]
[370 -4 -27]
[370 58 35]
[370 -12 -24]
[370 -13 -25]
[370 -12 -26]
[370 -21 -5]
[370 60 41]
[370 -10 -25]
[370 -3 -30]
[370 -3 -31]
[370 -1 -31]
[370 -13 -20]
[370 -1 -32]
[370 0 -32]
[370 1 -32]
[370 49 23]
[370 -25 2]
[370 61 39]
[370 15 57]
[370 15 59]
[370 -3 -24]
[370 -2 -25]
[370 -8 -27]
[370 -7 -26]
[370 -12 -23]
[370 2 -32]
[370 5 -31]
[370 5 -32]
[370 -3 -32]
[370 -2 -32]
[370 -6 -24]
[370 -6 -26]
[370 3 -32]
[370 -17 -16]
[370 -5 -25]
[370 -18 -11]
[370 -17 -10]
[370 61 41]
[370 61 40]
[370 59 34]
[370 60 34]
[370 -17 -14]
[370 57 39]
[371 -11 -26]
[371 14 58]
[371 14 59]
[371 62 39]
[371 61 38]
[371 -20 -10]
[371 -18 -17]
[371 -16 -15]
[371 -12 -27]
[371 21 -12]
[371 -23 -4]
[371 -3 -28]
[371 -4 -31]
[371 -4 -32]
[371 2 -33]
[371 4 -33]
[371 61 42]
[371 60 42]
[371 62 42]
[371 62 41]
[371 62 40]
[371 -13 -23]
[371 -21 -10]
[371 14 57]
[371 15 56]
[371 59 42]
[371 48 22]
[371 -3 -29]
[371 -24 -2]
[371 -1 -33]
[371 1 -33]
[371 0 -33]
[371 58 34]
[371 -5 -27]
[371 -5 -24]
[371 -11 -27]
[371 -25 1]
[371 -3 -25]
[371 6 -33]
[371 5 -33]
[371 -4 -25]
[371 -2 -33]
[371 -3 -33]
[371 -13 -26]
[371 -4 -33]
[372 3 -34]
[372 4 -34]
[372 1 -34]
[372 0 -34]
[372 3 -33]
[372 2 -34]
[372 13 56]
[372 14 56]
[372 13 57]
[372 -14 -20]
[372 6 -34]
[372 -5 -26]
[372 -4 -34]
[372 -3 -34]
[372 15 58]
[372 13 58]
[372 -5 -33]
[372 -5 -32]
[372 -5 -34]
[372 62 43]
[372 5 -34]
[372 -13 -22]
[372 -4 -28]
[372 -6 -27]
[372 -4 -30]
[372 60 35]
[372 -25 -1]
[372 -4 -24]
[372 63 40]
[372 -15 -16]
[372 14 55]
[372 15 55]
[372 -19 -17]
[372 59 33]
[372 -2 -34]
[372 -1 -34]
[372 -12 -28]
[372 -11 -28]
[372 -26 1]
[372 61 43]
[372 61 37]
[372 62 38]
[372 -8 -28]
[372 49 21]
[372 47 21]
[372 -4 -26]
[372 -23 -5]
[372 -24 -4]
[372 58 41]
[372 -22 -10]
[372 -22 -11]
[372 63 41]
[372 63 43]
[372 22 -12]
[372 -5 -31]
[373 1 -35]
[373 0 -35]
[373 2 -35]
[373 -23 -10]
[373 -21 -12]
[373 -23 -12]
[373 3 -35]
[373 12 57]
[373 -18 -16]
[373 -4 -35]
[373 -3 -35]
[373 63 42]
[373 64 42]
[373 59 43]
[373 60 43]
[373 -6 -32]
[373 -6 -31]
[373 64 41]
[373 -1 -35]
[373 -2 -35]
[373 12 56]
[373 62 44]
[373 61 44]
[373 -13 -27]
[373 60 44]
[373 -7 -28]
[373 -6 -28]
[373 64 43]
[373 -13 -29]
[373 -11 -29]
[373 -13 -28]
[373 -26 2]
[373 -27 2]
[373 -9 -29]
[373 -8 -29]
[373 13 55]
[373 -19 -18]
[373 -20 -17]
[373 -20 -16]
[373 -18 -18]
[373 -17 -18]
[373 -5 -30]
[373 -14 -23]
[373 -14 -21]
[373 60 33]
[373 -15 -21]
[373 -25 -5]
[373 -25 -3]
[373 -25 -4]
[374 62 45]
[374 -3 -36]
[374 -2 -36]
[374 -1 -36]
[374 -26 -4]
[374 -20 -18]
[374 12 58]
[374 -18 -19]
[374 63 45]
[374 63 44]
[374 61 45]
[374 -22 -12]
[374 -24 -13]
[374 12 55]
[374 -20 -12]
[374 64 44]
[374 -28 2]
[374 -28 3]
[374 -27 1]
[374 -12 -29]
[374 -10 -27]
[374 -24 -11]
[374 -24 -5]
[374 -26 -5]
[374 -15 -22]
[374 0 -36]
[374 -27 0]
[374 1 -36]
[374 -9 -30]
[374 -7 -29]
[374 58 42]
[374 -12 -30]
[374 -10 -30]
[374 -4 -36]
[374 -14 -28]
[374 9 -30]
[374 -21 -16]
[374 -21 -17]
[374 -16 -19]
[374 65 41]
[374 -15 -23]
[374 11 57]
[374 -7 -32]
[374 -5 -36]
[374 -26 0]
[374 2 -36]
[374 -7 -30]
[374 48 21]
[375 -24 -6]
[375 -1 -37]
[375 0 -37]
[375 -23 -13]
[375 -29 4]
[375 -27 4]
[375 -29 3]
[375 -29 2]
[375 -27 3]
[375 -28 4]
[375 -4 -37]
[375 -5 -37]
[375 -3 -37]
[375 -14 -29]
[375 -15 -29]
[375 -16 -24]
[375 -24 -10]
[375 -14 -24]
[375 -15 -24]
[375 -26 -6]
[375 -10 -31]
[375 -8 -30]
[375 -9 -31]
[375 -7 -33]
[375 -7 -31]
[375 9 -31]
[375 -28 1]
[375 -25 -13]
[375 -24 -12]
[375 -24 -14]
[375 -25 -14]
[375 -25 -12]
[375 11 56]
[375 11 54]
[375 -16 -21]
[375 -15 -20]
[375 22 -13]
[375 -6 -29]
[375 -21 -18]
[375 62 46]
[375 -2 -37]
[375 -13 -30]
[375 -8 -33]
[375 -8 -31]
[375 -8 -32]
[375 64 45]
[375 -27 -3]
[375 -29 1]
[375 -20 -15]
[375 -21 -15]
[375 64 39]
[375 -26 -2]
[375 -22 -15]
[375 -27 -1]
[375 10 57]
[375 10 56]
[375 -11 -31]
[375 64 46]
[376 64 47]
[376 65 47]
[376 63 46]
[376 -22 -14]
[376 -30 5]
[376 -1 -38]
[376 -2 -38]
[376 -3 -38]
[376 61 46]
[376 -9 -32]
[376 10 55]
[376 11 55]
[376 -25 -10]
[376 -17 -15]
[376 -15 -19]
[376 -21 -14]
[376 -6 -37]
[376 -29 0]
[376 -21 -13]
[376 61 34]
[376 65 40]
[376 -27 -4]
[376 9 55]
[376 9 56]
[376 -22 -16]
[376 -25 -7]
[376 -25 -6]
[376 -27 5]
[376 -24 -15]
[376 -23 -15]
[376 -16 -30]
[376 -16 -28]
[376 21 -13]
[376 -13 -31]
[376 -14 -31]
[376 48 20]
[376 -8 -34]
[376 -7 -34]
[376 -12 -32]
[376 -17 -25]
[376 0 -38]
[376 -26 -12]
[376 -22 -17]
[376 10 54]
[376 -11 -32]
[376 -14 -30]
[376 -5 -38]
[376 -4 -38]
[376 -19 -20]
[376 -30 1]
[376 -6 -36]
[376 -6 -38]
[376 -13 38]
[376 -25 -15]
[376 -19 -15]
[376 61 36]
[376 -25 -9]
[376 -9 -34]
[377 -17 -23]
[377 -17 -24]
[377 -8 -35]
[377 -7 -35]
[377 -29 -1]
[377 -28 -1]
[377 -30 -1]
[377 -18 -21]
[377 -20 -20]
[377 -30 4]
[377 59 44]
[377 -17 -20]
[377 -1 -39]
[377 -26 -10]
[377 -26 -11]
[377 -23 -16]
[377 -16 -29]
[377 48 25]
[377 -24 -16]
[377 8 56]
[377 8 54]
[377 -26 -13]
[377 -28 6]
[377 -27 -6]
[377 -27 -5]
[377 -2 -39]
[377 -3 -39]
[377 -4 -39]
[377 64 48]
[377 9 53]
[377 9 54]
[377 -13 -32]
[377 -7 -36]
[377 -23 -17]
[377 63 47]
[377 -5 -39]
[377 -6 -39]
[377 61 35]
[377 -9 -33]
[377 57 41]
[377 60 47]
[377 -27 -13]
[377 48 19]
[377 49 19]
[377 -31 5]
[377 -29 6]
[377 -30 6]
[377 -27 -2]
[377 -9 -35]
[377 -26 -16]
[377 8 55]
[377 -10 -33]
[377 56 42]
[377 58 32]
[377 59 32]
[377 -7 -38]
[377 -28 -5]
[377 -28 -4]
[377 -13 -33]
[377 -22 -18]
[377 -20 -14]
[377 -15 -31]
[377 -11 -33]
[377 -12 -33]
[377 -10 -32]
[377 -7 -39]
[377 65 48]
[377 -22 -19]
[377 -14 -32]
[378 -15 -32]
[378 64 49]
[378 47 18]
[378 48 18]
[378 49 18]
[378 -7 -40]
[378 -6 -40]
[378 -5 -40]
[378 -27 -12]
[378 -28 -14]
[378 -28 -13]
[378 -31 -2]
[378 -30 -2]
[378 -29 -2]
[378 8 53]
[378 -10 -34]
[378 -10 -35]
[378 -8 -36]
[378 -28 -7]
[378 -27 -7]
[378 -8 -38]
[378 -18 -23]
[378 -26 -15]
[378 -27 -17]
[378 -27 -11]
[378 -15 -33]
[378 -8 -40]
[378 -8 -39]
[378 58 43]
[378 -4 -40]
[378 -32 6]
[378 -32 5]
[378 -31 6]
[378 -32 4]
[378 -15 -27]
[378 -16 -27]
[378 -31 3]
[378 63 38]
[378 -24 -17]
[378 63 48]
[378 63 49]
[378 -28 -6]
[378 -26 -14]
[378 -12 -34]
[378 -17 -30]
[378 -15 -28]
[378 59 47]
[378 -27 6]
[378 -29 -4]
[378 -28 -2]
[378 -18 -24]
[378 56 41]
[378 -19 -13]
[378 -23 -19]
[378 -26 6]
[378 -26 -8]
[378 -24 -8]
[378 -23 -18]
[378 -31 7]
[378 -30 7]
[378 -13 -34]
[378 -14 -33]
[379 -24 -18]
[379 -11 -34]
[379 -29 -3]
[379 -29 -5]
[379 -7 -41]
[379 -6 -41]
[379 -26 -9]
[379 -16 -31]
[379 62 37]
[379 -9 -41]
[379 -9 -40]
[379 -8 -41]
[379 -13 -35]
[379 -32 -3]
[379 -31 -3]
[379 -28 7]
[379 62 36]
[379 -27 -9]
[379 -16 -33]
[379 50 20]
[379 63 37]
[379 -24 -20]
[379 -24 -19]
[379 -29 -8]
[379 -29 -7]
[379 -29 8]
[379 -27 -14]
[379 -9 -39]
[379 -32 7]
[379 -25 -8]
[379 -25 -17]
[379 -27 -15]
[379 -26 7]
[379 48 17]
[379 -11 -35]
[379 47 20]
[379 -17 -22]
[379 -28 -16]
[379 60 45]
[379 62 47]
[379 -20 -21]
[379 -29 -12]
[379 -18 -22]
[379 -32 3]
[379 -14 -34]
[379 -31 2]
[379 -18 -30]
[379 49 17]
[380 -17 -32]
[380 47 19]
[380 49 20]
[380 -30 -7]
[380 -9 -42]
[380 61 47]
[380 -28 -15]
[380 -30 -3]
[380 -25 -19]
[380 -19 -22]
[380 -21 -20]
[380 -21 -21]
[380 47 16]
[380 60 46]
[380 -27 -10]
[380 -11 -36]
[380 -9 -37]
[380 -15 -34]
[380 -32 8]
[380 62 49]
[380 -17 -28]
[380 -32 -1]
[380 -10 -40]
[380 -10 -41]
[380 -12 -35]
[380 10 -31]
[380 -19 -24]
[380 -10 -38]
[380 -31 -4]
[380 -30 -4]
[380 -32 -4]
[380 -26 8]
[380 -19 -25]
[380 -25 -18]
[380 -29 -13]
[380 48 16]
[380 -10 -42]
[380 -27 -18]
[380 -28 -18]
[380 58 44]
[380 -28 9]
[380 -12 -36]
[380 -31 -1]
[380 -25 -21]
[380 -24 -21]
[380 -32 2]
[380 -33 2]
[380 -30 -12]
[380 -30 -13]
[380 -29 -11]
[380 -27 -8]
[380 -33 -4]
[380 -13 -36]
[380 -14 -35]
[381 -11 -37]
[381 -32 -5]
[381 48 15]
[381 57 43]
[381 57 44]
[381 -30 -14]
[381 -29 -15]
[381 -26 -21]
[381 10 -30]
[381 -33 -5]
[381 -33 -3]
[381 -34 -5]
[381 -34 -4]
[381 -18 -26]
[381 -29 10]
[381 -22 -22]
[381 58 47]
[381 -20 -22]
[381 -26 9]
[381 -25 9]
[381 -31 -6]
[381 -19 -31]
[381 -18 -27]
[381 -32 1]
[381 -32 0]
[381 -10 -43]
[381 -20 -25]
[381 -27 -19]
[381 -28 -19]
[381 -11 -43]
[381 -11 -41]
[381 -12 -37]
[381 -13 -37]
[381 -17 -33]
[381 -15 -36]
[381 -14 -36]
[381 -14 -37]
[381 -11 -38]
[381 -30 -11]
[381 -20 -26]
[381 -29 -16]
[382 -13 -38]
[382 -19 -30]
[382 -19 -29]
[382 -18 -29]
[382 -22 -21]
[382 -12 -39]
[382 -31 -15]
[382 -35 -5]
[382 -15 -37]
[382 -29 9]
[382 -30 11]
[382 -30 -17]
[382 -30 -15]
[382 -27 10]
[382 -18 -33]
[382 -18 -32]
[382 -28 -20]
[382 -32 9]
[382 -11 -40]
[382 -33 -6]
[382 -35 -4]
[382 -35 -6]
[382 -26 10]
[382 -16 -34]
[382 -10 -39]
[382 -18 -28]
[382 -31 -7]
[382 -11 -44]
[382 -12 -43]
[382 65 39]
[382 -25 -20]
[382 -15 -26]
[382 59 45]
[382 -16 -36]
[382 -12 -41]
[382 -12 -40]
[382 -12 -42]
[382 -15 -38]
[382 -14 -38]
[382 -29 -20]
[382 -19 -32]
[382 -33 1]
[382 -23 -23]
[382 -12 -38]
[382 11 -31]
[382 57 31]
[383 -16 -38]
[383 -32 -6]
[383 -13 -40]
[383 -27 -20]
[383 50 22]
[383 -30 10]
[383 -31 11]
[383 -29 11]
[383 -21 -27]
[383 -27 -21]
[383 -20 -30]
[383 -20 -32]
[383 -13 -41]
[383 -13 -44]
[383 -12 -44]
[383 -13 -43]
[383 -36 -4]
[383 -36 -5]
[383 -30 -16]
[383 -33 0]
[383 -19 -28]
[383 -29 -10]
[383 -12 -45]
[383 -32 -7]
[383 -33 -1]
[383 -29 -19]
[383 -30 -20]
[383 -30 -21]
[383 -18 -34]
[383 -14 38]
[383 -34 -6]
[383 -14 -39]
[383 -13 -39]
[383 48 14]
[383 62 48]
[383 -32 -15]
[383 -31 -14]
[383 -32 -14]
[383 -34 -7]
[383 -36 -6]
[383 -16 -37]
[383 -16 -35]
[383 -22 -23]
[383 58 46]
[383 60 48]
[383 57 30]
[383 -28 11]
[383 -33 3]
[383 -16 -39]
[383 -15 -39]
[383 -19 -33]
[383 -20 -31]
[384 -32 -2]
[384 -23 -24]
[384 -22 -24]
[384 -14 -43]
[384 57 40]
[384 -25 10]
[384 -33 -7]
[384 56 43]
[384 -15 -40]
[384 -17 -39]
[384 -31 12]
[384 -32 11]
[384 -37 -5]
[384 -20 -33]
[384 66 41]
[384 -31 -17]
[384 -17 -36]
[384 -17 -37]
[384 -34 -1]
[384 -34 -8]
[384 -35 -7]
[384 -36 -7]
[384 -14 -40]
[384 -33 -16]
[384 -13 -45]
[384 -28 -22]
[384 -17 -38]
[384 -14 -42]
[384 -14 -41]
[384 -30 -22]
[384 -31 -20]
[384 -31 -22]
[384 -30 -19]
[384 -37 -6]
[384 50 21]
[384 47 15]
[384 -31 -13]
[384 -27 11]
[384 -35 -3]
[384 -21 -31]
[384 -16 -40]
[384 -29 -21]
[384 57 29]
[384 -27 12]
[384 -20 -28]
[384 -33 -2]
[384 -19 -34]
[384 -19 -35]
[384 -17 -35]
[384 -34 2]
[384 -34 0]
[384 -21 -32]
[385 -31 -19]
[385 -26 12]
[385 -38 -4]
[385 -38 -6]
[385 -33 -14]
[385 -20 -34]
[385 -18 -35]
[385 -20 -35]
[385 -17 -40]
[385 -18 -39]
[385 -18 -38]
[385 -18 -36]
[385 -18 -37]
[385 -34 -2]
[385 -20 -36]
[385 -19 -36]
[385 -15 -41]
[385 -16 -41]
[385 -21 -34]
[385 -28 -23]
[385 -15 -42]
[385 -34 -17]
[385 -32 -18]
[385 -32 -17]
[385 -22 -26]
[385 -22 -28]
[385 48 13]
[385 -22 -32]
[385 -22 -31]
[385 -32 -22]
[385 -37 -3]
[385 -14 37]
[385 -35 3]
[385 -15 -44]
[385 -35 -9]
[385 -37 -7]
[385 -38 -7]
[385 -38 -5]
[385 -14 -46]
[385 -21 -30]
[385 -21 -29]
[385 -33 12]
[386 -39 -7]
[386 -37 -8]
[386 -39 -6]
[386 -21 -37]
[386 -21 -35]
[386 58 31]
[386 -22 -35]
[386 -21 -25]
[386 -25 11]
[386 -33 -13]
[386 -23 -25]
[386 -24 -24]
[386 -28 12]
[386 -32 -21]
[386 -38 -8]
[386 -21 -33]
[386 11 -30]
[386 -19 -37]
[386 -34 1]
[386 -35 -2]
[386 -15 37]
[386 -18 -40]
[386 -34 -3]
[386 -36 -2]
[386 -38 -3]
[386 -21 -36]
[386 -15 -45]
[386 -16 -44]
[386 -16 -43]
[386 -23 -33]
[386 -33 13]
[386 -19 -39]
[386 -35 -18]
[386 -17 -42]
[386 -34 -16]
[386 -18 -41]
[386 64 38]
[386 -17 -41]
[386 -23 -32]
[386 -23 -30]
[386 -34 -15]
[386 -32 -19]
[386 -20 -37]
[387 -22 -25]
[387 -35 -16]
[387 -29 13]
[387 -22 -33]
[387 -16 -42]
[387 -18 -42]
[387 -33 -20]
[387 -17 -44]
[387 -17 -43]
[387 -19 -38]
[387 -19 -40]
[387 -33 -18]
[387 -23 -35]
[387 -23 -34]
[387 -22 -36]
[387 -33 14]
[387 -32 14]
[387 -39 -4]
[387 -35 2]
[387 -23 -29]
[387 -36 -10]
[387 -39 -8]
[387 -34 -14]
[387 -24 -32]
[387 -37 -2]
[387 -19 -42]
[387 -35 -17]
[387 -22 -34]
[387 -20 -38]
[387 -23 -26]
[387 -36 -1]
[387 -40 -6]
[387 -40 -8]
[387 -21 -38]
[387 -22 -38]
[387 -22 -37]
[387 57 45]
[387 -23 -31]
[387 -35 -1]
[388 -19 -41]
[388 -38 -9]
[388 -24 -30]
[388 -40 -4]
[388 -24 -27]
[388 -22 -27]
[388 -18 -43]
[388 -19 -43]
[388 -20 -42]
[388 -20 -43]
[388 -20 -41]
[388 -41 -5]
[388 -36 -17]
[388 -24 -34]
[388 -24 -35]
[388 -20 -39]
[388 -24 -25]
[388 -34 -13]
[388 -32 -20]
[388 -21 -39]
[388 12 -30]
[388 12 -31]
[388 12 -32]
[388 -40 -5]
[388 -29 14]
[388 -18 -44]
[388 -20 -40]
[388 -24 -36]
[388 -31 -23]
[388 -25 -32]
[388 -28 -24]
[388 -34 15]
[388 -32 15]
[388 -35 1]
[388 -24 -29]
[388 -23 -37]
[388 -35 -15]
[388 -16 38]
[388 -23 -38]
[388 -23 -39]
[388 -34 -20]
[388 -34 14]
[388 -36 -16]
[388 -25 -25]
[388 -36 2]
[388 -35 -19]
[388 -36 -19]
[388 -23 -36]
[388 -35 4]
[388 -37 -11]
[388 -37 -10]
[388 -36 -11]
[389 -25 -35]
[389 -41 -6]
[389 -33 -23]
[389 -37 -20]
[389 -35 -13]
[389 56 28]
[389 -40 -9]
[389 -23 -28]
[389 -19 -45]
[389 -19 -44]
[389 -21 -42]
[389 -22 -40]
[389 -29 15]
[389 -30 14]
[389 -28 14]
[389 -26 -32]
[389 -26 -33]
[389 -25 -31]
[389 13 -31]
[389 13 -33]
[389 -35 5]
[389 -21 -41]
[389 -24 -37]
[389 -34 -9]
[389 -24 -38]
[389 -24 -39]
[389 -25 -26]
[389 -37 2]
[389 -37 1]
[389 -37 3]
[389 -38 -10]
[389 -36 -12]
[389 -37 -12]
[389 -34 -21]
[389 -37 0]
[389 -37 -18]
[389 -42 -4]
[389 47 14]
[389 -35 16]
[389 -35 -12]
[389 -32 -24]
[389 -35 -20]
[389 -22 -39]
[389 -37 -16]
[389 13 -32]
[389 -36 -20]
[389 -18 -45]
[389 -21 -40]
[390 -36 -14]
[390 -38 -21]
[390 -36 -21]
[390 -37 -21]
[390 14 -33]
[390 -38 2]
[390 -41 -8]
[390 -23 -40]
[390 -25 -40]
[390 -25 -38]
[390 -25 -39]
[390 -32 -12]
[390 -36 4]
[390 -30 16]
[390 -28 16]
[390 -26 -36]
[390 -25 -36]
[390 -25 -34]
[390 -38 0]
[390 -38 1]
[390 -38 -12]
[390 -38 -11]
[390 -21 -43]
[390 -25 -29]
[390 -22 -42]
[390 -20 -44]
[390 -27 14]
[390 -21 -44]
[390 -22 -41]
[390 -23 -41]
[390 -36 -13]
[390 -25 -33]
[390 -36 -15]
[390 -26 -27]
[390 -26 -25]
[390 -28 -25]
[390 -37 -17]
[390 -35 6]
[390 -26 -34]
[390 -27 -34]
[390 -31 -25]
[390 -33 -25]
[390 -42 -5]
[390 -36 3]
[390 -43 -5]
[390 -35 15]
[390 -25 -37]
[390 -24 -40]
[391 -37 -15]
[391 -36 -22]
[391 -26 -40]
[391 -26 -39]
[391 -29 17]
[391 -43 -4]
[391 -30 -25]
[391 -33 -12]
[391 -26 -37]
[391 -39 1]
[391 -39 -10]
[391 -21 -45]
[391 -22 -45]
[391 -22 -44]
[391 -38 -16]
[391 -32 -25]
[391 -31 -24]
[391 -39 0]
[391 -25 -41]
[391 -37 -22]
[391 -23 -42]
[391 -23 -43]
[391 -27 16]
[391 -27 17]
[391 14 -32]
[391 -25 -23]
[391 -34 17]
[391 46 19]
[391 -26 -24]
[391 -27 -33]
[391 -26 14]
[391 -22 -43]
[391 -38 3]
[391 -26 -35]
[391 -28 -35]
[391 -28 -33]
[391 -24 -41]
[391 -35 -22]
[391 -27 -35]
[391 -43 -6]
[391 -44 -5]
[391 -36 6]
[391 -35 7]
[391 -34 -25]
[391 47 13]
[391 -42 -8]
[391 -38 -13]
[391 -26 -28]
[391 -38 -15]
[391 -38 -17]
[392 -27 -36]
[392 -39 4]
[392 -39 2]
[392 -16 37]
[392 -34 -24]
[392 -39 3]
[392 -39 -17]
[392 -39 -16]
[392 -43 -7]
[392 -42 -7]
[392 -42 -9]
[392 -40 0]
[392 -27 -40]
[392 -26 -38]
[392 -34 8]
[392 -40 -10]
[392 -28 17]
[392 -37 -14]
[392 -26 -41]
[392 -27 -38]
[392 -28 -34]
[392 -37 4]
[392 -38 -19]
[392 -24 -43]
[392 -44 -7]
[392 -29 -34]
[392 -29 -32]
[392 -39 -14]
[392 -27 -39]
[392 -27 -41]
[392 -26 -23]
[392 -23 -44]
[392 -26 -29]
[392 -27 -28]
[392 15 -33]
[392 -23 -45]
[392 -22 -46]
[392 -23 -46]
[392 -24 -42]
[392 -35 -24]
[392 -35 -25]
[392 -29 18]
[392 -25 -42]
[392 -26 -42]
[392 -38 -14]
[392 -36 -23]
[392 -29 -36]
[392 -33 -26]
[393 -34 -27]
[393 -27 -37]
[393 -28 -36]
[393 -29 -37]
[393 -29 -35]
[393 -30 -36]
[393 -40 1]
[393 -28 -37]
[393 -25 -43]
[393 -41 1]
[393 -40 2]
[393 -28 -39]
[393 -28 -32]
[393 -29 -31]
[393 -30 -31]
[393 46 13]
[393 -23 -47]
[393 -24 -47]
[393 47 12]
[393 -36 -25]
[393 -36 -24]
[393 -40 4]
[393 -40 3]
[393 -27 -42]
[393 -40 -16]
[393 -28 -29]
[393 -27 -29]
[393 -27 -27]
[393 -28 -28]
[393 -40 -15]
[393 -24 -44]
[393 -42 -10]
[393 -41 -10]
[393 13 -30]
[393 -35 -26]
[393 -25 -44]
[393 -39 -21]
[393 -27 -43]
[393 -43 -9]
[393 -28 -41]
[393 -28 -42]
[393 -28 -40]
[393 -24 -45]
[393 -39 -19]
[393 -34 -23]
[393 -39 5]
[393 -38 5]
[393 16 -34]
[393 -24 -46]
[393 -30 -34]
[393 -30 -33]
[393 -29 -33]
[393 -30 -35]
[394 -29 -40]
[394 -29 -42]
[394 -40 -17]
[394 -41 -16]
[394 -40 -14]
[394 -29 -41]
[394 -38 6]
[394 -29 -27]
[394 -36 -26]
[394 -25 -46]
[394 -41 4]
[394 -28 -38]
[394 -29 -38]
[394 -31 -32]
[394 -29 -43]
[394 -28 -43]
[394 -36 -27]
[394 -35 -27]
[394 15 -34]
[394 -40 -18]
[394 -41 2]
[394 -33 -28]
[394 -34 -28]
[394 -43 -10]
[394 -39 -22]
[394 -27 -44]
[394 -28 -44]
[394 -26 -44]
[394 -26 -43]
[394 -42 2]
[394 -41 0]
[394 -42 1]
[394 -34 9]
[394 -31 -35]
[394 -30 -37]
[394 -31 -37]
[394 -40 -22]
[394 -45 -7]
[394 -45 -8]
[394 -31 -34]
[394 -28 -31]
[394 46 12]
[394 -37 -26]
[394 -27 -31]
[394 -33 -27]
[394 -32 -27]
[394 -30 -38]
[394 -38 -23]
[394 -39 -20]
[394 -30 -32]
[394 -26 -45]
[394 17 -34]
[394 -24 -48]
[394 -25 -48]
[394 -25 -47]
[394 -28 -30]
[394 -30 -30]
[394 -31 -33]
[395 -30 -40]
[395 -30 -42]
[395 -28 -27]
[395 -28 -26]
[395 -32 -37]
[395 -26 -48]
[395 -26 -47]
[395 -46 -8]
[395 -46 -9]
[395 -46 -7]
[395 -45 -9]
[395 -42 -11]
[395 -29 -28]
[395 -31 -30]
[395 -38 -24]
[395 -32 -28]
[395 -29 -39]
[395 -31 -36]
[395 -25 -45]
[395 -41 -18]
[395 -32 -34]
[395 -40 -19]
[395 -42 3]
[395 -44 -3]
[395 -44 -10]
[395 -32 -35]
[395 -32 -33]
[395 -29 -44]
[395 -32 -36]
[395 51 22]
[395 -27 -46]
[395 -27 -45]
[395 -26 -46]
[395 -42 -17]
[395 -41 -17]
[395 -40 -23]
[395 -29 -45]
[395 -31 -38]
[395 -32 -29]
[395 -34 -29]
[395 55 28]
[395 -30 -43]
[395 -31 -27]
[395 -41 5]
[395 -41 -22]
[395 -31 -31]
[395 -30 -39]
[395 46 11]
[395 -30 -41]
[395 -42 5]
[395 13 -34]
[395 -42 -1]
[395 -28 -45]
[395 -35 -29]
[395 -37 -27]
[395 -38 -25]
[395 -37 -28]
[395 -35 -28]
[396 -32 -39]
[396 -32 -38]
[396 -31 -39]
[396 -39 -25]
[396 -32 -30]
[396 -30 -29]
[396 -36 -28]
[396 -33 -35]
[396 -33 -36]
[396 -47 -10]
[396 12 -34]
[396 -43 5]
[396 -42 6]
[396 -28 -46]
[396 -30 -44]
[396 -29 -46]
[396 -43 0]
[396 -43 1]
[396 -42 -23]
[396 -41 -23]
[396 -31 -28]
[396 -43 -11]
[396 -41 -15]
[396 -31 -29]
[396 -33 -29]
[396 -33 -30]
[396 -32 -31]
[396 -33 -33]
[396 -42 -19]
[396 46 10]
[396 -44 -11]
[396 -45 -10]
[396 -31 -40]
[396 -27 -47]
[396 -43 -17]
[396 -43 -18]
[396 -30 -45]
[396 -42 -16]
[396 -33 -37]
[396 -25 -49]
[396 -33 -34]
[396 -32 -32]
[396 -38 -26]
[396 -35 18]
[396 -28 -47]
[396 -36 -29]
[396 -26 -49]
[396 -31 -43]
[396 -31 -44]
[396 -31 -41]
[396 -30 -27]
[396 -30 -28]
[397 -39 7]
[397 -38 7]
[397 -31 -42]
[397 -32 -45]
[397 -31 -45]
[397 -32 -44]
[397 -45 -3]
[397 -45 -2]
[397 16 -35]
[397 -36 -30]
[397 -29 -29]
[397 -33 -31]
[397 -29 -47]
[397 -44 0]
[397 -44 -12]
[397 -30 -46]
[397 -31 -46]
[397 -41 7]
[397 -43 7]
[397 -34 -30]
[397 11 -35]
[397 -32 -43]
[397 -32 -42]
[397 -43 4]
[397 -44 -17]
[397 -34 -34]
[397 -47 -9]
[397 -44 -19]
[397 -40 -24]
[397 -32 -40]
[397 -43 -24]
[397 -38 -28]
[397 -37 -29]
[397 -42 -14]
[397 -42 -15]
[397 -28 -48]
[397 -27 -48]
[397 -30 -47]
[397 -34 -36]
[397 -34 -35]
[397 -34 -37]
[397 -27 -50]
[397 -46 -10]
[397 -33 -38]
[397 -33 -39]
[397 -34 -38]
[397 -33 -40]
[397 -39 -27]
[397 -29 -48]
[397 -32 -41]
[397 -44 6]
[397 -44 4]
[398 17 -35]
[398 -37 -30]
[398 -33 -41]
[398 -33 -43]
[398 -33 -44]
[398 -33 -45]
[398 -40 -20]
[398 -43 -16]
[398 -44 -16]
[398 -43 8]
[398 -44 7]
[398 -30 -49]
[398 -44 3]
[398 -37 8]
[398 -38 8]
[398 -42 -20]
[398 -41 -21]
[398 -38 -29]
[398 -30 -48]
[398 -33 -42]
[398 -34 -39]
[398 -35 -38]
[398 -35 -37]
[398 55 27]
[398 -28 -49]
[398 -27 -49]
[398 -39 -28]
[398 -34 -31]
[398 -46 -11]
[398 -45 -11]
[398 -26 -50]
[398 -43 -13]
[398 -43 -15]
[398 -43 -14]
[398 -34 -32]
[398 -35 -35]
[398 -33 18]
[398 -45 3]
[398 -43 -23]
[398 -43 -22]
[398 -40 8]
[398 -42 -24]
[398 -35 -34]
[398 -35 -36]
[398 -45 -16]
[398 -45 -17]
[398 -40 -26]
[398 -40 -25]
[398 47 11]
[398 -45 0]
[398 -45 -1]
[398 -45 1]
[398 -44 -1]
[398 14 -29]
[398 -45 -12]
[398 -34 -33]
[398 -44 -20]
[398 -44 -18]
[398 -45 -20]
[398 47 10]
[399 -39 -29]
[399 -36 -36]
[399 -38 9]
[399 -37 9]
[399 -44 -13]
[399 -45 -19]
[399 -34 -40]
[399 -46 -20]
[399 -45 2]
[399 -39 9]
[399 -35 -39]
[399 -35 -32]
[399 -37 -31]
[399 -41 -25]
[399 -40 -27]
[399 -34 -44]
[399 -34 -42]
[399 -34 -43]
[399 -46 0]
[399 -33 -46]
[399 -34 -46]
[399 -32 -46]
[399 -43 9]
[399 -44 9]
[399 -44 8]
[399 -42 9]
[399 -42 8]
[399 -40 -29]
[399 -38 -31]
[399 -45 5]
[399 -43 -25]
[399 -44 -24]
[399 -44 -25]
[399 -44 -21]
[399 -42 -21]
[399 -31 -50]
[399 -31 -48]
[399 -34 -45]
[399 -31 -47]
[399 -44 -14]
[399 -44 -15]
[399 -46 -17]
[399 -46 -16]
[399 15 -35]
[399 16 -33]
[399 -34 -41]
[399 -35 -40]
[400 -40 -28]
[400 -41 -29]
[400 -40 -30]
[400 -33 -47]
[400 -32 -47]
[400 -34 -47]
[400 -35 -45]
[400 -35 -46]
[400 -35 -42]
[400 -36 -35]
[400 -42 10]
[400 -36 -40]
[400 -36 -38]
[400 -47 -17]
[400 -38 10]
[400 -35 -41]
[400 -46 2]
[400 -37 -32]
[400 -39 -31]
[400 -46 4]
[400 -36 -34]
[400 -43 10]
[400 -31 -51]
[400 -30 -50]
[400 -32 -50]
[400 -45 -14]
[400 -45 -13]
[400 -32 -48]
[400 -32 -49]
[400 -36 -37]
[400 -17 36]
[400 -40 9]
[400 -41 -28]
[400 -47 -15]
[400 -35 -44]
[400 -36 19]
[400 15 -36]
[400 -43 -26]
[400 -44 -26]
[400 -36 -41]
[400 -36 -39]
[400 17 -36]
[400 -31 -49]
[400 16 -36]
[400 -45 8]
[401 -46 9]
[401 56 29]
[401 -37 -39]
[401 -37 -40]
[401 -37 -38]
[401 -40 10]
[401 -44 -27]
[401 -46 3]
[401 -35 -43]
[401 14 -35]
[401 -45 -22]
[401 -33 -50]
[401 -33 -51]
[401 -46 -18]
[401 -42 -26]
[401 -37 -37]
[401 -30 -51]
[401 -36 -44]
[401 -36 -43]
[401 -38 -32]
[401 -40 -32]
[401 -45 -26]
[401 -37 -35]
[401 -37 -41]
[401 -36 -32]
[401 -36 -33]
[401 -39 -32]
[401 -42 -30]
[401 -42 -29]
[401 -41 -30]
[401 14 -31]
[401 -33 -48]
[401 -36 -46]
[401 -36 -45]
[401 -48 -16]
[401 -47 -18]
[401 -48 -17]
[401 18 -36]
[401 -32 -52]
[401 -30 -52]
[401 -47 3]
[401 -35 -47]
[401 -34 -48]
[401 -40 -31]
[401 -41 -31]
[401 -46 -14]
[401 -41 11]
[401 -43 11]
[401 -33 -49]
[401 -45 -25]
[402 -42 12]
[402 -40 11]
[402 -41 12]
[402 -31 -52]
[402 -44 -28]
[402 -43 -28]
[402 -45 -28]
[402 -34 -49]
[402 -35 -49]
[402 -35 -48]
[402 15 -37]
[402 -32 -51]
[402 -41 -32]
[402 18 -35]
[402 -48 -19]
[402 -48 -18]
[402 -42 -31]
[402 -43 -31]
[402 -43 -30]
[402 -38 -40]
[402 -36 -42]
[402 -37 -43]
[402 -41 -27]
[402 -33 -52]
[402 -37 -44]
[402 -37 -46]
[402 -37 -47]
[402 -37 -45]
[402 -44 11]
[402 -43 12]
[402 -44 12]
[402 -45 10]
[402 -45 -27]
[402 -46 -27]
[402 -46 10]
[402 -30 -53]
[402 -31 -53]
[402 -38 -39]
[402 -38 -41]
[402 -49 -15]
[402 -49 -16]
[402 54 26]
[402 -47 -14]
[402 -36 -47]
[402 -39 10]
[402 11 -34]
[402 -48 -15]
[402 15 -32]
[402 -47 -12]
[402 -47 -19]
[402 -48 3]
[402 -34 -50]
[402 -34 -51]
[402 -39 -33]
[402 -42 -32]
[402 -49 -17]
[402 -49 -18]
[402 -45 -23]
[402 54 27]
[402 46 9]
[403 -43 -29]
[403 -44 -29]
[403 -40 -34]
[403 -38 -43]
[403 -38 -44]
[403 -38 -45]
[403 -31 -54]
[403 -30 -54]
[403 -45 11]
[403 -45 12]
[403 -42 13]
[403 14 -37]
[403 -41 -33]
[403 -49 -20]
[403 -48 -20]
[403 -50 -18]
[403 -50 -19]
[403 -36 -49]
[403 -37 -42]
[403 -46 -28]
[403 -38 -47]
[403 -38 -46]
[403 -48 -14]
[403 -41 13]
[403 -38 -42]
[403 -50 -16]
[403 -49 4]
[403 -34 -52]
[403 -44 -31]
[403 -38 -34]
[403 -38 -35]
[403 46 8]
[403 -32 -54]
[403 -39 -40]
[403 -39 11]
[403 19 -35]
[403 -43 -32]
[403 -47 9]
[403 -46 11]
[403 -46 7]
[403 -45 -24]
[403 -36 -48]
[403 -37 -48]
[403 -44 -30]
[403 -46 -24]
[403 -46 -22]
[403 -47 -13]
[403 -35 -51]
[404 -51 -17]
[404 -51 -16]
[404 -37 -49]
[404 -36 -50]
[404 -35 -50]
[404 -37 -50]
[404 -39 -41]
[404 -48 9]
[404 -47 10]
[404 -47 8]
[404 -41 -35]
[404 -41 -34]
[404 -47 -27]
[404 -46 -26]
[404 -39 -47]
[404 -39 -45]
[404 -39 -46]
[404 -49 -19]
[404 -49 -13]
[404 -40 -41]
[404 -40 -39]
[404 -40 -40]
[404 -39 -44]
[404 -39 -43]
[404 -39 -48]
[404 -45 -30]
[404 -39 -42]
[404 -51 -19]
[404 -46 -23]
[404 -46 -25]
[404 -46 12]
[404 -46 5]
[404 -47 5]
[404 -42 14]
[404 15 -29]
[404 -36 20]
[404 -50 -20]
[404 -35 -52]
[404 -41 14]
[404 -44 -33]
[404 -43 -33]
[404 -47 12]
[404 -47 -26]
[404 -38 -48]
[404 -38 -49]
[404 53 26]
[404 -47 -24]
[404 -38 11]
[404 -18 35]
[404 -35 -53]
[405 -40 -46]
[405 -40 -47]
[405 -48 -26]
[405 -48 -25]
[405 -50 -21]
[405 -51 -21]
[405 -48 -24]
[405 -49 -14]
[405 10 -35]
[405 -41 -40]
[405 -41 -41]
[405 -47 -22]
[405 53 25]
[405 -36 -52]
[405 -44 -34]
[405 -45 -33]
[405 -43 -34]
[405 -40 -42]
[405 -42 -34]
[405 -46 13]
[405 -36 -51]
[405 -41 15]
[405 -42 15]
[405 -39 -38]
[405 -39 -39]
[405 -40 14]
[405 -43 14]
[405 -37 -51]
[405 -38 -50]
[405 15 -31]
[405 -48 10]
[405 -51 -18]
[405 -40 -45]
[405 -39 -49]
[405 -40 -48]
[405 -46 -30]
[405 -52 -15]
[405 -48 8]
[405 13 -37]
[405 -48 11]
[405 -47 13]
[405 -48 13]
[405 -35 21]
[405 -40 -44]
[405 -40 -43]
[405 -37 11]
[405 -37 12]
[405 17 -37]
[405 -42 -35]
[405 -47 -29]
[406 -42 16]
[406 -39 -50]
[406 -49 -22]
[406 -18 36]
[406 -41 -44]
[406 -47 7]
[406 -36 -53]
[406 19 -36]
[406 -49 12]
[406 -48 -21]
[406 -48 4]
[406 -48 -27]
[406 -41 -46]
[406 -41 -45]
[406 -43 16]
[406 -45 14]
[406 -49 5]
[406 -45 -32]
[406 -48 -30]
[406 -45 -35]
[406 18 -37]
[406 -40 -49]
[406 -40 -50]
[406 -38 -51]
[406 -48 -12]
[406 -19 35]
[406 -41 -42]
[406 -49 -24]
[406 -49 -26]
[406 -49 -25]
[406 -49 14]
[406 -48 14]
[406 -41 -49]
[406 -36 13]
[406 -50 -13]
[406 -51 -15]
[406 -39 -51]
[406 -48 12]
[406 -37 -53]
[406 -37 -52]
[406 -46 14]
[406 -49 -27]
[406 -48 -23]
[406 -44 14]
[406 -44 15]
[406 13 -38]
[406 -47 -31]
[406 -41 -47]
[407 -38 -52]
[407 -38 -53]
[407 -49 13]
[407 -42 -44]
[407 -42 -43]
[407 -42 17]
[407 -44 16]
[407 -45 16]
[407 12 -38]
[407 -41 -43]
[407 -41 -48]
[407 -51 -14]
[407 -52 -14]
[407 -49 -31]
[407 -42 -48]
[407 -40 -52]
[407 -40 -51]
[407 -39 -52]
[407 -50 5]
[407 -46 15]
[407 -52 -20]
[407 -43 17]
[407 -42 -45]
[407 -42 -46]
[407 -36 -54]
[407 -40 -35]
[407 -48 -31]
[407 -42 -42]
[407 -53 -15]
[407 -42 -40]
[407 -45 -36]
[407 -44 -36]
[407 -46 -35]
[407 -41 -50]
[407 51 23]
[407 -38 -54]
[407 46 7]
[407 14 -36]
[407 -39 12]
[407 -50 14]
[407 -50 -26]
[407 -50 -28]
[407 -49 -23]
[407 -51 -22]
[407 -39 13]
[407 -34 20]
[408 17 -33]
[408 -44 17]
[408 -43 18]
[408 -44 18]
[408 -47 -32]
[408 -53 -20]
[408 -44 -37]
[408 -43 -37]
[408 -42 -41]
[408 -51 15]
[408 52 26]
[408 -50 -24]
[408 -41 -52]
[408 -41 -51]
[408 -50 -27]
[408 -51 -25]
[408 -51 -26]
[408 -47 15]
[408 -46 16]
[408 -54 -15]
[408 -53 -14]
[408 -54 -16]
[408 -50 -31]
[408 -42 -49]
[408 16 -32]
[408 19 -34]
[408 16 -38]
[408 -43 -46]
[408 -43 -45]
[408 -38 -55]
[408 -39 -53]
[408 -37 -55]
[408 -41 -53]
[408 -37 -54]
[408 -48 -29]
[408 -42 -47]
[408 -43 -47]
[408 -42 -50]
[408 -50 -29]
[408 -49 -29]
[408 -51 -29]
[408 -38 12]
[408 -45 -37]
[408 12 -39]
[408 -51 -23]
[408 -39 -54]
[408 -34 21]
[408 -36 21]
[408 -43 -48]
[409 -53 -21]
[409 -54 -19]
[409 -54 -21]
[409 -42 -52]
[409 -42 -51]
[409 -47 16]
[409 -47 17]
[409 -40 -53]
[409 -45 -38]
[409 -43 19]
[409 -44 19]
[409 -43 -49]
[409 -43 -44]
[409 52 25]
[409 -46 -37]
[409 -35 22]
[409 -42 -54]
[409 -41 -54]
[409 -42 -53]
[409 -38 13]
[409 -50 16]
[409 -51 16]
[409 -42 -38]
[409 13 -40]
[409 -53 -16]
[409 -54 -14]
[409 53 27]
[409 -40 -55]
[409 13 -36]
[409 -46 -36]
[409 -48 16]
[409 -49 -32]
[409 -52 -25]
[409 -44 -47]
[409 -41 18]
[409 -43 -51]
[409 -43 -50]
[409 -43 -43]
[409 -52 -22]
[409 -43 -42]
[409 -55 -14]
[409 -44 -45]
[409 11 -39]
[409 -51 -30]
[409 20 -34]
[409 -50 6]
[409 -46 -38]
[409 -55 -16]
[410 -53 -17]
[410 -44 -48]
[410 -40 -54]
[410 11 -38]
[410 -45 19]
[410 14 -39]
[410 -42 -55]
[410 -45 18]
[410 -55 -20]
[410 -55 -19]
[410 -52 -24]
[410 -51 -24]
[410 -45 -39]
[410 -46 -39]
[410 -43 -52]
[410 -44 20]
[410 -39 -55]
[410 -41 -55]
[410 -39 -56]
[410 -55 -15]
[410 -33 22]
[410 -44 -46]
[410 -55 -21]
[410 -53 -22]
[410 -55 -22]
[410 -37 22]
[410 -38 -56]
[410 -49 17]
[410 -50 17]
[410 -48 17]
[410 -49 16]
[410 -45 -46]
[410 -43 -54]
[410 -43 -53]
[410 -52 -26]
[410 -53 -26]
[410 -44 -44]
[410 -52 -31]
[410 -44 -41]
[410 -48 18]
[410 -54 -22]
[410 -41 19]
[410 -40 19]
[410 -42 20]
[410 -44 -43]
[410 -43 -55]
[410 -47 -39]
[410 -56 -16]
[410 -44 -51]
[410 -44 -52]
[410 -42 -37]
[410 -43 -38]
[411 -46 18]
[411 -46 19]
[411 -45 20]
[411 -46 20]
[411 -41 -56]
[411 -44 21]
[411 -43 20]
[411 -45 21]
[411 -44 -49]
[411 -45 -45]
[411 -41 21]
[411 -47 18]
[411 -50 18]
[411 -52 -30]
[411 -44 -56]
[411 -44 -55]
[411 -42 -56]
[411 -53 -23]
[411 -54 -23]
[411 -52 -28]
[411 -45 -51]
[411 -54 -18]
[411 -47 -40]
[411 -45 -41]
[411 -45 -42]
[411 -45 -47]
[411 -53 -25]
[411 -52 -23]
[411 -38 23]
[411 -38 21]
[411 -38 22]
[411 -40 -57]
[411 -40 -56]
[411 -56 -19]
[411 -56 -20]
[411 -53 -24]
[411 -45 -44]
[411 -56 -21]
[411 45 6]
[411 -32 22]
[411 -44 -54]
[411 -44 -53]
[411 -45 -52]
[411 -45 -53]
[411 -39 15]
[411 -40 20]
[411 -39 19]
[411 -39 20]
[411 -39 18]
[411 -46 -46]
[411 -56 -23]
[411 -55 -23]
[411 -57 -15]
[411 -56 -15]
[411 -47 19]
[411 -49 19]
[411 -48 19]
[411 -56 -22]
[411 -53 -30]
[411 -51 -32]
[411 -53 -18]
[411 51 24]
[412 -39 22]
[412 -39 21]
[412 -37 23]
[412 -55 -24]
[412 -54 -24]
[412 -45 -49]
[412 -38 19]
[412 -46 -53]
[412 -46 -52]
[412 -45 -54]
[412 -46 -47]
[412 -46 -45]
[412 -45 -48]
[412 -46 -48]
[412 -57 -20]
[412 -57 -21]
[412 -57 -22]
[412 -57 -23]
[412 -56 -24]
[412 -45 -56]
[412 -54 -26]
[412 -53 -27]
[412 -52 -27]
[412 15 -39]
[412 -45 -57]
[412 -45 -55]
[412 -43 -57]
[412 -41 -57]
[412 -41 20]
[412 12 -37]
[412 -44 -50]
[412 -46 22]
[412 -45 22]
[412 -53 -29]
[412 -46 -44]
[412 -54 -29]
[412 -39 24]
[412 -47 -47]
[412 -42 -57]
[412 18 -33]
[412 -31 23]
[412 -32 23]
[412 17 -38]
[412 -46 -41]
[412 -53 -32]
[412 -48 20]
[412 -54 -25]
[412 -41 22]
[412 -40 21]
[412 -40 22]
[412 -50 20]
[412 -38 17]
[412 -52 -29]
[412 -41 -37]
[412 -46 -43]
[412 -45 -43]
[412 -47 21]
[412 -47 20]
[412 13 -41]
[412 -16 36]
[413 -32 24]
[413 -33 24]
[413 -43 -56]
[413 -52 -33]
[413 -49 20]
[413 -54 -27]
[413 -46 -51]
[413 -47 -52]
[413 -47 -51]
[413 -52 17]
[413 -38 25]
[413 -40 25]
[413 -38 24]
[413 -39 25]
[413 -40 24]
[413 -46 -57]
[413 16 -39]
[413 -44 -57]
[413 -54 -30]
[413 -46 -54]
[413 -47 -54]
[413 -57 -14]
[413 -58 -14]
[413 -45 -50]
[413 -58 -22]
[413 -58 -23]
[413 -54 -28]
[413 -55 -25]
[413 -56 -25]
[413 -39 16]
[413 -46 -50]
[413 -46 -49]
[413 -57 -24]
[413 -58 -24]
[413 17 -39]
[413 -54 -32]
[413 -53 -33]
[413 -53 -31]
[413 -44 -58]
[413 52 24]
[413 -50 19]
[413 -46 -56]
[413 -47 -46]
[413 -35 23]
[413 -47 -48]
[413 -47 22]
[413 -58 -20]
[413 -58 -19]
[413 -58 -21]
[413 -45 23]
[414 -47 -49]
[414 -59 -22]
[414 -59 -21]
[414 -59 -23]
[414 -32 21]
[414 -48 -48]
[414 -47 -55]
[414 -46 -55]
[414 -59 -20]
[414 -59 -18]
[414 -59 -19]
[414 -47 -56]
[414 -50 21]
[414 -57 -26]
[414 -57 -25]
[414 -43 -59]
[414 -58 -25]
[414 -41 24]
[414 -48 -51]
[414 10 -40]
[414 -51 -33]
[414 -46 23]
[414 -44 23]
[414 -47 23]
[414 -48 23]
[414 12 -41]
[414 12 -42]
[414 -55 -26]
[414 -55 -28]
[414 -39 14]
[414 -58 -15]
[414 -45 24]
[414 -46 24]
[414 -47 -53]
[414 -50 -33]
[414 -47 -50]
[414 -58 -13]
[414 -31 24]
[414 -59 -24]
[414 14 -40]
[414 19 -38]
[414 -51 18]
[414 -51 21]
[414 -48 -49]
[414 -56 -26]
[414 -31 22]
[415 -48 -56]
[415 -58 -26]
[415 -48 -50]
[415 -34 24]
[415 -60 -20]
[415 -60 -21]
[415 -60 -19]
[415 -43 23]
[415 -48 -55]
[415 -48 -54]
[415 -48 -53]
[415 -52 18]
[415 -60 -22]
[415 -44 25]
[415 -60 -23]
[415 -45 -59]
[415 -56 -27]
[415 -55 -31]
[415 -59 -25]
[415 -59 -15]
[415 -59 -16]
[415 -59 -14]
[415 -60 -18]
[415 -53 17]
[415 -53 16]
[415 -55 -33]
[415 -48 -52]
[415 -58 -27]
[415 -51 22]
[415 -59 -26]
[415 -49 23]
[415 -49 24]
[415 -48 24]
[415 11 -40]
[415 -45 -58]
[415 -42 24]
[415 -42 25]
[415 -42 -59]
[415 -43 -60]
[415 -50 22]
[415 -49 22]
[416 -60 -24]
[416 -49 -48]
[416 -49 -49]
[416 -61 -23]
[416 -42 -61]
[416 -61 -19]
[416 -61 -20]
[416 -49 -53]
[416 -49 -54]
[416 -50 23]
[416 20 -37]
[416 -60 -16]
[416 -60 -15]
[416 -60 -14]
[416 18 -32]
[416 -49 -55]
[416 -43 25]
[416 -43 26]
[416 -32 20]
[416 -60 -26]
[416 -37 13]
[416 -60 -17]
[416 -59 -17]
[416 -50 25]
[416 -61 -18]
[417 -61 -15]
[417 -54 17]
[417 -43 -61]
[417 -44 27]
[417 -42 26]
[417 -61 -17]
[417 -61 -16]
[417 -46 -59]
[417 -62 -24]
[417 -61 -24]
[417 -54 -34]
[417 19 -32]
[417 -50 -49]
[417 -60 -27]
[417 -61 -25]
[417 10 -39]
[417 19 -39]
[417 -62 -19]
[417 -62 -20]
[417 -46 -58]
[417 -61 -21]
[417 -62 -18]
[417 -62 -17]
[418 -61 -26]
[418 -59 -27]
[418 -42 27]
[418 -63 -19]
[418 -63 -18]
[418 -63 -17]
[418 -54 15]
[418 -62 -16]
[418 -62 -14]
[418 -47 -58]
[418 -43 -62]
[418 -45 -60]
[418 -60 -25]
[418 -43 27]
[418 15 -40]
[418 20 -33]
[418 -62 -15]
[418 -53 18]
[418 -55 17]
[418 -54 18]
[418 -55 16]
[418 -42 -60]
[418 -61 -14]
[418 -62 -26]
[419 -59 -28]
[419 -53 19]
[419 -45 -61]
[419 -63 -16]
[419 -64 -17]
[419 -64 -16]
[419 -64 -18]
[419 -43 28]
[419 -61 -22]
[419 -54 -33]
[419 -64 -20]
[419 -64 -19]
[419 -62 -21]
[419 -56 15]
[419 -56 17]
[419 -55 18]
[419 -55 19]
[419 -61 -27]
[419 -41 28]
[419 -63 -15]
[419 -56 18]
[419 -63 -14]
[419 -55 15]
[419 -55 14]
[420 20 -31]
[420 -42 29]
[420 -56 14]
[420 -41 -60]
[420 -54 20]
[420 -40 27]
[420 -40 28]
[420 -44 -61]
[420 -56 13]
[420 -55 20]
[420 -54 19]
[420 -56 19]
[420 -56 16]
[420 -57 18]
[420 -57 14]
[420 -42 -63]
[420 18 -39]
[420 -46 -62]
[420 -47 -59]
[421 -55 13]
[421 -57 15]
[421 -44 -62]
[421 -56 -32]
[421 -57 16]
[421 20 -38]
[421 10 -41]
[421 -58 18]
[421 -58 19]
[421 44 5]
[421 -56 12]
[421 -57 12]
[421 -59 -29]
[421 -41 29]
[421 -56 -33]
[421 -56 20]
[421 -57 20]
[421 -63 -22]
[421 16 -40]
[421 9 -40]
[421 21 -38]
[422 -54 21]
[422 -57 13]
[422 -57 19]
[422 21 -37]
[422 -53 -35]
[422 -56 21]
[422 -62 -23]
[422 17 -32]
[422 -58 20]
[422 -58 21]
[422 -58 -30]
[422 -41 30]
[422 -58 17]
[422 21 -32]
[422 -59 20]
[422 -59 19]
[422 -59 18]
[422 20 -39]
[422 -57 11]
[422 -56 11]
[422 -43 -63]
[422 -59 17]
[423 -58 13]
[423 -60 19]
[423 -58 15]
[423 -58 16]
[423 -56 10]
[423 -57 10]
[423 19 -40]
[423 -40 31]
[423 -57 21]
[423 -58 22]
[423 -59 21]
[423 -58 12]
[423 -53 22]
[423 -54 22]
[423 9 -41]
[423 -42 -64]
[423 -57 22]
[423 -55 22]
[423 -59 16]
[423 20 -40]
[423 18 -40]
[423 -60 18]
[424 -39 32]
[424 -40 32]
[424 -41 32]
[424 -42 31]
[424 -59 13]
[424 -53 -36]
[424 -52 -36]
[424 -45 -63]
[424 -54 23]
[424 -55 23]
[424 -58 11]
[424 -58 10]
[424 -58 23]
[424 -43 -65]
[424 -41 -64]
[424 -60 16]
[424 -60 17]
[424 20 -32]
[424 8 -40]
[424 -47 -62]
[424 -59 11]
[424 18 -41]
[424 21 -39]
[424 -57 23]
[425 -59 10]
[425 -40 33]
[425 -41 33]
[425 20 -41]
[425 -55 24]
[425 -56 23]
[425 22 -40]
[425 21 -40]
[425 -48 -62]
[425 -59 15]
[425 -59 -30]
[425 -59 12]
[425 -48 -60]
[425 -39 33]
[425 -47 -63]
[425 19 -30]
[425 -61 15]
[426 -60 11]
[426 -59 24]
[426 -41 -65]
[426 -40 -64]
[426 -56 22]
[426 -58 9]
[426 -42 -66]
[426 -48 -61]
[426 -60 12]
[426 -45 -62]
[426 9 -42]
[426 -48 -63]
[426 -49 -62]
[426 21 -41]
[426 -41 34]
[426 -40 34]
[426 -61 17]
[426 -38 32]
[426 -52 -37]
[426 43 5]
[426 20 -30]
[426 -42 34]
[426 -38 33]
[427 -51 -37]
[427 -59 23]
[427 19 -42]
[427 -44 -63]
[427 -40 -65]
[427 -51 -38]
[427 -52 -38]
[427 -55 -35]
[427 19 -31]
[427 -42 35]
[427 -41 35]
[427 -40 35]
[427 43 4]
[427 -48 -59]
[427 -43 -66]
[428 -54 -35]
[428 -47 -60]
[428 -61 18]
[428 -42 36]
[428 -46 -63]
[428 20 -42]
[428 -43 -67]
[428 -43 36]
[428 -61 19]
[428 -47 -64]
[428 -48 -64]
[428 -58 -31]
[429 16 -41]
[429 17 -41]
[429 -42 -67]
[429 -52 -39]
[429 -60 10]
[429 -44 -67]
[429 19 -43]
[429 8 -41]
[429 8 -43]
[429 -61 10]
[429 -41 -66]
[430 -59 8]
[430 -60 9]
[430 -61 9]
[430 23 -40]
[430 21 -31]
[430 -46 -64]
[430 -61 12]
[430 8 -42]
[430 -62 9]
[430 -62 10]
[430 -58 -32]
[430 -60 22]
[431 -62 12]
[431 -60 8]
[431 -57 8]
[431 -62 8]
[431 -63 9]
[431 -63 8]
[431 18 -43]
[431 7 -40]
[431 7 -42]
[432 23 -39]
[432 -60 23]
[432 -64 8]
[432 -64 9]
[432 -64 10]
[432 -50 -62]
[432 -57 -32]
[432 -63 10]
[432 -59 7]
[432 -62 7]
[432 -63 7]
[432 -64 7]
[432 16 -42]
[432 6 -41]
[432 -56 7]
[432 -57 7]
[432 6 -43]
[433 24 -39]
[433 -63 13]
[433 -62 13]
[433 -49 -60]
[433 -60 24]
[433 -39 -63]
[433 -51 -39]
[433 -50 -63]
[433 -55 -36]
[433 7 -41]
[433 -49 -63]
[433 22 -39]
[433 -39 -64]
[433 -62 6]
[433 -61 6]
[433 -61 7]
[433 -64 6]
[433 -65 8]
[433 -65 7]
[433 -65 9]
[434 -58 -33]
[434 6 -44]
[434 7 -44]
[434 6 -42]
[434 -64 11]
[434 15 -42]
[434 -57 6]
[434 -49 -61]
[434 -61 21]
[434 -66 7]
[434 -66 8]
[434 -60 5]
[434 -62 5]
[434 -66 6]
[434 -65 10]
[434 -51 -63]
[434 -50 -64]
[434 -49 -64]
[434 -63 12]
[434 18 -44]
[434 -63 5]
[434 -61 5]
[434 -66 10]
[434 -66 9]
[434 -51 -62]
[434 -59 6]
[434 -64 14]
[434 -64 12]
[435 -62 4]
[435 -63 4]
[435 -65 14]
[435 15 -43]
[435 21 -30]
[435 -65 6]
[435 -60 4]
[435 -61 4]
[435 42 3]
[435 -67 8]
[435 -67 11]
[435 -67 9]
[435 -67 10]
[435 -56 6]
[435 -45 -67]
[435 -59 5]
[435 -59 4]
[435 -67 7]
[435 -65 5]
[435 17 -45]
[435 -67 6]
[435 -44 37]
[436 -50 -61]
[436 -58 5]
[436 -56 5]
[436 41 4]
[436 -58 4]
[436 -60 3]
[436 -59 3]
[436 17 -44]
[436 -65 12]
[436 15 -44]
[436 -67 12]
[436 -68 9]
[436 -68 7]
[436 -66 5]
[436 -68 6]
[436 18 -31]
[436 -66 13]
[436 -65 15]
[436 -64 15]
[437 -64 4]
[437 -63 3]
[437 -66 16]
[437 -66 15]
[437 40 3]
[437 40 5]
[437 -69 7]
[437 -69 5]
[437 5 -44]
[437 -59 2]
[437 41 2]
[437 -67 13]
[437 -66 11]
[437 -66 12]
[437 -52 -64]
[437 -51 -64]
[437 -50 -60]
[437 -67 4]
[437 -65 4]
[437 -52 -63]
[437 -52 -61]
[437 16 -44]
[437 -67 14]
[437 -69 6]
[437 -63 15]
[437 -45 -68]
[437 -68 10]
[437 42 4]
[437 -69 10]
[437 -45 -66]
[438 14 -44]
[438 -61 20]
[438 40 2]
[438 39 3]
[438 39 2]
[438 -51 -61]
[438 -68 4]
[438 -70 4]
[438 16 -45]
[438 22 -31]
[438 -49 -59]
[438 -68 15]
[438 -65 3]
[438 -69 11]
[438 -70 11]
[438 -70 9]
[438 -63 16]
[438 15 -45]
[438 -70 7]
[438 -61 2]
[438 5 -42]
[438 -50 -40]
[438 -66 3]
[438 -64 3]
[438 -67 15]
[438 -67 16]
[438 40 4]
[438 39 4]
[439 15 -46]
[439 -71 8]
[439 -71 6]
[439 -53 -64]
[439 4 -43]
[439 38 2]
[439 -66 17]
[439 -65 17]
[439 -65 2]
[439 -64 2]
[439 -69 3]
[439 -67 3]
[439 -68 3]
[439 40 1]
[439 -67 2]
[439 -70 3]
[439 -57 -34]
[439 38 3]
[439 38 1]
[439 23 -30]
[439 -50 -41]
[439 -68 14]
[439 38 4]
[439 14 -46]
[439 39 1]
[439 -64 16]
[439 7 -43]
[439 -71 11]
[440 13 -45]
[440 -62 2]
[440 -66 1]
[440 -68 1]
[440 -72 5]
[440 -63 17]
[440 -71 10]
[440 -72 11]
[440 41 3]
[440 37 3]
[440 4 -44]
[440 -46 -68]
[440 -71 9]
[440 -45 38]
[440 15 -47]
[440 -65 18]
[440 -58 -34]
[440 39 0]
[440 37 2]
[440 -68 2]
[440 -65 1]
[440 -64 1]
[440 14 -45]
[440 -66 18]
[440 37 1]
[440 -69 12]
[440 40 0]
[440 4 -42]
[440 18 -45]
[440 41 1]
[440 -72 9]
[441 36 1]
[441 -73 10]
[441 -64 17]
[441 -66 0]
[441 -67 0]
[441 -66 19]
[441 -64 18]
[441 -53 -65]
[441 -67 19]
[441 -73 9]
[441 -73 8]
[441 -46 -67]
[441 -71 12]
[441 -64 0]
[441 -65 0]
[441 -45 37]
[441 -70 13]
[441 -54 -63]
[441 -54 -65]
[441 39 -1]
[441 37 0]
[441 36 2]
[441 36 0]
[441 -73 6]
[441 -73 4]
[442 35 0]
[442 35 1]
[442 -73 7]
[442 -71 13]
[442 7 -39]
[442 -51 -60]
[442 16 -46]
[442 -67 18]
[442 -72 4]
[442 -69 16]
[442 -71 14]
[442 -65 19]
[442 -65 20]
[442 35 2]
[442 35 -1]
[442 -73 12]
[442 -73 11]
[442 -68 18]
[442 -60 21]
[443 -74 11]
[443 40 -1]
[443 35 -2]
[443 36 -1]
[443 36 -2]
[443 34 0]
[443 34 -1]
[443 -63 18]
[443 -69 19]
[443 -68 19]
[443 -50 -42]
[443 -54 -64]
[443 34 1]
[443 -70 14]
[443 3 -43]
[443 3 -42]
[443 -64 19]
[443 -69 17]
[443 -66 20]
[444 -64 20]
[444 -63 20]
[444 -70 18]
[444 -69 18]
[444 33 1]
[444 33 -1]
[444 34 2]
[444 -66 21]
[444 2 -44]
[444 3 -44]
[444 3 -45]
[444 -53 -63]
[444 22 -38]
[444 -46 -66]
[444 -50 -39]
[444 -72 13]
[444 2 -42]
[444 39 -2]
[444 34 -2]
[444 -54 -66]
[444 -63 19]
[444 -72 15]
[444 -70 16]
[444 -47 -69]
[444 -51 -42]
[444 -74 12]
[444 -75 12]
[445 -76 11]
[445 -51 -59]
[445 -75 10]
[445 33 -2]
[445 -51 -43]
[445 -71 17]
[445 -71 19]
[445 4 -45]
[445 -47 -70]
[445 38 -3]
[445 -53 -66]
[445 -55 -65]
[445 -73 16]
[445 -73 15]
[445 -71 16]
[446 -74 15]
[446 -72 16]
[446 -74 16]
[446 -70 20]
[446 -72 19]
[446 -72 20]
[446 37 -4]
[446 -73 13]
[446 -72 18]
[446 -72 17]
[446 -71 18]
[446 -55 -66]
[446 -76 10]
[446 -76 9]
[446 22 -30]
[446 -63 21]
[446 -47 -68]
[446 13 -47]
[446 -69 20]
[446 -77 11]
[446 -77 10]
[446 2 -45]
[446 3 -46]
[446 -73 17]
[447 12 -48]
[447 -75 17]
[447 -75 15]
[447 -78 9]
[447 -71 20]
[447 -71 21]
[447 -74 17]
[447 -77 12]
[447 -47 -71]
[447 -78 10]
[448 -74 18]
[448 -76 18]
[448 -79 10]
[448 -79 8]
[448 -72 22]
[448 1 -43]
[448 -44 38]
[448 33 0]
[448 -77 13]
[449 -75 19]
[449 14 -47]
[449 -80 7]
[449 -80 8]
[449 -80 9]
[449 -80 10]
[449 -77 17]
[449 -76 19]
[449 -69 21]
[449 32 -3]
[449 -46 -71]
[449 13 -48]
[449 -50 -43]
[449 -67 22]
[449 -77 14]
[449 -78 14]
[450 33 -3]
[450 23 -37]
[450 -68 21]
[450 -78 15]
[450 12 -49]
[450 -73 22]
[450 -46 -72]
[450 -81 7]
[450 -79 7]
[450 -74 20]
[450 -76 20]
[450 -75 20]
[450 -78 17]
[450 -78 16]
[450 -78 18]
[450 -77 16]
[450 -81 9]
[450 -81 6]
[450 -77 15]
[450 -68 22]
[450 -66 22]
[450 -77 20]
[451 -78 19]
[451 -80 6]
[451 6 -40]
[451 -81 10]
[451 -57 -35]
[451 -74 22]
[451 -74 23]
[451 -74 21]
[451 -48 -69]
[451 13 -46]
[451 -66 23]
[451 -76 21]
[451 32 -4]
[451 -45 39]
[452 -44 39]
[452 11 -50]
[452 24 -38]
[452 1 -45]
[452 -67 24]
[452 -66 24]
[452 -67 23]
[453 38 -4]
[453 -44 40]
[453 -68 25]
[453 -75 23]
[453 31 -2]
[453 -65 23]
[453 -67 25]
[453 -65 24]
[453 -47 -72]
[454 -66 25]
[454 -74 24]
[454 37 -5]
[454 -64 23]
[454 -65 25]
[455 -49 -69]
[455 -67 26]
[455 -46 -73]
[455 -51 -44]
[456 -64 24]
[456 -51 -45]
[456 31 -3]
[456 -45 40]
[456 -56 -66]
[456 1 -46]
[456 0 -46]
[456 -57 -36]
[457 -66 27]
[457 31 -4]
[457 -46 39]
[457 -51 -46]
[457 -1 -47]
[457 37 -6]
[457 -57 -67]
[458 0 -45]
[458 -65 27]
[459 -52 -47]
[459 -67 27]
[459 -1 -48]
[459 -64 26]
[459 31 -5]
[459 30 -5]
[459 10 -51]
[460 -58 -37]
[460 30 -6]
[460 -2 -49]
[460 22 -37]
[460 -51 -47]
[460 -57 -68]
[460 37 -7]
[461 32 -5]
[461 -45 -71]
[461 -43 40]
[461 -52 -46]
[461 -56 -69]
[461 -56 -68]
[461 0 -48]
[462 0 -49]
[462 10 -52]
[462 29 -7]
[462 -55 -69]
[462 -56 -70]
[463 30 -7]
[463 0 -47]
[463 -57 -38]
[463 -57 -66]
[463 -50 -69]
[463 -54 -69]
[464 -58 -38]
[464 -2 -48]
[464 -54 -68]
[464 29 -6]
[464 10 -50]
[464 0 -50]
[464 36 -7]
[465 30 -8]
[465 -57 -71]
[465 1 -49]
[465 -52 -45]
[465 -57 -37]
[465 9 -51]
[465 -1 -50]
[466 -47 38]
[466 -57 -70]
[466 -1 -49]
[466 -44 -70]
[466 32 -6]
[467 -58 -67]
[467 -1 -46]
[467 28 -8]
[467 0 -51]
[467 -53 -70]
[468 33 -7]
[468 28 -7]
[468 -58 -66]
[468 -3 -48]
[468 27 -9]
[468 28 -9]
[468 -44 -71]
[468 -56 -72]
[469 8 -52]
[469 29 -5]
[469 36 -8]
[469 -52 -70]
[469 9 -52]
[469 27 -7]
[469 -53 -46]
[470 26 -8]
[470 -53 -69]
[470 1 -50]
[471 -2 -50]
[471 27 -8]
[471 32 -7]
[471 -1 -51]
[471 7 -53]
[472 -57 -73]
[472 25 -9]
[472 -52 -69]
[472 28 -10]
[473 -2 -52]
[473 -58 -72]
[473 26 -7]
[473 -2 -51]
[473 25 -8]
[473 36 -9]
[474 6 -53]
[474 -51 -69]
[474 11 -49]
[474 -3 -53]
[475 25 -10]
[475 27 -11]
[475 -56 -71]
[475 -58 -70]
[475 31 -9]
[475 -59 -73]
[475 -2 -53]
[476 -3 -52]
[476 33 -6]
[476 27 -12]
[476 -51 -68]
[477 5 -54]
[477 -58 -71]
[477 32 -8]
[477 36 -10]
[478 -59 -71]
[478 5 -55]
[479 28 -13]
[479 6 -54]
[479 -3 -54]
[479 -1 -54]
[479 35 -11]
[480 35 -10]
[480 4 -55]
[480 -60 -71]
[480 34 -12]
[480 -57 -72]
[481 31 -10]
[481 35 -13]
[481 32 -9]
[481 5 -53]
[481 28 -11]
[482 29 -12]
[482 -60 -72]
[482 -59 -72]
[482 34 -13]
[482 34 -14]
[483 31 -11]
[483 33 -14]
[483 -56 -73]
[483 -52 -68]
[483 35 -12]
[483 29 -13]
[484 -61 -72]
[484 28 -12]
[484 30 -13]
[484 30 -11]
[484 28 -14]
[485 7 -52]
[485 -62 -73]
[485 29 -15]
[485 35 -14]
[485 31 -13]
[486 4 -52]
[486 28 -16]
[486 30 -16]
[486 33 -15]
[487 -4 -53]
[487 34 -15]
[487 -63 -74]
[487 29 -14]
[487 30 -12]
[487 34 -16]
[487 3 -53]
[487 29 -17]
[488 -4 -52]
[488 -63 -75]
[488 30 -14]
[488 29 -18]
[489 29 -11]
[490 30 -15]
[490 -62 -72]
[490 2 -53]
[490 34 -17]
[491 33 -18]
[491 -62 -71]
[491 -4 -54]
[492 29 -16]
[492 -64 -75]
[493 -64 -74]
[493 -63 -71]
[493 4 -53]
[494 28 -17]
[495 33 -17]
[496 -63 -72]
[496 -63 -73]
[497 -64 -73]
[497 33 -19]
[498 -5 -54]
[498 -62 -70]
[499 29 -19]
[500 27 -18]
[500 -65 -74]
[500 -61 -70]
[500 3 -52]
[501 26 -19]
[501 -6 -54]
[501 27 -17]
[502 1 -53]
[502 25 -20]
[502 25 -19]
[502 26 -20]
[502 -65 -75]
[502 2 -52]
[502 -5 -55]
[503 29 -20]
[503 26 -21]
[503 27 -20]
[504 -66 -75]
[504 -6 -55]
[504 27 -19]
[505 25 -21]
[505 27 -21]
[505 26 -22]
[505 25 -22]
[505 -66 -76]
[505 -67 -76]
[506 24 -20]
[506 -7 -55]
[507 -8 -55]
[507 23 -21]
[507 -65 -77]
[507 -67 -75]
[508 26 -23]
[509 -66 -77]
[509 24 -22]
[509 25 -23]
[509 -5 -56]
[509 23 -20]
[510 26 -24]
[510 24 -23]
[510 -68 -76]
[511 -69 -76]
[511 26 -25]
[511 -8 -56]
[511 24 -21]
[512 24 -24]
[512 -69 -77]
[512 27 -26]
[512 24 -19]
[513 25 -26]
[513 -65 -78]
[514 27 -27]
[514 -68 -77]
[514 26 -26]
[516 -64 -79]
[516 -70 -76]
[516 24 -25]
[517 23 -25]
[517 25 -27]
[517 -69 -78]
[517 -9 -56]
[518 23 -26]
[518 -69 -79]
[519 -10 -56]
[520 22 -27]
[520 27 -25]
[521 -64 -78]
[521 23 -27]
[522 22 -28]
[524 -10 -57]
[524 27 -28]
[524 -64 -80]
[525 -11 -58]
[525 -11 -57]
[527 24 -28]
[527 23 -29]
[527 22 -29]
[528 -64 -81]
[528 21 -29]
[529 -12 -58]
[530 -64 -82]
[530 25 -28]
[531 -63 -83]
[531 -63 -82]
[532 -12 -59]
[532 27 -29]
[537 27 -30]
[537 24 -29]
[537 -12 -60]
[539 -62 -82]
[539 -13 -59]
[539 -13 -60]
[539 26 -30]
[540 -13 -61]
[541 27 -31]
[542 -63 -84]
[542 25 -31]
[543 26 -31]
[543 -14 -61]
[544 -62 -85]
[544 -14 -62]
[544 -15 -62]
[544 28 -30]
[545 -15 -61]
[545 -13 -62]
[546 -16 -61]
[546 -63 -85]
[546 25 -32]
[547 -17 -61]
[548 -14 -59]
[548 24 -33]
[548 -18 -62]
[549 -18 -61]
[549 -62 -86]
[549 -14 -60]
[550 -15 -60]
[551 25 -33]
[551 -14 -63]
[551 -61 -87]
[551 -61 -82]
[552 -60 -83]
[552 -61 -86]
[553 -60 -87]
[554 24 -34]
[554 -16 -59]
[554 -16 -60]
[555 24 -35]
[555 -17 -60]
[556 -19 -61]
[556 -60 -88]
[557 -18 -60]
[557 -20 -61]
[557 -59 -89]
[558 -58 -90]
[559 -59 -87]
[559 -57 -90]
[559 -19 -62]
[560 -56 -89]
[560 -57 -91]
[560 -60 -89]
[561 23 -36]
[561 -59 -90]
[561 -57 -92]
[561 -55 -90]
[562 -59 -88]
[562 -54 -90]
[562 -56 -91]
[562 -58 -91]
[563 -20 -63]
[563 -58 -92]
[563 -59 -91]
[564 -57 -88]
[564 -21 -60]
[564 -56 -92]
[564 -58 -87]
[564 -19 -64]
[564 23 -35]
[564 -60 -92]
[565 -58 -88]
[565 -55 -93]
[565 -57 -93]
[566 -58 -89]
[566 -56 -90]
[566 -55 -91]
[566 -19 -60]
[566 -22 -61]
[566 -21 -61]
[566 -20 -64]
[566 -20 -62]
[566 -59 -92]
[567 -61 -92]
[567 -57 -89]
[567 -54 -94]
[568 -56 -87]
[568 -56 -88]
[569 -55 -89]
[569 -55 -95]
[569 -18 -65]
[569 -55 -92]
[570 -62 -93]
[570 -55 -96]
[570 -58 -94]
[571 -21 -63]
[571 -54 -93]
[571 -55 -97]
[571 -22 -60]
[571 -58 -93]
[571 -57 -95]
[572 -55 -94]
[572 -18 -66]
[572 -17 -66]
[573 -16 -66]
[573 -56 -97]
[574 -53 -93]
[574 -22 -64]
[574 -19 -67]
[574 -55 -87]
[574 -54 -98]
[574 -57 -94]
[574 -54 -95]
[574 -58 -95]
[575 -22 -63]
[575 -53 -94]
[575 -23 -61]
[575 -23 -64]
[575 -54 -89]
[575 -55 -88]
[576 -56 -94]
[576 -17 -67]
[576 -54 -96]
[576 -57 -87]
[576 -62 -94]
[577 -56 -95]
[577 -56 -98]
[577 -20 -68]
[577 -53 -98]
[577 -59 -94]
[578 -16 -67]
[578 -16 -68]
[578 -53 -95]
[578 -23 -65]
[579 -24 -64]
[579 -53 -96]
[579 -53 -97]
[579 -18 -67]
[580 -25 -64]
[580 -57 -86]
[580 -24 -60]
[580 -24 -65]
[580 -54 -97]
[581 -55 -99]
[581 -61 -95]
[581 -56 -99]
[581 -24 -59]
[582 -25 -59]
[582 -25 -60]
[582 -25 -58]
[582 -21 -69]
[582 -56 -86]
[582 -62 -92]
[582 -17 -65]
[582 -24 -61]
[582 -56 -100]
[583 -52 -95]
[583 -26 -58]
[583 -24 -58]
[583 -22 -70]
[583 -26 -65]
[583 -60 -94]
[583 -25 -65]
[583 -23 -60]
[583 -16 -69]
[584 -27 -58]
[584 -15 -69]
[584 -52 -96]
[584 -16 -65]
[584 -24 -62]
[585 -25 -66]
[585 -20 -69]
[585 -23 -57]
[585 -28 -57]
[585 -15 -68]
[585 -26 -57]
[586 -27 -57]
[586 -16 -70]
[586 -17 -70]
[586 -14 -68]
[586 -14 -69]
[586 -24 -56]
[586 -24 -57]
[586 -54 -87]
[586 -20 -67]
[587 -15 -70]
[587 -17 -71]
[587 -23 -71]
[587 -26 -56]
[587 -22 -56]
[588 -26 -66]
[588 -26 -55]
[589 -16 -71]
[589 -53 -87]
[589 -17 -69]
[590 -18 -71]
[590 -26 -54]
[591 -51 -95]
[591 -13 -68]
[591 -23 -56]
[591 -25 -53]
[591 -27 -54]
[592 -27 -66]
[592 -53 -86]
[592 -24 -72]
[592 -19 -71]
[593 -18 -72]
[593 -27 -67]
[593 -25 -73]
[594 -19 -70]
[594 -26 -73]
[594 -56 -101]
[594 -26 -53]
[595 -27 -68]
[595 -28 -68]
[595 -26 -67]
[595 -17 -72]
[595 -20 -71]
[595 -27 -73]
[595 -18 -70]
[596 -28 -67]
[596 -29 -69]
[596 -26 -68]
[596 -26 -74]
[596 -12 -67]
[596 -27 -74]
[596 -19 -73]
[596 -28 -69]
[597 -29 -70]
[597 -28 -73]
[597 -28 -74]
[597 -24 -53]
[597 -24 -71]
[597 -18 -73]
[598 -29 -73]
[599 -25 -72]
[599 -20 -74]
[599 -29 -74]
[599 -26 -75]
[600 -28 -75]
[600 -27 -72]
[600 -27 -75]
[601 -26 -76]
[601 -29 -75]
[601 -19 -74]
[602 -56 -102]
[602 -27 -76]
[602 -28 -76]
[602 -12 -66]
[602 -13 -66]
[602 -13 -67]
[602 -29 -68]
[603 -52 -86]
[603 -28 -77]
[603 -25 -71]
[603 -30 -76]
[604 -26 -72]
[604 -29 -76]
[604 -30 -73]
[604 -30 -70]
[605 -20 -75]
[605 -23 -70]
[605 -55 -102]
[606 -24 -70]
[606 -51 -87]
[606 -21 -75]
[607 -14 -67]
[607 -31 -71]
[607 -21 -76]
[607 -56 -103]
[608 -22 -76]
[608 -57 -103]
[608 -32 -72]
[609 -32 -71]
[609 -11 -66]
[609 -55 -103]
[609 -57 -104]
[610 -30 -74]
[610 -54 -102]
[610 -10 -65]
[611 -58 -104]
[612 -33 -72]
[612 -9 -64]
[613 -10 -66]
[613 -22 -69]
[613 -34 -72]
[614 -9 -65]
[614 -22 -77]
[614 -30 -68]
[614 -34 -73]
[615 -54 -101]
[617 -53 -101]
[619 -23 -78]
[619 -34 -74]
[620 -35 -75]
[620 -35 -74]
[621 -35 -73]
[622 -52 -101]
[623 -36 -74]
[624 -24 -78]
[624 -37 -75]
[626 -37 -76]
[626 -36 -76]
[626 -38 -74]
[627 -36 -77]
[627 -24 -79]
[628 -25 -79]
[629 -38 -75]
[631 -26 -80]
[631 -38 -77]
[631 -37 -74]
[631 -39 -75]
[631 -36 -75]
[631 -38 -76]
[632 -35 -76]
[632 -25 -80]
[632 -39 -77]
[633 -26 -81]
[633 -38 -78]
[633 -39 -78]
[634 -39 -76]
[634 -40 -76]
[634 -27 -82]
[634 -40 -78]
[635 -27 -81]
[636 -40 -77]
[636 -28 -82]
[637 -41 -78]
[639 -41 -79]
[639 -29 -83]
[639 -37 -78]
[639 -28 -83]
[640 -40 -79]
[640 -40 -80]
[641 -41 -80]
[642 -41 -81]
[642 -40 -81]
[642 -42 -79]
[642 -41 -77]
[644 -39 -81]
[644 -42 -82]
[644 -42 -78]
[645 -41 -82]
[646 -43 -77]
[646 -43 -79]
[646 -42 -83]
[646 -29 -84]
[647 -41 -83]
[647 -43 -82]
[648 -40 -82]
[648 -43 -78]
[648 -29 -85]
[648 -42 -84]
[648 -44 -83]
[648 -40 -83]
[649 -30 -86]
[650 -44 -78]
[650 -39 -82]
[650 -31 -86]
[650 -43 -84]
[650 -43 -85]
[650 -43 -80]
[651 -32 -87]
[651 -31 -87]
[651 -44 -84]
[651 -44 -86]
[653 -44 -87]
[653 -30 -85]
[654 -43 -86]
[654 -44 -79]
[655 -32 -88]
[656 -43 -81]
[656 -44 -80]
[657 -45 -88]
[659 -44 -88]
[659 -46 -88]
[660 -43 -89]
[660 -45 -89]
[661 -44 -89]
[662 -44 -82]
[662 -43 -90]
[662 -33 -88]
[662 -45 -81]
[663 -45 -80]
[663 -45 -90]
[663 -46 -89]
[663 -46 -82]
[663 -42 -90]
[664 -46 -90]
[664 -45 -91]
[664 -33 -89]
[664 -34 -89]
[665 -35 -90]
[665 -46 -92]
[665 -46 -81]
[666 -34 -90]
[666 -47 -82]
[667 -46 -83]
[667 -47 -83]
[668 -46 -91]
[669 -48 -83]
[669 -47 -92]
[670 -46 -80]
[670 -46 -79]
[670 -48 -84]
[670 -47 -87]
[671 -46 -84]
[673 -48 -91]
[673 -36 -91]
[674 -47 -88]
[675 -47 -90]
[675 -48 -88]
[675 -49 -84]
[675 -48 -89]
[675 -42 -91]
[676 -37 -92]
[677 -49 -90]
[677 -49 -91]
[678 -48 -90]
[679 -48 -93]
[680 -49 -89]
[681 -50 -85]
[681 -47 -93]
[682 -48 -94]
[682 -50 -90]
[683 -49 -94]
[683 -38 -93]
[683 -38 -92]
[683 -49 -95]
[684 -50 -91]
[684 -37 -91]
[685 -51 -86]
[688 -49 -96]
[690 -51 -85]
[691 -39 -93]
[691 -49 -97]
[693 -40 -94]
[693 -50 -98]
[695 -49 -98]
[695 -51 -99]
[696 -41 -95]
[698 -52 -100]
[699 -50 -100]
[699 -50 -84]
[701 -40 -93]
[702 -41 -94]
[702 -49 -99]
[703 -51 -100]
[705 -50 -99]
[706 -48 -99]
[708 -42 -95]
[712 -43 -96]
[716 -44 -97]
[717 -45 -98]
[717 -44 -96]
[718 -45 -97]
[719 -43 -95]
