WORLD -141 141 -150 150 8.611353409217744 45.96638080295648 25.18713163863888 25.123751497973377
[0 65 47]
[0 65 48]
[0 64 46]
[0 64 47]
[1 64 48]
[1 63 47]
[1 63 46]
[1 63 48]
[1 64 49]
[2 63 49]
[2 62 46]
[2 63 45]
[2 62 45]
[3 61 45]
[3 61 44]
[3 63 44]
[3 62 44]
[3 64 45]
[3 62 47]
[4 62 43]
[4 60 43]
[4 60 44]
[4 61 43]
[4 64 44]
[5 59 43]
[5 63 43]
[5 64 43]
[5 61 42]
[5 59 42]
[5 62 42]
[5 63 42]
[6 64 42]
[6 63 41]
[6 64 41]
[6 60 42]
[6 60 41]
[6 62 41]
[6 61 47]
[6 59 41]
[7 63 40]
[7 62 40]
[7 61 41]
[7 60 40]
[7 59 40]
[7 61 40]
[7 65 41]
[7 65 40]
[7 60 46]
[8 59 39]
[8 60 39]
[8 61 39]
[8 60 45]
[8 62 49]
[8 62 39]
[9 61 38]
[9 62 38]
[9 58 38]
[9 58 40]
[9 58 42]
[10 57 40]
[10 61 46]
[10 59 44]
[10 58 41]
[11 57 38]
[11 57 41]
[11 60 37]
[11 61 37]
[11 66 42]
[11 59 45]
[11 58 43]
[12 62 37]
[12 59 36]
[12 58 37]
[13 61 36]
[13 57 37]
[13 57 36]
[13 56 37]
[13 60 36]
[14 56 36]
[14 64 39]
[14 60 35]
[14 60 47]
[14 57 35]
[14 62 48]
[14 55 37]
[14 66 41]
[14 56 39]
[15 56 35]
[15 60 34]
[15 59 35]
[16 58 44]
[16 56 38]
[16 59 34]
[16 62 36]
[17 55 34]
[17 63 38]
[17 54 36]
[18 65 39]
[18 57 39]
[18 54 37]
[18 59 33]
[18 57 43]
[18 53 36]
[19 55 33]
[19 61 35]
[19 56 41]
[20 64 38]
[20 53 35]
[20 54 34]
[20 61 34]
[21 52 35]
[21 67 42]
[21 63 37]
[21 55 38]
[21 59 48]
[22 56 42]
[22 58 46]
[22 57 44]
[22 57 45]
[22 59 32]
[23 55 32]
[23 52 34]
[24 51 35]
[24 68 43]
[24 51 34]
[24 58 32]
[24 53 38]
[25 52 39]
[25 58 47]
[25 54 31]
[25 50 33]
[25 54 38]
[25 53 37]
[26 58 31]
[26 54 30]
[26 52 33]
[26 50 34]
[26 60 33]
[26 51 36]
[26 53 40]
[26 51 39]
[26 52 40]
[26 51 38]
[26 52 38]
[26 52 36]
[26 57 46]
[27 52 32]
[27 53 32]
[27 51 37]
[27 53 30]
[27 55 41]
[27 51 40]
[27 50 39]
[27 51 33]
[27 69 44]
[27 49 32]
[27 54 40]
[28 53 41]
[28 54 39]
[28 52 31]
[28 50 40]
[28 50 32]
[28 49 33]
[28 51 31]
[28 49 35]
[29 52 30]
[29 51 32]
[29 50 41]
[29 52 41]
[29 48 34]
[29 55 39]
[29 54 41]
[29 56 46]
[29 49 38]
[30 48 32]
[30 48 37]
[30 67 43]
[30 68 45]
[30 48 31]
[30 51 41]
[30 57 31]
[31 70 45]
[31 47 32]
[31 57 30]
[31 52 42]
[31 68 44]
[31 52 37]
[31 48 36]
[32 56 47]
[32 47 31]
[32 49 31]
[32 48 39]
[32 48 38]
[32 49 34]
[32 55 40]
[32 57 47]
[32 47 35]
[33 47 36]
[33 49 30]
[33 46 30]
[33 71 45]
[34 46 29]
[34 55 46]
[34 55 48]
[34 48 30]
[34 47 37]
[34 48 29]
[35 46 38]
[35 46 28]
[35 56 49]
[35 54 49]
[35 57 29]
[35 46 37]
[36 57 50]
[36 45 27]
[36 47 28]
[36 45 28]
[36 45 37]
[36 45 38]
[36 57 48]
[36 45 36]
[36 55 45]
[36 54 48]
[36 69 45]
[36 45 31]
[37 44 37]
[37 54 45]
[37 47 30]
[37 57 49]
[37 47 29]
[37 44 36]
[38 44 31]
[38 56 28]
[38 43 36]
[38 53 46]
[38 53 44]
[38 58 49]
[38 56 50]
[38 56 48]
[39 58 48]
[39 54 44]
[39 54 50]
[39 55 50]
[39 43 32]
[39 53 47]
[39 52 46]
[39 45 26]
[39 44 39]
[40 45 25]
[40 45 32]
[40 43 31]
[40 43 30]
[40 42 33]
[40 56 29]
[40 52 47]
[40 51 42]
[40 46 27]
[40 43 39]
[40 43 40]
[40 52 48]
[40 55 27]
[41 45 33]
[41 42 32]
[41 43 33]
[41 42 30]
[41 42 31]
[41 42 29]
[42 46 25]
[42 44 25]
[42 42 35]
[42 44 33]
[42 41 30]
[42 41 28]
[42 41 33]
[42 41 32]
[42 59 49]
[42 41 31]
[43 53 43]
[43 52 49]
[43 47 24]
[43 46 24]
[43 45 24]
[43 41 29]
[43 44 34]
[43 40 31]
[43 45 34]
[43 40 30]
[43 40 28]
[43 42 28]
[43 43 25]
[44 40 27]
[44 39 31]
[44 40 29]
[44 39 28]
[44 42 34]
[44 44 27]
[44 55 28]
[44 44 26]
[45 39 32]
[45 38 27]
[45 60 48]
[45 48 23]
[45 40 26]
[45 54 26]
[46 58 50]
[46 52 43]
[46 53 26]
[46 38 30]
[46 59 47]
[47 70 46]
[47 37 30]
[47 37 29]
[47 37 31]
[47 42 24]
[47 39 25]
[48 36 30]
[48 43 23]
[48 54 27]
[48 39 24]
[48 40 24]
[48 40 25]
[49 53 28]
[49 38 24]
[49 38 29]
[49 36 29]
[49 43 24]
[49 38 25]
[49 37 28]
[50 38 26]
[50 39 23]
[50 37 23]
[50 35 29]
[50 37 32]
[50 36 31]
[50 70 47]
[50 35 30]
[50 35 31]
[50 53 27]
[51 34 29]
[51 52 25]
[51 35 32]
[51 37 22]
[51 35 28]
[51 54 28]
[51 71 47]
[51 71 48]
[51 48 22]
[52 36 32]
[52 72 47]
[52 36 23]
[52 34 28]
[52 36 22]
[53 72 46]
[53 35 23]
[53 35 21]
[53 51 24]
[53 49 23]
[53 49 21]
[53 37 25]
[53 36 33]
[53 35 27]
[54 42 23]
[54 34 21]
[54 49 20]
[54 50 22]
[54 49 24]
[54 51 23]
[54 35 26]
[54 34 26]
[54 36 26]
[54 52 26]
[54 48 21]
[54 72 48]
[55 34 27]
[55 48 24]
[55 33 20]
[55 34 22]
[55 53 25]
[55 48 20]
[55 36 34]
[55 34 25]
[55 40 22]
[55 70 48]
[55 36 25]
[56 33 22]
[56 34 24]
[56 32 21]
[56 32 20]
[56 51 22]
[56 37 34]
[56 69 46]
[56 49 19]
[56 48 19]
[56 52 24]
[57 33 21]
[57 32 19]
[57 71 46]
[57 47 20]
[57 49 18]
[57 73 48]
[57 40 21]
[57 32 23]
[58 31 20]
[58 31 21]
[58 41 22]
[58 38 34]
[58 50 21]
[58 50 20]
[59 46 19]
[59 47 19]
[59 31 22]
[59 40 20]
[59 48 17]
[59 48 18]
[60 31 24]
[60 40 19]
[60 47 18]
[61 31 23]
[61 30 25]
[61 30 22]
[61 39 19]
[62 29 25]
[62 31 26]
[62 30 26]
[62 29 21]
[62 30 19]
[62 39 18]
[62 47 21]
[63 31 27]
[63 31 25]
[63 32 26]
[63 48 25]
[63 29 24]
[63 29 18]
[63 29 22]
[64 49 25]
[64 49 17]
[64 30 18]
[64 29 17]
[64 28 24]
[64 28 23]
[65 28 21]
[65 28 20]
[65 28 25]
[65 28 17]
[65 27 23]
[65 32 27]
[66 27 20]
[66 27 25]
[66 27 22]
[66 27 18]
[66 27 24]
[66 26 22]
[66 32 28]
[67 27 21]
[67 26 23]
[67 26 24]
[67 26 25]
[67 26 18]
[67 28 19]
[67 26 21]
[67 25 21]
[68 38 17]
[68 48 16]
[68 26 20]
[68 27 19]
[68 25 17]
[68 26 17]
[68 47 16]
[68 24 20]
[68 25 25]
[69 25 20]
[69 24 25]
[69 24 26]
[69 24 21]
[69 23 19]
[69 25 19]
[69 24 22]
[70 25 16]
[70 24 24]
[70 23 26]
[70 24 19]
[70 24 23]
[70 22 18]
[70 28 26]
[71 22 19]
[71 23 18]
[71 39 17]
[71 22 27]
[71 21 17]
[71 22 17]
[71 26 16]
[72 21 26]
[72 21 27]
[72 23 28]
[72 22 26]
[72 24 18]
[72 23 17]
[72 23 22]
[72 24 27]
[72 21 19]
[72 22 16]
[73 20 16]
[73 20 17]
[73 21 15]
[73 23 16]
[73 23 15]
[73 24 17]
[73 27 27]
[73 22 23]
[73 20 27]
[73 20 20]
[73 22 25]
[73 47 15]
[73 48 15]
[73 23 29]
[73 21 20]
[73 22 28]
[74 21 21]
[74 21 28]
[74 22 14]
[74 21 16]
[74 20 28]
[74 19 15]
[74 20 15]
[74 24 28]
[74 21 22]
[74 19 19]
[74 20 14]
[74 22 24]
[74 25 27]
[74 19 17]
[74 20 18]
[75 37 17]
[75 19 27]
[75 18 16]
[75 21 14]
[75 23 30]
[75 24 15]
[75 21 23]
[75 24 29]
[75 19 14]
[75 20 13]
[75 19 28]
[76 21 13]
[76 20 23]
[76 17 17]
[76 17 16]
[76 23 14]
[76 18 27]
[76 24 14]
[76 18 14]
[76 19 13]
[76 19 26]
[76 18 28]
[76 19 29]
[77 18 15]
[77 18 13]
[77 21 12]
[77 20 12]
[77 22 13]
[77 17 27]
[77 19 30]
[77 16 16]
[77 16 18]
[77 18 26]
[77 17 13]
[77 17 28]
[77 24 13]
[77 22 12]
[78 17 18]
[78 48 14]
[78 17 12]
[78 23 12]
[78 22 30]
[78 16 26]
[78 16 28]
[78 16 27]
[78 17 26]
[78 21 11]
[78 17 29]
[78 16 14]
[78 23 13]
[78 18 25]
[78 16 19]
[78 17 19]
[78 15 17]
[78 19 31]
[78 18 31]
[78 20 30]
[78 17 25]
[78 16 15]
[79 18 30]
[79 18 24]
[79 15 27]
[79 47 14]
[79 15 15]
[79 18 19]
[79 19 20]
[79 16 25]
[79 20 24]
[79 19 23]
[79 16 13]
[79 16 12]
[80 20 32]
[80 18 32]
[80 14 14]
[80 14 16]
[80 15 28]
[80 15 11]
[80 17 11]
[80 48 13]
[80 18 21]
[80 17 31]
[80 14 26]
[80 14 28]
[80 18 22]
[80 15 18]
[81 17 23]
[81 17 21]
[81 15 13]
[81 13 17]
[81 13 15]
[81 14 25]
[81 18 10]
[81 16 10]
[81 13 28]
[81 15 29]
[81 13 27]
[81 47 12]
[81 15 10]
[81 18 33]
[81 16 24]
[81 14 18]
[81 15 24]
[82 14 29]
[82 12 18]
[82 47 11]
[82 17 10]
[82 19 33]
[82 18 34]
[82 14 24]
[82 14 23]
[82 15 9]
[82 17 9]
[82 16 9]
[82 16 21]
[82 13 26]
[82 14 13]
[82 14 12]
[82 13 18]
[82 15 20]
[82 12 14]
[82 16 23]
[82 14 9]
[83 13 19]
[83 16 22]
[83 13 9]
[83 14 8]
[83 12 25]
[83 20 34]
[83 20 33]
[83 13 14]
[83 21 31]
[83 46 11]
[83 13 13]
[83 19 9]
[83 12 16]
[83 17 34]
[83 12 13]
[83 11 15]
[83 14 30]
[84 11 16]
[84 11 14]
[84 11 13]
[84 16 32]
[84 17 32]
[84 13 12]
[84 19 34]
[84 18 8]
[84 14 22]
[84 10 15]
[84 15 21]
[84 12 29]
[85 13 24]
[85 13 21]
[85 10 13]
[85 10 14]
[85 19 35]
[85 18 35]
[85 16 34]
[85 19 10]
[85 11 24]
[85 11 25]
[85 13 20]
[85 9 16]
[85 13 29]
[85 15 31]
[85 46 13]
[85 11 18]
[86 9 15]
[86 12 20]
[86 46 10]
[86 13 8]
[86 9 17]
[86 8 17]
[86 11 23]
[86 10 17]
[86 19 36]
[86 9 14]
[86 12 21]
[87 13 7]
[87 9 18]
[87 12 10]
[87 12 28]
[87 18 36]
[87 8 15]
[87 8 14]
[87 8 13]
[87 7 16]
[87 11 19]
[87 11 20]
[87 10 23]
[87 19 37]
[87 10 22]
[87 16 33]
[87 8 16]
[88 47 10]
[88 10 21]
[88 9 21]
[88 11 27]
[88 20 38]
[88 9 19]
[88 10 18]
[88 20 36]
[88 7 15]
[88 11 21]
[88 12 27]
[88 10 20]
[88 7 17]
[88 7 14]
[88 7 13]
[88 8 12]
[88 13 22]
[89 6 17]
[89 21 37]
[89 20 37]
[89 12 6]
[89 15 35]
[89 14 31]
[89 10 24]
[89 11 11]
[89 7 12]
[89 46 9]
[90 5 17]
[90 5 18]
[90 6 18]
[90 8 19]
[90 7 11]
[90 11 10]
[90 21 38]
[90 9 23]
[90 6 15]
[90 6 14]
[90 15 33]
[90 13 30]
[90 22 36]
[90 22 38]
[90 13 6]
[90 11 7]
[91 6 13]
[91 6 19]
[91 5 13]
[91 11 26]
[91 21 39]
[91 10 10]
[91 4 17]
[91 8 11]
[91 8 10]
[91 5 14]
[91 4 16]
[91 8 22]
[91 12 5]
[92 10 11]
[92 23 38]
[92 7 10]
[92 4 13]
[92 4 14]
[92 4 12]
[92 11 5]
[92 12 4]
[92 47 13]
[92 15 32]
[92 14 32]
[92 10 8]
[92 8 23]
[93 7 18]
[93 3 13]
[93 10 4]
[93 46 12]
[93 3 17]
[93 6 9]
[93 20 40]
[93 21 40]
[93 20 39]
[93 13 3]
[93 12 3]
[93 24 37]
[93 9 24]
[93 23 36]
[94 13 4]
[94 13 2]
[94 11 2]
[94 22 39]
[94 25 37]
[94 9 9]
[94 10 5]
[94 3 16]
[94 22 35]
[94 11 4]
[94 7 24]
[94 7 23]
[94 14 4]
[94 14 2]
[94 10 7]
[95 7 22]
[95 9 8]
[95 24 38]
[95 25 36]
[95 14 1]
[95 9 5]
[95 9 4]
[95 4 18]
[95 25 38]
[95 2 15]
[95 2 16]
[95 24 39]
[95 11 1]
[95 10 2]
[95 12 1]
[96 26 36]
[96 1 15]
[96 15 2]
[96 13 0]
[96 15 0]
[96 24 40]
[96 5 10]
[96 8 4]
[96 2 17]
[96 24 35]
[96 26 35]
[96 11 0]
[96 2 14]
[96 6 22]
[96 10 0]
[96 12 0]
[96 2 13]
[96 2 12]
[96 12 2]
[96 23 39]
[96 15 1]
[96 22 41]
[96 10 1]
[97 4 11]
[97 7 21]
[97 11 -1]
[97 9 -1]
[97 9 1]
[97 7 3]
[97 8 3]
[97 1 14]
[97 9 0]
[97 25 41]
[97 10 -1]
[97 12 -1]
[97 27 34]
[97 27 36]
[97 14 0]
[97 16 1]
[97 13 -1]
[97 1 13]
[97 23 40]
[97 1 17]
[97 10 25]
[97 46 8]
[97 4 10]
[97 27 37]
[98 7 4]
[98 7 5]
[98 26 41]
[98 8 -1]
[98 8 0]
[98 27 35]
[98 12 -2]
[98 11 -2]
[98 3 19]
[98 3 18]
[98 14 -1]
[98 6 21]
[98 1 11]
[98 0 13]
[98 45 7]
[98 46 7]
[98 10 -2]
[98 16 2]
[98 0 16]
[98 1 16]
[98 20 41]
[98 23 42]
[98 6 2]
[98 25 35]
[98 16 -1]
[98 16 0]
[98 4 9]
[98 3 9]
[98 13 -2]
[98 14 -2]
[98 27 38]
[99 11 -3]
[99 17 1]
[99 12 -3]
[99 0 10]
[99 1 12]
[99 2 10]
[99 9 -3]
[99 24 41]
[99 27 42]
[99 26 42]
[99 26 40]
[99 21 42]
[99 20 42]
[99 3 10]
[99 2 9]
[99 15 -1]
[99 3 8]
[99 5 9]
[99 45 6]
[99 17 -2]
[99 16 -2]
[99 17 0]
[99 2 20]
[99 8 2]
[99 23 41]
[99 24 42]
[99 24 43]
[99 5 21]
[99 28 37]
[99 -1 14]
[99 -1 13]
[99 0 17]
[99 6 5]
[99 6 6]
[99 44 6]
[100 10 -3]
[100 3 7]
[100 4 7]
[100 0 11]
[100 -1 9]
[100 1 9]
[100 0 12]
[100 -1 12]
[100 6 1]
[100 2 19]
[100 8 6]
[100 -2 14]
[100 13 -3]
[100 2 21]
[100 1 21]
[100 23 43]
[100 5 6]
[100 4 22]
[100 -1 17]
[100 17 -1]
[100 17 2]
[100 28 43]
[100 18 1]
[100 10 -4]
[100 7 0]
[100 7 -1]
[100 28 39]
[100 28 38]
[100 26 43]
[100 15 4]
[100 24 44]
[100 23 44]
[100 3 20]
[100 1 10]
[100 29 36]
[101 -2 13]
[101 -3 13]
[101 7 6]
[101 27 41]
[101 18 0]
[101 1 20]
[101 0 9]
[101 4 21]
[101 14 -3]
[101 -2 18]
[101 11 -4]
[101 6 -1]
[101 25 43]
[101 17 3]
[101 19 2]
[101 19 0]
[101 15 -3]
[101 7 -2]
[101 13 -4]
[101 2 7]
[101 5 3]
[101 -1 15]
[101 2 18]
[101 -1 10]
[101 6 0]
[101 6 7]
[101 5 5]
[101 4 5]
[101 5 7]
[101 22 45]
[101 8 -4]
[101 27 39]
[101 3 6]
[101 9 -5]
[102 20 1]
[102 19 -1]
[102 20 0]
[102 0 8]
[102 11 -5]
[102 2 6]
[102 2 5]
[102 -2 12]
[102 5 0]
[102 28 40]
[102 -3 14]
[102 21 44]
[102 -1 11]
[102 5 20]
[102 6 20]
[102 26 44]
[102 7 -3]
[102 8 -3]
[102 16 -4]
[102 1 18]
[102 1 19]
[102 5 -2]
[102 30 37]
[102 30 36]
[102 -1 19]
[102 -2 19]
[102 -2 17]
[102 29 44]
[102 28 44]
[102 1 8]
[102 -1 18]
[102 0 18]
[102 5 1]
[102 8 -5]
[102 7 -4]
[102 4 4]
[102 12 -5]
[102 14 -5]
[102 13 -5]
[102 18 2]
[103 7 -6]
[103 22 44]
[103 -3 16]
[103 11 -6]
[103 5 -1]
[103 27 45]
[103 17 -5]
[103 15 -5]
[103 15 -6]
[103 14 -6]
[103 -3 19]
[103 -1 20]
[103 0 22]
[103 -3 11]
[103 31 37]
[103 4 -2]
[103 4 -3]
[103 -2 10]
[103 -4 15]
[103 -4 13]
[103 -4 14]
[103 3 4]
[103 -3 15]
[103 43 5]
[103 44 5]
[103 28 45]
[103 4 3]
[103 13 -6]
[103 0 7]
[103 6 -2]
[103 4 0]
[103 4 2]
[103 28 34]
[103 1 4]
[103 6 -5]
[104 16 -5]
[104 17 -4]
[104 -5 14]
[104 -5 15]
[104 4 19]
[104 5 19]
[104 25 45]
[104 16 -7]
[104 16 -6]
[104 3 -1]
[104 3 1]
[104 4 -1]
[104 27 46]
[104 -4 20]
[104 -4 18]
[104 -4 19]
[104 13 -7]
[104 10 -6]
[104 -2 20]
[104 10 -5]
[104 -2 16]
[104 2 3]
[104 4 -4]
[104 5 -4]
[104 -4 12]
[104 -1 21]
[104 5 -6]
[104 43 4]
[104 29 42]
[104 9 -6]
[104 8 -7]
[104 15 -7]
[104 14 -7]
[104 30 44]
[104 0 6]
[104 1 3]
[104 0 3]
[104 -1 7]
[104 15 5]
[104 -4 10]
[104 -3 10]
[105 3 -2]
[105 0 2]
[105 1 2]
[105 15 -8]
[105 6 -6]
[105 26 45]
[105 26 46]
[105 21 1]
[105 9 -7]
[105 4 -5]
[105 -5 17]
[105 16 5]
[105 16 6]
[105 19 -2]
[105 18 -6]
[105 18 -5]
[105 30 43]
[105 12 -7]
[105 23 45]
[105 -3 21]
[105 30 42]
[105 -5 9]
[105 -5 10]
[105 17 -8]
[105 16 -8]
[105 3 -4]
[105 4 -6]
[105 -1 2]
[105 -1 22]
[105 -1 23]
[105 3 2]
[105 -6 15]
[105 -6 13]
[105 -2 7]
[105 18 -4]
[105 13 -8]
[105 -5 20]
[105 -5 18]
[105 19 3]
[106 -6 9]
[106 15 6]
[106 -2 23]
[106 -3 22]
[106 -4 21]
[106 19 -3]
[106 26 47]
[106 27 47]
[106 -4 17]
[106 -5 8]
[106 -4 8]
[106 21 2]
[106 12 -8]
[106 14 -8]
[106 19 4]
[106 -6 14]
[106 -3 6]
[106 2 -3]
[106 31 42]
[106 -7 15]
[106 -7 14]
[106 -3 9]
[106 -1 3]
[106 19 -5]
[106 19 -6]
[106 -1 1]
[106 15 -9]
[106 2 22]
[106 5 -5]
[106 13 -9]
[106 14 -9]
[106 10 -8]
[106 -6 21]
[106 2 -5]
[106 31 44]
[106 -6 12]
[106 -7 13]
[106 6 -7]
[106 2 1]
[106 -2 2]
[106 18 -7]
[106 18 -8]
[107 10 -9]
[107 14 -10]
[107 18 -9]
[107 -7 12]
[107 1 -4]
[107 1 -3]
[107 1 -2]
[107 -4 7]
[107 -3 7]
[107 -5 7]
[107 15 -10]
[107 22 3]
[107 -5 11]
[107 -6 11]
[107 -6 8]
[107 2 0]
[107 -1 5]
[107 -3 2]
[107 32 41]
[107 1 1]
[107 25 47]
[107 25 46]
[107 25 48]
[107 -7 16]
[107 30 45]
[107 13 -10]
[107 12 -9]
[107 12 -10]
[107 -6 7]
[107 20 -5]
[107 -3 5]
[107 19 42]
[107 42 3]
[107 32 43]
[107 32 44]
[107 24 46]
[107 -6 19]
[107 -5 13]
[107 20 5]
[107 19 5]
[107 18 5]
[107 -2 1]
[107 0 0]
[107 -3 8]
[107 -7 21]
[107 3 -6]
[107 -8 14]
[107 -8 15]
[107 2 -6]
[107 3 -5]
[107 19 -8]
[108 21 -1]
[108 10 -7]
[108 -9 15]
[108 16 -11]
[108 14 -11]
[108 15 -11]
[108 -5 22]
[108 -7 10]
[108 -7 11]
[108 -3 3]
[108 -2 4]
[108 -3 4]
[108 -4 4]
[108 -2 5]
[108 -6 6]
[108 -7 7]
[108 -5 6]
[108 13 -11]
[108 -6 10]
[108 24 47]
[108 25 49]
[108 17 4]
[108 1 -5]
[108 12 -11]
[108 17 -10]
[108 22 0]
[108 21 3]
[108 23 2]
[108 -8 12]
[108 33 43]
[108 33 42]
[108 -7 9]
[108 -4 3]
[108 2 -7]
[108 19 6]
[108 21 -4]
[108 -9 13]
[108 33 45]
[108 31 45]
[109 33 44]
[109 2 -8]
[109 1 -8]
[109 13 -12]
[109 11 -11]
[109 26 49]
[109 -8 13]
[109 -9 14]
[109 15 -12]
[109 32 45]
[109 34 45]
[109 34 46]
[109 -8 16]
[109 30 46]
[109 17 -11]
[109 16 -12]
[109 -5 4]
[109 -5 2]
[109 -4 2]
[109 -7 18]
[109 -4 1]
[109 21 -3]
[109 -8 11]
[109 31 40]
[109 42 4]
[109 24 2]
[109 24 3]
[109 11 -10]
[109 0 -6]
[109 0 -5]
[109 -8 6]
[109 -2 0]
[109 23 0]
[109 27 48]
[109 -4 5]
[109 21 4]
[109 23 3]
[109 22 4]
[109 31 46]
[109 18 -3]
[109 -7 8]
[110 27 50]
[110 25 50]
[110 27 49]
[110 24 4]
[110 10 -10]
[110 41 3]
[110 31 47]
[110 22 -2]
[110 -8 18]
[110 -3 0]
[110 -3 -1]
[110 -8 9]
[110 -9 11]
[110 21 5]
[110 1 -7]
[110 29 46]
[110 34 41]
[110 -1 -5]
[110 0 -4]
[110 1 0]
[110 -5 3]
[110 21 6]
[110 33 46]
[110 -6 5]
[110 -10 14]
[110 25 4]
[110 15 -13]
[110 31 39]
[110 -9 16]
[110 20 -6]
[110 20 -7]
[110 41 4]
[110 -9 5]
[110 12 -13]
[110 28 49]
[110 28 48]
[110 -10 15]
[110 35 46]
[110 3 -9]
[110 1 -9]
[110 -8 10]
[110 1 -1]
[110 16 -13]
[110 -6 4]
[110 1 23]
[110 0 -7]
[110 0 -8]
[110 35 44]
[110 -1 -6]
[111 36 44]
[111 0 -3]
[111 30 47]
[111 12 -14]
[111 19 -7]
[111 11 -12]
[111 -9 17]
[111 33 40]
[111 25 2]
[111 9 -10]
[111 40 4]
[111 41 2]
[111 40 2]
[111 30 40]
[111 -2 -5]
[111 -2 -6]
[111 17 -13]
[111 15 -14]
[111 -8 7]
[111 -8 19]
[111 -9 18]
[111 -9 9]
[111 -9 8]
[111 -8 4]
[111 -10 6]
[111 -10 5]
[111 -10 4]
[111 30 48]
[111 -4 -1]
[111 25 3]
[111 24 5]
[111 0 -10]
[111 24 50]
[111 -7 5]
[111 -7 4]
[111 -10 10]
[111 34 47]
[111 36 46]
[111 10 -12]
[111 40 5]
[112 -10 7]
[112 -9 7]
[112 26 3]
[112 18 -10]
[112 4 -10]
[112 -1 -1]
[112 -11 13]
[112 18 -11]
[112 31 48]
[112 23 -1]
[112 -8 20]
[112 36 43]
[112 35 43]
[112 -5 -2]
[112 34 48]
[112 33 48]
[112 13 -15]
[112 12 -15]
[112 -10 16]
[112 29 48]
[112 8 -10]
[112 37 45]
[112 37 43]
[112 -9 19]
[112 -6 2]
[112 -6 1]
[112 -3 -4]
[112 40 3]
[112 40 1]
[112 -9 4]
[112 27 51]
[112 -11 7]
[112 23 5]
[112 24 6]
[112 39 3]
[112 -9 6]
[112 -11 4]
[112 29 50]
[112 28 50]
[113 10 -13]
[113 32 47]
[113 37 44]
[113 39 4]
[113 19 -9]
[113 -5 -1]
[113 -6 -3]
[113 -6 -2]
[113 35 48]
[113 20 -4]
[113 -10 8]
[113 12 -16]
[113 11 -16]
[113 3 -11]
[113 -9 20]
[113 -9 3]
[113 39 2]
[113 23 6]
[113 25 6]
[113 26 4]
[113 38 44]
[113 37 46]
[113 -2 -4]
[113 -4 -5]
[113 -3 -5]
[113 35 49]
[113 34 49]
[113 33 49]
[113 34 40]
[113 35 40]
[113 18 -14]
[113 -10 3]
[113 32 49]
[113 -8 21]
[113 13 -14]
[113 19 43]
[113 4 -8]
[113 26 5]
[113 -7 1]
[113 30 39]
[113 -10 19]
[113 8 -11]
[113 38 43]
[113 38 42]
[113 38 3]
[113 0 -11]
[113 -1 -11]
[113 10 -11]
[113 30 49]
[114 -7 -1]
[114 36 48]
[114 -11 16]
[114 -7 -3]
[114 27 5]
[114 31 50]
[114 31 49]
[114 22 6]
[114 7 -9]
[114 -10 9]
[114 32 48]
[114 11 -17]
[114 29 51]
[114 12 -17]
[114 33 50]
[114 -6 -1]
[114 38 4]
[114 37 3]
[114 -1 -3]
[114 -12 5]
[114 -12 4]
[114 34 39]
[114 -3 -3]
[114 -2 -3]
[114 18 -13]
[114 38 45]
[114 39 43]
[114 4 -11]
[114 -11 8]
[114 41 1]
[114 39 1]
[114 39 42]
[114 0 -12]
[114 11 -14]
[114 2 -11]
[114 11 -15]
[114 38 1]
[114 36 40]
[114 36 41]
[114 8 -12]
[114 7 -11]
[114 9 -12]
[114 9 -13]
[114 39 44]
[114 35 50]
[114 -4 -6]
[114 19 -4]
[114 26 52]
[114 -11 15]
[114 -10 2]
[114 36 42]
[114 18 42]
[115 34 50]
[115 -11 18]
[115 35 38]
[115 -13 4]
[115 -7 2]
[115 28 5]
[115 27 4]
[115 36 39]
[115 0 -13]
[115 -9 2]
[115 -11 10]
[115 34 51]
[115 -12 6]
[115 -7 -2]
[115 10 -15]
[115 28 52]
[115 30 51]
[115 38 2]
[115 37 2]
[115 6 -10]
[115 6 -12]
[115 7 -12]
[115 26 53]
[115 10 -16]
[115 37 0]
[115 36 2]
[115 33 39]
[115 -8 -4]
[115 15 -15]
[115 -3 -7]
[115 -9 1]
[115 19 -11]
[115 19 -12]
[115 12 -18]
[115 13 -17]
[115 11 -18]
[115 17 -14]
[115 37 40]
[115 37 41]
[115 27 52]
[115 10 -18]
[115 35 51]
[115 -11 12]
[115 -1 -10]
[115 -2 -12]
[115 18 41]
[115 -13 5]
[115 -12 3]
[115 9 -14]
[116 -12 13]
[116 -12 12]
[116 -11 2]
[116 -8 1]
[116 -12 9]
[116 -7 -5]
[116 -8 -5]
[116 -8 -3]
[116 -9 -3]
[116 35 52]
[116 -13 7]
[116 -9 0]
[116 37 1]
[116 36 0]
[116 27 53]
[116 27 6]
[116 37 48]
[116 -1 -2]
[116 18 -12]
[116 -11 11]
[116 -12 11]
[116 -2 -9]
[116 -4 -4]
[116 5 -9]
[116 25 53]
[116 25 52]
[116 -12 10]
[116 36 1]
[116 35 2]
[116 35 1]
[116 -13 6]
[116 -14 5]
[116 -8 -1]
[116 25 51]
[116 36 38]
[116 -3 -12]
[116 -1 -13]
[116 -6 -4]
[116 15 -16]
[116 16 -16]
[116 39 0]
[116 31 51]
[116 29 52]
[116 11 -19]
[116 9 -17]
[116 9 -18]
[116 10 -19]
[116 1 -14]
[116 34 52]
[116 9 -16]
[116 -13 3]
[117 15 -17]
[117 0 -14]
[117 9 -19]
[117 9 -20]
[117 -9 -4]
[117 -8 -2]
[117 -3 -8]
[117 -2 -8]
[117 -12 8]
[117 -13 10]
[117 35 37]
[117 34 38]
[117 26 54]
[117 -13 11]
[117 34 0]
[117 35 0]
[117 8 -15]
[117 8 -14]
[117 33 52]
[117 -14 2]
[117 -13 2]
[117 0 -15]
[117 -14 6]
[117 -4 -11]
[117 -3 -13]
[117 33 53]
[117 8 -16]
[117 8 -17]
[117 40 0]
[117 -12 1]
[117 -10 1]
[117 -13 8]
[117 2 -12]
[117 5 -11]
[117 -13 9]
[117 35 -1]
[117 -15 5]
[117 8 -18]
[117 -9 -5]
[117 8 -19]
[117 -12 2]
[117 -12 14]
[117 -2 -11]
[117 34 1]
[117 34 2]
[117 28 53]
[117 34 53]
[117 5 -13]
[117 30 53]
[117 32 51]
[118 -14 8]
[118 -13 15]
[118 9 -15]
[118 7 -14]
[118 7 -15]
[118 30 52]
[118 -15 6]
[118 -9 -1]
[118 7 -19]
[118 7 -18]
[118 -13 1]
[118 -9 -2]
[118 33 0]
[118 36 52]
[118 38 48]
[118 36 -2]
[118 35 -2]
[118 17 -15]
[118 33 37]
[118 18 44]
[118 1 -15]
[118 -1 -16]
[118 0 -16]
[118 -7 -6]
[118 36 -1]
[118 2 -15]
[118 -14 7]
[118 10 -20]
[118 9 -21]
[118 -14 10]
[118 -14 9]
[118 8 -20]
[118 7 -20]
[118 -14 12]
[118 34 -1]
[118 25 54]
[118 -14 3]
[118 -12 0]
[118 -10 -2]
[118 -3 -10]
[118 4 -13]
[118 4 -14]
[118 34 37]
[118 33 54]
[118 34 54]
[118 29 54]
[118 5 -12]
[118 36 53]
[118 -5 -12]
[118 -4 -10]
[118 -5 -10]
[118 33 2]
[119 34 -2]
[119 3 -13]
[119 27 54]
[119 -14 1]
[119 35 54]
[119 27 55]
[119 33 1]
[119 30 55]
[119 8 -21]
[119 16 -17]
[119 -1 -15]
[119 -6 -11]
[119 6 -15]
[119 -16 5]
[119 33 36]
[119 -5 -7]
[119 5 -14]
[119 8 -22]
[119 6 -20]
[119 6 -18]
[119 1 -16]
[119 3 -16]
[119 2 -16]
[119 37 53]
[119 37 51]
[119 -14 13]
[119 19 -13]
[119 -11 0]
[119 7 -21]
[119 6 -21]
[119 32 53]
[119 33 55]
[119 2 -14]
[119 -15 7]
[119 -16 7]
[119 -4 -9]
[119 -15 9]
[119 -6 -5]
[119 -1 -17]
[119 5 -15]
[119 3 -15]
[119 -3 -14]
[119 31 54]
[119 24 55]
[120 5 -16]
[120 -15 0]
[120 25 56]
[120 24 56]
[120 38 52]
[120 38 54]
[120 -15 8]
[120 36 55]
[120 6 -16]
[120 5 -17]
[120 30 54]
[120 33 -1]
[120 6 -22]
[120 5 -22]
[120 7 -22]
[120 9 -22]
[120 -5 -8]
[120 3 -14]
[120 -13 -1]
[120 -11 -1]
[120 4 -16]
[120 1 -13]
[120 38 50]
[120 -16 4]
[120 2 -17]
[120 -16 9]
[120 -16 10]
[120 -14 11]
[120 17 40]
[120 -4 -14]
[120 -6 -12]
[120 -7 -10]
[120 -13 0]
[120 8 -23]
[120 7 -23]
[120 9 -23]
[120 32 55]
[120 31 53]
[120 28 56]
[120 5 -21]
[120 5 -20]
[120 1 -17]
[120 0 -17]
[120 25 55]
[120 29 55]
[120 -15 10]
[120 -10 -6]
[120 34 55]
[120 35 55]
[120 -3 -15]
[121 2 -18]
[121 -6 -7]
[121 -5 -9]
[121 5 -23]
[121 6 -23]
[121 32 54]
[121 4 -22]
[121 -15 1]
[121 7 -24]
[121 38 53]
[121 -15 -1]
[121 4 -23]
[121 4 -15]
[121 39 48]
[121 -14 0]
[121 4 -17]
[121 -14 -1]
[121 -12 -2]
[121 -15 2]
[121 -2 -18]
[121 -4 -16]
[121 29 56]
[121 -7 -7]
[121 24 51]
[121 31 56]
[121 31 55]
[121 35 3]
[121 -9 -7]
[121 -11 -6]
[121 -11 -5]
[121 -5 -13]
[121 -4 -15]
[121 33 35]
[121 32 35]
[121 39 51]
[121 4 -18]
[121 37 56]
[121 23 49]
[121 37 50]
[121 -11 -2]
[121 4 -21]
[121 25 57]
[121 -17 4]
[121 32 56]
[121 39 53]
[121 33 56]
[122 -12 -6]
[122 37 55]
[122 35 56]
[122 20 -11]
[122 32 34]
[122 3 -18]
[122 36 4]
[122 -10 -7]
[122 4 -24]
[122 5 -24]
[122 3 -24]
[122 5 -18]
[122 24 57]
[122 26 57]
[122 -6 -13]
[122 6 -24]
[122 -13 -3]
[122 -12 -3]
[122 30 57]
[122 40 52]
[122 3 -21]
[122 8 -24]
[122 23 50]
[122 -16 -2]
[122 39 52]
[122 -4 -17]
[122 22 48]
[122 -8 -10]
[122 -8 -9]
[122 29 57]
[122 27 56]
[122 38 56]
[122 3 -19]
[122 -7 -8]
[122 -18 4]
[122 2 -19]
[122 1 -19]
[122 39 54]
[122 30 56]
[123 -9 -11]
[123 34 57]
[123 -12 -7]
[123 28 57]
[123 -18 3]
[123 23 55]
[123 39 55]
[123 2 -20]
[123 0 -19]
[123 6 -25]
[123 7 -25]
[123 5 -25]
[123 -13 -2]
[123 -16 3]
[123 -2 -19]
[123 -16 -1]
[123 19 -10]
[123 3 -23]
[123 38 55]
[123 33 -3]
[123 4 -25]
[123 1 -20]
[123 -13 -7]
[123 -13 -6]
[123 -13 -4]
[123 23 56]
[123 33 -2]
[123 36 57]
[123 34 3]
[123 -7 -13]
[123 5 -19]
[123 2 -23]
[123 2 -25]
[123 2 -24]
[123 40 53]
[123 29 58]
[123 -19 3]
[123 -19 4]
[123 32 57]
[123 35 4]
[124 -11 -8]
[124 -10 -10]
[124 39 -1]
[124 -17 -3]
[124 -7 -11]
[124 -8 -13]
[124 -8 -12]
[124 2 -21]
[124 -13 -8]
[124 -13 -5]
[124 -14 -5]
[124 -1 -20]
[124 -19 2]
[124 33 58]
[124 33 57]
[124 3 -25]
[124 -2 -20]
[124 -5 -15]
[124 7 -26]
[124 31 58]
[124 28 58]
[124 -9 -10]
[124 -12 -8]
[124 4 -26]
[124 -20 5]
[124 -20 3]
[124 2 -22]
[124 5 -26]
[124 6 -26]
[124 29 59]
[124 38 57]
[124 -14 -4]
[124 -3 -18]
[124 16 40]
[124 0 -21]
[124 0 -20]
[124 1 -21]
[124 3 -26]
[124 2 -26]
[125 -11 -9]
[125 -12 -9]
[125 5 -27]
[125 4 -27]
[125 26 58]
[125 16 -15]
[125 14 -16]
[125 -18 2]
[125 -19 1]
[125 -9 -13]
[125 -8 -14]
[125 31 34]
[125 -1 -19]
[125 1 -26]
[125 22 56]
[125 -13 16]
[125 -21 4]
[125 17 39]
[125 -15 -5]
[125 -21 3]
[125 -1 -21]
[125 -3 -21]
[125 2 -27]
[125 3 -27]
[125 27 58]
[125 28 59]
[125 30 59]
[125 32 58]
[125 18 40]
[125 -6 -16]
[125 -17 0]
[125 -17 -1]
[125 -14 -6]
[125 -10 -9]
[125 7 -27]
[125 34 58]
[125 23 54]
[125 6 -27]
[125 -15 -4]
[126 -16 -4]
[126 1 -22]
[126 -6 -15]
[126 14 -17]
[126 32 59]
[126 -21 5]
[126 -9 -12]
[126 5 -28]
[126 6 -28]
[126 4 -28]
[126 27 59]
[126 26 59]
[126 1 -28]
[126 3 -28]
[126 2 -28]
[126 1 -27]
[126 -11 -10]
[126 7 -28]
[126 25 59]
[126 32 33]
[126 19 44]
[126 41 53]
[126 22 53]
[126 0 -22]
[126 -9 -14]
[126 33 59]
[126 -14 -7]
[126 -22 4]
[126 0 -27]
[126 -2 -22]
[126 -4 -20]
[126 -13 17]
[126 21 47]
[126 -17 1]
[126 -18 -1]
[126 -18 0]
[126 -20 1]
[127 -1 -22]
[127 -17 -5]
[127 -22 5]
[127 -4 -21]
[127 -11 -4]
[127 -10 -14]
[127 1 -29]
[127 2 -29]
[127 0 -28]
[127 5 -29]
[127 -12 -11]
[127 32 -4]
[127 32 -3]
[127 -19 0]
[127 21 46]
[127 4 -29]
[127 3 -29]
[127 -13 -10]
[127 -10 -13]
[127 -23 4]
[127 -19 -1]
[127 -7 -15]
[127 -15 -7]
[127 -1 -26]
[127 -1 -28]
[127 -1 -23]
[127 38 -2]
[127 26 60]
[127 21 52]
[127 -16 -6]
[127 -11 -11]
[127 29 60]
[127 -22 2]
[127 -14 -9]
[127 -18 -2]
[127 40 56]
[128 -17 -4]
[128 -17 -6]
[128 23 48]
[128 -16 -7]
[128 -17 -7]
[128 0 -23]
[128 39 -2]
[128 0 -29]
[128 0 -24]
[128 -8 -15]
[128 -10 -15]
[128 -9 -15]
[128 -4 -22]
[128 -23 3]
[128 27 60]
[128 4 -30]
[128 0 -26]
[128 -2 -28]
[128 -2 -29]
[128 -2 -27]
[128 42 54]
[128 20 43]
[128 -21 1]
[128 -22 1]
[128 27 61]
[128 2 -30]
[128 1 -30]
[128 3 -30]
[128 5 -30]
[128 25 60]
[128 -2 -25]
[128 -13 -11]
[128 -11 -12]
[128 -20 -1]
[128 -1 -29]
[128 0 -30]
[129 -5 -20]
[129 -5 -22]
[129 -11 -13]
[129 -5 -19]
[129 20 46]
[129 2 -31]
[129 -21 -1]
[129 -21 0]
[129 -20 -2]
[129 24 59]
[129 -1 -30]
[129 -3 -30]
[129 -18 -5]
[129 22 55]
[129 21 55]
[129 4 -31]
[129 -15 -8]
[129 32 -5]
[129 -12 -12]
[129 -2 -26]
[129 -1 -25]
[129 -1 -31]
[129 0 -31]
[129 1 -31]
[129 20 53]
[129 -11 -16]
[129 -9 -16]
[129 21 54]
[129 27 62]
[129 22 47]
[129 -8 -16]
[129 -2 -24]
[129 -3 -25]
[129 -2 -30]
[129 -4 -23]
[129 28 61]
[129 -19 -3]
[129 -3 -28]
[129 -3 -29]
[129 42 55]
[129 42 53]
[129 -16 -8]
[130 38 -3]
[130 0 -32]
[130 2 -32]
[130 1 -32]
[130 -1 -24]
[130 -3 -26]
[130 17 38]
[130 42 52]
[130 -6 -21]
[130 41 56]
[130 -1 -32]
[130 -12 -16]
[130 24 58]
[130 22 54]
[130 -22 -1]
[130 -17 -8]
[130 -6 -20]
[130 -2 -31]
[130 -2 -32]
[130 31 -4]
[130 20 45]
[130 -12 -14]
[130 -19 -4]
[130 -22 0]
[130 -4 -29]
[130 -4 -30]
[130 41 55]
[130 -6 -22]
[130 -13 -12]
[130 19 52]
[130 5 -32]
[130 -4 -25]
[130 -4 -26]
[130 -3 -31]
[130 -4 -31]
[130 -24 3]
[130 31 -5]
[131 42 51]
[131 0 -33]
[131 1 -33]
[131 -7 -23]
[131 6 -33]
[131 4 -33]
[131 5 -33]
[131 -20 -3]
[131 -19 -5]
[131 -22 -2]
[131 -1 -33]
[131 -5 -23]
[131 30 -6]
[131 -23 -2]
[131 19 51]
[131 18 51]
[131 2 -33]
[131 -8 -17]
[131 20 44]
[131 -11 -17]
[131 -5 -27]
[131 -4 -27]
[131 -5 -31]
[131 -5 -29]
[131 -9 -17]
[131 -24 2]
[131 -14 -13]
[131 -12 -15]
[131 -13 -14]
[131 -21 -3]
[131 -4 -32]
[131 -3 -32]
[131 -2 -33]
[131 -3 -33]
[131 -7 -21]
[131 -5 -24]
[131 20 54]
[131 -7 -20]
[131 34 4]
[131 -15 -9]
[131 -15 -10]
[132 18 52]
[132 20 51]
[132 -7 -22]
[132 0 -34]
[132 -1 -34]
[132 -20 -5]
[132 -6 -30]
[132 -5 -28]
[132 -24 -1]
[132 -24 -3]
[132 -8 -18]
[132 -9 -18]
[132 -10 -18]
[132 -6 -25]
[132 38 -4]
[132 -21 -4]
[132 2 -34]
[132 30 -7]
[132 29 -7]
[132 1 -34]
[132 3 -34]
[132 -5 -32]
[132 -4 -33]
[132 -2 -34]
[132 -3 -34]
[132 43 51]
[132 29 61]
[132 -6 -26]
[132 -5 -26]
[132 -8 -21]
[132 5 -34]
[132 7 -32]
[132 -16 -11]
[132 -16 -10]
[132 21 51]
[132 -6 -31]
[132 -6 -32]
[132 3 -33]
[132 -14 -14]
[132 -15 -14]
[132 -20 -4]
[132 -8 -24]
[132 -13 -17]
[133 2 -35]
[133 0 -35]
[133 1 -35]
[133 -7 -26]
[133 -5 -25]
[133 -5 -30]
[133 -6 -29]
[133 -2 -35]
[133 -1 -35]
[133 -3 -35]
[133 -6 -27]
[133 -15 -11]
[133 -7 -31]
[133 -7 -33]
[133 -9 -25]
[133 -9 -24]
[133 -4 -34]
[133 4 -34]
[133 -7 -25]
[133 -15 -12]
[133 -14 -16]
[133 -13 -18]
[133 -14 -18]
[133 -21 -6]
[133 -4 -35]
[133 -7 -18]
[133 -9 -19]
[133 29 -6]
[133 -9 -22]
[133 -9 -20]
[133 -22 -4]
[133 -24 0]
[133 20 50]
[133 -16 -15]
[133 3 -35]
[134 -10 -19]
[134 -7 -32]
[134 -20 -7]
[134 2 -36]
[134 -23 -5]
[134 -7 -34]
[134 -8 -33]
[134 -12 -18]
[134 -10 -21]
[134 -10 -23]
[134 -10 -22]
[134 -7 -28]
[134 20 49]
[134 33 3]
[134 8 -31]
[134 -17 -15]
[134 -17 -16]
[134 -17 -10]
[134 -10 -26]
[134 -6 -28]
[134 21 -12]
[134 18 53]
[134 30 -5]
[134 -16 -13]
[134 -21 -5]
[134 24 61]
[134 -1 -36]
[134 -2 -36]
[134 -3 -36]
[134 -5 -36]
[134 -4 -36]
[134 1 -36]
[134 0 -36]
[134 22 52]
[134 -25 0]
[134 -24 -2]
[134 -25 -3]
[134 -8 -27]
[134 -7 -27]
[134 -10 -25]
[135 -24 -4]
[135 7 -30]
[135 -18 -15]
[135 -17 -14]
[135 -10 -20]
[135 -11 -20]
[135 -9 -26]
[135 -9 -33]
[135 -8 -32]
[135 -9 -34]
[135 -5 -37]
[135 -4 -37]
[135 -3 -37]
[135 33 5]
[135 -22 -6]
[135 -23 -6]
[135 32 -6]
[135 33 -6]
[135 19 54]
[135 37 -5]
[135 37 -4]
[135 -1 -37]
[135 0 -37]
[135 -2 -37]
[135 -19 -8]
[135 -19 -7]
[135 -16 -16]
[135 -8 -34]
[135 -26 -3]
[135 -18 -17]
[135 -17 -17]
[135 28 -7]
[135 -14 -17]
[135 -7 -29]
[135 -10 -24]
[135 -11 -23]
[135 -9 -23]
[135 -11 -24]
[135 -8 -29]
[135 -6 -37]
[135 -12 -19]
[135 -14 -19]
[135 -11 -26]
[135 -22 -7]
[136 -3 -38]
[136 -4 -38]
[136 -2 -38]
[136 0 -38]
[136 -1 -38]
[136 -9 -27]
[136 -16 -17]
[136 -12 -25]
[136 -9 -28]
[136 -18 -18]
[136 -19 -16]
[136 -9 -35]
[136 33 4]
[136 34 6]
[136 -24 -5]
[136 -16 -18]
[136 -11 -19]
[136 24 62]
[136 -24 -6]
[136 -10 -35]
[136 -22 -8]
[136 -23 -7]
[136 -15 -19]
[136 -14 -20]
[136 -12 -24]
[136 -12 -22]
[136 22 -13]
[136 28 -8]
[136 30 -8]
[136 -10 -27]
[136 -9 -31]
[136 -6 -38]
[136 -17 -13]
[136 16 37]
[136 -27 -4]
[136 -10 -32]
[136 -10 -34]
[136 -18 -16]
[136 -19 -14]
[136 -26 1]
[136 -7 -38]
[136 -5 -38]
[136 -9 -29]
[136 -12 -20]
[137 -26 -1]
[137 -27 -3]
[137 -12 -23]
[137 -13 -24]
[137 33 6]
[137 -10 -33]
[137 -17 -18]
[137 -11 -36]
[137 -11 -35]
[137 -18 -13]
[137 -9 -30]
[137 -9 -32]
[137 -3 -39]
[137 -4 -39]
[137 -2 -39]
[137 -20 -14]
[137 -12 -26]
[137 -5 -39]
[137 -7 -37]
[137 -7 -39]
[137 -6 -39]
[137 -11 -21]
[137 -8 -31]
[137 -19 -19]
[137 -19 -17]
[137 -18 -19]
[137 -8 -37]
[137 -8 -39]
[137 -8 -38]
[137 -27 1]
[137 -27 0]
[137 -13 -21]
[137 28 -9]
[137 23 61]
[137 -11 -33]
[137 -1 -39]
[137 -8 -30]
[137 -10 -28]
[137 -16 -19]
[137 -10 -36]
[137 34 5]
[137 16 36]
[137 -10 -30]
[138 -20 -18]
[138 -11 -32]
[138 -11 -34]
[138 -12 -36]
[138 -12 -34]
[138 -12 -35]
[138 -28 -3]
[138 35 5]
[138 -4 -40]
[138 -5 -40]
[138 -9 -38]
[138 -10 -29]
[138 -19 -13]
[138 -11 -27]
[138 -12 -37]
[138 -10 -37]
[138 -14 -23]
[138 -14 -21]
[138 -13 -22]
[138 -26 -2]
[138 -9 -39]
[138 29 -5]
[138 -21 -15]
[138 -28 1]
[138 -27 -1]
[138 -23 -8]
[138 -7 -40]
[138 -19 -20]
[138 -20 -19]
[138 33 -7]
[138 -9 -37]
[138 -13 -26]
[138 -28 2]
[138 -12 -33]
[138 -16 -20]
[138 -8 -40]
[138 -6 -40]
[138 -13 -27]
[138 -9 -40]
[138 -18 -12]
[138 -27 -5]
[138 -25 -7]
[138 -25 -6]
[139 -29 1]
[139 -29 0]
[139 -16 -21]
[139 -13 -34]
[139 -26 2]
[139 -13 -38]
[139 -13 -36]
[139 -27 3]
[139 -29 3]
[139 -21 -13]
[139 -20 -21]
[139 -11 -29]
[139 -6 -41]
[139 -21 -14]
[139 -21 -19]
[139 -14 -22]
[139 -15 -24]
[139 -28 -4]
[139 -11 -30]
[139 32 -7]
[139 -8 -41]
[139 -7 -41]
[139 -14 -28]
[139 -12 -27]
[139 -12 -28]
[139 -19 -12]
[139 27 -9]
[139 -19 -11]
[139 -28 0]
[139 -20 -9]
[139 -15 -22]
[139 -10 -40]
[139 -21 -20]
[139 21 -13]
[139 -9 -41]
[140 -16 -22]
[140 -15 -21]
[140 -15 -23]
[140 -16 -25]
[140 -15 -25]
[140 -14 -24]
[140 -20 -17]
[140 -22 -16]
[140 -30 3]
[140 -28 3]
[140 -30 2]
[140 -26 -6]
[140 -19 -22]
[140 -21 -22]
[140 -28 4]
[140 -21 -18]
[140 -13 -28]
[140 25 63]
[140 23 62]
[140 -12 -38]
[140 -13 -39]
[140 -14 -39]
[140 -12 -39]
[140 -13 -37]
[140 -13 -29]
[140 -20 -12]
[140 -20 -11]
[140 -28 -5]
[140 -10 -41]
[140 28 -10]
[140 -17 -22]
[140 -14 -29]
[140 -13 -32]
[140 -9 -42]
[140 -21 -10]
[140 -20 -10]
[140 -11 -40]
[140 -10 -42]
[140 -22 -13]
[140 19 49]
[140 -12 -30]
[140 -21 -21]
[140 -14 -37]
[140 -14 -35]
[140 -14 -26]
[141 -14 -34]
[141 -15 -27]
[141 32 -8]
[141 -27 5]
[141 -27 4]
[141 -14 -36]
[141 18 54]
[141 -22 -10]
[141 -22 -11]
[141 -30 4]
[141 -31 4]
[141 24 63]
[141 -15 -38]
[141 -14 -33]
[141 -11 -41]
[141 -11 -43]
[141 -11 -42]
[141 -10 -43]
[141 -14 -30]
[141 -18 -20]
[141 -22 -15]
[141 -23 -17]
[141 -15 -29]
[141 -29 -4]
[141 -12 -40]
[141 -19 -21]
[141 -12 -41]
[141 -29 -5]
[141 -28 -6]
[141 -30 -1]
[141 -29 -1]
[141 -27 -6]
[141 -22 -18]
[141 -20 -22]
[141 22 -12]
[141 -14 -38]
[141 -13 -40]
[141 -15 -40]
[141 9 -31]
[142 -21 -11]
[142 -16 -24]
[142 -21 -23]
[142 -12 -42]
[142 -11 -44]
[142 -12 -44]
[142 -18 -22]
[142 -15 -37]
[142 -13 -41]
[142 -31 2]
[142 -31 1]
[142 -16 -26]
[142 -26 -8]
[142 -23 -18]
[142 -23 -14]
[142 -23 -12]
[142 22 63]
[142 -23 -19]
[142 -15 -39]
[142 36 5]
[142 -15 -33]
[142 -22 -21]
[142 -15 -34]
[142 -28 5]
[142 -27 -7]
[142 -15 -35]
[142 -31 5]
[142 -32 5]
[142 -30 5]
[142 -29 5]
[142 -31 -2]
[142 -30 -2]
[142 -13 -31]
[142 -14 -31]
[142 -14 -40]
[142 -14 -41]
[142 -17 -23]
[142 -14 -32]
[142 -29 -7]
[142 -12 -43]
[142 -13 -42]
[142 -23 -11]
[142 -23 -10]
[142 -16 -38]
[142 -16 -39]
[143 23 64]
[143 -32 4]
[143 -15 -32]
[143 -24 -16]
[143 -31 6]
[143 -32 6]
[143 -30 6]
[143 -15 -41]
[143 -19 -23]
[143 -14 -42]
[143 -15 -42]
[143 -17 -24]
[143 -16 -34]
[143 -13 -43]
[143 -13 -30]
[143 -12 -45]
[143 -24 -12]
[143 -30 -3]
[143 -31 -3]
[143 -32 -3]
[143 -27 6]
[143 -15 -36]
[143 -33 6]
[143 -24 -10]
[143 -14 -43]
[143 -24 -14]
[143 -23 -15]
[143 -22 -22]
[143 -23 -20]
[143 31 -9]
[143 -16 -40]
[143 -17 -40]
[143 23 63]
[143 22 64]
[143 -13 -44]
[143 24 64]
[143 -22 -23]
[143 35 6]
[143 -26 6]
[143 -27 -9]
[143 -27 -8]
[143 -17 -39]
[143 -17 -38]
[143 17 53]
[144 -29 6]
[144 -29 7]
[144 -31 7]
[144 -16 -29]
[144 -33 5]
[144 21 63]
[144 -16 -35]
[144 -21 -24]
[144 -22 -24]
[144 -17 -41]
[144 -18 -40]
[144 -16 -32]
[144 -32 0]
[144 -16 -41]
[144 -26 -9]
[144 -28 -9]
[144 -20 -24]
[144 -33 7]
[144 -16 -37]
[144 -13 -45]
[144 -27 7]
[144 -23 -22]
[144 -30 -8]
[144 -29 -8]
[144 -24 -21]
[144 -32 7]
[144 -34 5]
[144 -25 -8]
[144 -26 7]
[144 22 65]
[144 -25 -16]
[144 -27 -10]
[144 -32 -4]
[144 -31 -4]
[144 -33 -3]
[144 -33 -4]
[144 24 65]
[144 -16 -42]
[144 -18 -38]
[144 -18 -39]
[145 -26 8]
[145 -31 -1]
[145 -24 -19]
[145 -17 -30]
[145 -18 -25]
[145 -16 -27]
[145 -32 -5]
[145 -30 -4]
[145 -32 -2]
[145 -30 -7]
[145 -33 1]
[145 -32 -1]
[145 -33 -1]
[145 -31 8]
[145 -18 -41]
[145 -26 -10]
[145 -33 -5]
[145 -34 -4]
[145 -34 -5]
[145 -18 -42]
[145 -17 -42]
[145 -14 -46]
[145 -27 -11]
[145 -26 -11]
[145 -19 -38]
[145 -19 -39]
[145 -24 -22]
[145 -17 -37]
[145 -28 8]
[145 -30 8]
[145 -29 8]
[145 18 55]
[145 -35 5]
[145 10 -31]
[145 -17 -31]
[145 -17 -33]
[145 -28 7]
[145 23 66]
[145 21 66]
[145 -25 -14]
[145 -17 -26]
[145 -31 -5]
[145 -23 -24]
[145 -33 3]
[145 -25 -10]
[145 -34 8]
[145 -32 8]
[145 -17 -43]
[146 20 64]
[146 -25 -20]
[146 -24 -23]
[146 -23 -23]
[146 18 48]
[146 -19 -42]
[146 -19 -41]
[146 -17 -36]
[146 -18 -37]
[146 -34 2]
[146 -28 -10]
[146 -15 -45]
[146 -25 -11]
[146 -28 -11]
[146 -18 -26]
[146 -27 8]
[146 -33 -2]
[146 -34 -3]
[146 -16 -30]
[146 -33 0]
[146 -16 -36]
[146 -26 -16]
[146 -18 -33]
[146 -18 -34]
[146 -31 9]
[146 -33 9]
[146 -20 -39]
[146 -20 -38]
[146 -18 -43]
[146 -34 9]
[146 -20 -25]
[146 -32 -6]
[146 21 65]
[146 24 67]
[146 23 67]
[146 -35 -5]
[146 -35 -4]
[146 -33 -6]
[146 -23 -25]
[146 -19 -40]
[146 -19 -43]
[146 -36 5]
[146 27 -8]
[146 -20 -40]
[146 -19 -24]
[146 -26 9]
[146 37 -6]
[146 -30 9]
[147 -34 -6]
[147 -17 -32]
[147 -17 -34]
[147 -19 -32]
[147 -32 -7]
[147 -19 -25]
[147 -21 -40]
[147 -21 -39]
[147 -20 -37]
[147 -19 -37]
[147 -29 10]
[147 -30 10]
[147 -31 10]
[147 -18 -35]
[147 -35 4]
[147 -25 -17]
[147 -20 -41]
[147 -33 10]
[147 -35 1]
[147 -34 1]
[147 -27 9]
[147 29 -11]
[147 28 -11]
[147 -29 -11]
[147 -17 -35]
[147 -36 -4]
[147 -36 -5]
[147 25 66]
[147 24 66]
[147 -26 -12]
[147 -33 2]
[147 -19 -27]
[147 -20 -42]
[147 -19 -44]
[147 -20 -44]
[147 -18 -44]
[147 -29 -12]
[147 -28 -12]
[147 -26 -20]
[147 24 68]
[147 19 65]
[147 19 63]
[147 -35 -6]
[147 -36 -6]
[147 -24 -25]
[147 -20 -43]
[147 -25 -24]
[147 -34 -1]
[147 -28 9]
[147 -32 10]
[147 -17 -44]
[147 -32 2]
[147 -18 -31]
[147 -18 -30]
[147 -19 -26]
[147 -25 9]
[147 -26 10]
[147 -36 4]
[147 -37 5]
[147 -37 6]
[148 -32 1]
[148 -19 -30]
[148 -18 -29]
[148 -36 3]
[148 -28 10]
[148 -27 10]
[148 -35 -3]
[148 -37 7]
[148 -38 5]
[148 -19 -36]
[148 -19 -34]
[148 -27 -16]
[148 -26 -14]
[148 -21 -43]
[148 17 48]
[148 -20 -36]
[148 -36 -7]
[148 -35 -7]
[148 -17 -29]
[148 18 66]
[148 -19 -33]
[148 -26 -18]
[148 22 67]
[148 -19 -45]
[148 -32 11]
[148 -21 -41]
[148 -22 -39]
[148 -22 -40]
[148 -21 -38]
[148 -18 -45]
[148 -30 -11]
[148 -19 -35]
[148 -37 -6]
[148 -21 -45]
[148 -21 -44]
[148 -23 -26]
[148 -37 -5]
[148 -21 -37]
[148 -21 -36]
[148 17 54]
[148 -37 4]
[148 25 69]
[148 -25 -25]
[148 -26 -25]
[148 -38 4]
[148 -27 -21]
[148 -26 -19]
[148 -27 -19]
[148 -34 -2]
[148 -34 -7]
[148 25 67]
[148 -19 -31]
[148 -20 -33]
[148 -21 -42]
[148 -30 11]
[148 -29 11]
[148 28 -12]
[149 -20 -32]
[149 -19 -29]
[149 -19 -28]
[149 -35 -2]
[149 -20 -31]
[149 -22 -45]
[149 -22 -44]
[149 -28 -16]
[149 -26 -15]
[149 -28 -18]
[149 -28 -20]
[149 -27 -13]
[149 -22 -38]
[149 -25 10]
[149 -31 12]
[149 -32 12]
[149 -38 -6]
[149 -38 -4]
[149 -28 11]
[149 -22 -42]
[149 -35 -1]
[149 25 68]
[149 24 70]
[149 26 69]
[149 18 65]
[149 19 64]
[149 26 67]
[149 16 49]
[149 -39 5]
[149 -39 4]
[149 -26 -26]
[149 -25 -26]
[149 -28 -21]
[149 -27 11]
[149 -20 -28]
[149 -37 -7]
[149 -38 7]
[149 -21 -33]
[149 -20 -34]
[149 -20 -30]
[149 -34 -8]
[149 -17 -28]
[149 -21 -35]
[149 -36 2]
[149 -30 12]
[149 -37 3]
[149 -34 0]
[149 -22 -43]
[149 -23 -41]
[149 -22 -41]
[149 -23 -39]
[149 -23 -40]
[149 -35 2]
[149 -23 -38]
[149 -22 -36]
[149 -22 -35]
[149 -39 3]
[149 -32 -8]
[149 -22 -37]
[149 27 -12]
[150 -23 -44]
[150 -23 -46]
[150 -27 -25]
[150 -24 -40]
[150 -24 -41]
[150 -27 -26]
[150 -27 -27]
[150 -25 -27]
[150 -26 -27]
[150 26 -8]
[150 -28 -14]
[150 25 70]
[150 17 47]
[150 -39 -6]
[150 -39 -7]
[150 -38 -5]
[150 -24 -39]
[150 -24 -37]
[150 24 69]
[150 25 71]
[150 -23 -37]
[150 -21 -27]
[150 -20 -29]
[150 -27 -14]
[150 -29 12]
[150 -27 12]
[150 27 68]
[150 27 69]
[150 -21 -32]
[150 -21 -31]
[150 -24 -42]
[150 -23 -42]
[150 -27 -17]
[150 -37 2]
[150 -29 13]
[150 -31 13]
[150 -38 -8]
[150 -38 -7]
[150 -24 -38]
[150 11 -31]
[150 -20 -35]
[150 -23 -35]
[150 -29 -21]
[150 18 67]
[150 -33 12]
[150 -33 -8]
[150 -38 8]
[150 -38 2]
[150 -39 7]
[150 -21 -34]
[150 21 68]
[150 -37 1]
[150 -21 -30]
[150 -23 -43]
[150 17 55]
[150 -23 -34]
[150 -23 -45]
[150 28 -13]
[150 -22 -34]
[150 -20 -27]
[151 -40 -7]
[151 -22 -30]
[151 -21 -29]
[151 -39 2]
[151 -39 1]
[151 -39 -5]
[151 18 56]
[151 -26 -28]
[151 -27 -28]
[151 -38 9]
[151 -39 9]
[151 -35 3]
[151 -37 0]
[151 -38 0]
[151 -29 14]
[151 -28 13]
[151 -25 -38]
[151 -25 -37]
[151 -23 -36]
[151 -24 -46]
[151 -22 -46]
[151 -24 -45]
[151 -30 14]
[151 -32 14]
[151 -24 -44]
[151 -22 -33]
[151 -22 -32]
[151 16 47]
[151 25 -9]
[151 -28 -26]
[151 -21 -28]
[151 31 -10]
[151 -25 -40]
[151 -24 -47]
[151 -39 -8]
[151 -39 -9]
[151 -24 -34]
[151 28 69]
[151 -25 -39]
[151 32 -9]
[151 -25 -28]
[151 -35 -9]
[151 -24 -43]
[151 -23 -33]
[151 -24 -33]
[151 -28 -28]
[151 -29 -15]
[151 -29 -14]
[151 36 7]
[151 -25 -43]
[151 -25 -42]
[151 -25 -41]
[151 -25 11]
[151 -40 8]
[151 -40 7]
[151 17 64]
[151 17 65]
[151 -40 -8]
[151 -28 -25]
[151 -22 -31]
[151 -27 13]
[152 -23 -47]
[152 -25 -46]
[152 -25 -47]
[152 -26 -40]
[152 -26 -39]
[152 -38 -1]
[152 -30 13]
[152 -28 -27]
[152 -29 -29]
[152 -29 -27]
[152 -29 15]
[152 -30 15]
[152 -28 15]
[152 -25 -36]
[152 -26 -38]
[152 -26 -36]
[152 35 7]
[152 -40 10]
[152 -36 -2]
[152 30 -11]
[152 19 67]
[152 -25 -45]
[152 -39 -4]
[152 -23 -32]
[152 -41 8]
[152 -22 -28]
[152 -25 -48]
[152 -41 -9]
[152 -26 -37]
[152 -35 -10]
[152 -23 -29]
[152 -24 -35]
[152 -36 -1]
[152 -40 -6]
[152 29 70]
[152 -28 -22]
[152 -30 -21]
[152 -25 -34]
[152 -24 -32]
[152 23 71]
[152 16 65]
[152 16 64]
[152 -27 -29]
[152 -40 -10]
[152 -30 -15]
[152 12 -30]
[152 -24 -36]
[152 15 49]
[152 -25 -44]
[152 -29 -25]
[152 -30 -14]
[152 -41 -8]
[152 -26 -42]
[152 26 -7]
[152 -40 -9]
[152 -38 -9]
[152 -24 -28]
[152 -25 -29]
[152 37 7]
[152 -26 14]
[152 -41 6]
[152 -39 0]
[152 -40 0]
[152 -26 -41]
[152 -40 -4]
[153 -24 -29]
[153 -23 -30]
[153 -25 -49]
[153 -26 -47]
[153 14 50]
[153 -38 -10]
[153 -40 -11]
[153 -39 -11]
[153 -41 -10]
[153 -31 -15]
[153 -26 -43]
[153 -26 -46]
[153 -26 -44]
[153 16 46]
[153 17 67]
[153 17 68]
[153 -26 -29]
[153 -37 -10]
[153 -26 -35]
[153 -27 -37]
[153 -27 -36]
[153 -25 -35]
[153 -41 10]
[153 -40 11]
[153 -41 9]
[153 -31 -16]
[153 -30 -16]
[153 -31 -14]
[153 -36 -11]
[153 -35 -11]
[153 -29 -18]
[153 22 72]
[153 -27 -40]
[153 -30 -24]
[153 37 8]
[153 -24 -48]
[153 -27 -23]
[153 -28 -23]
[153 -29 -23]
[153 -36 -9]
[153 -25 -31]
[153 -41 0]
[153 16 66]
[153 -29 16]
[153 -27 16]
[153 -28 16]
[153 15 64]
[153 15 63]
[153 15 65]
[153 30 -12]
[153 -27 -39]
[153 20 69]
[153 -41 -5]
[153 -23 -27]
[153 -42 -9]
[153 -42 -8]
[153 -26 -45]
[153 -27 -43]
[153 -27 -42]
[153 -31 -20]
[153 -31 -22]
[153 -30 -28]
[153 -29 -28]
[153 -33 14]
[153 28 70]
[153 25 -10]
[153 -27 -41]
[153 -42 5]
[153 -41 5]
[154 -42 -4]
[154 -42 -5]
[154 24 72]
[154 -24 -30]
[154 -30 -27]
[154 -31 -29]
[154 36 8]
[154 -27 -47]
[154 -27 -46]
[154 29 69]
[154 14 63]
[154 -37 -11]
[154 -37 -12]
[154 -35 -12]
[154 -36 -12]
[154 -41 -11]
[154 -27 -44]
[154 -32 -15]
[154 -28 17]
[154 -27 17]
[154 -38 -12]
[154 -39 -12]
[154 13 51]
[154 13 50]
[154 14 49]
[154 -28 -30]
[154 -27 -30]
[154 20 68]
[154 -26 -34]
[154 -27 -24]
[154 21 70]
[154 -27 -45]
[154 -28 -39]
[154 -28 -41]
[154 -28 -40]
[154 -32 -17]
[154 -30 -17]
[154 31 -13]
[154 -42 6]
[154 -43 4]
[154 -43 6]
[154 36 6]
[154 -30 -18]
[154 -29 -24]
[154 -25 -32]
[154 -38 -11]
[154 -32 -21]
[154 -32 -23]
[154 -41 -12]
[154 -28 -38]
[154 -31 -24]
[154 -26 -48]
[154 -26 -49]
[154 26 72]
[154 -27 -34]
[154 -27 -35]
[154 -42 -7]
[154 28 -14]
[154 -42 -10]
[154 -28 -37]
[154 -25 -33]
[154 -28 -43]
[154 -42 10]
[154 -41 1]
[154 -41 -1]
[154 -28 -42]
[154 -28 -44]
[154 -29 17]
[154 -27 -38]
[154 -28 -36]
[154 16 69]
[155 -32 -30]
[155 -31 -30]
[155 -32 -29]
[155 20 70]
[155 19 68]
[155 -26 -50]
[155 -32 -14]
[155 14 65]
[155 -32 -24]
[155 -32 -25]
[155 -32 -13]
[155 -29 -38]
[155 14 51]
[155 -38 -13]
[155 -37 -13]
[155 -39 10]
[155 25 73]
[155 25 72]
[155 23 73]
[155 -34 -13]
[155 -44 6]
[155 -43 7]
[155 -44 7]
[155 -44 5]
[155 -32 -22]
[155 -29 -39]
[155 -29 -41]
[155 11 -30]
[155 14 62]
[155 14 64]
[155 -27 -49]
[155 -42 -13]
[155 -41 -13]
[155 -28 -46]
[155 -28 18]
[155 -37 -2]
[155 -43 -6]
[155 -29 -36]
[155 -29 -31]
[155 -42 -12]
[155 -42 1]
[155 -29 -43]
[155 -40 -13]
[155 -28 -45]
[155 -29 -44]
[155 -27 -33]
[155 -33 -23]
[155 -26 -31]
[155 -26 -32]
[155 -41 -6]
[155 15 70]
[155 -33 -20]
[155 -29 -40]
[155 -29 -42]
[155 21 71]
[155 -26 -33]
[155 -32 -20]
[155 -30 -20]
[155 -30 -19]
[155 15 46]
[155 -42 -3]
[155 -43 -5]
[155 -31 -18]
[155 -42 -1]
[155 -43 -7]
[155 -43 -9]
[155 -28 -35]
[155 13 63]
[155 13 64]
[155 13 62]
[155 -33 -17]
[155 -33 -18]
[155 -42 3]
[155 -43 -10]
[155 27 73]
[155 -42 11]
[155 -28 -47]
[155 -27 -48]
[155 -42 -6]
[155 21 69]
[156 -29 -47]
[156 -29 -45]
[156 18 69]
[156 -40 12]
[156 -31 -28]
[156 -31 -27]
[156 19 71]
[156 -40 -14]
[156 -29 -32]
[156 -30 -31]
[156 -33 -25]
[156 -33 -14]
[156 -27 -31]
[156 -31 -23]
[156 -37 -14]
[156 14 66]
[156 -28 -48]
[156 -27 -50]
[156 36 -7]
[156 -30 -37]
[156 -30 -39]
[156 -44 -9]
[156 31 -11]
[156 -30 -44]
[156 -33 -15]
[156 -33 -16]
[156 -33 -21]
[156 -43 11]
[156 -28 -34]
[156 -30 -36]
[156 -29 -37]
[156 29 -13]
[156 -32 -31]
[156 -43 -11]
[156 -33 -12]
[156 -31 -17]
[156 13 66]
[156 13 65]
[156 -27 -32]
[156 -29 18]
[156 -28 19]
[156 -27 19]
[156 -27 18]
[156 16 71]
[156 -44 -11]
[156 -42 2]
[156 -41 3]
[156 30 70]
[156 15 68]
[156 -30 -42]
[156 -30 -43]
[156 20 71]
[156 -43 -14]
[156 -43 -13]
[156 -41 -14]
[156 12 63]
[156 12 -31]
[156 -34 -22]
[156 -33 -24]
[156 21 72]
[156 -30 -41]
[156 15 67]
[156 -29 -48]
[156 -29 -46]
[156 38 9]
[156 -42 12]
[156 -43 12]
[156 -30 -40]
[156 -44 8]
[156 -34 -17]
[156 -34 -18]
[156 -43 1]
[156 -39 -13]
[156 -43 -2]
[156 30 -14]
[156 12 62]
[156 12 61]
[157 17 70]
[157 -30 -46]
[157 -30 -48]
[157 -34 -16]
[157 -28 20]
[157 -31 -31]
[157 -45 4]
[157 -44 -14]
[157 -43 -15]
[157 -44 -15]
[157 -44 -13]
[157 -31 -44]
[157 -31 -43]
[157 -29 -35]
[157 -30 -45]
[157 -43 13]
[157 -45 8]
[157 -45 6]
[157 -31 -32]
[157 -31 -37]
[157 -41 -15]
[157 -28 -49]
[157 -30 -35]
[157 -29 -34]
[157 27 -6]
[157 12 65]
[157 14 69]
[157 23 72]
[157 -44 11]
[157 -44 12]
[157 27 -11]
[157 -30 -47]
[157 -31 -40]
[157 -31 -39]
[157 -43 0]
[157 24 73]
[157 -45 9]
[157 -30 -23]
[157 -44 -12]
[157 -31 -41]
[157 -30 -38]
[157 -32 -26]
[157 -33 -26]
[157 26 74]
[157 -44 10]
[157 11 62]
[157 11 63]
[157 -30 -49]
[157 -32 -12]
[157 -33 -32]
[157 14 71]
[157 -34 -25]
[157 -34 -23]
[157 -29 -33]
[157 -34 -15]
[157 14 67]
[157 12 67]
[157 13 67]
[157 -45 -11]
[157 -45 -12]
[157 -45 -10]
[157 -37 -15]
[157 -30 -33]
[157 -31 -35]
[157 -34 -20]
[157 -44 -3]
[157 -31 -42]
[157 -28 -33]
[157 11 61]
[157 12 64]
[157 -34 -14]
[157 -40 -15]
[157 20 72]
[157 -45 -8]
[157 -44 -10]
[157 -40 13]
[158 -33 -27]
[158 -34 -27]
[158 15 52]
[158 14 52]
[158 -27 20]
[158 -44 -16]
[158 -32 -44]
[158 12 66]
[158 11 64]
[158 -39 12]
[158 -39 13]
[158 -32 -45]
[158 -31 -45]
[158 -30 -34]
[158 18 71]
[158 -45 10]
[158 -46 9]
[158 -46 10]
[158 -46 8]
[158 -45 11]
[158 -45 12]
[158 -32 -41]
[158 11 67]
[158 11 66]
[158 10 62]
[158 10 63]
[158 10 64]
[158 -35 -14]
[158 15 69]
[158 -31 -49]
[158 -40 -16]
[158 -30 -50]
[158 -31 -48]
[158 -31 -50]
[158 -45 -4]
[158 -45 -2]
[158 12 68]
[158 15 45]
[158 -44 2]
[158 -44 1]
[158 -32 -40]
[158 -45 -15]
[158 -45 -14]
[158 -46 6]
[158 -31 -36]
[158 -32 -34]
[158 25 74]
[158 24 74]
[158 -46 -9]
[158 -31 -38]
[158 -36 -16]
[158 -38 -15]
[158 -31 -34]
[158 37 6]
[158 10 61]
[158 11 65]
[158 -43 -16]
[158 -45 -16]
[158 18 70]
[158 -46 -13]
[158 15 71]
[158 10 -30]
[158 -32 -43]
[158 -41 -16]
[158 -42 -16]
[158 -31 -46]
[158 -44 14]
[158 -32 -33]
[158 -34 -33]
[158 -33 -33]
[158 10 60]
[158 -45 -13]
[158 -34 -26]
[158 29 -12]
[158 -32 -39]
[158 -31 -47]
[158 13 71]
[158 12 -32]
[159 30 -15]
[159 29 -15]
[159 26 -5]
[159 -43 -17]
[159 -46 -14]
[159 -33 -44]
[159 -33 -45]
[159 19 72]
[159 -33 -34]
[159 10 68]
[159 10 67]
[159 -45 13]
[159 -32 -48]
[159 -32 -47]
[159 -32 -46]
[159 -38 11]
[159 -32 -42]
[159 -33 -42]
[159 -33 -43]
[159 -47 8]
[159 17 71]
[159 10 65]
[159 9 65]
[159 9 63]
[159 -34 -34]
[159 9 61]
[159 -33 -35]
[159 -32 -27]
[159 -33 -38]
[159 -33 -40]
[159 -33 -39]
[159 -35 -34]
[159 -43 15]
[159 -44 15]
[159 11 68]
[159 25 75]
[159 24 75]
[159 -35 -15]
[159 -32 -32]
[159 -32 -50]
[159 -30 -51]
[159 -33 -41]
[159 -46 -12]
[159 -39 -15]
[159 -32 -35]
[159 -31 -33]
[159 -32 -37]
[159 -32 -36]
[159 -45 -17]
[159 -46 11]
[159 13 69]
[159 11 69]
[159 -35 -23]
[159 -46 -10]
[159 -45 0]
[159 -32 -49]
[159 -38 -16]
[159 13 68]
[159 -35 -20]
[159 -35 -21]
[159 30 -13]
[159 -33 -29]
[159 16 72]
[159 12 70]
[159 -31 -51]
[159 -32 -51]
[159 11 60]
[159 -47 7]
[159 -47 9]
[159 -45 3]
[159 -46 12]
[159 -32 -38]
[159 -47 11]
[159 -47 10]
[159 -46 13]
[159 -35 -28]
[159 -34 -28]
[159 -33 -28]
[159 37 9]
[159 -47 6]
[159 36 -8]
[160 -45 14]
[160 -36 -15]
[160 9 66]
[160 10 66]
[160 9 64]
[160 -35 -27]
[160 -36 -29]
[160 -36 -28]
[160 -35 -29]
[160 -36 -27]
[160 -33 -47]
[160 -33 -48]
[160 -34 -44]
[160 13 52]
[160 -33 -51]
[160 13 -30]
[160 -48 9]
[160 -48 11]
[160 9 60]
[160 -33 -36]
[160 10 70]
[160 -39 11]
[160 25 76]
[160 -44 16]
[160 -43 16]
[160 -36 -35]
[160 -35 -35]
[160 -35 -33]
[160 -36 -20]
[160 -36 -21]
[160 12 69]
[160 -34 -35]
[160 8 62]
[160 8 60]
[160 -34 -43]
[160 -47 14]
[160 -42 15]
[160 -30 -52]
[160 9 62]
[160 29 -14]
[160 -41 -17]
[160 -48 10]
[160 -34 -39]
[160 -34 -41]
[160 -34 -40]
[160 -33 -31]
[160 9 67]
[160 9 68]
[160 -38 -17]
[160 -39 -17]
[160 8 64]
[160 -34 -42]
[160 -46 0]
[160 -46 1]
[160 10 69]
[160 -32 -52]
[160 -33 -52]
[160 -33 -50]
[160 34 7]
[160 -46 -18]
[160 -44 -18]
[160 -46 -17]
[160 -48 8]
[160 -35 -24]
[160 -36 -24]
[160 8 65]
[160 18 72]
[160 12 71]
[160 -37 12]
[160 -48 5]
[160 11 70]
[160 11 71]
[160 -46 -15]
[160 37 -7]
[161 -31 -52]
[161 -45 -18]
[161 8 63]
[161 7 62]
[161 7 63]
[161 7 61]
[161 10 59]
[161 -34 -38]
[161 -33 -49]
[161 -34 -49]
[161 -34 -48]
[161 -34 -47]
[161 -38 12]
[161 -46 2]
[161 -33 -46]
[161 -48 12]
[161 12 72]
[161 -34 -45]
[161 -35 -43]
[161 -47 15]
[161 -37 -35]
[161 -37 -36]
[161 8 61]
[161 26 75]
[161 8 67]
[161 8 68]
[161 -37 11]
[161 -37 -28]
[161 -37 -26]
[161 -37 -27]
[161 8 66]
[161 9 59]
[161 9 70]
[161 -44 17]
[161 -36 -22]
[161 -41 16]
[161 -37 -18]
[161 -48 6]
[161 -35 -42]
[161 -35 -41]
[161 -48 4]
[161 -34 -52]
[161 -37 -23]
[161 -35 -44]
[161 -49 12]
[161 -34 -36]
[161 -35 -36]
[161 -47 -17]
[161 -38 -18]
[161 -41 -18]
[161 -42 -18]
[161 -34 -30]
[161 -46 -19]
[161 -45 -19]
[161 -47 -18]
[161 -36 -34]
[161 10 72]
[161 9 69]
[161 -34 -37]
[161 -35 -40]
[161 15 44]
[161 7 64]
[161 -37 -29]
[161 -37 -21]
[161 17 73]
[161 -47 -16]
[161 26 77]
[161 10 71]
[161 9 71]
[161 -43 17]
[161 -31 -53]
[161 -30 -53]
[161 -34 -46]
[161 -33 -37]
[161 -37 -30]
[162 -38 -29]
[162 8 70]
[162 24 77]
[162 8 71]
[162 27 76]
[162 26 76]
[162 -37 -22]
[162 -36 -23]
[162 -35 -53]
[162 -49 13]
[162 9 72]
[162 -31 -54]
[162 -32 -54]
[162 -30 -54]
[162 -35 -47]
[162 -35 -48]
[162 15 73]
[162 29 -16]
[162 -35 -46]
[162 -40 -19]
[162 -38 -21]
[162 -35 -31]
[162 -35 -49]
[162 -34 -50]
[162 -37 -33]
[162 -34 -51]
[162 7 65]
[162 7 67]
[162 7 66]
[162 -35 -37]
[162 -36 -33]
[162 -49 4]
[162 -47 4]
[162 -48 3]
[162 -47 3]
[162 -48 -17]
[162 -38 -30]
[162 -38 -28]
[162 -36 -36]
[162 -43 -19]
[162 -36 -42]
[162 11 72]
[162 13 -29]
[162 18 74]
[162 16 74]
[162 13 72]
[162 36 -9]
[162 -35 -38]
[162 -35 -39]
[162 -35 -45]
[162 -36 -43]
[162 23 76]
[162 -40 15]
[162 -40 16]
[162 -42 16]
[162 -41 15]
[162 -40 17]
[162 9 73]
[162 -48 -18]
[162 -36 -41]
[162 -47 -19]
[162 -42 18]
[162 -43 18]
[162 -44 18]
[162 6 64]
[162 -36 -40]
[162 -36 -39]
[162 -38 -19]
[162 -39 -19]
[162 -36 -45]
[162 -36 -44]
[162 7 60]
[162 6 60]
[162 6 61]
[162 6 62]
[162 14 -31]
[162 -36 -37]
[162 -38 -25]
[162 -36 -25]
[162 -38 -24]
[162 -37 -24]
[162 -37 -25]
[162 -46 16]
[162 -47 16]
[163 6 63]
[163 8 72]
[163 -36 -48]
[163 22 77]
[163 22 76]
[163 -37 -39]
[163 -37 -41]
[163 -37 -40]
[163 7 59]
[163 6 65]
[163 -37 -42]
[163 -37 -43]
[163 6 66]
[163 -40 -20]
[163 -38 -20]
[163 -48 16]
[163 -47 17]
[163 -46 17]
[163 -39 -29]
[163 -38 -31]
[163 -39 -20]
[163 -36 -32]
[163 -38 -32]
[163 10 73]
[163 8 73]
[163 -37 -37]
[163 -36 -47]
[163 -36 -49]
[163 -47 -14]
[163 25 77]
[163 -39 -24]
[163 -38 -26]
[163 -37 -38]
[163 28 76]
[163 27 77]
[163 -41 18]
[163 -39 17]
[163 -41 17]
[163 -38 -34]
[163 -43 19]
[163 15 74]
[163 5 65]
[163 5 64]
[163 -47 -10]
[163 11 73]
[163 12 73]
[163 8 59]
[163 -39 15]
[163 -36 -38]
[163 -49 -17]
[163 -48 -19]
[163 -49 -18]
[163 -47 -9]
[163 -48 -16]
[163 25 -4]
[163 -41 19]
[163 -42 19]
[163 7 68]
[163 -38 -27]
[163 13 73]
[163 7 71]
[163 15 -32]
[163 13 -32]
[163 -39 -30]
[163 9 74]
[163 -35 -50]
[163 -37 -34]
[163 -49 14]
[163 17 75]
[163 -44 -20]
[163 -35 -51]
[163 -37 -46]
[163 -37 -44]
[163 -36 -46]
[163 5 62]
[163 7 72]
[163 -39 -22]
[163 27 -7]
[164 -47 18]
[164 -44 20]
[164 -38 -37]
[164 5 66]
[164 4 66]
[164 -41 -21]
[164 30 -16]
[164 -38 -40]
[164 -38 -41]
[164 10 74]
[164 11 74]
[164 5 63]
[164 5 61]
[164 -48 18]
[164 12 74]
[164 -38 -44]
[164 -40 -30]
[164 7 73]
[164 -40 -22]
[164 -39 -23]
[164 8 74]
[164 7 74]
[164 -49 16]
[164 -48 17]
[164 6 73]
[164 6 72]
[164 6 67]
[164 -40 -29]
[164 14 74]
[164 16 75]
[164 14 75]
[164 -39 -27]
[164 9 75]
[164 -39 -28]
[164 -39 -31]
[164 17 76]
[164 4 63]
[164 4 61]
[164 -38 17]
[164 -50 -19]
[164 -36 -51]
[164 -36 -50]
[164 -45 19]
[164 -38 -43]
[164 -36 -52]
[164 -39 -26]
[164 -39 -35]
[164 -40 19]
[164 -50 14]
[164 -38 -47]
[164 13 -33]
[164 -41 20]
[164 -43 20]
[164 -42 20]
[164 14 45]
[164 23 77]
[164 -50 -18]
[164 -50 -16]
[164 -49 -15]
[164 -38 -36]
[164 -49 -20]
[164 -49 -19]
[164 -48 -20]
[164 -40 -21]
[164 -40 -24]
[164 -48 -14]
[164 5 59]
[164 4 64]
[164 -38 -42]
[164 -37 -50]
[164 -37 -48]
[164 -37 -49]
[164 13 -31]
[164 14 -32]
[164 -43 -21]
[164 -37 -47]
[165 6 74]
[165 8 75]
[165 6 75]
[165 -47 19]
[165 -48 19]
[165 -49 17]
[165 5 60]
[165 4 62]
[165 21 77]
[165 3 64]
[165 3 65]
[165 13 75]
[165 -49 18]
[165 -38 -48]
[165 23 78]
[165 26 -4]
[165 -39 -43]
[165 -39 -41]
[165 -47 -20]
[165 -39 -42]
[165 16 -32]
[165 6 59]
[165 5 73]
[165 -41 -30]
[165 -41 -31]
[165 -44 21]
[165 4 65]
[165 13 74]
[165 -37 -45]
[165 -40 -28]
[165 -38 -45]
[165 -40 -27]
[165 -46 20]
[165 -46 19]
[165 -46 18]
[165 -50 16]
[165 -50 17]
[165 -42 -22]
[165 -42 -21]
[165 -41 -28]
[165 4 60]
[165 3 60]
[165 15 76]
[165 11 75]
[165 -38 -50]
[165 -39 -39]
[165 -38 -39]
[165 -48 -15]
[165 -49 -16]
[165 -40 -31]
[165 -35 -52]
[165 -51 -15]
[165 -51 -19]
[165 -38 -51]
[165 -50 -15]
[165 12 75]
[165 10 75]
[165 9 76]
[165 8 76]
[165 10 76]
[165 -38 -46]
[165 -39 -47]
[165 -40 -25]
[165 -49 -21]
[165 5 58]
[165 -37 -51]
[165 -51 -18]
[165 -36 -53]
[165 -39 20]
[165 -39 19]
[165 -36 -54]
[165 -39 -36]
[166 -39 -44]
[166 -40 -44]
[166 -40 -43]
[166 -40 -42]
[166 -50 19]
[166 -49 19]
[166 14 44]
[166 -41 21]
[166 4 59]
[166 -44 -21]
[166 -39 -45]
[166 -45 21]
[166 -38 -49]
[166 9 77]
[166 11 76]
[166 -41 -29]
[166 -52 -19]
[166 15 77]
[166 15 75]
[166 14 77]
[166 16 76]
[166 -50 -14]
[166 7 75]
[166 7 76]
[166 5 75]
[166 6 76]
[166 5 74]
[166 2 63]
[166 -43 22]
[166 -44 22]
[166 -39 -48]
[166 -51 -17]
[166 3 63]
[166 -39 -52]
[166 -38 -52]
[166 -39 -51]
[166 -39 -49]
[166 -40 -37]
[166 -40 -35]
[166 -39 -37]
[166 3 59]
[166 3 61]
[166 -51 -16]
[166 -52 -15]
[166 12 76]
[166 -50 -21]
[166 -49 -22]
[166 -41 -32]
[166 -48 -21]
[166 -40 -41]
[166 -47 20]
[166 -51 16]
[166 -44 -22]
[166 -37 -52]
[166 -47 21]
[166 -46 21]
[166 -40 21]
[166 -37 13]
[166 -48 20]
[166 -40 -32]
[166 -40 -48]
[166 -40 -46]
[166 2 65]
[166 -39 -33]
[166 2 59]
[166 2 60]
[166 -50 18]
[166 -41 -26]
[166 -42 -27]
[166 -41 -27]
[166 -40 -34]
[166 3 62]
[166 -42 -32]
[166 -42 -31]
[166 17 -33]
[166 15 -33]
[166 -50 -17]
[166 -37 -53]
[166 -37 -54]
[166 -42 -30]
[166 -42 -29]
[166 -51 15]
[167 -39 22]
[167 -39 -50]
[167 14 76]
[167 18 76]
[167 -38 13]
[167 -39 -46]
[167 -51 17]
[167 -49 -14]
[167 29 -17]
[167 13 76]
[167 14 78]
[167 13 77]
[167 -53 -16]
[167 -41 -48]
[167 -41 -49]
[167 -40 -47]
[167 -50 20]
[167 35 -10]
[167 -43 -33]
[167 -42 -33]
[167 -39 -34]
[167 -38 -53]
[167 -40 -53]
[167 12 -34]
[167 -49 20]
[167 7 77]
[167 8 77]
[167 2 61]
[167 1 59]
[167 1 60]
[167 -41 -36]
[167 -40 -45]
[167 -52 -20]
[167 -45 -23]
[167 -42 23]
[167 -37 -55]
[167 -45 -7]
[167 4 75]
[167 -50 -23]
[167 -40 -49]
[167 -42 -28]
[167 12 77]
[167 11 77]
[167 -38 19]
[167 -51 -14]
[167 2 62]
[167 -45 23]
[167 -41 -45]
[167 -38 21]
[167 10 78]
[167 14 46]
[167 -50 -20]
[167 16 78]
[167 6 77]
[167 5 76]
[167 5 77]
[167 -41 -42]
[167 22 79]
[167 -46 22]
[167 -39 14]
[167 -38 -54]
[167 -41 -37]
[167 -52 -17]
[167 -38 -55]
[167 4 76]
[167 2 64]
[167 10 77]
[167 -40 -50]
[167 -40 -52]
[167 -41 -46]
[167 -51 19]
[167 -40 -40]
[167 1 63]
[167 -40 22]
[167 -36 13]
[167 22 78]
[167 -43 -32]
[167 2 58]
[167 4 58]
[167 -53 -20]
[168 11 78]
[168 19 76]
[168 -42 22]
[168 -41 -47]
[168 -40 -39]
[168 1 62]
[168 1 64]
[168 -41 -53]
[168 -40 -51]
[168 -39 -53]
[168 16 -34]
[168 6 58]
[168 -41 -43]
[168 25 -5]
[168 -52 -18]
[168 0 61]
[168 1 61]
[168 -42 24]
[168 -41 24]
[168 -41 23]
[168 -41 22]
[168 -54 -16]
[168 -43 -26]
[168 20 77]
[168 20 76]
[168 -46 23]
[168 -44 24]
[168 -44 23]
[168 6 78]
[168 -54 -21]
[168 -53 -21]
[168 0 59]
[168 4 77]
[168 4 78]
[168 5 78]
[168 -47 23]
[168 16 77]
[168 21 78]
[168 -40 23]
[168 -39 23]
[168 -39 -55]
[168 -39 21]
[168 -42 -46]
[168 -42 -47]
[168 14 -33]
[168 -42 -26]
[168 -52 18]
[168 -37 22]
[168 -38 22]
[168 9 78]
[168 -53 -15]
[168 -42 -25]
[168 -41 -38]
[168 -40 -38]
[168 -41 -54]
[168 -39 -54]
[168 -43 -29]
[168 -43 -30]
[168 15 78]
[168 -53 -19]
[168 21 80]
[168 -44 -23]
[168 4 74]
[168 12 78]
[168 -41 -44]
[168 -42 -49]
[168 -41 -50]
[168 -42 -48]
[168 -46 -22]
[168 -51 -21]
[168 -51 -22]
[168 -40 -33]
[168 9 79]
[168 3 76]
[168 3 75]
[168 14 79]
[168 -42 -37]
[169 -46 -23]
[169 0 62]
[169 -51 21]
[169 -41 -51]
[169 15 79]
[169 -46 -24]
[169 -40 -54]
[169 -42 -50]
[169 -51 -24]
[169 3 58]
[169 9 80]
[169 35 -11]
[169 -52 -21]
[169 -54 -20]
[169 -40 24]
[169 -44 -33]
[169 -44 -32]
[169 -44 -31]
[169 -43 -31]
[169 -54 -22]
[169 -53 -22]
[169 -41 -52]
[169 -42 -53]
[169 -42 -52]
[169 -46 24]
[169 -42 -38]
[169 -48 23]
[169 -48 24]
[169 -38 -56]
[169 -40 -56]
[169 -40 -55]
[169 0 60]
[169 0 58]
[169 -42 -23]
[169 11 79]
[169 -39 24]
[169 -43 -49]
[169 -54 -15]
[169 -53 19]
[169 -48 -23]
[169 -43 -47]
[169 -43 -45]
[169 -43 -46]
[169 20 79]
[169 -37 21]
[169 -42 -45]
[169 3 77]
[169 5 79]
[169 3 78]
[169 3 79]
[169 23 79]
[169 -42 -54]
[169 -55 -22]
[169 -55 -20]
[169 -43 -25]
[169 -43 -48]
[169 -45 -24]
[169 19 77]
[169 21 75]
[169 -42 -34]
[169 7 78]
[169 -36 21]
[169 24 79]
[169 17 78]
[169 2 76]
[169 14 -29]
[169 -54 -18]
[169 -54 -19]
[169 -44 -29]
[169 -54 -17]
[169 -44 -27]
[169 -42 -51]
[169 -42 -44]
[169 19 74]
[169 -42 -41]
[169 24 -6]
[170 -42 -55]
[170 -49 23]
[170 -45 -28]
[170 -44 -30]
[170 8 78]
[170 2 77]
[170 -49 24]
[170 38 10]
[170 7 79]
[170 -43 -51]
[170 -38 24]
[170 10 79]
[170 34 -12]
[170 -41 -55]
[170 -41 -56]
[170 -41 25]
[170 -53 -23]
[170 -55 -21]
[170 -54 -23]
[170 -55 -23]
[170 8 80]
[170 -51 -23]
[170 -50 -24]
[170 -39 -56]
[170 -42 -39]
[170 15 -29]
[170 -45 -33]
[170 -45 -32]
[170 -55 -16]
[170 -52 17]
[170 -44 -50]
[170 15 80]
[170 14 80]
[170 -43 -53]
[170 -43 -52]
[170 -52 -25]
[170 -35 20]
[170 -35 22]
[170 -45 -27]
[170 -44 -28]
[170 -56 -23]
[170 -56 -22]
[170 4 79]
[170 -43 -44]
[170 13 78]
[170 -54 20]
[170 -54 18]
[170 -51 22]
[170 -43 -41]
[170 2 79]
[170 2 78]
[170 16 44]
[170 13 79]
[170 10 80]
[170 8 81]
[170 -44 -25]
[170 -44 -45]
[170 -44 -46]
[170 25 80]
[170 -43 -50]
[170 -43 25]
[170 -44 -49]
[170 -55 -19]
[170 -45 -30]
[170 -43 -54]
[170 8 79]
[170 20 74]
[170 -53 -18]
[170 -42 -24]
[170 -44 -47]
[170 1 58]
[170 36 -10]
[170 21 74]
[170 -56 -21]
[170 -56 -20]
[170 22 80]
[170 -54 -14]
[170 -55 -14]
[171 -44 -48]
[171 1 78]
[171 1 77]
[171 16 79]
[171 17 79]
[171 -42 -56]
[171 -40 -57]
[171 -41 -57]
[171 -42 -57]
[171 -42 -42]
[171 -53 17]
[171 -56 -24]
[171 -55 -24]
[171 -54 -24]
[171 -54 19]
[171 -45 -46]
[171 -43 -42]
[171 3 80]
[171 -46 -26]
[171 -46 -27]
[171 -44 -26]
[171 27 -5]
[171 -53 -25]
[171 -52 -26]
[171 -53 -26]
[171 13 46]
[171 -1 57]
[171 -46 -32]
[171 -43 -38]
[171 -39 25]
[171 -57 -23]
[171 -57 -21]
[171 -57 -22]
[171 -44 -51]
[171 -45 -29]
[171 -35 19]
[171 11 80]
[171 34 -13]
[171 16 -33]
[171 -55 19]
[171 -54 21]
[171 9 81]
[171 -45 -48]
[171 6 80]
[171 6 79]
[171 19 78]
[171 -50 23]
[171 1 79]
[171 -44 -54]
[171 -44 -52]
[171 -43 26]
[171 -43 -55]
[171 29 -18]
[171 20 81]
[171 20 80]
[171 -50 25]
[171 -50 24]
[171 -45 -49]
[171 7 80]
[171 -50 21]
[171 -44 -53]
[171 -44 -55]
[171 -40 26]
[171 -41 26]
[171 -57 -20]
[171 -56 -19]
[171 -55 17]
[171 -45 -51]
[171 -45 -50]
[171 12 79]
[171 -43 -43]
[171 -45 -26]
[171 23 81]
[171 -46 -28]
[171 -52 -22]
[171 -52 -23]
[172 0 78]
[172 2 80]
[172 0 80]
[172 0 79]
[172 -43 -57]
[172 -43 -56]
[172 -56 -25]
[172 -55 -25]
[172 17 -32]
[172 5 80]
[172 6 81]
[172 -58 -23]
[172 -58 -22]
[172 7 82]
[172 -45 -25]
[172 11 81]
[172 -42 -40]
[172 -46 -51]
[172 -54 -25]
[172 1 57]
[172 -57 -24]
[172 -46 -46]
[172 -45 -45]
[172 -58 -21]
[172 -58 -20]
[172 -47 -28]
[172 -45 -56]
[172 -44 -56]
[172 -45 -55]
[172 -47 -29]
[172 -44 -38]
[172 -53 16]
[172 21 81]
[172 -47 -31]
[172 -44 -44]
[172 24 82]
[172 23 82]
[172 22 82]
[172 18 78]
[172 -45 -52]
[172 33 -14]
[172 35 -13]
[172 -47 -24]
[172 -35 21]
[172 -55 20]
[172 -39 26]
[172 -40 27]
[172 -55 22]
[172 -54 22]
[172 -53 22]
[172 -51 -27]
[172 24 81]
[172 16 80]
[172 14 81]
[172 19 81]
[172 26 -3]
[172 -44 -41]
[172 -44 -42]
[172 -56 19]
[172 -56 20]
[172 -56 18]
[172 -54 -26]
[172 -54 -27]
[172 -55 16]
[172 -41 27]
[172 -46 -47]
[172 13 80]
[172 -45 -54]
[172 -54 16]
[172 -54 17]
[172 -57 -25]
[172 19 82]
[172 18 -33]
[172 -46 -50]
[172 -51 -26]
[172 -34 19]
[172 -34 18]
[172 -35 18]
[172 -38 26]
[172 10 81]
[172 10 82]
[173 21 82]
[173 23 83]
[173 0 57]
[173 -47 -52]
[173 -47 -51]
[173 -46 -52]
[173 -54 15]
[173 -54 23]
[173 -50 -27]
[173 12 80]
[173 12 82]
[173 -1 81]
[173 -1 79]
[173 19 79]
[173 9 82]
[173 28 -16]
[173 -45 -43]
[173 -45 -41]
[173 -45 -42]
[173 -53 -27]
[173 -58 -24]
[173 -46 -55]
[173 -46 -53]
[173 -57 18]
[173 -55 -28]
[173 23 -7]
[173 -47 -27]
[173 -43 -36]
[173 -46 -45]
[173 -46 -44]
[173 -46 -49]
[173 -44 -57]
[173 1 80]
[173 1 81]
[173 2 81]
[173 -55 23]
[173 -56 21]
[173 20 83]
[173 18 81]
[173 18 82]
[173 8 82]
[173 -34 22]
[173 -35 23]
[173 -57 20]
[173 -57 21]
[173 -56 -26]
[173 -59 -23]
[173 -59 -21]
[173 -45 -47]
[173 -47 -48]
[173 -47 -46]
[173 34 -14]
[173 -57 -26]
[173 18 79]
[173 -48 -29]
[173 -48 -30]
[173 -55 15]
[173 -56 15]
[173 -45 -53]
[173 7 81]
[173 -46 -48]
[173 -46 -56]
[173 -56 17]
[173 15 -34]
[173 -39 28]
[173 -48 -32]
[173 -47 -32]
[173 -47 -30]
[173 -56 -16]
[173 -45 -57]
[173 18 -31]
[173 24 83]
[173 25 83]
[173 -59 -24]
[173 -59 -22]
[173 26 81]
[173 -58 -19]
[173 -36 18]
[173 -58 -25]
[173 -59 -19]
[173 -59 -20]
[173 -35 17]
[173 -48 -25]
[173 13 -34]
[173 -41 28]
[173 -44 -39]
[173 -45 -37]
[173 -44 -37]
[173 7 83]
[173 6 82]
[173 -47 -50]
[174 -46 -57]
[174 -47 -47]
[174 -45 -44]
[174 -35 16]
[174 -60 -20]
[174 -48 -27]
[174 35 -12]
[174 -46 -58]
[174 17 82]
[174 19 83]
[174 18 83]
[174 17 81]
[174 17 83]
[174 -48 -28]
[174 21 83]
[174 20 82]
[174 -47 -56]
[174 8 83]
[174 -58 21]
[174 -57 19]
[174 22 83]
[174 17 -34]
[174 -46 -54]
[174 -40 29]
[174 -39 29]
[174 -38 27]
[174 -46 -40]
[174 -46 -41]
[174 -57 17]
[174 15 81]
[174 -58 -26]
[174 -43 -35]
[174 -47 -49]
[174 -46 -43]
[174 18 80]
[174 -54 -28]
[174 0 56]
[174 5 81]
[174 -58 22]
[174 -58 20]
[174 -59 -26]
[174 -59 -25]
[174 6 83]
[174 -42 28]
[174 -42 29]
[174 26 83]
[174 -60 -21]
[174 -60 -22]
[174 9 83]
[174 -57 14]
[174 -33 20]
[174 -33 18]
[174 -48 -51]
[174 -48 -50]
[174 -49 -26]
[174 -49 -27]
[174 -48 -31]
[174 -58 19]
[174 -60 -19]
[174 -60 -18]
[174 -44 -40]
[174 14 -35]
[174 -60 -23]
[174 27 -4]
[174 -47 -53]
[174 2 82]
[174 -2 56]
[174 33 -15]
[174 -58 -27]
[174 -34 23]
[174 -33 22]
[174 -53 -28]
[174 3 81]
[174 17 80]
[174 0 81]
[174 1 82]
[174 -45 -36]
[174 12 83]
[174 13 83]
[174 13 81]
[174 -2 80]
[174 -2 82]
[174 -1 82]
[174 -1 80]
[174 -56 -27]
[174 -48 -49]
[174 -48 -48]
[175 16 81]
[175 28 -17]
[175 -61 -20]
[175 -1 55]
[175 -3 56]
[175 -2 55]
[175 21 84]
[175 -41 29]
[175 -49 -28]
[175 -45 -59]
[175 -59 -18]
[175 -61 -18]
[175 -61 -17]
[175 -44 -35]
[175 -56 14]
[175 -48 -52]
[175 -49 -48]
[175 -48 -26]
[175 14 82]
[175 -47 -55]
[175 -1 56]
[175 1 55]
[175 -55 24]
[175 -44 -58]
[175 -33 17]
[175 -60 -27]
[175 22 84]
[175 -35 15]
[175 -43 29]
[175 -42 30]
[175 -43 30]
[175 5 82]
[175 -59 21]
[175 -2 81]
[175 27 84]
[175 27 82]
[175 -59 18]
[175 -59 19]
[175 -49 -32]
[175 -47 -54]
[175 3 83]
[175 -38 29]
[175 24 -7]
[175 4 80]
[175 4 81]
[175 11 82]
[175 -59 20]
[175 -39 30]
[175 -52 -28]
[175 -52 -29]
[175 -54 -29]
[175 19 84]
[175 10 84]
[175 -53 -29]
[175 23 -8]
[175 16 -35]
[175 -58 17]
[175 -58 18]
[175 -57 16]
[175 -49 -49]
[175 -1 83]
[175 -2 83]
[175 0 83]
[175 2 83]
[175 4 82]
[175 3 82]
[175 15 82]
[175 -49 -31]
[175 -46 -37]
[175 -46 -36]
[175 -57 13]
[175 -58 15]
[175 -58 14]
[175 5 83]
[175 -48 -53]
[175 18 84]
[175 16 83]
[175 -60 -26]
[175 -48 -24]
[175 -34 24]
[175 -45 -40]
[175 24 84]
[175 -54 14]
[175 34 -15]
[175 -32 19]
[175 -58 23]
[175 5 84]
[175 14 83]
[175 -50 -26]
[176 -41 30]
[176 35 -14]
[176 -50 -49]
[176 7 84]
[176 16 82]
[176 27 81]
[176 28 81]
[176 13 82]
[176 23 84]
[176 -34 16]
[176 -46 -38]
[176 6 84]
[176 8 84]
[176 -2 54]
[176 0 55]
[176 -1 54]
[176 0 54]
[176 -37 28]
[176 -37 29]
[176 9 85]
[176 10 85]
[176 9 84]
[176 11 84]
[176 10 83]
[176 -62 -19]
[176 -62 -20]
[176 -61 -19]
[176 -49 -53]
[176 -51 -30]
[176 -52 -30]
[176 12 81]
[176 11 83]
[176 5 85]
[176 4 83]
[176 4 84]
[176 -42 31]
[176 -60 19]
[176 13 -36]
[176 -39 31]
[176 15 -35]
[176 -48 -56]
[176 -48 -55]
[176 -60 -17]
[176 -60 18]
[176 -60 17]
[176 1 54]
[176 24 -5]
[176 -61 -16]
[176 -62 -18]
[176 25 85]
[176 0 84]
[176 -2 84]
[176 0 82]
[176 1 83]
[176 -58 16]
[176 -4 56]
[176 -3 55]
[176 15 -36]
[176 -55 -30]
[176 -54 -30]
[176 -53 -30]
[176 -46 -59]
[176 -45 -60]
[176 -44 28]
[176 -1 84]
[176 -61 -26]
[176 22 85]
[176 20 85]
[176 -59 -17]
[176 17 84]
[176 16 84]
[176 -32 23]
[176 -3 84]
[176 -3 82]
[176 -57 23]
[176 -61 -27]
[176 21 85]
[177 -1 85]
[177 -53 -31]
[177 -33 24]
[177 -50 -29]
[177 -3 83]
[177 -2 85]
[177 -46 -35]
[177 2 53]
[177 0 53]
[177 23 85]
[177 -61 -25]
[177 -62 -27]
[177 -60 -24]
[177 -4 83]
[177 -58 -16]
[177 -60 -16]
[177 -49 -54]
[177 -48 -54]
[177 -49 -55]
[177 14 84]
[177 15 83]
[177 -47 -58]
[177 -1 53]
[177 -59 17]
[177 20 84]
[177 -63 -19]
[177 -57 22]
[177 -56 22]
[177 18 85]
[177 -5 55]
[177 26 79]
[177 -63 -21]
[177 -62 -21]
[177 -45 -58]
[177 -44 -60]
[177 -61 -15]
[177 -62 -17]
[177 -55 13]
[177 -55 -29]
[177 2 84]
[177 34 -16]
[177 -59 -27]
[177 -59 -28]
[177 16 -36]
[177 -31 22]
[177 -33 23]
[177 27 80]
[177 -3 85]
[177 16 85]
[177 15 85]
[177 -60 16]
[177 -59 16]
[177 12 85]
[177 -59 15]
[177 -51 -31]
[177 -38 31]
[177 6 86]
[177 4 85]
[177 6 85]
[177 3 85]
[177 -59 -16]
[177 19 -30]
[177 19 86]
[177 -43 -59]
[177 -50 -32]
[177 26 86]
[177 24 85]
[177 -52 -31]
[177 7 85]
[177 -32 22]
[177 10 86]
[177 8 86]
[177 -44 -61]
[177 25 -3]
[177 -56 13]
[177 29 -19]
[177 -62 -16]
[177 -63 -18]
[177 -63 -17]
[177 -61 17]
[177 11 85]
[177 -38 32]
[177 13 -37]
[178 1 84]
[178 -3 86]
[178 -2 86]
[178 13 84]
[178 13 85]
[178 12 84]
[178 -4 84]
[178 3 86]
[178 4 86]
[178 -62 -24]
[178 -62 -25]
[178 -42 32]
[178 39 10]
[178 39 11]
[178 3 84]
[178 18 -32]
[178 -56 12]
[178 -53 -32]
[178 17 85]
[178 15 84]
[178 1 52]
[178 0 52]
[178 -1 52]
[178 22 -8]
[178 28 85]
[178 28 83]
[178 -59 -15]
[178 -50 -30]
[178 17 86]
[178 15 86]
[178 -60 14]
[178 -63 -15]
[178 -62 -15]
[178 -2 57]
[178 8 85]
[178 1 85]
[178 2 85]
[178 -2 52]
[178 -2 53]
[178 19 85]
[178 20 86]
[178 -61 -21]
[178 -60 -14]
[178 -60 -15]
[178 -61 -14]
[178 18 86]
[178 18 87]
[178 -58 13]
[178 21 86]
[178 11 87]
[178 9 86]
[178 9 87]
[178 -47 -59]
[178 -63 -16]
[178 -64 -18]
[178 -64 -16]
[178 -64 -20]
[178 -57 12]
[178 14 86]
[178 -50 -33]
[178 -43 -60]
[178 0 85]
[178 5 86]
[178 8 87]
[178 13 -38]
[178 -38 33]
[178 27 -18]
[178 -63 -22]
[178 -64 -21]
[179 -58 12]
[179 -1 86]
[179 10 87]
[179 23 86]
[179 -61 -22]
[179 -51 -33]
[179 -5 84]
[179 -39 33]
[179 -64 -17]
[179 -3 52]
[179 14 87]
[179 16 86]
[179 2 86]
[179 17 87]
[179 16 87]
[179 -58 11]
[179 -4 85]
[179 14 85]
[179 -62 -26]
[179 -60 -25]
[179 -64 -22]
[179 -3 87]
[179 -2 87]
[179 28 84]
[179 -42 -61]
[179 1 51]
[179 -63 -14]
[179 -62 -14]
[179 -62 -22]
[179 -31 21]
[179 11 86]
[179 -2 51]
[179 -3 51]
[179 34 -17]
[179 -4 86]
[179 14 -36]
[179 29 85]
[179 27 85]
[179 9 88]
[179 12 86]
[179 24 86]
[179 0 86]
[179 -59 -14]
[179 13 86]
[179 13 87]
[179 -62 -23]
[179 20 87]
[180 -3 88]
[180 19 87]
[180 21 87]
[180 17 -37]
[180 8 88]
[180 12 87]
[180 -3 50]
[180 -2 50]
[180 -4 52]
[180 -61 -24]
[180 -63 -23]
[180 -64 -23]
[180 22 -9]
[180 -57 11]
[180 -45 -61]
[180 -41 33]
[180 -4 87]
[180 -5 86]
[180 -5 85]
[180 3 87]
[180 -4 88]
[180 23 87]
[180 7 88]
[180 27 86]
[180 22 87]
[180 5 87]
[180 6 87]
[180 -52 -33]
[180 -53 -33]
[180 17 -35]
[180 26 -19]
[180 -59 12]
[180 -47 -60]
[180 25 86]
[180 11 88]
[180 39 12]
[180 -31 24]
[180 7 86]
[180 -59 10]
[180 10 88]
[180 -6 84]
[180 1 86]
[180 1 87]
[180 14 -37]
[180 -4 53]
[180 15 87]
[180 7 87]
[180 -59 24]
[181 19 -32]
[181 -2 89]
[181 -6 85]
[181 25 87]
[181 -43 -61]
[181 -7 85]
[181 4 87]
[181 2 87]
[181 -60 21]
[181 -61 19]
[181 14 88]
[181 -2 88]
[181 -1 87]
[181 -59 11]
[181 -32 20]
[181 -6 86]
[181 -6 87]
[181 7 89]
[181 6 88]
[181 -58 -13]
[181 -58 -14]
[181 17 88]
[181 -4 89]
[181 -5 87]
[181 -5 89]
[181 21 88]
[181 23 88]
[181 12 -37]
[181 24 88]
[181 22 86]
[181 0 87]
[181 15 -37]
[181 0 50]
[181 5 88]
[181 -54 -33]
[181 12 88]
[181 11 89]
[181 -60 11]
[181 20 88]
[181 -1 49]
[181 28 86]
[181 -41 34]
[181 -42 34]
[181 -5 88]
[181 29 86]
[182 20 -32]
[182 -5 90]
[182 -6 88]
[182 -6 90]
[182 -6 89]
[182 -4 90]
[182 -1 88]
[182 -60 10]
[182 -61 10]
[182 -48 -59]
[182 4 88]
[182 -54 -32]
[182 -2 90]
[182 -1 90]
[182 -3 89]
[182 -57 10]
[182 -41 35]
[182 19 88]
[182 2 88]
[182 24 87]
[182 22 88]
[182 10 89]
[182 -1 48]
[182 0 48]
[182 -40 35]
[182 -8 85]
[182 -7 84]
[182 -7 86]
[182 8 89]
[182 9 89]
[182 14 89]
[182 13 88]
[182 15 88]
[182 5 89]
[182 18 88]
[182 27 -20]
[182 26 87]
[182 1 50]
[182 28 -4]
[182 29 -20]
[182 -7 87]
[182 -56 23]
[182 -59 -29]
[182 -5 52]
[182 21 89]
[182 -7 88]
[182 25 89]
[182 28 87]
[182 11 90]
[182 12 90]
[182 12 89]
[183 17 -36]
[183 13 90]
[183 11 91]
[183 12 91]
[183 -44 -62]
[183 6 90]
[183 4 89]
[183 4 90]
[183 27 87]
[183 1 88]
[183 17 89]
[183 16 88]
[183 27 -19]
[183 -1 89]
[183 10 90]
[183 -48 -60]
[183 -58 9]
[183 -1 47]
[183 -61 18]
[183 -7 89]
[183 -8 87]
[183 1 89]
[183 29 87]
[183 13 89]
[183 26 88]
[183 -57 -14]
[183 -4 91]
[183 -3 90]
[183 -3 91]
[183 -5 91]
[183 -62 10]
[183 -6 56]
[183 33 -18]
[183 33 -17]
[183 0 88]
[183 3 88]
[183 -8 86]
[183 0 91]
[183 0 89]
[183 -2 91]
[183 -41 36]
[183 25 -20]
[183 14 -39]
[183 -57 9]
[183 25 88]
[184 13 91]
[184 6 91]
[184 6 89]
[184 -2 92]
[184 -4 92]
[184 19 89]
[184 -3 92]
[184 -1 92]
[184 15 -40]
[184 23 89]
[184 -61 9]
[184 -62 11]
[184 16 89]
[184 -48 -61]
[184 2 89]
[184 25 -21]
[184 -42 36]
[184 27 88]
[184 3 89]
[184 0 90]
[184 -1 91]
[184 26 89]
[184 25 90]
[184 24 89]
[184 -57 8]
[184 -2 46]
[184 -2 47]
[184 2 90]
[184 28 88]
[184 -59 8]
[184 14 90]
[184 -61 21]
[184 20 -33]
[184 -43 -62]
[184 7 90]
[184 27 -17]
[185 24 91]
[185 25 91]
[185 26 91]
[185 12 92]
[185 11 92]
[185 9 90]
[185 -60 7]
[185 10 91]
[185 22 89]
[185 -60 12]
[185 5 92]
[185 5 90]
[185 -46 -62]
[185 17 -38]
[185 15 89]
[185 -1 93]
[185 -2 93]
[185 -59 -30]
[185 0 46]
[185 -4 93]
[185 -47 -62]
[185 16 -38]
[185 18 -36]
[185 18 89]
[185 3 90]
[185 -61 20]
[185 21 -9]
[185 -63 9]
[185 1 92]
[185 -61 12]
[185 -3 46]
[185 24 90]
[185 7 91]
[185 5 91]
[185 -62 8]
[185 15 90]
[185 14 92]
[185 14 91]
[185 -3 47]
[185 -62 12]
[185 -63 10]
[185 -43 36]
[185 24 -21]
[185 24 -20]
[185 28 89]
[185 -54 -34]
[185 -55 -33]
[185 18 90]
[186 15 92]
[186 27 90]
[186 26 92]
[186 27 91]
[186 4 91]
[186 2 91]
[186 -64 10]
[186 -64 8]
[186 -64 9]
[186 23 91]
[186 23 92]
[186 24 92]
[186 20 89]
[186 -60 23]
[186 29 89]
[186 8 91]
[186 7 92]
[186 1 90]
[186 -3 93]
[186 -5 93]
[186 0 92]
[186 -3 45]
[186 -5 94]
[186 -4 46]
[186 -62 7]
[186 -64 11]
[186 -63 11]
[186 -46 -63]
[186 15 91]
[186 -58 7]
[186 -61 6]
[186 21 90]
[186 -62 13]
[186 26 -20]
[186 -61 -23]
[186 -4 55]
[186 13 -40]
[186 10 93]
[186 23 90]
[186 22 90]
[186 26 90]
[186 17 90]
[186 0 45]
[186 27 89]
[186 1 91]
[186 8 90]
[186 0 94]
[186 -2 94]
[186 -1 94]
[186 -63 12]
[186 17 91]
[187 -49 -60]
[187 16 -41]
[187 14 -40]
[187 13 -41]
[187 -3 94]
[187 -65 8]
[187 -65 7]
[187 -63 7]
[187 -63 8]
[187 25 92]
[187 -48 -62]
[187 -57 7]
[187 2 92]
[187 -4 45]
[187 -5 46]
[187 -5 45]
[187 -5 56]
[187 3 91]
[187 16 -39]
[187 17 -39]
[187 27 92]
[187 -6 93]
[187 18 91]
[187 0 93]
[187 24 -22]
[187 8 92]
[187 9 91]
[187 10 92]
[187 22 91]
[187 22 92]
[187 13 92]
[187 29 90]
[187 -57 6]
[187 19 90]
[187 14 93]
[187 -65 9]
[187 -65 10]
[187 28 90]
[187 28 91]
[187 -3 95]
[187 4 93]
[187 6 93]
[187 -62 14]
[187 27 -21]
[187 -60 6]
[187 8 93]
[187 -64 12]
[187 -65 12]
[187 16 91]
[187 -2 45]
[187 -4 47]
[187 -4 48]
[187 -44 -63]
[187 11 93]
[187 11 94]
[187 9 94]
[187 9 93]
[187 -6 95]
[187 -49 -59]
[187 12 -39]
[187 12 -38]
[187 16 90]
[187 27 93]
[187 25 93]
[187 15 93]
[187 0 95]
[187 1 93]
[187 21 -10]
[187 -45 -62]
[188 -6 45]
[188 16 93]
[188 16 92]
[188 6 92]
[188 7 94]
[188 -65 11]
[188 4 92]
[188 3 92]
[188 20 91]
[188 13 93]
[188 14 94]
[188 -4 94]
[188 -66 9]
[188 -66 10]
[188 -4 96]
[188 -4 95]
[188 -2 96]
[188 -2 95]
[188 -57 5]
[188 -58 5]
[188 -58 6]
[188 -56 5]
[188 11 -39]
[188 10 94]
[188 9 92]
[188 21 92]
[188 12 93]
[188 -7 96]
[188 -7 95]
[188 -6 96]
[188 29 92]
[188 11 -37]
[188 -5 47]
[188 -47 -63]
[188 -47 -64]
[188 33 -19]
[188 28 92]
[188 -66 8]
[188 -1 95]
[188 23 -20]
[188 25 -19]
[188 1 45]
[188 8 95]
[188 8 94]
[188 -66 6]
[188 -66 7]
[188 -64 6]
[188 -1 45]
[188 24 93]
[188 26 93]
[188 -63 6]
[188 -42 -63]
[188 2 93]
[188 16 -40]
[188 18 -39]
[188 -64 7]
[188 12 94]
[188 -66 12]
[188 0 96]
[188 -6 47]
[188 23 93]
[188 -63 13]
[188 21 91]
[188 24 94]
[188 19 91]
[189 7 93]
[189 13 94]
[189 12 95]
[189 11 95]
[189 17 94]
[189 -49 -63]
[189 -48 -63]
[189 18 -37]
[189 20 92]
[189 20 93]
[189 22 93]
[189 -67 10]
[189 -67 8]
[189 -65 6]
[189 -46 -64]
[189 26 -22]
[189 25 -22]
[189 -55 -35]
[189 12 -41]
[189 20 90]
[189 18 92]
[189 -7 48]
[189 -6 48]
[189 -3 96]
[189 -1 96]
[189 -7 45]
[189 1 95]
[189 -63 5]
[189 -64 5]
[189 -49 -62]
[189 3 94]
[189 4 94]
[189 21 -11]
[189 2 94]
[189 -8 94]
[189 -50 -59]
[189 26 94]
[189 25 -23]
[189 -56 7]
[189 7 95]
[189 -5 96]
[189 -7 93]
[189 15 -42]
[189 16 -42]
[189 15 -39]
[189 -66 5]
[189 1 96]
[189 -58 4]
[189 26 -21]
[189 -66 11]
[189 -6 94]
[189 14 95]
[189 15 95]
[189 -67 11]
[189 17 92]
[189 -45 -63]
[189 20 -34]
[189 19 -34]
[189 -67 7]
[189 -67 6]
[189 3 93]
[189 -4 97]
[189 -3 97]
[189 -5 95]
[189 23 -21]
[189 -67 9]
[189 25 94]
[189 23 94]
[189 23 95]
[190 19 -38]
[190 -8 44]
[190 -8 45]
[190 -7 44]
[190 -8 46]
[190 1 94]
[190 13 95]
[190 17 93]
[190 -50 -60]
[190 -50 -62]
[190 15 -43]
[190 6 96]
[190 6 94]
[190 -6 97]
[190 17 95]
[190 18 94]
[190 -1 97]
[190 28 93]
[190 11 -40]
[190 12 96]
[190 -68 9]
[190 -68 10]
[190 11 96]
[190 13 96]
[190 16 94]
[190 15 94]
[190 -68 5]
[190 -68 6]
[190 -68 7]
[190 -8 47]
[190 -8 49]
[190 -8 48]
[190 -7 97]
[190 -8 95]
[190 -67 4]
[190 14 96]
[190 15 96]
[190 -59 4]
[190 -63 4]
[190 -64 4]
[190 -59 23]
[190 -49 -64]
[190 -5 97]
[190 -44 37]
[190 -58 -30]
[190 2 95]
[190 0 97]
[190 5 94]
[190 5 95]
[190 4 95]
[190 3 95]
[190 19 -35]
[190 -68 11]
[190 -9 95]
[190 -7 94]
[190 -43 -63]
[190 -65 13]
[190 -67 13]
[190 -49 -61]
[190 5 93]
[190 21 93]
[190 11 -38]
[190 -2 97]
[190 19 93]
[190 -67 12]
[190 -6 49]
[190 -7 47]
[190 22 96]
[190 22 94]
[190 26 -24]
[190 26 -23]
[190 25 95]
[190 16 95]
[190 26 95]
[191 19 94]
[191 19 95]
[191 -68 4]
[191 12 -42]
[191 -9 94]
[191 -8 96]
[191 -10 94]
[191 -9 96]
[191 24 -23]
[191 -5 98]
[191 -7 98]
[191 -6 98]
[191 19 -36]
[191 -41 -64]
[191 -9 44]
[191 -8 43]
[191 -9 45]
[191 15 97]
[191 16 96]
[191 16 97]
[191 22 95]
[191 -53 -35]
[191 19 92]
[191 -69 5]
[191 -69 6]
[191 -64 3]
[191 -62 3]
[191 -9 48]
[191 -9 46]
[191 5 96]
[191 24 95]
[191 -50 -61]
[191 -4 98]
[191 -3 98]
[191 23 96]
[191 -66 3]
[191 -69 12]
[191 17 96]
[191 -51 -60]
[191 17 -41]
[191 -8 97]
[191 27 94]
[191 -66 13]
[191 -64 14]
[191 -7 49]
[191 -7 50]
[191 -9 50]
[191 21 94]
[191 18 -40]
[191 -48 -64]
[191 -69 7]
[191 2 44]
[191 28 94]
[191 25 96]
[191 10 95]
[191 -65 4]
[191 21 95]
[191 22 97]
[191 -66 4]
[191 27 95]
[191 18 95]
[191 18 93]
[191 -59 3]
[191 4 96]
[191 24 -19]
[191 0 98]
[192 -7 99]
[192 -5 99]
[192 -69 11]
[192 -9 49]
[192 -10 49]
[192 18 97]
[192 18 -35]
[192 21 96]
[192 -10 46]
[192 -10 45]
[192 20 95]
[192 -6 50]
[192 -51 -63]
[192 9 96]
[192 -8 98]
[192 -9 97]
[192 -10 44]
[192 7 96]
[192 -63 15]
[192 -10 96]
[192 -50 -64]
[192 20 94]
[192 24 -24]
[192 -63 3]
[192 -69 4]
[192 -69 3]
[192 -50 -58]
[192 24 97]
[192 -66 2]
[192 3 96]
[192 -66 14]
[192 -65 14]
[192 -64 15]
[192 24 96]
[192 26 96]
[192 -11 95]
[192 29 93]
[192 -6 99]
[192 28 96]
[192 11 97]
[192 1 98]
[192 6 95]
[192 -5 50]
[192 -10 95]
[192 21 97]
[192 -59 2]
[192 -70 4]
[192 -70 7]
[192 -70 6]
[192 2 96]
[193 18 96]
[193 20 96]
[193 -12 96]
[193 -10 97]
[193 -11 97]
[193 -71 6]
[193 -71 7]
[193 -68 14]
[193 -65 2]
[193 -66 1]
[193 19 97]
[193 17 97]
[193 19 98]
[193 17 98]
[193 19 -40]
[193 -10 48]
[193 -42 -60]
[193 29 96]
[193 -9 98]
[193 26 97]
[193 25 97]
[193 29 94]
[193 25 98]
[193 -11 49]
[193 -11 48]
[193 19 96]
[193 -61 3]
[193 14 -44]
[193 -11 44]
[193 -4 99]
[193 8 96]
[193 9 95]
[193 -8 99]
[193 -11 46]
[193 -11 45]
[193 23 97]
[193 -8 100]
[193 -7 100]
[193 -6 100]
[193 1 99]
[193 -68 3]
[193 -68 2]
[193 -69 2]
[193 -10 98]
[193 -4 100]
[193 29 -3]
[193 27 96]
[193 10 97]
[193 -64 16]
[193 27 97]
[193 10 -40]
[193 1 97]
[193 -51 -61]
[194 -64 1]
[194 28 95]
[194 29 95]
[194 28 97]
[194 -12 44]
[194 -12 45]
[194 -63 16]
[194 -9 99]
[194 -11 99]
[194 26 98]
[194 -11 96]
[194 -68 1]
[194 -69 1]
[194 10 96]
[194 12 98]
[194 20 -41]
[194 18 -41]
[194 20 -40]
[194 26 99]
[194 -40 -65]
[194 -40 -64]
[194 24 98]
[194 -67 0]
[194 -66 0]
[194 -72 8]
[194 2 100]
[194 0 99]
[194 2 98]
[194 2 97]
[194 -60 2]
[194 -50 -63]
[194 -52 -64]
[194 -11 47]
[194 20 97]
[194 -61 2]
[194 -62 2]
[194 -51 -59]
[194 -51 -58]
[194 -13 96]
[194 -13 97]
[194 -58 -31]
[194 23 98]
[194 -7 101]
[194 9 -41]
[194 9 -39]
[194 -1 98]
[194 27 98]
[194 16 98]
[194 -70 12]
[194 -9 100]
[194 -68 15]
[195 -41 -65]
[195 2 45]
[195 -12 97]
[195 -14 97]
[195 2 99]
[195 1 101]
[195 -10 99]
[195 1 43]
[195 -11 98]
[195 -60 22]
[195 20 99]
[195 20 98]
[195 22 98]
[195 21 -40]
[195 10 -39]
[195 -12 99]
[195 -11 100]
[195 -72 5]
[195 -8 102]
[195 29 98]
[195 29 97]
[195 -65 0]
[195 20 -42]
[195 27 99]
[195 25 99]
[195 3 98]
[195 10 -41]
[195 28 99]
[195 -2 99]
[195 -67 15]
[195 27 -25]
[195 -3 99]
[195 -3 101]
[195 -3 100]
[195 -63 17]
[195 23 99]
[195 12 99]
[195 11 99]
[195 23 -25]
[195 15 -45]
[195 -9 101]
[195 -67 16]
[195 -73 8]
[195 -71 9]
[195 11 98]
[195 9 98]
[195 9 97]
[195 21 98]
[196 30 96]
[196 -10 100]
[196 8 -42]
[196 27 100]
[196 -73 5]
[196 -72 4]
[196 24 99]
[196 -54 -35]
[196 13 98]
[196 12 97]
[196 16 99]
[196 2 43]
[196 20 -39]
[196 -67 14]
[196 15 -44]
[196 -12 101]
[196 -12 100]
[196 -72 9]
[196 -73 7]
[196 21 99]
[196 -41 -66]
[196 -60 24]
[196 25 100]
[196 26 100]
[196 -71 13]
[196 10 98]
[196 21 -39]
[196 -2 101]
[196 -13 99]
[196 -12 98]
[196 30 95]
[196 30 97]
[196 -1 99]
[196 -1 100]
[196 -13 98]
[196 -53 -65]
[196 -8 103]
[196 -7 102]
[196 29 99]
[196 -69 16]
[196 16 -45]
[196 -68 16]
[196 -68 17]
[196 -51 -64]
[196 -71 10]
[196 -72 10]
[196 -74 9]
[196 10 99]
[196 17 99]
[196 8 97]
[196 -2 98]
[196 26 -26]
[196 0 101]
[196 8 98]
[196 -42 -64]
[196 3 99]
[196 -65 17]
[196 -2 102]
[196 -4 101]
[196 -3 102]
[196 13 100]
[196 11 100]
[196 -64 0]
[197 28 100]
[197 1 100]
[197 1 102]
[197 -65 18]
[197 -1 102]
[197 -2 100]
[197 -8 101]
[197 -10 101]
[197 -7 103]
[197 -6 101]
[197 -51 -62]
[197 0 102]
[197 2 101]
[197 9 99]
[197 -5 102]
[197 4 97]
[197 0 100]
[197 21 100]
[197 20 100]
[197 25 -27]
[197 7 99]
[197 -53 -36]
[197 24 100]
[197 -2 103]
[197 -74 10]
[197 -74 8]
[197 -75 10]
[197 -75 9]
[197 -73 10]
[197 15 99]
[197 -15 98]
[197 -9 102]
[197 -9 103]
[197 -7 104]
[197 -4 102]
[197 -14 98]
[197 12 100]
[197 13 97]
[197 -70 15]
[197 9 -42]
[197 18 98]
[197 -13 101]
[197 -13 100]
[197 15 98]
[197 17 100]
[197 13 99]
[197 33 -20]
[197 14 99]
[197 12 101]
[197 -67 18]
[198 14 -46]
[198 -8 104]
[198 -6 103]
[198 -2 104]
[198 19 -42]
[198 -76 10]
[198 -76 11]
[198 -14 100]
[198 -14 99]
[198 -1 101]
[198 8 99]
[198 22 -40]
[198 14 98]
[198 -76 9]
[198 15 -46]
[198 14 100]
[198 16 100]
[198 -16 98]
[198 -15 99]
[198 25 -28]
[198 4 100]
[198 4 98]
[198 27 101]
[198 -4 103]
[198 2 103]
[198 -66 19]
[198 9 -40]
[198 -63 18]
[198 -10 103]
[198 -14 102]
[198 3 100]
[198 14 97]
[198 -66 18]
[198 6 99]
[198 20 -37]
[198 19 99]
[198 20 101]
[198 -52 -37]
[198 7 98]
[198 -52 -36]
[198 14 101]
[198 2 102]
[198 3 101]
[198 3 102]
[198 -10 102]
[198 -10 104]
[198 3 97]
[198 23 100]
[198 1 103]
[198 13 101]
[199 21 -38]
[199 26 101]
[199 -11 103]
[199 -9 104]
[199 -42 -66]
[199 5 99]
[199 2 104]
[199 1 104]
[199 -17 98]
[199 -16 99]
[199 -17 99]
[199 -11 102]
[199 -11 104]
[199 14 -47]
[199 15 100]
[199 -77 9]
[199 21 -41]
[199 -14 101]
[199 18 100]
[199 -1 103]
[199 -15 100]
[199 19 -39]
[199 14 -45]
[199 4 99]
[199 9 100]
[199 21 102]
[199 20 102]
[199 -64 19]
[199 16 -44]
[199 -15 101]
[199 6 98]
[199 8 100]
[199 -55 -36]
[199 -52 -61]
[199 28 101]
[199 -6 102]
[199 17 101]
[199 4 101]
[199 4 102]
[199 3 103]
[199 -5 101]
[199 22 100]
[199 -8 105]
[199 -6 104]
[199 15 101]
[199 7 97]
[199 -53 -66]
[199 -72 11]
[199 22 101]
[199 -69 17]
[199 12 102]
[199 13 102]
[199 11 102]
[199 19 -43]
[199 -66 20]
[199 -76 12]
[199 -77 11]
[199 -77 10]
[199 -75 12]
[199 -3 103]
[199 3 104]
[199 7 100]
[199 5 98]
[199 -75 11]
[199 -3 104]
[199 10 100]
[199 -1 105]
[200 -64 20]
[200 21 101]
[200 19 100]
[200 18 99]
[200 -78 10]
[200 -78 8]
[200 -78 9]
[200 -17 100]
[200 -18 99]
[200 -5 100]
[200 -2 106]
[200 0 104]
[200 -1 104]
[200 16 101]
[200 -54 -65]
[200 14 102]
[200 0 103]
[200 6 100]
[200 -42 -67]
[200 -2 105]
[200 -3 105]
[200 -77 12]
[200 29 100]
[200 -73 12]
[200 26 -25]
[200 20 -38]
[200 25 -26]
[200 27 -27]
[200 19 102]
[200 -74 11]
[200 -11 105]
[200 -4 104]
[200 11 101]
[200 18 -44]
[200 2 105]
[200 -5 103]
[200 27 102]
[200 4 105]
[200 3 105]
[200 18 101]
[200 10 103]
[200 10 102]
[200 12 103]
[200 7 101]
[200 8 -43]
[200 -9 105]
[200 25 101]
[200 -16 100]
[200 -16 102]
[200 -16 101]
[200 10 101]
[200 6 97]
[200 5 97]
[200 13 103]
[200 23 102]
[200 -12 104]
[200 13 -46]
[200 -39 -64]
[200 16 -46]
[200 19 103]
[200 -65 21]
[200 -66 21]
[200 33 -21]
[201 -8 106]
[201 18 -45]
[201 -17 101]
[201 23 101]
[201 9 101]
[201 -70 16]
[201 -79 9]
[201 -12 102]
[201 -77 13]
[201 -15 102]
[201 -67 21]
[201 19 101]
[201 19 104]
[201 18 103]
[201 18 102]
[201 22 102]
[201 -73 13]
[201 -72 13]
[201 -1 107]
[201 -3 107]
[201 -63 19]
[201 4 104]
[201 15 -47]
[201 -5 104]
[201 -5 105]
[201 -4 105]
[201 5 100]
[201 4 106]
[201 5 104]
[201 5 102]
[201 4 103]
[201 5 101]
[201 -1 106]
[201 -79 10]
[201 9 103]
[201 1 105]
[201 25 102]
[201 24 102]
[201 28 102]
[201 16 102]
[201 -11 101]
[201 14 103]
[201 12 104]
[201 -3 106]
[201 -4 106]
[201 6 101]
[201 11 103]
[201 22 99]
[201 21 -37]
[201 -19 99]
[201 3 42]
[202 7 102]
[202 6 102]
[202 20 105]
[202 20 104]
[202 19 105]
[202 -69 18]
[202 13 -45]
[202 -16 103]
[202 5 105]
[202 -80 9]
[202 -80 10]
[202 -78 14]
[202 8 101]
[202 -17 102]
[202 4 42]
[202 -5 107]
[202 17 102]
[202 -12 105]
[202 5 103]
[202 -2 107]
[202 0 105]
[202 0 107]
[202 7 -43]
[202 -55 -66]
[202 24 101]
[202 -18 101]
[202 -18 100]
[202 9 104]
[202 11 104]
[202 -70 18]
[202 3 44]
[202 29 101]
[202 24 103]
[202 8 102]
[202 8 103]
[202 -10 105]
[202 20 103]
[202 -43 -65]
[202 26 102]
[202 -7 105]
[202 -2 108]
[202 0 106]
[202 -1 108]
[202 -80 8]
[202 23 103]
[202 -71 16]
[202 2 42]
[202 18 -43]
[202 -13 104]
[202 -9 106]
[202 -7 106]
[202 6 103]
[202 2 106]
[202 3 106]
[202 15 102]
[202 -20 100]
[202 33 -22]
[202 32 -22]
[202 -64 21]
[202 -65 22]
[202 -63 20]
[203 -5 106]
[203 -6 106]
[203 -4 108]
[203 -4 107]
[203 1 106]
[203 -19 100]
[203 3 45]
[203 -12 103]
[203 0 108]
[203 7 -42]
[203 -57 -32]
[203 6 104]
[203 18 104]
[203 -13 105]
[203 -14 104]
[203 -49 -58]
[203 -18 102]
[203 -71 19]
[203 -70 17]
[203 -77 15]
[203 -77 14]
[203 -78 15]
[203 21 104]
[203 21 103]
[203 16 103]
[203 15 103]
[203 10 104]
[203 9 102]
[203 -3 108]
[203 -10 106]
[203 4 107]
[203 11 105]
[203 13 105]
[203 13 104]
[203 7 104]
[203 7 103]
[203 -6 105]
[203 -8 107]
[203 18 105]
[203 22 103]
[203 -19 101]
[203 -19 102]
[203 -81 9]
[203 -81 7]
[203 -80 7]
[203 -1 109]
[203 0 109]
[203 -13 103]
[203 -13 102]
[203 -52 -38]
[203 -67 19]
[203 -59 25]
[203 6 -44]
[203 -81 10]
[203 -3 109]
[203 -2 109]
[203 27 -26]
[203 -43 -67]
[203 -20 99]
[203 -72 15]
[203 -72 16]
[203 25 103]
[203 -21 99]
[204 -20 101]
[204 -6 107]
[204 -7 107]
[204 17 103]
[204 -22 99]
[204 -4 110]
[204 -1 110]
[204 10 105]
[204 8 104]
[204 -70 19]
[204 21 105]
[204 14 104]
[204 17 -45]
[204 -11 106]
[204 1 107]
[204 -21 100]
[204 -21 101]
[204 -78 16]
[204 12 106]
[204 6 106]
[204 22 -38]
[204 1 108]
[204 22 104]
[204 -4 109]
[204 4 45]
[204 13 -48]
[204 6 105]
[204 -81 6]
[204 24 -29]
[204 8 105]
[204 1 109]
[204 -56 -66]
[204 12 105]
[204 8 -41]
[204 -58 -32]
[204 29 102]
[204 -20 102]
[204 -76 15]
[204 -73 16]
[204 -73 15]
[204 17 105]
[204 17 104]
[204 -73 17]
[204 -66 23]
[204 0 110]
[204 15 104]
[204 3 107]
[205 -7 108]
[205 -5 108]
[205 -14 103]
[205 -23 99]
[205 -23 100]
[205 -22 100]
[205 -74 16]
[205 8 -40]
[205 13 106]
[205 14 106]
[205 6 -42]
[205 16 104]
[205 10 106]
[205 -5 109]
[205 3 108]
[205 5 106]
[205 -74 17]
[205 -74 18]
[205 -73 18]
[205 -51 -37]
[205 22 -39]
[205 -44 -67]
[205 -1 111]
[205 -21 102]
[205 2 107]
[205 -52 -39]
[205 7 105]
[205 -53 -61]
[205 -22 101]
[205 2 108]
[205 24 104]
[205 14 105]
[205 29 103]
[205 24 -28]
[205 -77 17]
[205 9 105]
[205 -69 19]
[205 -80 6]
[205 28 103]
[205 22 105]
[205 0 111]
[205 3 41]
[205 -12 106]
[205 26 104]
[205 4 44]
[205 -64 23]
[205 -11 107]
[205 16 105]
[206 -6 109]
[206 -6 108]
[206 -72 20]
[206 23 -39]
[206 -78 17]
[206 7 106]
[206 -70 20]
[206 -75 17]
[206 -75 16]
[206 13 -47]
[206 23 -27]
[206 -6 110]
[206 13 107]
[206 11 107]
[206 -24 100]
[206 -24 99]
[206 -18 103]
[206 22 -37]
[206 7 -44]
[206 4 109]
[206 2 109]
[206 5 -42]
[206 -74 19]
[206 -75 19]
[206 15 107]
[206 -9 107]
[206 -3 110]
[206 -68 20]
[206 -58 -33]
[206 15 105]
[206 23 104]
[206 17 -44]
[206 -10 108]
[206 -10 107]
[206 -1 112]
[206 5 108]
[206 5 107]
[206 7 -40]
[206 26 105]
[206 -23 102]
[206 -67 23]
[206 11 106]
[206 9 106]
[206 -15 103]
[206 1 111]
[206 -5 111]
[206 -74 15]
[206 -2 110]
[206 5 45]
[206 -76 17]
[206 -78 18]
[206 -76 18]
[206 -65 23]
[207 23 105]
[207 3 109]
[207 1 110]
[207 0 112]
[207 15 106]
[207 14 107]
[207 -5 110]
[207 12 107]
[207 -3 111]
[207 -2 111]
[207 -22 102]
[207 -8 108]
[207 27 105]
[207 26 103]
[207 25 104]
[207 8 106]
[207 12 -49]
[207 -24 98]
[207 -25 98]
[207 25 105]
[207 12 -48]
[207 -9 109]
[207 -9 108]
[207 -53 -64]
[207 -7 110]
[207 -7 109]
[207 -71 21]
[207 6 109]
[207 -73 21]
[207 31 -23]
[207 29 104]
[207 -74 20]
[207 -75 20]
[207 -76 19]
[207 -54 -66]
[207 -66 24]
[207 4 43]
[207 27 -28]
[207 4 108]
[207 -6 112]
[207 -5 112]
[207 -6 111]
[207 -1 113]
[208 -2 114]
[208 -2 112]
[208 10 107]
[208 -25 97]
[208 16 106]
[208 -74 21]
[208 -75 21]
[208 5 44]
[208 -23 101]
[208 -4 111]
[208 -5 113]
[208 23 -40]
[208 2 110]
[208 32 -23]
[208 4 -43]
[208 7 107]
[208 8 107]
[208 -7 111]
[208 -66 25]
[208 -65 24]
[208 -6 113]
[208 -21 103]
[208 5 -44]
[208 -74 22]
[208 -72 21]
[208 -70 21]
[208 5 109]
[208 3 110]
[208 -67 24]
[208 13 108]
[208 11 108]
[208 -68 23]
[208 -43 -66]
[208 -2 113]
[208 -8 110]
[208 -78 19]
[208 6 107]
[208 -77 20]
[208 5 110]
[209 -3 113]
[209 6 108]
[209 28 104]
[209 -51 -39]
[209 -24 97]
[209 -3 112]
[209 -4 112]
[209 24 105]
[209 -76 21]
[209 7 108]
[209 -22 103]
[209 -78 20]
[209 -79 20]
[209 2 41]
[209 -69 23]
[209 11 -49]
[209 -69 21]
[209 -8 109]
[209 -75 22]
[209 5 111]
[209 -25 99]
[209 12 108]
[209 -73 22]
[209 -65 25]
[209 -75 23]
[209 9 107]
[209 6 43]
[209 -67 25]
[209 -4 113]
[209 -6 114]
[209 6 110]
[209 10 108]
[209 10 109]
[209 11 109]
[209 3 111]
[209 -77 21]
[209 6 44]
[209 6 -43]
[209 5 -41]
[209 31 -24]
[209 14 108]
[209 -7 112]
[209 -24 101]
[209 -25 96]
[210 -74 23]
[210 3 -43]
[210 -64 26]
[210 11 -50]
[210 9 108]
[210 6 111]
[210 -6 115]
[210 7 109]
[210 2 111]
[210 -3 114]
[210 2 40]
[210 -26 100]
[210 -24 96]
[210 -5 114]
[210 12 109]
[210 8 108]
[210 -73 23]
[210 32 -24]
[210 28 105]
[210 27 104]
[210 -67 26]
[210 -56 -33]
[210 4 111]
[210 4 110]
[210 13 109]
[210 -25 100]
[211 -23 96]
[211 -74 24]
[211 -5 115]
[211 -56 -32]
[211 -23 97]
[211 1 41]
[211 -67 27]
[211 -4 114]
[211 -27 100]
[211 -25 101]
[211 -57 -66]
[211 4 -42]
[211 -26 95]
[211 -51 -38]
[211 23 -29]
[211 -45 -68]
[211 -58 -34]
[211 -57 -34]
[212 -24 95]
[212 0 40]
[212 27 103]
[212 7 -41]
[212 -65 27]
[212 -64 25]
[212 27 106]
[212 7 111]
[212 7 110]
[212 -70 23]
[212 22 -29]
[212 23 -30]
[212 -27 99]
[212 11 110]
[212 9 109]
[212 -3 115]
[212 -22 95]
[212 -23 95]
[212 4 -45]
[212 3 -42]
[212 12 110]
[212 5 43]
[212 -22 96]
[212 8 110]
[212 -5 116]
[212 -4 115]
[212 7 -39]
[212 -26 94]
[212 32 -25]
[213 0 39]
[213 -1 40]
[213 -1 41]
[213 -23 94]
[213 -22 94]
[213 -26 99]
[213 -4 117]
[213 -5 117]
[213 10 110]
[213 8 109]
[213 32 -26]
[213 -22 97]
[213 -21 95]
[213 -21 96]
[213 1 39]
[213 6 -40]
[213 -4 116]
[213 -26 98]
[213 7 45]
[213 8 111]
[213 -17 103]
[213 1 40]
[213 -50 -39]
[213 -50 -40]
[213 22 -28]
[213 10 -51]
[213 9 110]
[213 -25 93]
[213 -27 93]
[214 -28 92]
[214 -57 -35]
[214 4 -44]
[214 9 111]
[214 7 44]
[214 10 -50]
[214 -21 97]
[214 -27 94]
[214 -26 93]
[214 -21 94]
[214 -27 98]
[214 -26 92]
[214 -68 25]
[214 -23 93]
[214 -21 93]
[215 -29 91]
[215 -27 91]
[215 1 38]
[215 -20 96]
[215 8 43]
[215 -20 94]
[215 -46 -67]
[215 -27 92]
[215 -28 93]
[215 -27 97]
[215 -28 97]
[215 -57 -67]
[215 -22 92]
[215 -20 93]
[215 -22 93]
[216 6 -41]
[216 8 -38]
[216 6 45]
[216 -28 96]
[216 -28 95]
[216 -28 91]
[216 -28 90]
[216 -30 90]
[216 -29 90]
[216 -27 90]
[216 0 41]
[216 -21 92]
[216 3 -45]
[216 0 38]
[216 2 38]
[216 -20 97]
[216 2 37]
[216 1 37]
[216 -29 93]
[216 -29 92]
[216 -25 91]
[216 -57 -68]
[216 -28 94]
[216 -25 92]
[216 -20 92]
[217 -27 89]
[217 -28 89]
[217 -30 91]
[217 -30 89]
[217 -30 94]
[217 -30 93]
[217 -24 91]
[217 2 -44]
[217 -30 92]
[217 -58 -66]
[217 -24 90]
[217 -57 -36]
[217 -71 23]
[217 -29 89]
[217 22 -27]
[217 21 -30]
[217 -31 90]
[217 -27 96]
[217 -29 95]
[217 -27 95]
[218 -29 94]
[218 -29 88]
[218 23 -37]
[218 -31 94]
[218 -26 91]
[218 -30 88]
[218 -31 88]
[218 -23 90]
[218 -31 91]
[218 -30 95]
[218 -26 88]
[218 -25 90]
[218 -31 92]
[218 -31 89]
[218 -28 88]
[218 -32 90]
[218 -32 89]
[218 -32 91]
[219 27 -29]
[219 -31 87]
[219 -23 89]
[219 -22 89]
[219 -25 87]
[219 -27 87]
[219 -31 93]
[219 -32 93]
[219 -58 -37]
[219 -33 89]
[219 -33 91]
[219 -26 89]
[219 22 -31]
[219 -45 -67]
[219 -33 90]
[219 -33 92]
[219 -32 92]
[219 -25 89]
[219 2 -45]
[219 -29 87]
[219 -28 87]
[219 -31 95]
[219 -33 88]
[219 -27 88]
[219 -32 88]
[220 -30 87]
[220 -26 86]
[220 -27 86]
[220 -28 86]
[220 -26 87]
[220 -34 91]
[220 -33 94]
[220 22 -30]
[220 -32 94]
[220 7 43]
[220 10 -52]
[220 9 -52]
[220 -26 90]
[220 -34 87]
[220 -29 86]
[220 -32 87]
[220 20 -31]
[220 -46 -66]
[220 -25 86]
[220 -25 88]
[220 7 -38]
[220 -21 88]
[220 -23 88]
[220 -34 93]
[220 -34 92]
[220 3 -46]
[221 -58 -38]
[221 1 -43]
[221 -46 -68]
[221 -34 88]
[221 -34 89]
[221 -34 90]
[221 -33 93]
[221 -35 94]
[221 -35 93]
[221 -34 94]
[221 -58 -65]
[221 -31 86]
[221 -27 85]
[221 -24 86]
[221 -24 87]
[221 -24 89]
[221 -32 86]
[221 3 -47]
[221 7 46]
[221 27 -30]
[221 -30 86]
[221 -29 85]
[221 -30 85]
[221 -35 88]
[221 -34 95]
[221 -28 85]
[221 -26 85]
[221 -35 92]
[221 -35 91]
[221 24 -38]
[221 -32 95]
[221 -24 85]
[221 -25 85]
[222 -35 89]
[222 -35 90]
[222 -31 85]
[222 21 -32]
[222 -36 91]
[222 -36 90]
[222 -36 92]
[222 -35 95]
[222 -1 38]
[222 -23 84]
[222 -24 84]
[222 -25 84]
[222 -23 86]
[222 -23 85]
[222 -36 93]
[222 -36 95]
[222 -36 94]
[222 -28 84]
[222 -30 84]
[222 -29 84]
[222 -35 87]
[222 -24 88]
[222 -57 -38]
[222 -26 84]
[222 -35 86]
[222 9 44]
[222 -27 84]
[222 -31 84]
[222 -23 87]
[222 -20 87]
[223 -22 86]
[223 3 -44]
[223 -37 94]
[223 -32 85]
[223 -32 84]
[223 -58 -67]
[223 -29 83]
[223 -36 89]
[223 -36 87]
[223 -37 92]
[223 -25 83]
[223 -23 83]
[223 -28 83]
[223 -27 83]
[223 -47 -68]
[223 -37 91]
[223 -37 90]
[223 -31 83]
[223 -22 85]
[223 -22 84]
[223 -22 83]
[223 -24 83]
[223 -37 89]
[223 -36 88]
[223 -26 83]
[223 -21 87]
[223 -36 86]
[224 -38 91]
[224 -22 87]
[224 -27 82]
[224 -32 83]
[224 -37 93]
[224 -21 85]
[224 -26 82]
[224 -30 82]
[224 -29 82]
[224 -21 84]
[224 -37 87]
[224 -37 88]
[224 -37 86]
[224 -38 88]
[224 -47 -69]
[224 21 -31]
[224 -24 82]
[224 -22 82]
[224 -21 82]
[224 -23 82]
[224 -38 92]
[224 -38 93]
[224 -22 88]
[224 8 45]
[224 -28 82]
[224 -37 95]
[224 -38 94]
[224 -38 95]
[224 28 -30]
[224 27 -31]
[224 -25 82]
[224 -21 83]
[225 -38 85]
[225 -29 81]
[225 -27 81]
[225 -38 87]
[225 -38 89]
[225 -38 90]
[225 -20 82]
[225 -20 83]
[225 -20 85]
[225 9 46]
[225 -21 81]
[225 -20 81]
[225 -22 81]
[225 -25 81]
[225 -23 81]
[225 -30 81]
[225 -57 -37]
[225 -26 81]
[225 -28 81]
[225 -39 95]
[225 -39 94]
[225 20 -30]
[225 -20 84]
[225 21 -29]
[225 -20 86]
[225 -39 88]
[225 26 -31]
[225 -39 93]
[225 -39 92]
[225 -50 -41]
[226 -30 80]
[226 -27 80]
[226 9 43]
[226 -39 89]
[226 -39 90]
[226 -39 87]
[226 -24 81]
[226 -21 86]
[226 -23 80]
[226 -24 80]
[226 -21 80]
[226 -20 80]
[226 -22 80]
[226 -40 94]
[226 -40 93]
[226 -39 91]
[226 -47 -70]
[226 -59 -66]
[226 -26 80]
[226 -39 84]
[226 -39 85]
[226 -38 84]
[226 -38 86]
[226 -19 80]
[226 -56 -68]
[226 -29 80]
[226 -25 80]
[227 -56 -69]
[227 -40 87]
[227 -40 86]
[227 -22 79]
[227 -27 79]
[227 -28 79]
[227 -1 37]
[227 -21 79]
[227 1 -45]
[227 -39 83]
[227 -38 83]
[227 -40 91]
[227 -40 92]
[227 -40 84]
[227 -40 85]
[227 -25 79]
[227 26 -30]
[227 -24 79]
[227 -41 92]
[227 -41 94]
[227 -41 93]
[227 -31 79]
[227 -39 86]
[227 -20 79]
[227 -18 80]
[227 -18 79]
[227 -18 81]
[227 25 -32]
[227 -40 89]
[227 8 42]
[228 -41 89]
[228 -40 88]
[228 -40 90]
[228 -19 81]
[228 -19 85]
[228 -27 78]
[228 -37 83]
[228 -22 78]
[228 -21 78]
[228 19 -31]
[228 -26 79]
[228 1 -46]
[228 -24 78]
[228 -20 78]
[228 -42 92]
[228 -42 93]
[228 -17 79]
[228 -18 78]
[228 -17 80]
[228 -17 78]
[228 -48 -69]
[228 -41 83]
[228 -41 84]
[228 -41 85]
[228 -41 86]
[228 -41 87]
[228 -17 81]
[228 -40 82]
[228 -29 79]
[228 -28 78]
[228 -42 91]
[228 -41 90]
[228 -41 91]
[228 -19 84]
[228 -18 82]
[229 -18 83]
[229 -18 85]
[229 -18 84]
[229 -42 87]
[229 -42 86]
[229 -42 83]
[229 -42 84]
[229 -41 88]
[229 -28 77]
[229 -42 89]
[229 3 -48]
[229 -23 79]
[229 -19 78]
[229 -42 85]
[229 -16 77]
[229 25 -31]
[229 -40 83]
[229 -42 90]
[229 -43 90]
[229 -17 82]
[229 -19 77]
[229 -18 77]
[229 -17 77]
[229 -17 83]
[229 -41 82]
[229 -47 -71]
[229 -42 88]
[230 -30 79]
[230 -43 87]
[230 -43 88]
[230 -43 89]
[230 -44 91]
[230 -44 90]
[230 8 41]
[230 -19 83]
[230 8 -52]
[230 -37 82]
[230 -36 82]
[230 10 44]
[230 -43 86]
[230 -20 77]
[230 -17 84]
[230 -43 91]
[230 2 -48]
[230 2 -49]
[230 -43 83]
[230 -43 85]
[230 -43 84]
[230 -26 78]
[230 -19 79]
[231 -55 -69]
[231 -29 77]
[231 -45 92]
[231 -44 92]
[231 -45 91]
[231 -45 89]
[231 -44 89]
[231 -44 88]
[231 -17 85]
[231 7 -53]
[231 -35 81]
[231 -44 85]
[231 -44 86]
[231 -25 77]
[231 -36 81]
[231 -19 86]
[231 11 43]
[231 11 44]
[231 -19 82]
[231 -21 77]
[231 -22 77]
[231 25 -33]
[231 -16 84]
[231 -16 85]
[231 -44 87]
[231 -23 78]
[231 -44 83]
[231 -50 -42]
[231 0 -47]
[231 -46 -72]
[231 -25 78]
[231 -44 82]
[231 -44 84]
[232 -34 80]
[232 -45 81]
[232 -44 81]
[232 -45 82]
[232 -47 -72]
[232 6 -54]
[232 -35 80]
[232 -29 78]
[232 -23 77]
[232 -45 88]
[232 -45 87]
[232 -45 84]
[232 -45 90]
[232 -46 91]
[232 -46 92]
[232 -46 93]
[232 -44 93]
[232 -46 90]
[232 -46 88]
[232 -45 93]
[232 -45 85]
[232 -45 86]
[233 -46 -71]
[233 -23 76]
[233 -46 89]
[233 -47 87]
[233 -46 87]
[233 -47 89]
[233 -46 86]
[233 -45 94]
[233 -46 94]
[233 -44 94]
[233 -33 79]
[233 -45 83]
[233 10 45]
[233 -46 -73]
[233 -47 92]
[233 -46 84]
[233 -46 83]
[233 -26 77]
[233 -45 80]
[233 -46 80]
[233 -46 82]
[233 24 -39]
[233 -46 85]
[233 -47 90]
[233 -47 91]
[233 -47 93]
[233 -50 -43]
[233 24 -33]
[233 6 -53]
[233 5 -55]
[234 -48 92]
[234 -48 93]
[234 -48 91]
[234 -33 78]
[234 -32 78]
[234 -34 79]
[234 -34 78]
[234 -47 82]
[234 -47 83]
[234 -47 84]
[234 -45 95]
[234 -47 85]
[234 -47 86]
[234 5 -54]
[234 -48 90]
[234 -48 89]
[234 -47 88]
[234 -47 81]
[234 -46 81]
[234 -47 80]
[234 -47 79]
[234 -48 87]
[234 -48 88]
[234 -48 86]
[234 -45 -71]
[234 -23 75]
[234 -46 79]
[234 -46 95]
[234 -47 94]
[234 -44 95]
[235 -48 85]
[235 -48 84]
[235 -49 91]
[235 -48 82]
[235 -48 83]
[235 -35 78]
[235 -2 36]
[235 -49 92]
[235 -49 90]
[235 -48 81]
[235 -48 80]
[235 -51 -43]
[235 -44 96]
[235 -45 96]
[235 -30 78]
[235 11 45]
[235 -46 78]
[235 -49 88]
[235 -49 89]
[235 -49 87]
[235 -51 -44]
[235 -46 96]
[235 24 -34]
[235 -48 78]
[235 -47 78]
[236 -49 80]
[236 -47 77]
[236 -49 85]
[236 11 46]
[236 -51 -45]
[236 -52 -45]
[236 -50 90]
[236 -50 87]
[236 -49 86]
[236 -27 77]
[236 -48 77]
[236 -49 78]
[236 -49 77]
[236 -48 79]
[236 -49 79]
[236 -50 89]
[236 7 -52]
[236 -49 82]
[236 -49 84]
[236 -49 83]
[236 -50 91]
[236 -47 97]
[236 -44 97]
[236 10 46]
[236 8 46]
[237 -35 77]
[237 -50 86]
[237 -50 84]
[237 -48 76]
[237 -49 76]
[237 -50 82]
[237 -50 79]
[237 -50 78]
[237 -50 77]
[237 -50 80]
[237 -51 89]
[237 -50 88]
[237 -51 88]
[237 -50 83]
[237 -51 -46]
[237 -49 81]
[237 -50 81]
[237 -50 85]
[237 -51 86]
[237 -51 87]
[237 -48 96]
[238 -36 77]
[238 -1 36]
[238 -51 79]
[238 -51 78]
[238 -44 -71]
[238 -51 81]
[238 -51 80]
[238 -51 83]
[238 -52 86]
[238 -52 -46]
[238 -44 98]
[238 -45 97]
[238 -51 85]
[238 -48 95]
[238 -47 75]
[238 -51 82]
[238 -50 76]
[238 -51 77]
[238 -32 79]
[238 -36 76]
[238 -51 84]
[238 -51 -47]
[238 -46 97]
[238 -52 88]
[238 -52 89]
[239 -52 79]
[239 -52 80]
[239 -52 78]
[239 -48 75]
[239 -48 74]
[239 -46 75]
[239 -46 74]
[239 -56 -70]
[239 -53 88]
[239 -53 89]
[239 -52 87]
[239 -53 87]
[239 -52 81]
[239 -52 83]
[239 -22 74]
[239 -52 77]
[239 -52 76]
[239 -51 76]
[239 -52 84]
[239 -52 82]
[239 -50 75]
[239 -52 85]
[239 -37 76]
[239 -45 98]
[239 -44 99]
[239 -45 99]
[239 -44 -70]
[239 -1 -48]
[239 -53 85]
[240 -45 76]
[240 -43 100]
[240 -49 95]
[240 -53 82]
[240 -53 81]
[240 -54 86]
[240 -53 84]
[240 -54 85]
[240 -54 84]
[240 -51 75]
[240 -45 74]
[240 -47 73]
[240 -46 73]
[240 -54 -69]
[240 -53 80]
[240 -53 79]
[240 5 -53]
[240 -47 74]
[240 -53 78]
[240 -53 -46]
[240 -49 74]
[240 -53 86]
[240 -54 89]
[240 23 -35]
[240 -48 73]
[240 -49 73]
[240 -37 75]
[240 -54 88]
[240 -54 90]
[240 -53 83]
[240 -53 77]
[241 -47 72]
[241 -49 72]
[241 -53 76]
[241 -55 86]
[241 -55 87]
[241 -54 78]
[241 -54 79]
[241 -54 77]
[241 -54 81]
[241 -54 80]
[241 -54 83]
[241 -55 85]
[241 -44 75]
[241 -45 75]
[241 -43 99]
[241 -50 72]
[241 -48 72]
[241 -50 73]
[241 -37 78]
[241 -54 87]
[241 -45 73]
[241 -55 84]
[241 -52 -47]
[241 -52 74]
[241 12 46]
[241 -46 72]
[241 -55 91]
[241 -54 91]
[241 -55 90]
[241 -55 88]
[241 -55 89]
[242 -56 89]
[242 -23 74]
[242 -55 78]
[242 -51 73]
[242 -51 74]
[242 -53 73]
[242 -53 74]
[242 -55 79]
[242 -56 88]
[242 -56 86]
[242 -56 87]
[242 24 -35]
[242 -54 82]
[242 -56 84]
[242 -56 83]
[242 7 -51]
[242 -43 75]
[242 -44 74]
[242 -43 76]
[242 -55 83]
[242 -46 71]
[242 -45 71]
[242 0 -49]
[242 -44 76]
[242 -56 90]
[242 -56 91]
[242 -1 -47]
[242 -44 73]
[242 -45 72]
[242 -44 72]
[242 -48 71]
[242 -38 78]
[242 1 -50]
[242 -51 72]
[242 -50 71]
[242 -51 71]
[242 6 -51]
[242 -57 -71]
[242 -56 85]
[242 -55 77]
[243 -54 76]
[243 -55 80]
[243 -56 80]
[243 -37 74]
[243 -56 -71]
[243 -52 73]
[243 -57 85]
[243 -57 84]
[243 -42 75]
[243 -57 87]
[243 -57 89]
[243 -49 70]
[243 -50 70]
[243 -51 70]
[243 -57 88]
[243 -22 73]
[243 -47 71]
[243 4 -55]
[243 -56 -72]
[243 -47 70]
[243 -45 70]
[243 -48 70]
[243 -38 79]
[243 -52 71]
[243 -52 72]
[243 -54 73]
[243 -43 73]
[243 -43 72]
[243 -54 72]
[243 -53 72]
[243 -49 71]
[243 -43 74]
[243 -1 -49]
[243 -56 82]
[243 -55 81]
[243 -55 82]
[243 -57 83]
[243 -57 90]
[243 -39 79]
[243 -56 79]
[243 -56 77]
[243 -56 76]
[243 -55 76]
[243 -44 71]
[243 -23 73]
[243 -42 74]
[243 -57 91]
[244 -57 79]
[244 -57 78]
[244 -56 78]
[244 -46 70]
[244 -50 69]
[244 -48 69]
[244 -56 81]
[244 -57 86]
[244 -58 83]
[244 -58 85]
[244 -24 72]
[244 -40 79]
[244 -42 76]
[244 -53 71]
[244 -58 86]
[244 -57 76]
[244 -55 75]
[244 -57 75]
[244 -57 77]
[244 -52 69]
[244 -54 74]
[244 -55 73]
[244 -55 72]
[244 -42 73]
[244 -58 88]
[244 -58 89]
[244 -41 74]
[244 -49 69]
[244 -51 69]
[244 -46 69]
[244 -43 77]
[244 -57 81]
[244 -57 80]
[244 -47 69]
[244 -54 -46]
[244 -53 70]
[244 3 -55]
[244 -39 78]
[244 -55 71]
[244 -38 73]
[244 -22 72]
[244 -23 72]
[245 -40 77]
[245 -39 77]
[245 -58 82]
[245 -56 71]
[245 -55 70]
[245 -56 72]
[245 -54 70]
[245 -56 74]
[245 -55 74]
[245 -39 72]
[245 -38 72]
[245 -58 79]
[245 -58 78]
[245 -58 87]
[245 -40 78]
[245 -41 78]
[245 -50 68]
[245 -52 70]
[245 -51 68]
[245 -56 73]
[245 -54 69]
[245 -47 68]
[245 -49 68]
[245 -48 68]
[245 -56 75]
[245 -58 90]
[245 -25 71]
[245 -59 82]
[245 -59 83]
[245 -59 88]
[245 -24 75]
[245 -40 73]
[245 -58 80]
[245 -58 81]
[245 -58 -72]
[245 0 -50]
[245 -58 92]
[245 -58 91]
[245 -57 82]
[245 -24 74]
[245 -58 77]
[245 -58 75]
[245 -41 76]
[245 -50 95]
[245 -54 -47]
[245 -58 76]
[245 -59 86]
[245 -59 85]
[245 -52 68]
[245 -59 87]
[245 -41 77]
[245 -58 84]
[245 -59 84]
[245 -54 71]
[246 -49 67]
[246 -48 67]
[246 -25 74]
[246 -60 85]
[246 -59 89]
[246 -59 79]
[246 -59 78]
[246 -42 77]
[246 -40 76]
[246 -41 75]
[246 -57 74]
[246 -59 76]
[246 -50 67]
[246 -60 86]
[246 -57 70]
[246 -57 72]
[246 -42 100]
[246 -40 75]
[246 -57 73]
[246 3 -56]
[246 -23 71]
[246 -42 78]
[246 -2 35]
[246 -21 73]
[246 -60 83]
[246 -59 91]
[246 -57 -72]
[246 23 -36]
[246 -60 87]
[246 -60 88]
[246 -60 89]
[246 -60 81]
[246 -52 67]
[246 -51 67]
[246 -41 73]
[246 -55 69]
[246 4 -53]
[246 -41 72]
[246 -53 69]
[246 -53 68]
[246 -59 77]
[246 -59 75]
[246 -59 80]
[246 -57 -73]
[246 -59 90]
[246 -57 93]
[246 -58 74]
[246 -60 84]
[246 -55 -47]
[246 -55 -46]
[246 -56 69]
[246 -40 71]
[246 -38 71]
[247 -61 83]
[247 -59 92]
[247 -56 70]
[247 -61 85]
[247 -61 84]
[247 -40 74]
[247 -61 80]
[247 -61 82]
[247 -60 82]
[247 -60 80]
[247 -61 81]
[247 -58 93]
[247 -57 71]
[247 -57 69]
[247 -58 71]
[247 -58 70]
[247 -60 75]
[247 -25 73]
[247 -42 101]
[247 -60 78]
[247 -58 73]
[247 -58 72]
[247 -60 79]
[247 -59 81]
[247 -61 90]
[247 -60 76]
[247 -61 86]
[247 -61 88]
[247 -60 90]
[247 -60 92]
[247 -49 66]
[247 -56 93]
[247 -24 70]
[247 -56 68]
[247 -57 68]
[247 -61 87]
[247 -26 72]
[247 -56 -48]
[247 -60 77]
[247 -59 74]
[248 -44 69]
[248 5 -51]
[248 -58 69]
[248 -1 -50]
[248 -41 71]
[248 -26 71]
[248 -62 82]
[248 -57 -49]
[248 -57 67]
[248 -39 71]
[248 -59 72]
[248 -58 68]
[248 -56 67]
[248 -58 67]
[248 -24 71]
[248 -59 73]
[248 -60 74]
[248 -60 73]
[248 -39 75]
[248 -60 91]
[248 -62 85]
[248 -61 76]
[248 -2 -48]
[248 -61 77]
[248 -61 78]
[248 -39 70]
[248 -55 -48]
[248 -23 70]
[248 -53 -70]
[248 -61 91]
[248 -51 66]
[248 -59 71]
[248 -61 79]
[248 -62 90]
[248 -62 89]
[248 -62 84]
[248 -55 68]
[248 -59 70]
[249 -60 72]
[249 -60 70]
[249 -62 77]
[249 -62 76]
[249 -61 74]
[249 -60 71]
[249 -63 84]
[249 -63 86]
[249 -45 68]
[249 -62 78]
[249 -39 76]
[249 -61 75]
[249 -40 69]
[249 -39 69]
[249 -40 70]
[249 -41 102]
[249 -41 101]
[249 -59 69]
[249 -59 68]
[249 -61 73]
[249 -54 -48]
[249 -63 88]
[249 -62 88]
[249 -50 66]
[249 -59 -73]
[249 -63 85]
[249 -60 69]
[249 -62 91]
[249 -61 92]
[249 -22 71]
[249 -62 79]
[249 -63 82]
[249 -62 87]
[249 -52 -70]
[250 -47 66]
[250 -38 70]
[250 -55 67]
[250 -24 73]
[250 -63 87]
[250 -64 89]
[250 -58 -70]
[250 -40 101]
[250 -46 67]
[250 -60 68]
[250 -62 75]
[250 -59 67]
[250 -62 74]
[250 -62 73]
[250 -2 -49]
[250 -41 103]
[250 -39 68]
[250 -61 69]
[250 -63 75]
[250 4 -52]
[250 -63 78]
[250 -63 77]
[250 -61 71]
[250 -2 -51]
[250 -2 -50]
[250 -56 -73]
[250 -63 79]
[250 -63 80]
[251 -63 91]
[251 3 -53]
[251 -64 86]
[251 -64 85]
[251 -40 103]
[251 -46 66]
[251 -63 74]
[251 -63 73]
[251 -1 -51]
[251 -63 89]
[251 -26 73]
[251 -63 76]
[251 -27 71]
[251 -62 72]
[251 -61 72]
[251 -60 67]
[251 -40 104]
[251 -53 -69]
[251 -49 65]
[251 -61 70]
[251 -44 68]
[251 -23 69]
[251 -22 69]
[251 -24 69]
[251 -64 76]
[251 -38 74]
[251 -41 68]
[251 -41 69]
[251 -64 81]
[251 -58 -71]
[251 -52 65]
[251 -41 70]
[251 -43 70]
[251 -64 87]
[251 2 -56]
[251 -56 -49]
[251 -64 90]
[251 -64 88]
[251 -64 78]
[251 -64 79]
[251 -64 80]
[251 -56 -46]
[251 -21 71]
[251 -64 75]
[251 -64 74]
[251 -62 71]
[251 -62 70]
[251 -56 -50]
[251 -56 -47]
[251 -42 70]
[251 -42 71]
[252 -42 69]
[252 -53 64]
[252 -61 68]
[252 -40 67]
[252 -41 67]
[252 -39 73]
[252 -65 79]
[252 -64 73]
[252 -65 73]
[252 -65 74]
[252 -64 77]
[252 -41 105]
[252 -41 104]
[252 -65 81]
[252 -22 68]
[252 -21 69]
[252 -59 -72]
[252 -64 83]
[252 -57 -48]
[252 -63 72]
[252 -63 71]
[252 -54 67]
[252 -50 65]
[252 -53 67]
[252 -65 78]
[252 -22 70]
[252 -63 70]
[252 -64 72]
[252 -65 76]
[252 -65 75]
[252 -65 86]
[252 -48 65]
[252 -25 72]
[253 -60 -72]
[253 1 -49]
[253 0 -51]
[253 -27 72]
[253 -66 73]
[253 -66 74]
[253 -65 84]
[253 -65 87]
[253 -52 64]
[253 -65 72]
[253 -64 70]
[253 -64 69]
[253 -39 67]
[253 -64 71]
[253 -55 -49]
[253 -66 81]
[253 -66 87]
[253 -66 86]
[253 -66 85]
[253 -65 77]
[253 2 -53]
[253 -42 66]
[253 -40 66]
[253 -39 66]
[253 -52 -69]
[253 -65 80]
[254 -40 65]
[254 -38 66]
[254 -67 82]
[254 -67 80]
[254 -59 -71]
[254 -57 -47]
[254 -67 73]
[254 -66 72]
[254 -45 67]
[254 -40 68]
[254 -65 71]
[254 -43 65]
[254 -66 75]
[254 -66 78]
[254 -41 66]
[254 -65 70]
[254 -66 80]
[254 -58 -49]
[254 2 -57]
[254 -67 86]
[254 -52 63]
[254 -67 88]
[254 -20 68]
[254 -66 71]
[254 -65 69]
[255 -68 86]
[255 -54 -68]
[255 -51 65]
[255 -67 74]
[255 -42 67]
[255 -43 67]
[255 -20 72]
[255 -21 68]
[255 -55 -50]
[255 -67 72]
[255 -67 71]
[255 -20 74]
[255 -66 69]
[255 -67 75]
[255 -58 -48]
[255 -20 69]
[255 -51 63]
[255 -67 79]
[255 -67 81]
[255 -68 83]
[255 -66 88]
[255 -68 87]
[255 -68 73]
[255 -68 72]
[255 -66 68]
[255 -2 -52]
[255 -67 78]
[255 -66 70]
[255 -67 70]
[255 -43 69]
[256 -67 69]
[256 -67 68]
[256 -68 71]
[256 -53 63]
[256 -69 72]
[256 -44 64]
[256 -67 84]
[256 -42 65]
[256 -66 89]
[256 -68 80]
[256 -42 68]
[256 -54 -50]
[256 -68 69]
[256 -68 70]
[256 -41 65]
[256 -3 -53]
[256 -1 -53]
[256 -68 78]
[256 -68 77]
[256 -67 76]
[256 -68 75]
[256 -68 74]
[256 -68 82]
[256 -69 74]
[256 -3 -52]
[257 -69 83]
[257 -54 -51]
[257 -70 73]
[257 -70 71]
[257 -68 68]
[257 -67 67]
[257 -38 67]
[257 1 -57]
[257 -69 86]
[257 -51 62]
[257 -20 73]
[257 -59 -48]
[257 -41 64]
[257 -20 70]
[257 -67 90]
[257 -69 70]
[257 -69 81]
[257 -69 68]
[258 -66 91]
[258 -68 90]
[258 -70 80]
[258 -68 67]
[258 1 -58]
[258 -69 75]
[258 -69 85]
[258 -70 85]
[258 0 -54]
[258 -1 -54]
[258 -70 83]
[258 -69 71]
[258 0 -58]
[258 -68 85]
[258 -51 -69]
[258 -71 72]
[258 -70 72]
[258 -69 69]
[258 -70 69]
[258 -44 63]
[258 -21 70]
[258 -66 90]
[258 -26 74]
[258 -54 64]
[258 -67 77]
[258 -69 78]
[258 -69 77]
[258 -69 76]
[258 -71 71]
[258 -71 70]
[258 -42 64]
[258 -70 68]
[258 -70 67]
[258 -43 64]
[258 -47 65]
[259 -70 74]
[259 -71 68]
[259 -70 66]
[259 -43 63]
[259 -70 82]
[259 -69 84]
[259 -70 81]
[259 -71 67]
[259 -71 69]
[259 -69 67]
[259 -70 70]
[259 -70 84]
[259 -70 86]
[259 -46 64]
[259 -70 76]
[259 -20 71]
[259 -71 82]
[259 -60 -71]
[259 -72 72]
[259 -72 71]
[259 -69 66]
[259 -27 74]
[259 -50 -69]
[259 -54 -52]
[259 -72 70]
[259 -69 80]
[259 -2 -53]
[259 -71 80]
[259 -72 69]
[259 -60 -70]
[260 -72 67]
[260 -71 66]
[260 -73 70]
[260 -73 71]
[260 -41 106]
[260 -70 75]
[260 -71 73]
[260 -72 68]
[260 -3 -54]
[260 -55 -52]
[260 -73 72]
[260 -73 73]
[260 -73 69]
[260 -73 68]
[260 -70 78]
[260 -68 91]
[260 -44 65]
[261 -43 66]
[261 -74 71]
[261 -74 69]
[261 -74 70]
[261 -61 -70]
[261 -71 65]
[261 -73 67]
[261 -74 67]
[261 -3 -48]
[261 -71 84]
[261 -71 86]
[261 -72 73]
[261 -71 81]
[261 -72 66]
[261 -74 68]
[261 -54 63]
[261 -72 65]
[261 3 -52]
[261 -72 74]
[261 -74 73]
[261 -27 73]
[262 -72 64]
[262 -73 66]
[262 -75 69]
[262 -75 70]
[262 -61 -72]
[262 -51 61]
[262 -75 71]
[262 -74 74]
[262 -73 74]
[262 -45 64]
[262 -47 63]
[262 -73 65]
[262 -72 80]
[262 -75 73]
[262 -71 77]
[262 -75 68]
[262 -74 66]
[262 -75 67]
[262 -71 83]
[262 -57 -70]
[262 -42 107]
[262 -40 107]
[262 -41 107]
[263 -74 65]
[263 -74 64]
[263 -73 64]
[263 -50 60]
[263 -76 74]
[263 -72 75]
[263 -73 75]
[263 -76 69]
[263 -76 68]
[263 -76 72]
[263 -76 70]
[263 -21 74]
[263 -75 65]
[263 -75 66]
[263 -1 -58]
[263 -52 -68]
[263 -43 108]
[263 -41 108]
[263 -76 66]
[263 -76 67]
[263 -62 -71]
[263 -40 108]
[263 -42 108]
[263 -71 78]
[263 -71 85]
[263 -72 83]
[264 -55 63]
[264 -39 109]
[264 -74 75]
[264 -39 108]
[264 -43 107]
[264 -77 66]
[264 -77 69]
[264 -44 108]
[264 -28 71]
[264 -74 63]
[264 -75 63]
[264 -75 64]
[264 -77 67]
[264 -76 65]
[264 -73 79]
[264 -46 62]
[264 -52 60]
[264 -45 63]
[264 -2 -59]
[264 -75 74]
[264 -19 72]
[265 -40 109]
[265 -28 72]
[265 -62 -72]
[265 -49 -69]
[265 -76 73]
[265 -78 65]
[265 -77 65]
[265 -78 66]
[265 -73 82]
[265 -56 -52]
[265 -4 -54]
[265 -76 63]
[265 -76 64]
[265 -1 -59]
[265 -76 62]
[265 -73 78]
[265 -53 -68]
[265 -72 87]
[265 -43 109]
[265 -44 107]
[265 -43 106]
[265 -77 64]
[266 -72 82]
[266 -73 83]
[266 -3 -60]
[266 -2 -60]
[266 -77 63]
[266 -77 61]
[266 -77 62]
[266 -77 72]
[266 -45 62]
[266 -79 64]
[266 -74 77]
[266 -73 77]
[266 0 -53]
[266 -78 64]
[266 -79 65]
[266 -74 81]
[266 -78 70]
[266 -51 -68]
[266 -62 -73]
[266 -46 61]
[266 -78 63]
[266 -29 70]
[267 -30 70]
[267 -72 84]
[267 -74 82]
[267 -78 62]
[267 -79 62]
[267 -79 63]
[267 -50 62]
[267 -3 -61]
[267 -4 -60]
[267 -51 60]
[267 -4 -52]
[267 -79 71]
[267 -78 71]
[267 -75 80]
[267 -73 81]
[267 -55 64]
[267 -46 63]
[267 -63 -72]
[267 -80 66]
[267 -80 64]
[267 -80 65]
[267 -47 61]
[268 -29 69]
[268 -78 61]
[268 -80 63]
[268 -79 70]
[268 -62 -70]
[268 -5 -55]
[268 -79 61]
[268 -75 82]
[268 -80 62]
[268 -80 70]
[268 -74 79]
[268 -76 80]
[268 -76 79]
[268 -75 81]
[268 -49 62]
[268 -81 64]
[268 -63 -73]
[268 -64 -73]
[268 -29 71]
[268 -78 69]
[268 -50 61]
[268 -52 61]
[269 -47 62]
[269 -81 70]
[269 -81 69]
[269 -80 60]
[269 -81 66]
[269 -80 71]
[269 -4 -53]
[269 -4 -61]
[269 -79 68]
[269 -63 -71]
[269 -81 63]
[269 -81 62]
[269 -76 78]
[269 -49 61]
[269 -28 69]
[269 -74 80]
[269 -73 76]
[269 -82 65]
[269 -77 81]
[270 -82 69]
[270 -82 62]
[270 -77 79]
[270 -5 -54]
[270 -77 80]
[270 -5 -59]
[270 -82 64]
[270 -83 66]
[271 -49 60]
[271 -48 61]
[271 -83 69]
[271 -83 68]
[271 -83 62]
[271 -78 80]
[271 1 -53]
[271 -79 60]
[271 -76 83]
[271 -82 66]
[271 -78 78]
[271 -64 -74]
[272 -30 72]
[272 -48 62]
[272 -79 79]
[272 -79 80]
[272 -57 -52]
[272 -78 81]
[272 -83 67]
[272 -63 -74]
[272 -73 88]
[272 -80 67]
[272 -81 71]
[272 -27 69]
[272 -75 76]
[272 -79 78]
[272 -78 79]
[272 -79 77]
[272 -73 84]
[272 -77 83]
[272 -78 59]
[273 -80 80]
[273 -64 -75]
[273 -63 -75]
[273 -6 -59]
[273 -74 76]
[273 -79 72]
[273 -30 69]
[273 -77 82]
[273 -78 82]
[273 -84 62]
[273 -79 58]
[273 2 -52]
[273 -83 70]
[274 -81 80]
[274 -80 81]
[274 -79 81]
[274 -79 76]
[274 -78 77]
[274 -72 86]
[274 -73 87]
[274 -73 80]
[274 -5 -56]
[274 -79 59]
[274 -6 -55]
[274 -79 83]
[274 -31 72]
[274 -29 72]
[274 -84 68]
[274 -80 77]
[275 -85 62]
[275 -80 79]
[275 -82 81]
[275 -82 70]
[275 -65 -74]
[275 -5 -61]
[275 -78 57]
[275 -84 69]
[276 -81 79]
[276 -66 -75]
[276 -81 81]
[276 -86 62]
[276 -77 76]
[276 -81 82]
[276 -83 80]
[276 -6 -54]
[276 -76 76]
[276 -5 -60]
[277 -77 57]
[277 -76 75]
[277 -80 72]
[277 -7 -55]
[277 -82 79]
[277 -82 82]
[277 -84 71]
[277 -81 76]
[277 -82 83]
[277 -78 58]
[277 -6 -60]
[278 -84 70]
[278 -77 75]
[278 -81 72]
[278 -80 75]
[278 -81 83]
[278 -83 83]
[278 -87 61]
[278 -87 62]
[278 -65 -75]
[278 -82 75]
[279 -78 73]
[279 -83 82]
[279 -81 74]
[279 -84 83]
[279 -79 57]
[279 -88 61]
[279 -83 75]
[279 -84 72]
[279 -81 75]
[279 -77 56]
[279 -78 56]
[280 -84 81]
[280 -82 76]
[280 -32 72]
[280 -32 71]
[280 -66 -76]
[280 -76 55]
[280 -77 55]
[280 -80 74]
[280 -82 74]
[280 -5 -62]
[280 -79 74]
[280 -85 73]
[280 -83 72]
[280 -84 79]
[280 -81 73]
[280 -82 73]
[281 -83 76]
[281 -84 76]
[281 -84 75]
[281 -79 73]
[281 -84 73]
[281 -83 77]
[281 -84 82]
[281 -78 75]
[281 -85 83]
[281 -85 78]
[281 -83 74]
[281 -33 71]
[281 -86 72]
[282 -66 -77]
[282 -65 -77]
[282 -8 -56]
[282 -85 75]
[282 -85 69]
[282 -87 72]
[282 -87 71]
[282 -86 83]
[282 -86 74]
[282 -86 79]
[283 -85 77]
[283 -76 57]
[283 -87 79]
[283 -86 69]
[283 -86 68]
[283 -88 72]
[283 -87 70]
[283 -86 71]
[283 -85 80]
[283 -86 75]
[283 -87 74]
[283 -86 73]
[283 -6 -62]
[283 -65 -78]
[283 -33 70]
[283 -87 82]
[283 -78 74]
[284 -88 73]
[284 -89 71]
[284 -89 73]
[284 -88 69]
[284 -86 78]
[284 -86 76]
[284 -86 77]
[284 -88 78]
[284 -88 79]
[284 -88 81]
[284 -87 80]
[284 -86 81]
[284 -87 76]
[284 -87 69]
[284 -67 -75]
[285 -89 78]
[285 -89 79]
[285 -90 73]
[285 -88 74]
[285 -67 -76]
[285 -89 70]
[285 -89 69]
[285 -8 -55]
[285 -75 55]
[285 -87 81]
[285 -89 80]
[285 -87 83]
[285 -88 82]
[285 -87 77]
[286 -90 70]
[286 -89 81]
[286 -86 70]
[286 -91 74]
[286 -91 72]
[286 -89 77]
[286 -87 68]
[286 -34 70]
[286 -90 69]
[286 -90 78]
[286 -90 71]
[287 -89 82]
[287 -6 -63]
[287 -7 -63]
[287 -90 81]
[287 -88 67]
[287 -89 76]
[287 -90 80]
[287 -92 71]
[287 -92 72]
[287 -92 75]
[287 -68 -76]
[287 -35 70]
[287 -91 78]
[288 -91 71]
[288 -64 -78]
[288 -68 -77]
[288 -89 74]
[288 -34 69]
[288 -75 54]
[288 -93 73]
[288 -93 74]
[288 -91 75]
[288 -93 75]
[288 -93 76]
[288 -91 81]
[288 -90 75]
[288 -91 79]
[288 -90 76]
[288 -90 77]
[288 -91 77]
[289 -35 68]
[289 -76 56]
[289 -92 76]
[289 -94 74]
[289 -90 82]
[289 -69 -78]
[289 -9 -56]
[289 -93 71]
[289 -91 76]
[289 -88 68]
[289 -94 76]
[289 -92 80]
[290 -92 79]
[290 -95 76]
[290 -94 77]
[290 -94 72]
[290 -93 81]
[290 -36 67]
[291 -35 69]
[291 -93 78]
[291 -93 79]
[291 -69 -79]
[291 -91 82]
[291 -92 82]
[291 -91 73]
[291 -94 70]
[291 -8 -64]
[291 -92 81]
[292 -34 68]
[292 -9 -65]
[292 -93 83]
[292 -94 71]
[292 -94 69]
[292 -94 79]
[292 -95 72]
[292 -96 76]
[292 -93 70]
[293 -94 78]
[293 -93 84]
[293 -94 84]
[293 -94 83]
[293 -93 68]
[293 -89 66]
[293 -95 71]
[293 -93 69]
[293 -64 -79]
[294 -94 67]
[294 -94 82]
[294 -96 71]
[294 -10 -56]
[294 -96 72]
[294 -95 84]
[294 -97 76]
[294 -97 77]
[294 -95 78]
[294 -64 -80]
[294 -34 67]
[294 -36 68]
[294 -95 79]
[294 -95 83]
[295 -36 69]
[295 -96 77]
[295 -10 -66]
[295 -96 79]
[295 -96 78]
[295 -37 67]
[295 -89 67]
[295 -92 68]
[295 -69 -77]
[295 -10 -57]
[295 -95 80]
[295 -96 73]
[295 -97 73]
[295 -98 77]
[295 -97 78]
[295 -94 66]
[296 -96 82]
[296 -75 56]
[296 -96 80]
[296 -97 74]
[296 -98 72]
[296 -97 72]
[296 -96 74]
[296 -95 65]
[296 -98 78]
[296 -98 75]
[296 -95 81]
[296 -11 -57]
[297 -99 77]
[297 -99 79]
[297 -99 75]
[297 -98 74]
[297 -10 -65]
[297 -97 81]
[297 -98 73]
[297 -98 71]
[297 -99 72]
[297 -99 71]
[298 -96 84]
[298 -64 -81]
[298 -97 83]
[298 -95 64]
[298 -100 70]
[298 -98 80]
[298 -100 77]
[298 -97 82]
[298 -99 73]
[299 -100 78]
[299 -101 76]
[299 -98 81]
[299 -100 73]
[299 -98 70]
[299 -70 -76]
[299 -99 69]
[299 -11 -58]
[299 -98 83]
[299 -96 66]
[300 -96 64]
[300 -94 64]
[300 -101 71]
[300 -101 70]
[300 -98 69]
[300 -97 69]
[300 -99 82]
[300 -94 63]
[300 -99 83]
[300 -101 77]
[300 -91 67]
[300 -100 79]
[300 -101 74]
[300 -11 -66]
[300 -98 68]
[300 -99 68]
[300 -101 75]
[301 -100 68]
[301 -98 67]
[301 -91 66]
[301 -90 66]
[301 -95 63]
[301 -63 -82]
[301 -64 -82]
[301 -101 80]
[301 -97 67]
[301 -97 68]
[301 -97 65]
[301 -102 71]
[301 -102 72]
[301 -102 77]
[301 -102 74]
[301 -94 62]
[301 -101 73]
[302 -100 83]
[302 -100 82]
[302 -97 66]
[302 -98 66]
[302 -102 70]
[302 -93 62]
[302 -98 64]
[302 -37 68]
[302 -101 72]
[302 -102 78]
[302 -103 76]
[302 -103 73]
[302 -103 70]
[302 -94 61]
[302 -95 61]
[302 -9 -64]
[302 -96 63]
[302 -97 63]
[303 -101 84]
[303 -93 61]
[303 -93 60]
[303 -97 64]
[303 -97 62]
[303 -103 79]
[303 -103 78]
[303 -98 65]
[303 -102 81]
[303 -104 73]
[303 -63 -83]
[304 -104 75]
[304 -104 70]
[304 -103 71]
[304 -103 72]
[304 -92 60]
[304 -12 -58]
[304 -98 61]
[304 -97 61]
[304 -103 74]
[304 -101 81]
[304 -104 78]
[304 -102 84]
[304 -94 59]
[304 -93 59]
[305 -104 71]
[305 -99 64]
[305 -92 59]
[305 -102 85]
[305 -103 85]
[305 -103 83]
[305 -95 60]
[305 -104 69]
[305 -104 79]
[305 -97 60]
[305 -98 60]
[305 -104 76]
[305 -104 74]
[305 -105 74]
[305 -105 79]
[305 -104 77]
[306 -102 82]
[306 -105 72]
[306 -63 -84]
[306 -106 80]
[306 -105 78]
[306 -96 59]
[306 -97 59]
[306 -105 73]
[306 -99 60]
[306 -92 58]
[306 -105 77]
[306 -95 59]
[306 -105 75]
[306 -101 67]
[306 -104 82]
[306 -103 84]
[306 -93 58]
[307 -106 78]
[307 -106 79]
[307 -106 77]
[307 -105 71]
[307 -106 71]
[307 -92 57]
[307 -94 57]
[307 -97 58]
[307 -105 69]
[307 -99 61]
[307 -74 56]
[307 -98 58]
[307 -96 58]
[307 -12 -59]
[307 -105 70]
[307 -104 86]
[307 -99 59]
[307 -106 72]
[307 -106 74]
[307 -105 82]
[307 -100 61]
[308 -99 63]
[308 -100 64]
[308 -106 70]
[308 -96 57]
[308 -107 78]
[308 -101 61]
[308 -99 58]
[308 -105 85]
[308 -107 71]
[308 -107 70]
[308 -91 56]
[308 -95 56]
[308 -106 82]
[308 -106 73]
[308 -99 57]
[308 -97 57]
[309 -102 61]
[309 -101 60]
[309 -93 56]
[309 -92 56]
[309 -91 57]
[309 -13 -59]
[309 -98 57]
[309 -108 72]
[309 -105 83]
[309 -107 83]
[309 -107 82]
[309 -107 74]
[309 -100 57]
[309 -91 58]
[309 -99 62]
[309 -96 56]
[309 -94 56]
[309 -95 55]
[309 -100 56]
[309 -99 56]
[309 -62 -82]
[309 -105 84]
[309 -106 75]
[309 -63 -85]
[310 -101 63]
[310 -106 85]
[310 -100 55]
[310 -99 55]
[310 -90 56]
[310 -103 60]
[310 -104 68]
[310 -108 82]
[310 -13 -60]
[310 -96 54]
[310 -106 84]
[310 -12 -67]
[310 -69 -76]
[310 -92 55]
[310 -108 71]
[310 -62 -86]
[310 -102 62]
[310 -97 55]
[310 -93 55]
[310 -94 55]
[310 -12 -60]
[310 -108 77]
[310 -108 73]
[310 -108 74]
[311 -101 55]
[311 -96 55]
[311 -62 -85]
[311 -96 53]
[311 -106 83]
[311 -108 79]
[311 -101 57]
[311 -109 74]
[311 -107 85]
[311 -108 81]
[311 -109 76]
[311 -93 54]
[311 -95 54]
[311 -91 55]
[311 -90 55]
[311 -108 84]
[311 -109 81]
[311 -109 73]
[311 -109 72]
[311 -101 54]
[311 -90 59]
[312 -109 84]
[312 -108 83]
[312 -108 76]
[312 -108 78]
[312 -109 80]
[312 -13 -61]
[312 -89 55]
[312 -109 75]
[312 -95 53]
[312 -89 54]
[312 -108 75]
[312 -100 54]
[312 -100 53]
[312 -102 53]
[312 -92 54]
[312 -96 52]
[312 -97 54]
[312 -99 54]
[312 -104 59]
[312 -14 -60]
[313 -109 79]
[313 -102 55]
[313 -101 53]
[313 -109 77]
[313 -96 51]
[313 -110 84]
[313 -73 56]
[313 -91 54]
[313 -89 58]
[313 -97 52]
[313 -101 52]
[313 -14 -61]
[313 -61 -87]
[313 -99 53]
[313 -108 85]
[313 -105 59]
[313 -103 59]
[313 -98 54]
[314 -110 80]
[314 -102 56]
[314 -110 74]
[314 -110 79]
[314 -102 63]
[314 -102 51]
[314 -101 51]
[314 -98 51]
[314 -98 53]
[314 -109 85]
[314 -103 58]
[314 -99 52]
[314 -90 58]
[314 -102 52]
[314 -97 50]
[314 -96 50]
[314 -15 -61]
[314 -103 53]
[315 -104 58]
[315 -106 60]
[315 -110 75]
[315 -102 57]
[315 -104 57]
[315 -103 57]
[315 -15 -60]
[315 -61 -86]
[315 -104 52]
[315 -104 53]
[315 -102 50]
[315 -110 76]
[315 -111 79]
[315 -14 -62]
[315 -15 -62]
[315 -97 49]
[315 -95 49]
[315 -103 55]
[315 -99 51]
[315 -88 55]
[316 -111 73]
[316 -105 57]
[316 -99 50]
[316 -100 50]
[316 -101 50]
[316 -102 49]
[316 -103 49]
[316 -90 54]
[316 -15 -63]
[316 -106 61]
[316 -111 76]
[316 -98 49]
[316 -104 56]
[316 -104 54]
[316 -103 51]
[316 -105 52]
[316 -105 53]
[316 -87 54]
[317 -99 49]
[317 -105 55]
[317 -105 54]
[317 -90 53]
[317 -89 53]
[317 -96 48]
[317 -14 -59]
[317 -104 51]
[317 -100 51]
[317 -106 56]
[317 -109 86]
[317 -14 -63]
[317 -13 -62]
[317 -103 50]
[317 -15 -64]
[317 -86 53]
[317 -87 55]
[317 -107 60]
[317 -112 80]
[317 -104 48]
[317 -103 48]
[317 -104 49]
[317 -102 48]
[317 -106 52]
[317 -104 61]
[317 -101 49]
[318 -106 54]
[318 -104 50]
[318 -60 -88]
[318 -104 55]
[318 -104 47]
[318 -103 47]
[318 -112 79]
[318 -100 48]
[318 -112 76]
[318 -16 -60]
[318 -89 52]
[318 -95 47]
[318 -101 47]
[318 -101 59]
[318 -109 87]
[318 -108 87]
[318 -88 54]
[318 -16 -61]
[318 -86 52]
[318 -106 51]
[318 -89 57]
[318 -105 61]
[318 -107 59]
[318 -112 74]
[318 -105 62]
[319 -107 53]
[319 -60 -87]
[319 -105 50]
[319 -105 48]
[319 -108 61]
[319 -108 59]
[319 -111 77]
[319 -95 48]
[319 -89 56]
[319 -89 51]
[319 -105 47]
[319 -104 46]
[319 -85 51]
[319 -85 53]
[319 -99 48]
[319 -87 56]
[319 -107 54]
[319 -101 46]
[319 -107 52]
[319 -107 50]
[320 -104 63]
[320 -106 48]
[320 -103 45]
[320 -107 56]
[320 -84 53]
[320 -108 49]
[320 -99 47]
[320 -84 52]
[320 -113 75]
[320 -108 60]
[320 -106 50]
[320 -86 56]
[320 -106 53]
[320 -86 57]
[320 -88 53]
[320 -110 87]
[320 -100 46]
[320 -109 59]
[320 -105 46]
[321 -59 -88]
[321 -108 58]
[321 -108 50]
[321 -108 48]
[321 -107 48]
[321 -104 44]
[321 -103 44]
[321 -85 55]
[321 -111 87]
[321 -109 88]
[321 -88 51]
[321 -106 49]
[321 -107 47]
[321 -106 62]
[321 -104 45]
[321 -113 74]
[321 -84 50]
[321 -106 45]
[321 -108 57]
[321 -108 52]
[321 -17 -60]
[321 -100 47]
[321 -99 45]
[322 -109 48]
[322 -109 89]
[322 -110 88]
[322 -102 45]
[322 -109 49]
[322 -105 63]
[322 -109 58]
[322 -109 51]
[322 -105 43]
[322 -107 57]
[322 -108 47]
[322 -107 44]
[322 -86 54]
[322 -17 -61]
[322 -87 51]
[322 -87 50]
[322 -100 44]
[322 -16 -65]
[322 -59 -87]
[322 -72 56]
[322 -107 46]
[322 -98 47]
[322 -111 86]
[322 -85 52]
[322 -105 44]
[322 -58 -87]
[322 -60 -89]
[322 -58 -89]
[322 -109 56]
[323 -102 44]
[323 -106 44]
[323 -110 50]
[323 -58 -88]
[323 -106 42]
[323 -108 89]
[323 -17 -65]
[323 -108 45]
[323 -109 47]
[323 -109 46]
[323 -89 50]
[323 -106 43]
[323 -109 52]
[323 -110 52]
[323 -110 51]
[323 -108 46]
[323 -110 48]
[323 -86 51]
[323 -88 49]
[323 -87 49]
[323 -18 -61]
[323 -110 59]
[324 -86 55]
[324 -111 48]
[324 -110 47]
[324 -102 43]
[324 -103 43]
[324 -107 42]
[324 -105 41]
[324 -107 43]
[324 -111 88]
[324 -110 89]
[324 -110 56]
[324 -98 46]
[324 -108 90]
[324 -107 89]
[324 -111 49]
[324 -18 -62]
[324 -88 50]
[324 -110 60]
[324 -105 42]
[324 -110 46]
[324 -71 56]
[324 -59 -89]
[325 -108 42]
[325 -104 42]
[325 -100 43]
[325 -106 41]
[325 -108 41]
[325 -109 44]
[325 -106 88]
[325 -111 50]
[325 -57 -88]
[325 -18 -66]
[325 -88 52]
[325 -85 50]
[325 -103 42]
[325 -101 42]
[325 -111 55]
[325 -98 45]
[325 -112 49]
[325 -109 90]
[325 -107 91]
[325 -59 -90]
[325 -58 -90]
[325 -97 45]
[325 -97 46]
[326 -16 -66]
[326 -107 41]
[326 -103 41]
[326 -100 42]
[326 -106 92]
[326 -109 43]
[326 -108 43]
[326 -107 40]
[326 -106 40]
[326 -110 43]
[326 -113 49]
[326 -19 -67]
[326 -105 89]
[326 -84 49]
[326 -100 41]
[326 -102 41]
[326 -59 -91]
[326 -70 56]
[326 -58 -91]
[326 -88 48]
[326 -109 40]
[327 -88 47]
[327 -87 47]
[327 -99 41]
[327 -58 -92]
[327 -57 -90]
[327 -102 40]
[327 -103 40]
[327 -104 40]
[327 -111 45]
[327 -106 89]
[327 -20 -68]
[327 -110 44]
[327 -110 42]
[327 -105 40]
[327 -101 40]
[327 -105 39]
[327 -87 48]
[327 -110 54]
[327 -112 50]
[327 -109 91]
[327 -105 93]
[327 -111 44]
[327 -112 51]
[328 -102 39]
[328 -100 39]
[328 -105 91]
[328 -105 92]
[328 -19 -61]
[328 -108 91]
[328 -87 46]
[328 -16 -64]
[328 -104 39]
[328 -111 46]
[328 -18 -60]
[328 -111 43]
[328 -97 44]
[328 -106 93]
[328 -104 93]
[328 -107 39]
[328 -106 39]
[328 -101 39]
[328 -20 -67]
[328 -59 -92]
[329 -107 94]
[329 -104 38]
[329 -103 38]
[329 -57 -92]
[329 -111 54]
[329 -110 40]
[329 -105 38]
[329 -105 94]
[329 -99 40]
[329 -99 38]
[329 -20 -62]
[329 -56 -91]
[329 -58 -93]
[329 -107 38]
[330 -98 37]
[330 -100 37]
[330 -99 37]
[330 -55 -90]
[330 -56 -92]
[330 -19 -62]
[330 -69 56]
[330 -104 91]
[330 -96 43]
[330 -98 39]
[330 -86 45]
[330 -88 45]
[330 -83 48]
[330 -107 37]
[330 -104 92]
[330 -17 -67]
[330 -86 47]
[330 -20 -63]
[330 -104 94]
[330 -98 40]
[330 -104 37]
[330 -112 46]
[331 -87 45]
[331 -104 95]
[331 -104 90]
[331 -103 37]
[331 -88 46]
[331 -57 -91]
[331 -108 37]
[331 -16 -67]
[331 -17 -66]
[331 -105 37]
[331 -100 36]
[331 -109 39]
[331 -59 -94]
[331 -96 42]
[331 -97 42]
[331 -108 38]
[331 -56 -88]
[331 -102 38]
[331 -18 -65]
[331 -82 47]
[331 -113 45]
[331 -113 46]
[331 -111 39]
[331 -97 36]
[331 -97 37]
[331 -98 38]
[331 -97 39]
[331 -98 36]
[331 -99 36]
[332 -112 52]
[332 -96 41]
[332 -114 46]
[332 -103 36]
[332 -99 35]
[332 -97 40]
[332 -109 37]
[332 -55 -88]
[332 -55 -89]
[332 -57 -93]
[332 -113 47]
[332 -95 43]
[332 -97 43]
[332 -105 36]
[332 -105 96]
[332 -97 38]
[332 -56 -89]
[332 -102 36]
[332 -56 -90]
[332 -108 94]
[332 -106 95]
[332 -108 93]
[332 -108 36]
[332 -100 35]
[332 -98 35]
[332 -101 35]
[333 -100 34]
[333 -99 34]
[333 -108 35]
[333 -109 36]
[333 -109 35]
[333 -58 -94]
[333 -107 95]
[333 -105 35]
[333 -106 36]
[333 -104 35]
[333 -101 37]
[333 -114 47]
[333 -94 44]
[333 -94 43]
[333 -57 -89]
[333 -106 96]
[333 -105 95]
[333 -87 44]
[333 -97 35]
[333 -98 34]
[333 -97 41]
[333 -102 37]
[333 -55 -93]
[333 -55 -91]
[333 -103 35]
[333 -102 35]
[333 -111 40]
[333 -111 38]
[333 -16 -68]
[333 -102 34]
[334 -84 48]
[334 -18 -67]
[334 -56 -87]
[334 -101 34]
[334 -101 33]
[334 -107 34]
[334 -107 35]
[334 -102 33]
[334 -103 33]
[334 -104 34]
[334 -98 33]
[334 -99 33]
[334 -100 33]
[334 -106 35]
[334 -110 36]
[334 -57 -87]
[334 -103 34]
[334 -56 -94]
[334 -58 -95]
[334 -57 -94]
[334 -110 35]
[334 -15 -69]
[334 -87 43]
[334 -112 41]
[335 -102 32]
[335 -101 32]
[335 -93 43]
[335 -99 32]
[335 -100 32]
[335 -98 32]
[335 -87 42]
[335 -113 42]
[335 -15 -68]
[335 -20 -61]
[335 -111 37]
[335 -57 -95]
[335 -105 34]
[335 -54 -90]
[335 -105 33]
[335 -111 36]
[335 -106 34]
[335 -106 33]
[335 -110 37]
[335 -108 34]
[335 -21 -61]
[335 -103 32]
[336 -86 44]
[336 -60 -92]
[336 -105 32]
[336 -107 32]
[336 -100 31]
[336 -54 -89]
[336 -104 33]
[336 -98 31]
[336 -99 31]
[336 -102 31]
[336 -101 31]
[336 -112 35]
[336 -103 31]
[336 -111 34]
[336 -55 -92]
[336 -104 31]
[336 -21 -69]
[336 -56 -95]
[337 -100 30]
[337 -99 30]
[337 -103 30]
[337 -102 30]
[337 -101 30]
[337 -54 -93]
[337 -106 32]
[337 -113 34]
[337 -113 36]
[337 -98 30]
[337 -16 -70]
[337 -106 31]
[337 -104 30]
[337 -112 37]
[337 -83 47]
[337 -17 -69]
[337 -108 32]
[337 -92 43]
[337 -104 97]
[337 -106 97]
[337 -110 33]
[337 -112 33]
[337 -111 35]
[337 -113 40]
[337 -86 43]
[337 -109 33]
[337 -69 57]
[337 -109 54]
[338 -112 34]
[338 -100 29]
[338 -98 29]
[338 -92 42]
[338 -109 32]
[338 -103 29]
[338 -104 29]
[338 -101 29]
[338 -102 29]
[338 -114 37]
[338 -114 35]
[338 -114 41]
[338 -114 43]
[338 -19 -60]
[338 -110 32]
[338 -113 33]
[338 -113 32]
[338 -82 46]
[338 -19 -64]
[339 -21 -63]
[339 -114 40]
[339 -103 28]
[339 -101 28]
[339 -102 28]
[339 -115 41]
[339 -99 29]
[339 -60 -94]
[339 -55 -94]
[339 -104 98]
[339 -103 98]
[339 -104 28]
[339 -111 33]
[339 -114 36]
[339 -115 36]
[339 -98 28]
[339 -99 28]
[339 -86 42]
[339 -114 32]
[339 -100 28]
[339 -114 31]
[339 -113 31]
[340 -115 34]
[340 -111 32]
[340 -102 27]
[340 -85 43]
[340 -53 -93]
[340 -114 30]
[340 -107 30]
[340 -115 37]
[340 -87 41]
[340 -54 -95]
[340 -113 39]
[340 -114 34]
[340 -116 40]
[340 -116 41]
[340 -103 27]
[340 -101 27]
[340 -109 31]
[340 -114 33]
[340 -105 28]
[340 -116 36]
[340 -104 99]
[340 -115 33]
[340 -114 38]
[340 -105 27]
[340 -104 27]
[340 -100 27]
[340 -20 -64]
[340 -112 31]
[341 -14 -68]
[341 -108 29]
[341 -106 29]
[341 -16 -71]
[341 -111 30]
[341 -111 31]
[341 -112 30]
[341 -85 44]
[341 -100 26]
[341 -102 26]
[341 -101 26]
[341 -103 26]
[341 -22 -64]
[341 -116 37]
[341 -114 29]
[341 -106 27]
[341 -117 39]
[341 -115 39]
[341 -20 -69]
[341 -115 32]
[341 -14 -67]
[341 -116 34]
[341 -81 45]
[341 -110 30]
[341 -110 31]
[341 -109 30]
[341 -106 26]
[341 -53 -94]
[341 -54 -94]
[342 -111 29]
[342 -117 35]
[342 -100 25]
[342 -101 25]
[342 -103 99]
[342 -114 28]
[342 -115 28]
[342 -104 26]
[342 -55 -96]
[342 -68 56]
[342 -23 -65]
[342 -105 26]
[342 -105 25]
[342 -106 25]
[342 -112 29]
[342 -117 40]
[342 -109 29]
[342 -18 -64]
[342 -104 25]
[342 -103 25]
[342 -102 25]
[342 -99 25]
[342 -117 34]
[342 -108 28]
[342 -107 28]
[343 -55 -95]
[343 -118 40]
[343 -105 24]
[343 -104 24]
[343 -13 -68]
[343 -102 24]
[343 -101 24]
[343 -100 24]
[343 -98 24]
[343 -99 24]
[343 -23 -64]
[343 -110 29]
[343 -115 27]
[343 -113 28]
[343 -103 24]
[343 -115 29]
[343 -54 -96]
[343 -53 -96]
[343 -67 57]
[343 -17 -72]
[343 -116 39]
[343 -107 25]
[343 -107 24]
[343 -106 24]
[343 -108 27]
[343 -117 33]
[343 -99 26]
[343 -118 35]
[343 -112 28]
[343 -116 31]
[343 -16 -69]
[343 -107 27]
[343 -84 43]
[343 -118 39]
[344 -109 27]
[344 -118 33]
[344 -55 -97]
[344 -22 -70]
[344 -118 32]
[344 -98 25]
[344 -107 23]
[344 -108 23]
[344 -108 24]
[344 -100 23]
[344 -14 -69]
[344 -17 -71]
[344 -105 99]
[344 -102 23]
[344 -17 -70]
[344 -105 100]
[344 -67 56]
[344 -97 24]
[344 -97 23]
[344 -97 25]
[344 -110 28]
[344 -118 38]
[344 -115 26]
[344 -104 23]
[344 -98 26]
[344 -118 36]
[344 -101 23]
[344 -99 23]
[344 -112 27]
[344 -113 27]
[344 -105 23]
[344 -106 23]
[344 -24 -65]
[344 -117 36]
[344 -117 31]
[344 -119 38]
[344 -19 -70]
[344 -106 98]
[344 -108 26]
[345 -119 33]
[345 -117 32]
[345 -119 32]
[345 -111 27]
[345 -111 28]
[345 -96 23]
[345 -53 -95]
[345 -119 39]
[345 -103 23]
[345 -18 -72]
[345 -116 33]
[345 -110 27]
[345 -101 22]
[345 -102 22]
[345 -116 27]
[345 -105 101]
[345 -106 99]
[345 -103 22]
[345 -66 56]
[345 -107 22]
[345 -119 40]
[345 -118 31]
[345 -119 31]
[345 -116 30]
[345 -113 26]
[345 -100 22]
[345 -119 36]
[345 -119 37]
[345 -108 25]
[345 -109 25]
[345 -18 -70]
[345 -109 23]
[345 -109 24]
[345 -119 35]
[345 -106 100]
[345 -108 22]
[345 -109 22]
[345 -120 38]
[345 -109 26]
[346 -120 37]
[346 -120 36]
[346 -102 21]
[346 -101 21]
[346 -100 21]
[346 -120 34]
[346 -109 21]
[346 -110 22]
[346 -108 21]
[346 -110 23]
[346 -110 21]
[346 -112 26]
[346 -120 39]
[346 -120 40]
[346 -53 -97]
[346 -103 21]
[346 -19 -73]
[346 -107 21]
[346 -52 -96]
[346 -110 24]
[346 -110 26]
[346 -110 25]
[346 -104 22]
[346 -118 30]
[346 -120 32]
[346 -119 30]
[346 -22 -69]
[346 -120 33]
[346 -106 21]
[347 -18 -71]
[347 -108 20]
[347 -106 20]
[347 -107 20]
[347 -86 40]
[347 -115 25]
[347 -104 20]
[347 -109 20]
[347 -110 20]
[347 -54 -98]
[347 -96 22]
[347 -95 24]
[347 -101 20]
[347 -111 22]
[347 -111 23]
[347 -121 39]
[347 -22 -63]
[347 -104 101]
[347 -105 20]
[347 -96 24]
[347 -117 29]
[347 -119 29]
[347 -54 -97]
[347 -103 20]
[347 -102 20]
[347 -24 -64]
[347 -111 21]
[348 -106 19]
[348 -107 19]
[348 -121 38]
[348 -111 20]
[348 -112 21]
[348 -112 20]
[348 -118 29]
[348 -109 19]
[348 -108 19]
[348 -100 19]
[348 -110 19]
[348 -19 -74]
[348 -105 19]
[348 -104 21]
[348 -120 35]
[348 -120 28]
[348 -119 28]
[348 -19 -71]
[348 -103 101]
[348 -113 25]
[348 -116 29]
[348 -112 22]
[348 -112 23]
[348 -112 24]
[348 -104 19]
[348 -117 27]
[348 -105 21]
[348 -100 20]
[348 -86 39]
[349 -114 24]
[349 -18 -73]
[349 -117 28]
[349 -113 20]
[349 -111 19]
[349 -53 -98]
[349 -109 18]
[349 -113 23]
[349 -23 -71]
[349 -56 -97]
[349 -107 18]
[349 -113 21]
[349 -113 22]
[349 -105 18]
[349 -106 18]
[349 -94 24]
[349 -25 -66]
[349 -121 35]
[349 -104 18]
[349 -103 18]
[349 -118 26]
[349 -119 27]
[349 -120 29]
[349 -120 30]
[349 -108 18]
[349 -87 40]
[349 -23 -70]
[349 -121 27]
[349 -121 32]
[349 -101 18]
[349 -116 24]
[349 -115 24]
[349 -102 100]
[349 -102 101]
[349 -103 102]
[350 -107 17]
[350 -122 38]
[350 -114 22]
[350 -25 -65]
[350 -114 20]
[350 -115 23]
[350 -114 23]
[350 -122 26]
[350 -122 28]
[350 -103 17]
[350 -102 18]
[350 -105 17]
[350 -114 21]
[350 -113 19]
[350 -101 17]
[350 -122 33]
[350 -121 31]
[350 -65 56]
[350 -122 35]
[350 -117 23]
[350 -95 22]
[350 -20 -74]
[350 -87 39]
[350 -118 25]
[350 -106 17]
[351 -102 17]
[351 -118 22]
[351 -118 27]
[351 -115 22]
[351 -93 23]
[351 -20 -75]
[351 -109 17]
[351 -120 26]
[351 -123 36]
[351 -115 21]
[351 -114 18]
[351 -104 16]
[351 -103 16]
[351 -123 37]
[351 -108 16]
[351 -106 16]
[351 -122 36]
[351 -52 -95]
[351 -123 25]
[351 -122 25]
[351 -121 25]
[351 -122 32]
[351 -122 31]
[351 -118 24]
[351 -117 25]
[351 -119 26]
[351 -94 21]
[351 -101 101]
[352 -115 19]
[352 -123 32]
[352 -123 33]
[352 -92 24]
[352 -122 24]
[352 -123 24]
[352 -123 26]
[352 -124 24]
[352 -26 -66]
[352 -105 16]
[352 -110 16]
[352 -109 16]
[352 -115 17]
[352 -118 21]
[352 -119 21]
[352 -119 23]
[352 -103 15]
[352 -104 15]
[352 -122 29]
[352 -123 29]
[352 -93 24]
[352 -122 30]
[352 -107 16]
[352 -123 35]
[352 -101 99]
[352 -108 15]
[352 -107 15]
[352 -123 38]
[352 -112 18]
[352 -120 25]
[352 -120 24]
[352 -116 23]
[352 -20 -71]
[352 -124 35]
[352 -124 37]
[352 -123 27]
[352 -102 15]
[352 -105 15]
[352 -106 15]
[352 -24 -71]
[352 -21 -76]
[352 -100 100]
[352 -55 -99]
[352 -115 20]
[353 -120 22]
[353 -124 27]
[353 -121 23]
[353 -124 32]
[353 -104 103]
[353 -116 20]
[353 -124 31]
[353 -124 33]
[353 -123 31]
[353 -106 14]
[353 -105 14]
[353 -107 14]
[353 -101 16]
[353 -125 25]
[353 -125 24]
[353 -125 23]
[353 -115 18]
[353 -103 14]
[353 -87 38]
[353 -110 15]
[353 -109 15]
[353 -125 34]
[353 -25 -64]
[353 -100 98]
[353 -101 98]
[353 -119 22]
[353 -101 14]
[353 -80 45]
[353 -123 30]
[353 -109 14]
[353 -111 15]
[353 -64 56]
[353 -108 14]
[353 -123 28]
[353 -56 -100]
[353 -15 -70]
[354 -102 14]
[354 -124 34]
[354 -22 -77]
[354 -124 36]
[354 -125 36]
[354 -126 34]
[354 -108 13]
[354 -110 14]
[354 -110 13]
[354 -126 23]
[354 -126 22]
[354 -107 13]
[354 -106 13]
[354 -105 13]
[354 -119 20]
[354 -79 44]
[354 -124 30]
[354 -125 30]
[354 -120 23]
[354 -104 13]
[354 -103 13]
[354 -121 22]
[354 -121 21]
[354 -113 17]
[354 -83 43]
[354 -26 -65]
[354 -125 33]
[354 -124 25]
[354 -100 97]
[354 -124 29]
[354 -125 31]
[354 -115 16]
[354 -114 16]
[354 -114 17]
[354 -116 16]
[354 -26 -67]
[354 -27 -66]
[354 -112 16]
[354 -125 28]
[354 -56 -98]
[355 -103 12]
[355 -104 12]
[355 -126 35]
[355 -126 33]
[355 -116 17]
[355 -116 15]
[355 -115 15]
[355 -126 26]
[355 -107 12]
[355 -105 12]
[355 -106 12]
[355 -112 14]
[355 -99 99]
[355 -85 39]
[355 -86 38]
[355 -51 -95]
[355 -108 12]
[355 -125 22]
[355 -118 20]
[355 -93 22]
[355 -121 20]
[355 -122 20]
[355 -125 32]
[355 -101 13]
[355 -126 21]
[355 -125 29]
[355 -126 30]
[355 -78 44]
[355 -109 13]
[355 -111 13]
[355 -126 27]
[355 -126 32]
[355 -88 37]
[355 -101 96]
[355 -127 34]
[355 -114 15]
[355 -113 16]
[355 -122 21]
[356 -125 26]
[356 -92 21]
[356 -119 19]
[356 -127 24]
[356 -107 11]
[356 -106 11]
[356 -110 12]
[356 -109 12]
[356 -28 -67]
[356 -104 11]
[356 -127 26]
[356 -127 28]
[356 -117 16]
[356 -117 17]
[356 -117 15]
[356 -126 31]
[356 -127 35]
[356 -125 35]
[356 -117 14]
[356 -116 14]
[356 -115 14]
[356 -126 29]
[356 -127 32]
[356 -113 13]
[356 -98 99]
[356 -92 22]
[356 -123 21]
[356 -109 11]
[356 -108 11]
[356 -84 39]
[356 -85 38]
[356 -114 14]
[356 -100 14]
[356 -125 27]
[357 -127 23]
[357 -127 27]
[357 -25 -71]
[357 -78 43]
[357 -114 13]
[357 -116 13]
[357 -115 13]
[357 -126 28]
[357 -97 100]
[357 -100 15]
[357 -117 18]
[357 -29 -68]
[357 -27 -67]
[357 -87 37]
[357 -109 10]
[357 -107 10]
[357 -124 21]
[357 -123 22]
[357 -85 37]
[357 -128 24]
[357 -127 25]
[357 -101 12]
[357 -99 101]
[357 -118 17]
[357 -126 36]
[357 -118 14]
[357 -128 29]
[357 -117 13]
[357 -103 10]
[357 -104 10]
[357 -105 10]
[357 -103 11]
[357 -128 34]
[357 -128 35]
[357 -118 18]
[358 -128 30]
[358 -108 10]
[358 -110 10]
[358 -104 9]
[358 -113 14]
[358 -105 9]
[358 -128 27]
[358 -127 30]
[358 -121 19]
[358 -127 31]
[358 -111 16]
[358 -119 13]
[358 -26 -68]
[358 -28 -68]
[358 -127 21]
[358 -99 15]
[358 -88 36]
[358 -128 32]
[358 -127 20]
[358 -125 20]
[358 -113 12]
[358 -119 17]
[358 -119 16]
[358 -79 45]
[358 -128 25]
[358 -116 12]
[358 -115 12]
[358 -114 12]
[358 -119 18]
[358 -97 99]
[358 -120 18]
[358 -108 9]
[358 -107 9]
[358 -106 9]
[359 -128 26]
[359 -115 11]
[359 -123 19]
[359 -24 -72]
[359 -116 11]
[359 -129 33]
[359 -27 -68]
[359 -129 23]
[359 -128 23]
[359 -129 25]
[359 -129 24]
[359 -118 12]
[359 -82 42]
[359 -110 9]
[359 -85 36]
[359 -128 31]
[359 -129 31]
[359 -128 22]
[359 -129 34]
[359 -105 8]
[359 -106 8]
[359 -120 16]
[359 -118 16]
[359 -108 8]
[359 -109 8]
[359 -107 8]
[359 -121 18]
[359 -121 17]
[359 -98 101]
[359 -120 14]
[359 -100 101]
[359 -129 32]
[359 -117 12]
[359 -93 20]
[359 -56 -99]
[359 -126 20]
[360 -29 -69]
[360 -30 -68]
[360 -28 -69]
[360 -117 11]
[360 -119 12]
[360 -115 10]
[360 -104 7]
[360 -105 7]
[360 -109 9]
[360 -111 8]
[360 -126 19]
[360 -124 19]
[360 -128 21]
[360 -121 16]
[360 -130 23]
[360 -111 10]
[360 -99 14]
[360 -86 36]
[360 -120 13]
[360 -120 12]
[360 -124 18]
[360 -107 7]
[360 -130 25]
[360 -85 35]
[360 -121 15]
[360 -119 15]
[360 -120 15]
[360 -83 39]
[360 -97 101]
[360 -105 102]
[360 -110 7]
[360 -92 19]
[360 -23 -78]
[360 -111 11]
[360 -98 15]
[360 -102 96]
[360 -117 10]
[360 -118 11]
[360 -130 31]
[360 -130 32]
[360 -108 7]
[360 -130 30]
[361 -116 10]
[361 -98 14]
[361 -25 -72]
[361 -122 15]
[361 -77 45]
[361 -131 22]
[361 -118 10]
[361 -118 9]
[361 -116 9]
[361 -121 11]
[361 -103 7]
[361 -103 6]
[361 -109 7]
[361 -30 -70]
[361 -119 10]
[361 -112 9]
[361 -112 10]
[361 -121 12]
[361 -131 24]
[361 -109 6]
[361 -107 6]
[361 -92 18]
[361 -106 6]
[361 -108 6]
[361 -129 21]
[361 -120 11]
[361 -122 16]
[361 -82 43]
[361 -111 6]
[361 -110 6]
[361 -63 57]
[361 -104 6]
[361 -112 7]
[361 -102 95]
[361 -125 18]
[361 -98 13]
[361 -112 11]
[361 -93 19]
[361 -131 30]
[361 -123 18]
[362 -130 29]
[362 -113 8]
[362 -113 6]
[362 -62 57]
[362 -63 56]
[362 -97 14]
[362 -132 24]
[362 -132 23]
[362 -126 18]
[362 -125 17]
[362 -114 10]
[362 -110 5]
[362 -108 5]
[362 -109 5]
[362 -130 21]
[362 -103 5]
[362 -105 5]
[362 -91 18]
[362 -93 17]
[362 -92 17]
[362 -117 9]
[362 -123 17]
[362 -116 8]
[362 -117 8]
[362 -115 8]
[362 -130 26]
[362 -111 5]
[362 -131 29]
[362 -118 8]
[362 -119 8]
[362 -120 9]
[362 -111 7]
[362 -112 5]
[362 -127 18]
[362 -113 9]
[362 -106 5]
[362 -119 9]
[362 -122 12]
[362 -122 10]
[362 -132 21]
[362 -131 23]
[362 -115 9]
[362 -81 42]
[362 -113 10]
[363 -130 22]
[363 -124 17]
[363 -107 4]
[363 -106 4]
[363 -104 5]
[363 -120 8]
[363 -120 7]
[363 -132 20]
[363 -133 21]
[363 -90 17]
[363 -90 19]
[363 -91 17]
[363 -130 20]
[363 -121 9]
[363 -121 8]
[363 -110 4]
[363 -109 4]
[363 -123 16]
[363 -126 17]
[363 -133 23]
[363 -132 25]
[363 -133 25]
[363 -133 24]
[363 -128 17]
[363 -127 17]
[363 -113 7]
[363 -112 6]
[363 -114 5]
[363 -114 8]
[363 -114 7]
[363 -23 -77]
[363 -92 16]
[363 -21 -75]
[363 -85 34]
[363 -117 7]
[363 -115 7]
[363 -116 7]
[363 -84 35]
[363 -91 22]
[363 -123 15]
[363 -123 12]
[363 -123 13]
[363 -122 11]
[363 -129 20]
[363 -106 103]
[363 -91 16]
[363 -111 4]
[363 -118 7]
[363 -83 38]
[363 -133 22]
[363 -130 28]
[363 -96 15]
[363 -78 46]
[363 -123 9]
[364 -119 7]
[364 -117 6]
[364 -134 21]
[364 -121 7]
[364 -113 5]
[364 -122 13]
[364 -125 16]
[364 -113 4]
[364 -114 4]
[364 -131 19]
[364 -131 20]
[364 -123 10]
[364 -131 26]
[364 -133 26]
[364 -132 26]
[364 -31 -71]
[364 -90 16]
[364 -132 28]
[364 -111 3]
[364 -131 28]
[364 -132 19]
[364 -89 17]
[364 -114 6]
[364 -133 20]
[364 -116 6]
[364 -80 42]
[364 -86 35]
[364 -129 17]
[364 -129 16]
[364 -104 4]
[364 -103 4]
[364 -115 6]
[364 -96 14]
[364 -26 -73]
[364 -90 18]
[364 -132 22]
[364 -86 33]
[364 -84 33]
[364 -124 15]
[365 -86 32]
[365 -87 32]
[365 -118 6]
[365 -118 5]
[365 -116 5]
[365 -131 18]
[365 -133 18]
[365 -124 16]
[365 -133 27]
[365 -132 27]
[365 -130 19]
[365 -24 -78]
[365 -134 23]
[365 -134 20]
[365 -134 27]
[365 -134 26]
[365 -89 15]
[365 -132 29]
[365 -128 15]
[365 -129 15]
[365 -130 17]
[365 -115 3]
[365 -119 6]
[365 -84 34]
[365 -31 -70]
[365 -124 11]
[365 -104 3]
[365 -132 18]
[365 -93 18]
[365 -29 -70]
[365 -95 14]
[365 -77 43]
[365 -117 5]
[365 -125 14]
[365 -125 15]
[365 -133 19]
[365 -83 34]
[365 -84 32]
[365 -83 32]
[365 -83 33]
[366 -125 12]
[366 -84 31]
[366 -82 32]
[366 -83 31]
[366 -92 20]
[366 -135 20]
[366 -135 19]
[366 -134 19]
[366 -132 17]
[366 -130 15]
[366 -129 14]
[366 -76 44]
[366 -95 13]
[366 -90 14]
[366 -89 14]
[366 -24 -79]
[366 -126 15]
[366 -130 16]
[366 -130 18]
[366 -117 4]
[366 -85 32]
[366 -135 22]
[366 -111 2]
[366 -116 4]
[366 -99 102]
[366 -134 18]
[366 -85 33]
[366 -82 33]
[366 -85 31]
[366 -133 17]
[366 -121 6]
[366 -77 46]
[367 -105 103]
[367 -128 13]
[367 -129 13]
[367 -26 -72]
[367 -25 -73]
[367 -82 31]
[367 -92 15]
[367 -86 30]
[367 -85 30]
[367 -131 17]
[367 -133 16]
[367 -132 16]
[367 -82 30]
[367 -84 30]
[367 -81 33]
[367 -130 14]
[367 -75 44]
[367 -136 19]
[367 -126 13]
[367 -125 11]
[367 -134 16]
[367 -87 33]
[367 -88 15]
[367 -112 1]
[367 -135 21]
[367 -131 16]
[367 -83 30]
[367 -122 5]
[367 -120 5]
[367 -131 15]
[367 -131 14]
[367 -88 13]
[367 -90 13]
[367 -117 3]
[367 -133 28]
[367 -81 32]
[368 -120 4]
[368 -121 5]
[368 -105 3]
[368 -135 15]
[368 -131 13]
[368 -92 14]
[368 -87 13]
[368 -88 12]
[368 -128 12]
[368 -130 12]
[368 -129 12]
[368 -86 31]
[368 -134 15]
[368 -134 17]
[368 -80 32]
[368 -123 8]
[368 -83 29]
[368 -123 5]
[368 -123 6]
[368 -84 29]
[368 -85 29]
[368 -126 12]
[368 -118 2]
[368 -117 2]
[368 -106 102]
[368 -110 2]
[368 -88 16]
[368 -127 13]
[368 -126 10]
[368 -126 11]
[368 -135 17]
[368 -95 12]
[368 -119 4]
[368 -26 -74]
[368 -87 29]
[368 -77 42]
[368 -132 15]
[368 -87 31]
[368 -132 13]
[368 -80 34]
[368 -80 33]
[368 -61 57]
[368 -111 1]
[368 -82 38]
[369 -119 3]
[369 -87 12]
[369 -87 11]
[369 -88 14]
[369 -26 -75]
[369 -126 9]
[369 -127 10]
[369 -132 12]
[369 -88 35]
[369 -22 -76]
[369 -86 34]
[369 -131 12]
[369 -130 11]
[369 -124 7]
[369 -123 7]
[369 -134 14]
[369 -136 15]
[369 -87 16]
[369 -107 102]
[369 -120 3]
[369 -121 4]
[369 -133 15]
[369 -135 14]
[369 -124 4]
[369 -122 4]
[369 -127 12]
[369 -118 1]
[369 -107 104]
[369 -107 103]
[369 -83 28]
[369 -25 -79]
[369 -115 2]
[370 -124 6]
[370 -127 9]
[370 -79 35]
[370 -87 34]
[370 -75 43]
[370 -121 3]
[370 -123 3]
[370 -133 13]
[370 -133 11]
[370 -120 2]
[370 -132 11]
[370 -133 14]
[370 -80 41]
[370 -135 13]
[370 -134 13]
[370 -83 27]
[370 -130 10]
[370 -131 10]
[370 -93 13]
[370 -86 10]
[370 -125 5]
[370 -87 17]
[370 -86 17]
[370 -116 2]
[370 -125 8]
[370 -82 37]
[370 -27 -76]
[370 -125 9]
[370 -136 13]
[370 -79 33]
[370 -112 2]
[370 -94 12]
[371 -132 10]
[371 -135 12]
[371 -106 2]
[371 -134 12]
[371 -136 12]
[371 -122 3]
[371 -122 2]
[371 -127 8]
[371 -119 1]
[371 -121 1]
[371 -86 9]
[371 -87 9]
[371 -128 10]
[371 -124 2]
[371 -91 13]
[371 -89 11]
[371 -28 -77]
[371 -125 6]
[371 -85 17]
[371 -74 42]
[371 -128 8]
[371 -130 9]
[371 -85 28]
[371 -126 6]
[371 -126 4]
[371 -129 9]
[371 -124 3]
[371 -88 17]
[371 -80 35]
[372 -88 34]
[372 -134 11]
[372 -76 45]
[372 -126 5]
[372 -127 5]
[372 -84 17]
[372 -125 4]
[372 -93 15]
[372 -125 3]
[372 -88 11]
[372 -135 11]
[372 -137 14]
[372 -137 12]
[372 -85 9]
[372 -87 8]
[372 -132 9]
[372 -110 1]
[372 -131 9]
[372 -121 2]
[372 -90 11]
[372 -88 9]
[372 -26 -76]
[372 -127 7]
[372 -129 7]
[372 -129 8]
[372 -93 12]
[372 -124 1]
[372 -125 1]
[372 -123 1]
[372 -25 -80]
[372 -129 10]
[372 -133 10]
[372 -134 10]
[372 -124 5]
[372 -126 3]
[373 -79 41]
[373 -88 33]
[373 -131 8]
[373 -133 9]
[373 -127 4]
[373 -127 6]
[373 -130 7]
[373 -130 8]
[373 -88 8]
[373 -27 -75]
[373 -127 3]
[373 -81 37]
[373 -125 0]
[373 -84 28]
[373 -85 8]
[373 -106 105]
[373 -64 58]
[373 -91 11]
[373 -91 10]
[373 -74 43]
[373 -88 7]
[373 -87 7]
[373 -122 1]
[373 -75 41]
[373 -28 -76]
[373 -105 2]
[373 -91 12]
[373 -63 58]
[373 -135 10]
[374 -131 7]
[374 -93 14]
[374 -87 30]
[374 -128 5]
[374 -32 -71]
[374 -123 2]
[374 -119 0]
[374 -136 9]
[374 -26 -80]
[374 -84 27]
[374 -89 6]
[374 -89 7]
[374 -88 6]
[374 -83 16]
[374 -132 8]
[374 -86 28]
[374 -114 2]
[374 -90 10]
[374 -88 10]
[374 -125 -1]
[374 -91 9]
[374 -79 47]
[374 -78 33]
[374 -86 6]
[374 -121 0]
[374 -134 8]
[374 -133 8]
[374 -128 4]
[374 -109 1]
[375 -88 5]
[375 -83 26]
[375 -79 40]
[375 -120 0]
[375 -91 8]
[375 -92 8]
[375 -135 9]
[375 -89 9]
[375 -90 9]
[375 -85 7]
[375 -129 4]
[375 -105 106]
[375 -131 6]
[375 -89 5]
[375 -90 6]
[375 -90 5]
[375 -98 102]
[375 -126 1]
[375 -76 41]
[375 -132 6]
[375 -126 -1]
[375 -132 7]
[375 -60 57]
[375 -27 -74]
[376 -119 -1]
[376 -133 5]
[376 -92 12]
[376 -90 4]
[376 -26 -81]
[376 -32 -72]
[376 -135 8]
[376 -134 7]
[376 -135 7]
[376 -128 2]
[376 -33 -72]
[376 -92 13]
[376 -91 4]
[376 -91 6]
[376 -129 3]
[376 -120 1]
[376 -120 -1]
[376 -27 -81]
[376 -89 33]
[376 -109 0]
[376 -130 4]
[376 -90 7]
[376 -137 8]
[376 -62 58]
[376 -104 106]
[376 -105 105]
[376 -93 7]
[376 -91 5]
[376 -89 4]
[376 -113 2]
[376 -83 25]
[376 -82 25]
[377 -133 4]
[377 -134 4]
[377 -29 -76]
[377 -75 40]
[377 -133 6]
[377 -126 0]
[377 -92 5]
[377 -117 1]
[377 -82 24]
[377 -108 0]
[377 -88 4]
[377 -136 6]
[377 -134 6]
[377 -135 6]
[377 -92 6]
[377 -91 3]
[377 -92 3]
[377 -103 106]
[377 -103 105]
[377 -122 0]
[377 -81 24]
[377 -83 24]
[377 -106 106]
[377 -27 -82]
[377 -128 3]
[377 -89 3]
[378 -132 5]
[378 -89 10]
[378 -86 29]
[378 -92 4]
[378 -75 39]
[378 -136 7]
[378 -92 2]
[378 -94 6]
[378 -127 0]
[378 -135 5]
[378 -88 2]
[378 -89 2]
[378 -93 11]
[378 -92 11]
[378 -81 25]
[378 -93 4]
[378 -134 5]
[378 -84 24]
[378 -104 105]
[378 -82 23]
[378 -83 23]
[378 -84 23]
[378 -81 23]
[379 -95 5]
[379 -95 7]
[379 -87 5]
[379 -91 1]
[379 -82 36]
[379 -135 4]
[379 -92 7]
[379 -82 22]
[379 -84 22]
[379 -83 22]
[379 -81 22]
[379 -102 105]
[379 -127 1]
[379 -27 -73]
[379 -93 3]
[379 -30 -76]
[379 -90 3]
[379 -130 3]
[379 -121 -1]
[380 -88 1]
[380 -90 2]
[380 -82 21]
[380 -118 -1]
[380 -96 4]
[380 -94 5]
[380 -95 4]
[380 -78 39]
[380 -89 34]
[380 -84 21]
[380 -91 7]
[380 -78 47]
[380 -92 10]
[380 -28 -75]
[380 -104 104]
[380 -83 35]
[380 -74 38]
[380 -76 38]
[380 -107 2]
[381 -131 3]
[381 -93 10]
[381 -88 0]
[381 -85 5]
[381 -103 104]
[381 -124 -2]
[381 -125 -2]
[381 -96 6]
[381 -90 8]
[381 -84 20]
[382 -90 0]
[382 -92 0]
[382 -89 32]
[382 -28 -74]
[382 -93 6]
[382 -84 6]
[382 -101 104]
[382 -78 40]
[382 -105 104]
[382 -94 3]
[382 -88 -1]
[382 -89 -1]
[382 -76 42]
[382 -93 9]
[382 -85 19]
[382 -84 19]
[382 -77 38]
[383 -92 -1]
[383 -94 8]
[383 -124 -3]
[383 -131 4]
[383 -89 -2]
[383 -87 4]
[383 -83 5]
[383 -93 2]
[383 -94 2]
[383 -90 1]
[383 -97 4]
[383 -87 -2]
[383 -87 -1]
[383 -79 48]
[383 -82 35]
[383 -28 -82]
[383 -73 42]
[384 -89 -3]
[384 -88 -3]
[384 -95 1]
[384 -93 1]
[384 -96 5]
[384 -86 -2]
[384 -29 -75]
[384 -92 -2]
[384 -28 -83]
[384 -108 2]
[384 -93 5]
[384 -73 44]
[384 -86 -3]
[384 -87 -3]
[384 -93 0]
[385 -86 -4]
[385 -85 -2]
[385 -83 4]
[385 -29 -84]
[385 -34 -72]
[385 -87 0]
[385 -102 104]
[385 -86 -1]
[385 -107 0]
[385 -95 6]
[385 -101 103]
[385 -89 -4]
[385 -90 -4]
[385 -95 0]
[385 -96 1]
[385 -96 0]
[385 -90 31]
[385 -109 2]
[385 -102 103]
[385 -123 -3]
[385 -96 3]
[385 -93 -3]
[385 -92 -3]
[385 -73 43]
[386 -93 -4]
[386 -94 -3]
[386 -92 -4]
[386 -29 -83]
[386 -94 7]
[386 -123 -4]
[386 -91 -2]
[386 -86 -5]
[386 -85 -4]
[386 -85 -5]
[386 -95 -1]
[386 -90 -5]
[386 -85 18]
[386 -96 2]
[386 -84 5]
[386 -91 -5]
[386 -34 -73]
[386 -86 0]
[386 -90 -1]
[386 -128 1]
[386 -76 37]
[387 -93 -5]
[387 -91 -4]
[387 -92 -5]
[387 -101 102]
[387 -122 -4]
[387 -94 -5]
[387 -89 -5]
[387 -94 -4]
[387 -84 4]
[387 -86 18]
[387 -94 -2]
[387 -94 -1]
[387 -85 -6]
[387 -92 -6]
[387 -89 -6]
[387 -35 -73]
[387 -76 36]
[387 -77 39]
[387 -94 4]
[387 -94 1]
[387 -29 -85]
[388 -93 -6]
[388 -84 3]
[388 -72 43]
[388 -94 0]
[388 -96 -2]
[388 -35 -74]
[388 -90 -6]
[388 -89 -7]
[388 -90 -2]
[388 -87 -6]
[388 -85 6]
[388 -95 -3]
[389 -87 -7]
[389 -88 -7]
[389 -86 -7]
[389 -95 -2]
[389 -94 9]
[389 -72 42]
[389 -100 102]
[389 -86 5]
[389 -91 -3]
[389 -34 -74]
[389 -28 -73]
[389 -95 -4]
[389 -96 -4]
[389 -96 -3]
[389 -88 -8]
[389 -36 -74]
[390 -87 -8]
[390 -83 3]
[390 -122 -5]
[390 -97 -2]
[390 -29 -74]
[390 -88 -9]
[390 -87 -9]
[390 -37 -74]
[390 -85 4]
[391 -82 2]
[391 -89 31]
[391 -106 0]
[391 -121 -5]
[391 -87 -10]
[391 -88 -10]
[391 -95 -5]
[391 -97 -3]
[391 -72 41]
[392 -89 -10]
[392 -89 -9]
[392 -90 -7]
[392 -86 3]
[392 -95 -6]
[392 -97 -4]
[392 -71 43]
[392 -36 -75]
[392 -121 -6]
[392 -122 -6]
[392 -38 -74]
[393 -30 -86]
[393 -95 -7]
[393 -85 3]
[393 -120 -5]
[393 -94 -6]
[393 -90 -10]
[393 -89 -11]
[393 -86 2]
[393 -97 1]
[393 -91 -7]
[394 -30 -85]
[394 -37 -75]
[394 -85 0]
[394 -71 42]
[394 -98 -2]
[394 -80 49]
[394 -89 -12]
[394 -90 30]
[395 -90 -8]
[395 -70 43]
[395 -122 -7]
[395 -120 -7]
[395 -72 44]
[395 -38 -75]
[395 -35 -75]
[395 -81 2]
[395 -97 -1]
[395 -39 -75]
[395 -90 29]
[395 -119 -5]
[395 -96 -8]
[396 -121 -4]
[396 -90 -9]
[396 -84 0]
[396 -119 -7]
[396 -96 -7]
[396 -87 18]
[396 -97 -5]
[396 -91 -8]
[396 -36 -76]
[396 -82 3]
[397 -121 -8]
[397 -120 -6]
[397 -118 -8]
[397 -120 -8]
[397 -35 -76]
[397 -92 -9]
[397 -31 -86]
[397 -70 42]
[398 -97 -9]
[398 -38 -76]
[398 -94 -7]
[398 -31 -87]
[398 -123 -7]
[398 -91 -10]
[398 -90 -13]
[398 -98 -3]
[398 -37 -76]
[398 -39 -76]
[398 -36 -77]
[399 -79 49]
[399 -92 -10]
[399 -40 -76]
[399 -38 -77]
[399 -32 -87]
[399 -90 -14]
[399 -69 42]
[399 -98 -4]
[400 -71 41]
[400 -119 -8]
[400 -97 0]
[400 -85 -1]
[400 -38 -78]
[400 -37 -78]
[400 -80 2]
[400 -118 -6]
[401 -92 -11]
[401 -93 -10]
[401 -91 -9]
[401 -99 -5]
[401 -121 -7]
[401 -97 -7]
[401 -119 -6]
[401 -92 -8]
[401 -89 -13]
[401 -96 -10]
[401 -97 -10]
[402 -39 -77]
[402 -40 -77]
[402 -99 -4]
[402 -94 -8]
[402 -32 -88]
[402 -93 -12]
[402 -70 41]
[402 -33 -88]
[402 -97 -8]
[402 -39 -78]
[403 -94 -13]
[403 -96 -9]
[403 -97 -11]
[403 -118 -7]
[404 -96 -11]
[404 -34 -89]
[404 -93 -11]
[404 -100 -6]
[405 -94 -11]
[405 -94 -12]
[405 -97 -6]
[405 -95 -11]
[405 -95 -14]
[406 -117 -8]
[406 -90 28]
[406 -92 -12]
[406 -94 -10]
[406 -95 -13]
[406 -98 -9]
[406 -98 -10]
[406 -33 -89]
[407 -40 -78]
[407 -41 -78]
[408 -41 -77]
[408 -93 -13]
[408 -100 -5]
[408 -101 -6]
[408 -40 -79]
[408 -116 -9]
[408 -94 -15]
[409 -90 27]
[409 -95 -12]
[409 -96 -12]
[409 -116 -8]
[409 -92 -13]
[409 -41 -80]
[409 -94 -14]
[410 -40 -81]
[410 -34 -90]
[411 -92 -14]
[411 -95 -15]
[411 -39 -82]
[411 -94 -9]
[411 -95 -16]
[411 -41 -79]
[411 -42 -78]
[412 -96 -17]
[412 -102 -6]
[412 -115 -7]
[412 -40 -80]
[412 -79 1]
[412 -35 -90]
[413 -36 -90]
[413 -36 -91]
[413 -93 -16]
[413 -97 -18]
[413 -96 -18]
[413 -103 -6]
[413 -114 -6]
[413 -43 -79]
[413 -102 -7]
[413 -94 -16]
[414 -102 -8]
[414 -92 -16]
[414 -113 -6]
[414 -113 -7]
[414 -101 -5]
[415 -99 -10]
[415 -41 -82]
[415 -114 -7]
[415 -113 -5]
[415 -104 -7]
[415 -95 -18]
[415 -112 -7]
[415 -102 -5]
[415 -92 -15]
[415 -43 -80]
[416 -105 -8]
[416 -42 -82]
[416 -115 -9]
[416 -42 -79]
[416 -114 -5]
[416 -114 -4]
[416 -97 -19]
[416 -111 -8]
[416 -40 -82]
[416 -103 -8]
[416 -95 -19]
[417 -94 -17]
[417 -37 -91]
[417 -112 -8]
[417 -40 -83]
[417 -95 -17]
[417 -98 -20]
[417 -104 -8]
[417 -104 -6]
[417 -78 1]
[417 -39 -81]
[417 -41 -81]
[418 -106 -9]
[418 -101 -9]
[418 -103 -7]
[418 -98 -19]
[418 -38 -92]
[418 -102 -9]
[418 -93 -15]
[418 -114 -9]
[418 -77 0]
[419 -110 -9]
[419 -95 -20]
[419 -78 0]
[419 -113 -10]
[419 -38 -93]
[419 -41 -83]
[419 -100 -10]
[419 -43 -82]
[420 -43 -78]
[420 -105 -10]
[420 -107 -8]
[420 -91 -16]
[420 -110 -7]
[420 -37 -92]
[420 -112 -11]
[421 -42 -83]
[421 -114 -10]
[421 -43 -81]
[421 -44 -80]
[421 -39 -93]
[421 -106 -10]
[421 -77 -1]
[421 -111 -12]
[421 -97 -20]
[422 -109 -8]
[422 -114 -11]
[422 -90 -15]
[422 -40 -93]
[423 -110 -12]
[423 -99 -19]
[423 -107 -7]
[423 -44 -79]
[423 -98 -18]
[423 -109 -7]
[423 -109 -9]
[423 -111 -6]
[423 -111 -11]
[424 -100 -18]
[424 -113 -11]
[424 -98 -17]
[424 -90 -16]
[424 -41 -94]
[424 -110 -6]
[424 -90 -17]
[424 -113 -12]
[424 -45 -80]
[424 -77 1]
[425 -42 -84]
[425 -110 -13]
[425 -112 -13]
[425 -42 -95]
[426 -45 -81]
[426 -44 -82]
[426 -111 -13]
[426 -41 -93]
[426 -99 -17]
[427 -99 -18]
[427 -115 -11]
[427 -44 -78]
[427 -41 -95]
[427 -43 -95]
[427 -108 -10]
[427 -112 -12]
[428 -44 -96]
[428 -76 -1]
[428 -40 -94]
[428 -91 -17]
[428 -113 -13]
[428 -76 2]
[428 -109 -14]
[429 -44 -97]
[429 -95 -21]
[429 -46 -80]
[429 -75 -2]
[429 -43 -84]
[429 -90 -18]
[430 -44 -84]
[430 -76 1]
[430 -94 -21]
[430 -42 -94]
[430 -114 -13]
[430 -43 -85]
[430 -99 -20]
[431 -91 -18]
[431 -43 -86]
[431 -108 -11]
[431 -92 -18]
[431 -74 -2]
[431 -45 -98]
[431 -46 -81]
[431 -114 -14]
[432 -110 -14]
[432 -75 1]
[432 -99 -16]
[432 -94 -22]
[432 -107 -12]
[432 -109 -11]
[432 -75 -1]
[432 -46 -82]
[433 -93 -22]
[433 -93 -23]
[433 -108 -15]
[433 -100 -21]
[433 -74 -1]
[433 -106 -13]
[433 -107 -13]
[433 -44 -83]
[433 -74 -3]
[434 -109 -16]
[434 -107 -14]
[434 -101 -21]
[434 -95 -22]
[435 -108 -12]
[435 -93 -21]
[435 -95 -23]
[435 -92 -19]
[435 -102 -20]
[435 -100 -22]
[435 -108 -14]
[435 -77 3]
[435 -91 -19]
[436 -78 3]
[436 -76 3]
[436 -99 -22]
[436 -92 -20]
[436 -94 -23]
[436 -46 -83]
[436 -43 -96]
[437 -107 -15]
[437 -47 -83]
[437 -47 -82]
[437 -91 -20]
[437 -78 4]
[437 -100 -20]
[437 -105 -14]
[438 -90 -20]
[438 -96 -23]
[438 -101 -20]
[438 -44 -87]
[438 -109 -15]
[438 -100 -16]
[438 -48 -83]
[439 -79 2]
[439 -74 1]
[439 -74 0]
[439 -78 2]
[439 -95 -24]
[439 -48 -84]
[439 -90 -21]
[439 -106 -14]
[439 -92 -21]
[440 -106 -15]
[440 -93 -24]
[440 -98 -23]
[440 -89 -21]
[440 -105 -13]
[440 -106 -12]
[440 -106 -16]
[441 -94 -25]
[441 -73 0]
[441 -73 -1]
[441 -73 -3]
[441 -97 -23]
[441 -104 -14]
[441 -94 -24]
[442 -98 -22]
[442 -101 -16]
[442 -79 4]
[442 -104 -15]
[442 -49 -84]
[443 -46 -84]
[443 -109 -17]
[443 -97 -24]
[443 -72 -2]
[444 -105 -16]
[444 -98 -24]
[444 -96 -25]
[445 -45 -88]
[445 -71 -2]
[445 -93 -26]
[445 -105 -17]
[445 -98 -25]
[445 -50 -85]
[446 -46 -88]
[446 -45 -89]
[446 -99 -26]
[446 -93 -25]
[446 -102 -15]
[446 -100 -17]
[446 -72 -3]
[447 -95 -25]
[447 -97 -25]
[447 -89 -22]
[447 -45 -90]
[447 -108 -18]
[447 -98 -27]
[447 -75 2]
[448 -46 -91]
[448 -70 -3]
[448 -99 -25]
[449 -70 -4]
[449 -71 -3]
[449 -44 -88]
[449 -100 -25]
[449 -104 -17]
[449 -109 -19]
[449 -46 -92]
[449 -47 -92]
[449 -102 -16]
[450 -101 -25]
[450 -97 -28]
[450 -70 -5]
[450 -71 -4]
[450 -103 -15]
[450 -89 -23]
[450 -103 -17]
[450 -107 -19]
[450 -44 -89]
[451 -102 -25]
[451 -98 -26]
[451 -46 -89]
[451 -51 -85]
[451 -71 -5]
[451 -96 -29]
[451 -96 -28]
[451 -109 -18]
[452 -72 -4]
[452 -98 -29]
[452 -72 -1]
[452 -103 -18]
[452 -70 -6]
[452 -69 -6]
[452 -47 -93]
[452 -108 -19]
[452 -72 -5]
[453 -93 -27]
[453 -45 -91]
[453 -48 -91]
[453 -102 -26]
[454 -43 -89]
[454 -110 -19]
[454 -103 -26]
[454 -98 -28]
[454 -95 -29]
[454 -69 -3]
[455 -96 -30]
[455 -48 -94]
[455 -97 -30]
[455 -95 -30]
[455 -103 -24]
[455 -70 -2]
[455 -71 -6]
[455 -97 -29]
[455 -69 -7]
[455 -52 -86]
[456 -51 -86]
[456 -111 -19]
[456 -48 -93]
[456 -70 -7]
[456 -46 -90]
[456 -47 -88]
[456 -99 -29]
[456 -49 -95]
[457 -69 -4]
[457 -49 -91]
[457 -96 -31]
[457 -51 -87]
[457 -49 -94]
[457 -98 -30]
[457 -43 -90]
[457 -71 -7]
[458 -94 -31]
[458 -92 -26]
[458 -95 -31]
[458 -70 -8]
[458 -72 -6]
[458 -104 -27]
[458 -42 -89]
[458 -42 -90]
[458 -48 -89]
[459 -93 -32]
[459 -103 -27]
[459 -101 -27]
[459 -68 -4]
[459 -49 -90]
[459 -50 -90]
[459 -72 -7]
[459 -71 -8]
[460 -73 -8]
[460 -88 -23]
[460 -102 -24]
[460 -73 -6]
[460 -47 -90]
[460 -106 -19]
[460 -102 -28]
[460 -48 -90]
[461 -92 -32]
[461 -70 -9]
[461 -73 -7]
[461 -74 -7]
[461 -105 -19]
[461 -53 -87]
[461 -101 -29]
[462 -73 -9]
[462 -104 -20]
[462 -42 -91]
[462 -69 -10]
[462 -103 -28]
[462 -102 -29]
[462 -103 -19]
[463 -68 -10]
[463 -87 -24]
[463 -102 -30]
[463 -102 -19]
[463 -69 -2]
[463 -100 -28]
[463 -72 -8]
[463 -42 -88]
[463 -48 -88]
[463 -73 -10]
[464 -104 -26]
[464 -103 -20]
[464 -100 -29]
[464 -91 -32]
[464 -104 -19]
[464 -49 -89]
[464 -102 -27]
[464 -54 -87]
[464 -67 -10]
[465 -101 -28]
[465 -74 -10]
[465 -50 -91]
[465 -41 -88]
[466 -105 -26]
[466 -90 -31]
[466 -88 -24]
[466 -41 -87]
[466 -91 -26]
[467 -66 -10]
[467 -87 -23]
[467 -74 -11]
[468 -87 -22]
[468 -49 -96]
[468 -87 -25]
[469 -86 -26]
[469 -74 -12]
[469 -75 -12]
[470 -105 -27]
[470 -93 -31]
[471 -87 -26]
[471 -103 -30]
[471 -68 -2]
[471 -53 -86]
[472 -89 -25]
[472 -104 -30]
[472 -91 -31]
[472 -74 -13]
[472 -104 -29]
[472 -47 -87]
[473 -90 -26]
[473 -88 -25]
[473 -69 -9]
[474 -105 -28]
[475 -105 -29]
[476 -85 -26]
[476 -67 -2]
[477 -75 -13]
[477 -67 -3]
[479 -74 -14]
[479 -66 -3]
[483 -65 -3]
[488 -64 -3]
