WORLD -121 121 -150 150 8.599638030038024 45.971120579063566 20.922061667319632 20.871909874832877
[0 -6 -56]
[0 -7 -55]
[0 -7 -56]
[0 -6 -55]
[0 -7 -57]
[0 -5 -56]
[0 -5 -57]
[0 -5 -55]
[0 -6 -57]
[0 -4 -57]
[0 -4 -58]
[0 -6 -54]
[0 -5 -58]
[0 -6 -58]
[0 -7 -58]
[0 -8 -56]
[0 -8 -54]
[1 -6 -59]
[1 -5 -53]
[1 -7 -54]
[1 -6 -53]
[1 -4 -56]
[1 -5 -59]
[1 -9 -55]
[1 -9 -56]
[1 -8 -57]
[2 -7 -59]
[2 -5 -60]
[2 -7 -60]
[2 -8 -55]
[2 -5 -52]
[2 -7 -52]
[2 -4 -54]
[2 -5 -54]
[2 -6 -52]
[2 -4 -52]
[2 -10 -54]
[2 -9 -54]
[2 -10 -56]
[2 -8 -53]
[2 -4 -55]
[2 -3 -55]
[2 -8 -58]
[2 -9 -57]
[3 -6 -51]
[3 -7 -53]
[3 -3 -56]
[3 -9 -58]
[3 -10 -57]
[3 -10 -58]
[3 -3 -52]
[3 -3 -51]
[3 -4 -51]
[3 -5 -51]
[3 -8 -60]
[3 -7 -61]
[3 -6 -61]
[3 -8 -59]
[3 -4 -53]
[3 -8 -52]
[3 -7 -51]
[3 -11 -55]
[3 -10 -55]
[3 -11 -56]
[3 -5 -61]
[3 -9 -53]
[3 -10 -53]
[3 -11 -53]
[3 -11 -54]
[3 -3 -54]
[4 -4 -50]
[4 -6 -50]
[4 -5 -50]
[4 -2 -51]
[4 -2 -52]
[4 -11 -58]
[4 -11 -57]
[4 -9 -59]
[4 -8 -51]
[4 -12 -52]
[4 -11 -52]
[4 -12 -54]
[4 -10 -52]
[4 -10 -59]
[4 -4 -61]
[4 -4 -60]
[4 -6 -60]
[4 -4 -62]
[4 -12 -53]
[4 -3 -53]
[4 -7 -50]
[4 -8 -61]
[4 -3 -50]
[4 -9 -61]
[4 -9 -51]
[4 -9 -52]
[4 -5 -62]
[4 -6 -62]
[4 -7 -62]
[4 -2 -57]
[4 -2 -55]
[4 -3 -57]
[5 -13 -52]
[5 -11 -51]
[5 -13 -51]
[5 -2 -56]
[5 -1 -55]
[5 -1 -56]
[5 -2 -54]
[5 -10 -51]
[5 -8 -50]
[5 -6 -63]
[5 -7 -63]
[5 -5 -63]
[5 -8 -63]
[5 -9 -60]
[5 -10 -61]
[5 -9 -62]
[5 -10 -60]
[5 -2 -58]
[5 -1 -58]
[5 -3 -61]
[5 -3 -60]
[5 -4 -59]
[5 -3 -59]
[5 -2 -50]
[5 -1 -51]
[5 -8 -62]
[5 -3 -49]
[5 -5 -49]
[5 -3 -63]
[5 -3 -62]
[5 -13 -53]
[5 -12 -55]
[5 -13 -55]
[5 -7 -49]
[5 -11 -59]
[5 -6 -49]
[5 -4 -49]
[5 -2 -53]
[5 -1 -53]
[5 -12 -57]
[5 -12 -56]
[6 -11 -61]
[6 -11 -62]
[6 -3 -58]
[6 -8 -49]
[6 -9 -50]
[6 -14 -50]
[6 -7 -48]
[6 -2 -59]
[6 0 -57]
[6 0 -58]
[6 0 -59]
[6 -4 -63]
[6 -1 -54]
[6 -11 -50]
[6 -12 -50]
[6 -5 -48]
[6 -3 -48]
[6 -4 -48]
[6 -14 -54]
[6 -12 -60]
[6 -12 -59]
[6 -1 -57]
[6 0 -55]
[6 0 -56]
[6 0 -54]
[6 -2 -48]
[6 0 -50]
[6 -7 -64]
[6 -8 -64]
[6 -9 -64]
[6 -2 -64]
[6 -6 -48]
[6 -13 -56]
[6 -14 -53]
[6 -12 -51]
[6 -14 -52]
[6 -2 -63]
[6 -5 -64]
[6 -6 -64]
[6 -10 -62]
[6 -9 -63]
[6 -2 -60]
[6 -2 -61]
[6 -12 -58]
[6 -13 -57]
[6 -8 -48]
[6 -14 -55]
[6 -13 -54]
[6 0 -52]
[6 -1 -52]
[6 0 -53]
[6 -2 -49]
[6 -1 -50]
[7 -13 -59]
[7 -13 -58]
[7 -1 -61]
[7 -14 -56]
[7 -14 -58]
[7 -5 -47]
[7 -15 -54]
[7 1 -59]
[7 -1 -59]
[7 1 -58]
[7 -9 -49]
[7 1 -57]
[7 1 -56]
[7 -2 -47]
[7 -4 -47]
[7 -6 -47]
[7 1 -49]
[7 -1 -49]
[7 0 -49]
[7 1 -50]
[7 -1 -48]
[7 -8 -65]
[7 1 -54]
[7 -15 -50]
[7 -15 -49]
[7 -13 -50]
[7 -14 -51]
[7 -14 -49]
[7 -12 -61]
[7 -12 -62]
[7 -10 -65]
[7 -10 -63]
[7 -9 -65]
[7 -1 -60]
[7 -8 -47]
[7 -15 -53]
[7 -15 -52]
[7 -12 -63]
[7 -11 -60]
[7 -2 -62]
[7 -10 -50]
[7 -12 -49]
[7 -3 -47]
[7 1 -52]
[7 -4 -64]
[7 1 -60]
[7 1 -55]
[7 -1 -47]
[7 -11 -49]
[7 -6 -65]
[7 -5 -65]
[7 -2 -65]
[7 -1 -65]
[7 -3 -65]
[7 -1 -63]
[7 -3 -64]
[7 1 -51]
[7 -7 -47]
[8 2 -57]
[8 2 -56]
[8 0 -64]
[8 -1 -66]
[8 0 -66]
[8 0 -65]
[8 -4 -65]
[8 1 -53]
[8 2 -53]
[8 2 -52]
[8 2 -51]
[8 2 -49]
[8 2 -50]
[8 -4 -66]
[8 -3 -66]
[8 -2 -66]
[8 0 -61]
[8 1 -61]
[8 -13 -61]
[8 -11 -64]
[8 -13 -64]
[8 -11 -48]
[8 -12 -48]
[8 -10 -48]
[8 -11 -65]
[8 -15 -51]
[8 0 -60]
[8 -3 -46]
[8 0 -51]
[8 -14 -57]
[8 -14 -59]
[8 -1 -64]
[8 -8 -66]
[8 -9 -66]
[8 -10 -66]
[8 -13 -60]
[8 -15 -55]
[8 -16 -54]
[8 -7 -65]
[8 2 -54]
[8 0 -48]
[8 -10 -49]
[8 -1 -62]
[8 2 -55]
[8 -5 -46]
[8 -2 -46]
[8 0 -47]
[8 -15 -48]
[8 -13 -49]
[8 -8 -46]
[8 -9 -47]
[8 -11 -63]
[8 -14 -48]
[8 -16 -49]
[8 0 -62]
[8 1 -48]
[8 -5 -66]
[8 -6 -66]
[8 -15 -57]
[8 -1 -46]
[8 -16 -52]
[8 -16 -53]
[8 -9 -48]
[8 -15 -58]
[8 -15 -59]
[9 -12 -64]
[9 -10 -64]
[9 -14 -60]
[9 -4 -45]
[9 -4 -46]
[9 -3 -45]
[9 -10 -47]
[9 -16 -51]
[9 -17 -51]
[9 -17 -53]
[9 -13 -48]
[9 -11 -67]
[9 -9 -67]
[9 -10 -67]
[9 -14 -61]
[9 -13 -62]
[9 -15 -60]
[9 3 -58]
[9 3 -56]
[9 3 -57]
[9 2 -58]
[9 -11 -47]
[9 -16 -57]
[9 -16 -56]
[9 3 -52]
[9 -9 -46]
[9 -8 -45]
[9 -7 -45]
[9 -17 -55]
[9 1 -47]
[9 -15 -47]
[9 -16 -47]
[9 0 -63]
[9 1 -65]
[9 1 -66]
[9 1 -64]
[9 1 -62]
[9 -5 -67]
[9 -1 -67]
[9 -3 -67]
[9 0 -45]
[9 3 -51]
[9 3 -53]
[9 -4 -67]
[9 2 -61]
[9 2 -60]
[9 2 -62]
[9 3 -49]
[9 -15 -56]
[9 1 -63]
[9 -16 -48]
[9 -17 -48]
[9 -17 -50]
[9 -2 -67]
[9 0 -67]
[9 -6 -46]
[9 -5 -45]
[9 -7 -67]
[9 -7 -66]
[9 1 -46]
[9 -16 -55]
[9 -16 -59]
[9 -16 -58]
[9 2 -48]
[9 3 -55]
[9 -13 -63]
[9 -14 -63]
[9 -17 -52]
[10 -1 -68]
[10 -2 -68]
[10 -3 -68]
[10 -4 -68]
[10 4 -58]
[10 4 -56]
[10 -6 -67]
[10 -8 -68]
[10 1 -45]
[10 0 -46]
[10 -14 -64]
[10 -14 -62]
[10 2 -67]
[10 2 -65]
[10 1 -67]
[10 -11 -46]
[10 -12 -47]
[10 -11 -68]
[10 -10 -68]
[10 -9 -68]
[10 3 -60]
[10 4 -52]
[10 3 -61]
[10 -17 -47]
[10 -17 -54]
[10 -17 -56]
[10 2 -64]
[10 -13 -47]
[10 -14 -47]
[10 -6 -44]
[10 -5 -44]
[10 -4 -44]
[10 -12 -68]
[10 -12 -67]
[10 3 -59]
[10 3 -48]
[10 -16 -50]
[10 -17 -49]
[10 -18 -51]
[10 -18 -50]
[10 -18 -53]
[10 -18 -52]
[10 -2 -45]
[10 -8 -67]
[10 -7 -46]
[10 4 -51]
[10 4 -53]
[10 2 -59]
[10 4 -57]
[10 4 -59]
[10 2 -46]
[10 2 -47]
[10 -15 -61]
[10 4 -50]
[10 3 -50]
[10 3 -63]
[10 4 -48]
[10 4 -49]
[10 -16 -60]
[10 -17 -60]
[10 -17 -58]
[10 -18 -49]
[10 -18 -47]
[10 -18 -54]
[10 -14 -46]
[10 -16 -46]
[10 -15 -46]
[10 3 -54]
[10 4 -55]
[10 -5 -68]
[10 -6 -68]
[10 -18 -55]
[10 -1 -44]
[10 -10 -45]
[10 -10 -46]
[10 -9 -44]
[10 -9 -45]
[10 -8 -44]
[10 -15 -64]
[11 3 -64]
[11 4 -64]
[11 2 -63]
[11 3 -65]
[11 -19 -54]
[11 -18 -56]
[11 3 -47]
[11 4 -47]
[11 -18 -48]
[11 -19 -48]
[11 -19 -50]
[11 4 -54]
[11 -7 -43]
[11 -6 -45]
[11 -7 -44]
[11 -5 -43]
[11 5 -52]
[11 5 -51]
[11 5 -53]
[11 -10 -69]
[11 5 -50]
[11 -18 -59]
[11 -19 -55]
[11 5 -58]
[11 5 -57]
[11 5 -56]
[11 -9 -43]
[11 -10 -44]
[11 -10 -43]
[11 -17 -57]
[11 -7 -69]
[11 2 -66]
[11 5 -54]
[11 3 -62]
[11 4 -61]
[11 -5 -69]
[11 -4 -69]
[11 5 -60]
[11 4 -60]
[11 -16 -45]
[11 -19 -53]
[11 -19 -51]
[11 -15 -45]
[11 -17 -45]
[11 -17 -46]
[11 -9 -69]
[11 0 -44]
[11 -2 -43]
[11 -7 -68]
[11 -16 -62]
[11 -17 -61]
[11 0 -68]
[11 -16 -63]
[11 -16 -64]
[11 -12 -46]
[11 5 -47]
[11 5 -49]
[11 5 -48]
[11 -4 -43]
[11 -3 -69]
[11 -16 -61]
[11 -18 -61]
[11 -17 -59]
[11 -11 -44]
[11 -11 -45]
[11 -1 -69]
[11 -15 -63]
[11 -3 -44]
[11 -3 -43]
[11 3 -68]
[11 3 -67]
[11 1 -68]
[11 3 -66]
[11 -11 -69]
[11 -12 -69]
[11 -13 -46]
[11 -2 -69]
[11 -8 -43]
[12 -7 -42]
[12 3 -46]
[12 5 -46]
[12 4 -46]
[12 -18 -58]
[12 -9 -42]
[12 -8 -42]
[12 4 -67]
[12 4 -65]
[12 -11 -70]
[12 -10 -70]
[12 -18 -46]
[12 2 -68]
[12 4 -63]
[12 4 -62]
[12 6 -55]
[12 0 -69]
[12 -20 -56]
[12 -19 -56]
[12 6 -61]
[12 6 -60]
[12 5 -59]
[12 6 -49]
[12 6 -51]
[12 -6 -69]
[12 -8 -69]
[12 -17 -44]
[12 -15 -44]
[12 -11 -43]
[12 -15 -62]
[12 -14 -45]
[12 -12 -45]
[12 -13 -45]
[12 -20 -49]
[12 6 -57]
[12 6 -56]
[12 -6 -42]
[12 -3 -70]
[12 -20 -51]
[12 -2 -42]
[12 -4 -42]
[12 -3 -42]
[12 -17 -64]
[12 -2 -44]
[12 -1 -43]
[12 6 -52]
[12 -16 -44]
[12 -18 -45]
[12 -18 -44]
[12 -9 -70]
[12 -5 -42]
[12 -18 -62]
[12 -18 -60]
[12 -19 -62]
[12 -17 -62]
[12 4 -66]
[12 0 -43]
[12 5 -62]
[12 5 -61]
[12 -10 -42]
[12 6 -47]
[12 6 -48]
[12 3 -69]
[12 -19 -59]
[12 -19 -58]
[12 -14 -44]
[12 0 -70]
[12 -2 -70]
[12 -19 -52]
[12 6 -59]
[12 -19 -57]
[12 -17 -63]
[12 -5 -70]
[12 -19 -47]
[12 -19 -49]
[12 -20 -54]
[12 -20 -53]
[12 -12 -44]
[12 -8 -70]
[12 -6 -70]
[12 -4 -70]
[12 6 -46]
[12 5 -63]
[13 6 -63]
[13 6 -62]
[13 5 -66]
[13 5 -67]
[13 5 -65]
[13 -21 -52]
[13 -21 -51]
[13 -20 -47]
[13 -7 -41]
[13 -9 -41]
[13 -8 -41]
[13 1 -44]
[13 1 -43]
[13 -1 -42]
[13 0 -42]
[13 2 -70]
[13 4 -70]
[13 3 -70]
[13 7 -48]
[13 6 -50]
[13 7 -50]
[13 7 -49]
[13 -19 -45]
[13 -19 -44]
[13 -18 -43]
[13 -12 -70]
[13 6 -58]
[13 -20 -57]
[13 -21 -57]
[13 -20 -55]
[13 -6 -41]
[13 -2 -71]
[13 -18 -63]
[13 4 -45]
[13 2 -45]
[13 -18 -57]
[13 -11 -42]
[13 -10 -41]
[13 -3 -41]
[13 5 -64]
[13 -20 -62]
[13 -19 -63]
[13 7 -46]
[13 7 -47]
[13 -19 -61]
[13 -4 -41]
[13 -5 -41]
[13 -2 -41]
[13 -6 -71]
[13 -4 -71]
[13 7 -59]
[13 -13 -44]
[13 -7 -70]
[13 -10 -71]
[13 -9 -71]
[13 -8 -71]
[13 7 -57]
[13 7 -51]
[13 7 -52]
[13 -18 -64]
[13 -18 -65]
[13 -20 -50]
[13 6 -45]
[13 5 -45]
[13 -15 -43]
[13 7 -60]
[13 -20 -58]
[13 -19 -60]
[13 -6 -43]
[13 1 -69]
[13 -3 -71]
[13 -5 -71]
[13 5 -55]
[13 7 -56]
[13 7 -55]
[13 7 -61]
[13 -7 -71]
[13 -21 -54]
[13 -21 -55]
[13 -21 -48]
[13 -1 -71]
[13 2 -69]
[13 -17 -43]
[13 6 -64]
[13 6 -53]
[13 7 -53]
[13 -19 -46]
[14 -2 -40]
[14 -3 -40]
[14 -4 -40]
[14 -16 -42]
[14 -17 -65]
[14 -19 -65]
[14 -22 -49]
[14 -19 -43]
[14 -17 -42]
[14 -12 -71]
[14 7 -62]
[14 -20 -45]
[14 -20 -46]
[14 -21 -47]
[14 -22 -52]
[14 -22 -51]
[14 8 -48]
[14 1 -71]
[14 2 -71]
[14 6 -65]
[14 -20 -44]
[14 7 -63]
[14 -21 -56]
[14 -14 -43]
[14 8 -56]
[14 8 -55]
[14 7 -54]
[14 8 -54]
[14 -19 -64]
[14 -8 -40]
[14 -9 -40]
[14 8 -53]
[14 8 -52]
[14 8 -51]
[14 6 -54]
[14 8 -47]
[14 8 -49]
[14 8 -50]
[14 -20 -61]
[14 -11 -40]
[14 -11 -41]
[14 -20 -60]
[14 -20 -59]
[14 8 -58]
[14 8 -57]
[14 -5 -40]
[14 -9 -72]
[14 -8 -72]
[14 -7 -72]
[14 -1 -41]
[14 0 -41]
[14 8 -46]
[14 2 -43]
[14 2 -44]
[14 -2 -72]
[14 6 -66]
[14 6 -67]
[14 -1 -40]
[14 -12 -42]
[14 -12 -41]
[14 -22 -55]
[14 4 -68]
[14 5 -68]
[14 6 -68]
[14 2 -42]
[14 1 -42]
[14 -6 -40]
[14 7 -58]
[14 8 -59]
[14 8 -60]
[14 -21 -58]
[14 -21 -59]
[14 -20 -63]
[14 -6 -72]
[14 -12 -43]
[14 -13 -43]
[14 -4 -72]
[14 -5 -72]
[14 -22 -56]
[14 -22 -57]
[14 8 -61]
[14 3 -71]
[14 5 -69]
[14 -11 -72]
[14 -10 -72]
[14 -21 -50]
[14 -22 -50]
[14 7 -44]
[14 5 -44]
[14 0 -72]
[14 -21 -49]
[14 3 -45]
[14 4 -44]
[14 -10 -40]
[14 -21 -62]
[14 -21 -61]
[14 1 -70]
[15 -10 -73]
[15 3 -42]
[15 1 -41]
[15 8 -63]
[15 7 -64]
[15 -23 -48]
[15 -23 -50]
[15 -23 -49]
[15 3 -43]
[15 7 -43]
[15 7 -45]
[15 8 -45]
[15 8 -44]
[15 9 -60]
[15 9 -61]
[15 9 -59]
[15 -11 -73]
[15 -7 -40]
[15 -7 -39]
[15 -13 -42]
[15 -13 -41]
[15 -4 -73]
[15 -3 -73]
[15 -5 -73]
[15 -3 -72]
[15 9 -53]
[15 9 -51]
[15 -22 -54]
[15 -23 -56]
[15 -6 -73]
[15 7 -65]
[15 9 -62]
[15 6 -43]
[15 5 -43]
[15 7 -66]
[15 7 -68]
[15 9 -56]
[15 -22 -58]
[15 -22 -59]
[15 -6 -39]
[15 -15 -42]
[15 -9 -39]
[15 -10 -39]
[15 -3 -39]
[15 -2 -39]
[15 -11 -39]
[15 4 -43]
[15 -8 -39]
[15 -1 -72]
[15 1 -73]
[15 0 -71]
[15 1 -72]
[15 9 -52]
[15 9 -54]
[15 -12 -73]
[15 -7 -73]
[15 -8 -73]
[15 -23 -52]
[15 -21 -53]
[15 -23 -51]
[15 9 -50]
[15 9 -58]
[15 9 -57]
[15 -21 -43]
[15 -20 -43]
[15 -21 -60]
[15 0 -40]
[15 -13 -40]
[15 9 -46]
[15 -20 -42]
[15 9 -55]
[15 7 -67]
[15 -21 -44]
[15 -21 -46]
[15 -4 -39]
[15 9 -48]
[15 9 -49]
[15 -12 -40]
[15 -22 -48]
[15 -21 -63]
[15 -21 -45]
[15 -23 -57]
[15 -23 -58]
[15 3 -72]
[15 -20 -48]
[15 -22 -46]
[15 -16 -43]
[15 -16 -41]
[15 4 -69]
[15 6 -70]
[15 6 -69]
[15 -22 -63]
[15 -22 -61]
[15 9 -45]
[15 8 -62]
[15 -17 -41]
[15 -22 -60]
[15 -20 -65]
[15 -20 -64]
[15 0 -39]
[15 -1 -39]
[15 -23 -55]
[16 10 -56]
[16 7 -70]
[16 -5 -39]
[16 -5 -38]
[16 -6 -38]
[16 -22 -44]
[16 -22 -43]
[16 8 -66]
[16 8 -65]
[16 10 -50]
[16 -24 -53]
[16 -24 -52]
[16 -23 -46]
[16 -23 -45]
[16 -22 -45]
[16 -2 -38]
[16 10 -60]
[16 10 -61]
[16 2 -40]
[16 1 -40]
[16 -23 -59]
[16 -24 -57]
[16 10 -44]
[16 -9 -38]
[16 -10 -38]
[16 -21 -65]
[16 -24 -49]
[16 -24 -51]
[16 -24 -48]
[16 -24 -50]
[16 10 -46]
[16 8 -64]
[16 -23 -53]
[16 -22 -53]
[16 4 -42]
[16 5 -42]
[16 6 -44]
[16 6 -42]
[16 -10 -74]
[16 -24 -55]
[16 -24 -56]
[16 7 -69]
[16 7 -71]
[16 6 -71]
[16 10 -58]
[16 10 -54]
[16 10 -52]
[16 -6 -74]
[16 -8 -74]
[16 -1 -73]
[16 -2 -73]
[16 2 -72]
[16 3 -73]
[16 4 -71]
[16 4 -72]
[16 -22 -62]
[16 -21 -64]
[16 -13 -39]
[16 -14 -40]
[16 -14 -41]
[16 -12 -74]
[16 -13 -73]
[16 -13 -72]
[16 10 -59]
[16 8 -68]
[16 -1 -38]
[16 1 -38]
[16 -9 -73]
[16 -9 -74]
[16 -11 -74]
[16 10 -53]
[16 -5 -74]
[16 -4 -74]
[16 5 -70]
[16 2 -41]
[16 4 -41]
[16 10 -57]
[16 -3 -38]
[16 -22 -64]
[16 8 -67]
[16 8 -69]
[16 -7 -38]
[16 -8 -38]
[16 -4 -38]
[16 10 -51]
[16 -12 -38]
[16 10 -48]
[16 10 -49]
[16 10 -47]
[16 -7 -74]
[16 -14 -42]
[16 3 -44]
[16 10 -62]
[16 -23 -60]
[16 9 -63]
[16 0 -74]
[16 0 -73]
[16 1 -74]
[16 2 -73]
[16 8 -43]
[16 9 -44]
[16 -23 -61]
[16 8 -42]
[16 -1 -70]
[17 -7 -75]
[17 -5 -75]
[17 -3 -75]
[17 7 -42]
[17 9 -42]
[17 11 -62]
[17 11 -61]
[17 -9 -37]
[17 -10 -37]
[17 -9 -75]
[17 -10 -75]
[17 -2 -37]
[17 0 -38]
[17 2 -37]
[17 2 -39]
[17 11 -51]
[17 11 -52]
[17 8 -71]
[17 7 -72]
[17 8 -72]
[17 -1 -74]
[17 -6 -37]
[17 -24 -54]
[17 -23 -54]
[17 -25 -53]
[17 0 -75]
[17 2 -75]
[17 -4 -37]
[17 -15 -40]
[17 -3 -37]
[17 -5 -37]
[17 -12 -72]
[17 -12 -37]
[17 6 -72]
[17 -12 -75]
[17 7 -41]
[17 6 -41]
[17 5 -41]
[17 11 -56]
[17 10 -55]
[17 9 -65]
[17 9 -66]
[17 -2 -74]
[17 11 -48]
[17 9 -47]
[17 1 -39]
[17 11 -45]
[17 9 -43]
[17 -4 -75]
[17 10 -63]
[17 11 -63]
[17 -23 -44]
[17 5 -71]
[17 9 -68]
[17 9 -69]
[17 -23 -43]
[17 -25 -56]
[17 -25 -55]
[17 11 -54]
[17 9 -67]
[17 11 -57]
[17 11 -58]
[17 8 -70]
[17 8 -41]
[17 10 -45]
[17 11 -46]
[17 11 -49]
[17 -25 -50]
[17 -25 -51]
[17 -12 -39]
[17 -13 -38]
[17 -25 -49]
[17 11 -53]
[17 11 -60]
[17 -1 -75]
[17 -11 -37]
[17 -11 -38]
[17 11 -47]
[17 -1 -37]
[17 9 -64]
[17 5 -72]
[17 10 -43]
[17 -24 -45]
[17 -23 -42]
[17 -8 -75]
[17 3 -74]
[17 3 -41]
[17 11 -55]
[18 -26 -57]
[18 -26 -55]
[18 10 -69]
[18 9 -70]
[18 10 -68]
[18 2 -38]
[18 8 -73]
[18 6 -73]
[18 7 -73]
[18 5 -40]
[18 4 -40]
[18 12 -50]
[18 11 -50]
[18 10 -42]
[18 4 -74]
[18 3 -75]
[18 4 -75]
[18 -3 -74]
[18 -2 -75]
[18 -26 -49]
[18 -26 -56]
[18 -25 -54]
[18 -26 -54]
[18 9 -71]
[18 9 -72]
[18 -24 -43]
[18 -24 -42]
[18 -4 -76]
[18 -3 -76]
[18 11 -44]
[18 10 -66]
[18 -6 -76]
[18 -8 -36]
[18 12 -45]
[18 12 -51]
[18 12 -52]
[18 -25 -52]
[18 10 -67]
[18 -24 -44]
[18 12 -55]
[18 1 -37]
[18 0 -37]
[18 -26 -52]
[18 -26 -51]
[18 -11 -75]
[18 -11 -76]
[18 -9 -76]
[18 12 -62]
[18 6 -40]
[18 12 -59]
[18 12 -57]
[18 12 -58]
[18 11 -59]
[18 9 -40]
[18 7 -40]
[18 -12 -36]
[18 -10 -36]
[18 -11 -36]
[18 -22 -42]
[18 12 -61]
[18 12 -60]
[18 0 -36]
[18 -2 -36]
[18 -8 -76]
[18 -3 -36]
[18 1 -76]
[18 0 -76]
[18 -1 -76]
[18 10 -41]
[18 9 -41]
[18 -7 -76]
[18 10 -64]
[18 12 -44]
[18 -7 -36]
[18 -7 -37]
[18 -6 -36]
[18 2 -74]
[18 2 -76]
[18 1 -75]
[18 12 -53]
[18 12 -47]
[18 12 -46]
[18 12 -48]
[18 12 -54]
[18 10 -65]
[18 -5 -36]
[18 -13 -37]
[18 -6 -75]
[18 -4 -36]
[18 12 -49]
[19 10 -39]
[19 8 -39]
[19 10 -40]
[19 8 -40]
[19 10 -70]
[19 10 -71]
[19 10 -72]
[19 -8 -35]
[19 -9 -35]
[19 -9 -36]
[19 -1 -36]
[19 -2 -35]
[19 13 -58]
[19 11 -67]
[19 11 -66]
[19 -10 -35]
[19 4 -76]
[19 3 -76]
[19 0 -77]
[19 -1 -77]
[19 -2 -76]
[19 13 -55]
[19 13 -54]
[19 13 -56]
[19 -5 -77]
[19 -3 -77]
[19 -4 -77]
[19 13 -46]
[19 13 -48]
[19 -26 -50]
[19 -9 -77]
[19 -8 -77]
[19 -7 -77]
[19 12 -43]
[19 -26 -58]
[19 -27 -57]
[19 6 -39]
[19 -27 -54]
[19 -26 -53]
[19 -25 -44]
[19 -25 -43]
[19 13 -60]
[19 13 -61]
[19 -8 -37]
[19 -6 -35]
[19 -5 -35]
[19 13 -59]
[19 13 -53]
[19 13 -62]
[19 12 -63]
[19 1 -77]
[19 13 -50]
[19 -5 -76]
[19 -4 -35]
[19 -3 -35]
[19 -6 -77]
[19 -27 -56]
[19 5 -73]
[19 13 -43]
[19 13 -45]
[19 2 -77]
[19 7 -74]
[19 8 -74]
[19 11 -68]
[19 -7 -35]
[19 -2 -77]
[19 -25 -42]
[19 -27 -55]
[19 -25 -57]
[19 11 -41]
[19 9 -73]
[19 11 -69]
[19 13 -51]
[19 7 -39]
[19 13 -49]
[19 -13 -36]
[19 4 -73]
[19 -11 -35]
[19 -25 -45]
[19 -10 -77]
[19 -27 -52]
[20 11 -71]
[20 13 -47]
[20 5 -75]
[20 -10 -34]
[20 -8 -78]
[20 -10 -76]
[20 -9 -78]
[20 -10 -78]
[20 -26 -45]
[20 14 -61]
[20 13 -42]
[20 14 -44]
[20 -28 -56]
[20 -28 -54]
[20 12 -66]
[20 12 -67]
[20 -11 -78]
[20 14 -63]
[20 6 -75]
[20 -3 -34]
[20 -4 -34]
[20 -27 -58]
[20 -28 -55]
[20 6 -74]
[20 5 -74]
[20 -28 -53]
[20 -27 -53]
[20 -27 -49]
[20 -27 -50]
[20 -27 -51]
[20 -7 -34]
[20 -7 -78]
[20 -3 -78]
[20 -4 -78]
[20 -5 -78]
[20 14 -47]
[20 14 -48]
[20 14 -49]
[20 9 -39]
[20 -26 -43]
[20 -26 -42]
[20 10 -74]
[20 9 -38]
[20 8 -38]
[20 14 -55]
[20 14 -54]
[20 11 -42]
[20 12 -41]
[20 12 -42]
[20 12 -40]
[20 -26 -44]
[20 -12 -34]
[20 3 -77]
[20 2 -78]
[20 3 -78]
[20 14 -50]
[20 14 -51]
[20 14 -57]
[20 14 -56]
[20 -1 -78]
[20 0 -78]
[20 -28 -58]
[20 -1 -34]
[20 -2 -34]
[20 -1 -35]
[20 11 -43]
[20 1 -78]
[20 -2 -78]
[20 11 -72]
[20 11 -70]
[20 10 -38]
[20 11 -40]
[20 11 -38]
[20 7 -38]
[20 14 -59]
[20 13 -57]
[20 -6 -34]
[20 0 -35]
[20 12 -68]
[20 12 -69]
[20 -5 -34]
[20 9 -74]
[20 9 -75]
[20 10 -73]
[20 14 -60]
[20 11 -64]
[20 12 -64]
[20 13 -63]
[21 15 -56]
[21 15 -55]
[21 15 -57]
[21 12 -37]
[21 11 -37]
[21 12 -70]
[21 12 -71]
[21 0 -34]
[21 13 -69]
[21 9 -76]
[21 8 -76]
[21 8 -75]
[21 -27 -43]
[21 15 -44]
[21 15 -45]
[21 1 -79]
[21 -1 -79]
[21 -28 -52]
[21 14 -58]
[21 -12 -78]
[21 -10 -79]
[21 -11 -79]
[21 6 -76]
[21 10 -37]
[21 11 -39]
[21 9 -37]
[21 -27 -42]
[21 15 -54]
[21 14 -53]
[21 14 -43]
[21 14 -41]
[21 13 -41]
[21 -3 -79]
[21 15 -58]
[21 12 -39]
[21 11 -65]
[21 13 -65]
[21 14 -46]
[21 -7 -79]
[21 14 -52]
[21 15 -52]
[21 15 -51]
[21 4 -77]
[21 4 -78]
[21 -3 -33]
[21 -2 -33]
[21 -28 -51]
[21 -28 -49]
[21 -7 -33]
[21 -6 -33]
[21 -29 -54]
[21 -29 -55]
[21 -29 -53]
[21 -28 -57]
[21 3 -79]
[21 2 -79]
[21 -5 -33]
[21 -4 -33]
[21 14 -64]
[21 15 -48]
[21 15 -47]
[21 15 -60]
[21 15 -61]
[21 15 -62]
[21 -29 -59]
[21 -29 -57]
[21 0 -79]
[21 -1 -33]
[21 13 -68]
[21 4 -79]
[21 -27 -48]
[21 -28 -48]
[21 -29 -56]
[21 -9 -79]
[21 15 -64]
[21 14 -62]
[21 13 -64]
[21 15 -63]
[21 -4 -79]
[21 15 -59]
[21 -11 -77]
[21 13 -40]
[21 13 -39]
[21 11 -73]
[21 15 -49]
[21 -6 -79]
[21 -11 -34]
[21 7 -76]
[21 12 -72]
[21 8 -37]
[21 1 -35]
[21 15 -50]
[21 -5 -79]
[21 -6 -78]
[21 12 -65]
[22 16 -63]
[22 15 -40]
[22 15 -41]
[22 -30 -55]
[22 -30 -57]
[22 -30 -56]
[22 0 -32]
[22 -2 -32]
[22 -1 -32]
[22 15 -53]
[22 13 -52]
[22 5 -79]
[22 4 -80]
[22 14 -40]
[22 16 -64]
[22 -3 -80]
[22 -2 -80]
[22 -4 -80]
[22 16 -51]
[22 12 -38]
[22 13 -38]
[22 16 -57]
[22 16 -56]
[22 -30 -54]
[22 -30 -53]
[22 -29 -58]
[22 -29 -50]
[22 -28 -50]
[22 -3 -32]
[22 -5 -32]
[22 -8 -80]
[22 -9 -80]
[22 -10 -80]
[22 13 -70]
[22 13 -71]
[22 5 -77]
[22 5 -76]
[22 -4 -32]
[22 -6 -80]
[22 16 -50]
[22 16 -49]
[22 7 -75]
[22 2 -34]
[22 2 -36]
[22 1 -34]
[22 -12 -77]
[22 -30 -58]
[22 3 -80]
[22 -6 -32]
[22 -7 -32]
[22 -8 -32]
[22 -8 -34]
[22 -28 -43]
[22 -28 -42]
[22 16 -62]
[22 16 -61]
[22 16 -60]
[22 13 -66]
[22 14 -66]
[22 14 -65]
[22 8 -77]
[22 7 -77]
[22 14 -42]
[22 13 -44]
[22 15 -46]
[22 16 -48]
[22 16 -44]
[22 16 -43]
[22 6 -77]
[22 14 -45]
[22 2 -80]
[22 10 -76]
[22 10 -77]
[22 -27 -44]
[22 -28 -44]
[22 16 -53]
[22 16 -55]
[22 11 -74]
[22 12 -73]
[22 12 -74]
[22 0 -80]
[22 -1 -80]
[22 1 -80]
[22 14 -69]
[22 14 -68]
[22 13 -67]
[22 -29 -51]
[22 -29 -52]
[22 -28 -47]
[22 -29 -48]
[22 -29 -49]
[22 1 -33]
[22 16 -58]
[22 16 -59]
[22 -5 -80]
[22 16 -54]
[22 12 -36]
[22 13 -73]
[23 10 -78]
[23 11 -77]
[23 8 -78]
[23 9 -77]
[23 9 -78]
[23 2 -35]
[23 3 -35]
[23 11 -35]
[23 13 -36]
[23 13 -35]
[23 -11 -81]
[23 17 -55]
[23 3 -81]
[23 2 -81]
[23 -4 -81]
[23 -3 -81]
[23 -5 -81]
[23 -2 -81]
[23 15 -43]
[23 15 -42]
[23 -30 -49]
[23 -30 -50]
[23 17 -63]
[23 17 -61]
[23 17 -62]
[23 17 -49]
[23 16 -47]
[23 17 -48]
[23 -30 -51]
[23 -29 -46]
[23 -29 -47]
[23 -30 -52]
[23 11 -75]
[23 15 -39]
[23 14 -39]
[23 13 -74]
[23 -8 -33]
[23 -9 -32]
[23 7 -78]
[23 -2 -31]
[23 0 -33]
[23 17 -60]
[23 17 -53]
[23 16 -52]
[23 0 -81]
[23 1 -81]
[23 -7 -81]
[23 -6 -81]
[23 -31 -58]
[23 10 -75]
[23 -31 -52]
[23 17 -51]
[23 17 -50]
[23 -31 -57]
[23 14 -70]
[23 14 -71]
[23 15 -65]
[23 -2 -79]
[23 5 -78]
[23 6 -78]
[23 17 -57]
[23 17 -56]
[23 -4 -31]
[23 -5 -31]
[23 17 -58]
[23 17 -44]
[23 17 -43]
[23 16 -42]
[23 2 -33]
[23 1 -32]
[23 2 -32]
[23 14 -72]
[23 13 -72]
[23 -28 -45]
[23 4 -81]
[23 13 -37]
[23 15 -68]
[23 0 -31]
[23 1 -31]
[23 16 -39]
[23 3 -33]
[23 -29 -42]
[23 -29 -44]
[23 14 -67]
[23 5 -80]
[23 6 -79]
[23 16 -45]
[23 16 -40]
[23 -8 -81]
[23 -10 -81]
[23 -9 -81]
[24 15 -66]
[24 15 -67]
[24 -4 -82]
[24 -5 -82]
[24 3 -34]
[24 6 -81]
[24 15 -38]
[24 14 -38]
[24 -9 -34]
[24 -7 -80]
[24 -7 -82]
[24 -28 -46]
[24 17 -39]
[24 17 -40]
[24 17 -41]
[24 -11 -80]
[24 -12 -80]
[24 -11 -82]
[24 18 -57]
[24 18 -59]
[24 11 -78]
[24 7 -79]
[24 -9 -82]
[24 18 -50]
[24 18 -48]
[24 1 -82]
[24 0 -82]
[24 15 -71]
[24 15 -73]
[24 15 -72]
[24 2 -30]
[24 2 -31]
[24 0 -30]
[24 14 -73]
[24 14 -74]
[24 12 -75]
[24 18 -64]
[24 17 -64]
[24 18 -63]
[24 3 -36]
[24 1 -36]
[24 17 -38]
[24 16 -38]
[24 -31 -53]
[24 -32 -51]
[24 -31 -51]
[24 -6 -82]
[24 17 -52]
[24 18 -56]
[24 17 -59]
[24 17 -46]
[24 4 -32]
[24 4 -34]
[24 3 -32]
[24 -30 -42]
[24 -30 -43]
[24 -9 -31]
[24 -10 -31]
[24 12 -77]
[24 12 -76]
[24 11 -76]
[24 12 -78]
[24 15 -69]
[24 16 -69]
[24 9 -79]
[24 -31 -56]
[24 4 -82]
[24 -2 -82]
[24 -10 -82]
[24 18 -49]
[24 -31 -48]
[24 -31 -50]
[24 -30 -48]
[24 18 -60]
[24 17 -42]
[24 18 -42]
[24 18 -43]
[24 -29 -45]
[24 2 -82]
[24 18 -54]
[24 -1 -30]
[24 -1 -31]
[24 -3 -30]
[24 -4 -30]
[24 -3 -31]
[24 18 -58]
[24 15 -70]
[24 -2 -30]
[24 8 -79]
[24 12 -35]
[24 14 -34]
[24 14 -36]
[24 7 -80]
[24 -30 -44]
[24 -29 -43]
[24 18 -51]
[24 18 -52]
[24 17 -54]
[25 17 -69]
[25 16 -68]
[25 17 -68]
[25 18 -41]
[25 16 -72]
[25 16 -70]
[25 5 -33]
[25 4 -35]
[25 5 -35]
[25 4 -33]
[25 -11 -83]
[25 -12 -82]
[25 -12 -83]
[25 -31 -49]
[25 -31 -47]
[25 -31 -43]
[25 1 -30]
[25 -1 -29]
[25 18 -38]
[25 18 -39]
[25 19 -58]
[25 19 -55]
[25 8 -81]
[25 18 -65]
[25 19 -59]
[25 19 -60]
[25 15 -36]
[25 15 -35]
[25 0 -29]
[25 -2 -29]
[25 19 -50]
[25 19 -49]
[25 13 -77]
[25 13 -78]
[25 18 -55]
[25 19 -51]
[25 -2 -83]
[25 -1 -83]
[25 -1 -82]
[25 -8 -79]
[25 12 -79]
[25 10 -79]
[25 16 -74]
[25 -31 -42]
[25 -32 -47]
[25 -31 -54]
[25 16 -66]
[25 13 -34]
[25 -32 -50]
[25 -32 -49]
[25 8 -80]
[25 10 -80]
[25 -27 -45]
[25 3 -31]
[25 -10 -83]
[25 2 -83]
[25 19 -52]
[25 16 -73]
[25 16 -71]
[25 18 -44]
[25 19 -43]
[25 19 -44]
[25 15 -34]
[25 13 -33]
[25 -8 -83]
[25 -7 -83]
[25 -8 -82]
[25 -6 -83]
[25 3 -30]
[25 17 -37]
[25 13 -75]
[25 14 -75]
[25 19 -57]
[25 14 -37]
[25 3 -82]
[25 1 -83]
[25 -33 -52]
[25 -30 -46]
[25 -30 -45]
[25 19 -42]
[25 19 -41]
[25 -4 -83]
[25 6 -82]
[25 6 -80]
[25 19 -65]
[25 17 -65]
[25 17 -47]
[25 19 -48]
[25 18 -47]
[25 18 -53]
[25 13 -79]
[25 11 -79]
[25 1 -29]
[25 2 -29]
[25 0 -83]
[25 -3 -82]
[25 -3 -83]
[25 -5 -83]
[25 -32 -52]
[25 16 -41]
[25 -12 -81]
[25 16 -46]
[25 5 -82]
[25 -8 -30]
[25 19 -62]
[25 18 -62]
[25 19 -63]
[25 16 -37]
[26 -3 -84]
[26 6 -34]
[26 2 -28]
[26 1 -28]
[26 16 -67]
[26 17 -67]
[26 -1 -28]
[26 0 -84]
[26 1 -84]
[26 13 -76]
[26 14 -76]
[26 17 -45]
[26 19 -45]
[26 16 -65]
[26 18 -66]
[26 15 -37]
[26 16 -36]
[26 18 -40]
[26 -9 -83]
[26 -2 -84]
[26 -32 -42]
[26 -13 -82]
[26 -13 -81]
[26 -7 -84]
[26 -9 -84]
[26 -8 -84]
[26 4 -29]
[26 18 -61]
[26 19 -61]
[26 20 -59]
[26 20 -60]
[26 19 -39]
[26 19 -38]
[26 19 -37]
[26 -31 -44]
[26 -31 -45]
[26 19 -54]
[26 19 -53]
[26 5 -32]
[26 5 -34]
[26 14 -33]
[26 16 -34]
[26 14 -35]
[26 16 -35]
[26 -6 -84]
[26 3 -84]
[26 3 -83]
[26 2 -84]
[26 20 -63]
[26 19 -66]
[26 14 -32]
[26 13 -32]
[26 20 -51]
[26 20 -49]
[26 20 -53]
[26 9 -81]
[26 9 -80]
[26 14 -78]
[26 20 -48]
[26 19 -47]
[26 15 -74]
[26 15 -76]
[26 15 -75]
[26 -9 -29]
[26 -8 -29]
[26 18 -67]
[26 -33 -53]
[26 -32 -53]
[26 19 -64]
[26 6 -83]
[26 5 -81]
[26 -11 -84]
[26 -32 -44]
[26 -32 -48]
[26 -30 -47]
[26 7 -82]
[26 7 -81]
[26 20 -64]
[26 20 -55]
[26 19 -56]
[26 20 -56]
[26 20 -57]
[26 20 -58]
[26 14 -77]
[26 14 -79]
[26 -12 -84]
[26 12 -80]
[26 6 -33]
[26 6 -32]
[26 11 -80]
[26 11 -81]
[26 17 -73]
[26 17 -71]
[26 17 -72]
[26 -33 -50]
[26 -33 -49]
[26 -10 -84]
[26 20 -43]
[26 -31 -46]
[26 17 -70]
[26 -33 -48]
[26 20 -42]
[26 -13 -83]
[26 17 -75]
[26 13 -80]
[26 19 -46]
[26 -34 -51]
[26 -34 -52]
[26 18 -69]
[26 19 -40]
[26 18 -37]
[26 17 -74]
[26 17 -66]
[26 20 -50]
[26 20 -52]
[27 -9 -28]
[27 -9 -30]
[27 -8 -28]
[27 -6 -85]
[27 -8 -85]
[27 3 -28]
[27 3 -29]
[27 1 -27]
[27 3 -27]
[27 20 -44]
[27 20 -45]
[27 18 -45]
[27 20 -46]
[27 21 -55]
[27 21 -56]
[27 -34 -50]
[27 12 -81]
[27 12 -82]
[27 21 -64]
[27 20 -62]
[27 16 -76]
[27 16 -75]
[27 20 -65]
[27 20 -66]
[27 20 -41]
[27 20 -40]
[27 20 -39]
[27 15 -79]
[27 21 -65]
[27 21 -63]
[27 18 -72]
[27 18 -71]
[27 -3 -85]
[27 -1 -84]
[27 -1 -85]
[27 20 -38]
[27 15 -77]
[27 17 -35]
[27 18 -73]
[27 18 -74]
[27 14 -81]
[27 13 -81]
[27 21 -51]
[27 21 -50]
[27 -11 -85]
[27 -10 -85]
[27 21 -49]
[27 14 -80]
[27 15 -80]
[27 15 -78]
[27 7 -33]
[27 7 -34]
[27 16 -33]
[27 17 -33]
[27 17 -34]
[27 19 -67]
[27 20 -47]
[27 19 -68]
[27 10 -81]
[27 7 -31]
[27 -9 -85]
[27 20 -37]
[27 -34 -53]
[27 -32 -54]
[27 4 -30]
[27 5 -30]
[27 5 -29]
[27 5 -28]
[27 4 -83]
[27 18 -46]
[27 1 -85]
[27 3 -85]
[27 -14 -83]
[27 -32 -43]
[27 -33 -43]
[27 21 -52]
[27 -5 -85]
[27 -7 -85]
[27 21 -57]
[27 21 -41]
[27 21 -42]
[27 -33 -47]
[27 20 -61]
[27 21 -59]
[27 21 -61]
[27 21 -60]
[27 -10 -30]
[27 16 -77]
[27 21 -44]
[27 21 -48]
[27 21 -47]
[27 -33 -51]
[27 12 -32]
[27 12 -33]
[27 13 -31]
[27 -14 -84]
[27 17 -36]
[27 8 -82]
[27 8 -83]
[27 7 -83]
[27 7 -84]
[27 5 -84]
[27 6 -84]
[27 5 -83]
[27 21 -58]
[27 5 -31]
[27 4 -31]
[27 -2 -85]
[27 -4 -85]
[27 -4 -84]
[27 4 -84]
[27 2 -85]
[27 18 -76]
[27 18 -75]
[27 2 -27]
[27 0 -27]
[27 15 -33]
[27 20 -54]
[27 21 -54]
[27 21 -53]
[27 10 -82]
[27 9 -82]
[27 15 -31]
[27 14 -31]
[27 19 -70]
[27 0 -85]
[27 -32 -45]
[27 -12 -85]
[28 -1 -86]
[28 1 -86]
[28 16 -78]
[28 16 -79]
[28 19 -36]
[28 21 -37]
[28 21 -40]
[28 22 -41]
[28 22 -42]
[28 22 -40]
[28 -33 -44]
[28 -2 -86]
[28 9 -83]
[28 8 -84]
[28 -9 -27]
[28 -10 -27]
[28 10 -83]
[28 11 -83]
[28 21 -45]
[28 2 -86]
[28 -12 -86]
[28 22 -49]
[28 -13 -84]
[28 -11 -86]
[28 -13 -86]
[28 8 -34]
[28 22 -64]
[28 22 -55]
[28 22 -53]
[28 21 -38]
[28 4 -85]
[28 4 -86]
[28 21 -66]
[28 18 -36]
[28 22 -56]
[28 22 -54]
[28 17 -76]
[28 19 -75]
[28 19 -77]
[28 -15 -83]
[28 -15 -85]
[28 -15 -84]
[28 4 -27]
[28 21 -46]
[28 22 -58]
[28 21 -62]
[28 22 -62]
[28 6 -29]
[28 6 -30]
[28 4 -28]
[28 18 -33]
[28 3 -86]
[28 6 -27]
[28 5 -27]
[28 21 -39]
[28 22 -65]
[28 -6 -86]
[28 13 -82]
[28 11 -82]
[28 18 -35]
[28 22 -57]
[28 19 -74]
[28 19 -73]
[28 19 -72]
[28 -4 -86]
[28 20 -68]
[28 18 -68]
[28 11 -33]
[28 12 -31]
[28 11 -32]
[28 2 -26]
[28 4 -26]
[28 3 -26]
[28 12 -30]
[28 14 -30]
[28 -10 -86]
[28 -8 -86]
[28 18 -32]
[28 17 -78]
[28 17 -77]
[28 12 -34]
[28 8 -35]
[28 22 -48]
[28 -9 -86]
[28 6 -31]
[28 17 -32]
[28 15 -32]
[28 22 -50]
[28 -5 -84]
[28 19 -71]
[28 -33 -46]
[28 6 -85]
[28 7 -85]
[28 15 -82]
[28 14 -82]
[28 22 -60]
[28 22 -59]
[28 5 -85]
[28 20 -71]
[28 15 -30]
[28 16 -31]
[28 1 -26]
[28 20 -67]
[28 21 -67]
[28 13 -30]
[28 16 -80]
[28 15 -81]
[28 21 -43]
[28 -7 -86]
[28 13 -83]
[28 12 -83]
[28 22 -52]
[29 -33 -45]
[29 23 -42]
[29 23 -41]
[29 22 -43]
[29 23 -43]
[29 22 -61]
[29 23 -62]
[29 14 -83]
[29 18 -77]
[29 20 -76]
[29 20 -78]
[29 19 -78]
[29 19 -76]
[29 16 -30]
[29 16 -29]
[29 -34 -45]
[29 -1 -87]
[29 -3 -86]
[29 -3 -87]
[29 14 -29]
[29 16 -32]
[29 23 -58]
[29 21 -71]
[29 -8 -87]
[29 -9 -87]
[29 7 -29]
[29 -8 -27]
[29 -8 -26]
[29 11 -30]
[29 12 -84]
[29 10 -34]
[29 10 -32]
[29 18 -78]
[29 18 -79]
[29 20 -75]
[29 20 -74]
[29 20 -73]
[29 22 -39]
[29 -16 -85]
[29 -14 -86]
[29 -16 -84]
[29 22 -66]
[29 6 -28]
[29 7 -26]
[29 3 -25]
[29 9 -35]
[29 22 -45]
[29 22 -46]
[29 22 -47]
[29 2 -25]
[29 19 -34]
[29 -6 -87]
[29 0 -87]
[29 11 -29]
[29 12 -29]
[29 22 -68]
[29 21 -68]
[29 20 -70]
[29 18 -70]
[29 19 -35]
[29 20 -36]
[29 5 -87]
[29 11 -84]
[29 23 -57]
[29 23 -54]
[29 -12 -87]
[29 -11 -87]
[29 23 -52]
[29 -5 -87]
[29 -4 -87]
[29 -7 -87]
[29 16 -81]
[29 -13 -85]
[29 -10 -87]
[29 6 -86]
[29 22 -37]
[29 20 -69]
[29 19 -69]
[29 5 -86]
[29 23 -56]
[29 17 -80]
[29 7 -30]
[29 3 -87]
[29 2 -87]
[29 17 -79]
[29 18 -31]
[29 19 -32]
[29 19 -33]
[29 18 -34]
[29 13 -29]
[29 22 -51]
[29 23 -64]
[29 23 -65]
[29 10 -84]
[29 13 -84]
[29 23 -49]
[29 23 -47]
[29 23 -48]
[29 -14 -85]
[29 -14 -87]
[29 -13 -87]
[29 10 -33]
[29 7 -86]
[29 23 -53]
[29 23 -39]
[29 -11 -28]
[29 -10 -28]
[29 -9 -26]
[30 20 -32]
[30 20 -33]
[30 20 -34]
[30 24 -52]
[30 23 -51]
[30 24 -51]
[30 17 -30]
[30 19 -30]
[30 17 -31]
[30 -9 -88]
[30 0 -88]
[30 1 -88]
[30 21 -77]
[30 19 -79]
[30 23 -59]
[30 24 -58]
[30 24 -49]
[30 24 -47]
[30 12 -28]
[30 13 -28]
[30 23 -44]
[30 22 -44]
[30 7 -87]
[30 4 -24]
[30 3 -24]
[30 4 -25]
[30 4 -88]
[30 6 -88]
[30 12 -85]
[30 -13 -88]
[30 -14 -88]
[30 20 -72]
[30 21 -70]
[30 22 -72]
[30 -11 -27]
[30 -11 -29]
[30 -8 -88]
[30 21 -69]
[30 21 -75]
[30 10 -28]
[30 11 -28]
[30 -15 -86]
[30 4 -87]
[30 17 -29]
[30 15 -29]
[30 7 -27]
[30 7 -28]
[30 24 -64]
[30 24 -65]
[30 23 -66]
[30 24 -50]
[30 24 -48]
[30 23 -50]
[30 8 -25]
[30 6 -25]
[30 8 -27]
[30 6 -26]
[30 2 -88]
[30 3 -88]
[30 20 -31]
[30 23 -46]
[30 1 -87]
[30 20 -79]
[30 24 -39]
[30 24 -38]
[30 -34 -46]
[30 9 -34]
[30 -8 -25]
[30 -10 -25]
[30 -10 -26]
[30 22 -67]
[30 8 -28]
[30 24 -42]
[30 -11 -88]
[30 -6 -88]
[30 11 -34]
[30 21 -36]
[30 20 -35]
[30 -4 -88]
[30 -5 -88]
[30 23 -45]
[30 24 -61]
[30 22 -63]
[30 6 -87]
[30 21 -74]
[30 -7 -26]
[30 24 -53]
[30 11 -31]
[30 9 -32]
[30 9 -31]
[30 10 -31]
[30 22 -38]
[30 23 -38]
[30 23 -40]
[30 22 -69]
[30 23 -67]
[30 11 -85]
[30 24 -56]
[30 23 -61]
[30 23 -60]
[30 15 -28]
[30 16 -28]
[30 24 -55]
[30 24 -57]
[30 23 -55]
[30 1 -24]
[30 2 -24]
[30 -10 -88]
[30 -17 -84]
[30 -5 -86]
[30 23 -36]
[30 22 -36]
[30 14 -28]
[30 21 -73]
[30 -1 -88]
[30 -2 -87]
[30 0 -86]
[31 14 -27]
[31 22 -71]
[31 22 -73]
[31 23 -73]
[31 -4 -89]
[31 -5 -89]
[31 1 -89]
[31 0 -89]
[31 25 -58]
[31 25 -56]
[31 -11 -26]
[31 8 -29]
[31 21 -34]
[31 21 -35]
[31 15 -27]
[31 17 -28]
[31 24 -60]
[31 5 -26]
[31 7 -25]
[31 9 -30]
[31 10 -30]
[31 -9 -89]
[31 22 -75]
[31 -11 -89]
[31 7 -88]
[31 -12 -89]
[31 -12 -88]
[31 25 -48]
[31 -18 -83]
[31 -18 -84]
[31 21 -78]
[31 18 -29]
[31 18 -30]
[31 -10 -29]
[31 2 -89]
[31 13 -27]
[31 -11 -25]
[31 -10 -24]
[31 -9 -25]
[31 25 -49]
[31 24 -40]
[31 22 -35]
[31 24 -54]
[31 21 -72]
[31 22 -74]
[31 2 -23]
[31 3 -23]
[31 22 -76]
[31 10 -29]
[31 9 -27]
[31 19 -31]
[31 -7 -89]
[31 -7 -88]
[31 5 -88]
[31 18 -28]
[31 24 -63]
[31 25 -64]
[31 23 -63]
[31 8 -26]
[31 9 -26]
[31 11 -27]
[31 12 -27]
[31 10 -27]
[31 4 -23]
[31 25 -62]
[31 25 -61]
[31 1 -23]
[31 25 -52]
[31 25 -50]
[31 23 -35]
[31 24 -44]
[31 24 -43]
[31 24 -45]
[31 25 -59]
[31 24 -59]
[31 24 -46]
[31 25 -47]
[31 5 -25]
[31 6 -24]
[31 -7 -27]
[31 -6 -27]
[31 -7 -25]
[31 20 -77]
[31 22 -78]
[31 21 -31]
[31 21 -32]
[31 20 -30]
[31 23 -70]
[31 10 -85]
[31 11 -86]
[31 25 -51]
[31 25 -37]
[31 23 -37]
[31 25 -39]
[31 -14 -89]
[31 8 -24]
[31 9 -25]
[31 7 -24]
[31 9 -28]
[31 24 -41]
[31 25 -41]
[31 24 -68]
[31 24 -67]
[31 24 -62]
[31 24 -66]
[31 25 -65]
[31 5 -24]
[31 -1 -89]
[31 -2 -88]
[31 -2 -89]
[32 0 -90]
[32 1 -90]
[32 26 -57]
[32 25 -57]
[32 22 -34]
[32 21 -33]
[32 25 -54]
[32 25 -53]
[32 19 -29]
[32 26 -53]
[32 5 -22]
[32 22 -79]
[32 23 -77]
[32 20 -29]
[32 21 -29]
[32 -3 -89]
[32 26 -65]
[32 26 -64]
[32 23 -71]
[32 22 -70]
[32 -6 -89]
[32 26 -50]
[32 26 -49]
[32 26 -48]
[32 9 -29]
[32 25 -60]
[32 -6 -26]
[32 10 -25]
[32 9 -23]
[32 9 -24]
[32 8 -23]
[32 22 -77]
[32 21 -79]
[32 -11 -23]
[32 -11 -24]
[32 26 -59]
[32 25 -69]
[32 25 -67]
[32 23 -68]
[32 23 -69]
[32 21 -76]
[32 13 -26]
[32 14 -26]
[32 23 -74]
[32 24 -73]
[32 24 -74]
[32 26 -39]
[32 26 -38]
[32 25 -63]
[32 26 -63]
[32 23 -75]
[32 23 -76]
[32 26 -52]
[32 26 -51]
[32 -13 -90]
[32 -11 -90]
[32 -3 -88]
[32 8 -89]
[32 7 -89]
[32 25 -66]
[32 24 -70]
[32 26 -61]
[32 1 -22]
[32 2 -22]
[32 -2 -90]
[32 -3 -90]
[32 16 -26]
[32 15 -26]
[32 26 -62]
[32 -10 -89]
[32 -10 -90]
[32 25 -45]
[32 25 -44]
[32 24 -37]
[32 25 -36]
[32 26 -37]
[32 26 -36]
[32 -14 -90]
[32 -15 -90]
[32 -13 -89]
[32 -12 -24]
[32 -12 -90]
[32 -7 -90]
[32 -6 -90]
[32 12 -26]
[32 26 -41]
[32 25 -42]
[32 26 -46]
[32 25 -46]
[32 26 -47]
[32 -8 -24]
[32 24 -36]
[32 24 -34]
[32 22 -33]
[32 22 -31]
[32 19 -28]
[32 19 -27]
[32 17 -27]
[32 10 -26]
[32 4 -22]
[32 21 -30]
[32 22 -30]
[32 7 -23]
[32 6 -23]
[32 23 -72]
[32 25 -40]
[32 10 -24]
[32 -5 -90]
[33 27 -62]
[33 27 -61]
[33 27 -50]
[33 27 -48]
[33 -9 -24]
[33 -9 -23]
[33 26 -54]
[33 18 -27]
[33 9 -22]
[33 8 -22]
[33 10 -22]
[33 25 -73]
[33 25 -74]
[33 -11 -91]
[33 -13 -91]
[33 25 -70]
[33 26 -69]
[33 11 -25]
[33 25 -35]
[33 15 -25]
[33 24 -75]
[33 25 -75]
[33 24 -76]
[33 24 -71]
[33 12 -25]
[33 11 -26]
[33 13 -25]
[33 26 -58]
[33 27 -56]
[33 26 -45]
[33 27 -53]
[33 -10 -91]
[33 -12 -91]
[33 16 -25]
[33 14 -25]
[33 11 -24]
[33 27 -54]
[33 27 -52]
[33 19 -26]
[33 20 -27]
[33 18 -26]
[33 20 -26]
[33 27 -37]
[33 25 -38]
[33 27 -38]
[33 24 -69]
[33 -12 -23]
[33 7 -22]
[33 27 -64]
[33 6 -22]
[33 27 -60]
[33 -1 -91]
[33 27 -51]
[33 -8 -91]
[33 -8 -89]
[33 25 -43]
[33 22 -29]
[33 24 -35]
[33 25 -34]
[33 23 -33]
[33 25 -33]
[33 24 -33]
[33 8 -90]
[33 7 -90]
[33 -4 -90]
[33 -3 -91]
[33 -4 -91]
[33 -1 -90]
[33 -10 -23]
[33 -12 -22]
[33 -10 -22]
[33 10 -23]
[33 11 -23]
[33 21 -80]
[33 27 -39]
[33 26 -60]
[33 25 -55]
[33 27 -41]
[33 27 -42]
[33 23 -34]
[33 23 -32]
[33 20 -28]
[33 27 -40]
[33 27 -66]
[33 27 -65]
[33 26 -66]
[33 26 -67]
[33 26 -44]
[33 26 -43]
[33 5 -21]
[33 5 -23]
[33 23 -78]
[33 22 -28]
[33 27 -46]
[33 23 -31]
[33 22 -32]
[33 23 -30]
[33 27 -47]
[33 26 -35]
[33 27 -35]
[33 -9 -91]
[33 24 -72]
[33 24 -77]
[33 17 -25]
[33 -15 -91]
[33 -14 -91]
[33 -15 -89]
[33 27 -58]
[33 -7 -91]
[33 -5 -91]
[33 26 -56]
[34 -11 -92]
[34 27 -55]
[34 28 -57]
[34 27 -57]
[34 28 -55]
[34 6 -21]
[34 4 -20]
[34 6 -20]
[34 5 -20]
[34 28 -42]
[34 28 -40]
[34 24 -32]
[34 28 -65]
[34 -8 -23]
[34 -2 -91]
[34 0 -91]
[34 24 -30]
[34 17 -26]
[34 26 -70]
[34 21 -25]
[34 21 -26]
[34 27 -36]
[34 27 -45]
[34 26 -76]
[34 26 -75]
[34 26 -74]
[34 26 -34]
[34 28 -47]
[34 28 -45]
[34 26 -55]
[34 21 -28]
[34 28 -58]
[34 28 -59]
[34 -9 -22]
[34 -10 -21]
[34 -11 -21]
[34 16 -24]
[34 7 -21]
[34 -8 -90]
[34 -10 -92]
[34 28 -51]
[34 28 -53]
[34 28 -52]
[34 24 -78]
[34 25 -77]
[34 -7 -92]
[34 -8 -92]
[34 -9 -90]
[34 -9 -92]
[34 12 -24]
[34 -13 -92]
[34 14 -24]
[34 15 -24]
[34 26 -73]
[34 25 -72]
[34 -6 -92]
[34 -4 -92]
[34 26 -32]
[34 -5 -92]
[34 28 -36]
[34 28 -38]
[34 28 -41]
[34 26 -42]
[34 -13 -22]
[34 27 -68]
[34 25 -68]
[34 27 -70]
[34 27 -69]
[34 26 -68]
[34 13 -24]
[34 9 -21]
[34 28 -39]
[34 26 -40]
[34 28 -49]
[34 28 -48]
[34 11 -21]
[34 10 -21]
[34 21 -27]
[34 27 -59]
[34 -12 -21]
[34 -2 -92]
[34 -3 -92]
[34 28 -54]
[34 28 -60]
[34 28 -62]
[34 -16 -90]
[34 -14 -92]
[34 -16 -91]
[34 25 -32]
[34 28 -50]
[34 27 -49]
[34 8 -21]
[34 28 -63]
[34 27 -67]
[34 20 -25]
[34 25 -76]
[34 27 -44]
[35 27 -71]
[35 25 -30]
[35 25 -29]
[35 23 -29]
[35 25 -31]
[35 19 -24]
[35 29 -40]
[35 29 -38]
[35 -9 -20]
[35 -10 -20]
[35 -7 -93]
[35 -9 -93]
[35 -8 -93]
[35 5 -19]
[35 7 -20]
[35 -3 -93]
[35 14 -23]
[35 16 -23]
[35 29 -54]
[35 28 -56]
[35 29 -56]
[35 29 -62]
[35 29 -63]
[35 28 -64]
[35 17 -24]
[35 17 -23]
[35 26 -33]
[35 26 -72]
[35 26 -71]
[35 25 -71]
[35 28 -68]
[35 28 -69]
[35 29 -65]
[35 29 -66]
[35 28 -66]
[35 28 -71]
[35 28 -70]
[35 9 -20]
[35 8 -20]
[35 27 -31]
[35 27 -32]
[35 28 -37]
[35 -7 -24]
[35 25 -78]
[35 26 -77]
[35 22 -25]
[35 22 -26]
[35 -10 -93]
[35 -5 -93]
[35 -4 -93]
[35 29 -41]
[35 -12 -20]
[35 -11 -22]
[35 -11 -20]
[35 -8 -21]
[35 -9 -21]
[35 -11 -93]
[35 22 -24]
[35 29 -42]
[35 29 -57]
[35 4 -19]
[35 22 -27]
[35 27 -43]
[35 28 -43]
[35 29 -43]
[35 -13 -21]
[35 -13 -20]
[35 29 -39]
[35 27 -63]
[35 29 -61]
[35 27 -76]
[35 -14 -93]
[35 -6 -91]
[35 29 -59]
[35 27 -72]
[35 27 -77]
[35 27 -75]
[35 -14 -21]
[35 29 -60]
[35 28 -61]
[35 10 -20]
[35 28 -46]
[35 28 -44]
[35 27 -74]
[35 28 -35]
[35 29 -48]
[35 29 -50]
[35 29 -52]
[35 29 -46]
[35 25 -79]
[35 15 -23]
[35 29 -47]
[35 -6 -93]
[36 6 -19]
[36 4 -18]
[36 26 -78]
[36 -10 -94]
[36 -8 -94]
[36 28 -72]
[36 15 -22]
[36 29 -69]
[36 24 -31]
[36 26 -31]
[36 26 -30]
[36 29 -70]
[36 30 -43]
[36 30 -65]
[36 30 -64]
[36 30 -66]
[36 -14 -20]
[36 -14 -22]
[36 -9 -94]
[36 -7 -94]
[36 -12 -19]
[36 -11 -19]
[36 28 -75]
[36 29 -37]
[36 19 -25]
[36 20 -24]
[36 18 -24]
[36 -7 -23]
[36 -6 -23]
[36 -15 -20]
[36 8 -19]
[36 7 -19]
[36 30 -61]
[36 30 -60]
[36 -8 -20]
[36 -9 -19]
[36 -8 -19]
[36 30 -39]
[36 30 -37]
[36 -7 -22]
[36 9 -19]
[36 11 -19]
[36 10 -19]
[36 -11 -94]
[36 -12 -94]
[36 26 -79]
[36 17 -22]
[36 18 -23]
[36 16 -22]
[36 18 -22]
[36 28 -30]
[36 28 -32]
[36 23 -27]
[36 23 -25]
[36 -13 -19]
[36 30 -42]
[36 29 -44]
[36 30 -40]
[36 28 -31]
[36 -14 -19]
[36 28 -76]
[36 28 -77]
[36 30 -56]
[36 30 -55]
[36 24 -29]
[36 3 -19]
[36 3 -20]
[36 21 -23]
[36 21 -24]
[36 29 -53]
[36 30 -51]
[36 -5 -94]
[36 27 -73]
[36 27 -34]
[36 28 -67]
[36 30 -47]
[36 29 -45]
[36 -8 -22]
[36 30 -41]
[36 26 -29]
[36 26 -28]
[36 30 -62]
[36 30 -63]
[36 24 -28]
[36 23 -28]
[36 30 -53]
[36 23 -26]
[36 30 -59]
[36 29 -58]
[36 30 -49]
[36 30 -58]
[36 30 -57]
[37 24 -26]
[37 18 -25]
[37 30 -69]
[37 30 -68]
[37 27 -79]
[37 21 -22]
[37 -10 -19]
[37 -10 -18]
[37 31 -66]
[37 31 -65]
[37 31 -67]
[37 30 -44]
[37 31 -43]
[37 31 -44]
[37 27 -29]
[37 27 -30]
[37 25 -28]
[37 29 -30]
[37 29 -29]
[37 28 -29]
[37 31 -40]
[37 31 -42]
[37 9 -18]
[37 31 -55]
[37 30 -54]
[37 11 -20]
[37 12 -19]
[37 11 -18]
[37 31 -58]
[37 31 -56]
[37 31 -61]
[37 31 -60]
[37 31 -62]
[37 -13 -18]
[37 -11 -18]
[37 27 -80]
[37 15 -21]
[37 -6 -21]
[37 -6 -22]
[37 31 -41]
[37 -9 -95]
[37 27 -78]
[37 28 -78]
[37 -10 -95]
[37 7 -18]
[37 5 -18]
[37 29 -76]
[37 29 -77]
[37 29 -75]
[37 22 -23]
[37 29 -68]
[37 -9 -18]
[37 -8 -18]
[37 -7 -18]
[37 31 -64]
[37 17 -21]
[37 19 -23]
[37 29 -31]
[37 6 -18]
[37 31 -52]
[37 30 -52]
[37 29 -51]
[37 31 -51]
[37 30 -71]
[37 29 -71]
[37 30 -70]
[37 8 -18]
[37 27 -28]
[37 25 -27]
[37 -7 -19]
[37 -7 -20]
[37 -7 -21]
[37 4 -17]
[37 5 -17]
[37 3 -17]
[37 30 -45]
[37 -15 -21]
[37 -15 -19]
[37 29 -36]
[37 30 -36]
[37 31 -38]
[37 30 -38]
[37 23 -24]
[37 24 -25]
[37 24 -27]
[37 30 -50]
[37 30 -48]
[37 31 -50]
[37 28 -74]
[37 -6 -24]
[37 -5 -23]
[37 28 -34]
[37 28 -33]
[37 27 -33]
[37 31 -63]
[37 19 -22]
[37 -6 -94]
[37 28 -73]
[37 29 -73]
[37 29 -72]
[37 31 -39]
[37 31 -54]
[37 29 -64]
[37 2 -21]
[38 -8 -17]
[38 7 -17]
[38 32 -56]
[38 32 -57]
[38 29 -33]
[38 16 -20]
[38 -6 -18]
[38 -6 -19]
[38 30 -35]
[38 32 -63]
[38 32 -62]
[38 -12 -18]
[38 -11 -17]
[38 -12 -17]
[38 30 -67]
[38 32 -67]
[38 32 -66]
[38 31 -68]
[38 32 -68]
[38 30 -78]
[38 28 -28]
[38 28 -27]
[38 26 -27]
[38 31 -45]
[38 28 -79]
[38 6 -17]
[38 12 -18]
[38 31 -37]
[38 31 -36]
[38 29 -35]
[38 32 -43]
[38 32 -41]
[38 32 -52]
[38 32 -53]
[38 31 -53]
[38 30 -76]
[38 30 -74]
[38 29 -74]
[38 30 -75]
[38 31 -71]
[38 31 -69]
[38 24 -24]
[38 23 -23]
[38 29 -49]
[38 31 -48]
[38 31 -49]
[38 31 -47]
[38 25 -24]
[38 25 -26]
[38 25 -25]
[38 32 -55]
[38 32 -54]
[38 3 -16]
[38 5 -16]
[38 30 -31]
[38 30 -29]
[38 29 -79]
[38 30 -72]
[38 32 -64]
[38 32 -44]
[38 32 -45]
[38 29 -28]
[38 30 -30]
[38 -5 -24]
[38 -6 -25]
[38 -5 -25]
[38 20 -22]
[38 21 -21]
[38 22 -21]
[38 32 -58]
[38 31 -57]
[38 31 -59]
[38 -13 -17]
[38 32 -39]
[38 30 -77]
[38 32 -49]
[38 -11 -95]
[38 -6 -20]
[38 -10 -17]
[38 -9 -17]
[38 30 -32]
[38 32 -42]
[38 32 -40]
[38 32 -59]
[38 32 -60]
[38 32 -61]
[38 -7 -17]
[38 10 -17]
[38 9 -17]
[38 8 -17]
[38 6 -16]
[38 27 -81]
[38 31 -46]
[38 -9 -96]
[38 -8 -96]
[38 32 -38]
[38 -5 -21]
[38 -5 -20]
[38 18 -21]
[38 20 -23]
[38 22 -22]
[38 -5 -22]
[38 -4 -22]
[38 -4 -24]
[38 12 -17]
[38 10 -18]
[38 11 -17]
[39 26 -24]
[39 26 -25]
[39 31 -35]
[39 32 -36]
[39 32 -37]
[39 33 -42]
[39 33 -44]
[39 30 -34]
[39 30 -33]
[39 29 -34]
[39 28 -80]
[39 9 -16]
[39 11 -16]
[39 31 -29]
[39 30 -28]
[39 -4 -23]
[39 31 -72]
[39 32 -72]
[39 32 -71]
[39 31 -70]
[39 6 -15]
[39 7 -15]
[39 -5 -19]
[39 30 -46]
[39 32 -46]
[39 -13 -16]
[39 -12 -16]
[39 -14 -16]
[39 -5 -26]
[39 29 -67]
[39 -10 -16]
[39 -11 -16]
[39 -9 -16]
[39 29 -78]
[39 33 -56]
[39 33 -57]
[39 33 -37]
[39 33 -62]
[39 33 -60]
[39 33 -66]
[39 24 -23]
[39 25 -23]
[39 26 -26]
[39 27 -27]
[39 23 -21]
[39 22 -20]
[39 23 -22]
[39 31 -33]
[39 29 -32]
[39 -5 -17]
[39 33 -55]
[39 -7 -16]
[39 32 -47]
[39 32 -48]
[39 5 -15]
[39 4 -16]
[39 12 -16]
[39 -3 -24]
[39 -3 -23]
[39 33 -39]
[39 33 -41]
[39 33 -40]
[39 31 -74]
[39 31 -75]
[39 33 -59]
[39 33 -49]
[39 33 -50]
[39 32 -50]
[39 27 -26]
[39 28 -26]
[39 3 -15]
[39 4 -15]
[39 30 -73]
[39 32 -69]
[39 7 -16]
[39 10 -16]
[39 31 -76]
[39 31 -78]
[39 -10 -96]
[39 -8 -97]
[39 -10 -97]
[39 16 -21]
[39 -3 -22]
[39 33 -54]
[39 33 -43]
[39 -4 -21]
[39 -4 -19]
[39 33 -53]
[39 33 -52]
[39 33 -38]
[39 31 -30]
[39 31 -31]
[39 20 -20]
[39 31 -73]
[39 31 -32]
[39 -7 -96]
[39 33 -61]
[39 20 -21]
[39 19 -21]
[39 32 -51]
[40 26 -22]
[40 -13 -15]
[40 -11 -15]
[40 -12 -15]
[40 32 -29]
[40 31 -28]
[40 -9 -15]
[40 29 -27]
[40 30 -27]
[40 33 -71]
[40 33 -72]
[40 33 -48]
[40 34 -49]
[40 34 -50]
[40 -8 -15]
[40 -14 -15]
[40 31 -34]
[40 32 -34]
[40 -9 -97]
[40 34 -61]
[40 34 -60]
[40 34 -59]
[40 5 -14]
[40 34 -37]
[40 -5 -18]
[40 34 -55]
[40 33 -51]
[40 18 -20]
[40 -4 -18]
[40 -3 -19]
[40 -3 -18]
[40 -4 -20]
[40 34 -43]
[40 34 -45]
[40 24 -22]
[40 24 -21]
[40 11 -15]
[40 34 -42]
[40 -4 -16]
[40 -6 -16]
[40 -6 -17]
[40 33 -69]
[40 33 -68]
[40 34 -65]
[40 32 -65]
[40 34 -67]
[40 33 -65]
[40 33 -36]
[40 -2 -22]
[40 34 -58]
[40 33 -58]
[40 -7 -97]
[40 25 -22]
[40 12 -15]
[40 13 -15]
[40 27 -25]
[40 -3 -25]
[40 -2 -24]
[40 -2 -23]
[40 34 -56]
[40 34 -57]
[40 34 -63]
[40 33 -63]
[40 34 -62]
[40 34 -52]
[40 34 -54]
[40 34 -53]
[40 8 -15]
[40 9 -15]
[40 32 -30]
[40 33 -47]
[40 21 -19]
[40 32 -32]
[40 33 -73]
[40 3 -14]
[40 4 -14]
[40 32 -76]
[40 32 -74]
[40 32 -75]
[40 28 -25]
[40 24 -20]
[40 23 -20]
[40 -8 -98]
[40 34 -51]
[40 22 -19]
[40 8 -14]
[40 6 -14]
[40 27 -24]
[40 26 -23]
[40 -6 -15]
[40 -7 -15]
[40 -8 -16]
[40 33 -45]
[40 34 -39]
[40 -4 -26]
[40 -4 -27]
[40 21 -20]
[40 32 -73]
[40 29 -25]
[40 34 -40]
[40 31 -77]
[40 32 -77]
[41 7 -14]
[41 7 -13]
[41 6 -13]
[41 13 -14]
[41 -4 -17]
[41 -2 -17]
[41 -13 -14]
[41 -5 -16]
[41 -5 -14]
[41 -5 -27]
[41 -3 -26]
[41 35 -42]
[41 35 -43]
[41 34 -44]
[41 -4 -15]
[41 -3 -15]
[41 32 -70]
[41 34 -68]
[41 34 -69]
[41 35 -51]
[41 11 -14]
[41 32 -28]
[41 33 -28]
[41 10 -14]
[41 10 -15]
[41 35 -49]
[41 25 -20]
[41 25 -21]
[41 -12 -14]
[41 31 -27]
[41 -3 -17]
[41 9 -14]
[41 8 -16]
[41 33 -74]
[41 33 -67]
[41 34 -70]
[41 -8 -14]
[41 -7 -14]
[41 33 -64]
[41 35 -62]
[41 -7 -98]
[41 19 -20]
[41 19 -19]
[41 34 -66]
[41 35 -67]
[41 35 -66]
[41 35 -68]
[41 28 -24]
[41 -6 -14]
[41 32 -33]
[41 33 -31]
[41 -4 -25]
[41 -2 -25]
[41 27 -23]
[41 35 -54]
[41 35 -55]
[41 35 -56]
[41 35 -53]
[41 35 -61]
[41 29 -26]
[41 32 -31]
[41 33 -30]
[41 27 -22]
[41 33 -33]
[41 33 -35]
[41 32 -35]
[41 30 -26]
[41 31 -26]
[41 34 -72]
[41 34 -73]
[41 34 -71]
[41 -10 -98]
[41 -1 -23]
[41 -1 -21]
[41 34 -38]
[41 35 -39]
[41 35 -40]
[41 33 -46]
[41 34 -47]
[41 33 -75]
[41 -3 -20]
[41 -3 -21]
[41 35 -64]
[41 34 -35]
[41 35 -58]
[41 35 -59]
[41 34 -64]
[41 33 -76]
[41 20 -19]
[41 35 -60]
[41 35 -44]
[41 35 -46]
[41 -9 -14]
[41 -2 -19]
[41 -2 -20]
[41 -2 -18]
[41 -1 -22]
[42 12 -14]
[42 12 -13]
[42 -2 -26]
[42 -9 -98]
[42 -11 -98]
[42 -10 -99]
[42 -3 -16]
[42 35 -57]
[42 36 -57]
[42 36 -63]
[42 36 -62]
[42 -3 -14]
[42 35 -72]
[42 35 -71]
[42 29 -23]
[42 28 -23]
[42 29 -24]
[42 35 -69]
[42 36 -40]
[42 34 -46]
[42 35 -48]
[42 36 -42]
[42 36 -43]
[42 34 -74]
[42 36 -53]
[42 36 -54]
[42 24 -19]
[42 -1 -20]
[42 36 -61]
[42 35 -65]
[42 0 -20]
[42 0 -21]
[42 34 -31]
[42 -5 -15]
[42 -6 -13]
[42 -13 -13]
[42 35 -63]
[42 33 -32]
[42 8 -13]
[42 10 -13]
[42 30 -25]
[42 32 -26]
[42 32 -25]
[42 33 -34]
[42 36 -45]
[42 36 -46]
[42 35 -45]
[42 35 -47]
[42 36 -58]
[42 35 -50]
[42 36 -48]
[42 34 -48]
[42 -7 -13]
[42 36 -67]
[42 36 -68]
[42 -10 -15]
[42 -9 -13]
[42 -10 -14]
[42 36 -64]
[42 36 -65]
[42 -5 -13]
[42 -4 -14]
[42 34 -28]
[42 33 -29]
[42 33 -27]
[42 36 -69]
[42 34 -34]
[42 -1 -19]
[42 -1 -18]
[42 -1 -16]
[42 -1 -17]
[42 36 -52]
[42 -1 -24]
[42 32 -27]
[42 14 -13]
[42 13 -13]
[42 35 -52]
[42 35 -38]
[42 -2 -21]
[42 35 -36]
[42 35 -34]
[42 35 -35]
[42 34 -29]
[42 -11 -13]
[42 -12 -13]
[42 34 -75]
[42 0 -22]
[42 35 -74]
[42 28 -21]
[42 28 -22]
[42 26 -21]
[42 36 -41]
[42 35 -41]
[42 5 -13]
[42 5 -12]
[42 7 -12]
[43 4 -11]
[43 4 -12]
[43 6 -12]
[43 6 -11]
[43 8 -12]
[43 36 -66]
[43 9 -12]
[43 37 -63]
[43 37 -46]
[43 29 -20]
[43 27 -21]
[43 0 -19]
[43 1 -19]
[43 1 -20]
[43 36 -60]
[43 37 -60]
[43 37 -61]
[43 36 -37]
[43 36 -35]
[43 36 -36]
[43 36 -34]
[43 35 -70]
[43 36 -33]
[43 34 -33]
[43 -11 -14]
[43 26 -20]
[43 27 -20]
[43 31 -25]
[43 35 -73]
[43 36 -73]
[43 36 -74]
[43 36 -51]
[43 37 -52]
[43 37 -51]
[43 30 -24]
[43 -9 -99]
[43 -10 -100]
[43 37 -53]
[43 37 -54]
[43 34 -30]
[43 35 -30]
[43 34 -32]
[43 -2 -15]
[43 -2 -13]
[43 33 -25]
[43 33 -26]
[43 29 -21]
[43 29 -22]
[43 9 -13]
[43 11 -13]
[43 -11 -97]
[43 0 -17]
[43 -2 -16]
[43 -13 -12]
[43 37 -68]
[43 37 -67]
[43 37 -66]
[43 36 -47]
[43 37 -69]
[43 -5 -12]
[43 -7 -12]
[43 -6 -12]
[43 0 -18]
[43 35 -29]
[43 34 -27]
[43 35 -27]
[43 35 -37]
[43 -11 -12]
[43 -12 -12]
[43 36 -50]
[43 36 -39]
[43 37 -40]
[43 37 -41]
[43 35 -33]
[43 36 -70]
[43 37 -42]
[43 -8 -12]
[43 36 -49]
[43 37 -48]
[43 37 -49]
[43 37 -45]
[43 37 -47]
[43 13 -12]
[43 37 -57]
[43 37 -58]
[43 37 -56]
[43 37 -43]
[43 31 -24]
[43 33 -24]
[43 36 -59]
[43 37 -44]
[43 36 -71]
[43 36 -72]
[43 30 -23]
[43 37 -64]
[43 -4 -13]
[43 -3 -13]
[43 -4 -12]
[43 -14 -14]
[43 14 -12]
[43 -8 -13]
[43 25 -19]
[44 38 -60]
[44 37 -34]
[44 -10 -12]
[44 -12 -11]
[44 -10 -13]
[44 37 -70]
[44 1 -18]
[44 38 -49]
[44 37 -50]
[44 27 -19]
[44 32 -24]
[44 34 -25]
[44 33 -23]
[44 34 -23]
[44 38 -57]
[44 36 -56]
[44 1 -21]
[44 12 -12]
[44 7 -11]
[44 5 -11]
[44 38 -67]
[44 12 -11]
[44 4 -10]
[44 38 -58]
[44 38 -59]
[44 38 -53]
[44 38 -52]
[44 25 -18]
[44 37 -39]
[44 38 -39]
[44 38 -41]
[44 7 -10]
[44 30 -21]
[44 29 -19]
[44 28 -20]
[44 38 -63]
[44 37 -65]
[44 37 -74]
[44 37 -71]
[44 38 -55]
[44 37 -55]
[44 38 -54]
[44 36 -55]
[44 37 -32]
[44 37 -33]
[44 36 -32]
[44 38 -56]
[44 1 -17]
[44 38 -46]
[44 38 -62]
[44 -2 -12]
[44 -2 -14]
[44 -8 -11]
[44 36 -28]
[44 36 -29]
[44 -3 -12]
[44 -4 -11]
[44 34 -26]
[44 35 -26]
[44 -1 -15]
[44 38 -69]
[44 36 -30]
[44 36 -31]
[44 -14 -13]
[44 -14 -12]
[44 37 -38]
[44 37 -36]
[44 37 -37]
[44 35 -31]
[44 37 -72]
[44 9 -11]
[44 8 -11]
[44 35 -32]
[44 -6 -11]
[44 -5 -11]
[44 32 -23]
[44 31 -23]
[44 36 -44]
[44 38 -44]
[44 38 -43]
[44 38 -42]
[44 37 -62]
[44 38 -61]
[44 34 -36]
[44 -7 -11]
[44 -8 -99]
[44 -9 -100]
[44 37 -59]
[44 -11 -99]
[44 -9 -101]
[44 37 -73]
[44 38 -40]
[44 30 -20]
[44 38 -48]
[44 38 -47]
[44 38 -68]
[45 5 -9]
[45 5 -10]
[45 -8 -10]
[45 -6 -10]
[45 39 -53]
[45 39 -40]
[45 39 -41]
[45 38 -70]
[45 -4 -10]
[45 38 -71]
[45 38 -50]
[45 38 -73]
[45 38 -72]
[45 31 -20]
[45 39 -38]
[45 34 -22]
[45 34 -24]
[45 33 -22]
[45 35 -22]
[45 35 -23]
[45 35 -24]
[45 39 -59]
[45 36 -38]
[45 38 -38]
[45 30 -18]
[45 28 -18]
[45 30 -19]
[45 39 -61]
[45 39 -62]
[45 39 -63]
[45 39 -64]
[45 31 -22]
[45 39 -67]
[45 39 -68]
[45 39 -69]
[45 26 -19]
[45 25 -17]
[45 38 -32]
[45 37 -31]
[45 38 -33]
[45 8 -10]
[45 32 -22]
[45 38 -66]
[45 11 -11]
[45 39 -44]
[45 39 -55]
[45 39 -54]
[45 39 -47]
[45 38 -35]
[45 38 -34]
[45 37 -35]
[45 -10 -11]
[45 -9 -12]
[45 -9 -11]
[45 -8 -100]
[45 39 -58]
[45 39 -56]
[45 37 -30]
[45 35 -28]
[45 10 -10]
[45 9 -10]
[45 10 -12]
[45 10 -11]
[45 35 -25]
[45 39 -51]
[45 30 -22]
[45 39 -66]
[45 6 -10]
[45 -8 -102]
[45 8 -9]
[45 39 -46]
[45 39 -45]
[45 39 -49]
[45 39 -43]
[45 38 -45]
[45 -13 -11]
[45 -11 -10]
[45 -12 -10]
[45 36 -26]
[45 -2 -11]
[45 -7 -10]
[45 38 -37]
[45 27 -18]
[46 -12 -9]
[46 -13 -10]
[46 -11 -11]
[46 -13 -9]
[46 -11 -9]
[46 36 -22]
[46 36 -21]
[46 10 -9]
[46 9 -9]
[46 -2 -10]
[46 -1 -10]
[46 40 -37]
[46 40 -38]
[46 40 -39]
[46 39 -39]
[46 40 -45]
[46 40 -47]
[46 38 -51]
[46 39 -50]
[46 -8 -9]
[46 26 -18]
[46 40 -48]
[46 26 -16]
[46 31 -21]
[46 40 -46]
[46 -7 -101]
[46 39 -52]
[46 40 -52]
[46 40 -62]
[46 40 -64]
[46 40 -53]
[46 40 -54]
[46 40 -55]
[46 7 -9]
[46 11 -12]
[46 39 -35]
[46 -10 -10]
[46 -9 -10]
[46 38 -31]
[46 38 -30]
[46 40 -40]
[46 36 -24]
[46 36 -25]
[46 39 -71]
[46 39 -72]
[46 40 -56]
[46 39 -36]
[46 40 -68]
[46 36 -27]
[46 38 -65]
[46 39 -37]
[46 28 -19]
[46 28 -17]
[46 29 -18]
[46 27 -17]
[46 32 -21]
[46 26 -17]
[46 37 -27]
[46 37 -25]
[46 37 -26]
[46 39 -60]
[46 40 -61]
[46 39 -32]
[46 39 -33]
[46 39 -31]
[46 39 -34]
[46 30 -17]
[46 31 -18]
[46 31 -17]
[46 36 -23]
[46 35 -21]
[46 34 -21]
[46 -5 -10]
[46 -5 -9]
[46 -6 -9]
[46 -3 -11]
[46 -3 -10]
[46 31 -19]
[46 33 -21]
[46 40 -58]
[46 39 -73]
[46 40 -41]
[46 11 -10]
[46 40 -67]
[46 40 -65]
[46 6 -9]
[46 40 -42]
[46 39 -42]
[46 40 -44]
[46 40 -43]
[46 40 -70]
[46 -10 -9]
[46 6 -8]
[46 5 -8]
[46 4 -9]
[46 39 -57]
[46 40 -59]
[46 40 -57]
[46 -14 -10]
[46 -14 -11]
[46 38 -29]
[46 37 -29]
[47 -13 -8]
[47 -14 -8]
[47 -12 -8]
[47 6 -7]
[47 4 -8]
[47 41 -41]
[47 -14 -9]
[47 -5 -8]
[47 -4 -9]
[47 -6 -8]
[47 35 -20]
[47 38 -24]
[47 38 -25]
[47 9 -8]
[47 10 -8]
[47 41 -53]
[47 32 -17]
[47 31 -16]
[47 41 -54]
[47 41 -39]
[47 41 -40]
[47 41 -38]
[47 7 -8]
[47 40 -51]
[47 40 -50]
[47 40 -36]
[47 40 -34]
[47 40 -33]
[47 40 -32]
[47 41 -65]
[47 41 -58]
[47 41 -57]
[47 41 -59]
[47 41 -56]
[47 41 -55]
[47 40 -60]
[47 -7 -9]
[47 -7 -8]
[47 -9 -8]
[47 37 -23]
[47 11 -9]
[47 41 -48]
[47 39 -48]
[47 -10 -8]
[47 -11 -8]
[47 41 -44]
[47 37 -24]
[47 -9 -9]
[47 38 -26]
[47 38 -28]
[47 8 -8]
[47 41 -66]
[47 41 -43]
[47 41 -42]
[47 -15 -10]
[47 -15 -11]
[47 40 -35]
[47 -1 -11]
[47 40 -31]
[47 40 -30]
[47 30 -16]
[47 27 -16]
[47 28 -16]
[47 39 -28]
[47 37 -28]
[47 -15 -9]
[47 38 -27]
[47 41 -70]
[47 41 -69]
[47 -3 -9]
[47 41 -61]
[47 12 -9]
[47 38 -64]
[47 3 -8]
[47 40 -49]
[47 41 -49]
[47 33 -20]
[47 32 -20]
[47 40 -69]
[47 41 -68]
[47 41 -67]
[47 40 -63]
[47 29 -17]
[47 40 -72]
[47 40 -71]
[47 39 -70]
[47 25 -16]
[47 34 -20]
[47 41 -52]
[47 36 -20]
[47 39 -30]
[47 25 -15]
[47 27 -15]
[47 26 -15]
[47 38 -74]
[47 41 -46]
[47 41 -47]
[47 40 -73]
[48 41 -60]
[48 42 -39]
[48 42 -40]
[48 41 -72]
[48 33 -18]
[48 33 -16]
[48 41 -63]
[48 41 -51]
[48 41 -73]
[48 41 -34]
[48 -6 -7]
[48 -5 -7]
[48 42 -42]
[48 42 -43]
[48 35 -19]
[48 41 -50]
[48 42 -46]
[48 42 -47]
[48 39 -27]
[48 10 -7]
[48 9 -7]
[48 42 -57]
[48 42 -62]
[48 42 -60]
[48 41 -62]
[48 38 -23]
[48 39 -23]
[48 41 -35]
[48 41 -71]
[48 42 -70]
[48 42 -71]
[48 41 -37]
[48 41 -36]
[48 42 -59]
[48 33 -19]
[48 32 -19]
[48 41 -31]
[48 7 -6]
[48 42 -54]
[48 42 -52]
[48 42 -66]
[48 41 -29]
[48 40 -29]
[48 39 -29]
[48 -12 -7]
[48 29 -16]
[48 7 -7]
[48 30 -15]
[48 31 -15]
[48 32 -15]
[48 32 -16]
[48 37 -22]
[48 -13 -7]
[48 -15 -7]
[48 -15 -8]
[48 29 -15]
[48 -11 -7]
[48 2 -8]
[48 2 -7]
[48 3 -7]
[48 -2 -9]
[48 27 -14]
[48 42 -58]
[48 -10 -7]
[48 34 -19]
[48 42 -64]
[48 40 -66]
[48 42 -41]
[48 26 -14]
[48 25 -14]
[48 24 -14]
[48 41 -45]
[48 42 -44]
[48 42 -56]
[48 -8 -8]
[48 -7 -7]
[48 -8 -7]
[48 42 -37]
[48 40 -28]
[48 42 -65]
[48 42 -55]
[48 -16 -9]
[48 28 -15]
[48 -16 -10]
[48 41 -33]
[48 41 -32]
[48 42 -68]
[48 42 -67]
[48 8 -7]
[49 -8 -6]
[49 -7 -6]
[49 -9 -7]
[49 43 -54]
[49 1 -6]
[49 3 -6]
[49 2 -6]
[49 43 -67]
[49 43 -65]
[49 39 -65]
[49 41 -30]
[49 41 -28]
[49 43 -69]
[49 43 -70]
[49 43 -71]
[49 42 -34]
[49 8 -5]
[49 8 -6]
[49 9 -6]
[49 42 -45]
[49 -10 -6]
[49 -11 -6]
[49 -12 -6]
[49 -13 -6]
[49 42 -31]
[49 42 -32]
[49 42 -33]
[49 32 -18]
[49 27 -13]
[49 40 -26]
[49 43 -60]
[49 40 -22]
[49 39 -22]
[49 38 -22]
[49 40 -23]
[49 -17 -8]
[49 42 -61]
[49 43 -48]
[49 43 -68]
[49 42 -35]
[49 32 -14]
[49 42 -38]
[49 42 -36]
[49 43 -66]
[49 29 -14]
[49 30 -14]
[49 43 -42]
[49 43 -44]
[49 33 -17]
[49 33 -15]
[49 34 -15]
[49 41 -64]
[49 42 -63]
[49 42 -51]
[49 41 -27]
[49 40 -27]
[49 37 -21]
[49 26 -13]
[49 43 -63]
[49 43 -62]
[49 43 -61]
[49 43 -41]
[49 34 -18]
[49 11 -8]
[49 43 -58]
[49 43 -59]
[49 43 -51]
[49 42 -53]
[49 34 -17]
[49 1 -7]
[49 36 -19]
[49 42 -28]
[49 42 -29]
[49 31 -14]
[49 33 -14]
[49 43 -64]
[49 43 -40]
[49 43 -38]
[49 43 -53]
[49 43 -47]
[49 43 -45]
[49 43 -46]
[49 -14 -7]
[49 -16 -8]
[49 -16 -7]
[49 43 -56]
[49 43 -57]
[49 42 -73]
[50 43 -50]
[50 43 -52]
[50 42 -50]
[50 41 -23]
[50 41 -22]
[50 41 -24]
[50 40 -24]
[50 35 -18]
[50 37 -19]
[50 36 -18]
[50 37 -20]
[50 35 -16]
[50 35 -17]
[50 44 -67]
[50 44 -66]
[50 1 -5]
[50 33 -13]
[50 32 -13]
[50 31 -13]
[50 44 -42]
[50 43 -43]
[50 44 -41]
[50 44 -43]
[50 43 -30]
[50 43 -28]
[50 43 -29]
[50 2 -5]
[50 43 -72]
[50 42 -72]
[50 44 -60]
[50 44 -55]
[50 44 -56]
[50 44 -57]
[50 43 -55]
[50 44 -59]
[50 34 -14]
[50 34 -13]
[50 42 -69]
[50 44 -69]
[50 44 -68]
[50 44 -65]
[50 44 -49]
[50 42 -48]
[50 43 -49]
[50 44 -47]
[50 42 -49]
[50 42 -27]
[50 -9 -6]
[50 -11 -5]
[50 42 -26]
[50 44 -39]
[50 28 -13]
[50 28 -14]
[50 -7 -5]
[50 -8 -5]
[50 44 -64]
[50 43 -33]
[50 38 -21]
[50 38 -20]
[50 44 -45]
[50 44 -46]
[50 41 -21]
[50 3 -5]
[50 41 -26]
[50 39 -25]
[50 41 -25]
[50 44 -40]
[50 -14 -5]
[50 -12 -5]
[50 44 -48]
[50 43 -32]
[50 -17 -7]
[50 -6 -5]
[50 34 -16]
[50 43 -34]
[50 44 -62]
[50 44 -61]
[50 35 -14]
[50 39 -21]
[50 44 -63]
[50 44 -54]
[50 43 -39]
[50 30 -13]
[50 43 -31]
[50 43 -35]
[50 28 -12]
[50 26 -12]
[50 27 -12]
[50 -16 -6]
[50 -15 -6]
[50 44 -51]
[50 44 -52]
[50 40 -21]
[51 42 -30]
[51 36 -17]
[51 39 -20]
[51 45 -48]
[51 45 -49]
[51 33 -12]
[51 43 -27]
[51 44 -28]
[51 45 -57]
[51 45 -58]
[51 44 -58]
[51 31 -12]
[51 45 -44]
[51 45 -42]
[51 44 -44]
[51 2 -4]
[51 3 -4]
[51 1 -4]
[51 35 -13]
[51 35 -15]
[51 36 -14]
[51 36 -15]
[51 36 -13]
[51 42 -23]
[51 45 -65]
[51 45 -67]
[51 45 -66]
[51 45 -68]
[51 -15 -5]
[51 -17 -6]
[51 27 -11]
[51 41 -20]
[51 42 -21]
[51 42 -22]
[51 40 -20]
[51 40 -25]
[51 35 -12]
[51 34 -12]
[51 32 -12]
[51 30 -12]
[51 44 -35]
[51 44 -34]
[51 44 -31]
[51 39 -24]
[51 45 -54]
[51 45 -56]
[51 44 -50]
[51 44 -71]
[51 45 -47]
[51 45 -46]
[51 45 -62]
[51 45 -61]
[51 -13 -5]
[51 -14 -4]
[51 -14 -6]
[51 -15 -4]
[51 36 -16]
[51 45 -40]
[51 45 -41]
[51 29 -12]
[51 29 -13]
[51 45 -63]
[51 44 -29]
[51 45 -64]
[51 26 -11]
[51 45 -45]
[51 28 -11]
[51 42 -24]
[51 45 -59]
[51 44 -38]
[51 45 -39]
[51 45 -38]
[51 45 -53]
[51 45 -52]
[51 45 -51]
[51 38 -19]
[51 37 -18]
[51 45 -60]
[51 -8 -4]
[51 -16 -5]
[51 42 -25]
[51 -11 -4]
[51 -13 -4]
[51 44 -53]
[51 39 -19]
[51 -10 -5]
[51 45 -69]
[51 44 -70]
[51 -6 -6]
[51 -5 -5]
[51 -5 -4]
[51 -6 -4]
[52 46 -38]
[52 46 -39]
[52 45 -37]
[52 1 -3]
[52 2 -3]
[52 0 -4]
[52 -11 -3]
[52 -12 -4]
[52 -12 -3]
[52 46 -58]
[52 46 -62]
[52 46 -63]
[52 34 -11]
[52 45 -27]
[52 37 -14]
[52 46 -65]
[52 46 -64]
[52 45 -43]
[52 46 -45]
[52 46 -43]
[52 46 -44]
[52 42 -19]
[52 42 -20]
[52 -5 -6]
[52 -4 -6]
[52 37 -16]
[52 27 -10]
[52 46 -57]
[52 46 -56]
[52 45 -55]
[52 44 -37]
[52 36 -12]
[52 37 -13]
[52 43 -22]
[52 43 -20]
[52 46 -48]
[52 46 -49]
[52 43 -23]
[52 29 -11]
[52 46 -46]
[52 46 -47]
[52 -18 -7]
[52 -17 -5]
[52 46 -51]
[52 41 -19]
[52 -10 -4]
[52 37 -12]
[52 30 -11]
[52 31 -11]
[52 38 -18]
[52 39 -18]
[52 -9 -3]
[52 -9 -4]
[52 -7 -3]
[52 -7 -4]
[52 -9 -5]
[52 46 -67]
[52 43 -36]
[52 46 -68]
[52 44 -72]
[52 46 -59]
[52 45 -34]
[52 45 -33]
[52 46 -54]
[52 37 -17]
[52 38 -17]
[52 46 -60]
[52 44 -27]
[52 -4 -4]
[52 -5 -3]
[52 -4 -5]
[52 -6 -3]
[52 43 -25]
[52 43 -26]
[52 45 -50]
[52 33 -11]
[52 -17 -4]
[52 46 -40]
[52 46 -42]
[52 46 -41]
[52 44 -32]
[52 45 -31]
[52 45 -32]
[52 46 -61]
[52 -14 -3]
[52 46 -50]
[52 44 -30]
[52 45 -29]
[52 43 -24]
[53 44 -22]
[53 44 -23]
[53 28 -9]
[53 26 -10]
[53 35 -11]
[53 35 -10]
[53 47 -50]
[53 47 -51]
[53 47 -49]
[53 47 -45]
[53 39 -17]
[53 40 -17]
[53 46 -32]
[53 46 -30]
[53 45 -30]
[53 47 -57]
[53 47 -58]
[53 47 -56]
[53 -11 -2]
[53 -10 -2]
[53 -10 -3]
[53 47 -64]
[53 47 -65]
[53 46 -66]
[53 47 -47]
[53 47 -46]
[53 38 -16]
[53 43 -37]
[53 -8 -2]
[53 -13 -3]
[53 29 -10]
[53 30 -10]
[53 47 -44]
[53 47 -43]
[53 39 -16]
[53 -7 -2]
[53 -6 -2]
[53 -4 -3]
[53 33 -10]
[53 34 -10]
[53 47 -53]
[53 37 -15]
[53 38 -14]
[53 -18 -4]
[53 -16 -3]
[53 47 -48]
[53 37 -11]
[53 -12 -2]
[53 47 -40]
[53 2 -2]
[53 47 -62]
[53 47 -39]
[53 47 -41]
[53 43 -21]
[53 0 -3]
[53 43 -19]
[53 42 -18]
[53 41 -18]
[53 47 -42]
[53 38 -12]
[53 46 -34]
[53 46 -33]
[53 44 -36]
[53 46 -36]
[53 47 -55]
[53 46 -31]
[53 47 -67]
[53 45 -36]
[53 44 -24]
[53 3 -2]
[53 -15 -2]
[53 -13 -2]
[53 -15 -3]
[53 -3 -3]
[53 -3 -4]
[53 46 -28]
[53 45 -28]
[53 44 -25]
[53 40 -18]
[53 32 -10]
[53 31 -10]
[53 47 -38]
[53 47 -37]
[53 46 -37]
[53 44 -26]
[53 45 -26]
[53 46 -29]
[53 -4 -7]
[53 -3 -5]
[54 29 -9]
[54 31 -9]
[54 30 -9]
[54 48 -39]
[54 36 -11]
[54 37 -10]
[54 38 -11]
[54 43 -17]
[54 43 -18]
[54 42 -17]
[54 47 -33]
[54 47 -32]
[54 48 -42]
[54 48 -37]
[54 48 -66]
[54 -13 -1]
[54 -16 -2]
[54 -14 -1]
[54 -15 -1]
[54 -14 -2]
[54 -16 -1]
[54 48 -48]
[54 48 -49]
[54 48 -57]
[54 46 -55]
[54 -7 -1]
[54 -8 -1]
[54 -9 -2]
[54 -8 -3]
[54 -9 -1]
[54 45 -24]
[54 45 -25]
[54 48 -40]
[54 48 -41]
[54 32 -9]
[54 32 -11]
[54 48 -62]
[54 48 -61]
[54 47 -61]
[54 -19 -5]
[54 -19 -4]
[54 -2 -4]
[54 38 -15]
[54 39 -11]
[54 -6 -1]
[54 46 -27]
[54 47 -28]
[54 48 -45]
[54 48 -43]
[54 48 -56]
[54 2 -1]
[54 3 -3]
[54 4 -3]
[54 4 -1]
[54 3 -1]
[54 44 -19]
[54 44 -18]
[54 47 -30]
[54 47 -36]
[54 47 -35]
[54 38 -13]
[54 39 -13]
[54 39 -14]
[54 39 -15]
[54 48 -59]
[54 47 -59]
[54 48 -58]
[54 41 -17]
[54 40 -16]
[54 41 -16]
[54 47 -31]
[54 33 -9]
[54 34 -9]
[54 46 -25]
[54 46 -26]
[54 1 -1]
[54 46 -52]
[54 47 -52]
[54 46 -53]
[54 48 -52]
[54 -11 -1]
[54 -10 -1]
[54 -16 -4]
[54 48 -65]
[54 48 -64]
[54 47 -63]
[54 -3 -2]
[54 -5 -2]
[54 48 -51]
[54 47 -34]
[54 48 -46]
[54 48 -38]
[54 -12 -1]
[54 48 -55]
[54 40 -15]
[54 45 -23]
[54 -2 -3]
[54 -2 -2]
[54 28 -8]
[54 28 -10]
[55 -10 0]
[55 -8 0]
[55 -9 0]
[55 49 -60]
[55 48 -60]
[55 49 -61]
[55 1 0]
[55 1 -2]
[55 0 -1]
[55 0 0]
[55 49 -58]
[55 47 -60]
[55 48 -33]
[55 48 -32]
[55 48 -31]
[55 36 -10]
[55 46 -24]
[55 45 -22]
[55 46 -22]
[55 41 -14]
[55 41 -15]
[55 35 -9]
[55 35 -8]
[55 34 -8]
[55 42 -15]
[55 49 -38]
[55 49 -40]
[55 40 -12]
[55 40 -11]
[55 38 -10]
[55 40 -10]
[55 39 -12]
[55 49 -46]
[55 49 -45]
[55 49 -44]
[55 48 -44]
[55 45 -17]
[55 45 -19]
[55 47 -54]
[55 4 0]
[55 3 0]
[55 4 -2]
[55 5 0]
[55 -7 0]
[55 -17 -3]
[55 47 -26]
[55 4 -4]
[55 -13 0]
[55 48 -63]
[55 49 -63]
[55 45 -18]
[55 45 -20]
[55 -3 -1]
[55 -2 -1]
[55 42 -16]
[55 49 -66]
[55 49 -64]
[55 49 -65]
[55 49 -37]
[55 49 -36]
[55 48 -36]
[55 46 -35]
[55 -14 0]
[55 -15 0]
[55 32 -8]
[55 47 -25]
[55 29 -8]
[55 30 -8]
[55 31 -8]
[55 -4 -2]
[55 -4 -1]
[55 -5 -1]
[55 -20 -5]
[55 -19 -3]
[55 48 -35]
[55 40 -13]
[55 49 -49]
[55 49 -50]
[55 49 -51]
[55 47 -29]
[55 48 -27]
[55 47 -27]
[55 48 -28]
[55 49 -41]
[55 48 -30]
[55 48 -29]
[55 47 -66]
[55 48 -67]
[55 40 -14]
[55 -20 -4]
[55 -17 -1]
[55 -17 0]
[55 46 -23]
[55 49 -56]
[55 49 -39]
[55 49 -47]
[55 49 -48]
[55 48 -47]
[55 49 -57]
[55 29 -7]
[55 2 0]
[55 37 -9]
[56 50 -56]
[56 6 1]
[56 6 0]
[56 4 1]
[56 50 -45]
[56 49 -43]
[56 50 -43]
[56 41 -13]
[56 50 -46]
[56 50 -44]
[56 49 -31]
[56 49 -32]
[56 49 -33]
[56 -18 0]
[56 -16 0]
[56 -4 0]
[56 48 -26]
[56 50 -47]
[56 50 -48]
[56 -6 1]
[56 -8 1]
[56 -7 1]
[56 -21 -6]
[56 -11 0]
[56 -10 1]
[56 43 -15]
[56 42 -14]
[56 43 -16]
[56 43 -14]
[56 39 -10]
[56 41 -11]
[56 39 -9]
[56 49 -27]
[56 49 -28]
[56 49 -29]
[56 50 -57]
[56 50 -58]
[56 -14 1]
[56 49 -34]
[56 49 -35]
[56 50 -60]
[56 50 -59]
[56 50 -39]
[56 50 -41]
[56 -21 -5]
[56 50 -37]
[56 50 -40]
[56 48 -50]
[56 50 -50]
[56 50 -49]
[56 41 -12]
[56 -18 -3]
[56 -17 -2]
[56 3 1]
[56 2 1]
[56 49 -62]
[56 33 -8]
[56 35 -7]
[56 34 -7]
[56 -1 0]
[56 1 1]
[56 -1 1]
[56 50 -66]
[56 46 -17]
[56 44 -17]
[56 46 -16]
[56 46 -18]
[56 45 -16]
[56 36 -8]
[56 36 -9]
[56 49 -59]
[56 50 -35]
[56 48 -25]
[56 47 -24]
[56 48 -24]
[56 -6 0]
[56 -5 0]
[56 47 -23]
[56 5 1]
[56 5 -1]
[56 50 -62]
[56 50 -63]
[56 -16 1]
[56 30 -7]
[56 44 -21]
[56 50 -61]
[56 -15 1]
[56 42 -13]
[56 31 -7]
[56 33 -7]
[56 -9 1]
[56 -3 0]
[56 -20 -3]
[56 46 -19]
[56 -18 1]
[56 -17 1]
[56 44 -20]
[56 46 -20]
[56 38 -8]
[56 38 -9]
[56 36 -7]
[56 28 -6]
[56 28 -7]
[56 45 -21]
[57 36 -6]
[57 44 -14]
[57 -6 2]
[57 -8 2]
[57 47 -18]
[57 42 -10]
[57 -21 -7]
[57 51 -63]
[57 50 -64]
[57 51 -62]
[57 -17 2]
[57 50 -33]
[57 3 2]
[57 2 2]
[57 -12 0]
[57 -11 1]
[57 31 -6]
[57 32 -7]
[57 30 -6]
[57 -5 1]
[57 -2 1]
[57 -2 0]
[57 -3 1]
[57 -4 1]
[57 40 -9]
[57 40 -8]
[57 33 -6]
[57 34 -6]
[57 35 -6]
[57 39 -7]
[57 37 -8]
[57 37 -7]
[57 38 -7]
[57 51 -46]
[57 51 -45]
[57 51 -48]
[57 51 -49]
[57 51 -59]
[57 50 -36]
[57 50 -30]
[57 50 -28]
[57 49 -30]
[57 51 -61]
[57 51 -60]
[57 47 -21]
[57 48 -34]
[57 51 -35]
[57 51 -36]
[57 51 -34]
[57 50 -34]
[57 50 -42]
[57 51 -42]
[57 51 -44]
[57 49 -25]
[57 51 -41]
[57 51 -40]
[57 43 -13]
[57 43 -12]
[57 42 -12]
[57 50 -29]
[57 42 -11]
[57 51 -47]
[57 4 2]
[57 47 -17]
[57 1 2]
[57 6 2]
[57 5 2]
[57 49 -55]
[57 50 -38]
[57 51 -39]
[57 50 -26]
[57 50 -27]
[57 51 -58]
[57 -15 2]
[57 -16 2]
[57 48 -23]
[57 49 -23]
[57 49 -24]
[57 51 -38]
[57 47 -16]
[57 -13 2]
[57 51 -43]
[57 -9 2]
[57 48 -22]
[57 -7 2]
[57 44 -13]
[57 -22 -6]
[57 -22 -5]
[57 -20 -6]
[57 44 -16]
[57 49 -42]
[57 50 -67]
[57 44 -15]
[57 46 -15]
[57 51 -57]
[57 28 -5]
[57 29 -6]
[57 27 -6]
[57 50 -51]
[58 51 -51]
[58 49 -52]
[58 51 -50]
[58 52 -34]
[58 51 -33]
[58 52 -33]
[58 49 -22]
[58 39 -6]
[58 39 -8]
[58 37 -6]
[58 38 -6]
[58 51 -66]
[58 51 -64]
[58 51 -65]
[58 50 -65]
[58 -17 3]
[58 37 -5]
[58 35 -5]
[58 36 -5]
[58 45 -14]
[58 45 -15]
[58 -23 -6]
[58 50 -23]
[58 50 -24]
[58 50 -54]
[58 49 -54]
[58 52 -49]
[58 52 -50]
[58 52 -44]
[58 52 -42]
[58 30 -5]
[58 51 -37]
[58 52 -36]
[58 52 -35]
[58 52 -37]
[58 4 3]
[58 5 3]
[58 -7 3]
[58 42 -9]
[58 29 -5]
[58 -11 2]
[58 -10 2]
[58 -12 1]
[58 -12 3]
[58 -12 2]
[58 -13 3]
[58 44 -12]
[58 44 -11]
[58 50 -25]
[58 34 -5]
[58 48 -16]
[58 47 -15]
[58 47 -22]
[58 52 -59]
[58 52 -38]
[58 -23 -5]
[58 45 -13]
[58 52 -47]
[58 52 -48]
[58 51 -27]
[58 2 3]
[58 -22 -7]
[58 52 -45]
[58 51 -31]
[58 50 -31]
[58 51 -30]
[58 47 -20]
[58 46 -21]
[58 49 -26]
[58 51 -26]
[58 -2 2]
[58 -4 2]
[58 -16 3]
[58 -15 3]
[58 27 -7]
[58 52 -41]
[58 52 -40]
[58 43 -11]
[58 41 -10]
[58 52 -62]
[58 52 -61]
[58 -8 3]
[58 52 -56]
[58 51 -56]
[58 7 1]
[58 6 3]
[58 -1 2]
[58 -3 2]
[58 33 -5]
[58 32 -5]
[58 32 -6]
[58 41 -9]
[58 31 -5]
[58 52 -63]
[58 -5 2]
[58 41 -8]
[58 -14 2]
[58 48 -18]
[58 3 3]
[58 52 -46]
[58 45 -12]
[58 -6 3]
[58 46 -14]
[59 53 -50]
[59 53 -49]
[59 46 -12]
[59 45 -11]
[59 46 -11]
[59 53 -36]
[59 53 -37]
[59 53 -41]
[59 53 -42]
[59 52 -43]
[59 53 -45]
[59 33 -4]
[59 32 -4]
[59 -16 4]
[59 -5 3]
[59 -23 -7]
[59 -23 -8]
[59 -7 4]
[59 51 -24]
[59 51 -25]
[59 -12 4]
[59 -14 3]
[59 30 -4]
[59 29 -4]
[59 50 -32]
[59 51 -32]
[59 -2 3]
[59 -4 3]
[59 -3 3]
[59 53 -35]
[59 38 -5]
[59 39 -5]
[59 -11 3]
[59 -24 -6]
[59 -23 -4]
[59 -24 -5]
[59 44 -10]
[59 43 -10]
[59 45 -10]
[59 31 -4]
[59 50 -22]
[59 51 -23]
[59 50 -55]
[59 51 -55]
[59 49 -53]
[59 50 -53]
[59 52 -32]
[59 48 -15]
[59 49 -16]
[59 48 -17]
[59 49 -21]
[59 48 -21]
[59 52 -64]
[59 40 -5]
[59 40 -6]
[59 48 -53]
[59 48 -54]
[59 -1 3]
[59 52 -60]
[59 53 -44]
[59 53 -43]
[59 53 -40]
[59 -9 3]
[59 53 -46]
[59 52 -29]
[59 52 -30]
[59 35 -4]
[59 34 -4]
[59 36 -4]
[59 48 -19]
[59 53 -33]
[59 53 -47]
[59 -9 4]
[59 50 -52]
[59 52 -52]
[59 -6 4]
[59 52 -31]
[59 37 -4]
[59 47 -19]
[59 49 -19]
[59 42 -8]
[59 42 -7]
[59 47 -14]
[59 46 -13]
[59 43 -9]
[59 43 -8]
[60 -3 4]
[60 -5 4]
[60 -7 5]
[60 54 -43]
[60 49 -18]
[60 50 -19]
[60 54 -34]
[60 53 -34]
[60 50 -15]
[60 49 -15]
[60 -8 5]
[60 52 -23]
[60 52 -25]
[60 31 -3]
[60 32 -3]
[60 46 -10]
[60 -15 4]
[60 54 -42]
[60 39 -4]
[60 38 -4]
[60 40 -4]
[60 44 -8]
[60 -10 3]
[60 -11 4]
[60 54 -36]
[60 41 -7]
[60 40 -7]
[60 36 -3]
[60 49 -20]
[60 51 -52]
[60 51 -54]
[60 35 -3]
[60 54 -46]
[60 54 -44]
[60 51 -53]
[60 -24 -7]
[60 -25 -7]
[60 50 -20]
[60 -24 -9]
[60 -23 -9]
[60 53 -30]
[60 53 -29]
[60 52 -28]
[60 51 -29]
[60 53 -31]
[60 53 -32]
[60 54 -50]
[60 54 -51]
[60 53 -51]
[60 54 -49]
[60 52 -51]
[60 -4 4]
[60 53 -52]
[60 -2 4]
[60 51 -21]
[60 48 -20]
[60 52 -54]
[60 -9 5]
[60 -8 4]
[60 -10 5]
[60 41 -4]
[60 41 -5]
[60 44 -9]
[60 43 -7]
[60 47 -11]
[60 47 -12]
[60 54 -48]
[60 53 -48]
[60 54 -45]
[60 54 -40]
[60 42 -6]
[60 41 -6]
[60 54 -39]
[60 52 -22]
[60 51 -22]
[60 -23 -3]
[60 -25 -4]
[60 -24 -4]
[60 -25 -5]
[60 -25 -6]
[60 46 -9]
[60 54 -47]
[60 34 -3]
[60 53 -38]
[60 -10 4]
[60 47 -13]
[61 55 -47]
[61 55 -48]
[61 54 -31]
[61 54 -30]
[61 43 -6]
[61 44 -6]
[61 44 -7]
[61 54 -52]
[61 52 -53]
[61 53 -53]
[61 50 -21]
[61 55 -45]
[61 47 -10]
[61 51 -20]
[61 46 -8]
[61 45 -8]
[61 -9 6]
[61 42 -4]
[61 -22 -9]
[61 -24 -8]
[61 -22 -8]
[61 -24 -3]
[61 -26 -3]
[61 -25 -3]
[61 53 -22]
[61 52 -21]
[61 55 -52]
[61 -8 6]
[61 51 -19]
[61 48 -12]
[61 48 -11]
[61 34 -2]
[61 -26 -6]
[61 53 -39]
[61 54 -38]
[61 55 -46]
[61 54 -33]
[61 -6 5]
[61 -5 5]
[61 54 -41]
[61 51 -15]
[61 51 -14]
[61 54 -29]
[61 52 -24]
[61 52 -26]
[61 54 -32]
[61 36 -2]
[61 40 -3]
[61 39 -3]
[61 55 -35]
[61 54 -37]
[61 55 -37]
[61 -26 -8]
[61 -25 -8]
[61 37 -3]
[61 -26 -5]
[61 52 -55]
[61 51 -28]
[61 55 -41]
[61 55 -40]
[61 55 -39]
[61 37 -2]
[61 54 -28]
[61 52 -27]
[61 55 -43]
[61 32 -2]
[61 48 -13]
[61 -2 5]
[61 53 -23]
[61 31 -2]
[61 -24 -2]
[61 -22 -2]
[61 42 -3]
[61 41 -3]
[61 42 -5]
[61 -6 6]
[62 56 -47]
[62 56 -46]
[62 53 -21]
[62 53 -20]
[62 -27 -7]
[62 -25 -9]
[62 49 -11]
[62 49 -10]
[62 -7 6]
[62 -27 -2]
[62 -26 -2]
[62 -27 -4]
[62 -23 -2]
[62 -24 -1]
[62 -25 -2]
[62 52 -19]
[62 52 -20]
[62 42 -2]
[62 41 -2]
[62 40 -2]
[62 56 -40]
[62 56 -41]
[62 38 -2]
[62 38 -3]
[62 43 -4]
[62 43 -5]
[62 55 -44]
[62 56 -42]
[62 55 -42]
[62 56 -48]
[62 55 -49]
[62 -5 6]
[62 -5 7]
[62 37 -1]
[62 36 -1]
[62 55 -38]
[62 55 -36]
[62 30 -3]
[62 56 -44]
[62 -2 6]
[62 -3 6]
[62 56 -51]
[62 54 -53]
[62 55 -51]
[62 55 -53]
[62 -21 -1]
[62 53 -24]
[62 54 -22]
[62 54 -23]
[62 54 -54]
[62 50 -16]
[62 52 -16]
[62 52 -15]
[62 51 -16]
[62 45 -6]
[62 53 -26]
[62 53 -27]
[62 53 -25]
[62 55 -32]
[62 33 -1]
[62 33 -3]
[62 43 -2]
[62 56 -39]
[62 44 -5]
[62 50 -13]
[62 52 -14]
[62 50 -14]
[62 52 -13]
[62 55 -34]
[62 55 -33]
[62 39 -2]
[62 49 -12]
[62 -27 -5]
[62 -27 -6]
[62 -26 -4]
[62 48 -14]
[62 49 -13]
[62 54 -35]
[62 56 -35]
[62 56 -34]
[62 55 -29]
[62 55 -31]
[62 53 -54]
[62 47 -7]
[62 47 -9]
[62 45 -7]
[62 33 -2]
[62 -4 5]
[62 -4 6]
[62 48 -10]
[62 48 -9]
[62 52 -18]
[62 56 -36]
[62 56 -38]
[62 45 -5]
[62 55 -30]
[62 53 -28]
[62 46 -7]
[63 57 -35]
[63 57 -41]
[63 -27 -3]
[63 -25 -1]
[63 -26 -1]
[63 55 -54]
[63 -28 -6]
[63 -28 -5]
[63 47 -8]
[63 50 -12]
[63 39 -1]
[63 40 -1]
[63 49 -9]
[63 50 -9]
[63 50 -10]
[63 54 -27]
[63 54 -26]
[63 48 -6]
[63 37 0]
[63 35 -2]
[63 57 -36]
[63 57 -37]
[63 56 -33]
[63 56 -43]
[63 56 -45]
[63 52 -17]
[63 51 -17]
[63 53 -17]
[63 56 -31]
[63 34 -1]
[63 32 -1]
[63 56 -37]
[63 57 -39]
[63 57 -38]
[63 43 -3]
[63 44 -3]
[63 53 -13]
[63 53 -14]
[63 51 -13]
[63 41 -1]
[63 56 -52]
[63 -28 -2]
[63 -28 -1]
[63 -3 5]
[63 -3 7]
[63 49 -8]
[63 48 -8]
[63 -2 7]
[63 57 -45]
[63 57 -51]
[63 55 -50]
[63 57 -52]
[63 57 -50]
[63 56 -29]
[63 56 -49]
[63 57 -42]
[63 56 -32]
[63 56 -30]
[63 43 -1]
[63 42 -1]
[63 38 -1]
[63 54 -25]
[63 54 -24]
[63 44 -4]
[63 57 -33]
[63 49 -14]
[63 55 -22]
[63 54 -21]
[63 50 -17]
[63 -6 7]
[63 -28 -7]
[63 -26 -7]
[63 -28 -8]
[63 57 -47]
[63 57 -46]
[63 -23 -1]
[63 -25 0]
[63 -25 -10]
[63 -24 -10]
[63 44 -1]
[63 44 -2]
[63 -22 -1]
[63 53 -18]
[63 57 -40]
[63 -7 7]
[63 -4 7]
[63 54 -20]
[63 54 -19]
[63 51 -12]
[63 53 -16]
[63 46 -4]
[63 -4 8]
[63 53 -15]
[63 -28 -3]
[64 55 -28]
[64 55 -26]
[64 -29 -5]
[64 57 -31]
[64 -5 8]
[64 57 -30]
[64 57 -29]
[64 -24 0]
[64 55 -23]
[64 56 -23]
[64 55 -24]
[64 58 -39]
[64 58 -38]
[64 48 -5]
[64 58 -41]
[64 -2 8]
[64 38 0]
[64 39 0]
[64 57 -43]
[64 54 -15]
[64 54 -13]
[64 -3 8]
[64 -5 9]
[64 40 0]
[64 41 0]
[64 -24 1]
[64 -26 0]
[64 -25 1]
[64 52 -11]
[64 51 -11]
[64 58 -51]
[64 34 0]
[64 35 -1]
[64 57 -44]
[64 58 -46]
[64 45 -3]
[64 45 -2]
[64 53 -12]
[64 55 -21]
[64 55 -20]
[64 58 -50]
[64 50 -11]
[64 36 0]
[64 38 1]
[64 57 -34]
[64 58 -34]
[64 58 -35]
[64 -29 -2]
[64 -27 -1]
[64 58 -36]
[64 58 -37]
[64 48 -7]
[64 -28 0]
[64 -27 0]
[64 -29 -8]
[64 -28 -4]
[64 -29 -3]
[64 44 0]
[64 57 -32]
[64 54 -17]
[64 54 -18]
[64 54 -16]
[64 -29 -7]
[64 -29 -9]
[64 58 -47]
[64 55 -25]
[64 51 -10]
[64 53 -19]
[64 55 -19]
[64 51 -9]
[64 47 -3]
[64 45 -4]
[64 58 -40]
[64 55 -18]
[64 50 -7]
[64 -26 -11]
[64 -26 -10]
[64 -6 8]
[64 52 -12]
[64 50 -18]
[64 56 -53]
[64 42 0]
[64 43 0]
[64 55 -27]
[64 50 -8]
[65 -23 1]
[65 59 -41]
[65 59 -40]
[65 -27 -10]
[65 -26 -9]
[65 -25 -11]
[65 -27 -11]
[65 47 -2]
[65 47 -4]
[65 46 -3]
[65 48 -3]
[65 48 -4]
[65 55 -14]
[65 55 -15]
[65 54 -14]
[65 46 -2]
[65 59 -36]
[65 52 -9]
[65 49 -17]
[65 56 -21]
[65 49 -7]
[65 51 -8]
[65 51 -7]
[65 56 -20]
[65 39 1]
[65 56 -27]
[65 56 -25]
[65 55 -17]
[65 -7 8]
[65 -7 9]
[65 58 -31]
[65 58 -32]
[65 58 -33]
[65 -4 9]
[65 -24 2]
[65 -26 2]
[65 59 -35]
[65 59 -33]
[65 58 -43]
[65 58 -44]
[65 47 -6]
[65 -30 -8]
[65 -29 -10]
[65 -28 -9]
[65 -30 -9]
[65 56 -24]
[65 56 -26]
[65 43 1]
[65 42 1]
[65 44 1]
[65 45 1]
[65 45 -1]
[65 -30 -1]
[65 -30 -3]
[65 53 -11]
[65 56 -28]
[65 -26 1]
[65 58 -30]
[65 57 -23]
[65 57 -22]
[65 57 -24]
[65 -3 9]
[65 -2 9]
[65 -29 -1]
[65 -29 1]
[65 -29 0]
[65 41 1]
[65 59 -38]
[65 46 -1]
[65 56 -19]
[65 56 -18]
[65 -30 -5]
[65 -30 -6]
[65 52 -10]
[65 52 -8]
[65 49 -6]
[65 -25 2]
[65 58 -28]
[65 57 -28]
[65 59 -39]
[65 59 -37]
[65 -29 -6]
[65 -30 -7]
[65 -27 1]
[65 40 1]
[65 55 -13]
[65 55 -12]
[65 -25 -12]
[65 -5 10]
[65 -4 10]
[65 -6 10]
[65 56 -22]
[65 54 -12]
[66 55 -11]
[66 -31 -7]
[66 47 -1]
[66 60 -39]
[66 -5 11]
[66 60 -41]
[66 58 -42]
[66 59 -42]
[66 60 -40]
[66 60 -42]
[66 -6 9]
[66 -6 11]
[66 -7 10]
[66 55 -16]
[66 56 -16]
[66 -30 -10]
[66 -31 -8]
[66 -30 1]
[66 -30 0]
[66 -28 1]
[66 -26 -12]
[66 -28 -12]
[66 57 -19]
[66 57 -18]
[66 59 -32]
[66 59 -31]
[66 59 -45]
[66 58 -45]
[66 59 -44]
[66 59 -43]
[66 -31 -5]
[66 -25 3]
[66 -26 3]
[66 42 2]
[66 43 2]
[66 44 2]
[66 -27 -9]
[66 59 -29]
[66 57 -26]
[66 57 -27]
[66 57 -25]
[66 53 -9]
[66 -24 -11]
[66 45 2]
[66 45 0]
[66 56 -13]
[66 56 -12]
[66 46 0]
[66 -23 3]
[66 -2 10]
[66 -8 9]
[66 49 -5]
[66 49 -4]
[66 -31 -6]
[66 57 -21]
[66 52 -6]
[66 52 -7]
[66 60 -37]
[66 60 -38]
[66 58 -23]
[66 58 -22]
[66 58 -24]
[66 58 -27]
[66 59 -28]
[66 56 -17]
[66 -22 2]
[66 -31 -3]
[66 -30 -2]
[66 -25 -13]
[66 -24 -12]
[66 -30 2]
[66 -29 2]
[66 -28 2]
[66 -31 -9]
[66 58 -25]
[66 60 -36]
[66 59 -34]
[66 60 -34]
[66 53 -10]
[66 54 -11]
[66 -27 3]
[66 -27 2]
[66 59 -30]
[66 56 -15]
[66 -8 8]
[66 46 2]
[66 -31 -1]
[66 41 2]
[66 -28 -10]
[66 -27 -8]
[66 -30 -11]
[66 53 -8]
[66 60 -32]
[66 60 -33]
[67 -26 4]
[67 -27 4]
[67 -25 4]
[67 56 -11]
[67 55 -10]
[67 -32 -7]
[67 -32 -8]
[67 50 -4]
[67 50 -6]
[67 58 -18]
[67 57 -17]
[67 -3 11]
[67 59 -46]
[67 61 -37]
[67 61 -36]
[67 61 -38]
[67 -31 -10]
[67 -30 -12]
[67 -29 -11]
[67 -29 -12]
[67 -32 -3]
[67 -32 -2]
[67 -32 -4]
[67 58 -20]
[67 -32 -10]
[67 -32 -9]
[67 -27 -13]
[67 -28 -13]
[67 -28 -11]
[67 -29 -13]
[67 57 -16]
[67 58 -21]
[67 59 -22]
[67 59 -23]
[67 -22 3]
[67 -22 1]
[67 -23 2]
[67 -21 2]
[67 -21 1]
[67 58 -26]
[67 61 -40]
[67 61 -39]
[67 46 1]
[67 -26 -13]
[67 59 -27]
[67 58 -29]
[67 -23 -10]
[67 -23 -12]
[67 -31 0]
[67 60 -28]
[67 60 -29]
[67 60 -31]
[67 -7 11]
[67 -6 12]
[67 60 -44]
[67 -5 12]
[67 61 -33]
[67 61 -32]
[67 61 -31]
[67 52 -5]
[67 53 -6]
[67 53 -5]
[67 51 -6]
[67 60 -43]
[67 -28 3]
[67 54 -9]
[67 49 -3]
[67 50 -3]
[67 50 -5]
[67 -24 3]
[67 -24 4]
[67 -22 4]
[67 -28 4]
[67 56 -14]
[67 57 -14]
[67 60 -45]
[67 47 1]
[67 59 -25]
[67 -32 -6]
[67 -32 -5]
[67 -8 10]
[67 -9 9]
[67 61 -35]
[67 -8 11]
[67 57 -13]
[67 54 -7]
[67 54 -8]
[67 53 -7]
[67 59 -24]
[67 59 -26]
[67 47 0]
[67 48 -2]
[67 60 -35]
[67 61 -34]
[67 61 -41]
[67 57 -20]
[67 -8 7]
[67 -24 -13]
[68 -26 -14]
[68 -27 -12]
[68 -28 -14]
[68 -27 -14]
[68 61 -29]
[68 61 -27]
[68 61 -28]
[68 -21 3]
[68 -23 4]
[68 -21 4]
[68 58 -13]
[68 57 -15]
[68 58 -14]
[68 56 -10]
[68 55 -9]
[68 -31 -13]
[68 -30 -13]
[68 60 -26]
[68 58 -17]
[68 58 -16]
[68 -32 -11]
[68 -31 -11]
[68 -33 -11]
[68 51 -5]
[68 -8 12]
[68 -7 12]
[68 60 -30]
[68 49 -1]
[68 49 -2]
[68 48 -1]
[68 62 -40]
[68 61 -42]
[68 54 -6]
[68 57 -11]
[68 57 -10]
[68 61 -43]
[68 62 -32]
[68 58 -15]
[68 58 -19]
[68 59 -21]
[68 62 -35]
[68 62 -34]
[68 -27 5]
[68 48 0]
[68 61 -45]
[68 61 -44]
[68 59 -17]
[68 59 -18]
[68 -29 -14]
[68 -33 -4]
[68 55 -6]
[68 54 -5]
[68 60 -23]
[68 -7 13]
[68 62 -41]
[68 60 -21]
[68 60 -22]
[68 -26 5]
[68 61 -46]
[68 -25 -14]
[68 -33 -10]
[68 -9 8]
[68 -9 7]
[68 54 -10]
[68 -33 -3]
[68 -33 -5]
[68 51 -4]
[68 53 -4]
[68 62 -36]
[68 62 -33]
[68 -4 11]
[68 -5 13]
[68 -6 13]
[68 -23 5]
[68 -33 -9]
[68 -33 -8]
[68 59 -20]
[68 -25 5]
[68 62 -37]
[68 62 -38]
[68 60 -25]
[68 -32 0]
[68 -32 1]
[68 -9 10]
[68 -33 -2]
[68 -32 -1]
[68 -33 -1]
[68 -33 -6]
[69 56 -9]
[69 56 -8]
[69 -20 2]
[69 -20 3]
[69 61 -26]
[69 62 -28]
[69 -27 6]
[69 -3 10]
[69 -34 -9]
[69 59 -14]
[69 59 -15]
[69 61 -30]
[69 57 -9]
[69 -31 -12]
[69 -32 -12]
[69 -33 -12]
[69 63 -32]
[69 -33 0]
[69 -33 1]
[69 54 -4]
[69 -23 6]
[69 -24 6]
[69 -24 5]
[69 -22 5]
[69 -27 -15]
[69 -34 -6]
[69 -34 -5]
[69 -34 -4]
[69 -25 -15]
[69 -26 6]
[69 -34 -3]
[69 -34 -2]
[69 52 -4]
[69 62 -47]
[69 62 -45]
[69 62 -46]
[69 60 -47]
[69 -4 12]
[69 -5 14]
[69 -4 14]
[69 60 -17]
[69 49 1]
[69 63 -36]
[69 63 -40]
[69 62 -42]
[69 63 -41]
[69 62 -44]
[69 62 -43]
[69 60 -20]
[69 59 -19]
[69 60 -18]
[69 61 -21]
[69 61 -22]
[69 61 -20]
[69 -29 -15]
[69 59 -12]
[69 59 -13]
[69 58 -12]
[69 63 -37]
[69 63 -35]
[69 -33 -7]
[69 -34 -7]
[69 62 -29]
[69 61 -25]
[69 58 -9]
[69 52 -3]
[69 54 -3]
[69 -20 5]
[69 -34 -11]
[69 -34 -10]
[69 -34 -12]
[69 60 -27]
[69 55 -5]
[69 -28 -15]
[69 -30 -15]
[69 -34 0]
[69 -30 -14]
[69 -34 -1]
[69 60 -24]
[69 61 -23]
[69 62 -39]
[69 63 -38]
[69 58 -11]
[69 50 -1]
[69 56 -7]
[69 56 -6]
[69 49 0]
[69 50 -2]
[69 63 -33]
[70 -25 6]
[70 -25 7]
[70 -23 7]
[70 -24 7]
[70 -35 -3]
[70 -34 -13]
[70 -33 -13]
[70 -35 -6]
[70 60 -19]
[70 -35 -10]
[70 57 -5]
[70 -27 -16]
[70 -28 -16]
[70 -29 -16]
[70 -32 -13]
[70 57 -7]
[70 57 -6]
[70 57 -8]
[70 -35 -12]
[70 -35 -9]
[70 -21 5]
[70 -20 4]
[70 -34 2]
[70 -32 2]
[70 53 -3]
[70 51 -2]
[70 63 -42]
[70 63 -44]
[70 -27 7]
[70 64 -37]
[70 62 -24]
[70 62 -22]
[70 62 -23]
[70 55 -4]
[70 55 -3]
[70 54 -2]
[70 -31 -16]
[70 -30 -16]
[70 62 -26]
[70 63 -27]
[70 62 -27]
[70 63 -29]
[70 59 -16]
[70 63 -46]
[70 64 -34]
[70 63 -34]
[70 61 -19]
[70 61 -17]
[70 64 -42]
[70 64 -40]
[70 -26 -16]
[70 -4 13]
[70 -3 13]
[70 64 -39]
[70 64 -41]
[70 62 -25]
[70 58 -10]
[70 59 -11]
[70 57 -12]
[70 -22 6]
[70 -22 7]
[70 -35 -5]
[70 -35 -7]
[70 63 -43]
[70 64 -33]
[70 62 -21]
[70 62 -19]
[70 -35 -2]
[70 -34 -8]
[70 -25 -16]
[70 -26 -15]
[70 60 -15]
[70 60 -13]
[70 64 -31]
[70 -35 -8]
[70 64 -35]
[70 -35 0]
[70 -35 -1]
[70 63 -28]
[70 55 -7]
[70 55 -8]
[70 -31 -14]
[70 -31 -15]
[70 -35 1]
[70 63 -45]
[70 61 -47]
[70 60 -12]
[70 60 -11]
[70 -28 5]
[70 62 -30]
[70 62 -31]
[70 -6 14]
[70 50 0]
[70 58 -8]
[70 56 -5]
[70 59 -10]
[71 58 -5]
[71 58 -7]
[71 -25 8]
[71 -26 7]
[71 65 -36]
[71 65 -34]
[71 64 -36]
[71 -33 -14]
[71 -35 -14]
[71 -35 -13]
[71 64 -45]
[71 61 -10]
[71 60 -10]
[71 64 -28]
[71 63 -21]
[71 63 -20]
[71 63 -22]
[71 -26 8]
[71 63 -18]
[71 62 -20]
[71 63 -19]
[71 -36 -7]
[71 -36 -9]
[71 -27 -17]
[71 -26 -17]
[71 65 -35]
[71 61 -18]
[71 -36 -4]
[71 -35 -4]
[71 59 -9]
[71 56 -4]
[71 52 -2]
[71 53 -2]
[71 -30 -17]
[71 -3 14]
[71 -22 8]
[71 -23 8]
[71 60 -14]
[71 61 -16]
[71 60 -16]
[71 65 -37]
[71 64 -38]
[71 65 -38]
[71 -36 2]
[71 -35 2]
[71 63 -31]
[71 63 -30]
[71 -36 -2]
[71 61 -13]
[71 61 -12]
[71 61 -14]
[71 58 -6]
[71 63 -25]
[71 -32 -16]
[71 -31 -17]
[71 -32 -17]
[71 65 -30]
[71 64 -30]
[71 56 -2]
[71 56 -3]
[71 55 -2]
[71 -36 0]
[71 -36 -1]
[71 63 -26]
[71 -36 -10]
[71 -36 -11]
[71 58 -4]
[71 -35 -11]
[71 -21 7]
[71 -21 6]
[71 63 -24]
[71 -36 -6]
[71 -36 -8]
[71 64 -44]
[71 -32 3]
[71 -33 2]
[71 -32 -14]
[71 -36 -5]
[71 -29 -17]
[71 -28 -17]
[71 -34 -14]
[71 -35 3]
[71 -34 1]
[71 -34 3]
[71 -33 3]
[71 55 -1]
[71 54 -1]
[71 62 -17]
[71 51 1]
[71 51 0]
[71 51 -3]
[71 -25 -17]
[71 65 -42]
[71 65 -40]
[71 62 -18]
[71 -20 6]
[71 63 -23]
[71 61 -24]
[71 65 -41]
[71 65 -39]
[72 64 -25]
[72 64 -24]
[72 61 -15]
[72 64 -26]
[72 -30 -18]
[72 -29 -18]
[72 -28 -18]
[72 66 -29]
[72 65 -31]
[72 65 -29]
[72 57 -4]
[72 64 -23]
[72 50 1]
[72 52 0]
[72 -32 4]
[72 -37 -9]
[72 -26 9]
[72 64 -29]
[72 64 -22]
[72 64 -21]
[72 -34 4]
[72 63 -17]
[72 63 -16]
[72 62 -16]
[72 66 -36]
[72 -37 -4]
[72 -36 -3]
[72 -37 -3]
[72 -37 3]
[72 -36 1]
[72 -36 3]
[72 -37 1]
[72 66 -37]
[72 -35 4]
[72 -36 4]
[72 -37 -7]
[72 64 -20]
[72 -23 9]
[72 -21 8]
[72 53 -1]
[72 59 -5]
[72 59 -7]
[72 60 -8]
[72 -34 -15]
[72 -35 -15]
[72 59 -3]
[72 -22 9]
[72 -24 8]
[72 -20 7]
[72 57 -2]
[72 64 -18]
[72 64 -19]
[72 -37 -8]
[72 -37 -10]
[72 59 -6]
[72 -27 -18]
[72 64 -32]
[72 -36 -12]
[72 -36 -13]
[72 -37 -11]
[72 62 -13]
[72 62 -12]
[72 54 0]
[72 53 0]
[72 -33 -15]
[72 -26 -18]
[72 65 -44]
[72 64 -46]
[72 65 -45]
[72 62 -14]
[72 57 -1]
[72 56 -1]
[72 56 0]
[72 64 -17]
[72 -36 -14]
[72 -25 -18]
[72 -37 -1]
[72 -25 9]
[72 64 -27]
[72 65 -33]
[72 66 -34]
[72 66 -33]
[72 -37 -6]
[72 62 -10]
[72 61 -9]
[72 62 -9]
[72 62 -11]
[72 61 -11]
[72 66 -35]
[72 59 -4]
[72 -33 -16]
[72 -32 -15]
[73 -38 0]
[73 -38 -2]
[73 -37 -2]
[73 65 -19]
[73 52 -1]
[73 -36 5]
[73 -37 4]
[73 -34 5]
[73 -33 5]
[73 62 -8]
[73 -37 2]
[73 -38 4]
[73 -38 2]
[73 55 0]
[73 55 1]
[73 65 -26]
[73 66 -32]
[73 -36 -15]
[73 65 -18]
[73 65 -20]
[73 58 -3]
[73 60 -5]
[73 -38 -3]
[73 -38 -5]
[73 -22 10]
[73 65 -28]
[73 66 -30]
[73 -24 9]
[73 -24 10]
[73 -25 10]
[73 -26 10]
[73 67 -35]
[73 67 -34]
[73 65 -21]
[73 -38 -11]
[73 -38 -9]
[73 -28 -19]
[73 57 0]
[73 58 -2]
[73 58 0]
[73 63 -11]
[73 63 -13]
[73 -35 -16]
[73 64 -15]
[73 64 -16]
[73 -34 -17]
[73 -34 -16]
[73 -37 -12]
[73 63 -12]
[73 60 -6]
[73 60 -4]
[73 52 1]
[73 53 1]
[73 54 1]
[73 -38 -4]
[73 60 -7]
[73 61 -8]
[73 60 -9]
[73 65 -32]
[73 -27 -19]
[73 57 1]
[73 60 -3]
[73 59 -2]
[73 51 2]
[73 65 -27]
[73 -38 -10]
[73 67 -33]
[73 -24 -18]
[73 -24 -19]
[73 -26 -19]
[73 -25 -19]
[73 -27 8]
[73 -37 0]
[73 -38 1]
[73 63 -8]
[73 -29 -19]
[73 -30 -19]
[73 63 -9]
[73 65 -23]
[73 -38 -12]
[73 -38 -7]
[73 -38 -6]
[73 59 -8]
[73 -38 -8]
[73 -20 8]
[73 -31 -18]
[73 67 -28]
[73 66 -28]
[73 65 -25]
[73 65 -22]
[74 -26 -20]
[74 -27 -20]
[74 -39 -4]
[74 -39 -2]
[74 -35 -17]
[74 -34 -18]
[74 -39 3]
[74 -38 5]
[74 -37 5]
[74 66 -26]
[74 66 -27]
[74 61 -4]
[74 61 -5]
[74 67 -30]
[74 -36 -16]
[74 -36 -17]
[74 55 2]
[74 -24 -20]
[74 64 -9]
[74 64 -14]
[74 63 -14]
[74 -38 3]
[74 62 -7]
[74 66 -19]
[74 64 -11]
[74 63 -10]
[74 64 -12]
[74 64 -10]
[74 59 1]
[74 59 0]
[74 56 1]
[74 58 1]
[74 -35 6]
[74 -33 4]
[74 -39 -7]
[74 66 -24]
[74 -34 6]
[74 65 -15]
[74 65 -14]
[74 60 -2]
[74 -39 0]
[74 -38 -1]
[74 -39 1]
[74 -25 11]
[74 53 2]
[74 52 2]
[74 -37 6]
[74 -35 5]
[74 -39 -6]
[74 -37 -5]
[74 -39 -5]
[74 57 -3]
[74 63 -15]
[74 -39 2]
[74 66 -20]
[74 -37 -13]
[74 64 -13]
[74 -30 -20]
[74 -28 -20]
[74 -32 -19]
[74 -31 -19]
[74 -22 11]
[74 -23 10]
[74 -21 10]
[74 -23 11]
[74 61 -7]
[74 63 -7]
[74 68 -28]
[74 68 -27]
[74 67 -27]
[74 66 -31]
[74 -33 -17]
[74 58 -1]
[74 59 -1]
[74 -39 -12]
[74 -39 -13]
[74 -39 -11]
[74 61 -6]
[74 52 3]
[74 61 -2]
[74 61 -3]
[74 -39 -10]
[74 66 -22]
[74 66 -23]
[74 67 -29]
[74 68 -32]
[74 -19 9]
[74 -20 9]
[74 58 2]
[74 56 2]
[74 57 2]
[75 -28 -21]
[75 -27 -21]
[75 -29 -20]
[75 62 -15]
[75 -40 -11]
[75 -40 -12]
[75 62 -5]
[75 62 -4]
[75 -39 -1]
[75 -40 3]
[75 67 -26]
[75 59 2]
[75 60 0]
[75 60 1]
[75 -40 1]
[75 -40 2]
[75 -40 -4]
[75 -40 -5]
[75 -39 -3]
[75 -40 -3]
[75 -40 -9]
[75 65 -13]
[75 -38 6]
[75 -35 -18]
[75 -29 -21]
[75 -30 -21]
[75 53 3]
[75 -24 11]
[75 -32 -20]
[75 -31 -20]
[75 -32 -18]
[75 60 -1]
[75 62 -3]
[75 62 -2]
[75 -40 -14]
[75 -39 -14]
[75 -38 -14]
[75 -38 -13]
[75 -40 -13]
[75 68 -29]
[75 68 -30]
[75 67 -31]
[75 -19 8]
[75 -40 -7]
[75 66 -13]
[75 67 -32]
[75 65 -12]
[75 -37 -17]
[75 -33 -19]
[75 -33 -18]
[75 67 -23]
[75 -33 -20]
[75 -24 12]
[75 -25 12]
[75 -26 11]
[75 -40 0]
[75 -34 7]
[75 -36 6]
[75 -21 11]
[75 65 -10]
[75 -40 -8]
[75 -39 -8]
[75 55 3]
[75 -37 -14]
[75 69 -28]
[75 69 -27]
[75 -26 -21]
[75 65 -11]
[75 -37 -18]
[75 66 -14]
[75 66 -15]
[75 67 -25]
[75 66 -25]
[75 67 -24]
[75 64 -8]
[75 64 -7]
[75 64 -6]
[75 62 -6]
[75 63 -6]
[75 65 -9]
[75 67 -20]
[75 54 3]
[75 67 -22]
[75 69 -29]
[75 -40 -1]
[75 -40 -2]
[75 56 3]
[75 67 -21]
[76 -40 4]
[76 -41 2]
[76 -41 3]
[76 -34 -20]
[76 -34 -19]
[76 62 -1]
[76 63 -1]
[76 63 -2]
[76 61 -1]
[76 -41 -2]
[76 70 -26]
[76 70 -28]
[76 54 2]
[76 54 4]
[76 -40 -10]
[76 -41 -10]
[76 67 -19]
[76 68 -21]
[76 66 -21]
[76 -38 -15]
[76 -27 -22]
[76 -28 -22]
[76 -33 6]
[76 66 -9]
[76 -41 -11]
[76 63 -5]
[76 65 -6]
[76 64 -5]
[76 65 -7]
[76 65 -5]
[76 68 -22]
[76 68 -23]
[76 68 -24]
[76 -36 -19]
[76 -38 -17]
[76 -36 -18]
[76 -38 -18]
[76 66 -12]
[76 65 -8]
[76 66 -10]
[76 -41 -6]
[76 68 -25]
[76 61 0]
[76 -32 -21]
[76 61 1]
[76 68 -31]
[76 -41 0]
[76 -41 1]
[76 57 4]
[76 63 -4]
[76 66 -11]
[76 58 3]
[76 60 2]
[76 60 3]
[76 59 3]
[76 -31 -21]
[76 53 4]
[76 55 4]
[76 -23 12]
[76 -41 -8]
[76 -37 7]
[76 63 -3]
[76 -26 12]
[76 -24 13]
[76 -41 -4]
[76 -23 13]
[76 -41 -1]
[76 -41 -14]
[76 -41 -13]
[76 -37 -16]
[76 -29 -22]
[76 -30 -22]
[76 -31 -22]
[76 67 -13]
[76 67 -14]
[76 -41 -7]
[76 -40 -6]
[76 65 -24]
[76 65 -16]
[77 -37 -19]
[77 -42 -1]
[77 -42 0]
[77 59 4]
[77 61 2]
[77 62 1]
[77 -29 -23]
[77 -31 -23]
[77 71 -27]
[77 70 -27]
[77 55 5]
[77 64 -2]
[77 64 -3]
[77 -42 -11]
[77 -42 -9]
[77 -25 13]
[77 69 -22]
[77 69 -21]
[77 -42 -6]
[77 -41 -5]
[77 -42 -4]
[77 -42 -5]
[77 -39 4]
[77 -39 -18]
[77 -39 -17]
[77 -37 -15]
[77 -35 -20]
[77 -37 -20]
[77 -36 -20]
[77 -22 13]
[77 66 -8]
[77 68 -20]
[77 -39 -19]
[77 67 -10]
[77 67 -11]
[77 66 -7]
[77 66 -6]
[77 62 0]
[77 -42 -14]
[77 -41 -12]
[77 -42 -13]
[77 -42 -12]
[77 56 4]
[77 56 5]
[77 57 5]
[77 58 4]
[77 65 -4]
[77 64 -1]
[77 -33 -21]
[77 -32 -22]
[77 -42 -3]
[77 67 -12]
[77 64 0]
[77 -28 -23]
[77 61 4]
[77 -42 -10]
[77 69 -24]
[77 64 -4]
[77 66 -4]
[77 -42 1]
[77 -36 7]
[77 68 -13]
[77 -24 14]
[77 -23 14]
[77 68 -26]
[77 -32 -23]
[77 69 -23]
[77 -35 -21]
[77 -41 -9]
[78 68 -11]
[78 68 -10]
[78 68 -12]
[78 -40 -18]
[78 70 -21]
[78 60 5]
[78 -38 -19]
[78 -38 -20]
[78 -28 -24]
[78 -43 -10]
[78 -43 -11]
[78 63 0]
[78 63 1]
[78 -38 -21]
[78 -42 -15]
[78 -43 -15]
[78 -43 -4]
[78 -43 -12]
[78 -43 -14]
[78 -40 -20]
[78 -39 -20]
[78 69 -26]
[78 65 -3]
[78 -43 -5]
[78 65 -1]
[78 64 1]
[78 65 1]
[78 -36 -21]
[78 62 3]
[78 66 -5]
[78 66 -3]
[78 -36 8]
[78 65 -2]
[78 67 -9]
[78 67 -5]
[78 -43 -13]
[78 69 -19]
[78 68 -19]
[78 -23 15]
[78 -40 -19]
[78 -43 -9]
[78 70 -24]
[78 70 -23]
[78 70 -22]
[78 -34 -22]
[78 -33 -22]
[78 67 -7]
[78 57 3]
[78 58 5]
[78 -41 -3]
[78 -43 -2]
[78 -43 -7]
[78 65 0]
[78 -21 14]
[78 59 5]
[78 60 4]
[78 -42 2]
[79 -34 -21]
[79 66 -2]
[79 69 -10]
[79 69 -11]
[79 60 6]
[79 -44 -15]
[79 -44 -16]
[79 -29 -24]
[79 -44 -13]
[79 -43 1]
[79 -33 -23]
[79 -34 -23]
[79 -21 15]
[79 -22 14]
[79 -41 -18]
[79 -41 -19]
[79 -41 -20]
[79 -22 15]
[79 -22 16]
[79 -40 -21]
[79 -39 -21]
[79 64 2]
[79 -37 -21]
[79 -35 7]
[79 66 0]
[79 66 1]
[79 66 2]
[79 66 -1]
[79 71 -24]
[79 71 -25]
[79 67 -8]
[79 68 -6]
[79 68 -7]
[79 -43 -6]
[79 -44 -5]
[79 -44 -4]
[79 -44 -6]
[79 -39 -22]
[79 61 6]
[79 61 5]
[79 67 -4]
[79 67 -6]
[79 62 2]
[79 63 2]
[79 70 -20]
[79 -42 -2]
[79 68 -8]
[79 69 -12]
[79 68 -5]
[79 -44 -11]
[79 -44 -10]
[79 67 -3]
[79 -44 -14]
[79 -35 -22]
[79 -37 -22]
[79 -36 -22]
[79 70 -19]
[79 69 -20]
[79 61 3]
[79 63 3]
[79 70 -25]
[79 69 -25]
[79 -43 -1]
[79 -44 -3]
[79 -44 -2]
[79 68 -9]
[79 -44 -7]
[79 71 -22]
[79 59 6]
[80 67 -2]
[80 72 -25]
[80 71 -23]
[80 -35 -23]
[80 -36 -23]
[80 -30 -23]
[80 -38 -22]
[80 -43 0]
[80 62 4]
[80 -45 -11]
[80 70 -9]
[80 -45 -15]
[80 -45 -16]
[80 -45 -17]
[80 -43 -17]
[80 -41 -21]
[80 68 -3]
[80 -37 -23]
[80 62 5]
[80 60 7]
[80 64 3]
[80 -45 -3]
[80 -45 -2]
[80 69 -8]
[80 67 1]
[80 67 0]
[80 -35 -24]
[80 -34 -24]
[80 -42 -18]
[80 -42 -20]
[80 -45 -6]
[80 71 -20]
[80 -43 -3]
[80 71 -26]
[80 -45 -4]
[80 -42 -19]
[80 -45 -5]
[80 -21 16]
[80 69 -7]
[80 69 -9]
[80 69 -6]
[80 -39 -23]
[80 -40 -22]
[80 68 -2]
[80 65 2]
[80 65 3]
[80 71 -19]
[80 71 -21]
[80 61 7]
[80 70 -10]
[80 69 -4]
[80 -45 -7]
[80 66 3]
[80 67 2]
[80 64 4]
[80 -45 -12]
[80 -45 -14]
[81 -41 -17]
[81 -38 -23]
[81 63 5]
[81 63 4]
[81 71 -9]
[81 71 -11]
[81 71 -10]
[81 67 4]
[81 68 1]
[81 68 2]
[81 -46 -6]
[81 -46 -7]
[81 -34 -25]
[81 -35 -25]
[81 68 -1]
[81 67 -1]
[81 70 -8]
[81 61 8]
[81 59 7]
[81 59 8]
[81 -44 -17]
[81 62 6]
[81 62 7]
[81 -46 -15]
[81 -43 -20]
[81 -38 -24]
[81 -36 -24]
[81 -46 -4]
[81 -46 -5]
[81 -46 -3]
[81 -37 -24]
[81 -45 -13]
[81 66 4]
[81 70 -5]
[81 69 -3]
[81 72 -22]
[81 72 -20]
[81 72 -21]
[81 64 5]
[81 65 5]
[81 65 4]
[81 -36 -25]
[81 72 -24]
[81 -44 -1]
[81 70 -7]
[81 -46 -2]
[81 71 -8]
[81 63 6]
[81 -46 -13]
[81 -46 -12]
[81 -46 -11]
[81 69 -5]
[81 70 -6]
[81 72 -19]
[81 -40 -24]
[81 -44 -12]
[81 -43 -16]
[82 -45 -18]
[82 -47 -5]
[82 -47 -4]
[82 -47 -3]
[82 -35 -26]
[82 -46 -14]
[82 62 9]
[82 62 8]
[82 61 9]
[82 71 -7]
[82 71 -6]
[82 69 2]
[82 68 0]
[82 69 1]
[82 66 5]
[82 -37 -25]
[82 69 -1]
[82 69 -2]
[82 69 0]
[82 -44 -21]
[82 70 -11]
[82 73 -20]
[82 63 8]
[82 63 7]
[82 72 -9]
[82 73 -19]
[82 -40 -23]
[82 68 3]
[82 67 3]
[82 -47 -14]
[82 -47 -12]
[82 -47 -13]
[82 72 -23]
[82 73 -22]
[82 73 -21]
[82 70 -3]
[82 68 -4]
[82 -34 -26]
[82 58 9]
[82 -39 -24]
[82 64 6]
[82 -45 -1]
[82 -46 -1]
[82 -47 -2]
[82 -45 0]
[82 -44 0]
[82 71 -5]
[82 -47 -7]
[82 65 6]
[82 67 5]
[82 58 7]
[82 60 8]
[82 58 8]
[82 71 -4]
[83 71 -3]
[83 71 -2]
[83 59 9]
[83 -48 -7]
[83 70 -1]
[83 -48 -3]
[83 -48 -5]
[83 -48 -2]
[83 72 -6]
[83 72 -8]
[83 -47 -15]
[83 -45 1]
[83 67 6]
[83 68 4]
[83 68 5]
[83 68 6]
[83 60 10]
[83 61 10]
[83 62 10]
[83 -47 0]
[83 -46 0]
[83 -44 -19]
[83 66 6]
[83 66 7]
[83 70 -4]
[83 72 -4]
[83 63 9]
[83 63 10]
[83 -44 -20]
[83 72 -5]
[83 -47 -1]
[83 64 8]
[83 64 7]
[83 74 -21]
[83 74 -22]
[83 70 -2]
[83 -41 -22]
[83 59 10]
[83 70 0]
[83 65 7]
[83 74 -20]
[83 -48 -11]
[83 72 -7]
[83 -48 -14]
[83 73 -23]
[84 66 8]
[84 65 8]
[84 60 9]
[84 60 11]
[84 -44 2]
[84 -46 1]
[84 73 -4]
[84 73 -5]
[84 72 -2]
[84 71 -1]
[84 -48 -15]
[84 -48 -13]
[84 -49 -15]
[84 75 -21]
[84 74 -23]
[84 75 -22]
[84 73 -6]
[84 62 11]
[84 59 11]
[84 -47 -6]
[84 -48 -4]
[84 -49 -4]
[84 71 0]
[84 -48 -1]
[84 69 3]
[84 64 11]
[84 67 7]
[84 69 5]
[84 -49 -7]
[84 65 9]
[84 64 9]
[84 -43 -19]
[84 -48 0]
[84 -49 -11]
[84 -49 -2]
[84 -49 -1]
[84 -49 -3]
[84 73 -7]
[84 73 -24]
[84 75 -20]
[84 75 -19]
[85 68 7]
[85 67 8]
[85 68 8]
[85 -48 -6]
[85 -49 0]
[85 -47 1]
[85 61 11]
[85 -50 -15]
[85 70 3]
[85 71 1]
[85 72 -1]
[85 -45 2]
[85 72 0]
[85 76 -19]
[85 76 -20]
[85 -50 -3]
[85 63 12]
[85 62 12]
[85 64 10]
[85 65 10]
[85 74 -5]
[85 74 -6]
[85 74 -4]
[85 69 4]
[85 70 5]
[85 73 -3]
[85 -44 1]
[85 67 9]
[85 74 -7]
[85 72 -3]
[85 74 -19]
[85 -49 -5]
[85 60 12]
[85 -48 -12]
[85 -49 -12]
[85 -49 -13]
[85 66 9]
[85 -49 -14]
[85 -50 -6]
[85 -50 -8]
[85 -50 -7]
[85 -49 -8]
[85 64 12]
[85 65 12]
[85 -50 -4]
[86 73 0]
[86 61 13]
[86 61 12]
[86 63 13]
[86 69 6]
[86 71 6]
[86 70 6]
[86 -50 -5]
[86 -51 -7]
[86 -51 -8]
[86 70 4]
[86 71 2]
[86 71 3]
[86 -50 -1]
[86 73 -2]
[86 73 -1]
[86 66 10]
[86 -50 -16]
[86 68 9]
[86 -51 -4]
[86 77 -20]
[86 75 -5]
[86 75 -6]
[86 65 11]
[86 75 -4]
[86 74 -3]
[86 66 12]
[86 66 13]
[86 65 13]
[86 -50 -14]
[86 -47 2]
[86 -45 3]
[86 -46 2]
[86 -46 3]
[86 69 9]
[86 -51 -3]
[86 -49 -6]
[86 70 1]
[86 72 1]
[86 70 2]
[86 72 2]
[86 -50 -13]
[87 66 11]
[87 67 11]
[87 67 12]
[87 -51 -14]
[87 -51 -6]
[87 69 7]
[87 67 10]
[87 68 10]
[87 71 4]
[87 76 -5]
[87 76 -6]
[87 -51 -2]
[87 62 13]
[87 62 14]
[87 69 8]
[87 70 8]
[87 70 9]
[87 70 10]
[87 74 -1]
[87 -50 -9]
[87 -51 -16]
[87 63 14]
[87 74 -2]
[87 72 3]
[87 67 14]
[87 66 14]
[87 77 -19]
[87 73 3]
[87 73 2]
[87 -47 3]
[87 64 13]
[87 75 -2]
[87 75 -3]
[87 72 7]
[87 72 5]
[87 72 6]
[87 70 7]
[87 71 5]
[87 71 7]
[87 73 1]
[87 74 1]
[88 76 -2]
[88 75 -1]
[88 76 -3]
[88 77 -5]
[88 77 -6]
[88 -52 -16]
[88 -51 -15]
[88 77 -4]
[88 -52 -14]
[88 -52 -15]
[88 72 8]
[88 71 8]
[88 74 0]
[88 71 9]
[88 69 11]
[88 69 10]
[88 70 11]
[88 -50 -2]
[88 72 4]
[88 73 4]
[88 74 3]
[88 74 2]
[88 65 15]
[88 66 15]
[88 75 2]
[88 75 0]
[88 75 1]
[88 68 12]
[88 68 11]
[88 73 6]
[88 73 7]
[88 73 5]
[88 67 13]
[88 68 15]
[88 68 14]
[88 76 -4]
[88 64 14]
[88 65 14]
[88 71 10]
[88 64 15]
[89 74 4]
[89 65 16]
[89 76 0]
[89 72 9]
[89 73 8]
[89 74 7]
[89 67 16]
[89 -53 -13]
[89 -53 -15]
[89 -53 -16]
[89 -52 -17]
[89 76 -1]
[89 78 -5]
[89 78 -4]
[89 66 16]
[89 64 16]
[89 63 15]
[89 76 1]
[89 75 3]
[89 74 5]
[89 74 6]
[89 69 12]
[89 77 -3]
[89 69 16]
[89 -53 -14]
[90 78 -3]
[90 78 -2]
[90 77 0]
[90 75 8]
[90 74 8]
[90 75 7]
[90 76 4]
[90 68 17]
[90 70 16]
[90 70 17]
[90 -54 -15]
[90 67 15]
[90 65 17]
[90 66 17]
[90 -54 -17]
[90 76 2]
[90 72 10]
[90 75 5]
[90 77 -2]
[90 77 -1]
[90 64 17]
[90 68 16]
[90 75 6]
[90 75 4]
[91 78 0]
[91 78 1]
[91 78 -1]
[91 -53 -18]
[91 -54 -18]
[91 67 17]
[91 66 18]
[91 65 18]
[91 71 17]
[91 77 1]
[91 77 2]
[91 76 5]
[91 69 17]
[91 76 7]
[91 79 -1]
[91 79 -3]
[91 79 -2]
[91 76 3]
[91 69 18]
[91 73 9]
[91 77 5]
[91 -54 -14]
[92 66 19]
[92 79 1]
[92 79 0]
[92 78 2]
[92 70 18]
[92 68 18]
[92 71 18]
[92 72 18]
[92 72 17]
[92 80 -2]
[92 80 -3]
[92 -53 -17]
[92 67 18]
[92 80 0]
[92 80 -1]
[92 78 3]
[92 78 5]
[92 70 19]
[92 68 19]
[92 77 4]
[92 77 6]
[93 80 1]
[93 81 -1]
[93 81 -3]
[93 78 4]
[93 77 3]
[93 81 -2]
[93 81 0]
[93 67 19]
[93 67 20]
[93 78 6]
[93 73 18]
[93 73 19]
[93 69 19]
[93 68 20]
[93 79 2]
[93 71 19]
[94 82 0]
[94 82 -1]
[94 68 21]
[94 79 3]
[94 70 20]
[94 69 20]
[94 81 2]
[94 81 1]
[94 74 17]
[94 74 19]
[94 74 18]
[94 79 5]
[94 74 20]
[94 71 20]
[94 72 19]
[95 73 17]
[95 75 17]
[95 75 19]
[95 75 18]
[95 80 5]
[95 79 4]
[95 69 21]
[95 83 0]
[95 83 1]
[95 73 20]
[95 82 2]
[95 80 2]
[95 82 3]
[95 82 1]
[95 81 3]
[95 69 22]
[95 74 21]
[95 75 21]
[95 75 20]
[95 73 21]
[96 81 6]
[96 80 6]
[96 84 1]
[96 83 2]
[96 84 0]
[96 76 20]
[96 76 19]
[96 72 20]
[96 72 21]
[96 76 17]
[96 83 3]
[96 82 4]
[96 81 4]
[96 73 22]
[96 72 22]
[96 80 3]
[96 68 22]
[96 69 23]
[96 70 23]
[96 70 22]
[96 75 22]
[96 74 22]
[96 76 21]
[96 75 16]
[96 76 16]
[97 67 21]
[97 67 23]
[97 84 2]
[97 84 4]
[97 77 20]
[97 73 23]
[97 74 23]
[97 82 6]
[97 81 5]
[97 77 17]
[97 85 0]
[97 71 21]
[97 82 5]
[97 68 24]
[97 68 23]
[97 69 24]
[97 70 24]
[97 71 22]
[97 72 23]
[97 80 4]
[98 69 25]
[98 70 25]
[98 73 24]
[98 72 24]
[98 78 18]
[98 77 16]
[98 78 17]
[98 78 20]
[98 77 19]
[98 85 5]
[98 85 3]
[98 83 4]
[98 83 5]
[98 75 23]
[98 74 24]
[98 85 1]
[98 70 21]
[98 71 24]
[98 71 23]
[99 71 25]
[99 72 25]
[99 86 2]
[99 84 3]
[99 86 4]
[99 70 26]
[99 69 26]
[99 76 23]
[99 76 24]
[99 78 21]
[99 78 19]
[99 77 21]
[99 85 4]
[99 86 5]
[99 85 6]
[99 84 6]
[99 84 5]
[99 83 6]
[99 85 2]
[99 73 25]
[99 77 18]
[99 74 25]
[99 75 25]
[99 68 25]
[99 79 19]
[100 76 22]
[100 78 22]
[100 76 18]
[100 77 24]
[100 77 23]
[100 77 22]
[100 87 5]
[100 87 4]
[100 76 26]
[100 74 26]
[100 86 1]
[100 87 1]
[100 86 3]
[100 87 3]
[100 79 22]
[100 75 24]
[100 76 25]
[100 80 18]
[100 80 19]
[100 79 20]
[100 79 18]
[100 71 26]
[100 72 26]
[100 70 27]
[100 69 27]
[100 68 26]
[100 83 7]
[100 85 7]
[100 75 26]
[100 73 26]
[101 84 7]
[101 85 8]
[101 86 8]
[101 84 8]
[101 86 7]
[101 78 24]
[101 77 26]
[101 70 28]
[101 83 8]
[101 82 7]
[101 87 2]
[101 73 27]
[101 74 27]
[101 86 6]
[101 88 4]
[101 79 21]
[101 79 23]
[101 69 28]
[101 71 28]
[101 76 27]
[101 86 0]
[101 71 27]
[101 88 3]
[101 80 23]
[101 78 23]
[101 80 21]
[101 75 27]
[102 83 9]
[102 84 9]
[102 77 28]
[102 77 27]
[102 75 28]
[102 88 2]
[102 85 9]
[102 80 24]
[102 74 28]
[102 87 6]
[102 73 28]
[102 70 29]
[102 82 8]
[102 81 7]
[102 87 9]
[102 87 8]
[102 86 9]
[102 71 29]
[102 79 25]
[102 78 25]
[102 79 24]
[102 89 4]
[102 89 2]
[102 89 3]
[102 72 27]
[102 72 29]
[102 81 21]
[102 81 20]
[102 78 26]
[102 78 27]
[102 76 28]
[102 80 22]
[102 80 20]
[102 89 5]
[103 88 5]
[103 87 10]
[103 77 25]
[103 79 26]
[103 90 5]
[103 85 10]
[103 81 8]
[103 79 27]
[103 78 28]
[103 76 29]
[103 77 29]
[103 90 3]
[103 90 2]
[103 90 4]
[103 72 28]
[103 74 29]
[103 73 29]
[103 90 1]
[103 81 23]
[103 89 1]
[103 80 26]
[103 81 22]
[103 82 22]
[103 82 21]
[103 78 29]
[103 72 30]
[103 88 9]
[103 88 7]
[103 88 6]
[104 91 3]
[104 89 7]
[104 87 7]
[104 80 28]
[104 79 28]
[104 91 4]
[104 91 5]
[104 89 6]
[104 88 10]
[104 87 11]
[104 88 11]
[104 91 2]
[104 73 31]
[104 75 29]
[104 73 30]
[104 79 30]
[104 79 29]
[104 80 25]
[104 76 30]
[104 77 30]
[104 78 30]
[104 75 30]
[104 89 9]
[104 89 10]
[104 84 10]
[104 74 30]
[104 81 24]
[104 82 24]
[104 83 20]
[104 83 21]
[104 81 27]
[104 81 25]
[104 81 26]
[104 88 8]
[104 83 22]
[104 82 23]
[105 80 29]
[105 80 27]
[105 88 12]
[105 89 11]
[105 87 12]
[105 83 24]
[105 83 23]
[105 92 4]
[105 92 5]
[105 84 22]
[105 90 10]
[105 80 31]
[105 82 26]
[105 82 27]
[105 81 28]
[105 82 25]
[105 84 19]
[105 84 20]
[105 90 7]
[105 90 6]
[105 73 32]
[105 86 12]
[105 86 10]
[105 86 11]
[105 78 31]
[105 77 31]
[105 79 31]
[105 90 8]
[105 89 8]
[105 83 10]
[105 85 11]
[105 74 31]
[105 75 31]
[105 76 31]
[106 91 6]
[106 83 27]
[106 83 25]
[106 83 26]
[106 89 12]
[106 88 13]
[106 77 32]
[106 91 10]
[106 85 12]
[106 85 21]
[106 83 19]
[106 85 20]
[106 84 21]
[106 91 7]
[106 90 9]
[106 91 8]
[106 79 32]
[106 78 32]
[106 80 30]
[106 81 32]
[106 90 12]
[106 90 11]
[106 82 28]
[106 76 32]
[106 86 13]
[106 87 13]
[106 85 13]
[106 84 18]
[106 83 18]
[106 84 23]
[106 84 24]
[106 82 29]
[106 81 29]
[106 85 23]
[106 74 32]
[106 75 32]
[106 82 9]
[106 84 25]
[107 77 33]
[107 91 11]
[107 91 12]
[107 83 28]
[107 80 33]
[107 82 32]
[107 80 32]
[107 92 11]
[107 78 33]
[107 92 9]
[107 81 30]
[107 85 22]
[107 86 21]
[107 91 9]
[107 86 14]
[107 87 14]
[107 88 14]
[107 76 33]
[107 82 17]
[107 82 18]
[107 86 20]
[107 85 19]
[107 86 19]
[107 84 11]
[107 84 26]
[107 74 33]
[107 75 33]
[107 85 24]
[107 82 30]
[107 83 17]
[107 79 33]
[107 86 22]
[107 84 28]
[107 84 27]
[107 89 13]
[108 85 27]
[108 85 26]
[108 85 29]
[108 74 34]
[108 87 15]
[108 79 34]
[108 93 9]
[108 92 10]
[108 93 8]
[108 88 15]
[108 92 8]
[108 93 12]
[108 93 10]
[108 81 31]
[108 82 31]
[108 92 12]
[108 87 23]
[108 76 34]
[108 90 13]
[108 78 34]
[108 81 34]
[108 89 14]
[108 86 24]
[108 82 16]
[108 83 16]
[108 82 33]
[108 83 31]
[108 81 33]
[108 83 32]
[108 84 29]
[108 83 29]
[108 87 22]
[109 77 35]
[109 94 9]
[109 92 7]
[109 88 23]
[109 86 23]
[109 87 21]
[109 87 25]
[109 86 25]
[109 94 11]
[109 87 24]
[109 79 35]
[109 80 35]
[109 78 35]
[109 81 16]
[109 84 30]
[109 84 31]
[109 84 32]
[109 86 28]
[109 85 28]
[109 83 30]
[109 80 34]
[109 82 34]
[109 93 11]
[109 83 33]
[109 88 16]
[109 87 16]
[109 90 14]
[109 82 15]
[109 82 35]
[109 86 27]
[109 86 26]
[109 76 35]
[109 85 30]
[109 91 13]
[109 93 13]
[109 75 34]
[109 73 34]
[110 81 35]
[110 81 36]
[110 83 35]
[110 83 36]
[110 87 28]
[110 87 27]
[110 87 26]
[110 75 35]
[110 84 33]
[110 85 32]
[110 85 31]
[110 85 25]
[110 86 29]
[110 87 29]
[110 83 34]
[110 86 30]
[110 73 35]
[110 77 36]
[110 84 34]
[110 94 10]
[110 94 12]
[110 88 25]
[110 89 15]
[110 89 24]
[110 80 36]
[110 75 36]
[111 88 26]
[111 89 25]
[111 89 26]
[111 84 36]
[111 86 31]
[111 86 33]
[111 86 32]
[111 85 33]
[111 85 34]
[111 95 11]
[111 88 27]
[111 88 28]
[111 82 36]
[111 74 35]
[111 95 13]
[111 95 12]
[111 88 24]
[111 90 25]
[111 84 35]
[111 78 37]
[111 76 37]
[111 81 37]
[111 79 37]
[111 79 36]
[111 82 37]
[111 80 37]
[111 87 30]
[111 87 31]
[111 88 29]
[111 85 35]
[111 74 36]
[111 73 36]
[112 94 13]
[112 85 36]
[112 83 38]
[112 96 11]
[112 96 12]
[112 80 38]
[112 87 33]
[112 87 32]
[112 88 30]
[112 88 32]
[112 89 27]
[112 85 37]
[112 83 37]
[112 84 37]
[112 89 29]
[112 87 34]
[112 86 34]
[112 78 38]
[112 79 38]
[112 78 36]
[112 96 14]
[112 94 14]
[112 81 38]
[112 77 37]
[112 75 37]
[112 76 36]
[112 75 38]
[112 73 37]
[112 74 37]
[112 90 27]
[113 74 38]
[113 95 10]
[113 88 33]
[113 96 13]
[113 96 15]
[113 97 14]
[113 78 39]
[113 80 39]
[113 79 39]
[113 84 38]
[113 85 38]
[113 77 38]
[113 88 34]
[113 87 35]
[113 88 35]
[113 86 35]
[113 81 39]
[113 94 15]
[113 90 26]
[113 86 36]
[113 89 31]
[113 88 31]
[113 86 38]
[113 86 37]
[113 89 33]
[113 90 30]
[113 76 38]
[113 82 39]
[113 76 39]
[113 75 39]
[113 73 38]
[114 85 39]
[114 83 39]
[114 84 39]
[114 77 39]
[114 79 40]
[114 77 40]
[114 91 27]
[114 98 13]
[114 97 15]
[114 97 13]
[114 95 16]
[114 95 15]
[114 93 14]
[114 95 14]
[114 81 40]
[114 82 40]
[114 83 40]
[114 76 40]
[114 75 40]
[114 87 36]
[114 87 37]
[114 88 36]
[114 89 34]
[114 89 35]
[114 82 38]
[114 80 40]
[114 78 40]
[114 96 16]
[114 74 39]
[114 86 39]
[114 89 30]
[114 89 32]
[114 90 32]
[114 90 34]
[114 90 31]
[115 75 41]
[115 77 41]
[115 84 40]
[115 82 41]
[115 97 17]
[115 95 17]
[115 97 16]
[115 90 33]
[115 80 41]
[115 79 41]
[115 87 38]
[115 99 13]
[115 99 14]
[115 99 12]
[115 89 36]
[115 89 37]
[115 98 14]
[115 98 12]
[115 86 40]
[115 85 40]
[115 94 16]
[115 74 40]
[115 96 17]
[115 84 41]
[116 85 41]
[116 83 41]
[116 98 15]
[116 98 18]
[116 98 17]
[116 88 37]
[116 87 41]
[116 99 15]
[116 73 40]
[116 74 41]
[116 73 39]
[116 85 42]
[116 84 42]
[116 83 42]
[116 77 42]
[116 100 12]
[116 80 42]
[116 79 42]
[116 78 42]
[116 100 15]
[116 100 13]
[116 100 14]
[116 81 41]
[116 99 11]
[116 90 38]
[116 90 36]
[116 76 41]
[116 74 42]
[117 76 42]
[117 99 16]
[117 101 12]
[117 100 11]
[117 75 42]
[117 73 41]
[117 73 42]
[117 77 43]
[117 78 41]
[117 89 38]
[117 73 43]
[117 82 42]
[117 99 10]
[117 101 13]
[117 81 42]
[117 84 43]
[117 99 18]
[117 100 16]
[117 85 43]
[117 86 42]
[117 97 18]
[117 99 17]
[117 101 15]
[117 101 14]
[117 101 16]
[117 83 43]
[117 78 43]
[117 79 43]
[117 90 37]
[117 91 37]
[117 88 40]
[117 86 41]
[118 102 15]
[118 88 39]
[118 89 41]
[118 88 41]
[118 89 40]
[118 75 43]
[118 76 43]
[118 76 44]
[118 77 44]
[118 96 18]
[118 97 19]
[118 96 19]
[118 102 14]
[118 102 12]
[118 79 44]
[118 78 44]
[118 81 43]
[118 82 43]
[118 91 38]
[118 87 40]
[118 98 16]
[118 100 17]
[118 102 11]
[118 101 11]
[118 88 38]
[118 89 39]
[118 90 39]
[118 102 16]
[118 101 17]
[118 100 9]
[118 99 19]
[118 98 19]
[118 72 42]
[118 72 43]
[118 74 44]
[118 74 43]
[118 84 44]
[118 82 44]
[119 97 20]
[119 103 13]
[119 102 13]
[119 103 15]
[119 75 45]
[119 75 44]
[119 90 40]
[119 71 42]
[119 71 43]
[119 84 45]
[119 83 45]
[119 83 44]
[119 101 10]
[119 71 44]
[119 72 44]
[119 80 44]
[119 81 44]
[119 73 44]
[119 87 39]
[119 100 18]
[119 100 20]
[119 99 20]
[119 100 19]
[119 92 39]
[119 91 39]
[119 89 42]
[119 78 45]
[119 76 45]
[119 102 17]
[119 102 18]
[119 101 18]
[119 77 45]
[119 79 45]
[119 80 43]
[120 74 46]
[120 73 45]
[120 74 45]
[120 70 42]
[120 80 46]
[120 80 45]
[120 79 46]
[120 100 21]
[120 98 21]
[120 89 43]
[120 103 19]
[120 101 19]
[120 70 44]
[120 101 20]
[120 101 21]
[120 99 21]
[120 91 40]
[120 92 40]
[120 102 19]
[120 91 41]
[120 90 41]
[120 82 45]
[120 78 46]
[120 77 46]
[120 103 14]
[120 104 14]
[120 76 46]
[121 102 20]
[121 90 42]
[121 70 43]
[121 72 46]
[121 75 47]
[121 76 47]
[121 102 22]
[121 103 20]
[121 104 19]
[121 104 15]
[121 82 46]
[121 81 45]
[121 75 46]
[121 73 46]
[121 92 41]
[121 93 39]
[121 93 41]
[121 70 41]
[121 105 13]
[121 104 13]
[121 103 18]
[121 98 20]
[121 74 47]
[121 91 42]
[121 78 47]
[121 80 47]
[121 79 47]
[121 88 42]
[121 102 21]
[122 103 22]
[122 81 47]
[122 101 22]
[122 102 23]
[122 105 12]
[122 105 14]
[122 78 48]
[122 77 48]
[122 73 47]
[122 72 45]
[122 87 43]
[122 105 15]
[122 105 16]
[122 76 48]
[122 75 48]
[122 74 48]
[122 92 38]
[122 94 40]
[122 94 38]
[122 94 39]
[122 93 40]
[122 93 38]
[122 94 41]
[122 104 21]
[122 104 20]
[122 73 48]
[123 106 17]
[123 106 16]
[123 106 15]
[123 74 49]
[123 95 41]
[123 103 23]
[123 104 23]
[123 104 22]
[123 77 47]
[123 76 49]
[123 72 49]
[123 72 48]
[123 94 37]
[123 93 37]
[123 95 37]
[123 95 39]
[123 95 40]
[123 86 43]
[123 87 44]
[123 88 43]
[123 87 42]
[123 103 21]
[123 106 13]
[123 106 14]
[123 75 49]
[123 105 21]
[123 92 37]
[123 81 46]
[123 72 47]
[123 105 11]
[123 106 12]
[124 107 15]
[124 107 17]
[124 105 17]
[124 105 22]
[124 71 50]
[124 73 50]
[124 71 49]
[124 94 36]
[124 107 16]
[124 106 22]
[124 105 20]
[124 106 21]
[124 95 36]
[124 95 38]
[124 96 38]
[124 85 44]
[124 86 44]
[124 96 39]
[124 107 12]
[124 107 13]
[124 73 49]
[124 96 40]
[124 96 41]
[124 104 24]
[124 105 24]
[124 107 14]
[124 106 11]
[124 105 10]
[125 72 50]
[125 70 49]
[125 71 48]
[125 108 17]
[125 105 23]
[125 97 39]
[125 107 22]
[125 97 38]
[125 105 25]
[125 106 25]
[125 106 10]
[125 108 12]
[125 108 13]
[125 72 51]
[125 70 50]
[125 107 11]
[125 97 40]
[125 108 16]
[125 108 18]
[125 104 10]
[125 104 11]
[125 106 9]
[125 105 9]
[126 69 49]
[126 107 24]
[126 105 8]
[126 106 8]
[126 98 39]
[126 108 11]
[126 108 10]
[126 71 51]
[126 73 51]
[126 109 18]
[126 106 23]
[126 107 23]
[126 109 13]
[126 108 14]
[126 109 12]
[126 107 9]
[126 108 15]
[126 109 16]
[126 107 8]
[126 71 52]
[127 70 53]
[127 70 51]
[127 72 52]
[127 70 52]
[127 108 23]
[127 106 24]
[127 109 14]
[127 110 14]
[127 98 40]
[127 110 17]
[127 110 19]
[127 109 17]
[127 109 19]
[127 109 15]
[127 73 52]
[127 68 49]
[127 68 50]
[127 107 10]
[127 107 25]
[127 110 16]
[128 69 53]
[128 110 15]
[128 111 16]
[128 111 15]
[128 111 17]
[128 69 50]
[128 67 50]
[128 110 18]
[128 111 18]
[128 111 19]
[128 110 20]
[128 111 20]
[128 71 53]
[128 69 52]
[128 108 24]
[129 112 19]
[129 112 17]
[129 112 18]
[129 72 54]
[129 72 53]
[129 70 54]
[129 68 53]
[129 69 54]
[129 111 21]
[129 112 21]
[129 112 20]
[129 69 51]
[129 68 51]
[129 67 51]
[129 66 51]
[130 67 52]
[130 113 16]
[130 113 19]
[130 113 20]
[130 113 18]
[130 71 55]
[130 70 55]
[130 68 52]
[130 113 21]
[130 112 22]
[130 66 52]
[130 68 54]
[130 67 54]
[130 71 54]
[130 68 55]
[130 69 55]
[130 73 54]
[131 114 16]
[131 112 16]
[131 114 17]
[131 67 53]
[131 66 55]
[131 67 55]
[131 114 22]
[131 74 54]
[131 72 55]
[131 71 56]
[131 70 56]
[131 114 18]
[131 113 17]
[131 67 56]
[131 114 20]
[131 112 23]
[131 68 56]
[132 115 21]
[132 114 21]
[132 115 23]
[132 114 23]
[132 113 22]
[132 114 19]
[132 115 19]
[132 69 56]
[132 68 57]
[132 115 17]
[132 115 15]
[132 115 16]
[132 113 23]
[132 111 24]
[132 111 23]
[132 112 24]
[132 66 56]
[132 67 57]
[132 66 57]
[132 65 55]
[132 66 54]
[132 65 56]
[132 70 57]
[132 72 57]
[132 73 56]
[132 72 56]
[133 115 18]
[133 115 20]
[133 115 24]
[133 113 24]
[133 115 22]
[133 114 24]
[133 65 57]
[133 114 15]
[133 116 16]
[133 116 17]
[133 65 54]
[133 64 56]
[133 64 55]
[133 71 57]
[133 116 23]
[133 116 24]
[133 116 22]
[133 116 18]
[133 67 58]
[133 72 58]
[133 73 58]
[133 74 56]
[133 73 55]
[133 74 55]
[133 73 57]
[133 74 57]
[133 66 58]
[133 69 57]
[133 68 58]
[133 69 58]
[133 71 58]
[134 117 24]
[134 75 58]
[134 75 56]
[134 70 58]
[134 65 58]
[134 113 25]
[134 116 21]
[134 116 19]
[134 116 20]
[134 67 59]
[134 117 17]
[134 63 57]
[134 63 56]
[134 115 25]
[134 116 25]
[134 65 53]
[134 66 53]
[134 64 53]
[134 63 55]
[134 64 54]
[134 66 59]
[134 68 59]
[134 117 23]
[134 74 58]
[134 73 59]
[134 71 59]
[134 69 59]
[135 118 24]
[135 117 25]
[135 64 58]
[135 64 57]
[135 62 56]
[135 62 58]
[135 76 57]
[135 113 26]
[135 114 25]
[135 68 60]
[135 75 57]
[135 64 52]
[135 62 54]
[135 63 54]
[135 63 53]
[135 76 56]
[135 117 19]
[135 117 21]
[135 65 60]
[135 66 60]
[135 65 59]
[135 67 60]
[135 69 60]
[135 70 59]
[135 72 60]
[135 72 59]
[135 117 22]
[135 118 23]
[135 65 52]
[135 62 55]
[135 117 20]
[135 117 18]
[135 70 60]
[136 114 26]
[136 71 60]
[136 61 58]
[136 61 57]
[136 63 58]
[136 63 59]
[136 119 23]
[136 119 24]
[136 62 53]
[136 61 56]
[136 64 60]
[136 65 61]
[136 64 61]
[136 66 61]
[136 69 61]
[136 71 61]
[136 64 59]
[136 115 26]
[136 73 61]
[136 63 51]
[136 63 52]
[136 62 52]
[136 61 53]
[136 67 61]
[136 61 55]
[136 68 61]
[136 118 22]
[136 118 26]
[136 118 25]
[136 117 26]
[137 60 56]
[137 60 54]
[137 62 59]
[137 62 60]
[137 62 57]
[137 62 51]
[137 61 51]
[137 61 52]
[137 69 62]
[137 60 57]
[137 60 59]
[137 60 53]
[137 70 61]
[137 119 25]
[137 68 62]
[137 70 62]
[137 118 27]
[137 116 26]
[137 66 62]
[137 67 62]
[137 63 60]
[137 63 61]
[137 119 22]
[137 120 24]
[137 64 62]
[137 65 62]
[137 74 62]
[137 74 61]
[137 72 62]
[137 118 21]
[138 68 63]
[138 69 63]
[138 71 63]
[138 70 63]
[138 60 58]
[138 59 55]
[138 63 62]
[138 64 63]
[138 63 63]
[138 65 63]
[138 74 60]
[138 60 51]
[138 61 50]
[138 62 61]
[138 120 25]
[138 116 27]
[138 115 27]
[138 117 27]
[138 117 28]
[138 119 28]
[138 59 56]
[138 59 57]
[138 59 58]
[138 66 63]
[138 67 63]
[138 73 62]
[138 73 63]
[138 120 23]
[138 62 62]
[138 61 59]
[138 61 61]
[138 61 60]
[138 59 53]
[138 59 54]
[138 59 52]
[138 60 52]
[138 71 62]
[138 72 61]
[138 72 63]
[139 58 54]
[139 114 27]
[139 116 28]
[139 115 28]
[139 60 50]
[139 59 51]
[139 59 50]
[139 69 64]
[139 67 64]
[139 66 64]
[139 65 64]
[139 118 28]
[139 58 57]
[139 58 56]
[139 58 58]
[139 119 26]
[139 72 64]
[139 73 64]
[139 58 53]
[139 60 55]
[139 70 64]
[139 60 60]
[139 60 61]
[139 64 64]
[139 63 64]
[139 62 63]
[139 61 62]
[139 58 59]
[139 59 59]
[139 119 27]
[139 120 28]
[139 116 29]
[139 118 29]
[139 58 55]
[139 73 60]
[139 71 64]
[140 59 62]
[140 60 62]
[140 63 65]
[140 64 65]
[140 62 65]
[140 120 29]
[140 120 27]
[140 57 59]
[140 59 60]
[140 58 60]
[140 60 49]
[140 58 49]
[140 59 49]
[140 118 30]
[140 57 58]
[140 68 65]
[140 69 65]
[140 117 30]
[140 73 65]
[140 67 65]
[140 57 57]
[140 57 56]
[140 70 65]
[140 57 53]
[140 57 54]
[140 62 64]
[140 61 63]
[140 61 64]
[140 59 61]
[140 66 65]
[140 72 65]
[140 71 65]
[140 114 28]
[140 57 52]
[140 58 52]
[140 74 64]
[140 74 63]
[140 119 29]
[141 60 64]
[141 56 60]
[141 56 59]
[141 68 66]
[141 67 66]
[141 66 66]
[141 70 66]
[141 73 66]
[141 72 66]
[141 58 61]
[141 75 63]
[141 75 65]
[141 65 65]
[141 63 66]
[141 58 51]
[141 57 51]
[141 56 57]
[141 56 58]
[141 56 53]
[141 57 55]
[141 56 55]
[141 57 49]
[141 58 50]
[141 57 48]
[141 58 48]
[141 121 30]
[141 120 30]
[141 71 66]
[141 74 66]
[141 74 65]
[141 56 56]
[141 60 63]
[141 117 29]
[141 57 60]
[141 57 61]
[141 119 30]
[141 120 26]
[141 64 66]
[141 56 52]
[142 55 59]
[142 56 61]
[142 75 66]
[142 76 64]
[142 65 66]
[142 57 50]
[142 70 67]
[142 71 67]
[142 75 67]
[142 67 67]
[142 68 67]
[142 75 64]
[142 56 50]
[142 56 49]
[142 55 58]
[142 55 57]
[142 69 66]
[142 69 67]
[142 63 67]
[142 62 67]
[142 64 67]
[142 72 67]
[142 121 29]
[142 120 31]
[142 59 64]
[142 59 63]
[142 60 65]
[142 56 54]
[142 55 54]
[142 55 56]
[142 55 55]
[142 56 62]
[142 57 62]
[142 55 53]
[142 66 67]
[142 73 67]
[142 118 31]
[142 119 31]
[142 55 51]
[142 56 51]
[143 54 58]
[143 54 56]
[143 58 63]
[143 74 67]
[143 73 68]
[143 74 68]
[143 72 68]
[143 60 66]
[143 59 65]
[143 59 66]
[143 55 50]
[143 55 49]
[143 54 51]
[143 54 52]
[143 62 68]
[143 61 66]
[143 61 68]
[143 62 66]
[143 63 68]
[143 69 68]
[143 71 68]
[143 120 32]
[143 121 32]
[143 121 31]
[143 76 63]
[143 70 68]
[143 55 61]
[143 65 67]
[143 66 68]
[143 55 48]
[143 56 48]
[143 64 68]
[143 75 68]
[143 76 67]
[143 76 66]
[143 54 57]
[143 54 55]
[143 76 65]
[143 77 64]
[143 77 65]
[143 118 32]
[143 54 53]
[143 54 54]
[143 119 32]
[143 58 64]
[143 58 62]
[143 54 60]
[143 55 60]
[143 67 68]
[143 55 62]
[143 55 52]
[144 64 69]
[144 63 69]
[144 61 65]
[144 53 55]
[144 53 56]
[144 53 57]
[144 55 47]
[144 76 68]
[144 54 59]
[144 53 59]
[144 53 54]
[144 58 65]
[144 74 69]
[144 71 69]
[144 118 33]
[144 119 33]
[144 72 69]
[144 121 33]
[144 54 61]
[144 77 66]
[144 61 67]
[144 58 66]
[144 61 69]
[144 60 67]
[144 60 68]
[144 73 69]
[144 56 47]
[144 53 52]
[144 53 50]
[144 54 50]
[144 65 69]
[144 65 68]
[144 68 68]
[144 69 69]
[144 70 69]
[144 120 33]
[144 55 63]
[144 56 63]
[144 54 63]
[144 59 67]
[144 67 69]
[144 66 69]
[144 68 69]
[144 76 69]
[144 75 69]
[144 54 49]
[144 62 69]
[145 120 34]
[145 119 34]
[145 76 70]
[145 64 70]
[145 65 70]
[145 66 70]
[145 67 70]
[145 68 70]
[145 52 51]
[145 53 51]
[145 52 53]
[145 53 60]
[145 118 34]
[145 73 70]
[145 72 70]
[145 75 70]
[145 71 70]
[145 69 70]
[145 70 70]
[145 57 65]
[145 58 68]
[145 58 67]
[145 59 68]
[145 52 56]
[145 52 55]
[145 52 54]
[145 62 70]
[145 55 64]
[145 54 62]
[145 60 69]
[145 54 48]
[145 54 46]
[145 54 47]
[145 53 49]
[145 52 49]
[145 53 62]
[145 61 70]
[145 60 70]
[145 53 61]
[145 63 70]
[145 57 66]
[145 57 64]
[145 77 67]
[145 53 48]
[146 75 71]
[146 76 71]
[146 69 71]
[146 61 71]
[146 60 71]
[146 70 71]
[146 51 55]
[146 56 64]
[146 59 69]
[146 59 70]
[146 71 71]
[146 121 34]
[146 53 47]
[146 65 71]
[146 66 71]
[146 57 68]
[146 51 51]
[146 51 52]
[146 51 54]
[146 52 48]
[146 68 71]
[146 52 61]
[146 52 63]
[146 54 64]
[146 54 65]
[146 56 65]
[146 51 50]
[146 51 48]
[146 51 49]
[146 52 50]
[146 67 71]
[146 74 71]
[146 56 67]
[146 57 67]
[146 51 53]
[146 53 53]
[146 52 62]
[146 62 71]
[146 64 71]
[146 63 71]
[146 72 71]
[147 75 72]
[147 76 72]
[147 65 72]
[147 66 72]
[147 50 53]
[147 50 54]
[147 56 69]
[147 57 69]
[147 52 52]
[147 53 64]
[147 53 65]
[147 55 65]
[147 53 63]
[147 51 63]
[147 52 64]
[147 51 62]
[147 61 72]
[147 63 72]
[147 56 68]
[147 77 72]
[147 51 47]
[147 73 72]
[147 71 72]
[147 52 60]
[147 51 61]
[147 59 71]
[147 58 70]
[147 55 66]
[147 64 72]
[147 55 68]
[147 60 72]
[147 67 72]
[147 69 72]
[147 68 72]
[147 54 66]
[147 50 50]
[147 50 49]
[147 74 72]
[147 50 47]
[147 52 47]
[147 53 46]
[147 50 55]
[147 50 48]
[148 76 73]
[148 70 72]
[148 72 73]
[148 54 69]
[148 57 70]
[148 56 70]
[148 58 69]
[148 52 46]
[148 49 52]
[148 49 54]
[148 49 53]
[148 74 73]
[148 50 46]
[148 49 50]
[148 50 51]
[148 62 72]
[148 63 73]
[148 62 73]
[148 61 73]
[148 60 73]
[148 67 73]
[148 66 73]
[148 51 64]
[148 52 65]
[148 55 67]
[148 56 66]
[148 54 67]
[148 77 73]
[148 58 72]
[148 59 72]
[148 58 71]
[148 53 66]
[148 55 69]
[148 49 49]
[148 68 73]
[148 55 70]
[148 51 46]
[148 49 48]
[148 50 62]
[148 50 64]
[148 59 73]
[148 50 63]
[149 57 71]
[149 65 74]
[149 65 73]
[149 60 74]
[149 50 52]
[149 55 71]
[149 54 71]
[149 54 70]
[149 59 74]
[149 61 74]
[149 48 50]
[149 49 63]
[149 48 53]
[149 48 51]
[149 49 51]
[149 51 45]
[149 52 45]
[149 53 70]
[149 53 68]
[149 53 69]
[149 72 72]
[149 73 73]
[149 73 74]
[149 67 74]
[149 49 65]
[149 53 67]
[149 54 68]
[149 64 74]
[149 64 73]
[149 62 74]
[149 51 66]
[149 52 66]
[149 70 73]
[149 69 73]
[149 58 73]
[149 57 73]
[149 77 74]
[149 75 73]
[149 50 65]
[149 51 65]
[149 58 74]
[149 48 52]
[149 48 49]
[149 48 47]
[149 49 46]
[149 50 45]
[149 52 67]
[149 68 74]
[149 66 74]
[149 49 62]
[150 53 71]
[150 59 75]
[150 66 75]
[150 57 75]
[150 57 74]
[150 58 75]
[150 57 72]
[150 56 72]
[150 63 74]
[150 47 50]
[150 47 48]
[150 47 49]
[150 50 67]
[150 51 67]
[150 47 52]
[150 47 53]
[150 49 45]
[150 52 68]
[150 75 74]
[150 71 73]
[150 76 74]
[150 76 75]
[150 52 69]
[150 69 74]
[150 49 64]
[150 65 75]
[150 63 75]
[150 72 74]
[150 74 74]
[150 47 51]
[150 68 75]
[150 69 75]
[150 48 45]
[150 47 46]
[150 47 47]
[150 48 46]
[150 54 72]
[150 55 72]
[150 48 66]
[150 50 66]
[150 49 66]
[150 48 65]
[150 64 75]
[150 61 75]
[150 52 70]
[151 56 73]
[151 55 73]
[151 72 75]
[151 73 75]
[151 46 52]
[151 46 51]
[151 46 50]
[151 49 67]
[151 51 71]
[151 51 69]
[151 67 76]
[151 65 76]
[151 66 76]
[151 67 75]
[151 51 68]
[151 47 65]
[151 47 67]
[151 60 76]
[151 60 75]
[151 62 75]
[151 59 76]
[151 71 74]
[151 48 48]
[151 46 49]
[151 47 45]
[151 74 75]
[151 70 75]
[151 69 76]
[151 70 74]
[151 68 76]
[151 53 72]
[151 56 74]
[151 57 76]
[151 56 75]
[151 62 76]
[151 63 76]
[151 54 73]
[151 49 47]
[151 51 70]
[151 48 67]
[151 52 71]
[151 75 75]
[151 75 76]
[151 46 47]
[151 46 48]
[151 48 44]
[151 49 44]
[151 47 44]
[152 69 77]
[152 70 77]
[152 45 49]
[152 45 51]
[152 45 50]
[152 46 44]
[152 58 76]
[152 58 77]
[152 59 77]
[152 73 76]
[152 52 72]
[152 51 72]
[152 55 74]
[152 48 68]
[152 47 66]
[152 46 67]
[152 46 66]
[152 47 68]
[152 64 77]
[152 64 76]
[152 46 53]
[152 45 52]
[152 50 69]
[152 61 77]
[152 55 75]
[152 55 76]
[152 62 77]
[152 61 76]
[152 63 77]
[152 71 75]
[152 49 68]
[152 50 68]
[152 74 76]
[152 56 76]
[152 57 77]
[152 56 77]
[152 50 71]
[152 68 77]
[152 76 76]
[152 76 77]
[152 74 77]
[152 65 77]
[152 45 48]
[152 66 77]
[152 67 77]
[152 50 72]
[152 53 73]
[152 53 74]
[152 54 74]
[153 52 73]
[153 49 72]
[153 49 73]
[153 57 78]
[153 58 78]
[153 70 76]
[153 69 78]
[153 44 48]
[153 45 47]
[153 72 76]
[153 71 76]
[153 62 78]
[153 64 78]
[153 53 75]
[153 54 75]
[153 60 77]
[153 60 78]
[153 48 69]
[153 44 50]
[153 47 69]
[153 61 78]
[153 77 76]
[153 75 77]
[153 44 49]
[153 63 78]
[153 51 73]
[153 52 75]
[153 71 78]
[153 70 78]
[153 71 77]
[153 49 69]
[153 65 78]
[153 66 78]
[153 76 78]
[153 77 78]
[153 75 78]
[153 56 78]
[153 46 68]
[153 45 67]
[153 73 78]
[153 45 44]
[153 46 45]
[153 45 68]
[153 54 77]
[153 54 76]
[153 55 77]
[153 67 78]
[153 68 78]
[153 49 71]
[153 49 70]
[153 50 70]
[154 71 79]
[154 70 79]
[154 69 79]
[154 45 46]
[154 59 78]
[154 44 46]
[154 44 47]
[154 74 78]
[154 76 79]
[154 57 79]
[154 56 79]
[154 55 79]
[154 60 79]
[154 61 79]
[154 46 69]
[154 44 68]
[154 68 79]
[154 67 79]
[154 77 79]
[154 78 77]
[154 51 74]
[154 50 74]
[154 50 73]
[154 47 70]
[154 48 70]
[154 72 78]
[154 48 72]
[154 49 74]
[154 43 47]
[154 63 79]
[154 64 79]
[154 55 78]
[154 53 77]
[154 53 78]
[154 53 76]
[154 72 77]
[154 73 79]
[154 43 48]
[154 58 79]
[154 72 79]
[154 54 78]
[154 62 79]
[154 59 79]
[154 52 74]
[154 65 79]
[154 51 76]
[154 51 75]
[154 52 76]
[154 48 71]
[154 46 70]
[154 66 79]
[155 52 77]
[155 43 45]
[155 44 45]
[155 43 46]
[155 45 45]
[155 73 77]
[155 58 80]
[155 59 80]
[155 60 80]
[155 47 72]
[155 62 80]
[155 48 74]
[155 48 73]
[155 46 71]
[155 47 71]
[155 72 80]
[155 73 80]
[155 71 80]
[155 61 80]
[155 64 80]
[155 67 80]
[155 69 80]
[155 54 79]
[155 55 80]
[155 45 69]
[155 66 80]
[155 68 80]
[155 57 80]
[155 45 70]
[155 53 79]
[155 52 79]
[155 52 78]
[155 74 79]
[155 74 80]
[155 70 80]
[155 45 71]
[156 57 81]
[156 58 81]
[156 52 80]
[156 48 75]
[156 72 81]
[156 70 81]
[156 71 81]
[156 46 72]
[156 47 74]
[156 54 80]
[156 75 79]
[156 74 81]
[156 75 81]
[156 51 78]
[156 51 79]
[156 65 81]
[156 67 81]
[156 62 81]
[156 60 81]
[156 51 77]
[156 69 81]
[156 68 81]
[156 54 81]
[156 56 80]
[156 46 46]
[156 75 80]
[156 44 69]
[156 44 71]
[156 64 81]
[156 63 80]
[156 63 81]
[156 61 81]
[156 66 81]
[156 59 81]
[156 73 81]
[157 69 82]
[157 65 80]
[157 68 82]
[157 58 82]
[157 59 82]
[157 64 82]
[157 74 82]
[157 76 80]
[157 76 81]
[157 46 73]
[157 45 72]
[157 55 81]
[157 50 79]
[157 50 78]
[157 50 80]
[157 53 81]
[157 53 80]
[157 65 82]
[157 67 82]
[157 66 82]
[157 61 82]
[157 75 82]
[157 47 73]
[157 46 74]
[157 46 75]
[157 47 75]
[157 62 82]
[157 50 77]
[157 49 75]
[157 47 76]
[157 71 82]
[157 43 70]
[157 54 82]
[157 55 82]
[157 60 82]
[157 72 82]
[157 73 82]
[157 43 71]
[157 44 72]
[157 51 81]
[157 70 82]
[158 49 81]
[158 69 83]
[158 49 76]
[158 50 75]
[158 67 83]
[158 68 83]
[158 52 81]
[158 75 83]
[158 74 83]
[158 72 83]
[158 42 70]
[158 42 71]
[158 44 70]
[158 43 69]
[158 59 83]
[158 61 83]
[158 48 76]
[158 46 76]
[158 63 83]
[158 62 83]
[158 52 82]
[158 50 81]
[158 51 82]
[158 45 74]
[158 60 83]
[158 43 73]
[158 43 72]
[158 45 73]
[158 50 76]
[158 73 83]
[158 70 83]
[158 58 83]
[158 53 82]
[158 65 83]
[158 64 83]
[158 66 83]
[158 49 78]
[158 51 80]
[158 49 79]
[158 45 75]
[158 77 81]
[158 54 83]
[158 76 83]
[158 76 82]
[158 71 83]
[158 55 83]
[158 56 82]
[159 47 77]
[159 48 77]
[159 44 74]
[159 41 71]
[159 49 77]
[159 44 73]
[159 77 82]
[159 76 84]
[159 75 84]
[159 77 83]
[159 42 72]
[159 43 74]
[159 42 74]
[159 48 79]
[159 49 80]
[159 44 76]
[159 45 76]
[159 53 84]
[159 54 84]
[159 59 84]
[159 61 84]
[159 62 84]
[159 63 82]
[159 52 83]
[159 68 84]
[159 70 84]
[159 69 84]
[159 71 84]
[159 72 84]
[159 60 84]
[159 42 73]
[159 74 84]
[159 55 84]
[159 66 84]
[159 65 84]
[159 63 84]
[159 48 78]
[159 78 82]
[159 78 80]
[159 58 84]
[159 56 83]
[159 48 80]
[159 48 82]
[159 67 84]
[160 77 85]
[160 76 85]
[160 77 84]
[160 61 85]
[160 63 85]
[160 70 85]
[160 54 85]
[160 53 83]
[160 71 85]
[160 47 80]
[160 47 81]
[160 44 75]
[160 44 77]
[160 46 77]
[160 59 85]
[160 43 77]
[160 47 78]
[160 78 83]
[160 78 81]
[160 41 72]
[160 41 74]
[160 68 85]
[160 66 85]
[160 62 85]
[160 64 84]
[160 52 84]
[160 51 83]
[160 51 84]
[160 77 80]
[160 47 79]
[160 48 81]
[160 47 82]
[160 56 84]
[160 56 85]
[160 73 84]
[160 73 85]
[160 74 85]
[160 57 84]
[160 57 85]
[160 57 83]
[160 40 72]
[160 57 82]
[160 43 75]
[160 52 85]
[160 78 84]
[160 69 85]
[160 46 78]
[160 42 75]
[160 60 85]
[161 60 86]
[161 72 85]
[161 75 86]
[161 77 86]
[161 76 86]
[161 58 86]
[161 56 86]
[161 64 85]
[161 62 86]
[161 72 86]
[161 71 86]
[161 70 86]
[161 40 73]
[161 40 71]
[161 41 75]
[161 69 86]
[161 58 85]
[161 53 86]
[161 55 86]
[161 55 85]
[161 74 86]
[161 75 85]
[161 45 77]
[161 45 78]
[161 48 83]
[161 47 83]
[161 46 81]
[161 51 85]
[161 46 82]
[161 46 80]
[161 45 79]
[161 46 79]
[161 41 76]
[161 50 83]
[161 67 86]
[161 51 86]
[161 57 86]
[161 39 72]
[161 44 78]
[161 42 76]
[161 68 86]
[161 43 78]
[161 42 77]
[161 43 76]
[161 42 78]
[161 65 85]
[161 50 84]
[161 50 82]
[161 67 85]
[162 45 81]
[162 45 82]
[162 73 87]
[162 73 86]
[162 59 87]
[162 59 86]
[162 58 87]
[162 72 87]
[162 71 87]
[162 70 87]
[162 44 79]
[162 45 80]
[162 40 77]
[162 40 75]
[162 40 76]
[162 49 83]
[162 40 74]
[162 41 73]
[162 67 87]
[162 50 87]
[162 52 86]
[162 51 87]
[162 39 71]
[162 39 70]
[162 38 72]
[162 41 79]
[162 41 77]
[162 41 78]
[162 42 79]
[162 61 87]
[162 61 86]
[162 48 84]
[162 47 84]
[162 64 86]
[162 54 86]
[162 54 87]
[162 55 87]
[162 52 87]
[162 66 86]
[162 75 87]
[162 76 87]
[162 77 87]
[162 78 87]
[162 49 84]
[162 49 85]
[162 50 85]
[162 68 87]
[162 43 79]
[162 57 87]
[162 56 87]
[162 65 86]
[162 62 87]
[162 63 86]
[163 60 87]
[163 48 85]
[163 63 87]
[163 64 87]
[163 65 87]
[163 56 88]
[163 57 88]
[163 58 88]
[163 77 88]
[163 79 87]
[163 78 88]
[163 78 86]
[163 76 88]
[163 40 78]
[163 39 76]
[163 72 88]
[163 70 88]
[163 49 82]
[163 42 80]
[163 53 85]
[163 44 80]
[163 39 74]
[163 44 81]
[163 45 83]
[163 62 88]
[163 44 82]
[163 38 69]
[163 38 71]
[163 60 88]
[163 46 85]
[163 47 85]
[163 46 84]
[163 39 73]
[163 37 73]
[163 38 73]
[163 37 72]
[163 48 86]
[163 75 88]
[163 54 88]
[163 39 77]
[163 39 75]
[163 55 88]
[163 66 87]
[163 66 88]
[163 68 88]
[163 73 88]
[163 71 88]
[163 53 88]
[163 40 79]
[163 51 88]
[163 50 88]
[163 52 88]
[163 74 88]
[163 43 80]
[163 41 80]
[163 50 86]
[163 49 87]
[164 48 87]
[164 48 88]
[164 40 80]
[164 64 88]
[164 65 88]
[164 67 88]
[164 74 87]
[164 74 89]
[164 43 81]
[164 43 83]
[164 44 83]
[164 62 89]
[164 63 88]
[164 58 89]
[164 57 89]
[164 56 89]
[164 37 70]
[164 38 75]
[164 55 89]
[164 36 72]
[164 37 71]
[164 67 89]
[164 66 89]
[164 53 89]
[164 52 89]
[164 51 89]
[164 53 87]
[164 36 73]
[164 38 74]
[164 37 74]
[164 77 89]
[164 47 86]
[164 49 86]
[164 45 84]
[164 45 86]
[164 46 86]
[164 42 81]
[164 41 81]
[164 38 76]
[164 59 88]
[164 61 89]
[164 61 88]
[164 69 88]
[164 54 89]
[164 38 70]
[164 38 68]
[164 37 69]
[164 37 68]
[164 71 89]
[164 72 89]
[164 73 89]
[164 78 85]
[164 44 84]
[164 46 83]
[164 70 89]
[164 50 89]
[164 49 89]
[164 47 87]
[164 39 78]
[164 39 79]
[165 71 90]
[165 73 90]
[165 72 90]
[165 62 90]
[165 63 89]
[165 64 89]
[165 42 82]
[165 43 82]
[165 69 89]
[165 60 90]
[165 44 85]
[165 43 84]
[165 53 90]
[165 56 90]
[165 45 85]
[165 75 89]
[165 67 90]
[165 66 90]
[165 36 70]
[165 78 90]
[165 76 89]
[165 78 89]
[165 77 90]
[165 47 88]
[165 46 88]
[165 65 89]
[165 54 90]
[165 55 90]
[165 37 75]
[165 60 89]
[165 35 72]
[165 35 74]
[165 40 81]
[165 36 71]
[165 48 89]
[165 49 90]
[165 68 89]
[165 37 77]
[165 37 76]
[165 38 80]
[165 42 83]
[165 42 84]
[165 36 74]
[165 36 75]
[165 47 89]
[165 49 88]
[165 36 69]
[165 38 67]
[165 37 67]
[165 70 90]
[165 46 87]
[165 39 80]
[165 45 87]
[165 44 86]
[165 50 90]
[165 51 90]
[165 38 77]
[166 41 82]
[166 41 83]
[166 79 89]
[166 77 91]
[166 79 90]
[166 35 73]
[166 34 74]
[166 34 73]
[166 41 85]
[166 39 81]
[166 40 82]
[166 68 90]
[166 78 91]
[166 76 91]
[166 47 90]
[166 36 76]
[166 35 75]
[166 76 90]
[166 75 90]
[166 50 91]
[166 52 91]
[166 52 90]
[166 74 90]
[166 63 91]
[166 61 90]
[166 61 91]
[166 45 88]
[166 45 89]
[166 46 89]
[166 64 90]
[166 53 91]
[166 55 91]
[166 43 87]
[166 44 87]
[166 35 70]
[166 35 71]
[166 56 91]
[166 54 91]
[166 38 79]
[166 37 81]
[166 36 78]
[166 36 77]
[166 70 91]
[166 65 90]
[166 43 86]
[166 34 72]
[166 46 90]
[166 57 91]
[166 49 91]
[166 59 90]
[166 60 91]
[166 43 85]
[166 42 85]
[166 39 66]
[166 39 67]
[166 51 91]
[166 71 91]
[166 72 91]
[166 69 90]
[166 69 91]
[166 74 91]
[166 36 68]
[166 35 68]
[166 66 91]
[166 38 66]
[166 36 67]
[166 38 81]
[167 75 91]
[167 73 91]
[167 56 92]
[167 58 91]
[167 65 91]
[167 53 92]
[167 52 92]
[167 33 72]
[167 48 91]
[167 50 92]
[167 55 92]
[167 41 84]
[167 42 86]
[167 41 86]
[167 62 91]
[167 64 92]
[167 62 92]
[167 35 77]
[167 35 76]
[167 77 92]
[167 79 92]
[167 70 92]
[167 69 92]
[167 76 92]
[167 75 92]
[167 34 71]
[167 37 82]
[167 36 80]
[167 37 78]
[167 37 79]
[167 38 78]
[167 37 80]
[167 72 92]
[167 71 92]
[167 59 92]
[167 59 91]
[167 60 92]
[167 33 71]
[167 46 91]
[167 47 91]
[167 44 89]
[167 34 67]
[167 68 91]
[167 59 89]
[167 35 78]
[167 34 75]
[167 45 91]
[167 45 90]
[167 44 88]
[167 40 65]
[167 42 87]
[167 43 88]
[167 79 88]
[167 67 91]
[167 49 92]
[167 79 91]
[167 54 92]
[167 38 82]
[167 42 88]
[167 34 70]
[167 68 92]
[167 40 83]
[167 39 83]
[167 40 85]
[167 67 92]
[167 39 65]
[167 35 69]
[168 35 79]
[168 36 79]
[168 32 72]
[168 66 92]
[168 68 93]
[168 32 71]
[168 32 70]
[168 33 70]
[168 65 92]
[168 64 91]
[168 69 93]
[168 44 90]
[168 43 89]
[168 34 76]
[168 40 84]
[168 39 82]
[168 54 93]
[168 53 93]
[168 77 93]
[168 78 92]
[168 78 93]
[168 61 92]
[168 60 93]
[168 47 92]
[168 48 92]
[168 41 88]
[168 41 87]
[168 50 93]
[168 51 93]
[168 51 92]
[168 46 92]
[168 36 83]
[168 38 83]
[168 36 81]
[168 57 92]
[168 57 93]
[168 56 93]
[168 72 93]
[168 58 90]
[168 48 90]
[168 34 68]
[168 70 93]
[168 59 93]
[168 34 78]
[168 34 77]
[168 38 84]
[168 39 84]
[168 64 93]
[168 63 92]
[168 63 93]
[168 62 93]
[168 61 93]
[168 74 93]
[168 74 92]
[168 73 92]
[168 71 93]
[168 73 93]
[169 50 94]
[169 34 69]
[169 32 69]
[169 75 93]
[169 31 73]
[169 31 72]
[169 31 71]
[169 32 73]
[169 58 94]
[169 58 92]
[169 58 93]
[169 56 94]
[169 52 94]
[169 39 85]
[169 33 69]
[169 33 68]
[169 36 84]
[169 35 83]
[169 31 70]
[169 47 93]
[169 37 84]
[169 69 94]
[169 67 93]
[169 67 94]
[169 33 75]
[169 33 77]
[169 33 76]
[169 33 78]
[169 37 83]
[169 78 94]
[169 79 94]
[169 79 93]
[169 66 93]
[169 57 90]
[169 45 92]
[169 63 94]
[169 62 94]
[169 68 94]
[169 65 93]
[169 73 94]
[169 40 88]
[169 40 87]
[169 40 86]
[169 35 80]
[169 34 79]
[169 59 94]
[169 53 94]
[169 55 94]
[169 55 93]
[169 54 94]
[169 71 94]
[169 70 94]
[169 72 94]
[169 65 94]
[169 48 93]
[169 57 94]
[169 36 82]
[169 35 81]
[169 35 82]
[169 42 89]
[170 48 94]
[170 46 93]
[170 73 95]
[170 71 95]
[170 72 95]
[170 32 74]
[170 33 73]
[170 32 68]
[170 31 68]
[170 30 73]
[170 30 74]
[170 67 95]
[170 69 95]
[170 32 77]
[170 32 76]
[170 66 94]
[170 53 95]
[170 34 84]
[170 34 82]
[170 35 84]
[170 32 75]
[170 34 81]
[170 37 85]
[170 36 85]
[170 32 78]
[170 55 95]
[170 56 95]
[170 68 95]
[170 45 93]
[170 77 95]
[170 77 94]
[170 78 95]
[170 49 94]
[170 49 93]
[170 64 94]
[170 33 79]
[170 74 95]
[170 74 94]
[170 42 90]
[170 41 89]
[170 41 90]
[170 43 90]
[170 62 95]
[170 61 94]
[170 63 95]
[170 61 95]
[170 30 71]
[170 70 95]
[170 39 87]
[170 39 86]
[170 30 72]
[170 30 70]
[170 58 95]
[170 60 95]
[170 52 95]
[170 52 93]
[170 64 95]
[170 76 94]
[170 75 94]
[170 76 93]
[170 39 88]
[170 39 89]
[171 38 88]
[171 38 86]
[171 56 96]
[171 55 96]
[171 32 79]
[171 29 72]
[171 65 95]
[171 76 95]
[171 68 96]
[171 67 96]
[171 69 96]
[171 31 77]
[171 29 70]
[171 31 76]
[171 31 78]
[171 76 96]
[171 40 90]
[171 38 90]
[171 33 74]
[171 29 74]
[171 31 74]
[171 29 73]
[171 75 95]
[171 41 91]
[171 42 91]
[171 40 91]
[171 59 95]
[171 57 96]
[171 60 94]
[171 61 96]
[171 71 96]
[171 77 96]
[171 78 96]
[171 70 96]
[171 75 96]
[171 74 96]
[171 46 94]
[171 47 95]
[171 47 94]
[171 35 86]
[171 64 96]
[171 34 83]
[171 33 83]
[171 51 94]
[171 52 96]
[171 53 96]
[171 51 96]
[171 38 85]
[171 50 95]
[171 48 95]
[171 49 95]
[171 72 96]
[171 62 96]
[171 30 75]
[171 31 75]
[171 63 96]
[171 65 96]
[171 34 85]
[171 30 69]
[171 33 80]
[171 33 82]
[171 29 71]
[171 29 69]
[171 43 91]
[171 54 95]
[171 31 67]
[171 32 67]
[171 38 89]
[171 66 95]
[171 33 81]
[172 73 96]
[172 73 97]
[172 30 78]
[172 60 96]
[172 58 96]
[172 34 87]
[172 35 87]
[172 36 86]
[172 28 69]
[172 30 68]
[172 55 97]
[172 32 66]
[172 30 67]
[172 31 66]
[172 69 97]
[172 68 97]
[172 30 76]
[172 29 75]
[172 39 91]
[172 39 90]
[172 32 81]
[172 78 97]
[172 77 97]
[172 53 97]
[172 50 97]
[172 51 95]
[172 44 92]
[172 71 97]
[172 70 97]
[172 63 97]
[172 66 96]
[172 29 68]
[172 62 97]
[172 52 97]
[172 51 97]
[172 31 80]
[172 76 97]
[172 75 97]
[172 37 90]
[172 37 89]
[172 38 91]
[172 37 91]
[172 32 82]
[172 34 80]
[172 33 66]
[172 33 67]
[172 57 97]
[172 57 95]
[172 41 92]
[172 28 75]
[172 66 97]
[172 37 87]
[172 38 87]
[172 58 97]
[172 28 72]
[172 30 77]
[172 50 96]
[172 40 92]
[172 32 83]
[172 37 88]
[172 28 73]
[172 33 86]
[172 33 85]
[172 33 84]
[172 34 86]
[172 35 85]
[172 46 96]
[172 48 96]
[172 67 97]
[172 74 97]
[172 28 70]
[172 28 71]
[173 48 97]
[173 47 96]
[173 30 66]
[173 29 67]
[173 32 80]
[173 31 79]
[173 30 80]
[173 31 81]
[173 59 96]
[173 59 97]
[173 37 92]
[173 78 98]
[173 76 98]
[173 77 98]
[173 40 89]
[173 36 89]
[173 69 98]
[173 67 98]
[173 68 98]
[173 29 79]
[173 30 79]
[173 57 98]
[173 32 87]
[173 33 87]
[173 41 93]
[173 42 93]
[173 40 93]
[173 58 98]
[173 56 97]
[173 56 98]
[173 29 77]
[173 29 76]
[173 31 82]
[173 54 98]
[173 54 96]
[173 55 98]
[173 54 97]
[173 35 88]
[173 36 87]
[173 38 92]
[173 74 98]
[173 65 98]
[173 65 97]
[173 53 98]
[173 34 88]
[173 27 73]
[173 27 72]
[173 27 70]
[173 64 98]
[173 39 93]
[173 36 91]
[173 51 98]
[173 49 96]
[173 27 74]
[173 37 86]
[173 70 98]
[173 71 98]
[173 32 86]
[173 32 84]
[173 46 95]
[173 47 97]
[173 46 97]
[173 45 96]
[173 43 92]
[173 43 93]
[173 27 71]
[173 72 98]
[173 72 97]
[173 73 98]
[173 49 97]
[173 28 76]
[173 61 98]
[173 63 98]
[173 28 74]
[173 36 88]
[174 50 98]
[174 51 99]
[174 31 85]
[174 31 83]
[174 56 99]
[174 57 99]
[174 54 99]
[174 29 78]
[174 35 91]
[174 35 92]
[174 44 94]
[174 42 94]
[174 43 94]
[174 44 93]
[174 77 99]
[174 78 99]
[174 48 98]
[174 28 78]
[174 28 80]
[174 33 88]
[174 32 88]
[174 31 88]
[174 31 87]
[174 76 99]
[174 75 99]
[174 30 82]
[174 35 89]
[174 39 94]
[174 40 94]
[174 69 99]
[174 26 74]
[174 26 72]
[174 28 77]
[174 74 99]
[174 58 99]
[174 45 98]
[174 47 98]
[174 36 90]
[174 35 90]
[174 28 66]
[174 29 66]
[174 41 94]
[174 42 92]
[174 62 98]
[174 60 97]
[174 62 99]
[174 36 92]
[174 73 99]
[174 72 99]
[174 79 99]
[174 29 81]
[174 29 80]
[174 45 95]
[174 64 99]
[174 63 99]
[174 31 86]
[174 32 85]
[174 27 77]
[174 49 98]
[174 68 99]
[174 66 98]
[174 64 97]
[174 38 93]
[174 39 92]
[174 26 75]
[174 27 75]
[174 45 97]
[174 44 97]
[174 26 73]
[174 65 99]
[175 46 98]
[175 44 98]
[175 74 100]
[175 75 98]
[175 73 100]
[175 75 100]
[175 31 89]
[175 32 89]
[175 33 89]
[175 61 99]
[175 62 100]
[175 68 100]
[175 57 100]
[175 29 82]
[175 30 81]
[175 27 78]
[175 26 78]
[175 26 76]
[175 26 77]
[175 53 99]
[175 55 99]
[175 55 100]
[175 53 100]
[175 54 100]
[175 30 87]
[175 31 84]
[175 30 86]
[175 30 84]
[175 25 74]
[175 72 100]
[175 64 100]
[175 25 71]
[175 26 71]
[175 25 73]
[175 25 76]
[175 27 76]
[175 25 75]
[175 44 95]
[175 47 99]
[175 63 100]
[175 65 100]
[175 41 95]
[175 34 92]
[175 35 93]
[175 34 91]
[175 34 93]
[175 36 93]
[175 45 94]
[175 39 95]
[175 38 95]
[175 45 99]
[175 46 99]
[175 30 83]
[175 28 81]
[175 28 79]
[175 27 81]
[175 56 100]
[175 37 93]
[175 38 94]
[175 66 99]
[175 66 100]
[175 44 96]
[175 43 96]
[175 67 99]
[175 78 100]
[175 79 98]
[175 34 90]
[175 49 99]
[175 52 99]
[175 51 100]
[175 34 89]
[175 59 98]
[175 59 99]
[175 43 95]
[175 25 72]
[175 42 95]
[175 61 97]
[175 77 100]
[175 50 99]
[176 44 99]
[176 43 98]
[176 35 94]
[176 34 94]
[176 42 96]
[176 41 96]
[176 30 85]
[176 52 101]
[176 50 101]
[176 24 73]
[176 33 90]
[176 60 98]
[176 66 101]
[176 30 89]
[176 31 90]
[176 30 90]
[176 30 88]
[176 32 90]
[176 62 101]
[176 64 101]
[176 59 100]
[176 58 100]
[176 60 100]
[176 36 94]
[176 55 101]
[176 57 101]
[176 26 81]
[176 26 80]
[176 27 80]
[176 73 101]
[176 71 101]
[176 37 94]
[176 67 100]
[176 68 101]
[176 33 91]
[176 24 71]
[176 39 96]
[176 38 96]
[176 40 96]
[176 40 95]
[176 33 92]
[176 29 83]
[176 42 97]
[176 67 101]
[176 25 70]
[176 63 101]
[176 56 101]
[176 25 77]
[176 25 78]
[176 29 84]
[176 27 79]
[176 52 100]
[176 48 100]
[176 48 99]
[176 52 98]
[176 26 70]
[176 24 72]
[176 24 74]
[176 24 76]
[176 76 100]
[176 76 101]
[176 29 85]
[176 29 86]
[176 27 82]
[176 33 93]
[176 33 94]
[176 26 79]
[176 61 100]
[176 61 101]
[176 24 75]
[176 46 100]
[176 45 100]
[176 29 87]
[176 60 99]
[176 37 95]
[177 60 101]
[177 62 102]
[177 63 102]
[177 61 102]
[177 25 80]
[177 32 93]
[177 32 91]
[177 32 92]
[177 23 76]
[177 24 77]
[177 23 77]
[177 29 90]
[177 59 101]
[177 58 101]
[177 46 101]
[177 47 100]
[177 44 100]
[177 44 101]
[177 45 101]
[177 30 91]
[177 41 97]
[177 38 97]
[177 41 98]
[177 43 97]
[177 49 100]
[177 48 101]
[177 49 101]
[177 29 88]
[177 28 86]
[177 28 88]
[177 34 95]
[177 35 95]
[177 57 102]
[177 55 102]
[177 23 72]
[177 29 89]
[177 71 100]
[177 23 73]
[177 23 74]
[177 26 82]
[177 54 101]
[177 54 102]
[177 60 102]
[177 24 79]
[177 69 101]
[177 31 91]
[177 29 91]
[177 43 99]
[177 49 102]
[177 50 100]
[177 51 101]
[177 51 102]
[177 25 79]
[177 39 97]
[177 40 97]
[177 23 75]
[177 58 102]
[177 25 81]
[177 36 95]
[177 37 96]
[177 37 97]
[177 28 83]
[177 28 84]
[177 52 102]
[177 23 70]
[177 23 71]
[177 42 99]
[177 42 98]
[177 33 95]
[177 28 85]
[178 45 102]
[178 46 102]
[178 56 102]
[178 59 102]
[178 28 89]
[178 53 102]
[178 22 70]
[178 22 71]
[178 24 82]
[178 24 81]
[178 25 82]
[178 47 101]
[178 47 102]
[178 38 98]
[178 22 77]
[178 22 78]
[178 24 78]
[178 33 96]
[178 34 96]
[178 35 96]
[178 48 102]
[178 50 102]
[178 24 80]
[178 43 100]
[178 60 103]
[178 50 103]
[178 49 103]
[178 41 100]
[178 27 89]
[178 28 87]
[178 40 98]
[178 28 90]
[178 27 84]
[178 27 83]
[178 27 85]
[178 30 92]
[178 28 92]
[178 29 92]
[178 28 91]
[178 28 82]
[178 22 73]
[178 59 103]
[178 55 103]
[178 53 101]
[178 51 103]
[178 52 103]
[178 31 92]
[178 31 93]
[178 22 75]
[178 27 86]
[178 22 76]
[178 22 74]
[178 32 95]
[178 70 101]
[178 71 99]
[178 72 101]
[178 22 72]
[178 23 79]
[178 23 78]
[178 36 96]
[178 69 100]
[178 37 98]
[178 36 98]
[178 44 102]
[178 43 102]
[178 43 101]
[179 61 103]
[179 48 103]
[179 50 104]
[179 48 104]
[179 37 99]
[179 39 98]
[179 36 97]
[179 31 94]
[179 21 76]
[179 21 75]
[179 21 77]
[179 45 103]
[179 23 80]
[179 23 81]
[179 23 82]
[179 51 104]
[179 26 84]
[179 32 94]
[179 31 95]
[179 31 96]
[179 21 71]
[179 21 70]
[179 46 103]
[179 27 91]
[179 27 92]
[179 27 90]
[179 26 85]
[179 26 86]
[179 25 83]
[179 23 83]
[179 34 97]
[179 33 97]
[179 42 100]
[179 21 79]
[179 28 93]
[179 30 93]
[179 29 93]
[179 58 103]
[179 59 104]
[179 58 104]
[179 44 103]
[179 47 103]
[179 41 99]
[179 39 99]
[179 40 99]
[179 27 87]
[179 27 88]
[179 21 74]
[179 22 79]
[179 35 97]
[179 55 104]
[179 56 104]
[179 54 104]
[179 40 100]
[179 42 101]
[179 21 78]
[179 21 73]
[179 21 72]
[179 36 99]
[180 56 105]
[180 57 105]
[180 57 103]
[180 57 104]
[180 20 72]
[180 20 73]
[180 47 105]
[180 49 105]
[180 47 104]
[180 25 85]
[180 22 80]
[180 20 74]
[180 50 105]
[180 52 105]
[180 51 105]
[180 52 104]
[180 20 78]
[180 20 77]
[180 46 104]
[180 20 69]
[180 20 71]
[180 22 69]
[180 26 83]
[180 25 84]
[180 32 96]
[180 30 97]
[180 32 97]
[180 24 84]
[180 22 82]
[180 22 83]
[180 24 83]
[180 22 84]
[180 26 88]
[180 25 86]
[180 43 104]
[180 45 104]
[180 44 104]
[180 39 100]
[180 28 94]
[180 29 94]
[180 27 94]
[180 35 99]
[180 30 95]
[180 38 99]
[180 56 103]
[180 54 103]
[180 26 91]
[180 26 92]
[180 26 90]
[180 58 105]
[180 35 98]
[180 38 100]
[180 41 102]
[180 21 80]
[180 37 100]
[180 26 89]
[180 30 94]
[180 20 79]
[180 62 103]
[180 60 104]
[180 49 104]
[180 20 75]
[180 26 87]
[180 34 98]
[180 32 98]
[180 33 98]
[180 55 105]
[180 53 105]
[180 53 103]
[180 27 93]
[180 20 76]
[181 61 104]
[181 59 105]
[181 53 104]
[181 20 70]
[181 19 70]
[181 19 71]
[181 19 72]
[181 21 83]
[181 23 84]
[181 21 84]
[181 24 86]
[181 22 81]
[181 37 101]
[181 26 93]
[181 28 95]
[181 27 95]
[181 24 85]
[181 19 74]
[181 20 81]
[181 42 104]
[181 42 105]
[181 44 105]
[181 48 106]
[181 47 106]
[181 25 91]
[181 25 89]
[181 25 90]
[181 54 105]
[181 53 106]
[181 52 106]
[181 33 99]
[181 19 79]
[181 19 78]
[181 49 106]
[181 48 105]
[181 40 101]
[181 39 101]
[181 24 87]
[181 25 92]
[181 45 105]
[181 25 88]
[181 25 87]
[181 46 105]
[181 29 95]
[181 38 101]
[181 50 106]
[181 23 69]
[181 30 98]
[181 30 96]
[181 29 96]
[181 31 98]
[181 20 80]
[181 56 106]
[181 19 76]
[181 43 105]
[181 43 103]
[181 58 106]
[181 57 106]
[181 31 99]
[181 21 85]
[181 22 85]
[181 21 68]
[181 19 69]
[181 20 68]
[181 19 73]
[181 55 106]
[181 21 82]
[181 21 81]
[181 51 106]
[181 35 100]
[181 36 100]
[181 34 99]
[181 34 100]
[181 40 102]
[181 41 103]
[181 40 103]
[181 41 101]
[182 18 74]
[182 18 73]
[182 18 69]
[182 44 106]
[182 46 106]
[182 18 80]
[182 18 78]
[182 23 86]
[182 23 87]
[182 23 85]
[182 33 100]
[182 39 102]
[182 38 102]
[182 23 88]
[182 42 103]
[182 41 104]
[182 40 104]
[182 20 84]
[182 48 107]
[182 19 81]
[182 19 80]
[182 25 93]
[182 30 99]
[182 29 98]
[182 31 97]
[182 52 107]
[182 51 107]
[182 31 100]
[182 24 89]
[182 26 94]
[182 18 70]
[182 24 91]
[182 24 92]
[182 32 99]
[182 32 100]
[182 19 77]
[182 18 72]
[182 53 107]
[182 57 107]
[182 22 68]
[182 21 67]
[182 41 105]
[182 27 96]
[182 42 106]
[182 20 83]
[182 35 101]
[182 22 86]
[182 36 101]
[182 18 71]
[182 45 106]
[182 20 85]
[182 18 76]
[182 18 77]
[182 18 75]
[182 33 101]
[182 24 90]
[182 43 106]
[182 56 107]
[182 19 68]
[182 37 102]
[182 54 106]
[182 20 82]
[182 49 107]
[183 45 107]
[183 21 86]
[183 22 87]
[183 24 88]
[183 22 88]
[183 23 91]
[183 17 70]
[183 18 68]
[183 17 77]
[183 17 76]
[183 46 107]
[183 19 83]
[183 43 107]
[183 44 107]
[183 41 107]
[183 25 94]
[183 25 95]
[183 26 95]
[183 17 72]
[183 17 74]
[183 54 108]
[183 52 108]
[183 19 82]
[183 24 93]
[183 39 103]
[183 38 103]
[183 26 96]
[183 26 97]
[183 22 67]
[183 23 67]
[183 20 86]
[183 19 84]
[183 19 86]
[183 19 85]
[183 17 78]
[183 29 100]
[183 29 99]
[183 17 81]
[183 17 79]
[183 18 79]
[183 17 80]
[183 18 81]
[183 47 108]
[183 48 108]
[183 17 71]
[183 29 97]
[183 28 97]
[183 36 102]
[183 51 108]
[183 53 108]
[183 34 102]
[183 39 104]
[183 32 101]
[183 50 107]
[183 33 102]
[183 32 102]
[183 34 101]
[183 40 105]
[183 17 75]
[183 49 108]
[183 42 102]
[183 17 73]
[183 18 82]
[184 16 77]
[184 16 78]
[184 16 72]
[184 16 71]
[184 31 102]
[184 31 101]
[184 17 82]
[184 21 87]
[184 28 101]
[184 28 100]
[184 30 100]
[184 30 101]
[184 35 103]
[184 33 103]
[184 32 103]
[184 28 99]
[184 45 108]
[184 54 107]
[184 55 107]
[184 42 108]
[184 40 107]
[184 28 98]
[184 24 95]
[184 35 102]
[184 36 103]
[184 16 82]
[184 16 81]
[184 16 80]
[184 39 106]
[184 50 108]
[184 17 67]
[184 18 84]
[184 18 85]
[184 22 90]
[184 23 90]
[184 23 92]
[184 17 69]
[184 27 97]
[184 25 97]
[184 16 74]
[184 18 83]
[184 16 75]
[184 38 105]
[184 38 104]
[184 43 108]
[184 44 108]
[184 24 67]
[184 21 88]
[184 23 94]
[184 23 93]
[184 24 96]
[184 16 79]
[184 23 89]
[184 22 89]
[184 46 108]
[184 19 87]
[184 18 86]
[184 18 87]
[185 27 100]
[185 15 79]
[185 39 105]
[185 37 106]
[185 37 104]
[185 43 109]
[185 42 107]
[185 42 109]
[185 44 109]
[185 20 88]
[185 19 88]
[185 15 75]
[185 16 73]
[185 15 73]
[185 21 90]
[185 17 86]
[185 17 84]
[185 20 87]
[185 15 81]
[185 15 83]
[185 18 88]
[185 36 104]
[185 37 103]
[185 17 83]
[185 16 68]
[185 34 103]
[185 15 71]
[185 15 72]
[185 22 93]
[185 24 94]
[185 27 98]
[185 27 99]
[185 21 91]
[185 22 91]
[185 22 92]
[185 30 102]
[185 29 102]
[185 29 101]
[185 31 103]
[185 31 104]
[185 32 104]
[185 17 85]
[185 15 80]
[185 15 77]
[185 15 76]
[185 26 98]
[185 15 82]
[185 20 89]
[185 21 89]
[185 25 98]
[185 25 96]
[185 24 97]
[185 24 98]
[185 15 78]
[185 41 108]
[185 40 106]
[185 40 108]
[185 41 106]
[185 39 108]
[185 39 107]
[185 23 95]
[185 34 104]
[186 14 79]
[186 38 106]
[186 38 107]
[186 37 105]
[186 36 105]
[186 19 89]
[186 17 88]
[186 17 87]
[186 17 89]
[186 20 91]
[186 16 85]
[186 16 86]
[186 14 78]
[186 14 76]
[186 15 84]
[186 14 83]
[186 14 84]
[186 16 84]
[186 30 103]
[186 35 104]
[186 16 70]
[186 14 71]
[186 14 77]
[186 23 96]
[186 22 94]
[186 32 105]
[186 33 105]
[186 16 87]
[186 14 82]
[186 14 81]
[186 21 93]
[186 21 92]
[186 14 75]
[186 18 89]
[186 41 110]
[186 41 109]
[186 38 109]
[186 39 109]
[186 26 99]
[186 16 67]
[186 16 69]
[186 23 97]
[186 23 98]
[186 24 99]
[186 25 99]
[186 20 92]
[186 14 74]
[186 14 73]
[186 14 72]
[186 43 110]
[186 15 74]
[186 16 76]
[186 20 90]
[186 40 109]
[186 34 105]
[187 13 78]
[187 13 79]
[187 13 80]
[187 15 85]
[187 16 83]
[187 13 74]
[187 35 105]
[187 36 106]
[187 38 110]
[187 15 86]
[187 18 90]
[187 16 90]
[187 16 89]
[187 16 88]
[187 17 90]
[187 17 68]
[187 15 70]
[187 13 71]
[187 13 70]
[187 35 106]
[187 33 106]
[187 34 106]
[187 19 92]
[187 20 93]
[187 19 93]
[187 19 91]
[187 19 90]
[187 14 80]
[187 13 82]
[187 22 98]
[187 13 76]
[187 40 110]
[187 39 110]
[187 40 111]
[187 13 72]
[187 42 111]
[187 37 107]
[187 13 83]
[187 13 77]
[187 15 87]
[187 20 94]
[187 38 108]
[187 22 96]
[187 22 97]
[187 13 75]
[187 22 95]
[187 14 85]
[188 14 86]
[188 13 85]
[188 14 88]
[188 15 88]
[188 35 107]
[188 34 107]
[188 12 73]
[188 12 71]
[188 13 73]
[188 21 94]
[188 18 92]
[188 18 93]
[188 12 70]
[188 14 70]
[188 14 69]
[188 13 69]
[188 18 91]
[188 16 91]
[188 38 111]
[188 37 111]
[188 37 108]
[188 12 84]
[188 13 84]
[188 12 83]
[188 21 96]
[188 39 111]
[188 41 111]
[188 12 76]
[188 15 90]
[188 12 81]
[188 13 81]
[188 12 82]
[188 15 89]
[188 12 79]
[188 12 75]
[188 12 78]
[188 12 77]
[188 42 110]
[188 21 97]
[188 40 112]
[188 41 112]
[188 12 80]
[188 21 95]
[189 17 92]
[189 13 68]
[189 12 72]
[189 11 73]
[189 11 74]
[189 13 87]
[189 13 86]
[189 14 87]
[189 15 91]
[189 17 91]
[189 16 92]
[189 11 79]
[189 11 80]
[189 36 107]
[189 11 84]
[189 11 82]
[189 34 108]
[189 35 108]
[189 20 95]
[189 20 96]
[189 11 77]
[189 17 93]
[189 17 94]
[189 18 94]
[189 37 109]
[189 36 108]
[189 36 109]
[189 12 68]
[189 12 69]
[189 11 76]
[189 39 112]
[189 12 85]
[189 12 86]
[189 13 88]
[189 14 89]
[189 39 113]
[189 14 90]
[189 11 85]
[189 11 81]
[189 11 70]
[189 11 71]
[189 38 112]
[189 36 112]
[189 37 110]
[189 37 112]
[190 36 111]
[190 14 91]
[190 14 92]
[190 11 78]
[190 10 78]
[190 10 79]
[190 12 74]
[190 10 74]
[190 20 97]
[190 19 95]
[190 35 109]
[190 11 86]
[190 11 83]
[190 10 83]
[190 10 85]
[190 10 84]
[190 12 88]
[190 10 71]
[190 11 69]
[190 10 70]
[190 38 113]
[190 37 113]
[190 16 94]
[190 11 67]
[190 11 68]
[190 12 67]
[190 12 87]
[190 11 87]
[190 11 75]
[190 10 73]
[190 10 75]
[190 19 94]
[190 10 81]
[190 10 82]
[190 16 93]
[190 16 95]
[190 36 110]
[190 15 92]
[190 15 93]
[190 13 90]
[190 39 114]
[190 10 77]
[191 9 83]
[191 9 82]
[191 10 69]
[191 9 71]
[191 9 76]
[191 10 86]
[191 9 85]
[191 38 115]
[191 18 95]
[191 14 94]
[191 14 93]
[191 9 75]
[191 13 93]
[191 13 91]
[191 13 92]
[191 10 88]
[191 11 72]
[191 9 72]
[191 10 72]
[191 37 114]
[191 38 114]
[191 9 84]
[191 9 79]
[191 11 88]
[191 13 89]
[191 12 89]
[191 9 78]
[191 9 77]
[191 10 76]
[191 9 74]
[191 10 68]
[191 12 91]
[191 12 90]
[191 15 94]
[191 19 96]
[191 15 95]
[192 12 92]
[192 12 94]
[192 37 115]
[192 8 78]
[192 8 79]
[192 8 77]
[192 11 92]
[192 11 90]
[192 11 91]
[192 8 74]
[192 9 69]
[192 10 67]
[192 13 94]
[192 8 83]
[192 8 71]
[192 9 70]
[192 8 70]
[192 8 86]
[192 9 86]
[192 8 85]
[192 14 95]
[192 10 87]
[192 9 88]
[192 9 87]
[192 11 89]
[192 18 96]
[192 8 75]
[192 8 76]
[192 8 72]
[192 9 73]
[192 8 80]
[192 10 80]
[192 9 81]
[192 8 81]
[193 7 85]
[193 8 87]
[193 7 81]
[193 8 82]
[193 9 80]
[193 7 73]
[193 8 73]
[193 7 79]
[193 10 90]
[193 7 76]
[193 7 75]
[193 11 93]
[193 12 93]
[193 11 95]
[193 11 94]
[193 12 95]
[193 13 95]
[193 7 71]
[193 7 77]
[193 10 91]
[193 8 88]
[193 8 84]
[193 7 84]
[193 7 78]
[193 8 89]
[193 10 89]
[193 7 80]
[193 7 69]
[193 17 97]
[193 19 97]
[193 18 97]
[193 13 96]
[193 9 68]
[193 7 82]
[193 7 83]
[193 7 70]
[194 6 83]
[194 6 85]
[194 14 96]
[194 6 79]
[194 7 87]
[194 7 88]
[194 20 98]
[194 6 69]
[194 6 70]
[194 8 69]
[194 6 71]
[194 6 84]
[194 6 77]
[194 6 80]
[194 6 81]
[194 6 82]
[194 7 89]
[194 7 74]
[194 7 72]
[194 6 75]
[194 6 76]
[194 6 74]
[194 6 72]
[194 6 78]
[194 17 96]
[194 6 73]
[195 5 78]
[195 5 80]
[195 5 82]
[195 5 83]
[195 6 86]
[195 6 88]
[195 6 87]
[195 7 86]
[195 16 96]
[195 5 69]
[195 5 84]
[195 5 85]
[195 5 71]
[195 5 75]
[195 5 77]
[195 5 79]
[195 5 81]
[195 5 74]
[195 6 89]
[195 5 72]
[196 4 79]
[196 4 84]
[196 4 82]
[196 5 88]
[196 4 73]
[196 4 71]
[196 4 85]
[196 4 81]
[196 4 83]
[196 4 76]
[196 4 77]
[196 5 76]
[196 4 69]
[196 4 70]
[196 5 70]
[196 4 86]
[196 4 80]
[196 4 74]
[196 5 86]
[196 4 78]
[196 5 87]
[196 4 75]
[196 5 89]
[197 3 82]
[197 3 85]
[197 3 77]
[197 3 79]
[197 3 86]
[197 3 76]
[197 3 75]
[197 3 68]
[197 3 78]
[197 4 88]
[197 5 73]
[197 3 74]
[197 3 80]
[197 3 69]
[197 3 70]
[197 4 87]
[197 4 72]
[198 2 86]
[198 2 78]
[198 2 85]
[198 2 87]
[198 2 73]
[198 3 83]
[198 2 82]
[198 2 83]
[198 3 81]
[198 2 74]
[198 2 75]
[198 2 69]
[198 2 68]
[198 3 87]
[198 3 71]
[198 3 72]
[198 2 79]
[198 2 81]
[198 2 77]
[198 2 80]
[199 1 77]
[199 2 76]
[199 1 76]
[199 1 74]
[199 1 83]
[199 2 84]
[199 3 84]
[199 1 82]
[199 1 78]
[199 1 79]
[199 1 81]
[199 2 72]
[199 2 88]
[199 1 69]
[199 1 70]
[199 1 73]
[199 3 73]
[199 1 75]
[199 1 80]
[199 1 87]
[199 1 88]
[200 0 80]
[200 0 81]
[200 0 74]
[200 0 76]
[200 1 89]
[200 0 88]
[200 1 86]
[200 0 87]
[200 0 86]
[200 0 77]
[200 1 72]
[200 1 71]
[200 0 70]
[200 0 69]
[200 2 70]
[200 0 83]
[200 0 82]
[200 0 84]
[200 1 84]
[200 0 73]
[200 0 79]
[200 0 75]
[200 1 85]
[201 -1 79]
[201 -1 80]
[201 0 78]
[201 -1 81]
[201 -1 85]
[201 -1 83]
[201 -1 86]
[201 0 72]
[201 2 71]
[201 -1 76]
[201 -1 77]
[201 -1 88]
[201 -1 89]
[201 -1 70]
[201 0 85]
[201 -1 87]
[201 -1 78]
[201 -1 73]
[201 -1 74]
[201 -1 72]
[201 -1 82]
[201 0 89]
[202 -2 75]
[202 -2 74]
[202 -1 75]
[202 -2 82]
[202 -1 84]
[202 -2 87]
[202 -2 89]
[202 -2 88]
[202 -2 78]
[202 -2 77]
[202 -2 76]
[202 0 71]
[202 -1 71]
[202 -2 80]
[202 -2 86]
[202 -2 79]
[202 -2 70]
[202 -2 71]
[202 -2 72]
[202 -2 73]
[202 -2 81]
[203 -3 73]
[203 -3 71]
[203 -3 72]
[203 -3 83]
[203 -3 74]
[203 -3 87]
[203 -2 83]
[203 -3 78]
[203 -3 80]
[203 -3 79]
[203 -3 70]
[203 -3 69]
[203 -3 89]
[203 -3 88]
[203 -3 77]
[203 -3 86]
[203 -3 85]
[203 -3 81]
[203 -3 82]
[203 -3 75]
[204 -3 84]
[204 -4 70]
[204 -2 69]
[204 -2 68]
[204 -4 73]
[204 -4 72]
[204 -4 71]
[204 -4 78]
[204 -4 77]
[204 -4 84]
[204 -4 86]
[204 -4 80]
[204 -4 82]
[204 -4 81]
[204 -4 87]
[204 -4 88]
[204 -2 85]
[204 -4 76]
[205 -5 82]
[205 -5 83]
[205 -5 81]
[205 -2 84]
[205 -5 87]
[205 -5 77]
[205 -5 78]
[205 -3 76]
[205 -5 76]
[205 -5 74]
[205 -5 72]
[205 -5 86]
[205 -4 85]
[205 -5 85]
[205 -5 73]
[205 -5 71]
[205 -4 69]
[205 -5 70]
[205 -4 79]
[205 -5 79]
[206 -6 78]
[206 -6 79]
[206 -6 83]
[206 -5 84]
[206 -4 83]
[206 -6 84]
[206 -6 82]
[206 -4 75]
[206 -6 76]
[206 -6 77]
[206 -6 70]
[206 -6 72]
[206 -6 85]
[206 -6 73]
[206 -6 81]
[206 -3 68]
[206 -4 68]
[206 -5 69]
[206 -5 88]
[206 -4 74]
[206 -5 80]
[207 -6 80]
[207 -5 67]
[207 -7 83]
[207 -7 84]
[207 -7 78]
[207 -7 74]
[207 -7 73]
[207 -7 72]
[207 -6 74]
[207 -6 71]
[207 -7 82]
[207 -7 75]
[207 -6 75]
[207 -7 77]
[207 -5 75]
[207 -7 81]
[207 -7 80]
[207 -7 70]
[207 -7 71]
[207 -7 85]
[207 -7 79]
[208 -8 84]
[208 -8 74]
[208 -6 69]
[208 -8 71]
[208 -8 69]
[208 -7 69]
[208 -8 78]
[208 -8 79]
[208 -8 80]
[208 -8 85]
[208 -7 86]
[208 -6 86]
[208 -8 82]
[208 -8 76]
[208 -8 73]
[208 -5 68]
[208 -5 66]
[208 -7 76]
[209 -6 65]
[209 -8 72]
[209 -8 70]
[209 -9 72]
[209 -8 81]
[209 -9 81]
[209 -8 83]
[209 -8 75]
[209 -9 73]
[209 -9 74]
[209 -9 75]
[209 -6 87]
[209 -6 68]
[209 -9 68]
[209 -9 77]
[209 -9 79]
[209 -8 77]
[209 -7 68]
[209 -9 76]
[209 -8 68]
[210 -10 73]
[210 -9 67]
[210 -10 68]
[210 -8 67]
[210 -9 69]
[210 -10 74]
[210 -10 75]
[210 -10 76]
[210 -9 80]
[210 -9 78]
[210 -10 79]
[210 -10 78]
[210 -6 67]
[210 -7 66]
[210 -6 64]
[210 -5 65]
[211 -10 70]
[211 -7 67]
[211 -6 66]
[211 -10 81]
[211 -10 80]
[211 -11 69]
[211 -10 69]
[211 -11 67]
[211 -7 65]
[211 -11 80]
[211 -11 75]
[211 -8 66]
[211 -9 66]
[211 -11 74]
[211 -11 79]
[211 -11 78]
[211 -10 77]
[211 -10 66]
[211 -10 67]
[211 -6 63]
[212 -9 65]
[212 -8 65]
[212 -10 65]
[212 -11 73]
[212 -12 75]
[212 -11 81]
[212 -7 63]
[212 -12 67]
[212 -12 66]
[212 -11 66]
[212 -11 68]
[212 -12 81]
[212 -11 70]
[212 -9 70]
[212 -10 71]
[212 -12 68]
[212 -12 70]
[212 -11 77]
[212 -11 65]
[212 -12 76]
[212 -11 76]
[212 -12 77]
[212 -12 79]
[213 -12 69]
[213 -13 69]
[213 -11 71]
[213 -13 71]
[213 -8 64]
[213 -8 62]
[213 -7 62]
[213 -13 79]
[213 -11 72]
[213 -10 64]
[213 -13 65]
[213 -13 66]
[213 -13 81]
[213 -13 80]
[213 -13 82]
[213 -12 80]
[213 -7 64]
[213 -9 64]
[213 -13 68]
[213 -12 65]
[213 -10 82]
[213 -12 73]
[213 -12 72]
[213 -12 78]
[213 -12 64]
[213 -11 64]
[213 -13 77]
[213 -13 76]
[214 -13 64]
[214 -12 63]
[214 -8 63]
[214 -14 68]
[214 -14 67]
[214 -14 69]
[214 -14 82]
[214 -14 80]
[214 -12 82]
[214 -12 71]
[214 -10 72]
[214 -10 63]
[214 -9 63]
[214 -13 73]
[214 -13 67]
[214 -9 62]
[214 -9 61]
[214 -14 78]
[214 -13 63]
[214 -11 63]
[214 -13 72]
[214 -14 72]
[214 -11 83]
[214 -10 83]
[214 -13 78]
[214 -13 70]
[214 -14 77]
[214 -14 81]
[214 -12 83]
[215 -11 62]
[215 -10 61]
[215 -10 62]
[215 -8 61]
[215 -14 70]
[215 -15 68]
[215 -15 69]
[215 -14 71]
[215 -15 67]
[215 -14 66]
[215 -14 63]
[215 -14 65]
[215 -15 79]
[215 -12 84]
[215 -11 82]
[215 -9 82]
[215 -15 80]
[215 -10 60]
[215 -13 62]
[215 -12 74]
[215 -14 73]
[215 -14 74]
[215 -13 74]
[215 -14 83]
[215 -15 82]
[215 -15 83]
[215 -14 76]
[215 -15 71]
[215 -15 73]
[215 -12 62]
[215 -11 84]
[215 -10 84]
[216 -14 75]
[216 -14 64]
[216 -15 63]
[216 -15 62]
[216 -15 64]
[216 -15 74]
[216 -11 61]
[216 -16 74]
[216 -15 66]
[216 -16 66]
[216 -16 68]
[216 -14 79]
[216 -16 81]
[216 -15 81]
[216 -16 84]
[216 -16 83]
[216 -16 82]
[216 -13 85]
[216 -12 85]
[216 -13 84]
[216 -13 83]
[216 -15 84]
[216 -14 84]
[216 -15 78]
[216 -10 85]
[216 -9 60]
[216 -13 75]
[216 -16 67]
[216 -16 70]
[216 -15 70]
[216 -16 69]
[216 -13 61]
[216 -12 61]
[216 -15 65]
[216 -14 62]
[216 -11 85]
[216 -9 83]
[216 -15 72]
[216 -16 72]
[216 -11 59]
[216 -10 59]
[217 -15 76]
[217 -15 75]
[217 -16 78]
[217 -16 73]
[217 -17 71]
[217 -16 71]
[217 -17 75]
[217 -17 73]
[217 -17 82]
[217 -17 83]
[217 -16 64]
[217 -11 58]
[217 -11 60]
[217 -16 80]
[217 -10 58]
[217 -12 58]
[217 -17 67]
[217 -17 68]
[217 -14 85]
[217 -15 85]
[217 -13 60]
[217 -14 60]
[217 -14 61]
[217 -17 65]
[217 -17 81]
[217 -17 80]
[217 -16 75]
[217 -14 86]
[217 -16 63]
[217 -15 61]
[217 -12 60]
[217 -12 86]
[217 -11 86]
[217 -10 86]
[217 -16 65]
[217 -17 69]
[218 -13 87]
[218 -10 87]
[218 -18 65]
[218 -18 64]
[218 -18 66]
[218 -18 68]
[218 -18 69]
[218 -18 82]
[218 -18 80]
[218 -16 61]
[218 -16 62]
[218 -17 70]
[218 -18 72]
[218 -17 72]
[218 -17 66]
[218 -17 64]
[218 -18 70]
[218 -17 63]
[218 -17 62]
[218 -12 59]
[218 -14 59]
[218 -13 59]
[218 -15 77]
[218 -16 77]
[218 -15 59]
[218 -15 86]
[218 -16 79]
[218 -18 73]
[218 -17 74]
[218 -16 76]
[218 -17 76]
[218 -18 76]
[218 -18 74]
[218 -17 79]
[218 -12 57]
[218 -13 57]
[218 -13 58]
[218 -11 87]
[219 -12 87]
[219 -13 86]
[219 -12 88]
[219 -18 77]
[219 -17 77]
[219 -19 76]
[219 -19 77]
[219 -18 81]
[219 -14 58]
[219 -19 65]
[219 -19 66]
[219 -18 67]
[219 -19 71]
[219 -19 69]
[219 -19 68]
[219 -18 75]
[219 -14 87]
[219 -10 88]
[219 -19 72]
[219 -19 73]
[219 -19 75]
[219 -18 63]
[219 -19 64]
[219 -19 63]
[219 -19 80]
[219 -19 81]
[219 -19 79]
[219 -14 57]
[219 -13 56]
[219 -19 70]
[219 -17 78]
[219 -18 78]
[219 -18 71]
[219 -15 60]
[219 -16 59]
[220 -19 74]
[220 -20 72]
[220 -19 78]
[220 -20 79]
[220 -15 57]
[220 -20 70]
[220 -20 71]
[220 -20 73]
[220 -15 56]
[220 -13 88]
[220 -19 62]
[220 -18 62]
[220 -20 63]
[220 -20 64]
[220 -20 80]
[220 -20 81]
[220 -19 67]
[220 -16 60]
[220 -20 77]
[220 -11 88]
[220 -16 58]
[220 -17 58]
[220 -17 60]
[220 -20 65]
[220 -18 79]
[220 -20 68]
[220 -20 67]
[220 -20 74]
[220 -20 75]
[220 -20 76]
[220 -20 66]
[220 -20 69]
[221 -21 68]
[221 -21 66]
[221 -21 70]
[221 -21 81]
[221 -21 67]
[221 -21 65]
[221 -21 64]
[221 -21 63]
[221 -21 76]
[221 -21 74]
[221 -21 75]
[221 -18 61]
[221 -18 59]
[221 -17 59]
[221 -18 60]
[221 -11 89]
[221 -20 62]
[221 -17 57]
[221 -18 57]
[221 -12 89]
[221 -21 73]
[221 -15 55]
[221 -16 57]
[221 -16 55]
[221 -14 56]
[221 -15 58]
[221 -21 69]
[221 -21 78]
[221 -21 77]
[221 -21 71]
[221 -20 78]
[221 -21 79]
[221 -17 61]
[221 -21 72]
[221 -20 61]
[222 -22 64]
[222 -10 90]
[222 -11 90]
[222 -10 89]
[222 -22 66]
[222 -22 72]
[222 -22 73]
[222 -16 56]
[222 -22 78]
[222 -22 79]
[222 -21 80]
[222 -22 77]
[222 -21 62]
[222 -21 61]
[222 -20 60]
[222 -19 61]
[222 -22 69]
[222 -19 60]
[222 -18 56]
[222 -17 56]
[222 -19 57]
[222 -21 82]
[222 -22 80]
[222 -22 65]
[222 -22 70]
[222 -22 68]
[222 -22 74]
[222 -22 71]
[222 -19 59]
[222 -22 76]
[222 -22 75]
[222 -18 58]
[222 -22 67]
[223 -20 58]
[223 -19 58]
[223 -20 57]
[223 -23 73]
[223 -23 72]
[223 -23 79]
[223 -11 91]
[223 -12 91]
[223 -23 80]
[223 -23 78]
[223 -17 55]
[223 -23 70]
[223 -21 60]
[223 -23 81]
[223 -23 66]
[223 -20 59]
[223 -22 60]
[223 -22 62]
[223 -22 61]
[223 -23 74]
[223 -23 67]
[223 -23 65]
[223 -23 68]
[223 -9 90]
[223 -22 81]
[223 -22 83]
[223 -22 82]
[223 -22 63]
[223 -23 77]
[223 -23 76]
[223 -23 75]
[224 -23 62]
[224 -24 80]
[224 -24 82]
[224 -24 81]
[224 -23 82]
[224 -23 71]
[224 -24 67]
[224 -24 68]
[224 -24 69]
[224 -23 69]
[224 -23 60]
[224 -24 78]
[224 -21 57]
[224 -21 58]
[224 -24 73]
[224 -24 72]
[224 -24 79]
[224 -24 75]
[224 -24 76]
[224 -21 59]
[224 -9 91]
[224 -9 89]
[224 -10 91]
[224 -21 83]
[224 -22 84]
[224 -11 92]
[224 -10 92]
[224 -24 66]
[224 -24 65]
[224 -23 83]
[224 -12 92]
[224 -13 91]
[224 -24 77]
[225 -25 73]
[225 -24 74]
[225 -25 72]
[225 -13 90]
[225 -14 90]
[225 -25 65]
[225 -25 68]
[225 -25 69]
[225 -25 78]
[225 -25 80]
[225 -23 84]
[225 -24 84]
[225 -11 93]
[225 -9 92]
[225 -22 58]
[225 -23 61]
[225 -24 63]
[225 -25 67]
[225 -24 70]
[225 -25 70]
[225 -25 79]
[225 -22 59]
[225 -24 61]
[225 -23 59]
[225 -25 74]
[225 -25 75]
[225 -24 83]
[225 -25 82]
[225 -25 81]
[225 -25 77]
[225 -24 64]
[225 -25 66]
[225 -25 64]
[225 -9 93]
[225 -9 88]
[226 -24 62]
[226 -25 60]
[226 -24 60]
[226 -23 58]
[226 -26 83]
[226 -26 81]
[226 -26 65]
[226 -25 63]
[226 -26 64]
[226 -26 66]
[226 -23 57]
[226 -26 76]
[226 -26 73]
[226 -26 74]
[226 -26 71]
[226 -24 71]
[226 -26 68]
[226 -25 84]
[226 -25 85]
[226 -8 94]
[226 -26 80]
[226 -25 62]
[226 -26 70]
[226 -26 69]
[226 -26 78]
[226 -26 77]
[226 -24 58]
[226 -26 75]
[226 -23 63]
[226 -26 67]
[226 -26 82]
[227 -27 81]
[227 -27 77]
[227 -26 62]
[227 -27 66]
[227 -27 68]
[227 -27 67]
[227 -25 71]
[227 -26 60]
[227 -26 59]
[227 -24 59]
[227 -27 79]
[227 -25 76]
[227 -27 76]
[227 -27 78]
[227 -27 74]
[227 -27 73]
[227 -27 72]
[227 -26 72]
[227 -24 57]
[227 -24 86]
[227 -26 86]
[227 -24 85]
[227 -27 70]
[227 -27 69]
[227 -27 82]
[227 -27 83]
[227 -26 84]
[227 -25 83]
[227 -27 84]
[227 -27 75]
[227 -7 95]
[227 -8 95]
[227 -24 56]
[227 -27 64]
[227 -26 63]
[227 -25 61]
[227 -25 59]
[228 -27 59]
[228 -26 61]
[228 -27 71]
[228 -28 73]
[228 -28 68]
[228 -28 69]
[228 -28 70]
[228 -28 82]
[228 -28 83]
[228 -9 94]
[228 -7 96]
[228 -28 65]
[228 -27 65]
[228 -28 63]
[228 -25 56]
[228 -25 58]
[228 -28 75]
[228 -28 74]
[228 -28 66]
[228 -28 67]
[228 -28 81]
[228 -28 78]
[228 -26 79]
[228 -27 85]
[228 -26 85]
[228 -28 84]
[228 -28 79]
[228 -28 77]
[228 -25 86]
[228 -27 86]
[228 -25 57]
[228 -27 62]
[228 -27 63]
[228 -28 85]
[228 -26 58]
[228 -27 58]
[228 -23 87]
[228 -25 87]
[229 -24 87]
[229 -28 58]
[229 -28 60]
[229 -29 63]
[229 -29 64]
[229 -29 62]
[229 -28 62]
[229 -27 61]
[229 -6 96]
[229 -22 87]
[229 -23 88]
[229 -22 88]
[229 -26 57]
[229 -28 80]
[229 -27 80]
[229 -28 71]
[229 -29 69]
[229 -28 76]
[229 -29 74]
[229 -28 72]
[229 -29 83]
[229 -27 57]
[229 -29 85]
[229 -27 60]
[229 -29 67]
[229 -29 68]
[229 -29 66]
[229 -29 65]
[229 -29 81]
[229 -29 77]
[229 -29 78]
[229 -29 76]
[229 -26 55]
[229 -29 84]
[230 -29 80]
[230 -5 96]
[230 -5 97]
[230 -30 73]
[230 -30 75]
[230 -29 75]
[230 -30 74]
[230 -29 73]
[230 -30 69]
[230 -30 68]
[230 -21 88]
[230 -30 77]
[230 -29 72]
[230 -29 71]
[230 -28 61]
[230 -28 56]
[230 -26 56]
[230 -28 57]
[230 -30 64]
[230 -28 64]
[230 -30 67]
[230 -30 66]
[230 -28 59]
[230 -29 57]
[230 -30 62]
[230 -30 78]
[230 -29 79]
[230 -29 82]
[230 -30 82]
[230 -27 56]
[230 -30 76]
[230 -29 59]
[230 -25 55]
[230 -29 70]
[230 -30 61]
[230 -29 61]
[230 -30 85]
[230 -30 70]
[231 -31 68]
[231 -31 69]
[231 -31 67]
[231 -30 72]
[231 -30 71]
[231 -30 80]
[231 -29 60]
[231 -31 60]
[231 -30 58]
[231 -29 56]
[231 -29 58]
[231 -31 75]
[231 -31 74]
[231 -20 89]
[231 -31 65]
[231 -31 77]
[231 -31 78]
[231 -31 63]
[231 -27 55]
[231 -31 70]
[231 -30 84]
[231 -31 85]
[231 -31 79]
[231 -30 79]
[231 -30 83]
[231 -30 81]
[231 -28 55]
[231 -29 55]
[231 -31 66]
[231 -5 98]
[231 -6 97]
[231 -6 98]
[231 -31 64]
[232 -32 69]
[232 -30 60]
[232 -30 59]
[232 -5 99]
[232 -6 99]
[232 -30 65]
[232 -32 64]
[232 -32 65]
[232 -32 60]
[232 -32 61]
[232 -32 59]
[232 -31 59]
[232 -31 81]
[232 -32 73]
[232 -32 77]
[232 -32 78]
[232 -31 80]
[232 -32 79]
[232 -32 67]
[232 -32 68]
[232 -32 71]
[232 -31 71]
[232 -32 70]
[232 -31 58]
[232 -30 56]
[232 -31 84]
[232 -32 85]
[232 -31 83]
[232 -32 66]
[232 -32 76]
[232 -31 73]
[233 -32 74]
[233 -32 72]
[233 -31 72]
[233 -33 72]
[233 -33 74]
[233 -5 100]
[233 -33 61]
[233 -33 59]
[233 -33 79]
[233 -32 84]
[233 -33 67]
[233 -33 66]
[233 -33 65]
[233 -33 70]
[233 -33 68]
[233 -31 76]
[233 -33 78]
[233 -33 60]
[233 -33 76]
[233 -33 77]
[233 -32 75]
[233 -33 75]
[233 -30 57]
[233 -33 64]
[233 -33 63]
[233 -32 83]
[233 -33 69]
[233 -32 80]
[233 -32 81]
[233 -32 82]
[233 -31 82]
[233 -31 62]
[233 -32 62]
[234 -34 74]
[234 -34 60]
[234 -34 59]
[234 -33 81]
[234 -4 100]
[234 -4 101]
[234 -33 83]
[234 -33 84]
[234 -33 73]
[234 -34 72]
[234 -34 73]
[234 -34 65]
[234 -34 66]
[234 -33 71]
[234 -34 69]
[234 -34 70]
[234 -34 75]
[234 -34 76]
[234 -34 68]
[234 -34 67]
[234 -34 61]
[234 -34 63]
[234 -32 63]
[234 -34 62]
[234 -33 62]
[234 -34 78]
[234 -34 64]
[234 -30 63]
[234 -34 80]
[234 -34 79]
[235 -35 80]
[235 -33 80]
[235 -34 84]
[235 -35 66]
[235 -35 64]
[235 -35 65]
[235 -35 67]
[235 -35 75]
[235 -35 71]
[235 -35 63]
[235 -35 62]
[235 -35 61]
[235 -35 73]
[235 -35 74]
[235 -34 58]
[235 -35 58]
[235 -33 58]
[235 -35 59]
[235 -35 70]
[235 -35 69]
[235 -34 83]
[235 -3 101]
[235 -34 77]
[235 -35 76]
[235 -35 77]
[235 -33 82]
[235 -34 82]
[235 -35 72]
[235 -5 101]
[236 -36 68]
[236 -36 69]
[236 -35 68]
[236 -36 66]
[236 -36 65]
[236 -36 62]
[236 -36 63]
[236 -36 64]
[236 -5 102]
[236 -6 102]
[236 -36 57]
[236 -36 59]
[236 -36 70]
[236 -36 71]
[236 -36 76]
[236 -36 77]
[236 -36 78]
[236 -35 82]
[236 -35 60]
[236 -36 75]
[236 -35 57]
[236 -36 72]
[236 -36 73]
[236 -35 78]
[236 -35 83]
[236 -4 102]
[236 -3 102]
[236 -2 101]
[236 -34 81]
[236 -36 60]
[236 -36 61]
[236 -36 80]
[236 -35 81]
[236 -35 79]
[236 -36 79]
[237 -36 67]
[237 -37 69]
[237 -37 71]
[237 -37 70]
[237 -37 76]
[237 -37 78]
[237 -37 77]
[237 -37 56]
[237 -36 58]
[237 -37 60]
[237 -5 103]
[237 -4 103]
[237 -37 72]
[237 -2 102]
[237 -2 100]
[237 -1 100]
[237 -3 100]
[237 -36 74]
[237 -37 74]
[237 -37 73]
[237 -37 65]
[237 -7 103]
[237 -6 103]
[237 -37 61]
[237 -37 62]
[237 -37 63]
[237 -36 81]
[237 -36 83]
[237 -37 79]
[237 -37 80]
[237 -36 84]
[237 -36 82]
[237 -37 58]
[238 -1 101]
[238 -1 103]
[238 -2 103]
[238 -3 103]
[238 -38 74]
[238 -37 75]
[238 -35 84]
[238 -38 64]
[238 -38 63]
[238 -38 62]
[238 -38 78]
[238 -38 77]
[238 -3 104]
[238 -38 72]
[238 -38 71]
[238 -38 70]
[238 -38 57]
[238 -37 57]
[238 -38 56]
[238 -37 59]
[238 -38 60]
[238 -38 59]
[238 -38 75]
[238 -38 76]
[238 -7 102]
[238 -8 104]
[238 -2 99]
[238 -3 99]
[238 -6 104]
[238 -5 104]
[238 -38 69]
[238 -37 66]
[238 -37 67]
[238 -37 68]
[238 -38 65]
[238 -38 81]
[238 -37 81]
[238 -37 83]
[239 -37 82]
[239 -38 80]
[239 -38 67]
[239 -38 66]
[239 -38 68]
[239 -38 73]
[239 -38 84]
[239 -38 83]
[239 -38 82]
[239 -1 102]
[239 -5 105]
[239 -4 105]
[239 -4 104]
[239 -6 105]
[239 -39 71]
[239 -37 64]
[239 -39 64]
[239 -39 63]
[239 -39 62]
[239 0 104]
[239 -1 104]
[239 -7 104]
[239 -39 77]
[239 -39 75]
[239 -39 76]
[239 -39 74]
[239 -39 60]
[239 -39 58]
[239 -39 59]
[239 -39 68]
[239 -8 103]
[239 0 102]
[239 0 100]
[239 0 101]
[239 -3 105]
[239 -2 104]
[239 -9 104]
[239 -39 78]
[239 -39 72]
[239 -39 57]
[239 -38 55]
[239 -39 56]
[239 -38 58]
[239 -39 82]
[239 -39 69]
[239 -39 65]
[240 -2 105]
[240 -4 106]
[240 0 99]
[240 1 100]
[240 1 101]
[240 -38 61]
[240 -39 61]
[240 -40 62]
[240 -40 63]
[240 -40 55]
[240 1 105]
[240 -1 105]
[240 0 105]
[240 -39 79]
[240 -38 79]
[240 -40 77]
[240 -8 105]
[240 -39 67]
[240 -39 66]
[240 -40 69]
[240 1 102]
[240 -40 59]
[240 0 103]
[240 -40 58]
[240 -40 75]
[240 -40 76]
[240 -39 80]
[240 -39 70]
[240 -40 68]
[240 -40 56]
[240 -40 57]
[240 -39 81]
[240 -10 104]
[240 -10 103]
[240 -39 73]
[240 -40 61]
[240 -37 84]
[240 -40 73]
[240 -40 74]
[240 -5 106]
[240 -40 64]
[240 -40 65]
[240 -40 72]
[241 -41 61]
[241 -3 106]
[241 -3 107]
[241 -4 107]
[241 -41 55]
[241 -41 56]
[241 -41 54]
[241 -41 68]
[241 -41 65]
[241 -40 66]
[241 -9 103]
[241 -41 57]
[241 -41 58]
[241 -41 69]
[241 -41 67]
[241 -40 67]
[241 -41 74]
[241 -41 75]
[241 -41 73]
[241 -40 71]
[241 -41 64]
[241 -1 106]
[241 -41 63]
[241 -41 76]
[241 -41 77]
[241 -41 78]
[241 -40 78]
[241 -40 60]
[241 -9 105]
[241 -9 106]
[241 2 104]
[241 1 104]
[241 2 106]
[241 -2 106]
[241 1 103]
[241 -41 59]
[241 -39 55]
[241 -41 60]
[241 -1 99]
[241 1 99]
[242 -42 73]
[242 -42 74]
[242 -42 61]
[242 -42 56]
[242 -42 54]
[242 -41 70]
[242 -42 70]
[242 -40 70]
[242 -42 60]
[242 -42 58]
[242 -41 62]
[242 -42 76]
[242 -42 77]
[242 -41 66]
[242 -2 107]
[242 0 106]
[242 -42 68]
[242 -42 64]
[242 -42 65]
[242 -42 57]
[242 -41 71]
[242 -42 55]
[242 -42 78]
[242 2 103]
[242 -5 107]
[242 -3 108]
[242 -5 108]
[242 -4 108]
[242 -10 107]
[242 -42 62]
[242 2 105]
[242 2 107]
[242 1 106]
[242 -1 107]
[243 -42 66]
[243 -11 107]
[243 -10 108]
[243 -42 53]
[243 -43 55]
[243 0 107]
[243 -2 108]
[243 -43 63]
[243 -6 108]
[243 -42 59]
[243 -43 64]
[243 -43 65]
[243 -43 56]
[243 -4 109]
[243 -2 109]
[243 -42 63]
[243 -43 77]
[243 -43 69]
[243 -43 70]
[243 -42 71]
[243 -42 69]
[243 3 104]
[243 1 107]
[243 -42 67]
[243 -43 68]
[243 -43 74]
[243 -42 72]
[243 -3 109]
[243 3 106]
[243 -5 109]
[243 -43 75]
[243 -42 75]
[243 -43 76]
[243 -43 58]
[243 -43 57]
[243 -41 72]
[243 -43 62]
[244 -44 70]
[244 -44 68]
[244 -44 69]
[244 -43 59]
[244 -43 71]
[244 -43 72]
[244 3 103]
[244 -44 58]
[244 -44 59]
[244 -4 110]
[244 -44 76]
[244 -44 62]
[244 -43 67]
[244 -44 67]
[244 -43 73]
[244 -43 66]
[244 -44 75]
[244 -11 109]
[244 -11 108]
[244 -9 109]
[244 -44 74]
[244 -44 73]
[244 -44 63]
[244 -43 54]
[244 -12 108]
[244 -44 56]
[244 -44 54]
[244 -44 64]
[244 -1 108]
[244 -1 109]
[244 -1 110]
[245 -13 109]
[245 -45 67]
[245 -45 69]
[245 -44 72]
[245 -45 59]
[245 -44 57]
[245 -45 58]
[245 -45 63]
[245 -45 64]
[245 -45 68]
[245 -45 70]
[245 -45 71]
[245 -44 55]
[245 -43 60]
[245 -45 60]
[245 -45 76]
[245 -1 111]
[245 -2 110]
[245 -44 65]
[245 -45 57]
[245 -45 55]
[245 -44 71]
[245 -10 109]
[245 -10 110]
[245 0 108]
[245 0 109]
[245 -44 53]
[245 -12 109]
[245 -12 110]
[245 -45 61]
[245 -45 62]
[245 -44 61]
[245 -44 60]
[245 -3 111]
[245 -3 110]
[245 -45 73]
[245 -45 74]
[246 -45 72]
[246 -46 63]
[246 -46 65]
[246 -46 57]
[246 -46 56]
[246 -45 56]
[246 -46 67]
[246 -46 62]
[246 1 108]
[246 1 109]
[246 -46 54]
[246 -45 54]
[246 -46 55]
[246 -2 112]
[246 -2 111]
[246 -46 61]
[246 -46 72]
[246 -46 74]
[246 -43 61]
[246 1 110]
[246 -46 60]
[246 -46 59]
[246 -46 58]
[246 -13 110]
[246 -46 69]
[246 -46 68]
[246 0 110]
[246 -1 112]
[246 0 112]
[246 -45 65]
[246 -44 52]
[246 -43 53]
[246 -14 110]
[246 -14 108]
[246 -14 109]
[246 -11 110]
[247 -1 113]
[247 1 113]
[247 0 111]
[247 1 111]
[247 -46 64]
[247 -46 66]
[247 -47 57]
[247 -47 56]
[247 -45 51]
[247 -45 53]
[247 -47 72]
[247 -47 73]
[247 -15 110]
[247 -47 61]
[247 -47 63]
[247 -47 62]
[247 0 113]
[247 -47 66]
[247 -47 60]
[247 -47 68]
[247 -47 70]
[247 -47 55]
[247 -46 53]
[247 -46 73]
[247 -47 59]
[247 -47 54]
[247 2 111]
[247 2 110]
[247 -47 64]
[247 -47 65]
[247 -45 66]
[247 -15 111]
[247 -47 74]
[248 -47 53]
[248 -46 52]
[248 -47 58]
[248 -48 58]
[248 -48 57]
[248 2 109]
[248 -45 52]
[248 -48 71]
[248 1 112]
[248 -48 56]
[248 -48 70]
[248 -47 69]
[248 -46 71]
[248 -48 59]
[248 -48 60]
[248 -48 53]
[248 -48 54]
[248 -48 65]
[248 -16 110]
[248 -14 111]
[248 -44 66]
[248 2 112]
[248 -48 74]
[248 -48 73]
[248 -15 109]
[248 1 114]
[248 -47 67]
[248 -48 63]
[248 -1 114]
[249 -49 73]
[249 -48 72]
[249 -46 51]
[249 2 108]
[249 2 113]
[249 -49 64]
[249 -49 62]
[249 -48 64]
[249 -49 58]
[249 -47 52]
[249 -17 111]
[249 -17 109]
[249 -48 68]
[249 3 113]
[249 2 115]
[249 0 114]
[249 2 114]
[249 -49 53]
[249 -49 54]
[249 -49 57]
[249 -49 56]
[249 -48 55]
[249 -49 59]
[249 -48 67]
[249 -48 66]
[249 -49 70]
[249 -47 71]
[249 -49 71]
[249 -49 69]
[249 -49 61]
[249 -1 115]
[249 -2 114]
[249 -2 113]
[249 -48 52]
[250 -46 70]
[250 -48 69]
[250 -3 115]
[250 -50 55]
[250 -50 54]
[250 -50 58]
[250 -50 57]
[250 -2 115]
[250 -18 112]
[250 -17 110]
[250 -18 111]
[250 -17 112]
[250 -49 55]
[250 -50 56]
[250 -49 74]
[250 -50 73]
[250 -49 66]
[250 -49 68]
[250 3 115]
[250 1 116]
[250 2 116]
[250 3 114]
[250 -47 51]
[250 -50 59]
[250 -50 60]
[250 -50 62]
[250 -48 62]
[250 -50 71]
[250 -49 63]
[250 -50 65]
[250 -50 64]
[250 -3 113]
[250 -3 114]
[250 0 115]
[250 -48 61]
[250 -50 63]
[250 -50 70]
[250 -50 69]
[250 -49 72]
[251 -4 113]
[251 -4 115]
[251 -51 58]
[251 -19 112]
[251 -51 61]
[251 -50 61]
[251 -51 62]
[251 -49 65]
[251 -51 66]
[251 -51 64]
[251 -50 66]
[251 1 117]
[251 3 116]
[251 -4 114]
[251 -46 50]
[251 -48 51]
[251 -49 60]
[251 -50 53]
[251 -51 55]
[251 -51 54]
[251 -51 53]
[251 1 115]
[251 0 116]
[251 -18 113]
[251 -17 113]
[251 -1 116]
[251 -50 68]
[251 -51 70]
[251 -51 68]
[251 -51 69]
[251 -51 72]
[251 -51 74]
[251 -51 73]
[251 -50 72]
[251 -51 57]
[251 -51 60]
[251 -51 59]
[251 -51 63]
[251 -19 113]
[251 0 117]
[251 -50 67]
[252 -52 59]
[252 -52 57]
[252 -52 58]
[252 -52 53]
[252 -49 50]
[252 -48 50]
[252 -49 52]
[252 -52 74]
[252 -5 114]
[252 -51 67]
[252 -51 65]
[252 -49 67]
[252 -52 70]
[252 -51 52]
[252 -5 116]
[252 -17 114]
[252 -18 114]
[252 -52 55]
[252 0 118]
[252 2 118]
[252 2 117]
[252 -47 50]
[252 -52 56]
[252 -51 56]
[252 -1 117]
[252 -52 63]
[252 -52 61]
[252 -52 62]
[252 1 118]
[252 -52 73]
[252 -52 72]
[252 -51 71]
[252 -52 60]
[252 -52 66]
[252 -52 65]
[252 -52 64]
[252 -52 54]
[252 3 117]
[252 -52 68]
[252 -52 69]
[253 -53 65]
[253 -53 73]
[253 -53 74]
[253 -53 72]
[253 -2 118]
[253 -2 117]
[253 -2 116]
[253 -53 64]
[253 -53 62]
[253 -52 71]
[253 -53 70]
[253 -53 54]
[253 -53 53]
[253 -53 52]
[253 -4 117]
[253 -1 119]
[253 0 119]
[253 -1 118]
[253 -53 60]
[253 -53 59]
[253 1 119]
[253 -53 56]
[253 -53 55]
[253 -53 57]
[253 -53 58]
[253 -52 67]
[253 -53 67]
[253 -53 69]
[253 -50 52]
[253 -49 51]
[253 -52 51]
[253 -50 51]
[253 2 119]
[253 -53 71]
[253 -53 66]
[253 -53 61]
[253 -48 49]
[253 -49 49]
[253 -50 50]
[253 -16 114]
[253 -17 115]
[253 -6 115]
[253 -53 63]
[253 -53 68]
[254 -4 116]
[254 -3 117]
[254 -4 118]
[254 -3 118]
[254 -54 53]
[254 -54 52]
[254 -52 52]
[254 -54 70]
[254 -54 64]
[254 -54 65]
[254 -50 49]
[254 -51 50]
[254 -51 49]
[254 -15 115]
[254 -54 66]
[254 -2 119]
[254 -54 54]
[254 -54 56]
[254 -3 116]
[254 1 120]
[254 -54 72]
[254 -54 73]
[254 -54 58]
[254 -54 63]
[254 -54 62]
[254 -54 61]
[254 -1 120]
[254 -2 120]
[254 -54 71]
[254 -54 51]
[254 -54 57]
[254 -54 67]
[254 -54 68]
[254 -52 50]
[254 -53 50]
[254 -54 60]
[254 -54 59]
[254 0 120]
[254 -6 114]
[254 -7 115]
[254 -51 51]
[254 -54 55]
[255 -55 65]
[255 -54 50]
[255 -53 51]
[255 -54 74]
[255 -55 73]
[255 -55 58]
[255 -55 57]
[255 -3 119]
[255 -4 119]
[255 -55 59]
[255 -55 64]
[255 -55 66]
[255 -55 67]
[255 -1 121]
[255 -2 121]
[255 -3 120]
[255 -55 70]
[255 -55 71]
[255 -55 55]
[255 0 121]
[255 2 121]
[255 -55 63]
[255 -5 119]
[255 -55 52]
[255 -55 54]
[255 -55 72]
[255 -55 68]
[255 -55 60]
[255 -55 61]
[255 -52 48]
[255 -52 49]
[255 -55 56]
[255 -15 116]
[255 -14 115]
[255 -14 116]
[255 -55 62]
[256 -56 59]
[256 -56 58]
[256 -56 55]
[256 -56 53]
[256 -3 121]
[256 -2 122]
[256 -3 122]
[256 -1 122]
[256 -56 65]
[256 -56 72]
[256 -56 71]
[256 -56 70]
[256 -53 48]
[256 -52 47]
[256 -56 66]
[256 -56 68]
[256 -56 61]
[256 -56 57]
[256 -4 120]
[256 -5 120]
[256 -55 69]
[256 -56 56]
[256 -55 49]
[256 0 122]
[256 1 122]
[256 -6 118]
[256 -6 119]
[256 -13 115]
[256 -13 116]
[256 -56 73]
[256 -56 54]
[256 -56 60]
[256 -56 63]
[256 2 120]
[256 3 120]
[256 -13 117]
[256 -14 117]
[256 -56 64]
[256 -15 117]
[256 -16 117]
[256 -16 115]
[257 -57 64]
[257 -57 57]
[257 -57 58]
[257 -57 55]
[257 1 123]
[257 1 121]
[257 -6 120]
[257 -7 120]
[257 -7 119]
[257 -57 59]
[257 -57 60]
[257 -57 63]
[257 -56 62]
[257 -57 62]
[257 -5 118]
[257 -6 117]
[257 4 119]
[257 4 120]
[257 3 119]
[257 3 121]
[257 -55 53]
[257 -56 74]
[257 -55 74]
[257 -57 72]
[257 -57 71]
[257 -12 116]
[257 -56 69]
[257 -3 123]
[257 -4 121]
[257 -57 65]
[257 -57 67]
[257 -57 68]
[257 -57 69]
[257 -57 56]
[257 -13 118]
[257 -14 118]
[257 -53 47]
[257 -56 49]
[257 -54 49]
[257 -2 123]
[257 -5 121]
[257 -51 46]
[257 -52 46]
[257 -53 46]
[257 -51 48]
[258 -58 61]
[258 -58 63]
[258 -57 61]
[258 -58 62]
[258 -52 45]
[258 -58 57]
[258 -58 56]
[258 -58 67]
[258 -58 70]
[258 -58 71]
[258 -58 72]
[258 -58 60]
[258 -58 58]
[258 -58 59]
[258 -7 121]
[258 -8 121]
[258 -57 66]
[258 -56 67]
[258 -58 68]
[258 -5 117]
[258 -12 117]
[258 -12 115]
[258 -11 117]
[258 -57 73]
[258 -57 74]
[258 -51 45]
[258 -58 73]
[258 -6 121]
[258 -12 118]
[258 -58 65]
[258 -58 64]
[258 -4 122]
[258 -6 122]
[258 -5 122]
[258 -3 124]
[258 -1 124]
[258 -2 124]
[258 -7 117]
[258 -57 70]
[258 -58 69]
[258 -8 118]
[258 -7 118]
[259 -59 57]
[259 0 124]
[259 -1 123]
[259 -2 125]
[259 -59 61]
[259 -59 62]
[259 -59 69]
[259 -59 71]
[259 -59 70]
[259 -8 122]
[259 -59 72]
[259 -58 74]
[259 -59 64]
[259 -59 73]
[259 -52 44]
[259 -4 125]
[259 -4 123]
[259 -5 123]
[259 -59 68]
[259 -59 67]
[259 -6 123]
[259 -8 117]
[259 -8 119]
[259 -9 117]
[259 -9 118]
[259 -7 122]
[259 -59 59]
[259 -59 58]
[259 -11 118]
[259 -59 63]
[259 -12 119]
[259 -13 119]
[259 -8 116]
[259 -6 116]
[259 -58 66]
[259 -11 116]
[259 -59 65]
[259 -10 118]
[259 -10 117]
[259 -10 116]
[259 -9 122]
[259 -9 120]
[260 -10 123]
[260 -10 121]
[260 -9 123]
[260 -8 123]
[260 -9 119]
[260 -11 119]
[260 -60 68]
[260 -60 67]
[260 -60 69]
[260 -59 66]
[260 -60 66]
[260 -9 116]
[260 -9 115]
[260 -7 116]
[260 -60 62]
[260 -59 60]
[260 -5 115]
[260 -9 121]
[260 -7 123]
[260 -5 124]
[260 -51 43]
[260 -60 71]
[260 -60 70]
[260 -60 74]
[260 -5 125]
[260 -4 126]
[260 -4 124]
[260 -5 126]
[260 -60 58]
[260 -10 119]
[260 -14 120]
[260 -14 119]
[260 -13 120]
[260 -12 120]
[260 -3 125]
[260 -59 75]
[260 -60 73]
[260 -60 72]
[260 0 123]
[260 -10 120]
[260 -8 120]
[261 -61 72]
[261 -61 71]
[261 -61 73]
[261 -6 124]
[261 -10 124]
[261 -11 123]
[261 -11 122]
[261 -12 121]
[261 -11 120]
[261 -11 121]
[261 -13 121]
[261 -61 61]
[261 -60 61]
[261 -60 63]
[261 -61 63]
[261 -61 69]
[261 -61 68]
[261 -51 44]
[261 -6 126]
[261 -60 57]
[261 -60 59]
[261 -61 58]
[261 -14 121]
[261 -61 66]
[261 -61 65]
[261 -6 125]
[261 -60 60]
[261 -8 115]
[261 -10 115]
[261 -8 124]
[261 -15 121]
[261 -9 124]
[261 -7 124]
[261 -61 67]
[262 -11 115]
[262 -50 43]
[262 -62 66]
[262 -62 67]
[262 -62 68]
[262 -61 60]
[262 -12 123]
[262 -12 122]
[262 -62 59]
[262 -62 57]
[262 -61 59]
[262 -7 126]
[262 -61 57]
[262 -61 70]
[262 -62 72]
[262 -13 122]
[262 -62 63]
[262 -62 64]
[262 -61 64]
[262 -61 74]
[262 -10 122]
[262 -15 120]
[262 -62 71]
[262 -7 125]
[262 -62 70]
[262 -62 69]
[262 -60 65]
[262 -12 124]
[262 -11 124]
[262 -10 125]
[262 -62 62]
[262 -62 60]
[262 -62 61]
[262 -62 65]
[262 -16 122]
[262 -15 122]
[262 -16 120]
[263 -12 125]
[263 -14 123]
[263 -14 122]
[263 -63 69]
[263 -62 58]
[263 -60 64]
[263 -63 65]
[263 -8 125]
[263 -8 126]
[263 -63 66]
[263 -63 64]
[263 -63 71]
[263 -63 61]
[263 -61 62]
[263 -63 62]
[263 -63 60]
[263 -13 123]
[263 -9 126]
[263 -11 126]
[263 -15 119]
[263 -16 121]
[263 -63 67]
[263 -63 68]
[263 -17 122]
[263 -15 123]
[263 -17 123]
[263 -11 125]
[263 -13 124]
[263 -63 72]
[263 -63 73]
[263 -63 70]
[263 -63 59]
[264 -63 58]
[264 -64 68]
[264 -64 60]
[264 -64 66]
[264 -64 67]
[264 -63 63]
[264 -64 63]
[264 -64 59]
[264 -64 61]
[264 -64 73]
[264 -64 69]
[264 -64 71]
[264 -64 72]
[264 -64 70]
[264 -18 123]
[264 -16 123]
[264 -64 65]
[264 -64 64]
[264 -10 127]
[264 -10 126]
[264 -12 126]
[264 -14 124]
[264 -9 125]
[264 -13 126]
[264 -17 124]
[264 -12 127]
[265 -11 127]
[265 -65 63]
[265 -64 58]
[265 -65 68]
[265 -65 66]
[265 -15 124]
[265 -64 62]
[265 -65 65]
[265 -14 125]
[265 -14 126]
[265 -14 127]
[265 -13 128]
[265 -65 70]
[265 -65 62]
[265 -65 60]
[265 -65 69]
[265 -13 125]
[265 -19 123]
[265 -18 124]
[265 -19 124]
[265 -65 71]
[265 -65 73]
[265 -65 72]
[265 -16 124]
[265 -17 125]
[266 -65 64]
[266 -66 65]
[266 -66 64]
[266 -65 61]
[266 -66 60]
[266 -66 61]
[266 -20 125]
[266 -20 124]
[266 -18 125]
[266 -19 125]
[266 -15 126]
[266 -13 127]
[266 -66 70]
[266 -66 62]
[266 -66 63]
[266 -66 73]
[266 -66 72]
[266 -66 71]
[266 -18 126]
[266 -17 126]
[266 -16 126]
[266 -66 69]
[266 -66 68]
[266 -15 125]
[266 -16 125]
[266 -65 58]
[266 -19 122]
[266 -14 128]
[266 -15 127]
[266 -65 67]
[266 -66 67]
[266 -66 66]
[267 -67 61]
[267 -67 59]
[267 -67 69]
[267 -67 68]
[267 -20 123]
[267 -66 74]
[267 -67 73]
[267 -19 127]
[267 -18 127]
[267 -16 127]
[267 -67 71]
[267 -67 62]
[267 -67 63]
[267 -21 126]
[267 -20 126]
[267 -19 126]
[267 -21 125]
[267 -67 70]
[267 -67 65]
[267 -67 64]
[267 -67 66]
[267 -67 67]
[267 -16 128]
[267 -17 127]
[267 -67 72]
[268 -19 128]
[268 -20 128]
[268 -18 128]
[268 -20 127]
[268 -68 74]
[268 -68 73]
[268 -68 72]
[268 -22 126]
[268 -22 124]
[268 -22 125]
[268 -21 124]
[268 -68 68]
[268 -68 69]
[268 -68 70]
[268 -20 122]
[268 -21 122]
[268 -17 128]
[268 -15 128]
[268 -17 129]
[268 -68 65]
[268 -21 127]
[268 -22 127]
[268 -68 71]
[268 -68 67]
[268 -68 66]
[268 -68 63]
[268 -67 74]
[269 -69 70]
[269 -20 129]
[269 -19 129]
[269 -69 72]
[269 -69 73]
[269 -69 62]
[269 -68 62]
[269 -69 64]
[269 -69 63]
[269 -21 128]
[269 -22 128]
[269 -69 69]
[269 -22 123]
[269 -21 121]
[269 -22 121]
[269 -22 122]
[269 -69 67]
[269 -23 126]
[269 -16 129]
[269 -69 75]
[269 -18 129]
[269 -23 124]
[269 -21 123]
[269 -21 129]
[269 -69 74]
[269 -69 71]
[269 -23 127]
[269 -69 66]
[269 -69 65]
[270 -15 129]
[270 -70 75]
[270 -23 122]
[270 -69 68]
[270 -70 68]
[270 -24 127]
[270 -24 126]
[270 -22 129]
[270 -70 70]
[270 -70 69]
[270 -23 123]
[270 -24 124]
[270 -24 125]
[270 -22 120]
[270 -19 130]
[270 -20 130]
[270 -70 72]
[270 -17 130]
[270 -18 130]
[270 -70 74]
[270 -70 73]
[270 -70 63]
[270 -70 71]
[270 -70 66]
[270 -70 62]
[270 -68 61]
[270 -69 61]
[270 -23 120]
[270 -23 121]
[270 -70 64]
[270 -23 128]
[270 -70 65]
[271 -70 67]
[271 -17 131]
[271 -71 74]
[271 -71 75]
[271 -71 62]
[271 -71 63]
[271 -71 73]
[271 -71 71]
[271 -24 123]
[271 -23 130]
[271 -21 130]
[271 -23 129]
[271 -22 130]
[271 -71 65]
[271 -71 64]
[271 -25 125]
[271 -70 60]
[271 -25 126]
[271 -24 128]
[271 -71 69]
[271 -71 67]
[271 -24 121]
[271 -24 120]
[271 -25 127]
[271 -21 131]
[271 -19 131]
[271 -24 122]
[272 -24 129]
[272 -24 130]
[272 -22 131]
[272 -25 129]
[272 -20 131]
[272 -18 131]
[272 -25 122]
[272 -25 121]
[272 -25 120]
[272 -70 59]
[272 -71 59]
[272 -71 70]
[272 -72 68]
[272 -26 126]
[272 -26 125]
[272 -25 123]
[272 -25 124]
[272 -25 128]
[272 -26 127]
[272 -26 128]
[272 -16 131]
[272 -25 119]
[272 -71 66]
[272 -71 68]
[272 -72 75]
[272 -72 74]
[272 -72 71]
[272 -71 72]
[272 -72 70]
[272 -72 61]
[272 -71 61]
[272 -72 66]
[272 -72 67]
[272 -72 64]
[272 -22 132]
[272 -21 132]
[272 -20 132]
[272 -72 73]
[272 -23 131]
[273 -27 126]
[273 -27 125]
[273 -26 124]
[273 -19 132]
[273 -24 131]
[273 -72 62]
[273 -73 73]
[273 -73 75]
[273 -73 74]
[273 -26 129]
[273 -73 65]
[273 -72 65]
[273 -73 67]
[273 -73 66]
[273 -69 58]
[273 -71 58]
[273 -69 59]
[273 -23 132]
[273 -23 133]
[273 -26 123]
[273 -26 122]
[273 -73 68]
[273 -27 128]
[273 -72 69]
[273 -71 60]
[273 -72 60]
[273 -73 63]
[273 -73 64]
[273 -26 119]
[273 -26 130]
[273 -27 127]
[273 -25 130]
[273 -73 71]
[273 -73 70]
[273 -73 69]
[273 -26 120]
[273 -26 121]
[273 -72 58]
[274 -68 59]
[274 -69 57]
[274 -27 123]
[274 -74 74]
[274 -74 72]
[274 -27 124]
[274 -74 66]
[274 -74 64]
[274 -28 126]
[274 -28 125]
[274 -28 124]
[274 -27 129]
[274 -28 128]
[274 -73 58]
[274 -72 59]
[274 -28 127]
[274 -25 131]
[274 -26 131]
[274 -69 60]
[274 -68 60]
[274 -24 132]
[274 -74 62]
[274 -72 63]
[274 -27 131]
[274 -27 130]
[274 -27 120]
[274 -27 122]
[274 -27 121]
[274 -74 68]
[274 -74 65]
[274 -73 61]
[274 -74 67]
[274 -24 133]
[274 -27 119]
[274 -74 73]
[274 -74 75]
[274 -74 69]
[274 -70 58]
[274 -70 57]
[274 -74 71]
[274 -74 70]
[275 -75 73]
[275 -73 72]
[275 -29 125]
[275 -28 121]
[275 -25 133]
[275 -25 132]
[275 -75 72]
[275 -75 64]
[275 -75 63]
[275 -69 56]
[275 -70 56]
[275 -67 60]
[275 -75 71]
[275 -28 129]
[275 -28 130]
[275 -75 62]
[275 -74 63]
[275 -75 61]
[275 -29 128]
[275 -75 67]
[275 -75 69]
[275 -75 65]
[275 -75 66]
[275 -28 120]
[275 -74 60]
[275 -73 62]
[275 -73 59]
[275 -29 127]
[275 -27 132]
[275 -75 70]
[275 -28 123]
[275 -28 119]
[275 -26 132]
[275 -74 58]
[275 -25 134]
[275 -70 61]
[275 -28 122]
[275 -68 56]
[276 -29 124]
[276 -75 58]
[276 -74 59]
[276 -73 57]
[276 -75 57]
[276 -27 133]
[276 -29 123]
[276 -26 134]
[276 -26 133]
[276 -30 127]
[276 -30 129]
[276 -29 130]
[276 -30 128]
[276 -76 72]
[276 -29 119]
[276 -29 118]
[276 -76 71]
[276 -76 65]
[276 -76 64]
[276 -66 59]
[276 -68 57]
[276 -70 55]
[276 -74 61]
[276 -75 59]
[276 -76 68]
[276 -75 74]
[276 -76 63]
[276 -76 61]
[276 -73 60]
[276 -29 120]
[276 -29 122]
[276 -76 62]
[276 -67 55]
[276 -28 131]
[276 -28 133]
[276 -28 132]
[276 -29 121]
[277 -28 134]
[277 -29 133]
[277 -30 124]
[277 -77 70]
[277 -76 70]
[277 -77 72]
[277 -77 71]
[277 -76 73]
[277 -30 122]
[277 -30 121]
[277 -30 123]
[277 -31 128]
[277 -29 131]
[277 -77 63]
[277 -77 61]
[277 -77 62]
[277 -27 134]
[277 -30 119]
[277 -30 118]
[277 -77 65]
[277 -77 64]
[277 -30 120]
[277 -75 60]
[277 -76 58]
[277 -75 56]
[277 -76 57]
[277 -67 56]
[277 -76 67]
[277 -77 67]
[277 -77 68]
[277 -76 69]
[277 -65 59]
[277 -76 59]
[277 -76 74]
[277 -30 130]
[277 -66 54]
[277 -66 55]
[277 -76 66]
[277 -30 126]
[277 -31 126]
[277 -70 54]
[277 -74 56]
[278 -78 64]
[278 -78 66]
[278 -74 57]
[278 -74 55]
[278 -31 122]
[278 -77 58]
[278 -76 56]
[278 -77 56]
[278 -78 71]
[278 -78 72]
[278 -31 123]
[278 -31 125]
[278 -31 124]
[278 -78 69]
[278 -78 68]
[278 -78 67]
[278 -29 134]
[278 -77 69]
[278 -76 60]
[278 -77 60]
[278 -31 129]
[278 -31 130]
[278 -30 131]
[278 -77 74]
[278 -77 73]
[278 -29 132]
[278 -31 127]
[278 -30 125]
[278 -78 65]
[278 -77 75]
[278 -76 75]
[278 -78 62]
[278 -77 59]
[278 -31 121]
[278 -75 68]
[278 -77 66]
[278 -32 128]
[278 -32 127]
[278 -32 125]
[278 -32 126]
[279 -30 133]
[279 -77 57]
[279 -79 62]
[279 -79 61]
[279 -78 63]
[279 -78 61]
[279 -79 65]
[279 -79 68]
[279 -79 69]
[279 -79 67]
[279 -33 125]
[279 -33 126]
[279 -33 127]
[279 -77 55]
[279 -76 55]
[279 -78 56]
[279 -79 64]
[279 -32 121]
[279 -33 129]
[279 -33 128]
[279 -32 124]
[279 -78 73]
[279 -79 73]
[279 -79 71]
[279 -79 72]
[279 -78 74]
[279 -32 123]
[279 -32 122]
[279 -78 70]
[279 -79 70]
[279 -73 55]
[279 -75 55]
[279 -74 54]
[279 -75 54]
[279 -78 75]
[279 -73 56]
[279 -32 129]
[280 -80 63]
[280 -80 62]
[280 -80 65]
[280 -79 66]
[280 -80 66]
[280 -80 73]
[280 -80 72]
[280 -80 69]
[280 -80 68]
[280 -74 53]
[280 -76 53]
[280 -76 54]
[280 -33 121]
[280 -80 61]
[280 -73 53]
[280 -75 53]
[280 -79 63]
[280 -78 58]
[280 -78 57]
[280 -34 126]
[280 -34 128]
[280 -34 129]
[280 -79 56]
[280 -79 74]
[280 -33 124]
[280 -33 123]
[280 -80 67]
[280 -79 75]
[280 -34 127]
[280 -80 71]
[280 -80 70]
[280 -73 54]
[280 -34 125]
[280 -34 124]
[280 -33 122]
[281 -33 120]
[281 -73 52]
[281 -81 68]
[281 -81 69]
[281 -35 129]
[281 -34 130]
[281 -33 130]
[281 -35 128]
[281 -80 74]
[281 -81 64]
[281 -81 66]
[281 -80 64]
[281 -34 121]
[281 -35 125]
[281 -35 127]
[281 -75 52]
[281 -80 75]
[281 -81 72]
[281 -81 70]
[281 -35 124]
[281 -79 57]
[281 -80 57]
[281 -80 56]
[281 -81 71]
[281 -35 123]
[281 -81 73]
[281 -81 67]
[281 -80 60]
[281 -79 60]
[281 -81 60]
[281 -34 122]
[281 -81 62]
[281 -76 52]
[281 -72 53]
[281 -35 126]
[281 -78 59]
[281 -79 58]
[282 -81 65]
[282 -82 66]
[282 -82 65]
[282 -34 120]
[282 -35 130]
[282 -36 130]
[282 -36 127]
[282 -81 74]
[282 -81 76]
[282 -35 122]
[282 -36 122]
[282 -81 58]
[282 -81 57]
[282 -80 58]
[282 -82 72]
[282 -82 71]
[282 -36 129]
[282 -81 63]
[282 -82 63]
[282 -76 51]
[282 -71 53]
[282 -72 52]
[282 -82 68]
[282 -82 67]
[282 -80 59]
[282 -79 59]
[282 -36 124]
[282 -36 125]
[282 -36 126]
[282 -81 61]
[282 -81 59]
[282 -82 60]
[282 -82 73]
[282 -82 70]
[282 -35 121]
[282 -35 120]
[282 -36 123]
[282 -73 51]
[282 -74 51]
[282 -82 61]
[282 -82 62]
[282 -82 69]
[282 -81 75]
[283 -82 74]
[283 -82 75]
[283 -37 124]
[283 -37 123]
[283 -70 52]
[283 -83 61]
[283 -83 62]
[283 -75 50]
[283 -83 69]
[283 -83 68]
[283 -36 131]
[283 -83 65]
[283 -37 128]
[283 -37 127]
[283 -36 121]
[283 -82 59]
[283 -82 58]
[283 -83 73]
[283 -83 72]
[283 -77 51]
[283 -77 52]
[283 -76 50]
[283 -81 77]
[283 -82 77]
[283 -80 77]
[283 -83 71]
[283 -35 119]
[283 -36 120]
[283 -37 125]
[283 -78 60]
[283 -83 60]
[283 -37 122]
[283 -83 66]
[283 -72 51]
[283 -71 51]
[283 -83 64]
[283 -37 126]
[283 -82 64]
[283 -74 50]
[283 -74 52]
[283 -73 50]
[284 -38 128]
[284 -38 127]
[284 -38 129]
[284 -84 72]
[284 -84 73]
[284 -84 69]
[284 -84 68]
[284 -83 59]
[284 -83 58]
[284 -83 63]
[284 -84 63]
[284 -37 120]
[284 -36 118]
[284 -83 67]
[284 -37 131]
[284 -37 132]
[284 -83 75]
[284 -83 74]
[284 -82 57]
[284 -38 122]
[284 -37 121]
[284 -38 121]
[284 -84 59]
[284 -38 123]
[284 -38 124]
[284 -38 125]
[284 -78 51]
[284 -78 52]
[284 -78 50]
[284 -77 53]
[284 -75 49]
[284 -74 49]
[284 -75 51]
[284 -77 50]
[284 -72 50]
[284 -83 78]
[284 -83 76]
[284 -82 78]
[284 -82 76]
[284 -83 70]
[284 -84 70]
[284 -84 61]
[284 -84 60]
[284 -84 62]
[284 -72 49]
[284 -73 49]
[284 -80 76]
[284 -38 126]
[284 -84 65]
[284 -84 64]
[285 -78 49]
[285 -73 48]
[285 -72 48]
[285 -74 48]
[285 -39 122]
[285 -39 121]
[285 -85 60]
[285 -85 59]
[285 -36 117]
[285 -35 118]
[285 -37 119]
[285 -35 117]
[285 -71 50]
[285 -71 49]
[285 -71 48]
[285 -85 62]
[285 -38 130]
[285 -37 129]
[285 -39 129]
[285 -85 69]
[285 -85 70]
[285 -85 68]
[285 -39 125]
[285 -76 48]
[285 -85 61]
[285 -39 123]
[285 -84 74]
[285 -84 75]
[285 -79 51]
[285 -85 65]
[285 -83 57]
[285 -85 73]
[285 -84 71]
[285 -84 76]
[285 -39 127]
[285 -39 128]
[285 -84 77]
[285 -85 63]
[285 -85 64]
[285 -38 120]
[285 -84 67]
[285 -85 74]
[286 -70 50]
[286 -39 119]
[286 -85 75]
[286 -85 76]
[286 -79 50]
[286 -78 48]
[286 -79 49]
[286 -86 63]
[286 -86 64]
[286 -38 131]
[286 -86 61]
[286 -86 59]
[286 -84 58]
[286 -85 67]
[286 -71 47]
[286 -70 47]
[286 -40 122]
[286 -73 47]
[286 -75 47]
[286 -40 128]
[286 -83 77]
[286 -85 77]
[286 -85 72]
[286 -86 74]
[286 -86 71]
[286 -86 70]
[286 -85 71]
[286 -86 66]
[286 -85 66]
[286 -84 66]
[286 -38 119]
[286 -39 124]
[286 -40 126]
[286 -40 125]
[286 -76 47]
[286 -77 49]
[286 -86 62]
[286 -40 121]
[286 -85 58]
[286 -86 60]
[286 -40 123]
[286 -86 68]
[286 -86 69]
[286 -37 118]
[286 -35 116]
[286 -37 117]
[286 -37 116]
[286 -80 50]
[286 -40 129]
[287 -86 67]
[287 -41 121]
[287 -41 120]
[287 -40 120]
[287 -37 130]
[287 -41 128]
[287 -69 47]
[287 -70 46]
[287 -69 46]
[287 -87 64]
[287 -39 118]
[287 -40 118]
[287 -40 119]
[287 -39 120]
[287 -76 49]
[287 -77 48]
[287 -74 47]
[287 -75 48]
[287 -76 46]
[287 -40 124]
[287 -41 125]
[287 -41 126]
[287 -41 124]
[287 -86 65]
[287 -86 73]
[287 -86 72]
[287 -77 46]
[287 -77 47]
[287 -39 126]
[287 -87 62]
[287 -80 49]
[287 -81 51]
[287 -86 76]
[287 -36 115]
[287 -87 70]
[287 -87 71]
[287 -70 49]
[287 -87 69]
[287 -36 116]
[287 -87 65]
[287 -87 61]
[287 -41 127]
[287 -74 46]
[287 -72 47]
[287 -73 46]
[287 -38 118]
[287 -41 122]
[287 -72 46]
[287 -80 48]
[288 -37 115]
[288 -71 46]
[288 -38 117]
[288 -40 117]
[288 -78 46]
[288 -76 45]
[288 -78 47]
[288 -77 45]
[288 -75 46]
[288 -88 62]
[288 -79 47]
[288 -80 47]
[288 -81 49]
[288 -79 48]
[288 -81 50]
[288 -71 45]
[288 -70 45]
[288 -69 45]
[288 -42 127]
[288 -87 74]
[288 -42 120]
[288 -42 121]
[288 -75 45]
[288 -88 61]
[288 -87 63]
[288 -39 117]
[288 -41 118]
[288 -73 45]
[288 -69 48]
[288 -68 46]
[288 -88 68]
[288 -88 70]
[288 -41 119]
[288 -42 123]
[288 -42 124]
[288 -41 123]
[288 -86 75]
[288 -87 77]
[288 -86 77]
[288 -42 126]
[288 -68 47]
[288 -68 45]
[288 -87 66]
[288 -42 125]
[288 -74 45]
[288 -40 127]
[288 -42 119]
[288 -82 51]
[288 -88 71]
[288 -42 122]
[288 -87 68]
[288 -87 67]
[289 -43 121]
[289 -43 122]
[289 -43 123]
[289 -37 114]
[289 -38 115]
[289 -38 114]
[289 -69 49]
[289 -70 48]
[289 -72 45]
[289 -43 120]
[289 -88 73]
[289 -70 44]
[289 -69 44]
[289 -67 46]
[289 -67 45]
[289 -79 46]
[289 -88 72]
[289 -89 70]
[289 -87 72]
[289 -67 44]
[289 -68 44]
[289 -71 44]
[289 -89 69]
[289 -89 68]
[289 -88 67]
[289 -83 51]
[289 -39 116]
[289 -88 66]
[289 -87 60]
[289 -89 62]
[289 -88 69]
[289 -82 49]
[289 -82 50]
[289 -43 125]
[289 -43 126]
[289 -68 48]
[289 -80 46]
[289 -74 44]
[289 -73 44]
[289 -72 44]
[289 -88 64]
[289 -87 78]
[289 -87 76]
[289 -38 116]
[289 -79 45]
[289 -76 44]
[289 -75 44]
[289 -41 117]
[289 -89 71]
[289 -88 78]
[289 -88 77]
[289 -42 117]
[289 -42 118]
[289 -77 44]
[289 -81 46]
[289 -81 48]
[289 -82 48]
[289 -43 124]
[290 -44 124]
[290 -44 123]
[290 -67 43]
[290 -43 119]
[290 -89 78]
[290 -89 76]
[290 -89 77]
[290 -90 69]
[290 -90 71]
[290 -78 45]
[290 -44 122]
[290 -70 43]
[290 -72 43]
[290 -66 43]
[290 -81 47]
[290 -80 45]
[290 -81 45]
[290 -83 49]
[290 -83 48]
[290 -37 113]
[290 -44 121]
[290 -41 116]
[290 -90 68]
[290 -90 70]
[290 -82 47]
[290 -44 125]
[290 -80 44]
[290 -79 44]
[290 -78 44]
[290 -89 79]
[290 -87 79]
[290 -83 47]
[290 -39 114]
[290 -89 65]
[290 -88 65]
[290 -89 67]
[290 -82 46]
[290 -77 43]
[290 -90 62]
[290 -78 43]
[290 -87 73]
[290 -83 50]
[290 -69 43]
[290 -71 43]
[290 -89 66]
[290 -89 63]
[290 -89 64]
[290 -44 119]
[290 -44 120]
[290 -75 43]
[290 -39 115]
[290 -40 115]
[290 -68 43]
[291 -69 42]
[291 -84 47]
[291 -84 48]
[291 -76 43]
[291 -76 42]
[291 -75 42]
[291 -74 42]
[291 -90 78]
[291 -72 42]
[291 -73 42]
[291 -73 43]
[291 -66 42]
[291 -67 42]
[291 -66 44]
[291 -83 46]
[291 -40 116]
[291 -42 115]
[291 -41 115]
[291 -42 116]
[291 -84 50]
[291 -84 49]
[291 -78 42]
[291 -79 43]
[291 -91 70]
[291 -91 71]
[291 -40 114]
[291 -45 123]
[291 -45 121]
[291 -90 67]
[291 -45 124]
[291 -38 113]
[291 -88 63]
[291 -90 63]
[291 -90 65]
[291 -90 64]
[291 -83 45]
[291 -82 45]
[291 -45 122]
[291 -70 42]
[291 -71 42]
[291 -45 120]
[291 -45 119]
[291 -91 68]
[291 -37 112]
[291 -43 118]
[291 -81 44]
[291 -44 118]
[291 -91 63]
[291 -68 42]
[291 -90 79]
[291 -89 80]
[291 -90 80]
[291 -90 75]
[291 -91 69]
[291 -86 80]
[291 -87 80]
[292 -46 121]
[292 -85 47]
[292 -85 46]
[292 -46 119]
[292 -70 41]
[292 -77 41]
[292 -77 42]
[292 -79 42]
[292 -75 41]
[292 -74 41]
[292 -68 41]
[292 -69 41]
[292 -74 43]
[292 -71 41]
[292 -41 114]
[292 -41 113]
[292 -43 115]
[292 -92 63]
[292 -88 80]
[292 -87 81]
[292 -88 79]
[292 -72 41]
[292 -91 64]
[292 -90 66]
[292 -91 66]
[292 -67 41]
[292 -85 48]
[292 -46 123]
[292 -91 65]
[292 -44 117]
[292 -46 118]
[292 -46 120]
[292 -66 41]
[292 -84 45]
[292 -39 113]
[292 -89 75]
[292 -90 81]
[292 -89 81]
[292 -84 46]
[292 -84 44]
[292 -82 44]
[292 -73 41]
[292 -43 117]
[292 -43 116]
[292 -85 81]
[292 -83 44]
[292 -88 81]
[292 -45 118]
[292 -85 49]
[292 -85 50]
[293 -42 113]
[293 -40 113]
[293 -68 40]
[293 -67 40]
[293 -66 40]
[293 -92 65]
[293 -92 66]
[293 -86 49]
[293 -47 117]
[293 -47 118]
[293 -46 117]
[293 -45 117]
[293 -65 41]
[293 -85 44]
[293 -85 45]
[293 -86 46]
[293 -73 40]
[293 -75 40]
[293 -44 116]
[293 -42 114]
[293 -44 114]
[293 -43 114]
[293 -69 40]
[293 -72 40]
[293 -74 40]
[293 -38 112]
[293 -39 112]
[293 -47 122]
[293 -47 124]
[293 -88 82]
[293 -85 82]
[293 -86 82]
[293 -85 80]
[293 -84 82]
[293 -83 43]
[293 -82 43]
[293 -86 81]
[293 -87 82]
[293 -91 67]
[293 -80 43]
[293 -85 43]
[293 -47 119]
[293 -47 120]
[293 -47 121]
[293 -76 41]
[293 -88 76]
[293 -77 40]
[293 -76 40]
[293 -78 41]
[293 -42 112]
[293 -40 112]
[293 -92 64]
[293 -93 64]
[293 -44 115]
[294 -81 43]
[294 -81 42]
[294 -86 44]
[294 -43 112]
[294 -41 112]
[294 -43 113]
[294 -83 42]
[294 -93 65]
[294 -82 42]
[294 -73 39]
[294 -48 123]
[294 -48 122]
[294 -44 113]
[294 -48 121]
[294 -45 114]
[294 -67 39]
[294 -45 116]
[294 -38 111]
[294 -87 83]
[294 -75 39]
[294 -76 39]
[294 -77 39]
[294 -74 39]
[294 -65 40]
[294 -78 40]
[294 -79 41]
[294 -39 111]
[294 -86 83]
[294 -85 83]
[294 -83 82]
[294 -86 42]
[294 -84 42]
[294 -86 43]
[294 -84 43]
[294 -87 48]
[294 -48 117]
[294 -48 118]
[294 -84 81]
[294 -48 119]
[294 -86 45]
[294 -87 45]
[294 -87 46]
[294 -48 116]
[294 -46 116]
[294 -43 111]
[294 -65 42]
[294 -46 122]
[294 -48 120]
[294 -48 124]
[294 -47 123]
[295 -80 41]
[295 -78 39]
[295 -79 39]
[295 -88 47]
[295 -86 47]
[295 -88 45]
[295 -74 38]
[295 -87 84]
[295 -86 84]
[295 -85 84]
[295 -41 111]
[295 -42 111]
[295 -82 83]
[295 -49 118]
[295 -47 116]
[295 -49 116]
[295 -44 111]
[295 -85 42]
[295 -49 120]
[295 -49 121]
[295 -49 122]
[295 -42 110]
[295 -80 40]
[295 -80 42]
[295 -88 46]
[295 -45 115]
[295 -46 115]
[295 -44 112]
[295 -45 112]
[295 -45 113]
[295 -87 43]
[295 -87 44]
[295 -47 115]
[295 -66 39]
[295 -49 117]
[295 -77 38]
[295 -76 38]
[295 -49 119]
[295 -78 38]
[295 -83 41]
[295 -88 84]
[295 -88 83]
[295 -64 39]
[295 -84 84]
[295 -81 41]
[295 -72 38]
[295 -72 39]
[295 -86 48]
[295 -86 41]
[295 -85 41]
[295 -82 41]
[295 -84 41]
[295 -39 110]
[296 -46 114]
[296 -85 40]
[296 -45 111]
[296 -86 85]
[296 -42 109]
[296 -41 110]
[296 -83 40]
[296 -82 40]
[296 -84 83]
[296 -83 85]
[296 -83 84]
[296 -83 83]
[296 -81 40]
[296 -65 39]
[296 -50 119]
[296 -74 37]
[296 -47 114]
[296 -87 42]
[296 -88 43]
[296 -79 38]
[296 -80 39]
[296 -48 115]
[296 -50 123]
[296 -76 37]
[296 -84 40]
[296 -86 40]
[296 -87 85]
[296 -50 115]
[296 -40 111]
[296 -40 110]
[296 -38 110]
[296 -79 37]
[296 -88 44]
[296 -89 45]
[296 -89 46]
[296 -89 44]
[296 -75 38]
[296 -77 37]
[296 -87 47]
[296 -50 121]
[296 -43 110]
[296 -45 110]
[296 -44 110]
[296 -50 120]
[296 -72 37]
[296 -73 38]
[296 -50 118]
[296 -64 38]
[297 -82 39]
[297 -46 112]
[297 -46 111]
[297 -75 37]
[297 -84 39]
[297 -46 110]
[297 -73 36]
[297 -74 36]
[297 -87 40]
[297 -81 38]
[297 -63 38]
[297 -63 37]
[297 -78 37]
[297 -78 36]
[297 -77 36]
[297 -49 115]
[297 -47 113]
[297 -46 113]
[297 -86 86]
[297 -85 86]
[297 -85 85]
[297 -40 109]
[297 -51 120]
[297 -51 121]
[297 -51 122]
[297 -81 39]
[297 -84 85]
[297 -82 84]
[297 -80 38]
[297 -38 109]
[297 -41 109]
[297 -43 109]
[297 -41 108]
[297 -50 117]
[297 -51 119]
[297 -51 118]
[297 -73 37]
[297 -50 122]
[297 -82 86]
[297 -84 86]
[297 -90 43]
[297 -45 109]
[298 -52 121]
[298 -52 123]
[298 -51 123]
[298 -40 107]
[298 -40 108]
[298 -42 108]
[298 -90 42]
[298 -79 36]
[298 -79 35]
[298 -78 35]
[298 -80 37]
[298 -82 38]
[298 -82 37]
[298 -85 87]
[298 -86 87]
[298 -47 112]
[298 -83 87]
[298 -84 87]
[298 -83 86]
[298 -37 108]
[298 -39 109]
[298 -52 120]
[298 -52 122]
[298 -83 39]
[298 -83 38]
[298 -85 38]
[298 -84 38]
[298 -72 36]
[298 -52 118]
[298 -52 119]
[298 -64 36]
[298 -64 37]
[298 -47 111]
[298 -47 110]
[298 -51 117]
[298 -50 116]
[298 -51 116]
[298 -73 35]
[298 -75 35]
[298 -75 36]
[298 -88 39]
[298 -88 40]
[298 -87 39]
[298 -87 87]
[298 -87 86]
[298 -39 108]
[298 -46 109]
[298 -72 35]
[298 -74 35]
[298 -81 87]
[298 -76 36]
[299 -82 87]
[299 -53 119]
[299 -53 120]
[299 -89 41]
[299 -89 42]
[299 -52 116]
[299 -51 115]
[299 -52 117]
[299 -85 39]
[299 -84 37]
[299 -85 37]
[299 -79 34]
[299 -80 35]
[299 -80 34]
[299 -73 34]
[299 -74 34]
[299 -75 34]
[299 -63 36]
[299 -81 37]
[299 -83 37]
[299 -53 118]
[299 -53 123]
[299 -83 88]
[299 -82 88]
[299 -38 107]
[299 -39 107]
[299 -53 121]
[299 -77 35]
[299 -48 111]
[299 -72 34]
[299 -89 38]
[299 -89 39]
[299 -64 35]
[299 -40 106]
[299 -39 106]
[299 -53 117]
[299 -85 88]
[299 -76 35]
[299 -37 107]
[299 -36 107]
[299 -38 108]
[299 -36 108]
[299 -86 38]
[299 -88 38]
[299 -81 36]
[299 -81 88]
[299 -80 88]
[299 -89 40]
[299 -80 36]
[299 -48 112]
[300 -80 33]
[300 -90 38]
[300 -90 39]
[300 -90 40]
[300 -37 109]
[300 -35 107]
[300 -63 34]
[300 -53 122]
[300 -88 37]
[300 -89 37]
[300 -90 41]
[300 -88 41]
[300 -79 33]
[300 -81 35]
[300 -82 89]
[300 -83 89]
[300 -54 119]
[300 -54 117]
[300 -76 34]
[300 -86 89]
[300 -86 88]
[300 -52 115]
[300 -53 116]
[300 -54 121]
[300 -81 86]
[300 -82 36]
[300 -86 39]
[300 -86 37]
[300 -83 36]
[300 -84 36]
[300 -54 120]
[300 -54 118]
[300 -75 33]
[300 -76 33]
[300 -85 36]
[300 -73 33]
[300 -50 114]
[300 -38 106]
[300 -36 106]
[300 -81 34]
[300 -84 88]
[300 -84 89]
[301 -85 35]
[301 -37 106]
[301 -55 118]
[301 -55 117]
[301 -82 35]
[301 -82 85]
[301 -89 36]
[301 -91 39]
[301 -87 37]
[301 -83 35]
[301 -84 35]
[301 -91 38]
[301 -91 40]
[301 -76 32]
[301 -79 32]
[301 -78 33]
[301 -51 114]
[301 -74 33]
[301 -72 32]
[301 -72 33]
[301 -91 37]
[301 -80 32]
[301 -34 108]
[301 -34 107]
[301 -85 89]
[301 -62 33]
[301 -82 34]
[301 -82 90]
[301 -81 90]
[301 -83 90]
[301 -84 90]
[301 -81 33]
[301 -85 90]
[301 -75 32]
[302 -77 34]
[302 -79 31]
[302 -80 31]
[302 -78 31]
[302 -81 91]
[302 -80 90]
[302 -83 91]
[302 -84 91]
[302 -85 91]
[302 -82 91]
[302 -86 36]
[302 -74 32]
[302 -90 35]
[302 -88 36]
[302 -89 35]
[302 -51 113]
[302 -85 34]
[302 -84 34]
[302 -83 34]
[302 -54 116]
[302 -90 37]
[302 -90 36]
[302 -91 36]
[302 -75 31]
[302 -77 32]
[302 -77 31]
[302 -76 31]
[302 -74 31]
[302 -81 32]
[302 -73 32]
[302 -73 31]
[303 -91 35]
[303 -83 92]
[303 -72 30]
[303 -78 30]
[303 -77 30]
[303 -76 30]
[303 -78 32]
[303 -84 92]
[303 -86 35]
[303 -87 35]
[303 -81 31]
[303 -84 33]
[303 -53 115]
[303 -75 30]
[303 -82 92]
[303 -82 33]
[303 -82 31]
[303 -88 35]
[303 -88 34]
[303 -80 30]
[303 -74 30]
[303 -89 34]
[303 -81 89]
[303 -80 89]
[303 -83 33]
[303 -81 92]
[304 -73 29]
[304 -74 29]
[304 -86 34]
[304 -88 33]
[304 -87 34]
[304 -77 33]
[304 -77 29]
[304 -75 29]
[304 -82 32]
[304 -83 32]
[304 -92 34]
[304 -83 93]
[304 -87 36]
[304 -82 93]
[304 -81 93]
[304 -79 30]
[304 -85 33]
[304 -80 92]
[304 -80 29]
[304 -81 30]
[304 -83 30]
[304 -84 32]
[304 -87 33]
[304 -89 33]
[304 -76 29]
[304 -72 29]
[305 -86 33]
[305 -85 32]
[305 -86 32]
[305 -79 29]
[305 -92 33]
[305 -81 29]
[305 -82 30]
[305 -82 29]
[305 -83 31]
[305 -80 28]
[305 -75 28]
[305 -80 93]
[305 -78 34]
[305 -84 31]
[305 -84 29]
[305 -83 29]
[305 -84 30]
[305 -74 28]
[305 -73 30]
[305 -80 94]
[305 -82 94]
[305 -89 32]
[305 -73 28]
[305 -72 28]
[305 -78 28]
[305 -76 28]
[305 -81 94]
[305 -77 28]
[305 -90 34]
[305 -90 32]
[305 -83 94]
[305 -84 93]
[306 -84 94]
[306 -83 95]
[306 -82 95]
[306 -84 28]
[306 -83 28]
[306 -78 27]
[306 -76 27]
[306 -78 29]
[306 -77 27]
[306 -79 28]
[306 -81 28]
[306 -85 93]
[306 -74 27]
[306 -72 27]
[306 -73 27]
[306 -80 95]
[306 -85 31]
[306 -85 29]
[306 -75 27]
[306 -85 30]
[306 -87 32]
[306 -80 27]
[306 -81 27]
[306 -91 32]
[306 -90 33]
[306 -90 31]
[306 -92 32]
[306 -91 34]
[306 -91 33]
[306 -81 95]
[306 -79 93]
[306 -79 94]
[306 -88 32]
[306 -88 31]
[306 -72 31]
[307 -86 31]
[307 -88 30]
[307 -87 30]
[307 -89 30]
[307 -79 26]
[307 -80 26]
[307 -78 26]
[307 -76 26]
[307 -79 92]
[307 -78 93]
[307 -78 94]
[307 -78 92]
[307 -79 95]
[307 -73 26]
[307 -74 26]
[307 -90 30]
[307 -89 31]
[307 -91 30]
[307 -79 27]
[307 -93 31]
[307 -93 32]
[307 -82 96]
[307 -71 27]
[307 -72 26]
[307 -82 28]
[307 -75 26]
[307 -86 29]
[307 -85 28]
[307 -83 27]
[307 -84 27]
[307 -82 27]
[307 -77 26]
[307 -81 96]
[307 -83 96]
[307 -82 26]
[307 -81 26]
[307 -85 27]
[307 -80 96]
[308 -79 25]
[308 -78 25]
[308 -77 25]
[308 -73 25]
[308 -80 97]
[308 -82 97]
[308 -86 30]
[308 -87 31]
[308 -94 31]
[308 -93 33]
[308 -92 31]
[308 -79 97]
[308 -83 26]
[308 -87 29]
[308 -80 25]
[308 -81 25]
[308 -78 96]
[308 -83 25]
[308 -77 94]
[308 -77 92]
[308 -74 25]
[308 -75 25]
[308 -81 97]
[308 -84 26]
[308 -88 29]
[308 -77 93]
[308 -77 91]
[308 -78 91]
[308 -92 30]
[308 -92 29]
[308 -90 29]
[308 -86 28]
[308 -86 27]
[308 -94 30]
[308 -76 25]
[308 -84 96]
[308 -84 97]
[308 -70 27]
[308 -78 95]
[308 -89 29]
[309 -91 31]
[309 -91 29]
[309 -78 24]
[309 -80 24]
[309 -76 91]
[309 -76 93]
[309 -93 30]
[309 -94 29]
[309 -93 28]
[309 -78 90]
[309 -77 24]
[309 -84 24]
[309 -83 24]
[309 -82 24]
[309 -82 25]
[309 -79 96]
[309 -79 98]
[309 -81 98]
[309 -87 27]
[309 -77 95]
[309 -77 97]
[309 -89 28]
[309 -88 28]
[309 -85 26]
[309 -85 25]
[309 -79 24]
[309 -87 28]
[309 -82 98]
[309 -80 98]
[309 -76 94]
[309 -73 24]
[309 -74 24]
[309 -85 97]
[309 -83 98]
[309 -76 92]
[309 -76 95]
[309 -81 24]
[309 -85 95]
[309 -69 26]
[309 -70 26]
[309 -69 27]
[309 -75 24]
[309 -76 24]
[309 -78 97]
[309 -78 98]
[310 -81 23]
[310 -82 23]
[310 -83 23]
[310 -75 94]
[310 -75 95]
[310 -75 93]
[310 -77 96]
[310 -80 23]
[310 -78 23]
[310 -93 29]
[310 -94 28]
[310 -84 25]
[310 -77 98]
[310 -77 23]
[310 -79 23]
[310 -92 28]
[310 -90 28]
[310 -88 27]
[310 -75 92]
[310 -85 24]
[310 -86 26]
[310 -73 23]
[310 -75 23]
[310 -76 23]
[310 -90 27]
[310 -89 27]
[310 -81 99]
[310 -85 96]
[310 -84 95]
[310 -79 99]
[310 -83 99]
[310 -82 99]
[310 -84 98]
[310 -83 97]
[310 -85 98]
[311 -74 93]
[311 -79 22]
[311 -79 100]
[311 -80 100]
[311 -80 99]
[311 -75 22]
[311 -76 22]
[311 -74 22]
[311 -85 99]
[311 -80 22]
[311 -89 26]
[311 -90 26]
[311 -81 100]
[311 -81 22]
[311 -87 26]
[311 -78 99]
[311 -76 97]
[311 -93 27]
[311 -82 100]
[311 -76 96]
[311 -86 23]
[311 -86 24]
[311 -85 23]
[311 -83 100]
[311 -77 22]
[311 -78 22]
[311 -74 96]
[311 -74 95]
[311 -75 96]
[311 -74 94]
[311 -83 22]
[311 -84 23]
[311 -84 22]
[312 -86 25]
[312 -81 101]
[312 -76 21]
[312 -75 21]
[312 -85 100]
[312 -84 100]
[312 -81 21]
[312 -79 21]
[312 -85 22]
[312 -78 21]
[312 -82 101]
[312 -87 22]
[312 -73 21]
[312 -80 101]
[312 -89 25]
[312 -91 25]
[312 -90 25]
[312 -91 27]
[312 -84 99]
[312 -83 101]
[312 -84 101]
[312 -75 97]
[312 -77 21]
[312 -83 21]
[312 -84 21]
[312 -82 22]
[312 -87 25]
[312 -79 101]
[312 -94 26]
[312 -93 26]
[312 -94 27]
[312 -88 25]
[313 -82 102]
[313 -73 22]
[313 -78 20]
[313 -92 27]
[313 -92 26]
[313 -91 24]
[313 -87 24]
[313 -79 20]
[313 -80 102]
[313 -81 102]
[313 -85 101]
[313 -88 24]
[313 -88 26]
[313 -90 24]
[313 -80 20]
[313 -82 20]
[313 -82 21]
[313 -95 26]
[313 -76 20]
[313 -88 21]
[313 -88 22]
[313 -86 21]
[313 -84 20]
[313 -85 21]
[313 -95 25]
[313 -75 20]
[313 -89 24]
[314 -94 25]
[314 -80 19]
[314 -80 21]
[314 -79 19]
[314 -75 19]
[314 -74 20]
[314 -74 21]
[314 -77 19]
[314 -77 20]
[314 -88 23]
[314 -87 23]
[314 -76 19]
[314 -87 21]
[314 -86 22]
[314 -87 20]
[314 -92 25]
[314 -93 25]
[314 -81 20]
[314 -91 28]
[314 -83 20]
[314 -82 19]
[314 -81 19]
[314 -89 21]
[314 -89 23]
[314 -89 22]
[314 -92 24]
[314 -91 23]
[314 -90 23]
[314 -96 24]
[314 -95 24]
[314 -88 20]
[314 -85 20]
[314 -84 19]
[315 -83 19]
[315 -85 19]
[315 -84 18]
[315 -95 23]
[315 -97 23]
[315 -96 23]
[315 -91 26]
[315 -81 18]
[315 -80 18]
[315 -79 18]
[315 -77 18]
[315 -75 18]
[315 -86 19]
[315 -76 18]
[315 -74 19]
[315 -94 24]
[315 -94 23]
[315 -89 20]
[315 -90 22]
[315 -92 23]
[315 -78 19]
[315 -78 18]
[315 -93 23]
[316 -77 17]
[316 -79 17]
[316 -76 17]
[316 -74 18]
[316 -74 17]
[316 -93 24]
[316 -75 17]
[316 -81 17]
[316 -90 21]
[316 -90 19]
[316 -90 20]
[316 -86 20]
[316 -85 18]
[316 -86 18]
[316 -96 22]
[316 -98 23]
[316 -98 22]
[316 -97 24]
[316 -98 24]
[316 -95 22]
[316 -83 17]
[316 -78 17]
[316 -91 22]
[316 -93 22]
[316 -92 22]
[317 -97 22]
[317 -96 21]
[317 -75 16]
[317 -91 21]
[317 -91 20]
[317 -94 21]
[317 -94 22]
[317 -79 16]
[317 -74 16]
[317 -89 19]
[317 -91 19]
[317 -82 17]
[317 -82 16]
[317 -84 17]
[317 -78 16]
[317 -77 16]
[317 -98 21]
[317 -99 23]
[317 -87 19]
[317 -86 17]
[317 -85 17]
[317 -76 16]
[317 -80 17]
[317 -81 16]
[318 -91 18]
[318 -92 20]
[318 -80 16]
[318 -74 15]
[318 -75 15]
[318 -93 21]
[318 -81 15]
[318 -98 20]
[318 -99 21]
[318 -97 20]
[318 -84 16]
[318 -86 16]
[318 -85 16]
[318 -77 15]
[318 -79 15]
[318 -88 18]
[318 -92 19]
[318 -92 21]
[318 -83 16]
[318 -82 18]
[318 -87 17]
[318 -87 18]
[318 -87 16]
[318 -95 20]
[318 -78 15]
[318 -76 15]
[318 -94 20]
[318 -95 21]
[318 -93 20]
[318 -80 15]
[319 -90 18]
[319 -91 17]
[319 -94 19]
[319 -77 14]
[319 -75 14]
[319 -76 14]
[319 -79 14]
[319 -80 14]
[319 -78 14]
[319 -97 21]
[319 -98 19]
[319 -96 19]
[319 -97 19]
[319 -96 20]
[319 -85 15]
[319 -83 15]
[319 -84 15]
[319 -74 14]
[319 -88 17]
[319 -88 16]
[319 -100 21]
[319 -99 22]
[319 -100 22]
[319 -88 15]
[319 -87 15]
[319 -93 19]
[319 -81 14]
[319 -82 14]
[319 -82 15]
[319 -99 20]
[319 -88 19]
[320 -89 14]
[320 -97 18]
[320 -89 16]
[320 -101 22]
[320 -101 21]
[320 -100 20]
[320 -80 13]
[320 -81 13]
[320 -77 13]
[320 -96 18]
[320 -87 14]
[320 -88 14]
[320 -86 14]
[320 -99 19]
[320 -100 19]
[320 -74 13]
[320 -78 13]
[320 -76 13]
[320 -89 18]
[320 -86 15]
[320 -84 14]
[320 -100 23]
[320 -75 13]
[320 -83 13]
[320 -82 13]
[320 -83 14]
[320 -94 18]
[320 -92 18]
[320 -79 13]
[320 -90 16]
[320 -90 17]
[320 -89 17]
[320 -89 15]
[320 -93 18]
[321 -81 12]
[321 -84 13]
[321 -84 12]
[321 -97 17]
[321 -96 17]
[321 -98 17]
[321 -75 12]
[321 -85 14]
[321 -95 19]
[321 -95 18]
[321 -90 14]
[321 -101 20]
[321 -92 17]
[321 -93 17]
[321 -88 13]
[321 -99 18]
[321 -101 18]
[321 -100 18]
[321 -77 12]
[321 -86 13]
[321 -91 16]
[321 -87 13]
[321 -79 12]
[321 -94 17]
[321 -90 15]
[321 -82 12]
[321 -102 22]
[321 -102 20]
[321 -102 21]
[321 -89 13]
[322 -101 19]
[322 -100 17]
[322 -103 21]
[322 -78 12]
[322 -80 12]
[322 -78 11]
[322 -79 11]
[322 -89 12]
[322 -90 13]
[322 -85 11]
[322 -83 12]
[322 -85 13]
[322 -80 11]
[322 -103 19]
[322 -103 20]
[322 -81 11]
[322 -83 11]
[322 -76 11]
[322 -88 12]
[322 -95 16]
[322 -94 16]
[322 -95 17]
[322 -86 12]
[322 -102 19]
[322 -92 16]
[322 -85 12]
[322 -96 16]
[322 -102 18]
[322 -91 13]
[322 -77 11]
[322 -99 16]
[323 -79 10]
[323 -81 10]
[323 -104 20]
[323 -103 18]
[323 -84 11]
[323 -95 15]
[323 -96 15]
[323 -103 17]
[323 -97 15]
[323 -97 16]
[323 -90 12]
[323 -80 10]
[323 -82 11]
[323 -91 15]
[323 -93 16]
[323 -93 15]
[323 -99 17]
[323 -101 16]
[323 -100 16]
[323 -101 17]
[323 -104 19]
[323 -91 14]
[323 -92 13]
[323 -89 11]
[323 -88 11]
[323 -83 10]
[323 -87 12]
[323 -75 11]
[323 -76 12]
[323 -77 10]
[323 -78 10]
[323 -87 11]
[323 -85 10]
[323 -84 10]
[323 -98 15]
[323 -98 16]
[324 -105 20]
[324 -87 10]
[324 -89 10]
[324 -91 12]
[324 -90 11]
[324 -90 10]
[324 -84 9]
[324 -85 9]
[324 -80 9]
[324 -86 11]
[324 -76 10]
[324 -77 9]
[324 -104 17]
[324 -103 16]
[324 -102 17]
[324 -100 15]
[324 -78 9]
[324 -86 10]
[324 -86 9]
[324 -92 14]
[324 -82 9]
[324 -82 10]
[324 -88 10]
[324 -92 15]
[324 -104 18]
[324 -93 13]
[324 -93 12]
[324 -93 14]
[324 -92 12]
[324 -94 14]
[324 -102 16]
[324 -101 15]
[324 -95 14]
[324 -97 14]
[324 -96 14]
[325 -94 11]
[325 -93 11]
[325 -85 8]
[325 -96 13]
[325 -98 14]
[325 -87 9]
[325 -99 14]
[325 -99 15]
[325 -100 14]
[325 -88 9]
[325 -89 9]
[325 -91 11]
[325 -90 9]
[325 -91 9]
[325 -91 10]
[325 -105 16]
[325 -104 16]
[325 -83 9]
[325 -79 9]
[325 -76 9]
[325 -77 8]
[325 -94 13]
[325 -94 15]
[325 -78 8]
[325 -79 8]
[325 -84 8]
[325 -83 8]
[325 -75 10]
[325 -75 9]
[325 -102 15]
[325 -104 15]
[325 -94 12]
[325 -102 14]
[325 -101 14]
[325 -86 8]
[325 -97 13]
[325 -82 8]
[325 -106 19]
[326 -78 7]
[326 -80 7]
[326 -91 8]
[326 -92 10]
[326 -92 9]
[326 -90 8]
[326 -95 12]
[326 -92 11]
[326 -97 12]
[326 -86 7]
[326 -87 7]
[326 -103 15]
[326 -76 8]
[326 -102 13]
[326 -103 14]
[326 -103 13]
[326 -80 8]
[326 -83 7]
[326 -105 15]
[326 -106 17]
[326 -106 15]
[326 -89 8]
[326 -85 7]
[326 -88 8]
[326 -98 13]
[326 -100 13]
[326 -99 13]
[326 -95 13]
[326 -104 14]
[326 -106 18]
[326 -107 18]
[326 -105 18]
[326 -82 7]
[326 -81 8]
[326 -81 7]
[326 -87 8]
[326 -101 13]
[326 -79 7]
[326 -95 10]
[326 -95 11]
[326 -93 10]
[326 -75 8]
[327 -104 13]
[327 -105 14]
[327 -94 10]
[327 -91 7]
[327 -90 7]
[327 -92 7]
[327 -81 6]
[327 -82 6]
[327 -101 12]
[327 -88 7]
[327 -84 7]
[327 -84 6]
[327 -87 6]
[327 -93 9]
[327 -92 8]
[327 -93 8]
[327 -81 9]
[327 -86 6]
[327 -105 19]
[327 -103 12]
[327 -78 6]
[327 -80 6]
[327 -79 6]
[327 -77 6]
[327 -102 12]
[327 -107 15]
[327 -107 16]
[327 -106 16]
[327 -106 14]
[327 -96 12]
[327 -98 12]
[327 -99 12]
[327 -98 11]
[327 -97 11]
[327 -96 9]
[327 -96 10]
[327 -105 17]
[327 -100 12]
[328 -80 5]
[328 -103 11]
[328 -96 11]
[328 -108 16]
[328 -108 15]
[328 -107 14]
[328 -88 5]
[328 -99 11]
[328 -93 6]
[328 -93 7]
[328 -77 5]
[328 -107 17]
[328 -89 6]
[328 -89 7]
[328 -95 9]
[328 -97 9]
[328 -97 10]
[328 -83 6]
[328 -81 5]
[328 -78 5]
[328 -85 6]
[328 -106 13]
[328 -97 8]
[328 -95 8]
[328 -96 8]
[328 -102 11]
[328 -85 5]
[328 -87 5]
[328 -104 12]
[328 -105 13]
[328 -91 6]
[328 -100 11]
[328 -99 10]
[328 -98 10]
[328 -94 9]
[329 -87 4]
[329 -88 6]
[329 -86 5]
[329 -88 4]
[329 -92 5]
[329 -90 5]
[329 -91 5]
[329 -102 10]
[329 -104 10]
[329 -76 5]
[329 -77 4]
[329 -76 4]
[329 -109 15]
[329 -109 17]
[329 -84 5]
[329 -85 4]
[329 -94 8]
[329 -92 6]
[329 -94 7]
[329 -98 9]
[329 -94 5]
[329 -82 4]
[329 -80 4]
[329 -90 6]
[329 -108 14]
[329 -109 14]
[329 -81 4]
[329 -107 12]
[329 -103 10]
[329 -101 10]
[329 -105 11]
[329 -104 11]
[329 -105 12]
[329 -95 7]
[329 -98 7]
[329 -98 8]
[329 -89 4]
[329 -82 5]
[329 -83 5]
[330 -82 3]
[330 -92 4]
[330 -90 4]
[330 -91 4]
[330 -99 9]
[330 -97 7]
[330 -99 7]
[330 -99 8]
[330 -76 3]
[330 -96 7]
[330 -94 6]
[330 -106 11]
[330 -108 12]
[330 -107 13]
[330 -105 10]
[330 -102 9]
[330 -101 11]
[330 -100 9]
[330 -100 10]
[330 -101 9]
[330 -89 3]
[330 -87 3]
[330 -88 3]
[330 -86 3]
[330 -109 16]
[330 -108 18]
[330 -80 3]
[330 -98 6]
[330 -97 6]
[330 -93 5]
[330 -79 5]
[330 -79 4]
[330 -95 5]
[330 -93 4]
[330 -84 3]
[330 -110 15]
[330 -75 5]
[330 -75 4]
[330 -84 4]
[330 -83 4]
[330 -103 9]
[330 -108 13]
[330 -110 14]
[331 -106 12]
[331 -100 7]
[331 -100 8]
[331 -74 3]
[331 -75 3]
[331 -74 5]
[331 -95 6]
[331 -78 4]
[331 -79 3]
[331 -111 14]
[331 -111 13]
[331 -111 15]
[331 -109 13]
[331 -108 17]
[331 -87 2]
[331 -86 4]
[331 -85 2]
[331 -86 2]
[331 -85 3]
[331 -88 2]
[331 -107 11]
[331 -89 2]
[331 -90 3]
[331 -104 9]
[331 -102 8]
[331 -99 6]
[331 -99 5]
[331 -98 5]
[331 -106 10]
[331 -106 9]
[331 -109 12]
[331 -75 6]
[331 -74 4]
[331 -91 3]
[331 -83 3]
[331 -96 6]
[331 -111 16]
[331 -101 8]
[331 -83 2]
[331 -94 4]
[331 -76 2]
[331 -81 3]
[331 -78 3]
[331 -92 3]
[332 -112 15]
[332 -112 13]
[332 -112 14]
[332 -110 13]
[332 -91 2]
[332 -112 12]
[332 -110 12]
[332 -111 12]
[332 -73 5]
[332 -75 2]
[332 -77 1]
[332 -77 3]
[332 -76 1]
[332 -84 2]
[332 -82 2]
[332 -81 2]
[332 -78 2]
[332 -79 2]
[332 -76 6]
[332 -101 6]
[332 -106 8]
[332 -107 9]
[332 -107 10]
[332 -73 4]
[332 -90 2]
[332 -92 2]
[332 -73 2]
[332 -73 3]
[332 -74 2]
[332 -90 1]
[332 -95 3]
[332 -94 3]
[332 -93 3]
[332 -110 16]
[332 -108 10]
[332 -84 1]
[332 -86 1]
[332 -85 1]
[332 -110 11]
[332 -109 11]
[332 -98 4]
[332 -99 4]
[332 -97 5]
[332 -105 8]
[332 -93 2]
[332 -101 7]
[332 -89 1]
[332 -88 1]
[332 -87 1]
[333 -113 13]
[333 -72 4]
[333 -92 1]
[333 -94 2]
[333 -90 0]
[333 -91 1]
[333 -111 10]
[333 -109 10]
[333 -110 10]
[333 -79 1]
[333 -89 0]
[333 -88 0]
[333 -113 12]
[333 -83 1]
[333 -96 5]
[333 -111 11]
[333 -108 11]
[333 -77 2]
[333 -77 0]
[333 -82 1]
[333 -86 0]
[333 -108 8]
[333 -107 8]
[333 -108 9]
[333 -96 3]
[333 -112 11]
[333 -85 0]
[333 -84 0]
[333 -105 9]
[333 -99 3]
[333 -100 5]
[333 -98 3]
[333 -97 3]
[333 -102 7]
[333 -100 6]
[333 -72 3]
[333 -73 1]
[333 -78 0]
[333 -78 1]
[333 -72 5]
[333 -107 7]
[333 -106 7]
[333 -87 0]
[334 -71 2]
[334 -71 3]
[334 -112 10]
[334 -86 -1]
[334 -101 4]
[334 -111 9]
[334 -82 0]
[334 -95 4]
[334 -97 4]
[334 -78 -1]
[334 -103 8]
[334 -103 7]
[334 -103 6]
[334 -91 0]
[334 -89 -1]
[334 -91 -1]
[334 -105 7]
[334 -106 6]
[334 -84 -1]
[334 -83 -1]
[334 -98 2]
[334 -96 2]
[334 -96 4]
[334 -109 7]
[334 -109 8]
[334 -71 4]
[334 -107 6]
[334 -110 9]
[334 -95 2]
[334 -95 1]
[334 -87 -1]
[334 -88 -1]
[334 -72 1]
[334 -79 0]
[334 -97 2]
[334 -85 -1]
[334 -100 4]
[334 -99 2]
[334 -100 3]
[334 -92 0]
[334 -80 1]
[334 -80 0]
[334 -83 0]
[334 -114 11]
[334 -113 11]
[335 -96 0]
[335 -94 1]
[335 -96 1]
[335 -90 -2]
[335 -102 5]
[335 -104 5]
[335 -102 6]
[335 -104 6]
[335 -88 -2]
[335 -112 8]
[335 -111 8]
[335 -100 1]
[335 -82 -1]
[335 -83 -2]
[335 -112 9]
[335 -113 10]
[335 -107 5]
[335 -106 5]
[335 -80 2]
[335 -81 1]
[335 -86 -2]
[335 -85 -2]
[335 -77 -1]
[335 -79 -1]
[335 -110 8]
[335 -109 9]
[335 -104 8]
[335 -104 7]
[335 -80 -1]
[335 -72 2]
[335 -90 -1]
[335 -87 -2]
[335 -84 -2]
[335 -70 3]
[335 -70 1]
[335 -70 2]
[335 -101 2]
[335 -100 2]
[335 -105 6]
[335 -101 3]
[335 -93 0]
[335 -93 -1]
[335 -93 1]
[335 -81 0]
[335 -99 1]
[335 -98 1]
[335 -81 -1]
[335 -70 4]
[335 -102 3]
[335 -102 4]
[335 -108 6]
[335 -109 6]
[335 -110 6]
[336 -89 -2]
[336 -99 0]
[336 -97 1]
[336 -97 0]
[336 -77 -2]
[336 -78 -2]
[336 -105 5]
[336 -69 3]
[336 -71 1]
[336 -69 2]
[336 -84 -3]
[336 -85 -3]
[336 -69 4]
[336 -113 8]
[336 -113 9]
[336 -111 6]
[336 -110 5]
[336 -110 7]
[336 -109 5]
[336 -101 1]
[336 -98 0]
[336 -88 -3]
[336 -87 -3]
[336 -94 -1]
[336 -92 -1]
[336 -92 -2]
[336 -94 -2]
[336 -95 -1]
[336 -97 -1]
[336 -96 -1]
[336 -103 5]
[336 -103 4]
[336 -103 3]
[336 -108 7]
[336 -69 0]
[336 -70 0]
[336 -89 -3]
[336 -91 -2]
[336 -91 -3]
[336 -95 0]
[336 -94 0]
[336 -111 7]
[336 -112 7]
[336 -86 -3]
[336 -82 -2]
[336 -102 1]
[336 -105 4]
[336 -107 4]
[336 -106 4]
[336 -79 -2]
[336 -108 5]
[336 -82 -3]
[336 -83 -3]
[336 -114 10]
[336 -108 4]
[336 -101 5]
[337 -102 2]
[337 -101 0]
[337 -103 1]
[337 -102 0]
[337 -90 -3]
[337 -88 -4]
[337 -90 -4]
[337 -89 -4]
[337 -100 -1]
[337 -99 -1]
[337 -98 -1]
[337 -100 0]
[337 -81 -3]
[337 -81 -2]
[337 -114 8]
[337 -114 7]
[337 -113 7]
[337 -114 9]
[337 -104 3]
[337 -103 2]
[337 -104 4]
[337 -107 3]
[337 -79 -3]
[337 -110 4]
[337 -92 -3]
[337 -109 4]
[337 -92 -4]
[337 -91 -4]
[337 -93 -2]
[337 -83 -4]
[337 -82 -4]
[337 -78 -3]
[337 -77 -3]
[337 -68 3]
[337 -69 1]
[337 -106 3]
[337 -105 3]
[337 -85 -4]
[337 -86 -4]
[337 -95 -2]
[337 -109 3]
[337 -111 5]
[337 -112 6]
[337 -94 -3]
[337 -93 -3]
[337 -84 -4]
[337 -98 -2]
[337 -97 -2]
[337 -96 -2]
[337 -68 2]
[337 -115 10]
[337 -115 9]
[338 -67 3]
[338 -67 2]
[338 -80 -3]
[338 -93 -5]
[338 -93 -4]
[338 -92 -5]
[338 -81 -4]
[338 -83 -5]
[338 -82 -5]
[338 -96 -3]
[338 -68 1]
[338 -91 -5]
[338 -111 4]
[338 -104 2]
[338 -105 2]
[338 -113 6]
[338 -108 3]
[338 -110 3]
[338 -95 -3]
[338 -94 -4]
[338 -106 2]
[338 -101 -1]
[338 -86 -5]
[338 -85 -5]
[338 -87 -4]
[338 -113 5]
[338 -84 -5]
[338 -104 1]
[338 -104 0]
[338 -103 0]
[338 -80 -4]
[338 -80 -2]
[338 -115 7]
[338 -115 6]
[338 -100 -2]
[338 -90 -5]
[338 -79 -4]
[338 -98 -3]
[338 -112 4]
[338 -112 5]
[338 -102 -1]
[338 -115 8]
[338 -99 -2]
[338 -89 -5]
[338 -88 -5]
[338 -99 -3]
[339 -95 -4]
[339 -97 -3]
[339 -97 -4]
[339 -94 -5]
[339 -92 -6]
[339 -94 -6]
[339 -93 -6]
[339 -114 5]
[339 -83 -6]
[339 -82 -6]
[339 -81 -6]
[339 -81 -5]
[339 -88 -6]
[339 -89 -6]
[339 -84 -6]
[339 -85 -6]
[339 -86 -6]
[339 -90 -6]
[339 -114 6]
[339 -116 6]
[339 -116 7]
[339 -113 4]
[339 -101 -2]
[339 -67 1]
[339 -103 -1]
[339 -104 -1]
[339 -102 -2]
[339 -103 -2]
[339 -100 -3]
[339 -107 1]
[339 -79 -5]
[339 -116 8]
[339 -95 -5]
[339 -80 -5]
[339 -87 -6]
[339 -87 -5]
[339 -113 3]
[339 -111 3]
[339 -116 5]
[339 -91 -6]
[339 -98 -4]
[339 -110 2]
[340 -109 1]
[340 -109 2]
[340 -111 1]
[340 -116 4]
[340 -115 5]
[340 -117 4]
[340 -102 -3]
[340 -103 -3]
[340 -101 -3]
[340 -93 -7]
[340 -94 -7]
[340 -95 -6]
[340 -82 -7]
[340 -83 -7]
[340 -117 6]
[340 -117 7]
[340 -78 -5]
[340 -80 -6]
[340 -78 -6]
[340 -78 -4]
[340 -96 -4]
[340 -96 -5]
[340 -91 -7]
[340 -79 -6]
[340 -111 2]
[340 -106 1]
[340 -108 2]
[340 -108 0]
[340 -85 -7]
[340 -86 -7]
[340 -88 -7]
[340 -105 0]
[340 -105 -2]
[340 -98 -5]
[340 -97 -5]
[340 -99 -5]
[340 -114 2]
[340 -112 3]
[340 -80 -7]
[340 -81 -7]
[340 -84 -7]
[340 -92 -7]
[340 -89 -7]
[340 -90 -7]
[340 -101 -4]
[340 -100 -4]
[340 -104 -3]
[340 -104 -2]
[341 -112 2]
[341 -112 1]
[341 -117 8]
[341 -101 -5]
[341 -79 -7]
[341 -78 -7]
[341 -93 -8]
[341 -94 -8]
[341 -95 -8]
[341 -113 2]
[341 -105 -3]
[341 -89 -8]
[341 -91 -8]
[341 -90 -8]
[341 -83 -8]
[341 -85 -8]
[341 -92 -8]
[341 -102 -4]
[341 -104 -4]
[341 -103 -4]
[341 -96 -7]
[341 -95 -7]
[341 -99 -6]
[341 -99 -4]
[341 -100 -6]
[341 -87 -8]
[341 -87 -7]
[341 -117 5]
[341 -118 3]
[341 -115 4]
[341 -116 3]
[341 -117 3]
[341 -105 1]
[341 -107 2]
[341 -106 0]
[341 -107 0]
[341 -86 -8]
[341 -81 -8]
[341 -80 -8]
[341 -96 -6]
[341 -97 -6]
[341 -100 -5]
[341 -108 1]
[341 -109 0]
[341 -88 -8]
[341 -82 -8]
[341 -84 -8]
[341 -114 4]
[341 -114 3]
[341 -115 1]
[341 -118 5]
[341 -118 7]
[341 -118 6]
[341 -106 -3]
[341 -106 -2]
[341 -105 -1]
[341 -98 -6]
[341 -110 1]
[341 -111 0]
[342 -100 -7]
[342 -99 -7]
[342 -98 -7]
[342 -96 -8]
[342 -94 -9]
[342 -97 -7]
[342 -84 -9]
[342 -85 -9]
[342 -113 0]
[342 -113 1]
[342 -82 -9]
[342 -102 -5]
[342 -103 -5]
[342 -89 -9]
[342 -110 0]
[342 -97 -8]
[342 -106 -1]
[342 -80 -9]
[342 -88 -9]
[342 -101 -6]
[342 -102 -6]
[342 -86 -9]
[342 -116 9]
[342 -77 -7]
[342 -78 -8]
[342 -81 -9]
[342 -115 3]
[342 -104 -5]
[342 -107 -3]
[342 -107 -1]
[342 -107 -2]
[342 -90 -9]
[342 -110 -1]
[342 -108 -1]
[342 -111 -1]
[342 -112 0]
[342 -107 -4]
[342 -115 2]
[342 -116 2]
[342 -117 2]
[342 -114 1]
[342 -115 0]
[342 -83 -9]
[342 -92 -9]
[342 -91 -9]
[342 -118 4]
[342 -106 -4]
[342 -105 -4]
[343 -106 -5]
[343 -103 -6]
[343 -105 -5]
[343 -104 -6]
[343 -116 1]
[343 -114 0]
[343 -116 0]
[343 -77 -8]
[343 -79 -8]
[343 -117 1]
[343 -84 -10]
[343 -83 -10]
[343 -85 -10]
[343 -93 -9]
[343 -93 -10]
[343 -92 -10]
[343 -91 -10]
[343 -101 -7]
[343 -107 -5]
[343 -108 -5]
[343 -113 -1]
[343 -112 -1]
[343 -114 -1]
[343 -108 -2]
[343 -108 -3]
[343 -103 -7]
[343 -102 -7]
[343 -90 -10]
[343 -87 -10]
[343 -87 -9]
[343 -86 -10]
[343 -110 -2]
[343 -112 -2]
[343 -109 -1]
[343 -109 -2]
[343 -81 -10]
[343 -98 -8]
[343 -96 -9]
[343 -80 -10]
[343 -95 -9]
[343 -94 -10]
[343 -108 -4]
[343 -118 2]
[343 -118 1]
[343 -99 -8]
[343 -101 -8]
[343 -76 -8]
[344 -84 -11]
[344 -104 -7]
[344 -85 -11]
[344 -87 -11]
[344 -100 -9]
[344 -97 -9]
[344 -99 -9]
[344 -109 -5]
[344 -107 -6]
[344 -109 -4]
[344 -83 -11]
[344 -82 -11]
[344 -92 -11]
[344 -90 -11]
[344 -88 -10]
[344 -91 -11]
[344 -82 -10]
[344 -100 -8]
[344 -95 -10]
[344 -96 -10]
[344 -80 -11]
[344 -89 -10]
[344 -75 -9]
[344 -93 -11]
[344 -94 -11]
[344 -114 -2]
[344 -113 -2]
[344 -106 -6]
[344 -117 0]
[344 -109 -3]
[344 -116 -1]
[344 -102 -8]
[344 -79 -9]
[344 -78 -9]
[344 -105 -7]
[344 -97 -10]
[344 -115 -2]
[344 -103 -8]
[344 -105 -6]
[344 -111 -2]
[344 -119 1]
[344 -77 -9]
[344 -76 -7]
[344 -115 -1]
[344 -111 -3]
[344 -113 -3]
[345 -94 -12]
[345 -93 -12]
[345 -92 -12]
[345 -95 -11]
[345 -95 -12]
[345 -106 -7]
[345 -110 -4]
[345 -112 -3]
[345 -83 -12]
[345 -82 -12]
[345 -84 -12]
[345 -75 -7]
[345 -98 -9]
[345 -98 -10]
[345 -101 -10]
[345 -101 -9]
[345 -99 -10]
[345 -100 -10]
[345 -119 0]
[345 -89 -11]
[345 -103 -9]
[345 -102 -9]
[345 -81 -11]
[345 -79 -10]
[345 -78 -10]
[345 -86 -11]
[345 -88 -11]
[345 -87 -12]
[345 -109 -6]
[345 -110 -6]
[345 -107 -7]
[345 -114 -3]
[345 -116 -3]
[345 -79 -12]
[345 -80 -12]
[345 -79 -11]
[345 -81 -12]
[345 -97 -11]
[345 -116 -2]
[345 -105 -8]
[345 -118 0]
[345 -117 -1]
[345 -110 -3]
[345 -76 -9]
[345 -117 -2]
[345 -74 -8]
[345 -74 -10]
[345 -91 -12]
[345 -89 -12]
[345 -112 -4]
[345 -85 -12]
[346 -99 -11]
[346 -84 -13]
[346 -103 -10]
[346 -104 -9]
[346 -115 -4]
[346 -117 -3]
[346 -116 -4]
[346 -117 -4]
[346 -88 -12]
[346 -111 -4]
[346 -110 -5]
[346 -111 -5]
[346 -119 -1]
[346 -118 -1]
[346 -90 -13]
[346 -92 -13]
[346 -91 -13]
[346 -115 -3]
[346 -107 -8]
[346 -106 -8]
[346 -118 -2]
[346 -113 -4]
[346 -83 -13]
[346 -75 -8]
[346 -96 -11]
[346 -102 -10]
[346 -109 -7]
[346 -89 -13]
[346 -93 -13]
[346 -95 -13]
[346 -90 -12]
[346 -80 -13]
[346 -108 -7]
[346 -74 -7]
[346 -73 -9]
[346 -81 -13]
[346 -82 -13]
[346 -108 -8]
[346 -88 -13]
[346 -86 -12]
[346 -97 -12]
[346 -98 -11]
[346 -96 -12]
[346 -96 -13]
[346 -112 -5]
[346 -73 -10]
[346 -74 -9]
[346 -101 -11]
[347 -114 -5]
[347 -114 -4]
[347 -98 -12]
[347 -99 -12]
[347 -111 -6]
[347 -108 -6]
[347 -110 -7]
[347 -110 -8]
[347 -118 -3]
[347 -118 -5]
[347 -86 -13]
[347 -87 -13]
[347 -116 -5]
[347 -103 -11]
[347 -106 -9]
[347 -80 -14]
[347 -82 -14]
[347 -118 -4]
[347 -91 -14]
[347 -93 -14]
[347 -104 -8]
[347 -104 -10]
[347 -105 -9]
[347 -105 -10]
[347 -89 -14]
[347 -83 -14]
[347 -95 -14]
[347 -94 -13]
[347 -94 -14]
[347 -96 -14]
[347 -97 -13]
[347 -98 -13]
[347 -104 -11]
[347 -102 -11]
[347 -72 -9]
[347 -72 -10]
[347 -87 -14]
[347 -119 -2]
[347 -85 -13]
[347 -84 -14]
[347 -88 -14]
[347 -100 -12]
[347 -92 -14]
[347 -81 -14]
[347 -115 -5]
[347 -73 -8]
[348 -71 -11]
[348 -71 -9]
[348 -89 -15]
[348 -88 -15]
[348 -87 -15]
[348 -86 -14]
[348 -111 -7]
[348 -72 -8]
[348 -104 -12]
[348 -103 -12]
[348 -82 -15]
[348 -84 -15]
[348 -85 -14]
[348 -105 -11]
[348 -114 -6]
[348 -100 -13]
[348 -111 -8]
[348 -109 -8]
[348 -93 -15]
[348 -92 -15]
[348 -95 -15]
[348 -90 -14]
[348 -91 -15]
[348 -119 -6]
[348 -118 -6]
[348 -117 -6]
[348 -117 -5]
[348 -101 -12]
[348 -102 -12]
[348 -100 -11]
[348 -115 -6]
[348 -116 -6]
[348 -81 -15]
[348 -105 -12]
[348 -98 -14]
[348 -99 -14]
[348 -99 -13]
[348 -97 -14]
[348 -80 -15]
[348 -94 -15]
[348 -120 -3]
[348 -107 -9]
[348 -119 -5]
[349 -101 -14]
[349 -90 -15]
[349 -98 -15]
[349 -100 -14]
[349 -106 -11]
[349 -104 -13]
[349 -85 -15]
[349 -86 -15]
[349 -70 -8]
[349 -71 -10]
[349 -85 -16]
[349 -83 -16]
[349 -84 -16]
[349 -115 -7]
[349 -116 -7]
[349 -87 -16]
[349 -95 -16]
[349 -94 -16]
[349 -96 -15]
[349 -108 -9]
[349 -108 -10]
[349 -117 -7]
[349 -110 -9]
[349 -112 -7]
[349 -112 -8]
[349 -90 -16]
[349 -71 -8]
[349 -101 -13]
[349 -102 -13]
[349 -105 -13]
[349 -70 -11]
[349 -120 -6]
[349 -120 -5]
[349 -118 -7]
[349 -119 -7]
[349 -119 -4]
[349 -91 -16]
[349 -92 -16]
[349 -89 -16]
[349 -82 -16]
[349 -81 -16]
[349 -83 -15]
[349 -99 -15]
[349 -109 -9]
[349 -103 -13]
[349 -106 -12]
[349 -120 -2]
[349 -119 -3]
[350 -121 -6]
[350 -120 -7]
[350 -97 -15]
[350 -99 -16]
[350 -97 -16]
[350 -82 -17]
[350 -80 -16]
[350 -113 -8]
[350 -113 -7]
[350 -112 -6]
[350 -113 -6]
[350 -113 -9]
[350 -111 -9]
[350 -116 -8]
[350 -117 -8]
[350 -120 -4]
[350 -86 -17]
[350 -86 -16]
[350 -89 -17]
[350 -88 -17]
[350 -88 -16]
[350 -109 -10]
[350 -111 -10]
[350 -92 -17]
[350 -90 -17]
[350 -107 -10]
[350 -81 -17]
[350 -106 -14]
[350 -104 -14]
[350 -105 -14]
[350 -106 -13]
[350 -70 -9]
[350 -103 -14]
[350 -70 -10]
[350 -96 -16]
[350 -84 -17]
[350 -85 -17]
[350 -101 -15]
[350 -115 -8]
[350 -100 -15]
[350 -102 -14]
[350 -118 -8]
[350 -107 -11]
[350 -107 -12]
[350 -107 -13]
[350 -94 -17]
[350 -100 -16]
[350 -98 -16]
[350 -114 -7]
[350 -114 -8]
[351 -80 -17]
[351 -89 -18]
[351 -90 -18]
[351 -118 -9]
[351 -87 -17]
[351 -108 -11]
[351 -110 -11]
[351 -98 -17]
[351 -97 -17]
[351 -119 -8]
[351 -119 -9]
[351 -82 -18]
[351 -106 -10]
[351 -106 -15]
[351 -105 -15]
[351 -108 -12]
[351 -107 -14]
[351 -102 -15]
[351 -104 -15]
[351 -101 -16]
[351 -101 -17]
[351 -100 -17]
[351 -112 -10]
[351 -112 -9]
[351 -111 -11]
[351 -112 -11]
[351 -120 -8]
[351 -114 -9]
[351 -121 -5]
[351 -121 -7]
[351 -88 -18]
[351 -91 -18]
[351 -69 -10]
[351 -69 -9]
[351 -115 -9]
[351 -103 -15]
[351 -113 -10]
[351 -81 -18]
[351 -80 -18]
[351 -69 -11]
[351 -93 -17]
[351 -94 -18]
[351 -110 -10]
[351 -93 -16]
[351 -92 -18]
[351 -84 -18]
[351 -83 -18]
[351 -83 -17]
[351 -85 -18]
[351 -102 -16]
[352 -107 -16]
[352 -106 -16]
[352 -94 -19]
[352 -95 -19]
[352 -95 -17]
[352 -93 -18]
[352 -91 -19]
[352 -92 -19]
[352 -121 -8]
[352 -82 -19]
[352 -83 -19]
[352 -81 -19]
[352 -68 -9]
[352 -121 -9]
[352 -68 -10]
[352 -68 -12]
[352 -103 -16]
[352 -114 -10]
[352 -116 -10]
[352 -115 -10]
[352 -119 -10]
[352 -117 -9]
[352 -117 -10]
[352 -118 -10]
[352 -112 -12]
[352 -86 -19]
[352 -86 -18]
[352 -85 -19]
[352 -87 -18]
[352 -109 -12]
[352 -105 -16]
[352 -109 -11]
[352 -90 -19]
[352 -96 -18]
[352 -96 -17]
[352 -98 -18]
[352 -91 -17]
[352 -99 -17]
[352 -114 -11]
[352 -104 -16]
[352 -108 -15]
[352 -108 -14]
[352 -84 -19]
[352 -88 -19]
[352 -89 -19]
[353 -115 -11]
[353 -115 -12]
[353 -100 -18]
[353 -99 -18]
[353 -67 -9]
[353 -106 -17]
[353 -105 -17]
[353 -103 -17]
[353 -85 -20]
[353 -87 -19]
[353 -81 -20]
[353 -82 -20]
[353 -91 -20]
[353 -93 -20]
[353 -92 -20]
[353 -68 -11]
[353 -69 -12]
[353 -68 -13]
[353 -69 -13]
[353 -67 -13]
[353 -67 -11]
[353 -94 -20]
[353 -90 -20]
[353 -96 -20]
[353 -95 -20]
[353 -95 -18]
[353 -96 -19]
[353 -108 -16]
[353 -108 -17]
[353 -117 -11]
[353 -119 -11]
[353 -89 -20]
[353 -116 -9]
[353 -110 -13]
[353 -109 -13]
[353 -108 -13]
[353 -97 -18]
[353 -113 -11]
[353 -102 -17]
[353 -83 -20]
[353 -84 -20]
[353 -107 -15]
[353 -109 -14]
[353 -116 -11]
[353 -111 -13]
[353 -88 -20]
[353 -67 -8]
[353 -67 -10]
[353 -120 -10]
[353 -120 -9]
[353 -120 -11]
[353 -98 -19]
[353 -97 -19]
[353 -99 -19]
[354 -110 -14]
[354 -110 -12]
[354 -93 -21]
[354 -93 -19]
[354 -116 -12]
[354 -111 -14]
[354 -111 -12]
[354 -66 -11]
[354 -67 -12]
[354 -66 -12]
[354 -81 -21]
[354 -82 -21]
[354 -66 -8]
[354 -66 -10]
[354 -69 -14]
[354 -68 -14]
[354 -118 -12]
[354 -119 -12]
[354 -109 -17]
[354 -107 -17]
[354 -107 -18]
[354 -114 -12]
[354 -121 -11]
[354 -86 -20]
[354 -87 -20]
[354 -106 -18]
[354 -104 -17]
[354 -104 -18]
[354 -99 -20]
[354 -116 -13]
[354 -115 -13]
[354 -84 -21]
[354 -66 -9]
[354 -112 -13]
[354 -101 -18]
[354 -102 -18]
[354 -121 -10]
[354 -121 -12]
[354 -97 -20]
[354 -94 -21]
[354 -95 -21]
[354 -100 -19]
[354 -97 -21]
[354 -96 -21]
[354 -105 -18]
[354 -66 -13]
[354 -67 -14]
[354 -117 -12]
[354 -90 -21]
[354 -100 -20]
[354 -66 -7]
[354 -67 -7]
[354 -109 -15]
[354 -89 -21]
[354 -87 -21]
[354 -113 -12]
[354 -85 -21]
[355 -114 -14]
[355 -116 -14]
[355 -101 -20]
[355 -101 -19]
[355 -90 -22]
[355 -65 -7]
[355 -66 -6]
[355 -106 -19]
[355 -108 -19]
[355 -65 -13]
[355 -65 -14]
[355 -86 -21]
[355 -113 -13]
[355 -120 -12]
[355 -121 -13]
[355 -65 -10]
[355 -111 -15]
[355 -112 -15]
[355 -118 -13]
[355 -81 -22]
[355 -99 -21]
[355 -98 -21]
[355 -98 -20]
[355 -100 -21]
[355 -96 -22]
[355 -105 -19]
[355 -82 -22]
[355 -92 -21]
[355 -92 -22]
[355 -84 -22]
[355 -85 -22]
[355 -110 -16]
[355 -109 -18]
[355 -110 -18]
[355 -110 -17]
[355 -108 -18]
[355 -94 -22]
[355 -95 -22]
[355 -110 -15]
[355 -68 -8]
[355 -68 -6]
[355 -68 -7]
[355 -104 -19]
[355 -103 -19]
[355 -119 -13]
[355 -98 -22]
[355 -65 -11]
[355 -69 -15]
[355 -68 -15]
[355 -114 -13]
[355 -101 -21]
[355 -117 -13]
[355 -88 -21]
[355 -103 -18]
[355 -65 -8]
[355 -115 -14]
[355 -67 -15]
[356 -118 -14]
[356 -117 -14]
[356 -85 -23]
[356 -84 -23]
[356 -121 -14]
[356 -120 -13]
[356 -65 -9]
[356 -64 -11]
[356 -69 -16]
[356 -102 -21]
[356 -102 -20]
[356 -99 -22]
[356 -81 -23]
[356 -64 -12]
[356 -64 -10]
[356 -65 -12]
[356 -111 -16]
[356 -112 -14]
[356 -113 -14]
[356 -107 -20]
[356 -107 -19]
[356 -112 -16]
[356 -109 -16]
[356 -95 -23]
[356 -64 -8]
[356 -64 -9]
[356 -93 -23]
[356 -98 -23]
[356 -99 -23]
[356 -111 -17]
[356 -82 -23]
[356 -64 -6]
[356 -115 -15]
[356 -106 -20]
[356 -68 -16]
[356 -67 -16]
[356 -96 -23]
[356 -97 -22]
[356 -66 -16]
[356 -102 -22]
[356 -109 -20]
[356 -109 -19]
[356 -105 -20]
[356 -104 -20]
[356 -67 -6]
[356 -93 -22]
[356 -91 -23]
[356 -92 -23]
[356 -91 -21]
[356 -111 -19]
[356 -116 -15]
[356 -91 -22]
[356 -101 -22]
[356 -100 -22]
[356 -64 -14]
[356 -64 -15]
[356 -64 -13]
[356 -65 -5]
[356 -65 -6]
[356 -114 -15]
[356 -102 -19]
[356 -110 -19]
[357 -103 -22]
[357 -63 -8]
[357 -63 -11]
[357 -67 -17]
[357 -63 -9]
[357 -64 -7]
[357 -63 -7]
[357 -70 -15]
[357 -70 -16]
[357 -107 -21]
[357 -97 -23]
[357 -95 -24]
[357 -110 -20]
[357 -111 -20]
[357 -94 -24]
[357 -94 -23]
[357 -100 -24]
[357 -100 -23]
[357 -101 -23]
[357 -108 -20]
[357 -69 -17]
[357 -90 -23]
[357 -104 -21]
[357 -112 -17]
[357 -103 -20]
[357 -64 -5]
[357 -102 -23]
[357 -113 -16]
[357 -113 -15]
[357 -66 -15]
[357 -65 -15]
[357 -97 -24]
[357 -68 -5]
[357 -63 -10]
[357 -118 -15]
[357 -119 -14]
[357 -93 -24]
[357 -92 -24]
[357 -91 -24]
[357 -63 -16]
[357 -65 -16]
[357 -63 -15]
[357 -84 -24]
[357 -86 -23]
[357 -96 -24]
[357 -83 -23]
[357 -115 -16]
[357 -63 -12]
[357 -117 -15]
[357 -90 -24]
[357 -116 -16]
[357 -117 -16]
[357 -82 -24]
[357 -106 -21]
[357 -108 -21]
[357 -110 -21]
[357 -109 -21]
[357 -66 -5]
[357 -64 -4]
[357 -63 -13]
[357 -103 -21]
[358 -67 -5]
[358 -65 -4]
[358 -99 -24]
[358 -101 -25]
[358 -100 -25]
[358 -118 -16]
[358 -62 -15]
[358 -64 -16]
[358 -119 -15]
[358 -62 -9]
[358 -116 -17]
[358 -117 -17]
[358 -104 -22]
[358 -98 -24]
[358 -98 -25]
[358 -70 -17]
[358 -68 -18]
[358 -70 -18]
[358 -114 -17]
[358 -85 -24]
[358 -115 -17]
[358 -63 -4]
[358 -114 -16]
[358 -63 -14]
[358 -62 -14]
[358 -62 -12]
[358 -109 -22]
[358 -66 -18]
[358 -67 -18]
[358 -103 -23]
[358 -85 -25]
[358 -84 -25]
[358 -83 -22]
[358 -108 -22]
[358 -104 -23]
[358 -62 -11]
[358 -62 -10]
[358 -66 -17]
[358 -64 -3]
[359 -101 -26]
[359 -102 -25]
[359 -102 -24]
[359 -116 -18]
[359 -115 -18]
[359 -114 -18]
[359 -99 -25]
[359 -107 -22]
[359 -107 -23]
[359 -67 -19]
[359 -65 -18]
[359 -65 -17]
[359 -61 -14]
[359 -62 -16]
[359 -71 -19]
[359 -71 -17]
[359 -69 -19]
[359 -69 -18]
[359 -66 -4]
[359 -66 -3]
[359 -104 -24]
[359 -105 -23]
[359 -65 -3]
[359 -63 -3]
[359 -119 -16]
[359 -120 -14]
[359 -61 -13]
[359 -62 -13]
[359 -61 -12]
[359 -61 -11]
[359 -83 -24]
[359 -84 -26]
[359 -67 -4]
[359 -83 -21]
[359 -117 -18]
[359 -68 -17]
[359 -68 -19]
[359 -86 -26]
[359 -85 -26]
[359 -62 -5]
[359 -62 -4]
[359 -118 -18]
[359 -118 -17]
[359 -119 -17]
[360 -87 -25]
[360 -119 -19]
[360 -119 -18]
[360 -103 -25]
[360 -103 -26]
[360 -103 -24]
[360 -120 -15]
[360 -120 -16]
[360 -67 -3]
[360 -117 -19]
[360 -68 -20]
[360 -66 -19]
[360 -67 -20]
[360 -61 -4]
[360 -70 -19]
[360 -64 -17]
[360 -64 -18]
[360 -71 -18]
[360 -60 -15]
[360 -106 -23]
[360 -71 -20]
[360 -70 -20]
[360 -72 -19]
[360 -121 -15]
[360 -106 -24]
[360 -108 -24]
[360 -63 -5]
[360 -120 -17]
[360 -120 -18]
[360 -115 -19]
[360 -116 -19]
[360 -106 -22]
[360 -105 -22]
[360 -114 -19]
[360 -100 -27]
[360 -101 -27]
[360 -102 -27]
[360 -98 -26]
[361 -121 -18]
[361 -120 -19]
[361 -107 -24]
[361 -104 -25]
[361 -102 -26]
[361 -72 -20]
[361 -73 -20]
[361 -98 -27]
[361 -115 -20]
[361 -59 -16]
[361 -61 -16]
[361 -61 -15]
[361 -118 -19]
[361 -116 -20]
[361 -117 -20]
[361 -61 -5]
[361 -114 -20]
[361 -69 -21]
[361 -68 -21]
[361 -121 -16]
[361 -63 -19]
[361 -64 -19]
[361 -88 -24]
[361 -87 -24]
[361 -67 -21]
[361 -119 -20]
[361 -118 -20]
[361 -106 -25]
[361 -107 -25]
[361 -66 -20]
[361 -65 -19]
[361 -68 -2]
[361 -68 -3]
[361 -105 -24]
[361 -70 -21]
[361 -69 -20]
[361 -63 -17]
[362 -62 -19]
[362 -62 -20]
[362 -63 -20]
[362 -87 -23]
[362 -88 -23]
[362 -71 -22]
[362 -88 -25]
[362 -89 -25]
[362 -98 -28]
[362 -97 -26]
[362 -97 -27]
[362 -97 -28]
[362 -108 -26]
[362 -66 -21]
[362 -65 -20]
[362 -69 -2]
[362 -69 -3]
[362 -118 -21]
[362 -62 -18]
[362 -67 -22]
[362 -68 -22]
[362 -66 -22]
[362 -60 -14]
[362 -60 -17]
[362 -60 -16]
[362 -73 -21]
[362 -121 -17]
[362 -113 -21]
[362 -113 -20]
[363 -61 -17]
[363 -64 -20]
[363 -62 -21]
[363 -65 -22]
[363 -67 -23]
[363 -66 -23]
[363 -65 -21]
[363 -63 -18]
[363 -61 -20]
[363 -61 -18]
[363 -97 -29]
[363 -112 -22]
[363 -113 -22]
[363 -114 -21]
[363 -72 -21]
[363 -62 -17]
[363 -89 -24]
[363 -63 -21]
[363 -61 -19]
[363 -68 -4]
[363 -96 -27]
[363 -72 -22]
[363 -72 -23]
[363 -96 -26]
[363 -59 -18]
[363 -109 -25]
[363 -107 -27]
[363 -109 -27]
[363 -69 -23]
[363 -68 -23]
[364 -60 -19]
[364 -60 -20]
[364 -95 -27]
[364 -95 -26]
[364 -95 -28]
[364 -110 -24]
[364 -110 -25]
[364 -110 -26]
[364 -96 -29]
[364 -97 -30]
[364 -111 -21]
[364 -63 -22]
[364 -64 -21]
[364 -106 -27]
[364 -71 -21]
[364 -64 -22]
[364 -112 -21]
[364 -60 -18]
[364 -64 -23]
[364 -65 -23]
[364 -67 -24]
[364 -69 -24]
[364 -68 -24]
[364 -69 -22]
[364 -66 -24]
[364 -58 -19]
[364 -58 -17]
[364 -59 -17]
[364 -58 -18]
[364 -71 -23]
[364 -72 -24]
[364 -61 -21]
[365 -70 -23]
[365 -69 -25]
[365 -67 -25]
[365 -95 -30]
[365 -59 -20]
[365 -59 -19]
[365 -63 -23]
[365 -109 -26]
[365 -68 -25]
[365 -60 -21]
[365 -62 -22]
[365 -66 -25]
[365 -107 -28]
[365 -105 -28]
[365 -106 -28]
[365 -111 -24]
[365 -94 -27]
[365 -58 -20]
[365 -111 -22]
[365 -70 -24]
[365 -70 -22]
[365 -65 -24]
[365 -98 -29]
[365 -96 -30]
[365 -98 -31]
[365 -64 -24]
[365 -71 -25]
[366 -71 -24]
[366 -65 -25]
[366 -66 -26]
[366 -65 -26]
[366 -67 -26]
[366 -99 -31]
[366 -98 -32]
[366 -98 -30]
[366 -93 -28]
[366 -94 -28]
[366 -63 -25]
[366 -63 -24]
[366 -106 -29]
[366 -104 -29]
[366 -95 -31]
[366 -94 -31]
[366 -70 -26]
[366 -68 -26]
[366 -64 -25]
[366 -70 -25]
[366 -110 -22]
[366 -112 -23]
[366 -71 -26]
[366 -72 -25]
[366 -111 -23]
[367 -105 -29]
[367 -104 -30]
[367 -68 -27]
[367 -99 -30]
[367 -64 -26]
[367 -66 -27]
[367 -67 -27]
[367 -63 -26]
[367 -93 -27]
[367 -96 -31]
[367 -94 -32]
[367 -96 -32]
[367 -92 -27]
[367 -92 -28]
[367 -105 -30]
[367 -72 -27]
[367 -72 -26]
[367 -71 -27]
[367 -95 -32]
[368 -100 -30]
[368 -100 -31]
[368 -104 -31]
[368 -103 -30]
[368 -68 -28]
[368 -91 -27]
[368 -69 -27]
[368 -73 -28]
[368 -73 -27]
[368 -63 -27]
[368 -62 -25]
[368 -64 -27]
[368 -67 -28]
[368 -65 -27]
[368 -66 -28]
[368 -93 -33]
[368 -73 -25]
[368 -70 -28]
[368 -95 -33]
[368 -96 -33]
[369 -92 -34]
[369 -94 -33]
[369 -92 -32]
[369 -93 -34]
[369 -67 -29]
[369 -65 -29]
[369 -66 -29]
[369 -101 -32]
[369 -99 -32]
[369 -101 -30]
[369 -69 -29]
[369 -73 -26]
[369 -97 -32]
[369 -62 -26]
[369 -102 -30]
[369 -103 -29]
[369 -91 -28]
[369 -72 -29]
[369 -72 -28]
[369 -74 -29]
[369 -63 -28]
[369 -64 -28]
[369 -65 -28]
[369 -69 -28]
[369 -68 -29]
[369 -69 -26]
[369 -103 -32]
[369 -104 -32]
[370 -92 -33]
[370 -93 -32]
[370 -91 -33]
[370 -62 -28]
[370 -62 -29]
[370 -62 -27]
[370 -63 -29]
[370 -70 -27]
[370 -103 -33]
[370 -103 -31]
[370 -74 -30]
[370 -75 -30]
[370 -73 -30]
[370 -75 -29]
[370 -73 -29]
[370 -65 -30]
[370 -94 -34]
[370 -92 -35]
[370 -66 -30]
[370 -70 -30]
[370 -68 -30]
[370 -69 -30]
[370 -67 -30]
[370 -91 -34]
[370 -100 -33]
[370 -71 -29]
[370 -102 -29]
[370 -71 -28]
[370 -71 -30]
[371 -62 -30]
[371 -63 -30]
[371 -64 -29]
[371 -67 -31]
[371 -68 -31]
[371 -74 -31]
[371 -76 -30]
[371 -76 -31]
[371 -70 -29]
[371 -100 -32]
[371 -90 -33]
[371 -91 -32]
[371 -61 -28]
[371 -102 -34]
[371 -69 -31]
[371 -70 -31]
[371 -71 -31]
[371 -61 -30]
[371 -72 -30]
[371 -73 -31]
[371 -72 -31]
[371 -64 -30]
[371 -91 -35]
[371 -65 -31]
[371 -66 -31]
[372 -90 -34]
[372 -66 -32]
[372 -69 -32]
[372 -67 -32]
[372 -65 -32]
[372 -60 -28]
[372 -61 -29]
[372 -102 -33]
[372 -75 -31]
[372 -77 -31]
[372 -61 -31]
[372 -60 -31]
[372 -89 -33]
[372 -89 -34]
[372 -71 -32]
[372 -62 -31]
[372 -64 -32]
[373 -70 -32]
[373 -66 -33]
[373 -68 -33]
[373 -67 -33]
[373 -64 -31]
[373 -63 -32]
[373 -65 -33]
[373 -64 -33]
[373 -63 -31]
[373 -60 -29]
[373 -59 -28]
[373 -59 -29]
[373 -90 -35]
[373 -61 -32]
[373 -101 -34]
[373 -76 -32]
[373 -62 -32]
[373 -60 -32]
[373 -60 -30]
[373 -59 -32]
[373 -89 -35]
[374 -71 -33]
[374 -59 -30]
[374 -62 -33]
[374 -61 -33]
[374 -60 -33]
[374 -59 -33]
[374 -59 -31]
[374 -100 -35]
[374 -65 -34]
[374 -68 -32]
[374 -63 -34]
[375 -63 -33]
[375 -64 -34]
[375 -60 -34]
[375 -70 -33]
[375 -71 -34]
[375 -61 -34]
[375 -99 -35]
[375 -100 -34]
[375 -101 -35]
[376 -62 -35]
[376 -62 -34]
[376 -70 -34]
[376 -61 -35]
[377 -63 -36]
[377 -61 -36]
[377 -62 -36]
[377 -63 -35]
[378 -63 -37]
[378 -64 -36]
[378 -64 -35]
[378 -60 -36]
[378 -61 -37]
[378 -60 -35]
[379 -65 -36]
[379 -64 -38]
[379 -64 -37]
[379 -65 -37]
[380 -66 -37]
[380 -65 -35]
[380 -63 -38]
[381 -65 -38]
