WORLD -121 121 -150 150 8.599638030038024 45.971120579063566 20.922061667319632 20.871909874832877
[0 -50 -6]
[0 -49 -7]
[0 -50 -5]
[0 -51 -6]
[0 -50 -7]
[0 -51 -7]
[0 -49 -6]
[0 -49 -5]
[0 -48 -4]
[0 -48 -6]
[0 -48 -7]
[0 -48 -5]
[0 -50 -8]
[0 -49 -8]
[1 -48 -3]
[1 -47 -5]
[1 -49 -4]
[1 -50 -9]
[1 -51 -8]
[2 -49 -2]
[2 -48 -2]
[2 -49 -3]
[2 -47 -2]
[2 -50 -3]
[2 -50 -4]
[2 -46 -5]
[2 -47 -6]
[2 -46 -6]
[3 -50 -2]
[3 -47 -3]
[3 -46 -1]
[3 -46 -3]
[3 -51 -2]
[3 -45 -6]
[3 -45 -5]
[3 -47 -4]
[3 -45 -4]
[3 -45 -7]
[3 -46 -7]
[3 -47 -7]
[4 -44 -7]
[4 -44 -6]
[4 -46 -2]
[4 -46 0]
[4 -45 -1]
[4 -45 0]
[4 -47 0]
[4 -44 -4]
[4 -45 -3]
[4 -44 -3]
[4 -44 -5]
[4 -51 -3]
[4 -50 -1]
[4 -46 -4]
[4 -51 -1]
[5 -44 1]
[5 -46 1]
[5 -43 -3]
[5 -44 -2]
[5 -49 0]
[5 -43 -5]
[5 -43 -6]
[5 -47 -1]
[5 -51 -4]
[5 -44 0]
[5 -45 -2]
[5 -43 -4]
[5 -48 0]
[5 -48 -1]
[6 -46 2]
[6 -43 1]
[6 -43 0]
[6 -44 2]
[6 -43 -1]
[6 -43 -2]
[6 -44 -1]
[6 -42 -5]
[6 -42 -6]
[6 -42 -4]
[6 -49 -1]
[6 -43 -7]
[6 -42 -3]
[7 -42 0]
[7 -42 -1]
[7 -41 -4]
[7 -41 -6]
[7 -41 -5]
[7 -42 1]
[7 -42 2]
[7 -47 1]
[7 -47 2]
[7 -45 2]
[7 -45 3]
[7 -45 1]
[8 -41 -7]
[8 -40 -5]
[8 -40 -7]
[8 -41 -3]
[8 -40 -4]
[8 -42 -2]
[8 -46 3]
[8 -41 2]
[8 -40 -6]
[8 -41 0]
[8 -41 1]
[8 -41 -1]
[9 -40 -2]
[9 -41 -2]
[9 -40 0]
[9 -40 1]
[9 -40 -3]
[9 -39 -4]
[9 -39 -3]
[9 -39 -5]
[9 -41 -8]
[9 -39 -7]
[9 -40 -1]
[9 -40 2]
[9 -39 -8]
[9 -40 -8]
[9 -39 -6]
[10 -41 3]
[10 -39 3]
[10 -39 1]
[10 -39 -1]
[10 -39 0]
[10 -39 -2]
[10 -38 -4]
[10 -38 -6]
[10 -40 -9]
[10 -41 -9]
[10 -39 -9]
[10 -38 -7]
[10 -38 -8]
[10 -38 -5]
[10 -38 -3]
[10 -38 -2]
[10 -42 -9]
[11 -43 -10]
[11 -42 -10]
[11 -41 -10]
[11 -39 2]
[11 -38 3]
[11 -40 4]
[11 -39 4]
[11 -40 -10]
[11 -37 -9]
[11 -37 -8]
[11 -37 -7]
[11 -38 1]
[11 -37 -6]
[11 -37 -4]
[11 -37 -1]
[11 -37 -3]
[11 -37 -2]
[11 -38 -9]
[11 -39 -10]
[11 -38 -1]
[11 -37 -5]
[12 -40 3]
[12 -36 -7]
[12 -36 -5]
[12 -36 -4]
[12 -42 -11]
[12 -41 -11]
[12 -38 2]
[12 -38 0]
[12 -36 -2]
[12 -37 0]
[12 -36 0]
[12 -36 -8]
[12 -37 -10]
[12 -40 -11]
[12 -39 -11]
[12 -36 -3]
[12 -44 -10]
[12 -43 -11]
[12 -38 4]
[12 -37 4]
[12 -37 2]
[12 -38 5]
[12 -38 -10]
[12 -38 -11]
[13 -38 6]
[13 -35 -2]
[13 -35 -3]
[13 -41 -12]
[13 -35 -1]
[13 -36 1]
[13 -37 1]
[13 -42 -12]
[13 -44 -12]
[13 -44 -11]
[13 -36 -6]
[13 -37 3]
[13 -36 3]
[13 -36 2]
[13 -38 -12]
[13 -39 -12]
[13 -37 -11]
[13 -35 -8]
[13 -35 -6]
[13 -35 -7]
[13 -36 5]
[13 -36 4]
[13 -43 -9]
[13 -35 -9]
[13 -36 -9]
[13 -36 -1]
[13 -37 -12]
[14 -42 -13]
[14 -44 -13]
[14 -43 -13]
[14 -43 -12]
[14 -34 -9]
[14 -37 -13]
[14 -35 2]
[14 -35 1]
[14 -34 -2]
[14 -34 0]
[14 -35 0]
[14 -35 -5]
[14 -40 -13]
[14 -39 -13]
[14 -35 3]
[14 -35 6]
[14 -36 6]
[14 -34 -10]
[14 -40 -12]
[14 -41 -13]
[14 -35 4]
[14 -36 -11]
[14 -37 6]
[14 -37 5]
[14 -37 7]
[14 -34 -7]
[14 -34 -6]
[14 -34 -5]
[14 -35 -10]
[15 -33 -1]
[15 -33 -2]
[15 -42 -14]
[15 -41 -14]
[15 -43 -14]
[15 -38 -14]
[15 -36 -13]
[15 -36 -14]
[15 -34 5]
[15 -34 3]
[15 -40 -14]
[15 -34 2]
[15 -34 4]
[15 -34 -8]
[15 -33 -9]
[15 -33 -8]
[15 -33 -6]
[15 -36 -12]
[15 -35 -11]
[15 -34 -11]
[15 -36 -10]
[15 -44 -14]
[15 -35 5]
[15 -36 7]
[15 -39 -14]
[15 -38 -13]
[15 -33 -11]
[15 -33 -10]
[15 -35 -4]
[15 -34 7]
[15 -35 7]
[15 -34 6]
[15 -34 1]
[15 -33 -7]
[16 -35 -13]
[16 -35 -12]
[16 -33 -12]
[16 -32 -10]
[16 -34 -12]
[16 -32 -12]
[16 -37 -15]
[16 -36 -15]
[16 -35 -14]
[16 -37 -14]
[16 -32 -7]
[16 -32 -2]
[16 -32 -1]
[16 -34 -1]
[16 -45 -13]
[16 -44 -15]
[16 -33 -5]
[16 -32 -8]
[16 -36 8]
[16 -33 4]
[16 -33 2]
[16 -33 3]
[16 -34 -3]
[16 -33 6]
[16 -33 5]
[16 -38 -15]
[16 -32 -11]
[16 -32 -9]
[16 -42 -15]
[17 -33 0]
[17 -32 0]
[17 -31 -1]
[17 -34 -13]
[17 -34 -14]
[17 -32 4]
[17 -32 3]
[17 -45 -14]
[17 -45 -15]
[17 -43 -15]
[17 -45 -16]
[17 -33 1]
[17 -33 -13]
[17 -32 -13]
[17 -31 -9]
[17 -31 -8]
[17 -31 -10]
[17 -31 -3]
[17 -46 -14]
[17 -37 -16]
[17 -36 -16]
[17 -32 -5]
[17 -34 -4]
[17 -32 -6]
[17 -31 -7]
[17 -31 -6]
[17 -31 -13]
[18 -30 -5]
[18 -30 -7]
[18 -32 -4]
[18 -33 -4]
[18 -31 -5]
[18 -31 -14]
[18 -31 -12]
[18 -32 -14]
[18 -32 2]
[18 -30 -14]
[18 -30 -12]
[18 -31 0]
[18 -30 0]
[18 -33 -14]
[18 -32 -3]
[18 -30 -6]
[18 -34 -15]
[18 -30 -11]
[18 -45 -17]
[18 -44 -17]
[18 -46 -15]
[18 -47 -13]
[18 -46 -13]
[18 -32 1]
[18 -44 -16]
[18 -35 -15]
[18 -36 -17]
[18 -30 -9]
[18 -38 -17]
[19 -33 -15]
[19 -29 -8]
[19 -29 -7]
[19 -35 -16]
[19 -33 -16]
[19 -34 -16]
[19 -32 -15]
[19 -30 -13]
[19 -31 -15]
[19 -30 -10]
[19 -29 -12]
[19 -45 -18]
[19 -30 -1]
[19 -33 -3]
[19 -43 -17]
[19 -29 -10]
[19 -43 -16]
[19 -31 -11]
[19 -47 -12]
[19 -46 -12]
[19 -45 -12]
[19 -37 -17]
[19 -36 -18]
[19 -37 -18]
[19 -38 -18]
[19 -39 -17]
[19 -39 -18]
[19 -47 -15]
[19 -48 -13]
[19 -47 -14]
[20 -38 -19]
[20 -40 -18]
[20 -35 -17]
[20 -36 -19]
[20 -37 -19]
[20 -29 -11]
[20 -28 -9]
[20 -28 -11]
[20 -30 -15]
[20 -31 -16]
[20 -29 -13]
[20 -30 -2]
[20 -46 -11]
[20 -32 -16]
[20 -28 -12]
[20 -45 -11]
[20 -28 -6]
[20 -29 -6]
[20 -28 -8]
[20 -48 -14]
[20 -34 -17]
[20 -33 -17]
[20 -44 -19]
[21 -39 -19]
[21 -39 -20]
[21 -27 -7]
[21 -29 -5]
[21 -27 -6]
[21 -28 -5]
[21 -40 -19]
[21 -27 -10]
[21 -29 -9]
[21 -35 -18]
[21 -34 -18]
[21 -27 -12]
[21 -27 -11]
[21 -29 -14]
[21 -27 -13]
[21 -28 -10]
[21 -29 -1]
[21 -29 -3]
[21 -31 -17]
[21 -32 -17]
[21 -49 -13]
[21 -49 -14]
[21 -48 -15]
[21 -27 -9]
[21 -28 -7]
[21 -27 -8]
[21 -36 -20]
[21 -30 -16]
[21 -29 -16]
[21 -38 -20]
[21 -37 -20]
[22 -32 -18]
[22 -31 -18]
[22 -30 -17]
[22 -28 -13]
[22 -29 -15]
[22 -26 -11]
[22 -26 -7]
[22 -29 -2]
[22 -28 -3]
[22 -39 -21]
[22 -38 -21]
[22 -37 -21]
[22 -28 -4]
[22 -26 -10]
[22 -26 -8]
[22 -26 -12]
[22 -28 -14]
[22 -27 -14]
[22 -28 -1]
[22 -49 -15]
[22 -33 -18]
[22 -35 -19]
[22 -34 -19]
[22 -50 -14]
[22 -30 -8]
[22 -27 -5]
[22 -28 -15]
[22 -28 -17]
[22 -28 -16]
[22 -26 -6]
[22 -41 -19]
[22 -40 -20]
[22 -50 -13]
[22 -36 -21]
[22 -35 -21]
[23 -26 -5]
[23 -26 -4]
[23 -25 -11]
[23 -35 -22]
[23 -36 -22]
[23 -34 -20]
[23 -27 -17]
[23 -28 -18]
[23 -37 -22]
[23 -38 -22]
[23 -30 -18]
[23 -25 -7]
[23 -41 -21]
[23 -41 -20]
[23 -50 -15]
[23 -51 -14]
[23 -51 -15]
[23 -25 -6]
[23 -35 -20]
[23 -27 0]
[23 -27 -2]
[23 -28 -2]
[23 -33 -20]
[23 -32 -19]
[23 -30 -19]
[23 -40 -22]
[23 -27 -15]
[23 -26 -15]
[23 -26 -13]
[23 -30 -3]
[23 -26 -9]
[23 -25 -8]
[23 -29 -17]
[23 -31 -19]
[23 -33 -19]
[23 -42 -20]
[23 -42 -19]
[23 -42 -18]
[24 -33 -21]
[24 -29 -18]
[24 -27 1]
[24 -26 1]
[24 -28 0]
[24 -52 -14]
[24 -52 -15]
[24 -43 -20]
[24 -41 -18]
[24 -26 -16]
[24 -26 -17]
[24 -31 -20]
[24 -40 -21]
[24 -24 -7]
[24 -30 -20]
[24 -29 -20]
[24 -29 -19]
[24 -51 -16]
[24 -50 -16]
[24 -25 -5]
[24 -37 -23]
[24 -38 -23]
[24 -25 -12]
[24 -25 -13]
[24 -27 -1]
[24 -27 -3]
[24 -25 -15]
[24 -39 -23]
[24 -40 -23]
[24 -41 -22]
[24 -24 -10]
[24 -24 -11]
[24 -24 -6]
[24 -32 -20]
[24 -52 -16]
[24 -28 -19]
[24 -36 -23]
[24 -34 -22]
[24 -34 -21]
[24 -26 -14]
[24 -27 -16]
[24 -43 -19]
[24 -26 -2]
[24 -26 -3]
[24 -25 -10]
[24 -25 -9]
[25 -25 -2]
[25 -53 -13]
[25 -53 -14]
[25 -25 -14]
[25 -25 -16]
[25 -44 -20]
[25 -26 2]
[25 -26 0]
[25 -24 -12]
[25 -24 -13]
[25 -38 -24]
[25 -39 -22]
[25 -37 -24]
[25 -23 -9]
[25 -24 -9]
[25 -27 -18]
[25 -25 -18]
[25 -25 -17]
[25 -44 -21]
[25 -35 -24]
[25 -32 -21]
[25 -31 -21]
[25 -25 -4]
[25 -29 1]
[25 -27 -20]
[25 -23 -6]
[25 -28 -20]
[25 -28 -21]
[25 -29 -21]
[25 -30 -21]
[25 -39 -24]
[25 -35 -23]
[25 -33 -22]
[25 -33 -23]
[25 -53 -16]
[25 -25 -3]
[25 -41 -17]
[25 -25 1]
[25 -27 2]
[25 -52 -17]
[25 -53 -15]
[25 -32 -22]
[26 -26 -18]
[26 -26 -19]
[26 -27 -19]
[26 -23 -12]
[26 -23 -10]
[26 -27 -21]
[26 -37 -25]
[26 -24 -4]
[26 -24 -19]
[26 -25 -19]
[26 -54 -15]
[26 -45 -19]
[26 -26 3]
[26 -25 3]
[26 -34 -23]
[26 -36 -24]
[26 -34 -24]
[26 -28 3]
[26 -27 3]
[26 -54 -14]
[26 -24 -3]
[26 -24 -2]
[26 -53 -18]
[26 -29 0]
[26 -28 1]
[26 -28 2]
[26 -24 0]
[26 -29 -22]
[26 -31 -22]
[26 -30 -22]
[26 -22 -7]
[26 -23 -7]
[26 -22 -6]
[26 -23 -5]
[26 -32 -23]
[26 -22 -8]
[26 -24 -8]
[26 -24 -1]
[26 -36 -25]
[26 -35 -25]
[27 -34 -25]
[27 -34 -26]
[27 -35 -26]
[27 -24 1]
[27 -23 -8]
[27 -21 -7]
[27 -21 -6]
[27 -25 -20]
[27 -24 -18]
[27 -26 -21]
[27 -26 -20]
[27 -23 -1]
[27 -25 -1]
[27 -23 -4]
[27 -23 -3]
[27 -24 -20]
[27 -29 2]
[27 -22 -9]
[27 -24 2]
[27 -24 4]
[27 -25 4]
[27 -26 4]
[27 -31 -23]
[27 -30 -23]
[27 -24 -5]
[27 -28 -23]
[27 -30 1]
[27 -28 4]
[27 -27 4]
[27 -21 -5]
[27 -22 -5]
[28 -22 -4]
[28 -20 -6]
[28 -28 5]
[28 -26 5]
[28 -25 5]
[28 -24 3]
[28 -23 3]
[28 -23 5]
[28 -30 2]
[28 -25 0]
[28 -27 5]
[28 -22 -3]
[28 -22 -2]
[28 -21 -4]
[28 -23 -2]
[28 -29 -24]
[28 -29 -23]
[28 -23 1]
[28 -23 2]
[28 -27 -22]
[28 -28 -24]
[29 -24 5]
[29 -26 6]
[29 -25 6]
[29 -24 6]
[29 -22 -1]
[29 -19 -5]
[29 -22 2]
[29 -26 -1]
[29 -27 6]
[29 -20 -4]
[29 -21 -3]
[29 -20 -3]
[29 -23 4]
[29 -22 3]
[29 -28 -22]
[29 -22 1]
[29 -22 4]
[29 -22 5]
[30 -20 -5]
[30 -26 7]
[30 -27 7]
[30 -19 -4]
[30 -21 5]
[30 -21 2]
[30 -21 1]
[30 -23 6]
[30 -24 7]
[30 -25 7]
[30 -23 7]
[30 -21 4]
[31 -24 8]
[31 -22 7]
[31 -22 6]
[31 -20 3]
[31 -21 3]
[31 -26 8]
[31 -27 8]
[31 -20 6]
[31 -20 4]
[31 -19 -3]
[31 -18 -3]
[31 -20 2]
[31 -25 8]
[32 -17 -4]
[32 -20 5]
[32 -22 8]
[32 -23 8]
[32 -26 9]
[32 -24 9]
[32 -25 9]
[32 -21 7]
[32 -21 6]
[32 -23 9]
[32 -18 -4]
[33 -25 10]
[33 -20 7]
[33 -21 8]
[33 -23 10]
[33 -17 -3]
[33 -17 -5]
[33 -24 10]
[33 -22 9]
[33 -22 10]
[34 -17 -2]
[34 -21 10]
[34 -21 11]
[34 -23 11]
[34 -22 11]
[34 -25 11]
[34 -26 11]
[34 -20 8]
[34 -24 11]
[34 -17 -6]
[34 -16 -5]
[35 -25 12]
[35 -23 12]
[35 -24 12]
[35 -26 12]
[35 -18 -7]
[35 -20 9]
[35 -19 9]
[35 -19 8]
[35 -17 -1]
[35 -16 -2]
[35 -15 -6]
[35 -20 10]
[35 -26 10]
[36 -14 -5]
[36 -14 -6]
[36 -15 -5]
[36 -16 -7]
[36 -19 11]
[36 -18 0]
[36 -16 -1]
[36 -17 0]
[36 -16 0]
[36 -17 -8]
[36 -22 13]
[36 -25 13]
[36 -19 10]
[36 -21 9]
[36 -24 13]
[36 -15 -3]
[36 -15 -2]
[37 -15 -1]
[37 -15 1]
[37 -13 -7]
[37 -14 -7]
[37 -13 -5]
[37 -13 -4]
[37 -15 -4]
[37 -23 13]
[37 -21 14]
[37 -16 -9]
[37 -14 -3]
[37 -14 -4]
[37 -14 -2]
[37 -24 14]
[37 -23 14]
[37 -15 -7]
[37 -16 -6]
[37 -18 1]
[37 -17 1]
[37 -16 1]
[38 -17 2]
[38 -21 15]
[38 -15 2]
[38 -15 0]
[38 -12 -7]
[38 -14 -8]
[38 -12 -6]
[38 -16 -4]
[38 -16 -3]
[38 -15 -8]
[38 -15 -10]
[38 -15 -9]
[38 -13 -3]
[38 -13 -8]
[38 -14 1]
[38 -14 0]
[38 -22 14]
[38 -12 -3]
[38 -22 15]
[38 -23 15]
[38 -16 -8]
[38 -17 -7]
[38 -14 -1]
[38 -13 -2]
[39 -13 -6]
[39 -22 16]
[39 -12 -9]
[39 -14 -9]
[39 -12 -8]
[39 -14 -10]
[39 -16 -10]
[39 -11 -3]
[39 -11 -2]
[39 -11 -4]
[39 -12 -2]
[39 -16 2]
[39 -13 -9]
[39 -13 2]
[39 -13 0]
[39 -14 2]
[39 -16 3]
[39 -11 -5]
[39 -13 -1]
[39 -12 -1]
[40 -12 3]
[40 -12 2]
[40 -10 -2]
[40 -10 -4]
[40 -10 -3]
[40 -13 -10]
[40 -17 3]
[40 -17 4]
[40 -16 4]
[40 -11 -1]
[40 -10 -1]
[40 -12 -4]
[40 -11 -9]
[40 -15 -11]
[40 -12 0]
[40 -15 3]
[40 -13 1]
[40 -14 3]
[40 -14 -11]
[40 -13 -11]
[40 -11 -6]
[40 -10 -6]
[41 -11 3]
[41 -11 1]
[41 -12 1]
[41 -11 0]
[41 -12 -5]
[41 -12 -10]
[41 -10 -9]
[41 -10 -10]
[41 -11 -10]
[41 -10 -5]
[41 -9 -3]
[41 -9 -2]
[41 -14 -12]
[41 -12 -12]
[41 -13 -12]
[41 -12 -11]
[41 -15 4]
[41 -11 4]
[41 -9 -1]
[41 -9 0]
[41 -9 -7]
[42 -13 -13]
[42 -8 -1]
[42 -10 0]
[42 -11 -12]
[42 -11 2]
[42 -10 1]
[42 -10 2]
[42 -10 4]
[42 -10 5]
[42 -10 3]
[42 -8 -2]
[42 -8 0]
[42 -11 -11]
[42 -10 -11]
[42 -11 -13]
[42 -9 -8]
[42 -10 -8]
[42 -8 -8]
[42 -14 -13]
[42 -9 -6]
[42 -9 -5]
[42 -12 4]
[42 -9 -9]
[42 -8 -4]
[43 -8 -6]
[43 -9 -10]
[43 -9 -12]
[43 -10 -12]
[43 -13 -14]
[43 -14 -14]
[43 -8 -7]
[43 -8 -9]
[43 -8 -10]
[43 -7 -2]
[43 -9 1]
[43 -9 2]
[43 -7 -8]
[43 -9 4]
[43 -7 -1]
[43 -7 1]
[43 -9 5]
[43 -9 3]
[43 -11 -14]
[43 -10 -13]
[43 -12 -13]
[43 -9 -4]
[43 -7 -5]
[43 -10 -7]
[43 -8 -5]
[43 -11 -8]
[43 -11 -7]
[44 -8 -12]
[44 -9 -11]
[44 -8 -3]
[44 -6 -1]
[44 -6 -2]
[44 -8 3]
[44 -8 4]
[44 -8 5]
[44 -7 -11]
[44 -6 -4]
[44 -7 -6]
[44 -6 -5]
[44 -7 -4]
[44 -8 1]
[44 -6 -8]
[44 -7 -9]
[44 -10 -14]
[44 -7 0]
[44 -6 1]
[44 -12 -14]
[44 -7 -7]
[44 -14 -15]
[44 -13 -15]
[44 -9 -13]
[44 -10 -15]
[45 -7 4]
[45 -7 3]
[45 -8 2]
[45 -6 0]
[45 -9 6]
[45 -5 -3]
[45 -6 -3]
[45 -5 -1]
[45 -7 -3]
[45 -8 -11]
[45 -8 -13]
[45 -9 -15]
[45 -11 -16]
[45 -9 -14]
[45 -5 -4]
[45 -5 1]
[45 -7 2]
[45 -6 -9]
[45 -7 -10]
[45 -6 -10]
[45 -5 -2]
[45 -5 -7]
[45 -8 -14]
[45 -12 -16]
[45 -14 -16]
[45 -7 5]
[45 -6 -6]
[46 -8 6]
[46 -6 6]
[46 -6 5]
[46 -4 -2]
[46 -4 -1]
[46 -4 -3]
[46 -4 -5]
[46 -5 -5]
[46 -12 -17]
[46 -12 -15]
[46 -13 -16]
[46 -13 -17]
[46 -5 -8]
[46 -5 -6]
[46 -6 -7]
[46 -4 -7]
[46 -6 -11]
[46 -5 -10]
[46 -5 -9]
[46 -11 -15]
[46 -11 -17]
[46 -5 -11]
[46 -8 7]
[46 -6 2]
[46 -5 0]
[46 -7 -13]
[46 -4 0]
[46 -7 -12]
[46 -6 3]
[47 -13 -18]
[47 -11 -18]
[47 -5 2]
[47 -5 3]
[47 -9 7]
[47 -9 8]
[47 -8 8]
[47 -4 1]
[47 -3 -2]
[47 -3 -3]
[47 -4 -4]
[47 -3 0]
[47 -3 -1]
[47 -5 5]
[47 -5 7]
[47 -5 6]
[47 -6 4]
[47 -5 4]
[47 -4 -6]
[47 -3 -5]
[47 -10 -18]
[47 -12 -18]
[47 -4 -10]
[47 -4 -9]
[47 -3 -7]
[47 -3 1]
[47 -4 -12]
[47 -6 -12]
[47 -7 6]
[47 -10 -16]
[47 -7 -14]
[48 -9 -17]
[48 -2 -1]
[48 -10 -19]
[48 -4 5]
[48 -4 6]
[48 -6 7]
[48 -2 -2]
[48 -2 -4]
[48 -2 -3]
[48 -3 -4]
[48 -4 4]
[48 -6 -15]
[48 -8 -15]
[48 -4 8]
[48 -5 8]
[48 -2 1]
[48 -4 2]
[48 -4 3]
[48 -5 -13]
[48 -2 0]
[48 -12 -19]
[48 -11 -19]
[48 -4 -13]
[48 -3 -13]
[48 -3 -12]
[48 -9 9]
[48 -7 7]
[48 -4 -11]
[48 -3 -10]
[48 -3 -9]
[48 -3 2]
[48 -14 -19]
[49 -5 -12]
[49 -3 -11]
[49 -2 -9]
[49 -2 -10]
[49 -3 6]
[49 -3 3]
[49 -7 8]
[49 -6 8]
[49 -10 -20]
[49 -12 -20]
[49 -7 -15]
[49 -4 -14]
[49 -2 2]
[49 -1 0]
[49 -11 -20]
[49 -9 10]
[49 -8 9]
[49 -3 5]
[49 -3 8]
[49 -5 9]
[49 -4 7]
[49 -2 -12]
[49 -8 -17]
[49 -9 -18]
[49 -13 -20]
[49 -2 -11]
[49 -8 -16]
[49 -7 -16]
[49 -4 9]
[50 -2 6]
[50 -3 4]
[50 -3 7]
[50 -8 10]
[50 -7 9]
[50 -7 -17]
[50 -1 -10]
[50 -1 -11]
[50 -2 -13]
[50 -8 -18]
[50 -2 7]
[50 -6 9]
[50 -9 -19]
[50 -10 -17]
[50 0 0]
[50 -1 1]
[50 -4 -15]
[50 -3 -14]
[50 -2 9]
[50 -13 -19]
[50 -12 -21]
[50 -13 -21]
[50 -2 4]
[50 -9 -21]
[50 -9 -16]
[50 -3 10]
[50 -3 9]
[50 -4 10]
[50 -2 3]
[50 -1 3]
[51 -11 -22]
[51 -13 -22]
[51 1 -1]
[51 1 0]
[51 -14 -20]
[51 -8 11]
[51 -7 11]
[51 0 -10]
[51 -8 -19]
[51 -8 -20]
[51 -14 -22]
[51 -14 -21]
[51 -2 8]
[51 -2 10]
[51 -4 11]
[51 -3 -15]
[51 -2 -14]
[51 -1 2]
[51 -5 -16]
[51 -5 -15]
[51 -3 -16]
[51 -9 -22]
[51 -8 -21]
[51 -5 10]
[51 -6 -17]
[51 -6 -18]
[51 -6 10]
[52 -7 10]
[52 -8 12]
[52 0 -1]
[52 0 -2]
[52 2 -1]
[52 -15 -20]
[52 -15 -21]
[52 -4 -17]
[52 -3 -17]
[52 -4 -16]
[52 -2 -15]
[52 -2 -16]
[52 -6 -19]
[52 -5 -18]
[52 -5 -19]
[52 -5 -14]
[52 -6 -14]
[52 -6 -16]
[52 -7 12]
[52 -15 -19]
[52 2 0]
[52 -6 11]
[52 -7 -20]
[52 -9 -20]
[52 -7 -21]
[52 -10 -21]
[52 -12 -22]
[52 -9 -23]
[52 -8 -23]
[52 -7 -18]
[52 -4 12]
[52 -5 11]
[52 -1 -15]
[52 -5 -17]
[53 -3 11]
[53 -4 13]
[53 -5 13]
[53 -2 -17]
[53 -5 12]
[53 3 -1]
[53 2 -2]
[53 1 -2]
[53 -4 -18]
[53 -5 -20]
[53 -1 -16]
[53 -10 -23]
[53 -8 -24]
[53 -9 -24]
[53 -4 -19]
[53 -6 12]
[53 -6 13]
[53 -7 13]
[53 -11 -21]
[53 -7 -23]
[53 -7 -19]
[53 -6 -21]
[53 -16 -20]
[53 -6 -13]
[53 -12 -23]
[53 -16 -21]
[53 -16 -19]
[53 -6 -20]
[53 -8 -22]
[53 -7 -22]
[53 -6 -22]
[53 3 0]
[53 2 1]
[53 1 1]
[54 -5 -21]
[54 -9 -25]
[54 -6 -23]
[54 2 -3]
[54 -5 14]
[54 -4 14]
[54 -10 -22]
[54 -4 -21]
[54 4 0]
[54 4 1]
[54 3 1]
[54 -1 -17]
[54 1 -3]
[54 3 -2]
[54 3 2]
[54 2 2]
[54 -3 -20]
[54 -3 -18]
[54 4 -1]
[54 -11 -23]
[54 -10 -24]
[54 -17 -18]
[54 -17 -20]
[54 -17 -19]
[55 5 -1]
[55 4 -2]
[55 3 -3]
[55 2 3]
[55 3 3]
[55 4 2]
[55 -4 -22]
[55 -3 -22]
[55 -3 -21]
[55 -4 -20]
[55 -5 -22]
[55 1 -4]
[55 -11 -24]
[55 -10 -25]
[55 -8 -26]
[55 -10 -26]
[55 -2 -19]
[55 -3 -19]
[55 -2 -18]
[55 0 -18]
[55 2 -4]
[55 -6 14]
[55 -18 -19]
[55 -3 14]
[55 -6 -24]
[55 -7 -24]
[55 5 1]
[56 -4 -23]
[56 -3 -23]
[56 -2 -21]
[56 0 -3]
[56 1 -5]
[56 6 0]
[56 3 -4]
[56 4 -3]
[56 6 1]
[56 6 2]
[56 5 0]
[56 -3 13]
[56 -5 -23]
[56 -7 -25]
[56 -5 -24]
[56 -6 -25]
[56 -8 -25]
[56 -11 -25]
[56 -11 -26]
[56 -11 -27]
[56 -9 -27]
[56 -2 -20]
[56 -1 -18]
[56 -1 -19]
[56 -9 -26]
[56 1 -19]
[56 5 3]
[56 1 2]
[57 -10 -27]
[57 -12 -25]
[57 2 -6]
[57 2 -5]
[57 4 -4]
[57 0 -4]
[57 -5 -26]
[57 -2 -22]
[57 -2 -23]
[57 7 1]
[57 7 2]
[57 6 3]
[57 -1 -21]
[57 -1 -20]
[57 -1 -22]
[57 -6 -26]
[57 -2 12]
[57 -12 -24]
[57 1 -20]
[57 -3 -24]
[57 -5 -25]
[57 -4 -25]
[57 0 -20]
[57 0 -19]
[57 -10 -28]
[57 -11 -28]
[58 1 -6]
[58 3 -6]
[58 0 -22]
[58 2 -21]
[58 0 -21]
[58 -11 -29]
[58 3 -5]
[58 -3 12]
[58 1 -21]
[58 -4 -24]
[58 -2 -24]
[58 -4 -26]
[58 -5 -27]
[58 -4 -27]
[58 -3 -26]
[58 -3 -25]
[58 2 -7]
[58 -6 -27]
[58 -7 -26]
[59 -2 -26]
[59 4 -5]
[59 1 -22]
[59 -1 -23]
[59 -2 -25]
[59 -7 -27]
[59 2 -8]
[59 3 -8]
[59 1 -7]
[59 -10 -30]
[59 3 -7]
[59 2 -22]
[59 -1 -24]
[60 -9 -29]
[60 -10 -29]
[60 1 -23]
[60 0 -23]
[60 2 -23]
[60 -8 -27]
[60 4 -8]
[61 3 -23]
[61 3 -24]
[61 -8 -29]
[61 -9 -30]
[61 -9 -28]
[61 -8 -30]
[61 -8 -28]
[61 1 -24]
[61 5 -9]
[62 2 -24]
[62 4 -22]
[62 4 -24]
[62 5 -8]
[62 6 -10]
[62 5 -10]
[62 -10 -31]
[62 -9 -31]
[62 -8 -31]
[62 4 -25]
[62 4 -23]
[63 4 -9]
[63 3 -25]
[63 5 -24]
[63 -9 -32]
[63 3 -26]
[63 4 -26]
[63 -10 -32]
[63 6 -9]
[63 5 -21]
[63 5 -22]
[63 5 -23]
[63 5 -25]
[63 7 -11]
[63 5 -11]
[63 6 -11]
[64 2 -25]
[64 6 -21]
[64 6 -24]
[64 6 -23]
[64 4 -20]
[64 5 -20]
[64 6 -20]
[64 -8 -32]
[64 -8 -33]
[64 6 -22]
[64 5 -26]
[64 3 -27]
[64 4 -27]
[64 2 -26]
[64 6 -25]
[64 8 -10]
[64 4 -11]
[64 4 -10]
[64 5 -12]
[64 7 -10]
[64 7 -12]
[65 7 -23]
[65 7 -22]
[65 7 -21]
[65 -7 -34]
[65 -8 -34]
[65 -7 -32]
[65 -9 -34]
[65 1 -26]
[65 7 -26]
[65 7 -20]
[65 9 -10]
[65 9 -9]
[65 8 -9]
[65 7 -9]
[65 5 -27]
[65 5 -28]
[65 3 -28]
[65 6 -19]
[65 3 -19]
[65 8 -11]
[65 6 -13]
[65 8 -12]
[65 2 -28]
[65 4 -28]
[65 6 -12]
[65 5 -13]
[66 6 -8]
[66 8 -8]
[66 7 -8]
[66 -10 -35]
[66 8 -22]
[66 8 -21]
[66 -7 -33]
[66 -6 -32]
[66 8 -27]
[66 6 -27]
[66 6 -26]
[66 8 -26]
[66 5 -19]
[66 5 -29]
[66 4 -29]
[66 10 -11]
[66 10 -9]
[66 1 -29]
[66 2 -27]
[66 4 -14]
[66 4 -12]
[66 0 -27]
[66 8 -23]
[66 8 -24]
[66 9 -11]
[66 2 -29]
[66 3 -20]
[66 4 -18]
[66 4 -19]
[66 -7 -35]
[66 -6 -33]
[66 -8 -35]
[66 7 -13]
[66 5 -14]
[66 9 -8]
[67 7 -7]
[67 6 -7]
[67 9 -27]
[67 8 -25]
[67 7 -25]
[67 9 -26]
[67 -5 -31]
[67 9 -25]
[67 1 -28]
[67 8 -20]
[67 9 -21]
[67 -6 -35]
[67 8 -13]
[67 5 -30]
[67 -11 -34]
[67 -10 -36]
[67 -6 -34]
[67 5 -18]
[67 5 -17]
[67 6 -15]
[67 6 -14]
[67 5 -15]
[67 -5 -32]
[67 6 -18]
[67 10 -12]
[67 11 -10]
[67 4 -15]
[67 3 -14]
[67 10 -10]
[67 9 -22]
[67 1 -30]
[67 0 -30]
[67 8 -7]
[67 3 -29]
[67 2 -30]
[67 -1 -28]
[67 9 -7]
[67 10 -8]
[67 10 -7]
[67 7 -27]
[67 11 -8]
[67 11 -9]
[68 -1 -31]
[68 -1 -30]
[68 -1 -29]
[68 1 -31]
[68 10 -21]
[68 7 -24]
[68 9 -24]
[68 -5 -36]
[68 -5 -35]
[68 10 -26]
[68 10 -25]
[68 10 -24]
[68 10 -6]
[68 -5 -33]
[68 -4 -33]
[68 8 -28]
[68 7 -28]
[68 9 -23]
[68 -11 -37]
[68 0 -31]
[68 6 -17]
[68 4 -17]
[68 -4 -30]
[68 11 -11]
[68 0 -29]
[68 0 -28]
[68 1 -27]
[68 4 -16]
[68 3 -15]
[68 9 -28]
[68 10 -28]
[68 10 -27]
[68 12 -9]
[68 9 -20]
[68 7 -6]
[68 8 -6]
[68 -2 -29]
[68 5 -16]
[68 3 -16]
[68 9 -13]
[68 9 -12]
[68 7 -15]
[68 -12 -34]
[68 -11 -35]
[68 -10 -34]
[68 7 -17]
[68 4 -30]
[68 9 -6]
[68 9 -14]
[68 6 -30]
[68 5 -31]
[68 4 -31]
[69 10 -20]
[69 11 -21]
[69 -6 -36]
[69 -4 -36]
[69 -4 -34]
[69 -5 -34]
[69 -4 -35]
[69 6 -31]
[69 9 -5]
[69 10 -29]
[69 -1 -32]
[69 10 -23]
[69 11 -26]
[69 11 -28]
[69 7 -29]
[69 6 -29]
[69 7 -31]
[69 -2 -31]
[69 -2 -30]
[69 0 -32]
[69 -9 -35]
[69 11 -5]
[69 10 -5]
[69 1 -32]
[69 -3 -34]
[69 -4 -32]
[69 -3 -33]
[69 6 -16]
[69 9 -29]
[69 11 -25]
[69 12 -12]
[69 11 -12]
[69 12 -11]
[69 -3 -30]
[69 -3 -31]
[69 3 -17]
[69 8 -14]
[69 8 -15]
[69 11 -27]
[69 8 -29]
[69 3 -30]
[69 8 -17]
[69 7 -18]
[69 8 -16]
[69 7 -16]
[69 -11 -36]
[69 -12 -36]
[69 10 -14]
[69 10 -13]
[69 10 -15]
[69 3 -32]
[69 -10 -37]
[69 -12 -37]
[69 -12 -38]
[69 -11 -38]
[70 11 -15]
[70 9 -4]
[70 8 -5]
[70 9 -19]
[70 -9 -37]
[70 9 -17]
[70 9 -15]
[70 12 -27]
[70 12 -29]
[70 -4 -31]
[70 -2 -33]
[70 -2 -35]
[70 -3 -36]
[70 -4 -37]
[70 -5 -37]
[70 -3 -37]
[70 -3 -32]
[70 -6 -37]
[70 -7 -36]
[70 -7 -37]
[70 3 -33]
[70 4 -33]
[70 2 -33]
[70 4 -32]
[70 6 -28]
[70 10 -4]
[70 11 -4]
[70 -2 -32]
[70 0 -33]
[70 9 -16]
[70 11 -16]
[70 11 -14]
[70 -13 -36]
[70 -12 -39]
[70 -10 -39]
[70 -11 -39]
[70 10 -30]
[70 9 -30]
[70 3 -31]
[70 11 -24]
[70 9 -18]
[70 1 -33]
[70 10 -22]
[70 -13 -39]
[70 -13 -38]
[70 -13 -37]
[70 -3 -35]
[70 -2 -34]
[70 7 -14]
[70 11 -20]
[70 -1 -33]
[70 12 -26]
[70 12 -28]
[70 7 -30]
[70 13 -13]
[71 -8 -36]
[71 -8 -37]
[71 2 -34]
[71 1 -34]
[71 2 -32]
[71 10 -3]
[71 13 -27]
[71 10 -31]
[71 12 -15]
[71 10 -17]
[71 12 -24]
[71 12 -13]
[71 13 -28]
[71 13 -29]
[71 -5 -38]
[71 -4 -38]
[71 -1 -34]
[71 10 -16]
[71 12 -16]
[71 12 -14]
[71 -7 -38]
[71 14 -13]
[71 2 -31]
[71 -11 -40]
[71 -13 -40]
[71 -12 -40]
[71 11 -3]
[71 -10 -38]
[71 -9 -36]
[71 10 -18]
[71 5 -32]
[71 5 -33]
[71 4 -34]
[71 -2 -36]
[71 10 -19]
[71 8 -18]
[71 5 -34]
[71 13 -26]
[71 12 -19]
[71 8 -19]
[71 11 -30]
[71 12 -30]
[71 -9 -38]
[71 -10 -40]
[71 -6 -38]
[71 11 -31]
[71 11 -29]
[71 0 -34]
[72 -3 -38]
[72 11 -18]
[72 0 -35]
[72 -5 -39]
[72 -8 -38]
[72 13 -15]
[72 11 -2]
[72 9 -3]
[72 10 -2]
[72 7 -19]
[72 6 -32]
[72 -9 -39]
[72 12 -31]
[72 2 -35]
[72 13 -14]
[72 3 -35]
[72 5 -35]
[72 4 -35]
[72 11 -17]
[72 11 -19]
[72 14 -29]
[72 14 -28]
[72 6 -34]
[72 -8 -39]
[72 13 -30]
[72 13 -25]
[72 12 -23]
[72 13 -24]
[72 11 -23]
[72 13 -12]
[72 14 -27]
[72 14 -26]
[72 -1 -35]
[72 -11 -41]
[72 -12 -41]
[72 -1 -37]
[72 11 -32]
[72 9 -31]
[73 -7 -39]
[73 12 -18]
[73 12 -25]
[73 14 -23]
[73 10 -32]
[73 12 -33]
[73 10 -33]
[73 -2 -39]
[73 -4 -39]
[73 -5 -40]
[73 -6 -39]
[73 7 -33]
[73 7 -34]
[73 15 -25]
[73 15 -28]
[73 15 -29]
[73 15 -30]
[73 3 -36]
[73 3 -34]
[73 1 -36]
[73 6 -33]
[73 0 -37]
[73 0 -36]
[73 -2 -37]
[73 -1 -36]
[73 14 -31]
[73 1 -35]
[73 14 -24]
[73 -8 -40]
[73 -11 -42]
[73 -13 -41]
[73 -12 -42]
[73 14 -12]
[73 15 -27]
[73 -7 -40]
[73 13 -32]
[74 16 -28]
[74 12 -17]
[74 -11 -43]
[74 -13 -42]
[74 -12 -43]
[74 -10 -42]
[74 -10 -43]
[74 14 -30]
[74 16 -30]
[74 14 -33]
[74 13 -33]
[74 14 -32]
[74 13 -31]
[74 16 -24]
[74 15 -24]
[74 15 -22]
[74 2 -37]
[74 2 -36]
[74 1 -37]
[74 16 -29]
[74 -7 -41]
[74 -6 -41]
[74 11 -33]
[74 10 -34]
[74 -1 -38]
[74 -3 -39]
[74 14 -25]
[74 15 -31]
[74 12 -34]
[74 13 -34]
[74 11 -34]
[74 0 -38]
[74 -6 -40]
[74 8 -34]
[74 -9 -41]
[74 -9 -40]
[74 -14 -41]
[74 -14 -42]
[74 -4 -41]
[75 9 -35]
[75 -5 -42]
[75 -3 -41]
[75 -3 -42]
[75 -4 -40]
[75 -9 -43]
[75 -10 -44]
[75 -9 -42]
[75 -9 -44]
[75 -13 -43]
[75 14 -35]
[75 12 -35]
[75 -7 -42]
[75 -5 -41]
[75 17 -28]
[75 -8 -41]
[75 -6 -42]
[75 16 -31]
[75 17 -30]
[75 -2 -40]
[75 -15 -42]
[75 -15 -43]
[75 15 -32]
[75 12 -32]
[75 17 -27]
[75 16 -27]
[75 2 -38]
[75 -14 -40]
[75 1 -39]
[75 1 -38]
[75 0 -39]
[75 16 -23]
[75 -10 -41]
[75 16 -25]
[75 17 -23]
[75 17 -25]
[75 15 -34]
[75 14 -34]
[75 15 -33]
[75 16 -22]
[75 16 -21]
[75 15 -21]
[75 13 -35]
[76 17 -20]
[76 16 -20]
[76 15 -35]
[76 13 -36]
[76 14 -36]
[76 18 -31]
[76 17 -31]
[76 -3 -40]
[76 -4 -43]
[76 -5 -43]
[76 -6 -43]
[76 -11 -45]
[76 -9 -45]
[76 2 -39]
[76 17 -22]
[76 18 -27]
[76 18 -26]
[76 17 -26]
[76 15 -26]
[76 16 -26]
[76 -14 -43]
[76 -16 -43]
[76 -14 -44]
[76 17 -24]
[76 18 -22]
[76 18 -24]
[76 18 -25]
[76 -15 -41]
[76 16 -33]
[76 18 -29]
[76 16 -32]
[76 -8 -43]
[76 -3 -43]
[76 -2 -42]
[76 -2 -43]
[76 -2 -41]
[76 -8 -45]
[76 -10 -45]
[76 1 -40]
[76 -8 -42]
[76 -7 -43]
[76 -12 -44]
[76 -13 -44]
[76 -15 -40]
[76 -4 -42]
[77 18 -23]
[77 18 -21]
[77 19 -25]
[77 19 -23]
[77 19 -24]
[77 17 -21]
[77 18 -20]
[77 19 -32]
[77 -16 -42]
[77 -16 -44]
[77 16 -34]
[77 15 -36]
[77 19 -27]
[77 14 -37]
[77 15 -37]
[77 19 -30]
[77 19 -28]
[77 19 -29]
[77 -13 -45]
[77 -15 -45]
[77 -2 -44]
[77 2 -41]
[77 1 -41]
[77 0 -41]
[77 -8 -46]
[77 19 -22]
[77 12 -37]
[77 -1 -41]
[77 17 -32]
[77 -4 -44]
[77 -5 -44]
[77 -11 -46]
[77 -7 -44]
[77 -3 -44]
[77 17 -33]
[77 17 -34]
[77 -10 -46]
[77 -1 -43]
[77 -14 -45]
[77 -8 -44]
[77 -15 -44]
[78 -8 -47]
[78 -7 -47]
[78 -2 -45]
[78 -3 -45]
[78 18 -34]
[78 18 -32]
[78 2 -42]
[78 3 -42]
[78 -14 -46]
[78 -15 -46]
[78 0 -40]
[78 -1 -40]
[78 1 -42]
[78 20 -23]
[78 20 -21]
[78 19 -21]
[78 -12 -46]
[78 -13 -46]
[78 18 -33]
[78 17 -35]
[78 11 -38]
[78 13 -38]
[78 11 -37]
[78 19 -20]
[78 19 -19]
[78 20 -28]
[78 20 -26]
[78 19 -26]
[78 20 -31]
[78 16 -37]
[78 19 -31]
[78 20 -32]
[78 20 -33]
[78 19 -33]
[78 -17 -41]
[78 20 -24]
[78 -4 -45]
[78 -5 -45]
[78 -17 -45]
[78 -17 -44]
[78 -17 -43]
[78 18 -28]
[78 20 -30]
[78 18 -30]
[78 -12 -47]
[78 -11 -47]
[78 -10 -47]
[78 -12 -45]
[78 -7 -45]
[78 20 -22]
[78 20 -27]
[78 20 -29]
[78 2 -40]
[78 0 -42]
[78 -9 -46]
[78 -9 -47]
[78 -16 -45]
[78 15 -38]
[79 3 -41]
[79 -8 -48]
[79 -6 -48]
[79 16 -38]
[79 17 -38]
[79 21 -27]
[79 21 -26]
[79 4 -42]
[79 2 -43]
[79 3 -43]
[79 4 -41]
[79 16 -36]
[79 17 -36]
[79 18 -35]
[79 -17 -46]
[79 17 -29]
[79 -17 -42]
[79 -16 -41]
[79 -18 -42]
[79 21 -21]
[79 21 -22]
[79 -9 -48]
[79 -10 -48]
[79 21 -31]
[79 21 -29]
[79 21 -32]
[79 21 -33]
[79 -15 -47]
[79 -16 -46]
[79 12 -36]
[79 -4 -46]
[79 -6 -45]
[79 -5 -46]
[79 -6 -46]
[79 10 -39]
[79 10 -38]
[79 12 -38]
[79 -18 -43]
[79 -18 -44]
[79 19 -34]
[79 -7 -46]
[79 -13 -47]
[79 12 -39]
[79 13 -37]
[79 13 -39]
[79 -13 -48]
[79 -1 -44]
[79 -2 -46]
[79 -3 -46]
[79 -11 -48]
[79 -12 -48]
[79 20 -25]
[79 16 -39]
[79 14 -39]
[79 15 -39]
[80 5 -41]
[80 5 -40]
[80 14 -38]
[80 13 -40]
[80 15 -40]
[80 17 -37]
[80 19 -35]
[80 19 -36]
[80 22 -31]
[80 -9 -49]
[80 -19 -44]
[80 -19 -43]
[80 -4 -47]
[80 -11 -49]
[80 20 -34]
[80 11 -40]
[80 11 -39]
[80 9 -39]
[80 9 -38]
[80 0 -43]
[80 -10 -49]
[80 16 -35]
[80 -3 -47]
[80 21 -28]
[80 21 -30]
[80 22 -30]
[80 22 -29]
[80 -15 -48]
[80 -16 -47]
[80 -16 -48]
[80 -14 -47]
[80 -14 -48]
[80 18 -38]
[80 17 -39]
[80 18 -37]
[80 -18 -45]
[80 -19 -45]
[80 21 -25]
[80 22 -27]
[80 11 -35]
[80 3 -44]
[80 4 -43]
[80 2 -44]
[80 -6 -47]
[80 12 -40]
[80 -8 -49]
[80 -7 -49]
[80 -18 -47]
[80 -17 -47]
[80 -18 -46]
[80 22 -32]
[80 21 -34]
[80 22 -34]
[80 14 -40]
[80 22 -28]
[80 10 -37]
[80 22 -21]
[80 22 -22]
[80 21 -23]
[80 22 -23]
[80 20 -20]
[80 21 -20]
[80 16 -40]
[80 -1 -46]
[80 -1 -45]
[80 -2 -47]
[80 18 -36]
[80 -7 -48]
[80 -6 -49]
[80 17 -40]
[80 4 -40]
[81 19 -37]
[81 -17 -48]
[81 23 -22]
[81 23 -23]
[81 6 -42]
[81 6 -40]
[81 5 -42]
[81 12 -41]
[81 14 -41]
[81 16 -41]
[81 0 -45]
[81 0 -46]
[81 -1 -47]
[81 0 -47]
[81 -9 -50]
[81 23 -32]
[81 22 -24]
[81 21 -24]
[81 -10 -50]
[81 -11 -50]
[81 -18 -48]
[81 -19 -46]
[81 15 -41]
[81 17 -41]
[81 22 -26]
[81 23 -33]
[81 23 -30]
[81 23 -31]
[81 8 -38]
[81 8 -37]
[81 -16 -49]
[81 8 -40]
[81 9 -40]
[81 10 -40]
[81 10 -41]
[81 11 -41]
[81 18 -39]
[81 19 -38]
[81 0 -44]
[81 22 -35]
[81 22 -33]
[81 21 -35]
[81 20 -35]
[81 18 -40]
[81 23 -35]
[81 -19 -48]
[81 -5 -47]
[81 13 -41]
[81 23 -28]
[81 -2 -48]
[81 -3 -48]
[81 -1 -48]
[81 -20 -44]
[81 -20 -43]
[81 -15 -49]
[81 -14 -49]
[81 2 -45]
[81 1 -44]
[81 3 -45]
[81 1 -43]
[81 -1 -42]
[81 6 -41]
[81 22 -20]
[81 23 -20]
[81 -5 -48]
[81 4 -44]
[81 5 -43]
[81 20 -36]
[81 -12 -49]
[81 9 -37]
[81 -4 -48]
[82 13 -42]
[82 22 -25]
[82 23 -24]
[82 20 -37]
[82 19 -39]
[82 -1 -49]
[82 -2 -49]
[82 10 -42]
[82 21 -19]
[82 21 -36]
[82 24 -36]
[82 23 -34]
[82 23 -36]
[82 24 -35]
[82 23 -29]
[82 24 -29]
[82 24 -27]
[82 14 -42]
[82 12 -42]
[82 -12 -50]
[82 -13 -49]
[82 -13 -50]
[82 -14 -50]
[82 -15 -50]
[82 -11 -51]
[82 19 -41]
[82 18 -41]
[82 19 -40]
[82 8 -39]
[82 24 -19]
[82 24 -21]
[82 23 -21]
[82 -19 -49]
[82 9 -41]
[82 -5 -49]
[82 -4 -49]
[82 24 -30]
[82 24 -31]
[82 1 -47]
[82 0 -48]
[82 1 -46]
[82 23 -25]
[82 15 -42]
[82 16 -42]
[82 17 -42]
[82 7 -39]
[82 7 -40]
[82 6 -39]
[82 7 -42]
[82 7 -43]
[82 24 -33]
[82 24 -32]
[82 1 -45]
[82 24 -22]
[82 -17 -49]
[82 -17 -50]
[82 22 -36]
[82 5 -44]
[82 -21 -45]
[82 -21 -44]
[82 -19 -47]
[82 -20 -46]
[82 -20 -47]
[82 -20 -45]
[82 4 -45]
[82 4 -46]
[82 7 -41]
[82 8 -41]
[82 3 -46]
[82 6 -43]
[82 11 -42]
[82 -18 -49]
[82 -20 -42]
[83 11 -43]
[83 12 -43]
[83 23 -37]
[83 25 -36]
[83 25 -37]
[83 25 -35]
[83 9 -42]
[83 25 -22]
[83 25 -21]
[83 24 -20]
[83 -21 -43]
[83 25 -29]
[83 24 -28]
[83 8 -42]
[83 7 -44]
[83 8 -44]
[83 8 -43]
[83 20 -39]
[83 20 -38]
[83 -14 -51]
[83 -13 -51]
[83 5 -45]
[83 25 -31]
[83 -17 -51]
[83 -18 -50]
[83 -20 -49]
[83 -20 -48]
[83 16 -43]
[83 -4 -50]
[83 -22 -44]
[83 -22 -45]
[83 -21 -46]
[83 14 -43]
[83 13 -43]
[83 20 -41]
[83 -21 -47]
[83 19 -42]
[83 20 -40]
[83 18 -42]
[83 -3 -49]
[83 -5 -50]
[83 25 -32]
[83 2 -47]
[83 2 -46]
[83 25 -34]
[83 24 -34]
[83 17 -43]
[83 -1 -50]
[83 0 -49]
[83 6 -44]
[83 24 -25]
[83 -21 -48]
[83 -16 -50]
[83 -15 -51]
[83 25 -18]
[83 24 -18]
[83 25 -19]
[83 25 -26]
[83 25 -27]
[83 5 -46]
[83 10 -43]
[83 18 -43]
[83 22 -37]
[83 24 -37]
[83 -12 -51]
[83 -10 -51]
[83 -11 -52]
[83 22 -19]
[83 1 -49]
[83 1 -48]
[83 -2 -50]
[83 21 -37]
[83 21 -38]
[83 4 -47]
[83 15 -43]
[84 15 -44]
[84 14 -44]
[84 25 -38]
[84 26 -36]
[84 26 -38]
[84 24 -38]
[84 6 -47]
[84 5 -47]
[84 -19 -50]
[84 -21 -49]
[84 -20 -50]
[84 7 -45]
[84 8 -45]
[84 -22 -46]
[84 -1 -51]
[84 -2 -51]
[84 26 -23]
[84 26 -22]
[84 2 -49]
[84 9 -45]
[84 9 -44]
[84 9 -43]
[84 -3 -51]
[84 -22 -43]
[84 -23 -44]
[84 6 -45]
[84 -11 -53]
[84 -12 -53]
[84 2 -50]
[84 0 -50]
[84 -4 -51]
[84 23 -38]
[84 22 -38]
[84 25 -20]
[84 21 -40]
[84 -13 -52]
[84 -12 -52]
[84 26 -21]
[84 26 -20]
[84 3 -48]
[84 23 -27]
[84 25 -28]
[84 21 -39]
[84 -15 -52]
[84 -5 -51]
[84 12 -44]
[84 25 -33]
[84 26 -34]
[84 26 -27]
[84 26 -26]
[84 19 -43]
[84 -23 -45]
[84 -14 -52]
[84 -9 -52]
[84 -10 -52]
[84 4 -48]
[84 3 -47]
[84 26 -19]
[84 26 -18]
[84 -17 -52]
[84 -16 -51]
[84 11 -44]
[84 -22 -42]
[84 -21 -42]
[84 19 -44]
[84 18 -44]
[84 17 -44]
[84 26 -28]
[84 20 -42]
[84 21 -42]
[84 21 -41]
[84 26 -33]
[84 26 -35]
[84 25 -30]
[84 26 -31]
[84 24 -24]
[84 26 -30]
[84 1 -50]
[85 26 -32]
[85 21 -43]
[85 27 -35]
[85 26 -37]
[85 27 -37]
[85 -24 -45]
[85 -24 -43]
[85 -23 -43]
[85 -16 -52]
[85 -10 -54]
[85 -8 -53]
[85 -9 -53]
[85 -9 -51]
[85 0 -51]
[85 27 -25]
[85 26 -25]
[85 27 -26]
[85 22 -40]
[85 -24 -44]
[85 19 -45]
[85 -18 -51]
[85 -19 -51]
[85 27 -34]
[85 27 -32]
[85 4 -49]
[85 -4 -52]
[85 -6 -52]
[85 -6 -51]
[85 -5 -52]
[85 25 -39]
[85 11 -45]
[85 10 -44]
[85 10 -45]
[85 20 -45]
[85 26 -29]
[85 3 -49]
[85 25 -25]
[85 23 -26]
[85 24 -39]
[85 27 -20]
[85 22 -41]
[85 22 -42]
[85 25 -17]
[85 5 -48]
[85 2 -48]
[85 13 -44]
[85 20 -43]
[85 9 -46]
[85 8 -46]
[85 10 -46]
[85 3 -50]
[85 22 -39]
[85 23 -39]
[85 27 -36]
[85 27 -28]
[85 27 -31]
[85 27 -18]
[85 27 -19]
[85 -1 -52]
[85 -3 -50]
[85 -3 -52]
[85 27 -22]
[85 25 -24]
[85 25 -23]
[85 27 -23]
[85 27 -21]
[85 20 -44]
[85 -16 -53]
[85 -18 -53]
[85 -18 -52]
[85 -17 -53]
[85 -15 -53]
[85 -14 -53]
[85 -13 -53]
[85 -20 -51]
[85 7 -48]
[85 7 -47]
[85 27 -38]
[85 -11 -54]
[85 -13 -54]
[85 16 -45]
[85 17 -45]
[85 16 -44]
[85 12 -45]
[85 7 -46]
[85 6 -46]
[85 -22 -48]
[85 -21 -50]
[85 -22 -50]
[85 -2 -52]
[85 -23 -42]
[86 8 -47]
[86 18 -46]
[86 18 -45]
[86 17 -46]
[86 -3 -53]
[86 -2 -53]
[86 24 -40]
[86 25 -40]
[86 26 -16]
[86 28 -33]
[86 24 -26]
[86 -6 -53]
[86 13 -45]
[86 7 -49]
[86 8 -48]
[86 6 -48]
[86 8 -49]
[86 -23 -49]
[86 -22 -49]
[86 -23 -51]
[86 -8 -54]
[86 -9 -54]
[86 26 -24]
[86 27 -24]
[86 23 -40]
[86 23 -41]
[86 21 -44]
[86 -24 -42]
[86 22 -43]
[86 22 -44]
[86 16 -46]
[86 15 -46]
[86 -8 -50]
[86 -8 -52]
[86 5 -49]
[86 6 -49]
[86 -7 -52]
[86 27 -30]
[86 27 -29]
[86 28 -36]
[86 -25 -43]
[86 -5 -53]
[86 -11 -55]
[86 -10 -55]
[86 -10 -53]
[86 -13 -55]
[86 -12 -54]
[86 -14 -54]
[86 -12 -55]
[86 -23 -46]
[86 23 -42]
[86 23 -43]
[86 11 -46]
[86 11 -47]
[86 10 -47]
[86 9 -47]
[86 -23 -48]
[86 28 -25]
[86 19 -46]
[86 -19 -52]
[86 -15 -54]
[86 27 -33]
[86 26 -39]
[86 4 -51]
[86 4 -50]
[86 21 -45]
[86 0 -52]
[86 28 -22]
[86 28 -38]
[86 28 -27]
[86 27 -27]
[86 -7 -50]
[86 -6 -50]
[86 -22 -51]
[86 -25 -44]
[86 24 -23]
[86 28 -20]
[86 28 -19]
[86 -21 -52]
[86 28 -21]
[86 28 -23]
[86 -17 -54]
[86 5 -50]
[86 28 -17]
[86 -7 -53]
[86 -20 -52]
[86 28 -39]
[86 28 -28]
[87 8 -50]
[87 9 -48]
[87 10 -48]
[87 -22 -52]
[87 29 -37]
[87 29 -39]
[87 29 -38]
[87 29 -16]
[87 28 -16]
[87 27 -17]
[87 28 -18]
[87 29 -17]
[87 7 -50]
[87 -21 -53]
[87 -20 -53]
[87 28 -29]
[87 -16 -54]
[87 -14 -55]
[87 -15 -55]
[87 -16 -55]
[87 25 -15]
[87 27 -16]
[87 -7 -51]
[87 -19 -53]
[87 -25 -42]
[87 29 -26]
[87 -9 -55]
[87 -11 -56]
[87 -10 -56]
[87 17 -47]
[87 28 -30]
[87 12 -46]
[87 14 -45]
[87 13 -46]
[87 -24 -48]
[87 -24 -49]
[87 29 -19]
[87 29 -18]
[87 15 -47]
[87 14 -46]
[87 16 -47]
[87 -8 -51]
[87 -6 -54]
[87 -5 -54]
[87 -7 -54]
[87 28 -24]
[87 28 -34]
[87 28 -32]
[87 23 -44]
[87 23 -45]
[87 22 -45]
[87 6 -50]
[87 28 -37]
[87 29 -35]
[87 28 -26]
[87 24 -43]
[87 24 -42]
[87 24 -41]
[87 -23 -50]
[87 -24 -50]
[87 -18 -54]
[87 -18 -55]
[87 -17 -55]
[87 26 -41]
[87 25 -41]
[87 1 -51]
[87 -4 -53]
[87 -12 -56]
[87 -13 -56]
[87 5 -51]
[87 -14 -56]
[87 15 -45]
[87 29 -21]
[87 29 -22]
[87 3 -52]
[87 -4 -54]
[87 -1 -54]
[87 -1 -53]
[87 -2 -54]
[87 -8 -55]
[87 -7 -55]
[87 20 -46]
[87 24 -44]
[87 3 -51]
[87 29 -20]
[87 -26 -44]
[87 18 -47]
[87 12 -48]
[87 12 -47]
[87 29 -28]
[87 29 -40]
[87 9 -49]
[88 19 -47]
[88 29 -23]
[88 26 -40]
[88 26 -42]
[88 -11 -57]
[88 -16 -56]
[88 29 -27]
[88 -3 -54]
[88 27 -42]
[88 27 -40]
[88 27 -41]
[88 -5 -55]
[88 -6 -55]
[88 -4 -55]
[88 -24 -51]
[88 14 -47]
[88 30 -19]
[88 -21 -51]
[88 -23 -52]
[88 -23 -53]
[88 -27 -45]
[88 -26 -43]
[88 3 -53]
[88 2 -53]
[88 4 -53]
[88 2 -52]
[88 25 -42]
[88 27 -15]
[88 11 -48]
[88 24 -46]
[88 22 -46]
[88 -19 -54]
[88 -19 -55]
[88 8 -51]
[88 7 -51]
[88 -25 -49]
[88 -25 -51]
[88 -14 -57]
[88 -13 -57]
[88 -12 -57]
[88 25 -44]
[88 25 -45]
[88 25 -43]
[88 -15 -56]
[88 -18 -56]
[88 30 -37]
[88 30 -38]
[88 29 -36]
[88 -22 -53]
[88 -20 -54]
[88 28 -35]
[88 29 -33]
[88 14 -48]
[88 15 -48]
[88 30 -17]
[88 28 -15]
[88 29 -15]
[88 30 -15]
[88 30 -16]
[88 30 -35]
[88 21 -46]
[88 4 -52]
[88 10 -49]
[88 9 -50]
[88 25 -14]
[88 26 -14]
[88 26 -15]
[88 5 -52]
[88 30 -21]
[88 30 -41]
[88 29 -41]
[88 30 -39]
[88 30 -40]
[88 -10 -57]
[88 28 -31]
[88 29 -31]
[88 18 -48]
[88 0 -54]
[88 0 -55]
[88 -2 -55]
[88 -1 -55]
[88 30 -18]
[88 0 -53]
[88 17 -48]
[88 9 -51]
[88 29 -29]
[88 29 -30]
[88 13 -49]
[88 13 -48]
[88 13 -47]
[88 1 -52]
[88 -8 -56]
[88 -7 -56]
[88 -3 -55]
[88 -9 -56]
[89 -14 -58]
[89 -15 -58]
[89 5 -54]
[89 4 -54]
[89 30 -31]
[89 30 -32]
[89 29 -32]
[89 -20 -55]
[89 -2 -56]
[89 0 -56]
[89 -1 -56]
[89 -6 -56]
[89 -6 -57]
[89 31 -39]
[89 31 -38]
[89 1 -53]
[89 -19 -56]
[89 31 -37]
[89 31 -36]
[89 30 -36]
[89 -13 -58]
[89 -12 -58]
[89 -16 -57]
[89 28 -14]
[89 -3 -56]
[89 30 -33]
[89 30 -34]
[89 29 -34]
[89 27 -43]
[89 31 -19]
[89 30 -20]
[89 31 -22]
[89 7 -52]
[89 17 -49]
[89 19 -49]
[89 -5 -56]
[89 21 -47]
[89 23 -47]
[89 -23 -54]
[89 -22 -54]
[89 -24 -52]
[89 27 -14]
[89 -4 -56]
[89 25 -46]
[89 25 -47]
[89 23 -46]
[89 -27 -42]
[89 -27 -43]
[89 -27 -44]
[89 26 -43]
[89 26 -44]
[89 10 -50]
[89 10 -51]
[89 -28 -45]
[89 31 -18]
[89 16 -49]
[89 16 -48]
[89 18 -49]
[89 27 -13]
[89 -8 -57]
[89 30 -28]
[89 28 -41]
[89 -9 -58]
[89 -11 -58]
[89 -17 -56]
[89 -18 -57]
[89 -19 -57]
[89 14 -49]
[89 1 -55]
[89 19 -48]
[89 20 -47]
[89 31 -15]
[89 30 -14]
[89 29 -14]
[89 -25 -50]
[89 -25 -52]
[89 31 -17]
[89 31 -16]
[89 31 -41]
[89 31 -40]
[89 2 -51]
[89 28 -40]
[89 -17 -57]
[89 26 -13]
[89 28 -43]
[89 28 -42]
[89 30 -22]
[89 29 -42]
[89 30 -42]
[89 31 -42]
[89 6 -51]
[89 5 -53]
[89 12 -49]
[89 12 -50]
[89 11 -49]
[89 31 -35]
[89 31 -34]
[89 -26 -50]
[89 24 -45]
[89 26 -45]
[89 30 -29]
[89 8 -52]
[89 -21 -54]
[89 -21 -55]
[89 -10 -58]
[89 25 -16]
[90 13 -50]
[90 14 -50]
[90 31 -32]
[90 -3 -57]
[90 -5 -57]
[90 -4 -57]
[90 -10 -59]
[90 27 -44]
[90 -19 -58]
[90 24 -47]
[90 32 -22]
[90 32 -21]
[90 32 -34]
[90 32 -37]
[90 32 -15]
[90 32 -39]
[90 32 -41]
[90 32 -40]
[90 -20 -56]
[90 -20 -58]
[90 32 -38]
[90 20 -48]
[90 20 -49]
[90 29 -13]
[90 30 -13]
[90 26 -46]
[90 26 -48]
[90 25 -48]
[90 26 -47]
[90 10 -52]
[90 11 -51]
[90 -12 -59]
[90 -14 -59]
[90 -13 -59]
[90 15 -49]
[90 7 -53]
[90 6 -53]
[90 6 -52]
[90 -27 -49]
[90 -27 -51]
[90 -28 -42]
[90 27 -39]
[90 29 -43]
[90 -26 -42]
[90 22 -47]
[90 15 -50]
[90 16 -50]
[90 11 -50]
[90 31 -14]
[90 31 -13]
[90 27 -46]
[90 30 -43]
[90 31 -43]
[90 2 -54]
[90 2 -55]
[90 1 -54]
[90 22 -48]
[90 23 -48]
[90 -20 -57]
[90 31 -29]
[90 31 -28]
[90 -9 -57]
[90 17 -50]
[90 18 -50]
[90 30 -30]
[90 31 -30]
[90 32 -17]
[90 19 -50]
[90 32 -18]
[90 32 -19]
[90 28 -44]
[90 32 -42]
[90 32 -43]
[90 -26 -51]
[90 -25 -53]
[90 32 -36]
[90 26 -17]
[90 31 -23]
[90 -24 -53]
[90 -7 -57]
[90 -15 -57]
[90 -15 -59]
[90 9 -52]
[90 8 -53]
[90 -8 -58]
[90 -16 -59]
[90 1 -57]
[90 -1 -57]
[90 31 -20]
[90 31 -21]
[90 21 -48]
[90 13 -51]
[90 32 -16]
[90 -8 -59]
[90 31 -33]
[90 3 -55]
[90 -18 -58]
[90 32 -20]
[90 -26 -45]
[90 -29 -45]
[90 -28 -46]
[90 28 -13]
[90 27 -12]
[90 -22 -56]
[90 -21 -56]
[91 30 -44]
[91 29 -44]
[91 33 -40]
[91 33 -41]
[91 33 -42]
[91 19 -51]
[91 18 -51]
[91 20 -50]
[91 20 -51]
[91 23 -49]
[91 22 -49]
[91 24 -48]
[91 -29 -46]
[91 -29 -44]
[91 -30 -44]
[91 -28 -44]
[91 25 -49]
[91 33 -18]
[91 21 -49]
[91 32 -44]
[91 33 -43]
[91 33 -16]
[91 32 -14]
[91 32 -13]
[91 -6 -58]
[91 29 -12]
[91 31 -12]
[91 30 -12]
[91 32 -33]
[91 32 -32]
[91 27 -48]
[91 27 -49]
[91 33 -38]
[91 16 -51]
[91 17 -51]
[91 -10 -60]
[91 -11 -59]
[91 -9 -59]
[91 -28 -47]
[91 -29 -47]
[91 3 -56]
[91 1 -56]
[91 2 -56]
[91 32 -23]
[91 12 -52]
[91 13 -52]
[91 12 -51]
[91 -16 -60]
[91 -15 -60]
[91 -14 -60]
[91 28 -45]
[91 27 -47]
[91 28 -47]
[91 9 -53]
[91 10 -53]
[91 32 -30]
[91 33 -23]
[91 33 -21]
[91 -9 -60]
[91 -7 -60]
[91 -28 -43]
[91 -28 -50]
[91 -27 -52]
[91 -28 -51]
[91 31 -31]
[91 32 -31]
[91 33 -33]
[91 -22 -55]
[91 -23 -56]
[91 -21 -57]
[91 -26 -52]
[91 -26 -53]
[91 -24 -54]
[91 33 -20]
[91 3 -54]
[91 -2 -57]
[91 -19 -59]
[91 -20 -59]
[91 -21 -58]
[91 33 -37]
[91 33 -19]
[91 33 -17]
[91 8 -54]
[91 6 -54]
[91 -4 -58]
[91 -3 -58]
[91 -13 -60]
[91 -12 -60]
[91 28 -12]
[91 26 -11]
[91 28 -11]
[91 -18 -59]
[91 -17 -58]
[91 -17 -59]
[91 15 -51]
[91 0 -58]
[91 -2 -58]
[91 2 -57]
[91 2 -58]
[91 9 -54]
[91 7 -54]
[91 -28 -49]
[91 -27 -48]
[91 -26 -49]
[91 -16 -58]
[91 -17 -60]
[91 32 -28]
[91 31 -27]
[91 32 -29]
[91 32 -27]
[91 27 -45]
[91 14 -51]
[92 25 -50]
[92 24 -50]
[92 26 -49]
[92 10 -54]
[92 34 -22]
[92 32 -24]
[92 17 -52]
[92 16 -52]
[92 28 -48]
[92 29 -47]
[92 29 -46]
[92 -29 -43]
[92 -30 -43]
[92 -31 -43]
[92 -31 -45]
[92 18 -52]
[92 4 -57]
[92 4 -55]
[92 4 -56]
[92 33 -29]
[92 -5 -59]
[92 -3 -59]
[92 -5 -58]
[92 -18 -60]
[92 13 -53]
[92 14 -53]
[92 33 -31]
[92 34 -17]
[92 34 -16]
[92 33 -15]
[92 31 -44]
[92 34 -41]
[92 34 -42]
[92 -29 -50]
[92 -29 -51]
[92 -29 -52]
[92 27 -10]
[92 26 -12]
[92 -11 -60]
[92 -11 -61]
[92 28 -46]
[92 -12 -61]
[92 29 -10]
[92 29 -11]
[92 33 -32]
[92 33 -30]
[92 34 -33]
[92 34 -32]
[92 -1 -58]
[92 11 -52]
[92 -16 -61]
[92 -17 -61]
[92 27 -50]
[92 28 -49]
[92 33 -36]
[92 34 -37]
[92 8 -55]
[92 6 -55]
[92 -27 -50]
[92 -7 -58]
[92 9 -55]
[92 10 -55]
[92 -23 -55]
[92 0 -57]
[92 0 -59]
[92 34 -38]
[92 33 -39]
[92 34 -18]
[92 34 -19]
[92 -26 -54]
[92 -21 -59]
[92 -22 -57]
[92 -22 -59]
[92 -22 -58]
[92 -14 -61]
[92 -13 -61]
[92 -15 -61]
[92 21 -51]
[92 21 -50]
[92 3 -57]
[92 3 -58]
[92 1 -58]
[92 19 -52]
[92 34 -40]
[92 34 -39]
[92 7 -55]
[92 30 -11]
[92 32 -11]
[92 31 -11]
[92 29 -45]
[92 34 -21]
[92 -24 -57]
[92 -24 -56]
[92 -23 -57]
[92 33 -24]
[92 33 -22]
[92 -25 -54]
[92 -25 -55]
[92 11 -54]
[92 20 -52]
[92 23 -50]
[92 24 -49]
[92 -21 -60]
[92 -19 -60]
[92 -18 -61]
[92 -6 -60]
[92 -7 -61]
[92 -8 -60]
[92 -10 -61]
[92 -8 -61]
[92 -9 -61]
[92 12 -53]
[92 30 -45]
[92 31 -45]
[92 31 -26]
[92 30 -27]
[92 14 -52]
[92 33 -44]
[92 34 -20]
[92 -30 -45]
[92 -30 -46]
[92 33 -12]
[92 32 -12]
[92 33 -13]
[92 33 -14]
[92 -27 -53]
[92 -29 -42]
[92 -4 -59]
[92 1 -59]
[92 3 -59]
[92 -28 -53]
[92 33 -27]
[92 33 -26]
[92 -29 -49]
[92 -29 -48]
[93 18 -53]
[93 11 -55]
[93 -2 -59]
[93 -1 -59]
[93 4 -58]
[93 4 -59]
[93 -30 -53]
[93 35 -22]
[93 35 -20]
[93 29 -49]
[93 29 -48]
[93 29 -50]
[93 -27 -54]
[93 -28 -54]
[93 34 -24]
[93 34 -25]
[93 33 -25]
[93 -23 -58]
[93 9 -56]
[93 10 -56]
[93 11 -56]
[93 7 -56]
[93 5 -55]
[93 -25 -56]
[93 35 -39]
[93 35 -37]
[93 -7 -62]
[93 34 -15]
[93 35 -17]
[93 5 -56]
[93 30 -25]
[93 34 -35]
[93 33 -35]
[93 19 -53]
[93 20 -53]
[93 21 -52]
[93 35 -15]
[93 -19 -61]
[93 -12 -62]
[93 -10 -62]
[93 34 -26]
[93 32 -25]
[93 27 -11]
[93 28 -9]
[93 30 -26]
[93 24 -51]
[93 26 -50]
[93 3 -60]
[93 30 -10]
[93 32 -45]
[93 34 -27]
[93 34 -28]
[93 33 -28]
[93 34 -14]
[93 30 -47]
[93 35 -32]
[93 -9 -62]
[93 6 -56]
[93 25 -51]
[93 23 -51]
[93 -15 -62]
[93 -24 -55]
[93 33 -45]
[93 34 -43]
[93 31 -46]
[93 30 -46]
[93 -31 -46]
[93 -31 -44]
[93 -6 -62]
[93 -8 -62]
[93 5 -57]
[93 -32 -44]
[93 -30 -42]
[93 33 -11]
[93 35 -43]
[93 35 -42]
[93 34 -36]
[93 35 -36]
[93 35 -38]
[93 35 -33]
[93 35 -31]
[93 -28 -48]
[93 -30 -48]
[93 -30 -49]
[93 -30 -51]
[93 17 -53]
[93 16 -53]
[93 -3 -60]
[93 -2 -60]
[93 -4 -60]
[93 -22 -60]
[93 -23 -60]
[93 26 -51]
[93 28 -51]
[93 31 -25]
[93 31 -24]
[93 35 -21]
[93 35 -23]
[93 34 -29]
[93 34 -30]
[93 22 -50]
[93 -19 -62]
[93 -17 -62]
[93 -18 -62]
[93 1 -60]
[93 0 -60]
[93 -1 -60]
[93 2 -59]
[93 12 -55]
[93 13 -54]
[93 15 -53]
[93 -31 -42]
[93 -7 -59]
[93 -5 -60]
[93 -6 -61]
[93 -6 -59]
[93 -20 -60]
[93 -20 -61]
[93 31 -10]
[93 -13 -62]
[93 28 -10]
[93 -28 -52]
[93 -29 -53]
[93 -26 -56]
[93 -30 -47]
[93 -31 -47]
[93 -26 -55]
[93 -27 -55]
[93 -21 -61]
[93 -30 -52]
[93 34 -31]
[93 35 -19]
[93 34 -13]
[93 -14 -62]
[94 35 -14]
[94 -28 -55]
[94 34 -10]
[94 34 -12]
[94 34 -11]
[94 30 -24]
[94 32 -26]
[94 35 -40]
[94 36 -40]
[94 36 -36]
[94 30 -48]
[94 36 -23]
[94 34 -23]
[94 -29 -54]
[94 -5 -61]
[94 -5 -62]
[94 -6 -63]
[94 34 -45]
[94 33 -46]
[94 34 -46]
[94 32 -46]
[94 35 -16]
[94 35 -26]
[94 -31 -48]
[94 34 -34]
[94 36 -20]
[94 36 -19]
[94 35 -30]
[94 -3 -61]
[94 -15 -63]
[94 -13 -63]
[94 -14 -63]
[94 29 -9]
[94 35 -24]
[94 28 -8]
[94 22 -51]
[94 24 -52]
[94 23 -52]
[94 22 -52]
[94 12 -54]
[94 -23 -59]
[94 -22 -61]
[94 35 -29]
[94 -10 -63]
[94 -8 -63]
[94 -9 -63]
[94 36 -43]
[94 36 -42]
[94 35 -41]
[94 -27 -56]
[94 9 -57]
[94 -4 -61]
[94 36 -33]
[94 -33 -43]
[94 -32 -43]
[94 -30 -50]
[94 -31 -50]
[94 11 -57]
[94 10 -57]
[94 5 -58]
[94 5 -59]
[94 27 -52]
[94 35 -28]
[94 21 -53]
[94 19 -54]
[94 -18 -63]
[94 12 -56]
[94 31 -9]
[94 30 -9]
[94 31 -47]
[94 36 -38]
[94 36 -37]
[94 6 -57]
[94 -32 -42]
[94 -26 -57]
[94 29 -51]
[94 30 -49]
[94 30 -51]
[94 30 -50]
[94 28 -50]
[94 -20 -62]
[94 -20 -63]
[94 17 -54]
[94 -31 -52]
[94 -31 -53]
[94 -31 -51]
[94 29 -24]
[94 29 -25]
[94 0 -61]
[94 -1 -61]
[94 32 -47]
[94 2 -60]
[94 1 -61]
[94 36 -18]
[94 35 -18]
[94 14 -54]
[94 32 -35]
[94 33 -34]
[94 -27 -57]
[94 36 -16]
[94 36 -15]
[94 36 -14]
[94 5 -60]
[94 36 -34]
[94 36 -32]
[94 -11 -63]
[94 -12 -63]
[94 28 -52]
[94 29 -52]
[94 -28 -56]
[94 18 -54]
[94 34 -44]
[94 35 -44]
[94 15 -54]
[94 35 -27]
[94 36 -35]
[94 -7 -63]
[94 -32 -45]
[94 4 -61]
[94 36 -22]
[94 -21 -62]
[94 -32 -47]
[94 -31 -54]
[94 -30 -54]
[94 15 -52]
[94 -32 -48]
[94 -22 -62]
[94 -16 -63]
[94 -17 -63]
[95 36 -27]
[95 36 -25]
[95 37 -33]
[95 37 -31]
[95 -2 -61]
[95 -2 -62]
[95 -1 -62]
[95 21 -54]
[95 22 -53]
[95 36 -39]
[95 36 -41]
[95 11 -58]
[95 27 -51]
[95 -29 -55]
[95 -31 -55]
[95 -4 -62]
[95 -5 -63]
[95 -4 -63]
[95 27 -53]
[95 28 -53]
[95 29 -53]
[95 4 -60]
[95 6 -61]
[95 6 -59]
[95 19 -55]
[95 18 -55]
[95 -12 -64]
[95 -11 -62]
[95 36 -17]
[95 -33 -46]
[95 -33 -47]
[95 30 -23]
[95 -7 -64]
[95 -9 -64]
[95 10 -58]
[95 37 -18]
[95 37 -17]
[95 24 -53]
[95 -16 -64]
[95 -16 -62]
[95 30 -52]
[95 37 -20]
[95 6 -58]
[95 -3 -62]
[95 -28 -57]
[95 -32 -49]
[95 -22 -63]
[95 -21 -63]
[95 -32 -52]
[95 -32 -54]
[95 -11 -64]
[95 37 -39]
[95 37 -41]
[95 -28 -58]
[95 -27 -58]
[95 -26 -58]
[95 -32 -51]
[95 31 -51]
[95 31 -50]
[95 26 -52]
[95 26 -53]
[95 31 -48]
[95 31 -49]
[95 13 -56]
[95 13 -55]
[95 -14 -64]
[95 -18 -64]
[95 -17 -64]
[95 -19 -64]
[95 32 -8]
[95 32 -10]
[95 16 -54]
[95 17 -55]
[95 37 -37]
[95 37 -36]
[95 28 -7]
[95 29 -7]
[95 30 -8]
[95 29 -8]
[95 37 -21]
[95 37 -22]
[95 37 -23]
[95 36 -21]
[95 35 -11]
[95 35 -13]
[95 -32 -53]
[95 -30 -55]
[95 37 -32]
[95 37 -34]
[95 3 -61]
[95 36 -30]
[95 36 -29]
[95 36 -28]
[95 -29 -57]
[95 37 -42]
[95 37 -43]
[95 37 -44]
[95 -15 -64]
[95 36 -26]
[95 35 -34]
[95 35 -35]
[95 -31 -49]
[95 -33 -44]
[95 -33 -45]
[95 5 -61]
[95 35 -10]
[95 33 -9]
[95 34 -9]
[95 37 -15]
[95 37 -14]
[95 6 -60]
[95 32 -48]
[95 33 -47]
[95 34 -47]
[95 -21 -64]
[95 15 -55]
[95 14 -55]
[95 -33 -48]
[95 -33 -49]
[95 -6 -64]
[95 35 -12]
[95 -23 -61]
[95 1 -62]
[95 2 -61]
[95 2 -62]
[95 35 -46]
[95 35 -45]
[95 8 -56]
[95 8 -58]
[95 9 -58]
[95 37 -19]
[96 -1 -63]
[96 -2 -63]
[96 38 -32]
[96 38 -33]
[96 3 -62]
[96 2 -63]
[96 7 -57]
[96 7 -59]
[96 21 -55]
[96 20 -55]
[96 25 -52]
[96 38 -22]
[96 36 -13]
[96 36 -11]
[96 7 -60]
[96 10 -59]
[96 11 -59]
[96 37 -27]
[96 37 -28]
[96 36 -31]
[96 38 -44]
[96 38 -43]
[96 -22 -64]
[96 -20 -65]
[96 17 -56]
[96 16 -55]
[96 38 -42]
[96 38 -41]
[96 38 -40]
[96 -19 -65]
[96 -19 -63]
[96 30 -7]
[96 37 -30]
[96 -20 -64]
[96 38 -31]
[96 -32 -50]
[96 -33 -51]
[96 -33 -52]
[96 38 -14]
[96 37 -38]
[96 38 -21]
[96 38 -20]
[96 28 -6]
[96 29 -6]
[96 -33 -50]
[96 -3 -63]
[96 -33 -53]
[96 32 -9]
[96 33 -8]
[96 34 -8]
[96 0 -62]
[96 0 -63]
[96 1 -63]
[96 37 -24]
[96 38 -23]
[96 36 -12]
[96 -34 -46]
[96 29 -54]
[96 -34 -49]
[96 -8 -65]
[96 -9 -65]
[96 -10 -65]
[96 36 -46]
[96 32 -50]
[96 35 -9]
[96 36 -10]
[96 35 -25]
[96 37 -25]
[96 22 -54]
[96 23 -54]
[96 23 -53]
[96 27 -7]
[96 -25 -57]
[96 36 -47]
[96 34 -48]
[96 33 -48]
[96 38 -19]
[96 -5 -64]
[96 18 -56]
[96 20 -56]
[96 6 -62]
[96 4 -62]
[96 37 -45]
[96 36 -44]
[96 -17 -65]
[96 38 -38]
[96 37 -40]
[96 -30 -56]
[96 -31 -56]
[96 32 -49]
[96 -6 -65]
[96 -7 -65]
[96 -8 -64]
[96 9 -59]
[96 -30 -57]
[96 38 -34]
[96 31 -53]
[96 37 -26]
[96 -34 -45]
[96 30 -54]
[96 38 -36]
[96 38 -37]
[96 19 -56]
[96 32 -7]
[96 37 -29]
[96 12 -59]
[96 12 -58]
[96 12 -57]
[96 15 -56]
[96 38 -18]
[96 7 -58]
[96 7 -62]
[96 37 -13]
[96 38 -13]
[96 -5 -65]
[96 33 -10]
[96 -18 -65]
[96 38 -17]
[96 7 -61]
[96 35 -47]
[96 35 -48]
[96 -29 -56]
[97 10 -60]
[97 39 -21]
[97 38 -16]
[97 37 -16]
[97 8 -57]
[97 39 -13]
[97 17 -57]
[97 18 -57]
[97 38 -12]
[97 37 -12]
[97 39 -43]
[97 39 -44]
[97 37 -11]
[97 3 -64]
[97 2 -64]
[97 3 -63]
[97 -34 -53]
[97 -34 -51]
[97 39 -24]
[97 30 -6]
[97 29 -5]
[97 28 -5]
[97 32 -53]
[97 13 -57]
[97 39 -32]
[97 39 -31]
[97 8 -62]
[97 8 -60]
[97 33 -51]
[97 21 -56]
[97 39 -18]
[97 36 -8]
[97 36 -9]
[97 39 -45]
[97 38 -29]
[97 38 -28]
[97 38 -30]
[97 -10 -66]
[97 38 -27]
[97 39 -38]
[97 39 -33]
[97 39 -35]
[97 31 -7]
[97 5 -63]
[97 4 -63]
[97 16 -57]
[97 36 -49]
[97 34 -49]
[97 37 -46]
[97 38 -46]
[97 -4 -64]
[97 -4 -65]
[97 27 -6]
[97 -21 -65]
[97 38 -26]
[97 13 -58]
[97 13 -59]
[97 7 -63]
[97 6 -63]
[97 5 -62]
[97 -9 -66]
[97 -7 -66]
[97 -2 -64]
[97 38 -39]
[97 -34 -52]
[97 9 -60]
[97 8 -59]
[97 37 -47]
[97 37 -48]
[97 -10 -64]
[97 -8 -66]
[97 -6 -66]
[97 39 -39]
[97 28 -55]
[97 39 -20]
[97 38 -25]
[97 1 -64]
[97 0 -64]
[97 34 -7]
[97 33 -7]
[97 36 -45]
[97 8 -61]
[97 13 -60]
[97 12 -60]
[97 39 -37]
[97 14 -57]
[97 20 -57]
[97 16 -56]
[97 29 -55]
[97 30 -55]
[97 39 -40]
[97 -29 -58]
[97 -30 -58]
[97 -31 -57]
[97 22 -55]
[97 24 -55]
[97 23 -55]
[97 35 -49]
[97 33 -49]
[97 39 -41]
[97 39 -42]
[97 -34 -50]
[97 39 -12]
[97 39 -19]
[98 19 -57]
[98 39 -28]
[98 39 -29]
[98 38 -48]
[98 36 -48]
[98 38 -47]
[98 29 -56]
[98 28 -56]
[98 28 -54]
[98 33 -50]
[98 25 -55]
[98 25 -54]
[98 23 -56]
[98 24 -56]
[98 31 -56]
[98 31 -55]
[98 31 -54]
[98 10 -61]
[98 39 -16]
[98 2 -65]
[98 4 -65]
[98 40 -44]
[98 40 -46]
[98 40 -45]
[98 38 -45]
[98 39 -46]
[98 -3 -65]
[98 -3 -64]
[98 4 -64]
[98 14 -58]
[98 14 -56]
[98 11 -60]
[98 40 -20]
[98 18 -58]
[98 39 -25]
[98 39 -27]
[98 6 -64]
[98 38 -11]
[98 37 -10]
[98 40 -37]
[98 40 -38]
[98 35 -6]
[98 35 -7]
[98 35 -8]
[98 33 -6]
[98 39 -11]
[98 39 -30]
[98 40 -32]
[98 1 -65]
[98 40 -39]
[98 40 -40]
[98 -11 -65]
[98 -31 -58]
[98 -1 -64]
[98 35 -50]
[98 36 -50]
[98 27 -56]
[98 9 -62]
[98 9 -61]
[98 37 -49]
[98 34 -50]
[98 34 -52]
[98 32 -52]
[98 40 -21]
[98 15 -58]
[98 15 -57]
[98 40 -17]
[98 40 -18]
[98 40 -19]
[98 -10 -67]
[98 -9 -67]
[98 31 -6]
[98 32 -6]
[98 40 -13]
[98 40 -12]
[98 40 -11]
[98 -3 -66]
[98 -4 -66]
[98 30 -5]
[98 30 -4]
[98 29 -4]
[98 40 -23]
[98 38 -24]
[98 40 -25]
[98 39 -47]
[98 38 -15]
[98 40 -42]
[98 37 -50]
[98 40 -41]
[98 39 -26]
[98 -29 -59]
[98 22 -56]
[98 21 -57]
[98 40 -33]
[98 19 -58]
[98 11 -61]
[98 14 -61]
[98 13 -61]
[98 -6 -67]
[98 -5 -67]
[98 3 -65]
[98 33 -52]
[98 31 -52]
[98 33 -53]
[98 32 -54]
[98 5 -64]
[98 7 -64]
[98 37 -9]
[98 36 -7]
[98 37 -8]
[98 -7 -67]
[98 39 -36]
[98 39 -34]
[98 40 -35]
[98 38 -35]
[98 40 -36]
[98 34 -6]
[99 38 -9]
[99 12 -61]
[99 41 -41]
[99 41 -39]
[99 11 -62]
[99 40 -43]
[99 41 -45]
[99 40 -47]
[99 41 -35]
[99 -11 -67]
[99 32 -5]
[99 31 -5]
[99 1 -66]
[99 2 -66]
[99 41 -12]
[99 41 -14]
[99 41 -13]
[99 32 -51]
[99 31 -4]
[99 39 -15]
[99 32 -57]
[99 32 -55]
[99 31 -57]
[99 30 -56]
[99 -4 -67]
[99 -3 -67]
[99 35 -53]
[99 34 -53]
[99 34 -51]
[99 40 -10]
[99 39 -10]
[99 41 -10]
[99 25 -56]
[99 24 -57]
[99 33 -5]
[99 27 -54]
[99 27 -55]
[99 38 -49]
[99 38 -50]
[99 34 -5]
[99 8 -64]
[99 7 -65]
[99 36 -5]
[99 -2 -65]
[99 38 -10]
[99 23 -57]
[99 37 -6]
[99 37 -7]
[99 38 -7]
[99 38 -8]
[99 20 -59]
[99 41 -19]
[99 41 -20]
[99 40 -27]
[99 40 -26]
[99 40 -24]
[99 -7 -68]
[99 -8 -68]
[99 5 -65]
[99 6 -65]
[99 -8 -67]
[99 36 -51]
[99 35 -51]
[99 41 -11]
[99 24 -54]
[99 26 -55]
[99 25 -53]
[99 36 -6]
[99 41 -37]
[99 40 -30]
[99 20 -58]
[99 41 -42]
[99 31 -3]
[99 41 -44]
[99 3 -66]
[99 14 -59]
[99 10 -63]
[99 10 -62]
[99 41 -36]
[99 39 -48]
[99 16 -58]
[99 41 -18]
[99 39 -17]
[99 40 -22]
[99 41 -22]
[99 41 -38]
[99 -2 -67]
[99 -5 -68]
[99 41 -25]
[99 41 -26]
[99 41 -24]
[99 29 -57]
[99 14 -62]
[99 14 -60]
[99 13 -62]
[99 12 -62]
[99 39 -22]
[99 -6 -68]
[99 -5 -66]
[99 4 -66]
[99 40 -29]
[99 40 -31]
[99 41 -32]
[99 41 -33]
[99 41 -31]
[99 41 -40]
[99 28 -57]
[99 27 -57]
[99 -2 -66]
[99 15 -61]
[99 40 -16]
[99 41 -17]
[99 37 -51]
[99 40 -34]
[99 41 -34]
[99 41 -21]
[99 19 -59]
[99 17 -58]
[99 33 -55]
[100 30 -57]
[100 31 -58]
[100 32 -58]
[100 -6 -69]
[100 32 -4]
[100 30 -3]
[100 40 -14]
[100 39 -14]
[100 11 -63]
[100 41 -28]
[100 42 -19]
[100 42 -20]
[100 40 -9]
[100 26 -56]
[100 26 -54]
[100 9 -65]
[100 9 -63]
[100 42 -40]
[100 42 -38]
[100 39 -7]
[100 39 -8]
[100 39 -6]
[100 16 -59]
[100 17 -59]
[100 39 -49]
[100 35 -52]
[100 42 -35]
[100 42 -34]
[100 38 -6]
[100 38 -5]
[100 42 -18]
[100 -12 -67]
[100 -10 -68]
[100 -12 -68]
[100 41 -16]
[100 42 -10]
[100 42 -31]
[100 39 -23]
[100 38 -52]
[100 40 -15]
[100 4 -67]
[100 3 -67]
[100 2 -67]
[100 28 -58]
[100 26 -58]
[100 42 -37]
[100 -4 -68]
[100 -3 -68]
[100 41 -30]
[100 41 -48]
[100 40 -48]
[100 12 -63]
[100 32 -2]
[100 31 -2]
[100 32 -3]
[100 42 -27]
[100 22 -58]
[100 23 -58]
[100 41 -27]
[100 41 -29]
[100 42 -14]
[100 -1 -67]
[100 -1 -66]
[100 -1 -68]
[100 42 -25]
[100 42 -26]
[100 42 -24]
[100 35 -5]
[100 37 -5]
[100 41 -23]
[100 42 -45]
[100 42 -44]
[100 42 -32]
[100 42 -33]
[100 11 -64]
[100 35 -54]
[100 36 -54]
[100 34 -54]
[100 20 -60]
[100 21 -58]
[100 19 -60]
[100 -5 -69]
[100 34 -56]
[100 34 -4]
[100 29 -58]
[100 27 -58]
[100 39 -9]
[100 1 -67]
[100 5 -67]
[100 5 -66]
[100 42 -13]
[100 42 -39]
[100 42 -41]
[100 18 -59]
[100 41 -43]
[100 42 -42]
[100 41 -9]
[100 14 -63]
[100 13 -63]
[100 15 -62]
[100 15 -63]
[100 42 -36]
[100 8 -66]
[100 8 -65]
[100 15 -59]
[100 15 -60]
[100 30 -58]
[100 21 -59]
[100 33 -57]
[100 -9 -68]
[100 -8 -69]
[100 42 -22]
[100 0 -65]
[100 0 -66]
[100 16 -60]
[100 16 -62]
[100 33 -54]
[100 40 -28]
[101 16 -61]
[101 1 -68]
[101 2 -68]
[101 43 -24]
[101 43 -36]
[101 43 -35]
[101 -11 -68]
[101 10 -65]
[101 12 -64]
[101 15 -64]
[101 14 -64]
[101 8 -63]
[101 43 -38]
[101 3 -68]
[101 4 -68]
[101 -2 -69]
[101 -2 -68]
[101 26 -57]
[101 26 -59]
[101 27 -59]
[101 25 -58]
[101 -1 -69]
[101 0 -69]
[101 0 -67]
[101 42 -43]
[101 42 -29]
[101 43 -32]
[101 43 -33]
[101 42 -11]
[101 42 -9]
[101 43 -11]
[101 36 -4]
[101 38 -4]
[101 33 -59]
[101 43 -41]
[101 43 -39]
[101 36 -55]
[101 37 -54]
[101 43 -28]
[101 43 -27]
[101 40 -49]
[101 6 -66]
[101 5 -68]
[101 6 -67]
[101 33 -4]
[101 33 -3]
[101 34 -3]
[101 35 -56]
[101 35 -55]
[101 33 -56]
[101 34 -55]
[101 34 -57]
[101 -4 -70]
[101 -6 -70]
[101 -5 -70]
[101 9 -64]
[101 20 -61]
[101 18 -61]
[101 39 -5]
[101 42 -8]
[101 40 -8]
[101 36 -53]
[101 42 -15]
[101 41 -15]
[101 16 -64]
[101 16 -63]
[101 17 -63]
[101 17 -61]
[101 43 -42]
[101 43 -40]
[101 43 -19]
[101 42 -17]
[101 43 -18]
[101 43 -20]
[101 -3 -69]
[101 43 -14]
[101 32 -1]
[101 -1 -65]
[101 -9 -69]
[101 33 -1]
[101 33 -2]
[101 38 -51]
[101 37 -52]
[101 30 -59]
[101 31 -59]
[101 18 -60]
[101 17 -60]
[101 41 -8]
[101 42 -28]
[101 43 -26]
[101 22 -60]
[101 -11 -69]
[101 -12 -69]
[101 33 -58]
[101 32 -56]
[101 42 -30]
[101 22 -57]
[101 22 -59]
[101 9 -66]
[101 43 -31]
[101 8 -67]
[101 9 -67]
[101 7 -66]
[101 0 -68]
[101 42 -48]
[101 41 -49]
[101 42 -49]
[101 41 -47]
[101 21 -60]
[101 19 -61]
[101 -10 -69]
[101 -8 -70]
[101 -7 -70]
[101 29 -59]
[101 39 -4]
[101 37 -4]
[101 42 -46]
[101 43 -44]
[101 43 -45]
[101 24 -58]
[101 23 -59]
[101 43 -21]
[101 43 -22]
[102 44 -35]
[102 43 -34]
[102 10 -66]
[102 33 0]
[102 24 -60]
[102 18 -62]
[102 17 -62]
[102 44 -24]
[102 30 -60]
[102 29 -60]
[102 42 -16]
[102 43 -15]
[102 -12 -70]
[102 -11 -70]
[102 44 -32]
[102 44 -33]
[102 44 -34]
[102 44 -21]
[102 44 -38]
[102 13 -64]
[102 15 -65]
[102 14 -65]
[102 5 -69]
[102 6 -68]
[102 38 -3]
[102 36 -3]
[102 34 -2]
[102 40 -7]
[102 18 -63]
[102 18 -64]
[102 17 -64]
[102 43 -37]
[102 44 -37]
[102 44 -41]
[102 44 -40]
[102 43 -43]
[102 43 -17]
[102 43 -16]
[102 10 -67]
[102 43 -47]
[102 42 -47]
[102 44 -11]
[102 43 -12]
[102 44 -12]
[102 44 -28]
[102 44 -27]
[102 43 -49]
[102 -9 -70]
[102 44 -19]
[102 44 -17]
[102 -5 -71]
[102 -4 -71]
[102 21 -62]
[102 19 -62]
[102 39 -50]
[102 13 -65]
[102 12 -65]
[102 7 -68]
[102 9 -68]
[102 8 -68]
[102 44 -44]
[102 44 -43]
[102 44 -45]
[102 44 -39]
[102 0 -70]
[102 25 -59]
[102 25 -60]
[102 43 -48]
[102 41 -50]
[102 4 -69]
[102 2 -69]
[102 3 -69]
[102 36 -56]
[102 37 -56]
[102 40 -5]
[102 -3 -70]
[102 -2 -70]
[102 17 -65]
[102 28 -59]
[102 -7 -71]
[102 -7 -69]
[102 43 -13]
[102 44 -14]
[102 44 -13]
[102 32 -60]
[102 32 -59]
[102 34 -60]
[102 34 -59]
[102 34 -58]
[102 -6 -71]
[102 -1 -70]
[102 20 -62]
[102 35 -3]
[102 42 -50]
[102 44 -22]
[102 42 -23]
[102 43 -23]
[102 1 -69]
[102 21 -61]
[102 38 -53]
[102 38 -55]
[102 43 -9]
[102 43 -10]
[102 -4 -69]
[102 44 -20]
[102 44 -18]
[102 42 -7]
[102 35 -57]
[102 36 -57]
[102 42 -21]
[102 10 -64]
[102 22 -61]
[102 23 -61]
[102 23 -60]
[102 7 -67]
[102 36 -52]
[102 44 -26]
[102 -8 -71]
[102 35 -2]
[102 35 -4]
[102 43 -30]
[102 44 -31]
[102 44 -30]
[103 40 -6]
[103 41 -6]
[103 41 -7]
[103 12 -66]
[103 19 -63]
[103 35 -1]
[103 34 -1]
[103 36 -1]
[103 45 -45]
[103 44 -46]
[103 43 -46]
[103 45 -44]
[103 42 -51]
[103 35 -60]
[103 35 -58]
[103 45 -36]
[103 41 -5]
[103 45 -43]
[103 44 -23]
[103 45 -40]
[103 44 -42]
[103 45 -41]
[103 13 -66]
[103 11 -65]
[103 8 -69]
[103 -11 -71]
[103 -12 -71]
[103 14 -66]
[103 43 -8]
[103 43 -6]
[103 42 -6]
[103 -9 -72]
[103 -6 -72]
[103 -7 -72]
[103 40 -50]
[103 40 -51]
[103 45 -27]
[103 45 -25]
[103 45 -26]
[103 44 -25]
[103 45 -21]
[103 45 -20]
[103 44 -15]
[103 44 -16]
[103 6 -70]
[103 6 -69]
[103 45 -17]
[103 22 -62]
[103 30 -61]
[103 45 -38]
[103 36 -2]
[103 26 -61]
[103 24 -61]
[103 37 -2]
[103 37 -3]
[103 45 -32]
[103 45 -33]
[103 45 -39]
[103 45 -37]
[103 37 -55]
[103 38 -56]
[103 38 -57]
[103 44 -29]
[103 34 0]
[103 10 -68]
[103 45 -10]
[103 18 -65]
[103 16 -65]
[103 45 -13]
[103 39 -56]
[103 38 -54]
[103 45 -19]
[103 45 -22]
[103 44 -9]
[103 44 -10]
[103 -10 -70]
[103 -10 -71]
[103 -2 -71]
[103 -3 -71]
[103 45 -18]
[103 45 -29]
[103 45 -31]
[103 45 -24]
[103 43 -25]
[103 45 -23]
[103 20 -63]
[103 21 -63]
[103 44 -8]
[103 29 -61]
[103 28 -60]
[103 37 -57]
[103 37 -58]
[103 38 -2]
[103 39 -3]
[103 45 -30]
[103 -8 -72]
[103 45 -28]
[103 31 -61]
[103 33 -61]
[103 9 -69]
[103 7 -69]
[103 3 -70]
[103 1 -70]
[103 27 -60]
[103 23 -62]
[103 45 -15]
[103 43 -50]
[103 44 -50]
[103 19 -64]
[103 42 -12]
[103 18 -66]
[103 0 -71]
[103 24 -62]
[103 -3 -72]
[103 -5 -72]
[103 4 -70]
[103 44 -36]
[103 31 -60]
[103 44 -48]
[103 -4 -72]
[104 45 -48]
[104 44 -47]
[104 44 -49]
[104 45 -49]
[104 45 -50]
[104 44 -51]
[104 43 -51]
[104 46 -15]
[104 46 -14]
[104 46 -22]
[104 46 -21]
[104 46 -41]
[104 46 -40]
[104 45 -42]
[104 -10 -72]
[104 37 -1]
[104 26 -60]
[104 46 -19]
[104 46 -17]
[104 46 -36]
[104 39 -55]
[104 39 -57]
[104 46 -30]
[104 46 -32]
[104 46 -31]
[104 46 -20]
[104 46 -18]
[104 11 -68]
[104 11 -67]
[104 32 -62]
[104 34 -62]
[104 -1 -72]
[104 -1 -71]
[104 42 -5]
[104 41 -4]
[104 42 -4]
[104 35 -59]
[104 23 -63]
[104 22 -63]
[104 19 -66]
[104 -8 -73]
[104 -10 -73]
[104 -2 -73]
[104 -3 -73]
[104 45 -9]
[104 29 -62]
[104 30 -62]
[104 28 -61]
[104 46 -29]
[104 45 -11]
[104 25 -61]
[104 46 -26]
[104 46 -28]
[104 46 -38]
[104 -4 -73]
[104 38 -58]
[104 1 -72]
[104 20 -64]
[104 -6 -73]
[104 -7 -73]
[104 -5 -73]
[104 36 0]
[104 39 -53]
[104 39 -54]
[104 38 -59]
[104 37 -59]
[104 46 -46]
[104 46 -33]
[104 45 -34]
[104 46 -34]
[104 5 -70]
[104 46 -44]
[104 46 -45]
[104 46 -43]
[104 31 -62]
[104 43 -7]
[104 44 -7]
[104 45 -7]
[104 13 -67]
[104 14 -67]
[104 15 -67]
[104 44 -5]
[104 40 -57]
[104 46 -27]
[104 7 -70]
[104 8 -70]
[104 -12 -72]
[104 4 -71]
[104 5 -71]
[104 45 -35]
[104 46 -35]
[104 27 -61]
[104 2 -70]
[104 1 -71]
[104 2 -71]
[104 45 -14]
[104 38 -1]
[104 39 -2]
[104 40 -4]
[104 45 -16]
[104 -9 -71]
[104 22 -64]
[104 25 -62]
[104 24 -63]
[104 36 -60]
[104 36 -59]
[104 19 -65]
[104 15 -66]
[104 46 -23]
[104 46 -25]
[104 -13 -72]
[104 -11 -72]
[104 21 -64]
[104 10 -70]
[104 9 -70]
[104 12 -67]
[104 43 -5]
[104 7 -71]
[104 46 -11]
[104 46 -9]
[105 40 -56]
[105 40 -54]
[105 46 -42]
[105 47 -31]
[105 47 -32]
[105 47 -30]
[105 45 -4]
[105 44 -6]
[105 44 -4]
[105 -13 -73]
[105 36 -61]
[105 37 -61]
[105 47 -29]
[105 42 -52]
[105 43 -52]
[105 9 -71]
[105 46 -13]
[105 47 -13]
[105 47 -15]
[105 3 -71]
[105 4 -72]
[105 -8 -74]
[105 -2 -72]
[105 0 -72]
[105 40 -58]
[105 46 -51]
[105 46 -50]
[105 23 -64]
[105 21 -65]
[105 45 -6]
[105 46 -8]
[105 45 -12]
[105 46 -10]
[105 47 -35]
[105 47 -34]
[105 41 -3]
[105 -6 -74]
[105 37 -60]
[105 -12 -73]
[105 -11 -73]
[105 45 -47]
[105 27 -62]
[105 28 -62]
[105 -11 -74]
[105 -10 -74]
[105 26 -62]
[105 47 -26]
[105 47 -27]
[105 0 -73]
[105 2 -72]
[105 2 -73]
[105 20 -66]
[105 20 -67]
[105 19 -67]
[105 47 -39]
[105 47 -38]
[105 3 -72]
[105 46 -12]
[105 45 -46]
[105 47 -45]
[105 47 -46]
[105 47 -47]
[105 15 -68]
[105 13 -68]
[105 -1 -74]
[105 -2 -74]
[105 30 -63]
[105 47 -28]
[105 46 -49]
[105 46 -48]
[105 38 -60]
[105 39 -58]
[105 39 -59]
[105 45 -52]
[105 10 -69]
[105 10 -71]
[105 46 -16]
[105 41 -57]
[105 47 -20]
[105 47 -22]
[105 16 -67]
[105 16 -66]
[105 12 -68]
[105 12 -69]
[105 47 -17]
[105 47 -18]
[105 46 -24]
[105 47 -19]
[105 38 0]
[105 24 -64]
[105 25 -64]
[105 -5 -74]
[105 33 -62]
[105 31 -63]
[105 14 -68]
[105 11 -70]
[105 28 -63]
[105 29 -63]
[105 47 -33]
[105 47 -21]
[105 11 -66]
[105 40 -52]
[105 39 -1]
[105 20 -65]
[105 -7 -74]
[105 43 -3]
[105 42 -3]
[105 47 -40]
[105 46 -39]
[105 45 -8]
[105 8 -71]
[105 6 -71]
[105 40 -2]
[105 8 -72]
[105 7 -72]
[105 -3 -74]
[105 -4 -74]
[105 47 -43]
[105 47 -44]
[105 5 -72]
[105 34 -61]
[105 47 -23]
[105 47 -9]
[105 47 -8]
[105 47 -10]
[106 30 -64]
[106 31 -64]
[106 48 -18]
[106 45 -5]
[106 40 -59]
[106 41 -59]
[106 40 -53]
[106 41 -55]
[106 41 -54]
[106 48 -17]
[106 47 -16]
[106 48 -16]
[106 1 -74]
[106 2 -74]
[106 3 -73]
[106 -12 -74]
[106 47 -11]
[106 41 -2]
[106 40 -3]
[106 48 -33]
[106 48 -35]
[106 48 -40]
[106 44 -53]
[106 42 -53]
[106 43 -53]
[106 46 -47]
[106 38 -61]
[106 39 -61]
[106 48 -32]
[106 40 -60]
[106 22 -66]
[106 22 -65]
[106 21 -66]
[106 18 -67]
[106 18 -68]
[106 13 -69]
[106 38 1]
[106 39 1]
[106 39 0]
[106 -4 -75]
[106 -3 -75]
[106 4 -73]
[106 6 -73]
[106 6 -72]
[106 48 -31]
[106 48 -30]
[106 48 -19]
[106 35 -61]
[106 26 -63]
[106 48 -34]
[106 47 -36]
[106 48 -36]
[106 25 -63]
[106 25 -65]
[106 26 -65]
[106 46 -53]
[106 44 -52]
[106 45 -51]
[106 46 -52]
[106 28 -64]
[106 34 -63]
[106 33 -63]
[106 27 -63]
[106 48 -29]
[106 48 -27]
[106 46 -37]
[106 48 -39]
[106 48 -38]
[106 47 -37]
[106 -9 -74]
[106 -9 -75]
[106 -9 -73]
[106 44 -3]
[106 44 -2]
[106 14 -69]
[106 -7 -75]
[106 -6 -75]
[106 -5 -75]
[106 17 -68]
[106 17 -66]
[106 47 -51]
[106 47 -49]
[106 24 -65]
[106 5 -73]
[106 48 -9]
[106 47 -7]
[106 48 -7]
[106 47 -41]
[106 47 -42]
[106 9 -72]
[106 41 -58]
[106 42 -57]
[106 17 -67]
[106 41 -51]
[106 41 -53]
[106 -1 -73]
[106 48 -23]
[106 0 -75]
[106 0 -74]
[106 23 -65]
[106 48 -12]
[106 47 -14]
[106 47 -12]
[106 48 -14]
[106 48 -44]
[106 48 -42]
[106 -11 -75]
[106 48 -10]
[106 40 0]
[106 43 -4]
[106 42 -2]
[106 48 -43]
[106 -8 -75]
[106 48 -22]
[106 11 -69]
[106 47 -50]
[106 47 -52]
[106 16 -69]
[106 16 -68]
[106 10 -72]
[106 11 -71]
[106 48 -46]
[106 21 -67]
[106 20 -68]
[106 48 -47]
[106 48 -25]
[106 47 -25]
[106 48 -26]
[106 1 -73]
[106 12 -71]
[106 12 -70]
[106 29 -64]
[107 42 -54]
[107 43 -54]
[107 44 -54]
[107 21 -68]
[107 20 -69]
[107 19 -68]
[107 21 -69]
[107 -10 -75]
[107 -12 -75]
[107 49 -35]
[107 49 -33]
[107 49 -34]
[107 49 -31]
[107 49 -14]
[107 48 -15]
[107 49 -15]
[107 49 -26]
[107 14 -70]
[107 15 -70]
[107 28 -65]
[107 27 -65]
[107 27 -64]
[107 45 -53]
[107 45 -54]
[107 6 -74]
[107 5 -74]
[107 15 -69]
[107 49 -32]
[107 13 -71]
[107 13 -70]
[107 48 -50]
[107 48 -52]
[107 48 -51]
[107 47 -6]
[107 48 -6]
[107 41 -60]
[107 26 -64]
[107 42 -56]
[107 49 -20]
[107 49 -43]
[107 49 -41]
[107 49 -36]
[107 33 -64]
[107 32 -64]
[107 34 -64]
[107 43 -1]
[107 45 -2]
[107 45 -3]
[107 41 -52]
[107 48 -53]
[107 42 -58]
[107 49 -16]
[107 12 -72]
[107 13 -72]
[107 26 -66]
[107 27 -66]
[107 49 -39]
[107 23 -66]
[107 22 -68]
[107 49 -25]
[107 49 -27]
[107 48 -11]
[107 49 -10]
[107 2 -75]
[107 1 -75]
[107 43 -2]
[107 41 -1]
[107 39 -62]
[107 38 -62]
[107 40 -62]
[107 47 -24]
[107 48 -24]
[107 49 -46]
[107 49 -47]
[107 40 1]
[107 48 -49]
[107 22 -67]
[107 10 -73]
[107 11 -73]
[107 17 -70]
[107 49 -45]
[107 49 -44]
[107 7 -73]
[107 35 -64]
[107 35 -62]
[107 -1 -75]
[107 48 -8]
[107 -9 -76]
[107 25 -66]
[107 8 -73]
[107 49 -17]
[107 42 -55]
[107 48 -37]
[107 40 -1]
[107 41 1]
[107 46 -4]
[107 49 -22]
[107 49 -23]
[107 49 -24]
[107 49 -29]
[107 49 -28]
[107 -5 -76]
[107 48 -48]
[107 48 -41]
[107 -7 -76]
[107 -6 -76]
[107 30 -65]
[107 29 -65]
[107 49 -19]
[107 49 -18]
[107 -4 -76]
[107 39 -60]
[107 4 -74]
[107 17 -69]
[107 18 -69]
[107 49 -38]
[107 0 -76]
[107 49 -40]
[107 49 -12]
[107 39 -52]
[107 46 -54]
[107 47 -54]
[107 3 -74]
[107 3 -75]
[107 43 -56]
[107 43 -57]
[107 43 -58]
[107 49 -8]
[107 -3 -76]
[107 -2 -76]
[107 37 0]
[107 32 -63]
[108 14 -72]
[108 50 -27]
[108 16 -70]
[108 -5 -77]
[108 -3 -77]
[108 47 -53]
[108 41 0]
[108 7 -74]
[108 9 -74]
[108 9 -73]
[108 39 -63]
[108 41 -62]
[108 40 -61]
[108 50 -21]
[108 50 -22]
[108 49 -21]
[108 5 -75]
[108 36 -62]
[108 36 -63]
[108 50 -35]
[108 50 -33]
[108 43 -55]
[108 -7 -77]
[108 16 -71]
[108 15 -71]
[108 -2 -77]
[108 -2 -75]
[108 48 -28]
[108 50 -30]
[108 50 -29]
[108 44 -58]
[108 44 -57]
[108 50 -11]
[108 50 -9]
[108 49 -11]
[108 49 -9]
[108 14 -71]
[108 44 -56]
[108 44 -55]
[108 4 -75]
[108 49 -49]
[108 47 -48]
[108 50 -24]
[108 50 -18]
[108 47 -55]
[108 46 -55]
[108 45 -55]
[108 50 -25]
[108 28 -66]
[108 27 -67]
[108 50 -16]
[108 50 -17]
[108 8 -74]
[108 42 2]
[108 42 1]
[108 41 2]
[108 50 -14]
[108 19 -69]
[108 19 -70]
[108 50 -32]
[108 50 -34]
[108 0 -77]
[108 1 -77]
[108 -1 -76]
[108 -1 -77]
[108 10 -74]
[108 11 -74]
[108 50 -31]
[108 44 -59]
[108 42 -59]
[108 43 -59]
[108 3 -76]
[108 32 -65]
[108 33 -65]
[108 50 -37]
[108 49 -37]
[108 50 -36]
[108 18 -70]
[108 17 -71]
[108 -6 -77]
[108 -8 -77]
[108 50 -15]
[108 46 -3]
[108 47 -5]
[108 47 -4]
[108 47 -3]
[108 14 -73]
[108 13 -73]
[108 12 -73]
[108 50 -44]
[108 50 -45]
[108 50 -12]
[108 49 -13]
[108 42 -1]
[108 26 -67]
[108 49 -7]
[108 50 -7]
[108 34 -65]
[108 36 -65]
[108 50 -46]
[108 48 -45]
[108 -10 -76]
[108 42 0]
[108 37 -62]
[108 37 -63]
[108 38 -63]
[108 50 -39]
[108 20 -70]
[108 21 -70]
[108 50 -20]
[108 22 -69]
[108 50 -48]
[108 50 -28]
[108 50 -43]
[108 50 -41]
[108 50 -40]
[108 49 -5]
[108 48 -5]
[108 46 -7]
[108 11 -72]
[108 29 -66]
[108 49 -42]
[108 30 -66]
[108 41 -61]
[108 49 -30]
[108 48 -55]
[108 -8 -76]
[108 -9 -77]
[108 44 -1]
[108 46 -1]
[108 46 -2]
[108 50 -38]
[108 23 -67]
[109 51 -7]
[109 49 -6]
[109 50 -8]
[109 51 -6]
[109 50 -6]
[109 51 -39]
[109 51 -40]
[109 28 -67]
[109 28 -68]
[109 45 -56]
[109 16 -72]
[109 15 -72]
[109 51 -14]
[109 51 -15]
[109 9 -75]
[109 10 -75]
[109 51 -46]
[109 35 -63]
[109 37 -64]
[109 51 -21]
[109 48 -3]
[109 48 -4]
[109 12 -74]
[109 38 -64]
[109 51 -41]
[109 -7 -78]
[109 -6 -78]
[109 19 -71]
[109 21 -71]
[109 45 -58]
[109 45 -57]
[109 43 1]
[109 43 2]
[109 51 -38]
[109 51 -24]
[109 42 -62]
[109 51 -29]
[109 51 -30]
[109 51 -43]
[109 51 -34]
[109 51 -33]
[109 51 -35]
[109 51 -20]
[109 23 -68]
[109 24 -67]
[109 1 -78]
[109 1 -76]
[109 5 -76]
[109 6 -75]
[109 51 -37]
[109 -8 -78]
[109 -11 -77]
[109 -10 -77]
[109 -3 -78]
[109 -4 -78]
[109 -2 -78]
[109 -1 -78]
[109 48 -54]
[109 -9 -78]
[109 51 -28]
[109 51 -8]
[109 50 -10]
[109 51 -10]
[109 51 -9]
[109 18 -71]
[109 22 -70]
[109 23 -69]
[109 51 -25]
[109 43 0]
[109 51 -32]
[109 50 -42]
[109 20 -71]
[109 15 -73]
[109 3 -77]
[109 2 -77]
[109 4 -77]
[109 4 -76]
[109 2 -76]
[109 46 -56]
[109 13 -74]
[109 37 -65]
[109 51 -48]
[109 50 -26]
[109 51 -26]
[109 51 -27]
[109 51 -36]
[109 47 -1]
[109 51 -17]
[109 48 -13]
[109 50 -13]
[109 49 -50]
[109 50 -50]
[109 30 -67]
[109 29 -67]
[109 35 -66]
[109 34 -66]
[109 47 -56]
[109 49 -54]
[109 48 -56]
[109 51 -19]
[109 51 -11]
[109 42 -61]
[109 41 -63]
[109 8 -75]
[109 49 -4]
[109 50 -4]
[109 7 -75]
[109 47 -2]
[109 46 0]
[109 51 -47]
[109 50 -47]
[109 40 -64]
[109 39 -64]
[109 43 -60]
[109 45 -59]
[109 44 -60]
[109 15 -74]
[109 14 -74]
[109 0 -78]
[109 12 -75]
[109 51 -12]
[109 51 -13]
[109 48 -21]
[109 48 -20]
[109 32 -66]
[109 33 -66]
[109 31 -67]
[109 31 -65]
[109 -5 -78]
[110 42 -64]
[110 42 -63]
[110 10 -76]
[110 8 -76]
[110 52 -26]
[110 52 -27]
[110 -2 -79]
[110 -1 -79]
[110 -3 -79]
[110 52 -25]
[110 31 -66]
[110 30 -68]
[110 39 -65]
[110 38 -65]
[110 51 -49]
[110 50 -49]
[110 -10 -79]
[110 -9 -79]
[110 35 -65]
[110 35 -67]
[110 34 -67]
[110 50 -5]
[110 51 -5]
[110 52 -20]
[110 52 -22]
[110 52 -10]
[110 43 -63]
[110 43 -62]
[110 43 -61]
[110 51 -42]
[110 52 -8]
[110 48 -1]
[110 52 -13]
[110 48 -57]
[110 51 -45]
[110 52 -45]
[110 52 -7]
[110 17 -72]
[110 51 -31]
[110 52 -30]
[110 50 -3]
[110 -4 -79]
[110 -6 -79]
[110 -4 -77]
[110 0 -79]
[110 1 -79]
[110 3 -78]
[110 4 -78]
[110 52 -47]
[110 50 -53]
[110 50 -55]
[110 22 -71]
[110 23 -70]
[110 45 -1]
[110 45 0]
[110 47 0]
[110 52 -14]
[110 36 -64]
[110 38 -66]
[110 24 -69]
[110 49 -48]
[110 52 -28]
[110 51 -4]
[110 51 -3]
[110 -11 -78]
[110 11 -75]
[110 13 -75]
[110 52 -18]
[110 32 -67]
[110 32 -68]
[110 31 -68]
[110 44 0]
[110 52 -34]
[110 52 -33]
[110 14 -75]
[110 15 -75]
[110 46 -57]
[110 -12 -78]
[110 -12 -77]
[110 -11 -76]
[110 -10 -78]
[110 -5 -79]
[110 51 -18]
[110 2 -78]
[110 42 -60]
[110 41 -64]
[110 40 -65]
[110 52 -38]
[110 12 -76]
[110 19 -72]
[110 49 -51]
[110 -8 -79]
[110 -7 -79]
[110 51 -16]
[110 52 -15]
[110 52 -35]
[110 52 -36]
[110 51 -44]
[110 27 -68]
[110 29 -68]
[110 52 -11]
[110 52 -12]
[110 48 -2]
[110 48 0]
[110 47 -57]
[110 49 -53]
[110 5 -77]
[110 6 -77]
[110 46 -60]
[110 46 -58]
[110 25 -67]
[110 25 -68]
[110 52 -40]
[110 52 -6]
[110 16 -73]
[110 16 -74]
[110 52 -41]
[110 52 -39]
[110 33 -67]
[110 28 -69]
[110 27 -69]
[110 52 -23]
[110 46 -59]
[110 18 -72]
[110 16 -75]
[110 44 1]
[110 44 2]
[111 36 -66]
[111 34 -68]
[111 35 -68]
[111 33 -68]
[111 2 -79]
[111 45 2]
[111 50 -52]
[111 50 -51]
[111 -5 -80]
[111 -6 -80]
[111 -4 -80]
[111 49 -2]
[111 -1 -80]
[111 0 -80]
[111 53 -8]
[111 53 -6]
[111 44 -62]
[111 44 -64]
[111 53 -41]
[111 53 -42]
[111 53 -40]
[111 28 -70]
[111 27 -70]
[111 29 -70]
[111 42 -65]
[111 41 -65]
[111 14 -76]
[111 53 -38]
[111 52 -37]
[111 53 -37]
[111 30 -69]
[111 53 -25]
[111 53 -26]
[111 15 -76]
[111 47 -58]
[111 53 -31]
[111 53 -29]
[111 53 -30]
[111 52 -31]
[111 52 -29]
[111 5 -78]
[111 6 -78]
[111 7 -78]
[111 3 -79]
[111 48 -58]
[111 -8 -80]
[111 53 -35]
[111 53 -34]
[111 53 -39]
[111 47 -60]
[111 17 -73]
[111 52 -44]
[111 20 -73]
[111 18 -73]
[111 19 -73]
[111 26 -68]
[111 26 -69]
[111 53 -14]
[111 47 -59]
[111 46 -61]
[111 52 -19]
[111 45 1]
[111 53 -17]
[111 53 -18]
[111 53 -20]
[111 52 -21]
[111 53 -7]
[111 53 -9]
[111 49 1]
[111 53 -36]
[111 -9 -80]
[111 53 -10]
[111 13 -76]
[111 53 -23]
[111 53 -21]
[111 43 -65]
[111 38 -67]
[111 53 -5]
[111 52 -5]
[111 -3 -80]
[111 52 -43]
[111 39 -66]
[111 37 -66]
[111 49 -56]
[111 -10 -80]
[111 24 -70]
[111 24 -66]
[111 49 -3]
[111 44 -61]
[111 44 -63]
[111 51 -55]
[111 50 -56]
[111 50 -54]
[111 51 -54]
[111 51 -53]
[111 53 -12]
[111 53 -13]
[111 -2 -80]
[111 52 -46]
[111 7 -77]
[111 7 -76]
[111 8 -77]
[111 -7 -80]
[111 13 -77]
[111 11 -76]
[111 52 -16]
[111 31 -69]
[111 9 -76]
[111 11 -77]
[111 10 -77]
[111 52 -48]
[111 53 -47]
[111 53 -48]
[111 53 -46]
[111 53 -33]
[111 32 -69]
[111 52 -49]
[111 51 -50]
[111 46 1]
[111 21 -72]
[111 22 -72]
[111 53 -11]
[111 53 -15]
[111 40 -66]
[111 51 -23]
[111 25 -69]
[111 52 -3]
[111 53 -24]
[111 17 -75]
[111 -11 -79]
[112 36 -68]
[112 35 -69]
[112 36 -69]
[112 54 -8]
[112 54 -7]
[112 54 -6]
[112 52 -9]
[112 54 -9]
[112 52 -32]
[112 54 -32]
[112 36 -67]
[112 48 -61]
[112 48 -60]
[112 54 -30]
[112 54 -24]
[112 52 -24]
[112 54 -47]
[112 45 -63]
[112 54 -48]
[112 54 -49]
[112 53 -49]
[112 54 -14]
[112 17 -74]
[112 17 -76]
[112 18 -74]
[112 18 -75]
[112 18 -76]
[112 54 -18]
[112 52 -17]
[112 53 -19]
[112 -6 -81]
[112 -7 -81]
[112 6 -76]
[112 8 -78]
[112 45 -60]
[112 45 -61]
[112 47 -62]
[112 47 -61]
[112 11 -78]
[112 25 -70]
[112 24 -68]
[112 19 -74]
[112 20 -72]
[112 52 -55]
[112 52 -53]
[112 52 -54]
[112 54 -13]
[112 54 -12]
[112 -8 -81]
[112 -10 -81]
[112 54 -25]
[112 54 -40]
[112 54 -39]
[112 54 -4]
[112 9 -77]
[112 54 -10]
[112 54 -33]
[112 54 -34]
[112 3 -80]
[112 4 -80]
[112 4 -79]
[112 1 -80]
[112 14 -77]
[112 54 -23]
[112 54 -22]
[112 7 -79]
[112 5 -79]
[112 43 -64]
[112 42 -66]
[112 26 -70]
[112 28 -71]
[112 29 -69]
[112 -12 -80]
[112 -11 -80]
[112 54 -27]
[112 54 -26]
[112 53 -27]
[112 50 -23]
[112 51 -22]
[112 -11 -81]
[112 -9 -81]
[112 54 -29]
[112 54 -28]
[112 53 -28]
[112 44 -66]
[112 44 -65]
[112 43 -66]
[112 52 -42]
[112 41 -66]
[112 40 -67]
[112 53 -44]
[112 53 -3]
[112 51 -2]
[112 52 -4]
[112 53 -2]
[112 2 -80]
[112 53 -22]
[112 -3 -81]
[112 9 -78]
[112 -4 -81]
[112 16 -76]
[112 15 -77]
[112 54 -35]
[112 -1 -81]
[112 0 -81]
[112 33 -69]
[112 50 0]
[112 54 -5]
[112 51 -51]
[112 52 -51]
[112 30 -70]
[112 54 -15]
[112 54 -11]
[112 54 -46]
[112 54 -37]
[112 54 -38]
[112 54 -36]
[112 25 -71]
[112 23 -72]
[112 23 -71]
[112 22 -73]
[112 32 -70]
[112 33 -70]
[112 20 -74]
[112 21 -73]
[112 21 -74]
[112 53 -16]
[112 54 -19]
[112 41 -67]
[112 46 2]
[112 54 -41]
[112 54 -42]
[112 49 -57]
[112 49 -58]
[112 53 -43]
[112 6 -79]
[112 50 -2]
[112 49 -1]
[112 50 -57]
[112 38 -68]
[112 37 -67]
[112 37 -68]
[112 54 -17]
[112 54 -16]
[113 49 0]
[113 51 0]
[113 20 -75]
[113 22 -74]
[113 -1 -82]
[113 50 -1]
[113 5 -80]
[113 15 -78]
[113 42 -67]
[113 40 -68]
[113 54 -21]
[113 55 -28]
[113 55 -26]
[113 6 -80]
[113 7 -80]
[113 8 -80]
[113 -2 -81]
[113 -3 -82]
[113 53 -53]
[113 51 -52]
[113 53 -54]
[113 55 -9]
[113 45 -66]
[113 45 -65]
[113 55 -19]
[113 55 -18]
[113 55 -17]
[113 50 -58]
[113 35 -70]
[113 34 -70]
[113 36 -70]
[113 55 -12]
[113 55 -10]
[113 52 -1]
[113 46 -62]
[113 45 -62]
[113 17 -77]
[113 53 -4]
[113 52 -2]
[113 54 -2]
[113 55 -39]
[113 55 -40]
[113 55 -48]
[113 55 -49]
[113 55 -50]
[113 3 -81]
[113 2 -81]
[113 54 -20]
[113 55 -6]
[113 55 -4]
[113 -8 -82]
[113 -9 -82]
[113 -10 -82]
[113 55 -37]
[113 55 -27]
[113 55 -16]
[113 41 -68]
[113 1 -81]
[113 34 -69]
[113 55 -20]
[113 31 -70]
[113 29 -71]
[113 31 -71]
[113 30 -71]
[113 37 -69]
[113 38 -69]
[113 28 -72]
[113 55 -25]
[113 55 -24]
[113 55 -23]
[113 21 -75]
[113 4 -81]
[113 18 -77]
[113 55 -38]
[113 52 -50]
[113 14 -78]
[113 16 -78]
[113 55 -5]
[113 55 -3]
[113 55 -11]
[113 -5 -81]
[113 10 -79]
[113 10 -78]
[113 24 -73]
[113 24 -71]
[113 46 -64]
[113 45 -64]
[113 46 -63]
[113 55 -7]
[113 55 -47]
[113 48 -62]
[113 48 -63]
[113 -7 -82]
[113 -6 -82]
[113 51 -57]
[113 51 -58]
[113 11 -79]
[113 12 -79]
[113 12 -77]
[113 55 -31]
[113 55 -29]
[113 55 -13]
[113 19 -77]
[113 19 -76]
[113 55 -15]
[113 47 1]
[113 26 -72]
[113 26 -71]
[113 23 -74]
[113 33 -71]
[113 32 -71]
[113 34 -71]
[113 55 -14]
[113 39 -69]
[113 45 -67]
[113 -13 -81]
[113 49 -61]
[113 24 -72]
[113 55 -8]
[113 54 -45]
[113 54 -44]
[113 53 -45]
[113 37 -70]
[113 55 -32]
[113 19 -75]
[113 52 -56]
[113 51 -56]
[113 55 -41]
[113 54 -43]
[113 55 -22]
[113 53 -52]
[113 53 -51]
[113 55 -46]
[113 53 -32]
[113 50 -59]
[113 55 -21]
[113 54 -50]
[113 27 -71]
[113 -12 -82]
[113 -11 -82]
[113 -12 -81]
[114 56 -15]
[114 23 -75]
[114 24 -74]
[114 55 -51]
[114 54 -51]
[114 56 -51]
[114 0 -82]
[114 54 -31]
[114 56 -31]
[114 56 -33]
[114 56 -48]
[114 56 -49]
[114 1 -82]
[114 2 -82]
[114 53 -1]
[114 56 -16]
[114 56 -19]
[114 56 -18]
[114 56 -17]
[114 15 -79]
[114 25 -72]
[114 6 -81]
[114 56 -26]
[114 56 -27]
[114 56 -28]
[114 52 -52]
[114 19 -78]
[114 18 -78]
[114 16 -79]
[114 56 -38]
[114 56 -39]
[114 56 -37]
[114 56 -47]
[114 38 -70]
[114 -13 -83]
[114 -12 -83]
[114 -13 -82]
[114 -11 -83]
[114 56 -7]
[114 56 -5]
[114 56 -6]
[114 49 -59]
[114 51 -59]
[114 20 -78]
[114 31 -72]
[114 29 -72]
[114 55 -36]
[114 49 -63]
[114 49 -62]
[114 56 -20]
[114 28 -73]
[114 -5 -82]
[114 46 -66]
[114 44 -68]
[114 44 -67]
[114 46 -67]
[114 32 -72]
[114 56 -46]
[114 56 -45]
[114 54 -3]
[114 41 -69]
[114 40 -69]
[114 56 -22]
[114 55 -45]
[114 55 -44]
[114 -10 -83]
[114 -9 -83]
[114 -8 -83]
[114 33 -72]
[114 34 -72]
[114 -6 -83]
[114 56 -12]
[114 56 -3]
[114 56 -4]
[114 56 -2]
[114 55 -2]
[114 56 -42]
[114 55 -42]
[114 56 -41]
[114 22 -75]
[114 56 -25]
[114 56 -23]
[114 56 -11]
[114 56 -13]
[114 47 -64]
[114 47 -63]
[114 52 -59]
[114 54 -54]
[114 54 -52]
[114 -2 -82]
[114 -3 -83]
[114 -7 -83]
[114 47 -65]
[114 46 -65]
[114 48 -64]
[114 49 -64]
[114 39 -70]
[114 39 -68]
[114 17 -78]
[114 16 -77]
[114 55 -43]
[114 9 -80]
[114 10 -80]
[114 9 -79]
[114 0 -83]
[114 -1 -83]
[114 -2 -83]
[114 3 -82]
[114 50 -60]
[114 50 -61]
[114 55 -1]
[114 38 -71]
[114 36 -71]
[114 37 -71]
[114 56 -30]
[114 56 -32]
[114 9 -81]
[114 12 -78]
[114 56 -9]
[114 56 -8]
[114 21 -76]
[114 53 -50]
[114 35 -71]
[114 56 -40]
[114 42 -69]
[114 42 -68]
[114 43 -67]
[114 25 -73]
[114 23 -73]
[114 56 -14]
[114 40 -70]
[114 5 -81]
[114 13 -80]
[114 11 -80]
[114 13 -78]
[115 31 -73]
[115 32 -73]
[115 30 -72]
[115 56 -43]
[115 56 -44]
[115 57 -18]
[115 51 -61]
[115 49 -60]
[115 51 -60]
[115 47 -66]
[115 -4 -83]
[115 -4 -84]
[115 -4 -82]
[115 57 -4]
[115 57 -5]
[115 57 -42]
[115 39 -72]
[115 57 -32]
[115 57 -33]
[115 55 -34]
[115 57 -16]
[115 57 -15]
[115 57 -17]
[115 57 -50]
[115 57 -48]
[115 41 -70]
[115 43 -68]
[115 42 -70]
[115 54 -1]
[115 -12 -84]
[115 -11 -84]
[115 -10 -84]
[115 45 -68]
[115 56 -29]
[115 57 -30]
[115 57 -31]
[115 50 -62]
[115 50 -63]
[115 57 -41]
[115 57 -40]
[115 57 -39]
[115 57 -46]
[115 57 -44]
[115 10 -81]
[115 -5 -84]
[115 -6 -84]
[115 2 -83]
[115 4 -82]
[115 -3 -84]
[115 -1 -84]
[115 57 -29]
[115 57 -27]
[115 33 -73]
[115 35 -73]
[115 35 -72]
[115 -14 -83]
[115 57 -9]
[115 57 -8]
[115 57 -7]
[115 13 -79]
[115 1 -83]
[115 57 -38]
[115 57 -37]
[115 57 -22]
[115 56 -24]
[115 24 -75]
[115 25 -75]
[115 25 -74]
[115 16 -80]
[115 22 -76]
[115 57 -20]
[115 49 -65]
[115 12 -80]
[115 13 -81]
[115 12 -81]
[115 14 -79]
[115 55 -30]
[115 56 -52]
[115 3 -83]
[115 54 0]
[115 56 -1]
[115 56 0]
[115 55 0]
[115 57 -45]
[115 -9 -84]
[115 57 -14]
[115 57 -43]
[115 53 0]
[115 57 -26]
[115 57 -28]
[115 8 -81]
[115 57 -21]
[115 57 -6]
[115 57 -52]
[115 55 -52]
[115 20 -79]
[115 18 -79]
[115 55 -54]
[115 55 -53]
[115 57 -11]
[115 56 -10]
[115 57 -12]
[115 20 -77]
[115 37 -72]
[115 17 -79]
[115 29 -73]
[115 -7 -84]
[115 -8 -84]
[115 54 -53]
[115 26 -73]
[115 6 -82]
[115 7 -81]
[115 57 -1]
[115 57 -25]
[115 40 -71]
[115 39 -71]
[115 41 -71]
[115 21 -78]
[115 34 -73]
[115 19 -79]
[115 29 -74]
[115 28 -74]
[115 52 -60]
[115 55 -35]
[115 56 -36]
[115 46 -68]
[115 11 -81]
[115 57 -10]
[115 -2 -84]
[115 39 -67]
[115 -13 -84]
[115 55 -33]
[115 50 -64]
[115 1 -84]
[116 58 -45]
[116 57 -47]
[116 58 -47]
[116 57 -2]
[116 57 0]
[116 21 -79]
[116 36 -73]
[116 58 -42]
[116 58 -41]
[116 58 -17]
[116 58 -18]
[116 17 -80]
[116 -7 -85]
[116 58 -20]
[116 58 -22]
[116 56 -21]
[116 58 -39]
[116 58 -37]
[116 4 -83]
[116 2 -84]
[116 3 -84]
[116 56 -34]
[116 -9 -85]
[116 -10 -85]
[116 -11 -85]
[116 57 -51]
[116 58 -51]
[116 58 -33]
[116 58 -32]
[116 57 -34]
[116 58 -15]
[116 58 -16]
[116 58 -2]
[116 58 -1]
[116 58 0]
[116 56 -53]
[116 58 -27]
[116 58 -25]
[116 -1 -85]
[116 -3 -85]
[116 -8 -85]
[116 58 -44]
[116 58 -43]
[116 -15 -84]
[116 -14 -84]
[116 36 -72]
[116 34 -74]
[116 42 -72]
[116 20 -76]
[116 21 -77]
[116 27 -75]
[116 27 -74]
[116 28 -75]
[116 -13 -85]
[116 -12 -85]
[116 52 -61]
[116 58 -50]
[116 50 -65]
[116 51 -65]
[116 1 -85]
[116 58 -29]
[116 58 -40]
[116 58 -30]
[116 -2 -85]
[116 -4 -85]
[116 38 -73]
[116 40 -73]
[116 40 -72]
[116 58 -14]
[116 11 -82]
[116 12 -82]
[116 26 -74]
[116 58 -7]
[116 58 -5]
[116 51 -64]
[116 58 -31]
[116 6 -83]
[116 5 -83]
[116 5 -82]
[116 7 -82]
[116 54 1]
[116 56 1]
[116 55 1]
[116 58 -6]
[116 0 -84]
[116 43 -69]
[116 43 -71]
[116 42 -71]
[116 43 -70]
[116 -5 -85]
[116 -5 -83]
[116 58 -10]
[116 49 -66]
[116 14 -81]
[116 14 -82]
[116 14 -80]
[116 13 -82]
[116 29 -75]
[116 51 -63]
[116 51 -62]
[116 58 -24]
[116 57 -24]
[116 48 -66]
[116 23 -76]
[116 22 -77]
[116 58 -9]
[116 53 1]
[116 58 -8]
[116 25 -76]
[116 9 -82]
[116 58 -4]
[116 58 -3]
[116 57 -3]
[116 57 -19]
[116 27 -73]
[116 58 -46]
[116 56 -35]
[116 15 -80]
[116 58 -21]
[116 58 -23]
[116 30 -73]
[116 57 1]
[116 32 -74]
[116 26 -75]
[116 44 -69]
[116 31 -74]
[116 58 -13]
[116 58 -36]
[116 57 -36]
[116 47 -68]
[117 59 -21]
[117 52 2]
[117 54 2]
[117 52 1]
[117 52 0]
[117 53 2]
[117 34 -75]
[117 35 -74]
[117 33 -75]
[117 10 -82]
[117 11 -83]
[117 59 -30]
[117 59 -29]
[117 27 -76]
[117 26 -76]
[117 50 -67]
[117 48 -67]
[117 59 -38]
[117 57 -35]
[117 12 -83]
[117 -2 -86]
[117 -1 -86]
[117 0 -85]
[117 59 -41]
[117 59 -39]
[117 59 -40]
[117 41 -73]
[117 43 -72]
[117 15 -81]
[117 41 -72]
[117 59 -14]
[117 59 -16]
[117 59 -15]
[117 16 -81]
[117 59 -6]
[117 30 -75]
[117 2 -86]
[117 47 -67]
[117 59 -17]
[117 22 -79]
[117 21 -80]
[117 59 -31]
[117 4 -84]
[117 3 -85]
[117 52 -64]
[117 -16 -84]
[117 -15 -85]
[117 -14 -85]
[117 -16 -85]
[117 32 -75]
[117 24 -77]
[117 25 -77]
[117 -4 -86]
[117 59 -46]
[117 59 -20]
[117 59 -19]
[117 -13 -86]
[117 -12 -86]
[117 59 -1]
[117 14 -83]
[117 13 -83]
[117 57 2]
[117 55 2]
[117 39 -73]
[117 37 -73]
[117 38 -74]
[117 58 -34]
[117 59 -22]
[117 59 -24]
[117 59 -26]
[117 59 -25]
[117 58 -26]
[117 59 -43]
[117 59 -44]
[117 30 -74]
[117 59 -42]
[117 2 -85]
[117 50 -66]
[117 59 -27]
[117 58 -28]
[117 59 -32]
[117 59 -34]
[117 59 -33]
[117 59 -4]
[117 59 -5]
[117 5 -84]
[117 36 -74]
[117 37 -74]
[117 22 -78]
[117 -6 -86]
[117 -7 -86]
[117 56 2]
[117 10 -83]
[117 9 -83]
[117 8 -83]
[117 8 -82]
[117 59 -3]
[117 59 -2]
[117 -15 -83]
[117 59 -36]
[117 6 -84]
[117 59 -9]
[117 58 -19]
[117 59 -45]
[117 27 -72]
[117 -6 -85]
[117 59 -7]
[117 57 -13]
[117 59 0]
[117 58 1]
[117 59 1]
[117 59 -12]
[117 59 -23]
[117 -9 -86]
[117 -11 -86]
[117 59 -51]
[117 59 -50]
[117 44 -70]
[117 -14 -86]
[117 52 -62]
[117 28 -76]
[117 29 -76]
[117 45 -69]
[118 60 -6]
[118 60 -7]
[118 60 -8]
[118 59 -8]
[118 60 -33]
[118 60 -32]
[118 60 -16]
[118 60 -15]
[118 51 -66]
[118 60 0]
[118 60 -1]
[118 60 -2]
[118 60 -5]
[118 51 1]
[118 58 2]
[118 59 2]
[118 60 1]
[118 60 -19]
[118 60 -21]
[118 60 -20]
[118 13 -84]
[118 51 2]
[118 -3 -86]
[118 11 -84]
[118 12 -84]
[118 4 -86]
[118 4 -85]
[118 3 -86]
[118 32 -76]
[118 33 -74]
[118 60 -44]
[118 60 -3]
[118 7 -84]
[118 -4 -87]
[118 53 3]
[118 54 3]
[118 55 3]
[118 60 -10]
[118 60 -9]
[118 59 -10]
[118 31 -75]
[118 33 -76]
[118 24 -78]
[118 26 -78]
[118 -15 -86]
[118 60 -17]
[118 44 -71]
[118 -17 -84]
[118 60 -26]
[118 56 3]
[118 60 -34]
[118 1 -86]
[118 60 -42]
[118 60 -31]
[118 60 -30]
[118 7 -83]
[118 5 -85]
[118 -15 -87]
[118 -13 -87]
[118 60 -41]
[118 60 -40]
[118 60 -13]
[118 58 -11]
[118 59 -13]
[118 60 -39]
[118 60 -22]
[118 60 -23]
[118 -14 -87]
[118 42 -73]
[118 -8 -87]
[118 -6 -87]
[118 -11 -87]
[118 60 -29]
[118 60 -28]
[118 59 -28]
[118 23 -77]
[118 23 -78]
[118 57 3]
[118 28 -77]
[118 27 -77]
[118 52 3]
[118 30 -77]
[118 30 -76]
[118 29 -77]
[118 59 -35]
[118 -5 -86]
[118 60 -27]
[118 58 -35]
[118 60 -25]
[118 60 -36]
[118 60 -37]
[118 60 -35]
[118 59 -37]
[118 -7 -87]
[118 -5 -87]
[118 2 -87]
[118 38 -72]
[118 -8 -86]
[118 -9 -87]
[118 60 -43]
[118 15 -82]
[118 0 -86]
[118 0 -87]
[118 60 -38]
[118 58 -38]
[118 44 -72]
[118 26 -77]
[118 10 -84]
[118 60 -4]
[119 61 -43]
[119 61 -45]
[119 61 -44]
[119 -1 -87]
[119 61 -24]
[119 60 -24]
[119 61 -7]
[119 60 3]
[119 59 3]
[119 57 4]
[119 31 -76]
[119 61 -10]
[119 61 -9]
[119 61 -11]
[119 59 -11]
[119 60 -11]
[119 58 3]
[119 61 -35]
[119 61 -33]
[119 61 -5]
[119 31 -77]
[119 31 -78]
[119 30 -78]
[119 61 -13]
[119 60 -14]
[119 61 -14]
[119 60 -12]
[119 61 -3]
[119 61 -2]
[119 61 -42]
[119 1 -88]
[119 3 -87]
[119 2 -88]
[119 3 -88]
[119 27 -78]
[119 -18 -84]
[119 -3 -88]
[119 -5 -88]
[119 -14 -88]
[119 -13 -88]
[119 58 -12]
[119 -10 -88]
[119 -12 -87]
[119 -10 -86]
[119 -12 -88]
[119 61 -17]
[119 60 -18]
[119 61 -21]
[119 8 -84]
[119 -3 -87]
[119 61 -27]
[119 61 -25]
[119 1 -87]
[119 -1 -88]
[119 50 1]
[119 32 -77]
[119 28 -78]
[119 10 -85]
[119 11 -85]
[119 61 -41]
[119 61 -37]
[119 5 -86]
[119 6 -86]
[119 61 -15]
[119 61 -8]
[119 61 -30]
[119 -9 -88]
[119 -10 -87]
[119 61 -32]
[119 61 -22]
[119 61 -23]
[119 -6 -88]
[119 61 -19]
[119 61 -6]
[119 61 -39]
[119 29 -78]
[119 61 -40]
[119 27 -79]
[119 25 -78]
[119 5 -87]
[119 4 -87]
[119 61 -16]
[119 53 4]
[119 54 4]
[119 55 4]
[119 61 -31]
[119 7 -85]
[119 61 -28]
[119 61 -34]
[119 12 -85]
[119 61 1]
[119 61 -4]
[119 61 2]
[119 24 -76]
[119 -7 -88]
[119 59 -18]
[119 61 -20]
[119 61 -38]
[119 -4 -88]
[120 -11 -88]
[120 -14 -89]
[120 62 -19]
[120 62 -20]
[120 28 -79]
[120 29 -79]
[120 62 -31]
[120 62 -32]
[120 61 -18]
[120 62 -18]
[120 4 -88]
[120 -12 -89]
[120 -2 -87]
[120 -4 -89]
[120 -3 -89]
[120 62 -5]
[120 62 -7]
[120 61 -12]
[120 62 -14]
[120 62 -15]
[120 62 -34]
[120 61 -26]
[120 62 -25]
[120 62 -38]
[120 62 -40]
[120 6 -85]
[120 7 -86]
[120 -19 -83]
[120 62 -21]
[120 62 -22]
[120 -11 -89]
[120 -9 -89]
[120 -8 -88]
[120 -6 -89]
[120 62 -41]
[120 62 -23]
[120 60 2]
[120 61 3]
[120 62 1]
[120 2 -89]
[120 0 -89]
[120 6 -88]
[120 6 -87]
[120 11 -86]
[120 58 5]
[120 56 5]
[120 57 5]
[120 58 4]
[120 62 -39]
[120 62 -37]
[120 -8 -89]
[120 62 -43]
[120 62 -24]
[120 62 -16]
[120 -5 -89]
[120 62 -29]
[120 60 4]
[120 55 5]
[120 62 -4]
[120 62 -36]
[120 61 -36]
[120 62 -10]
[120 62 -9]
[120 62 -2]
[120 62 -1]
[120 59 4]
[120 62 -33]
[120 62 -42]
[120 0 -88]
[120 -1 -89]
[120 26 -79]
[120 62 -28]
[120 7 -87]
[120 62 2]
[120 62 0]
[120 61 0]
[120 28 -80]
[120 60 -45]
[120 60 -46]
[121 63 1]
[121 63 -1]
[121 63 0]
[121 61 -1]
[121 26 -80]
[121 63 -38]
[121 63 -40]
[121 63 -4]
[121 63 -16]
[121 63 -17]
[121 63 -18]
[121 63 -42]
[121 -3 -90]
[121 62 3]
[121 63 2]
[121 63 3]
[121 63 -32]
[121 62 -30]
[121 62 -13]
[121 62 -11]
[121 63 -2]
[121 62 -3]
[121 63 -36]
[121 63 -27]
[121 -7 -89]
[121 -10 -89]
[121 -9 -90]
[121 -8 -90]
[121 -10 -90]
[121 62 -6]
[121 63 -41]
[121 63 -43]
[121 63 -9]
[121 62 -26]
[121 63 -8]
[121 63 -22]
[121 63 -21]
[121 -2 -88]
[121 -4 -90]
[121 -2 -89]
[121 63 -28]
[121 63 -29]
[121 63 -30]
[121 59 6]
[121 -5 -90]
[121 63 -14]
[121 27 -80]
[121 59 5]
[121 -15 -89]
[121 63 -31]
[121 61 4]
[121 62 4]
[121 60 -47]
[121 61 -47]
[121 63 -25]
[121 63 -24]
[121 62 -35]
[121 63 -35]
[121 0 -90]
[121 1 -90]
[121 -1 -90]
[121 63 -37]
[121 27 -81]
[121 -19 -82]
[121 -18 -83]
[121 7 -88]
[121 7 -89]
[121 5 -88]
[121 62 -8]
[121 -11 -90]
[121 -13 -90]
[121 -13 -89]
[121 63 -19]
[121 63 -20]
[121 61 -46]
[121 60 5]
[121 1 -89]
[121 -2 -90]
[121 62 -44]
[121 -7 -90]
[121 56 4]
[121 63 -15]
[121 63 -13]
[121 61 5]
[122 61 -29]
[122 60 6]
[122 62 6]
[122 62 5]
[122 62 -27]
[122 64 -27]
[122 63 -26]
[122 63 -10]
[122 62 -12]
[122 -12 -91]
[122 -11 -91]
[122 64 -36]
[122 64 -29]
[122 64 -30]
[122 63 -33]
[122 64 -31]
[122 64 -32]
[122 64 -23]
[122 64 -21]
[122 63 -23]
[122 64 -24]
[122 63 -7]
[122 64 -9]
[122 64 -7]
[122 -3 -91]
[122 -2 -91]
[122 64 -44]
[122 64 -42]
[122 64 -2]
[122 64 -1]
[122 63 -3]
[122 64 -3]
[122 64 -20]
[122 -18 -82]
[122 7 -90]
[122 62 -45]
[122 62 -46]
[122 0 -91]
[122 64 -14]
[122 64 -13]
[122 58 7]
[122 59 7]
[122 64 -4]
[122 64 -5]
[122 64 -17]
[122 64 -39]
[122 64 -34]
[122 64 -12]
[122 63 -34]
[122 64 2]
[122 -12 -90]
[122 -14 -90]
[122 -13 -91]
[122 8 -89]
[122 64 -18]
[122 64 -22]
[122 -8 -91]
[122 -7 -91]
[122 -6 -90]
[122 -6 -91]
[122 -9 -91]
[122 -10 -91]
[122 63 -12]
[122 64 -37]
[122 63 4]
[122 64 4]
[122 64 3]
[122 63 5]
[122 -4 -91]
[122 63 -5]
[122 64 1]
[122 64 0]
[122 63 -44]
[122 64 -10]
[122 64 -16]
[122 64 -38]
[123 65 -41]
[123 64 -41]
[123 8 -90]
[123 58 8]
[123 60 7]
[123 60 8]
[123 64 -33]
[123 -11 -92]
[123 65 -1]
[123 63 -45]
[123 65 -27]
[123 64 -28]
[123 -5 -91]
[123 -7 -92]
[123 -5 -92]
[123 65 -23]
[123 65 -24]
[123 65 -15]
[123 65 -16]
[123 65 4]
[123 65 2]
[123 65 -21]
[123 -10 -92]
[123 63 6]
[123 62 7]
[123 65 5]
[123 65 0]
[123 -4 -92]
[123 65 -35]
[123 59 8]
[123 65 -28]
[123 65 -14]
[123 65 -12]
[123 65 -13]
[123 -14 -91]
[123 65 3]
[123 65 -32]
[123 65 -30]
[123 64 -6]
[123 64 -8]
[123 63 -6]
[123 -8 -92]
[123 64 -45]
[123 65 -18]
[123 63 -46]
[123 65 -36]
[123 65 -37]
[123 64 -19]
[123 65 -20]
[123 63 -11]
[123 -2 -92]
[123 -6 -92]
[123 65 -4]
[123 65 -6]
[123 -9 -92]
[123 65 -10]
[123 64 -11]
[123 65 -33]
[123 65 -38]
[123 64 6]
[123 -15 -90]
[123 -15 -91]
[123 64 -25]
[123 62 -47]
[123 65 -9]
[123 65 1]
[123 -3 -92]
[124 -1 -91]
[124 61 8]
[124 66 0]
[124 66 -1]
[124 65 -2]
[124 65 -34]
[124 64 -46]
[124 65 -44]
[124 65 -45]
[124 -8 -93]
[124 66 -10]
[124 66 -28]
[124 66 5]
[124 65 6]
[124 64 5]
[124 66 6]
[124 66 4]
[124 63 7]
[124 63 8]
[124 61 9]
[124 60 9]
[124 61 7]
[124 64 7]
[124 66 2]
[124 66 3]
[124 66 1]
[124 -10 -93]
[124 65 -7]
[124 65 -5]
[124 -4 -93]
[124 -3 -93]
[124 66 -19]
[124 59 9]
[124 -6 -93]
[124 66 -8]
[124 66 -9]
[124 65 -8]
[124 66 -13]
[124 66 -12]
[124 65 -40]
[124 65 -42]
[124 65 -11]
[124 65 -19]
[124 -15 -92]
[124 64 -26]
[124 66 -27]
[124 66 -31]
[124 65 -29]
[124 66 -30]
[124 65 -39]
[124 65 -25]
[124 -16 -90]
[124 66 -7]
[124 66 -5]
[124 66 -20]
[124 66 -22]
[124 65 -22]
[124 64 -15]
[124 64 -35]
[124 66 -36]
[124 -14 -92]
[124 -16 -91]
[124 -11 -93]
[124 66 -14]
[124 66 -32]
[124 66 -34]
[124 65 -31]
[124 65 -3]
[125 66 -6]
[125 66 -4]
[125 66 -26]
[125 66 -25]
[125 66 -24]
[125 65 -26]
[125 66 -23]
[125 -9 -94]
[125 -8 -94]
[125 -7 -94]
[125 67 -12]
[125 67 -11]
[125 66 -11]
[125 67 -4]
[125 65 7]
[125 65 8]
[125 -5 -93]
[125 67 -30]
[125 67 -31]
[125 67 -22]
[125 67 -20]
[125 66 -21]
[125 67 -29]
[125 66 -29]
[125 63 9]
[125 64 8]
[125 67 -7]
[125 67 -9]
[125 61 10]
[125 60 10]
[125 62 9]
[125 64 -40]
[125 -13 -92]
[125 -9 -93]
[125 -11 -94]
[125 -12 -94]
[125 -10 -94]
[125 67 5]
[125 67 1]
[125 66 -33]
[125 67 -26]
[125 67 -28]
[125 -14 -93]
[125 58 9]
[125 67 -8]
[125 59 10]
[125 67 6]
[125 66 -35]
[125 67 -1]
[125 67 0]
[125 67 -32]
[125 67 -33]
[125 66 -15]
[125 67 -14]
[125 67 -13]
[125 66 -3]
[125 66 -2]
[125 -5 -94]
[125 67 2]
[125 67 7]
[126 68 -21]
[126 68 1]
[126 67 -6]
[126 67 -5]
[126 68 -30]
[126 68 -31]
[126 68 -29]
[126 68 -28]
[126 68 -8]
[126 68 -10]
[126 67 -10]
[126 68 -1]
[126 68 0]
[126 68 6]
[126 68 5]
[126 67 -23]
[126 67 -25]
[126 67 -24]
[126 67 -3]
[126 67 -27]
[126 68 -27]
[126 -9 -95]
[126 68 -4]
[126 68 -3]
[126 68 -5]
[126 68 -23]
[126 68 -22]
[126 62 8]
[126 62 10]
[126 63 10]
[126 68 -6]
[126 68 -7]
[126 -11 -95]
[126 68 -9]
[126 68 -12]
[126 68 -13]
[126 -7 -93]
[126 -6 -94]
[126 68 -32]
[126 -10 -95]
[126 67 -2]
[126 65 9]
[126 64 9]
[126 67 -34]
[126 60 11]
[126 61 11]
[126 68 2]
[126 68 3]
[126 66 7]
[126 68 7]
[126 67 -35]
[126 64 10]
[127 69 -4]
[127 69 -1]
[127 69 -22]
[127 69 -23]
[127 68 -26]
[127 60 12]
[127 69 6]
[127 69 4]
[127 68 4]
[127 69 2]
[127 67 8]
[127 69 8]
[127 67 4]
[127 69 -27]
[127 69 -28]
[127 69 -26]
[127 69 5]
[127 69 7]
[127 68 -25]
[127 69 -29]
[127 69 -21]
[127 66 8]
[127 69 -3]
[127 69 -2]
[127 68 -2]
[127 65 10]
[127 66 9]
[127 64 11]
[127 65 11]
[127 62 11]
[127 63 11]
[127 -8 -96]
[127 69 -10]
[127 69 -8]
[127 67 3]
[127 69 -7]
[127 -10 -96]
[127 69 -5]
[127 69 -12]
[127 68 -11]
[127 69 -11]
[127 69 0]
[127 69 -9]
[127 -9 -96]
[127 69 -6]
[128 70 6]
[128 67 9]
[128 68 8]
[128 68 9]
[128 70 -1]
[128 69 1]
[128 61 12]
[128 70 -6]
[128 70 -5]
[128 70 -7]
[128 70 -8]
[128 70 0]
[128 70 -2]
[128 70 -22]
[128 67 10]
[128 66 10]
[128 70 -21]
[128 68 -20]
[128 70 -20]
[128 70 7]
[128 70 5]
[128 -8 -97]
[128 -9 -97]
[128 -10 -97]
[128 69 3]
[128 70 4]
[128 70 -9]
[128 69 -24]
[128 69 -25]
[128 65 12]
[128 63 12]
[128 70 -26]
[128 70 -27]
[128 64 12]
[128 70 -23]
[128 70 -24]
[128 70 -10]
[128 69 9]
[128 70 9]
[128 -7 -96]
[128 -7 -97]
[129 68 10]
[129 71 -8]
[129 71 -10]
[129 70 -4]
[129 71 -4]
[129 69 10]
[129 64 13]
[129 66 12]
[129 66 13]
[129 66 11]
[129 71 -23]
[129 71 -21]
[129 70 3]
[129 71 7]
[129 71 -9]
[129 70 1]
[129 71 -1]
[129 71 0]
[129 71 -22]
[129 71 6]
[129 71 5]
[129 70 -25]
[129 71 -3]
[129 71 -2]
[129 62 13]
[129 62 12]
[129 68 -24]
[129 -9 -98]
[129 -8 -98]
[129 71 -7]
[129 70 8]
[129 70 10]
[129 71 10]
[129 71 8]
[129 71 9]
[129 71 -5]
[129 71 -25]
[129 71 -27]
[129 65 13]
[129 63 13]
[129 71 4]
[129 71 3]
[129 69 -20]
[129 61 13]
[129 67 11]
[129 71 -19]
[130 71 2]
[130 70 2]
[130 72 10]
[130 72 8]
[130 72 9]
[130 72 -1]
[130 72 -2]
[130 67 12]
[130 66 14]
[130 70 -3]
[130 72 5]
[130 72 -10]
[130 72 -9]
[130 72 -19]
[130 72 -20]
[130 71 -20]
[130 -7 -99]
[130 -8 -99]
[130 69 11]
[130 71 1]
[130 72 0]
[130 72 6]
[130 72 7]
[130 72 -23]
[130 72 -24]
[130 72 -4]
[130 72 -3]
[130 71 -6]
[130 72 -7]
[130 72 -6]
[130 72 4]
[130 72 3]
[130 72 2]
[130 62 14]
[130 63 14]
[130 65 14]
[130 64 14]
[130 72 -21]
[130 70 -19]
[130 69 -19]
[130 70 11]
[130 70 -11]
[130 68 12]
[130 -10 -99]
[130 -9 -99]
[130 72 -8]
[130 67 13]
[130 68 11]
[131 72 -25]
[131 71 -24]
[131 66 15]
[131 72 1]
[131 73 -1]
[131 73 0]
[131 69 12]
[131 73 -19]
[131 73 -3]
[131 72 -5]
[131 73 -4]
[131 73 -5]
[131 73 -24]
[131 72 -22]
[131 73 -22]
[131 73 -6]
[131 73 7]
[131 73 -2]
[131 65 15]
[131 64 15]
[131 73 -7]
[131 -9 -100]
[131 -8 -100]
[131 73 4]
[131 73 3]
[131 73 6]
[131 -10 -100]
[131 -10 -98]
[131 63 15]
[131 -7 -98]
[131 73 5]
[131 73 8]
[131 73 -20]
[131 73 -21]
[132 73 2]
[132 74 -22]
[132 74 -21]
[132 73 -23]
[132 74 -23]
[132 74 6]
[132 74 -20]
[132 74 -19]
[132 -11 -98]
[132 -11 -99]
[132 -7 -101]
[132 74 -3]
[132 -9 -101]
[132 64 16]
[132 74 -1]
[132 74 -7]
[132 73 -8]
[132 74 5]
[132 74 3]
[132 74 -5]
[132 74 -4]
[132 74 -6]
[132 65 16]
[132 67 16]
[132 66 16]
[132 74 -2]
[133 65 17]
[133 64 17]
[133 75 6]
[133 74 4]
[133 75 5]
[133 75 -5]
[133 75 -3]
[133 -7 -102]
[133 -8 -101]
[133 68 17]
[133 67 15]
[133 66 17]
[133 73 1]
[133 75 2]
[133 75 3]
[133 67 17]
[133 75 -1]
[133 75 -19]
[133 -11 -97]
[133 75 0]
[133 75 -2]
[133 75 -22]
[133 75 -21]
[133 75 -6]
[133 75 -4]
[133 75 -20]
[134 74 1]
[134 74 2]
[134 76 1]
[134 76 -6]
[134 76 5]
[134 76 6]
[134 74 7]
[134 75 4]
[134 76 3]
[134 76 2]
[134 76 -20]
[134 66 18]
[134 68 18]
[134 69 17]
[134 69 18]
[134 69 16]
[134 76 -4]
[134 76 -2]
[134 76 -1]
[134 74 0]
[134 75 1]
[134 76 4]
[134 -8 -102]
[134 65 18]
[134 76 -5]
[134 68 16]
[134 68 14]
[135 68 15]
[135 70 17]
[135 77 2]
[135 77 3]
[135 77 5]
[135 77 6]
[135 75 7]
[135 77 -2]
[135 77 -3]
[135 76 -3]
[135 70 18]
[135 77 4]
[135 70 19]
[135 69 19]
[135 67 14]
[135 76 0]
[135 77 0]
[135 77 -5]
[135 77 -6]
[135 77 -19]
[135 75 8]
[135 74 8]
[135 67 18]
[136 78 4]
[136 77 1]
[136 78 2]
[136 78 1]
[136 78 -3]
[136 78 5]
[136 76 7]
[136 70 20]
[136 77 -4]
[136 78 -2]
[136 78 -4]
[136 78 0]
[136 78 -5]
[136 67 19]
[136 68 19]
[136 71 19]
[136 71 18]
[136 77 -20]
[136 76 -19]
[136 71 17]
[136 68 20]
[137 70 16]
[137 72 17]
[137 72 18]
[137 79 -1]
[137 77 -1]
[137 79 1]
[137 70 21]
[137 72 19]
[137 72 20]
[137 71 20]
[137 78 -1]
[137 79 -3]
[137 79 0]
[137 67 20]
[137 69 21]
[137 68 21]
[137 67 21]
[137 78 3]
[137 79 3]
[137 79 4]
[138 79 -2]
[138 80 -3]
[138 73 17]
[138 71 21]
[138 73 19]
[138 79 2]
[138 66 19]
[138 80 4]
[138 80 5]
[138 80 3]
[138 69 20]
[138 70 22]
[138 80 1]
[138 80 -1]
[138 68 22]
[138 69 22]
[139 81 5]
[139 80 -2]
[139 81 0]
[139 80 0]
[139 80 2]
[139 68 23]
[139 67 23]
[139 73 20]
[139 74 18]
[139 74 20]
[139 72 22]
[139 79 5]
[139 70 23]
[139 69 23]
[139 71 23]
[139 81 1]
[139 74 17]
[139 81 -2]
[140 70 24]
[140 69 24]
[140 82 1]
[140 82 0]
[140 75 18]
[140 75 17]
[140 75 16]
[140 81 2]
[140 81 -1]
[140 82 6]
[140 82 5]
[140 82 4]
[140 74 19]
[140 72 21]
[140 73 21]
[140 72 23]
[140 71 24]
[140 72 24]
[140 68 24]
[140 75 19]
[140 82 -1]
[140 81 -3]
[140 75 21]
[140 71 22]
[140 73 23]
[140 73 22]
[141 81 3]
[141 83 3]
[141 82 3]
[141 81 4]
[141 83 4]
[141 83 6]
[141 75 20]
[141 74 23]
[141 74 22]
[141 73 24]
[141 74 24]
[141 69 25]
[141 70 25]
[141 81 7]
[141 83 7]
[141 83 1]
[141 83 0]
[141 82 2]
[141 83 2]
[141 72 25]
[141 73 25]
[141 71 25]
[141 76 21]
[141 76 20]
[141 74 21]
[141 83 -1]
[141 76 19]
[141 76 18]
[141 68 25]
[142 84 3]
[142 84 5]
[142 83 5]
[142 73 26]
[142 71 26]
[142 76 17]
[142 77 17]
[142 75 22]
[142 77 18]
[142 69 26]
[142 77 22]
[142 76 22]
[142 77 20]
[142 84 0]
[142 84 2]
[142 74 25]
[142 75 25]
[142 70 26]
[142 68 26]
[142 82 8]
[142 81 6]
[142 77 19]
[142 84 7]
[142 82 7]
[142 84 6]
[142 84 8]
[142 82 -2]
[142 84 4]
[142 72 26]
[142 75 24]
[142 74 26]
[143 75 27]
[143 74 27]
[143 83 8]
[143 84 1]
[143 85 1]
[143 76 23]
[143 75 23]
[143 77 21]
[143 85 5]
[143 76 25]
[143 76 24]
[143 85 8]
[143 85 7]
[143 85 6]
[143 76 16]
[143 85 3]
[143 83 9]
[143 84 9]
[143 85 9]
[143 78 18]
[143 78 17]
[143 71 27]
[143 70 27]
[143 85 4]
[143 72 27]
[143 73 27]
[143 77 23]
[143 78 22]
[143 78 23]
[143 78 20]
[143 78 19]
[144 77 26]
[144 76 26]
[144 77 24]
[144 83 10]
[144 86 6]
[144 86 8]
[144 78 21]
[144 79 20]
[144 79 19]
[144 79 21]
[144 86 9]
[144 86 7]
[144 85 0]
[144 79 18]
[144 75 28]
[144 73 28]
[144 75 26]
[144 76 28]
[144 86 0]
[144 82 9]
[144 86 4]
[144 86 3]
[144 86 5]
[144 85 2]
[144 86 2]
[144 78 24]
[144 72 28]
[144 71 28]
[144 77 25]
[144 69 28]
[144 70 28]
[144 79 23]
[144 79 22]
[144 85 10]
[144 84 10]
[144 86 10]
[145 69 27]
[145 87 1]
[145 87 3]
[145 86 1]
[145 87 2]
[145 84 11]
[145 85 11]
[145 87 5]
[145 78 25]
[145 72 29]
[145 73 29]
[145 87 6]
[145 87 4]
[145 76 27]
[145 78 27]
[145 77 27]
[145 87 7]
[145 86 11]
[145 87 10]
[145 87 11]
[145 76 29]
[145 74 29]
[145 80 24]
[145 79 24]
[145 80 23]
[145 71 29]
[145 80 20]
[145 80 21]
[145 80 19]
[145 87 9]
[145 80 22]
[145 80 18]
[145 70 29]
[146 81 21]
[146 88 9]
[146 88 11]
[146 87 12]
[146 85 12]
[146 73 30]
[146 72 30]
[146 81 20]
[146 88 8]
[146 88 7]
[146 88 2]
[146 74 30]
[146 88 4]
[146 74 28]
[146 75 30]
[146 79 25]
[146 80 25]
[146 81 22]
[146 79 26]
[146 77 28]
[146 78 26]
[146 79 27]
[146 81 25]
[146 81 24]
[146 86 12]
[146 88 3]
[146 75 29]
[146 77 30]
[146 76 30]
[146 81 23]
[146 88 5]
[146 88 6]
[147 78 29]
[147 76 31]
[147 78 31]
[147 87 13]
[147 86 13]
[147 80 26]
[147 89 11]
[147 88 12]
[147 89 10]
[147 82 22]
[147 82 23]
[147 89 1]
[147 89 2]
[147 89 3]
[147 82 21]
[147 89 5]
[147 89 6]
[147 89 4]
[147 74 31]
[147 73 31]
[147 80 28]
[147 89 7]
[147 77 31]
[147 77 29]
[147 81 26]
[147 82 26]
[147 82 25]
[147 89 8]
[147 87 8]
[147 88 13]
[147 78 28]
[147 75 31]
[148 81 29]
[148 90 2]
[148 81 27]
[148 88 14]
[148 89 12]
[148 87 14]
[148 89 13]
[148 74 32]
[148 75 32]
[148 83 25]
[148 83 24]
[148 90 4]
[148 83 22]
[148 90 7]
[148 90 5]
[148 85 13]
[148 86 14]
[148 90 9]
[148 90 8]
[148 90 11]
[148 90 10]
[148 89 9]
[148 88 10]
[148 73 32]
[148 79 29]
[148 79 30]
[148 83 21]
[148 78 32]
[148 79 32]
[148 83 20]
[148 78 30]
[148 76 32]
[148 90 3]
[148 90 6]
[149 84 20]
[149 91 5]
[149 91 3]
[149 80 29]
[149 91 4]
[149 91 2]
[149 82 27]
[149 82 30]
[149 80 30]
[149 81 30]
[149 74 33]
[149 90 13]
[149 90 12]
[149 89 15]
[149 87 15]
[149 75 33]
[149 76 33]
[149 91 11]
[149 91 9]
[149 91 10]
[149 77 33]
[149 79 33]
[149 90 1]
[149 91 8]
[149 80 32]
[149 79 31]
[149 84 23]
[149 82 24]
[149 84 25]
[149 83 23]
[149 83 19]
[149 80 31]
[149 84 26]
[149 83 26]
[150 74 34]
[150 76 34]
[150 75 34]
[150 91 7]
[150 91 13]
[150 81 33]
[150 84 27]
[150 83 27]
[150 85 20]
[150 85 21]
[150 85 19]
[150 85 26]
[150 85 25]
[150 92 12]
[150 92 11]
[150 84 22]
[150 84 24]
[150 85 24]
[150 81 28]
[150 79 28]
[150 91 6]
[150 92 4]
[150 83 29]
[150 82 29]
[150 82 31]
[150 78 34]
[150 77 34]
[150 80 34]
[150 81 32]
[150 81 31]
[150 88 16]
[150 90 14]
[150 89 14]
[150 88 15]
[150 92 9]
[150 82 28]
[150 77 32]
[150 92 8]
[150 85 27]
[150 82 18]
[150 87 16]
[151 80 33]
[151 80 27]
[151 78 33]
[151 75 35]
[151 76 35]
[151 86 26]
[151 86 27]
[151 84 28]
[151 83 30]
[151 83 28]
[151 84 29]
[151 92 7]
[151 93 9]
[151 85 28]
[151 86 28]
[151 91 12]
[151 86 24]
[151 86 25]
[151 86 23]
[151 77 35]
[151 79 35]
[151 93 8]
[151 92 10]
[151 74 35]
[151 86 19]
[151 84 19]
[151 86 20]
[151 84 21]
[151 82 32]
[151 82 34]
[151 83 17]
[151 82 17]
[151 80 35]
[151 81 34]
[151 79 34]
[151 92 5]
[151 83 31]
[151 93 12]
[151 93 11]
[151 93 13]
[151 85 23]
[151 86 22]
[151 86 21]
[152 80 36]
[152 78 36]
[152 79 36]
[152 94 12]
[152 87 27]
[152 86 29]
[152 87 29]
[152 73 35]
[152 87 24]
[152 94 14]
[152 94 10]
[152 87 28]
[152 87 26]
[152 93 10]
[152 87 21]
[152 87 22]
[152 76 36]
[152 78 35]
[152 83 32]
[152 84 31]
[152 85 29]
[152 85 30]
[152 83 33]
[152 82 33]
[152 84 18]
[152 87 25]
[152 81 35]
[152 81 36]
[152 84 30]
[152 82 16]
[152 94 11]
[152 82 35]
[152 83 18]
[152 83 16]
[153 88 27]
[153 86 30]
[153 86 31]
[153 95 11]
[153 95 12]
[153 82 37]
[153 81 37]
[153 88 29]
[153 88 28]
[153 88 25]
[153 88 24]
[153 85 32]
[153 94 9]
[153 95 13]
[153 94 15]
[153 83 34]
[153 82 36]
[153 74 36]
[153 73 36]
[153 87 30]
[153 78 37]
[153 80 37]
[153 87 23]
[153 76 37]
[153 84 33]
[153 84 32]
[153 82 15]
[153 84 34]
[153 81 15]
[153 81 16]
[153 88 26]
[154 83 37]
[154 89 26]
[154 89 25]
[154 88 23]
[154 73 37]
[154 75 37]
[154 81 38]
[154 83 36]
[154 82 38]
[154 95 10]
[154 96 12]
[154 87 31]
[154 85 31]
[154 85 33]
[154 89 27]
[154 80 38]
[154 96 13]
[154 94 13]
[154 96 14]
[154 95 14]
[154 79 37]
[154 86 33]
[154 85 34]
[154 93 14]
[154 94 16]
[154 95 16]
[154 77 37]
[154 75 38]
[154 77 36]
[154 76 38]
[154 89 24]
[154 77 38]
[154 89 29]
[154 88 30]
[154 83 35]
[154 85 35]
[155 74 38]
[155 74 37]
[155 75 36]
[155 90 25]
[155 86 35]
[155 84 35]
[155 86 34]
[155 95 17]
[155 96 16]
[155 96 17]
[155 88 31]
[155 89 30]
[155 78 38]
[155 96 11]
[155 97 13]
[155 86 32]
[155 84 38]
[155 84 36]
[155 78 39]
[155 76 39]
[155 87 32]
[155 87 33]
[155 81 39]
[155 80 39]
[155 96 15]
[155 90 27]
[155 90 26]
[155 73 38]
[155 75 39]
[155 90 30]
[155 82 39]
[155 97 14]
[155 95 15]
[155 97 15]
[155 85 36]
[155 86 36]
[156 83 39]
[156 83 38]
[156 82 40]
[156 98 15]
[156 75 40]
[156 77 39]
[156 76 40]
[156 87 34]
[156 87 36]
[156 88 33]
[156 88 32]
[156 98 14]
[156 97 16]
[156 91 27]
[156 87 35]
[156 79 39]
[156 79 40]
[156 81 40]
[156 80 40]
[156 79 38]
[156 95 18]
[156 96 18]
[156 87 37]
[156 89 31]
[156 73 39]
[156 74 39]
[156 74 40]
[156 85 37]
[156 84 37]
[156 86 37]
[156 90 31]
[157 97 19]
[157 97 18]
[157 86 38]
[157 79 41]
[157 80 41]
[157 76 41]
[157 77 41]
[157 77 40]
[157 75 41]
[157 88 34]
[157 88 35]
[157 73 40]
[157 89 33]
[157 96 19]
[157 98 16]
[157 98 17]
[157 78 40]
[157 83 40]
[157 81 41]
[157 83 41]
[157 99 13]
[157 99 14]
[157 89 32]
[157 88 36]
[157 88 37]
[157 87 38]
[157 84 39]
[158 80 42]
[158 81 42]
[158 86 39]
[158 88 38]
[158 74 41]
[158 72 41]
[158 79 42]
[158 85 38]
[158 87 39]
[158 85 39]
[158 98 13]
[158 100 15]
[158 100 13]
[158 99 15]
[158 98 12]
[158 100 14]
[158 90 32]
[158 89 35]
[158 89 36]
[158 98 18]
[158 98 19]
[158 97 17]
[158 74 42]
[158 75 42]
[158 76 42]
[158 89 37]
[158 84 41]
[158 84 40]
[158 77 42]
[158 99 17]
[158 82 42]
[158 83 42]
[158 85 40]
[158 78 41]
[159 74 43]
[159 90 37]
[159 90 36]
[159 86 40]
[159 88 39]
[159 88 40]
[159 77 43]
[159 78 43]
[159 85 42]
[159 84 42]
[159 99 12]
[159 90 34]
[159 79 43]
[159 99 16]
[159 99 18]
[159 100 16]
[159 101 16]
[159 101 14]
[159 98 20]
[159 99 20]
[159 99 19]
[159 100 18]
[159 82 41]
[159 86 41]
[159 82 43]
[159 84 43]
[159 73 42]
[159 72 42]
[160 99 11]
[160 100 12]
[160 91 37]
[160 83 43]
[160 82 44]
[160 83 44]
[160 81 43]
[160 87 40]
[160 89 39]
[160 89 41]
[160 88 41]
[160 87 41]
[160 89 40]
[160 102 15]
[160 101 15]
[160 85 43]
[160 76 43]
[160 78 44]
[160 100 17]
[160 100 19]
[160 71 41]
[160 72 43]
[160 73 43]
[160 73 41]
[160 75 44]
[160 73 44]
[160 78 42]
[160 86 42]
[160 85 41]
[160 100 21]
[160 99 21]
[160 86 43]
[160 80 43]
[160 79 44]
[160 90 33]
[160 101 17]
[160 89 38]
[160 101 18]
[160 101 19]
[161 100 20]
[161 71 42]
[161 70 41]
[161 99 10]
[161 98 21]
[161 74 44]
[161 102 17]
[161 102 18]
[161 102 16]
[161 90 39]
[161 90 38]
[161 101 22]
[161 101 20]
[161 72 44]
[161 88 42]
[161 89 42]
[161 85 44]
[161 86 44]
[161 87 42]
[161 87 44]
[161 101 13]
[161 102 14]
[161 92 37]
[161 92 38]
[161 80 45]
[161 80 44]
[161 81 44]
[161 90 40]
[161 74 45]
[161 82 45]
[161 83 45]
[161 103 15]
[161 103 14]
[161 77 45]
[161 78 45]
[161 84 44]
[161 84 45]
[161 77 44]
[162 102 21]
[162 102 20]
[162 103 18]
[162 102 13]
[162 101 12]
[162 75 43]
[162 75 45]
[162 73 45]
[162 93 38]
[162 103 19]
[162 102 19]
[162 87 43]
[162 88 43]
[162 100 9]
[162 91 40]
[162 102 22]
[162 81 45]
[162 91 38]
[162 72 45]
[162 71 44]
[162 91 39]
[162 76 44]
[162 75 46]
[162 74 46]
[162 70 42]
[162 103 13]
[162 104 14]
[162 89 43]
[162 76 46]
[162 76 45]
[163 103 22]
[163 74 47]
[163 73 47]
[163 73 46]
[163 92 39]
[163 103 20]
[163 102 12]
[163 103 12]
[163 77 46]
[163 80 46]
[163 102 11]
[163 101 11]
[163 100 11]
[163 102 23]
[163 103 21]
[163 90 41]
[163 72 46]
[163 100 10]
[163 101 10]
[163 105 15]
[163 104 15]
[163 93 37]
[163 94 38]
[163 71 45]
[163 90 42]
[163 77 47]
[163 76 47]
[163 101 21]
[163 70 44]
[163 70 43]
[164 77 48]
[164 75 48]
[164 74 48]
[164 75 47]
[164 93 39]
[164 94 36]
[164 76 48]
[164 78 47]
[164 78 46]
[164 104 13]
[164 104 11]
[164 105 14]
[164 105 16]
[164 103 23]
[164 104 22]
[164 104 23]
[164 72 47]
[164 104 20]
[164 95 38]
[164 94 39]
[164 95 39]
[164 94 37]
[164 106 14]
[164 106 15]
[164 104 19]
[164 104 21]
[164 91 42]
[164 80 47]
[164 79 47]
[165 95 37]
[165 76 49]
[165 75 49]
[165 107 15]
[165 106 16]
[165 107 14]
[165 94 40]
[165 95 40]
[165 95 36]
[165 71 48]
[165 92 41]
[165 105 22]
[165 92 40]
[165 104 24]
[165 105 24]
[165 78 48]
[165 105 20]
[165 106 17]
[165 104 10]
[165 105 12]
[165 81 46]
[165 105 21]
[165 106 13]
[165 73 49]
[165 74 49]
[165 73 48]
[165 96 39]
[165 96 38]
[165 105 13]
[166 106 12]
[166 105 25]
[166 105 9]
[166 105 10]
[166 106 21]
[166 71 49]
[166 70 49]
[166 108 15]
[166 108 14]
[166 107 13]
[166 73 50]
[166 105 23]
[166 107 16]
[166 95 41]
[166 106 11]
[166 72 49]
[166 82 46]
[166 81 47]
[166 107 17]
[166 93 41]
[166 93 40]
[166 91 41]
[166 72 48]
[166 94 41]
[166 106 22]
[166 97 38]
[167 69 50]
[167 71 50]
[167 106 9]
[167 106 24]
[167 72 50]
[167 105 11]
[167 106 10]
[167 107 11]
[167 109 15]
[167 109 13]
[167 73 51]
[167 96 40]
[167 96 41]
[167 107 22]
[167 108 17]
[167 108 13]
[167 109 14]
[167 108 16]
[168 107 10]
[168 107 8]
[168 69 49]
[168 70 51]
[168 107 9]
[168 70 50]
[168 72 51]
[168 107 12]
[168 109 12]
[168 110 15]
[168 108 23]
[168 106 23]
[168 97 39]
[168 109 17]
[168 109 18]
[168 108 18]
[168 109 16]
[168 108 10]
[168 108 11]
[168 73 52]
[168 72 52]
[168 107 25]
[168 107 24]
[168 108 12]
[169 110 18]
[169 109 19]
[169 111 15]
[169 111 16]
[169 106 25]
[169 107 23]
[169 71 52]
[169 110 17]
[169 68 50]
[169 106 8]
[169 69 51]
[169 108 24]
[169 110 16]
[170 68 49]
[170 67 50]
[170 69 52]
[170 68 51]
[170 111 17]
[170 112 17]
[170 112 16]
[170 110 19]
[170 110 20]
[170 111 18]
[170 72 53]
[170 70 53]
[170 110 14]
[171 70 52]
[171 67 51]
[171 112 19]
[171 113 17]
[171 111 19]
[171 111 21]
[171 111 20]
[171 113 16]
[171 71 53]
[171 72 54]
[171 67 52]
[172 113 20]
[172 113 18]
[172 112 18]
[172 112 20]
[172 67 53]
[172 66 51]
[172 68 53]
[172 68 52]
[172 114 17]
[172 114 16]
[172 114 15]
[172 71 51]
[172 66 52]
[172 71 55]
[172 73 54]
[172 70 54]
[173 71 54]
[173 69 53]
[173 69 54]
[173 114 19]
[173 112 21]
[173 65 53]
[173 65 52]
[173 72 56]
[173 113 19]
[173 113 21]
[173 115 18]
[173 115 16]
[173 73 55]
[173 74 55]
[173 66 54]
[173 67 54]
[173 68 54]
[174 112 22]
[174 115 15]
[174 64 52]
[174 69 55]
[174 67 55]
[174 68 55]
[174 71 56]
[174 72 55]
[174 64 54]
[174 113 22]
[174 114 20]
[174 114 22]
[174 114 18]
[174 115 20]
[174 66 55]
[174 66 53]
[174 65 55]
[174 65 54]
[174 74 56]
[174 116 18]
[174 115 17]
[174 115 19]
[174 70 55]
[175 116 19]
[175 74 57]
[175 75 57]
[175 75 56]
[175 73 56]
[175 116 17]
[175 64 53]
[175 71 57]
[175 72 57]
[175 70 57]
[175 68 56]
[175 69 56]
[175 115 21]
[175 111 23]
[175 117 19]
[175 117 17]
[175 117 18]
[175 64 56]
[175 63 55]
[175 64 55]
[175 116 21]
[175 116 20]
[175 67 56]
[175 63 52]
[175 63 51]
[175 66 56]
[175 70 56]
[175 114 21]
[176 74 58]
[176 76 57]
[176 76 58]
[176 116 16]
[176 116 22]
[176 115 22]
[176 111 24]
[176 112 24]
[176 67 57]
[176 63 56]
[176 62 56]
[176 62 55]
[176 62 54]
[176 117 20]
[176 117 21]
[176 62 52]
[176 66 57]
[176 65 56]
[176 72 58]
[176 63 53]
[176 75 58]
[176 69 57]
[176 70 58]
[176 69 58]
[177 68 57]
[177 73 58]
[177 73 57]
[177 76 56]
[177 115 23]
[177 62 53]
[177 61 55]
[177 71 58]
[177 71 59]
[177 73 59]
[177 61 56]
[177 61 54]
[177 63 54]
[177 63 57]
[177 69 59]
[177 70 59]
[177 117 22]
[177 118 22]
[177 118 21]
[177 116 23]
[177 117 23]
[177 77 58]
[177 77 57]
[177 62 57]
[177 65 58]
[177 65 57]
[177 66 58]
[177 67 58]
[177 61 53]
[177 61 51]
[177 61 52]
[178 114 23]
[178 114 24]
[178 60 53]
[178 60 54]
[178 65 59]
[178 66 59]
[178 118 24]
[178 117 24]
[178 116 24]
[178 71 60]
[178 70 60]
[178 119 23]
[178 119 22]
[178 64 59]
[178 64 58]
[178 77 59]
[178 72 59]
[178 61 57]
[178 68 60]
[178 68 59]
[178 62 51]
[178 74 60]
[178 72 60]
[178 73 60]
[178 68 58]
[178 118 23]
[178 60 55]
[178 61 50]
[178 77 56]
[179 69 61]
[179 120 23]
[179 119 24]
[179 120 24]
[179 59 54]
[179 59 55]
[179 59 53]
[179 113 23]
[179 113 24]
[179 67 60]
[179 65 60]
[179 67 59]
[179 64 57]
[179 63 59]
[179 71 61]
[179 70 61]
[179 72 61]
[179 69 60]
[179 116 25]
[179 115 25]
[179 117 25]
[179 66 60]
[179 115 24]
[179 114 25]
[179 118 25]
[179 74 61]
[179 73 61]
[179 64 60]
[179 63 58]
[179 60 49]
[179 60 50]
[179 61 58]
[179 60 56]
[179 60 58]
[179 60 57]
[180 113 25]
[180 68 61]
[180 67 61]
[180 66 61]
[180 75 62]
[180 59 49]
[180 119 25]
[180 62 59]
[180 62 60]
[180 58 55]
[180 113 26]
[180 115 26]
[180 112 23]
[180 119 26]
[180 120 25]
[180 114 26]
[180 116 26]
[180 60 59]
[180 59 59]
[180 59 58]
[180 117 26]
[180 62 58]
[180 69 62]
[180 70 62]
[180 58 53]
[180 58 54]
[180 59 52]
[180 71 62]
[180 64 61]
[180 63 61]
[180 60 51]
[180 59 51]
[180 65 61]
[181 72 63]
[181 71 63]
[181 70 63]
[181 57 55]
[181 59 56]
[181 58 56]
[181 57 56]
[181 63 60]
[181 60 60]
[181 58 59]
[181 58 60]
[181 68 62]
[181 59 57]
[181 58 57]
[181 120 26]
[181 64 62]
[181 63 62]
[181 61 59]
[181 61 60]
[181 60 52]
[181 65 62]
[181 67 62]
[181 74 62]
[181 75 63]
[181 76 63]
[181 114 27]
[181 58 50]
[181 58 49]
[181 59 50]
[181 58 48]
[181 116 27]
[181 115 27]
[181 118 27]
[181 119 27]
[181 118 26]
[181 57 54]
[181 57 52]
[181 69 63]
[181 62 61]
[182 61 61]
[182 60 61]
[182 57 48]
[182 57 49]
[182 116 28]
[182 117 27]
[182 117 28]
[182 115 28]
[182 114 28]
[182 62 62]
[182 61 62]
[182 68 63]
[182 68 64]
[182 69 64]
[182 120 28]
[182 119 28]
[182 73 64]
[182 71 64]
[182 56 51]
[182 58 51]
[182 56 52]
[182 56 53]
[182 58 52]
[182 59 60]
[182 70 64]
[182 57 57]
[182 57 50]
[182 57 51]
[182 63 63]
[182 64 63]
[182 56 56]
[182 56 54]
[182 57 61]
[182 58 61]
[182 59 61]
[182 58 58]
[182 57 58]
[182 66 62]
[182 66 63]
[182 72 64]
[182 72 62]
[183 56 55]
[183 55 53]
[183 55 55]
[183 55 54]
[183 60 62]
[183 60 63]
[183 121 29]
[183 120 29]
[183 61 63]
[183 69 65]
[183 67 63]
[183 57 60]
[183 67 64]
[183 59 62]
[183 115 29]
[183 120 27]
[183 65 63]
[183 56 58]
[183 57 59]
[183 56 61]
[183 57 62]
[183 58 62]
[183 56 62]
[183 57 53]
[183 55 52]
[183 118 28]
[183 62 63]
[183 64 64]
[183 72 65]
[183 70 65]
[183 71 65]
[183 55 57]
[183 55 56]
[183 56 57]
[183 73 65]
[183 56 50]
[183 55 50]
[183 73 63]
[183 74 65]
[183 74 64]
[183 74 63]
[183 118 29]
[183 116 29]
[183 56 49]
[183 56 47]
[183 56 48]
[184 59 63]
[184 75 64]
[184 72 66]
[184 55 58]
[184 61 64]
[184 59 64]
[184 60 64]
[184 55 49]
[184 119 29]
[184 117 29]
[184 54 56]
[184 55 60]
[184 56 60]
[184 56 59]
[184 63 64]
[184 71 66]
[184 121 30]
[184 120 30]
[184 119 30]
[184 54 49]
[184 65 64]
[184 65 65]
[184 64 65]
[184 73 66]
[184 75 65]
[184 74 66]
[184 55 61]
[184 55 63]
[184 68 66]
[184 70 66]
[184 68 65]
[184 69 66]
[184 58 63]
[184 118 30]
[184 55 59]
[184 54 55]
[184 54 52]
[184 66 64]
[184 55 48]
[184 54 53]
[184 54 54]
[184 62 64]
[185 70 67]
[185 69 67]
[185 54 50]
[185 53 52]
[185 65 66]
[185 63 65]
[185 63 66]
[185 74 67]
[185 73 67]
[185 119 31]
[185 118 31]
[185 117 30]
[185 53 56]
[185 60 65]
[185 62 65]
[185 61 65]
[185 67 66]
[185 54 62]
[185 67 65]
[185 66 65]
[185 55 47]
[185 54 48]
[185 76 66]
[185 75 66]
[185 76 64]
[185 54 51]
[185 53 51]
[185 53 55]
[185 68 67]
[185 71 67]
[185 54 60]
[185 55 62]
[185 59 65]
[185 58 65]
[185 57 63]
[185 58 64]
[185 54 59]
[185 54 58]
[185 54 57]
[185 76 65]
[185 54 61]
[186 52 52]
[186 52 51]
[186 53 53]
[186 76 67]
[186 53 50]
[186 53 48]
[186 53 47]
[186 66 66]
[186 73 68]
[186 72 67]
[186 74 68]
[186 61 66]
[186 68 68]
[186 69 68]
[186 70 68]
[186 53 59]
[186 58 66]
[186 60 66]
[186 75 68]
[186 75 67]
[186 120 31]
[186 53 61]
[186 53 60]
[186 71 68]
[186 72 68]
[186 77 64]
[186 77 65]
[186 56 63]
[186 55 51]
[186 53 62]
[186 57 65]
[186 57 66]
[186 62 66]
[186 57 64]
[186 56 64]
[186 52 55]
[186 52 54]
[186 119 32]
[186 118 32]
[186 67 68]
[186 53 63]
[186 53 57]
[186 52 56]
[186 54 47]
[186 63 67]
[186 64 66]
[186 64 67]
[186 67 67]
[187 56 65]
[187 55 64]
[187 55 65]
[187 61 67]
[187 60 67]
[187 62 67]
[187 51 52]
[187 51 51]
[187 65 67]
[187 72 69]
[187 74 69]
[187 77 67]
[187 66 67]
[187 69 69]
[187 71 69]
[187 64 68]
[187 63 68]
[187 53 54]
[187 51 53]
[187 65 68]
[187 54 46]
[187 53 46]
[187 76 69]
[187 75 69]
[187 120 33]
[187 119 33]
[187 73 69]
[187 52 63]
[187 52 62]
[187 67 69]
[187 66 69]
[187 68 69]
[187 52 53]
[187 118 33]
[187 76 68]
[187 51 55]
[187 52 50]
[187 51 50]
[187 120 32]
[187 121 31]
[187 52 47]
[187 52 64]
[187 53 64]
[187 54 64]
[187 54 63]
[187 52 61]
[187 52 60]
[187 58 67]
[187 56 67]
[187 56 66]
[187 70 69]
[187 53 49]
[187 52 48]
[187 59 67]
[188 66 70]
[188 65 70]
[188 60 68]
[188 121 32]
[188 68 70]
[188 66 68]
[188 52 49]
[188 51 46]
[188 69 70]
[188 50 54]
[188 51 54]
[188 50 55]
[188 57 67]
[188 55 66]
[188 55 67]
[188 55 68]
[188 59 66]
[188 58 68]
[188 57 68]
[188 50 52]
[188 50 51]
[188 50 53]
[188 51 62]
[188 52 46]
[188 52 45]
[188 77 66]
[188 74 70]
[188 65 69]
[188 64 69]
[188 118 34]
[188 119 34]
[188 76 70]
[188 50 49]
[188 52 65]
[188 53 65]
[188 67 70]
[188 62 69]
[188 63 69]
[188 62 68]
[188 59 68]
[188 70 70]
[188 72 70]
[188 71 70]
[188 120 34]
[188 54 65]
[188 75 70]
[188 73 70]
[188 61 68]
[189 56 69]
[189 56 68]
[189 58 69]
[189 64 70]
[189 66 71]
[189 52 66]
[189 51 65]
[189 51 64]
[189 49 52]
[189 49 53]
[189 121 33]
[189 51 45]
[189 51 47]
[189 71 71]
[189 50 62]
[189 50 63]
[189 54 66]
[189 63 70]
[189 74 71]
[189 73 71]
[189 72 71]
[189 60 69]
[189 67 71]
[189 61 70]
[189 68 71]
[189 54 67]
[189 62 70]
[189 49 54]
[189 51 48]
[189 51 49]
[189 61 69]
[189 49 50]
[189 57 69]
[189 59 69]
[189 70 71]
[189 50 47]
[189 50 46]
[189 54 68]
[189 54 69]
[190 61 71]
[190 53 70]
[190 54 70]
[190 53 66]
[190 53 68]
[190 51 67]
[190 58 70]
[190 68 72]
[190 71 72]
[190 70 72]
[190 59 70]
[190 60 70]
[190 49 49]
[190 50 50]
[190 48 49]
[190 49 51]
[190 48 53]
[190 49 63]
[190 60 71]
[190 69 72]
[190 51 66]
[190 50 66]
[190 69 71]
[190 51 63]
[190 50 64]
[190 63 71]
[190 65 72]
[190 66 72]
[190 75 71]
[190 74 72]
[190 73 72]
[190 50 48]
[190 72 72]
[190 55 69]
[190 55 70]
[190 48 52]
[190 49 47]
[190 50 45]
[190 49 46]
[190 53 69]
[190 53 67]
[190 49 48]
[190 49 62]
[191 47 53]
[191 55 71]
[191 56 70]
[191 50 65]
[191 49 67]
[191 49 65]
[191 71 73]
[191 70 73]
[191 49 64]
[191 72 73]
[191 62 72]
[191 48 51]
[191 47 51]
[191 47 52]
[191 74 73]
[191 59 71]
[191 58 71]
[191 53 71]
[191 48 47]
[191 64 71]
[191 65 73]
[191 50 67]
[191 68 73]
[191 67 72]
[191 67 73]
[191 52 71]
[191 52 67]
[191 50 68]
[191 52 70]
[191 52 69]
[191 76 72]
[191 76 71]
[191 75 72]
[191 64 72]
[191 62 71]
[191 48 46]
[191 49 45]
[191 52 68]
[191 47 48]
[191 47 50]
[191 48 48]
[191 48 50]
[191 49 44]
[191 60 72]
[191 59 72]
[192 47 47]
[192 47 45]
[192 74 74]
[192 73 74]
[192 77 72]
[192 52 72]
[192 51 71]
[192 51 70]
[192 51 72]
[192 72 74]
[192 70 74]
[192 51 68]
[192 51 69]
[192 58 73]
[192 59 73]
[192 58 72]
[192 57 70]
[192 65 74]
[192 66 73]
[192 66 74]
[192 68 74]
[192 61 73]
[192 61 72]
[192 56 72]
[192 54 72]
[192 53 72]
[192 46 51]
[192 46 50]
[192 47 49]
[192 46 49]
[192 47 46]
[192 69 73]
[192 67 74]
[192 48 44]
[192 48 45]
[192 60 73]
[192 48 67]
[192 48 66]
[192 49 68]
[192 49 66]
[192 50 69]
[192 57 71]
[192 56 71]
[192 46 48]
[192 65 71]
[192 48 64]
[192 63 72]
[192 46 52]
[193 45 48]
[193 75 75]
[193 75 74]
[193 74 75]
[193 73 75]
[193 47 65]
[193 45 47]
[193 67 75]
[193 69 74]
[193 69 75]
[193 54 71]
[193 53 73]
[193 66 75]
[193 54 73]
[193 52 73]
[193 48 65]
[193 64 74]
[193 57 72]
[193 55 72]
[193 62 73]
[193 45 49]
[193 45 50]
[193 62 74]
[193 50 72]
[193 50 70]
[193 72 75]
[193 73 73]
[193 71 75]
[193 71 74]
[193 76 73]
[193 49 70]
[193 46 53]
[193 45 52]
[193 50 71]
[193 47 66]
[193 47 68]
[193 48 68]
[193 57 73]
[193 59 74]
[193 63 73]
[193 46 46]
[193 60 74]
[193 46 45]
[193 47 44]
[193 58 74]
[193 46 47]
[194 44 48]
[194 44 46]
[194 44 47]
[194 47 67]
[194 67 76]
[194 66 76]
[194 65 75]
[194 57 74]
[194 57 75]
[194 59 75]
[194 48 69]
[194 47 69]
[194 71 76]
[194 72 76]
[194 70 76]
[194 68 75]
[194 44 50]
[194 45 51]
[194 44 49]
[194 62 75]
[194 64 73]
[194 63 75]
[194 63 74]
[194 54 74]
[194 52 74]
[194 53 74]
[194 49 71]
[194 45 46]
[194 49 73]
[194 49 72]
[194 46 67]
[194 49 69]
[194 70 75]
[194 45 45]
[194 55 73]
[194 56 73]
[194 73 76]
[194 46 44]
[194 61 74]
[194 76 76]
[194 75 76]
[194 74 76]
[194 76 74]
[194 77 74]
[194 75 73]
[194 56 74]
[194 76 75]
[194 58 75]
[194 60 75]
[195 71 77]
[195 45 44]
[195 58 76]
[195 48 72]
[195 62 76]
[195 63 76]
[195 61 75]
[195 55 75]
[195 55 74]
[195 43 46]
[195 43 47]
[195 44 45]
[195 65 76]
[195 43 48]
[195 77 75]
[195 60 76]
[195 59 76]
[195 66 77]
[195 69 76]
[195 56 75]
[195 75 77]
[195 73 77]
[195 49 74]
[195 50 73]
[195 48 73]
[195 50 74]
[195 72 77]
[195 74 77]
[195 51 74]
[195 51 73]
[195 53 75]
[195 54 75]
[195 57 76]
[195 48 70]
[195 47 70]
[195 45 68]
[195 46 69]
[195 46 70]
[195 70 77]
[195 48 71]
[195 64 75]
[195 64 76]
[196 49 75]
[196 48 75]
[196 46 71]
[196 45 70]
[196 56 76]
[196 55 76]
[196 65 78]
[196 64 77]
[196 63 77]
[196 62 77]
[196 47 71]
[196 45 69]
[196 45 67]
[196 44 68]
[196 58 77]
[196 52 75]
[196 54 76]
[196 52 76]
[196 74 78]
[196 72 78]
[196 73 78]
[196 50 75]
[196 70 78]
[196 61 76]
[196 47 74]
[196 47 73]
[196 76 77]
[196 47 72]
[196 69 77]
[196 69 78]
[196 68 76]
[196 44 43]
[196 44 44]
[196 43 44]
[196 59 77]
[196 71 78]
[196 78 76]
[196 77 76]
[197 68 79]
[197 78 77]
[197 57 77]
[197 57 78]
[197 58 78]
[197 77 78]
[197 76 78]
[197 67 77]
[197 56 77]
[197 71 79]
[197 46 73]
[197 46 72]
[197 53 76]
[197 45 71]
[197 44 69]
[197 44 71]
[197 43 69]
[197 46 68]
[197 47 75]
[197 43 43]
[197 54 77]
[197 63 78]
[197 61 77]
[197 61 78]
[197 59 78]
[197 60 78]
[197 74 79]
[197 69 79]
[197 70 79]
[197 48 74]
[197 46 74]
[197 49 76]
[197 46 66]
[197 43 45]
[197 52 77]
[197 53 77]
[197 51 76]
[197 51 77]
[197 51 75]
[197 60 77]
[197 65 77]
[197 65 79]
[197 66 79]
[197 64 79]
[198 52 78]
[198 44 70]
[198 43 70]
[198 64 80]
[198 64 78]
[198 63 79]
[198 78 78]
[198 77 77]
[198 68 80]
[198 68 78]
[198 69 80]
[198 50 77]
[198 51 78]
[198 75 80]
[198 75 79]
[198 73 80]
[198 59 79]
[198 57 79]
[198 44 72]
[198 56 78]
[198 55 78]
[198 60 79]
[198 45 73]
[198 46 75]
[198 54 78]
[198 62 78]
[198 62 79]
[198 50 76]
[198 45 72]
[198 66 80]
[198 67 79]
[198 66 78]
[198 70 80]
[198 72 80]
[198 72 79]
[198 48 76]
[198 49 77]
[198 61 79]
[198 68 77]
[198 46 76]
[198 77 79]
[198 56 79]
[198 44 42]
[198 43 42]
[198 65 80]
[199 53 78]
[199 55 79]
[199 53 79]
[199 52 79]
[199 78 79]
[199 43 71]
[199 71 80]
[199 76 80]
[199 75 78]
[199 67 80]
[199 67 81]
[199 66 81]
[199 67 78]
[199 48 78]
[199 50 78]
[199 49 78]
[199 64 81]
[199 65 81]
[199 43 41]
[199 69 81]
[199 45 77]
[199 45 76]
[199 45 75]
[199 74 81]
[199 74 80]
[199 75 81]
[199 76 81]
[199 76 79]
[199 43 73]
[199 47 76]
[199 47 77]
[199 73 79]
[199 59 80]
[199 58 80]
[199 70 81]
[199 57 80]
[199 55 80]
[199 56 80]
[199 44 73]
[199 45 74]
[199 61 80]
[199 62 80]
[199 60 80]
[199 44 41]
[199 72 81]
[199 73 81]
[200 55 81]
[200 56 81]
[200 77 80]
[200 69 82]
[200 49 79]
[200 54 80]
[200 77 81]
[200 77 82]
[200 60 81]
[200 62 81]
[200 61 81]
[200 54 79]
[200 45 42]
[200 44 40]
[200 45 40]
[200 43 40]
[200 57 81]
[200 58 79]
[200 59 81]
[200 46 78]
[200 44 74]
[200 73 82]
[200 71 81]
[200 51 79]
[200 52 80]
[200 58 81]
[200 44 75]
[200 68 82]
[200 47 78]
[200 65 82]
[200 64 82]
[200 63 82]
[200 63 80]
[200 43 72]
[200 42 72]
[200 42 71]
[200 48 77]
[200 63 81]
[200 44 76]
[200 44 78]
[200 67 82]
[200 71 82]
[200 66 82]
[200 74 82]
[200 75 82]
[201 57 82]
[201 55 82]
[201 43 77]
[201 43 75]
[201 44 77]
[201 58 82]
[201 42 73]
[201 72 83]
[201 48 79]
[201 48 80]
[201 45 39]
[201 46 77]
[201 53 80]
[201 78 80]
[201 54 82]
[201 56 82]
[201 51 80]
[201 50 80]
[201 70 83]
[201 72 82]
[201 76 82]
[201 78 82]
[201 76 83]
[201 77 83]
[201 78 83]
[201 78 81]
[201 64 83]
[201 63 83]
[201 67 83]
[201 68 81]
[201 42 41]
[201 42 40]
[201 60 82]
[201 62 83]
[201 62 82]
[201 53 81]
[201 74 83]
[201 75 83]
[201 59 82]
[201 61 82]
[201 45 79]
[201 45 78]
[201 44 79]
[201 65 83]
[201 66 83]
[201 69 83]
[201 43 74]
[201 42 70]
[201 41 72]
[202 42 76]
[202 43 76]
[202 48 81]
[202 49 81]
[202 68 84]
[202 68 83]
[202 66 84]
[202 46 79]
[202 74 84]
[202 43 39]
[202 41 40]
[202 61 84]
[202 63 84]
[202 44 80]
[202 56 83]
[202 77 84]
[202 71 83]
[202 71 84]
[202 42 74]
[202 67 84]
[202 45 38]
[202 46 38]
[202 64 84]
[202 52 81]
[202 53 82]
[202 52 82]
[202 54 81]
[202 41 71]
[202 61 83]
[202 60 83]
[202 50 81]
[202 51 81]
[202 58 83]
[202 40 73]
[202 59 83]
[202 55 83]
[202 47 79]
[202 57 83]
[202 54 83]
[202 43 79]
[202 43 80]
[202 45 80]
[202 72 84]
[202 73 84]
[202 73 83]
[202 41 74]
[202 41 73]
[202 76 84]
[202 70 82]
[202 69 84]
[202 70 84]
[203 48 82]
[203 47 82]
[203 49 80]
[203 49 82]
[203 56 84]
[203 55 84]
[203 54 84]
[203 60 85]
[203 62 84]
[203 60 84]
[203 50 82]
[203 46 37]
[203 44 38]
[203 45 37]
[203 41 75]
[203 40 75]
[203 64 85]
[203 63 85]
[203 42 39]
[203 42 79]
[203 51 82]
[203 44 81]
[203 46 80]
[203 46 81]
[203 45 81]
[203 74 85]
[203 73 85]
[203 75 85]
[203 53 83]
[203 68 85]
[203 66 85]
[203 42 75]
[203 47 80]
[203 72 85]
[203 77 85]
[203 58 84]
[203 42 81]
[203 43 81]
[203 42 80]
[203 40 72]
[203 78 84]
[203 78 85]
[203 51 83]
[203 71 85]
[203 57 84]
[203 67 85]
[203 69 85]
[203 40 71]
[203 40 74]
[203 39 74]
[203 39 72]
[203 59 84]
[203 53 84]
[203 62 85]
[204 57 85]
[204 58 85]
[204 56 85]
[204 64 86]
[204 47 81]
[204 50 83]
[204 52 84]
[204 51 84]
[204 45 82]
[204 46 82]
[204 72 86]
[204 73 86]
[204 71 86]
[204 39 71]
[204 39 70]
[204 69 86]
[204 68 86]
[204 70 86]
[204 61 85]
[204 41 39]
[204 54 85]
[204 55 85]
[204 39 75]
[204 41 76]
[204 45 36]
[204 67 86]
[204 41 78]
[204 41 80]
[204 43 78]
[204 49 83]
[204 52 83]
[204 48 83]
[204 43 82]
[204 44 82]
[204 66 86]
[204 39 73]
[204 38 72]
[204 41 81]
[204 41 79]
[204 38 75]
[204 76 86]
[204 77 86]
[204 63 86]
[204 44 37]
[204 75 84]
[204 75 86]
[204 70 85]
[204 74 86]
[204 61 86]
[204 59 85]
[205 68 87]
[205 67 87]
[205 52 85]
[205 50 85]
[205 73 87]
[205 72 87]
[205 51 85]
[205 48 84]
[205 49 84]
[205 38 76]
[205 39 76]
[205 38 74]
[205 69 87]
[205 70 87]
[205 38 71]
[205 38 73]
[205 37 71]
[205 71 87]
[205 56 86]
[205 57 86]
[205 38 69]
[205 38 70]
[205 60 86]
[205 59 86]
[205 54 86]
[205 44 83]
[205 45 83]
[205 43 83]
[205 40 80]
[205 40 78]
[205 40 79]
[205 77 87]
[205 55 86]
[205 42 77]
[205 44 36]
[205 43 38]
[205 43 36]
[205 40 38]
[205 62 86]
[205 46 83]
[205 42 78]
[205 47 83]
[205 76 87]
[205 75 87]
[205 74 87]
[205 76 85]
[205 65 86]
[205 65 85]
[205 66 87]
[205 37 75]
[205 40 81]
[205 50 84]
[205 40 77]
[205 62 87]
[205 64 87]
[206 61 87]
[206 63 87]
[206 41 77]
[206 37 74]
[206 42 38]
[206 57 87]
[206 45 84]
[206 65 87]
[206 42 84]
[206 44 84]
[206 43 84]
[206 42 83]
[206 42 82]
[206 41 37]
[206 39 38]
[206 37 69]
[206 39 80]
[206 74 88]
[206 36 76]
[206 37 76]
[206 36 74]
[206 75 88]
[206 70 88]
[206 71 88]
[206 42 36]
[206 44 35]
[206 43 37]
[206 42 37]
[206 43 35]
[206 37 72]
[206 37 73]
[206 59 87]
[206 60 87]
[206 39 77]
[206 50 86]
[206 49 86]
[206 52 86]
[206 55 87]
[206 54 87]
[206 68 88]
[206 46 84]
[206 67 88]
[206 66 88]
[206 47 84]
[206 65 84]
[206 58 87]
[206 76 88]
[206 69 88]
[206 53 86]
[206 53 87]
[206 40 76]
[206 53 85]
[206 56 87]
[206 48 85]
[206 47 85]
[206 63 88]
[206 36 70]
[206 73 88]
[206 39 81]
[206 39 82]
[206 41 82]
[206 37 70]
[206 72 88]
[207 42 85]
[207 43 85]
[207 41 85]
[207 60 88]
[207 59 88]
[207 38 78]
[207 39 78]
[207 68 89]
[207 66 89]
[207 38 81]
[207 39 79]
[207 70 89]
[207 72 89]
[207 41 38]
[207 56 88]
[207 55 88]
[207 65 89]
[207 67 89]
[207 65 88]
[207 40 83]
[207 38 83]
[207 40 82]
[207 69 89]
[207 41 84]
[207 48 86]
[207 62 89]
[207 64 88]
[207 63 89]
[207 45 85]
[207 46 85]
[207 52 88]
[207 53 88]
[207 52 87]
[207 61 88]
[207 35 75]
[207 37 77]
[207 36 75]
[207 35 76]
[207 51 86]
[207 38 77]
[207 44 85]
[207 58 88]
[207 58 86]
[207 62 88]
[207 38 82]
[207 36 71]
[207 36 72]
[207 35 74]
[207 38 37]
[207 40 37]
[207 73 89]
[207 74 89]
[207 49 85]
[207 49 87]
[207 47 86]
[207 46 86]
[207 42 34]
[207 76 89]
[207 77 89]
[207 35 71]
[207 36 69]
[208 67 90]
[208 56 89]
[208 36 78]
[208 68 90]
[208 34 75]
[208 60 89]
[208 59 89]
[208 64 89]
[208 62 90]
[208 64 90]
[208 50 87]
[208 45 86]
[208 44 86]
[208 72 90]
[208 73 90]
[208 70 90]
[208 41 83]
[208 39 84]
[208 40 84]
[208 39 83]
[208 61 89]
[208 61 90]
[208 49 88]
[208 50 88]
[208 43 33]
[208 41 33]
[208 41 34]
[208 43 34]
[208 42 35]
[208 37 36]
[208 38 36]
[208 37 78]
[208 40 86]
[208 42 86]
[208 40 85]
[208 37 82]
[208 55 89]
[208 57 89]
[208 35 68]
[208 36 68]
[208 35 69]
[208 34 72]
[208 34 71]
[208 77 88]
[208 77 90]
[208 75 89]
[208 75 90]
[208 35 70]
[208 45 87]
[208 46 87]
[208 69 90]
[208 71 90]
[208 34 77]
[208 36 77]
[208 35 77]
[208 34 73]
[208 35 73]
[208 34 74]
[208 36 73]
[208 57 88]
[208 38 79]
[208 38 80]
[208 37 79]
[208 48 87]
[208 51 87]
[208 52 89]
[208 53 89]
[208 40 36]
[208 41 36]
[208 38 84]
[208 37 84]
[208 41 86]
[208 54 89]
[208 54 88]
[208 76 90]
[208 78 89]
[208 78 88]
[209 36 80]
[209 37 80]
[209 33 73]
[209 33 72]
[209 72 91]
[209 33 74]
[209 42 87]
[209 60 90]
[209 59 90]
[209 35 72]
[209 42 32]
[209 43 32]
[209 63 91]
[209 63 90]
[209 62 91]
[209 34 76]
[209 33 76]
[209 68 91]
[209 67 91]
[209 46 88]
[209 47 88]
[209 47 87]
[209 45 88]
[209 41 87]
[209 43 87]
[209 36 82]
[209 36 81]
[209 36 83]
[209 50 89]
[209 34 68]
[209 36 67]
[209 39 85]
[209 74 90]
[209 35 78]
[209 56 90]
[209 70 91]
[209 34 78]
[209 37 81]
[209 65 91]
[209 65 90]
[209 79 88]
[209 78 90]
[209 79 90]
[209 42 33]
[209 33 77]
[209 40 35]
[209 41 35]
[209 39 36]
[209 37 67]
[209 53 90]
[209 35 79]
[209 36 79]
[209 75 91]
[209 77 91]
[209 76 91]
[209 79 89]
[209 79 87]
[209 69 91]
[209 78 87]
[209 66 91]
[209 40 33]
[209 41 32]
[209 44 87]
[209 34 69]
[209 34 70]
[209 39 86]
[209 39 37]
[209 39 87]
[209 36 85]
[209 36 84]
[209 37 83]
[209 38 85]
[209 58 89]
[209 58 90]
[209 57 90]
[209 55 90]
[209 54 90]
[209 61 91]
[209 33 70]
[209 51 89]
[209 52 90]
[209 51 88]
[209 51 90]
[209 36 35]
[210 32 73]
[210 33 71]
[210 32 75]
[210 73 91]
[210 66 92]
[210 66 90]
[210 67 92]
[210 68 92]
[210 32 74]
[210 56 91]
[210 63 92]
[210 32 77]
[210 33 78]
[210 49 90]
[210 50 90]
[210 70 92]
[210 69 92]
[210 53 91]
[210 35 80]
[210 77 92]
[210 78 92]
[210 33 67]
[210 33 68]
[210 39 35]
[210 36 86]
[210 37 85]
[210 37 86]
[210 35 85]
[210 57 91]
[210 35 81]
[210 40 88]
[210 41 88]
[210 40 87]
[210 42 88]
[210 35 84]
[210 35 82]
[210 35 83]
[210 38 67]
[210 38 68]
[210 37 68]
[210 38 86]
[210 38 87]
[210 33 69]
[210 40 34]
[210 59 91]
[210 60 91]
[210 73 92]
[210 72 92]
[210 42 31]
[210 39 88]
[210 33 75]
[210 32 76]
[210 62 92]
[210 64 91]
[210 34 79]
[210 34 80]
[210 46 89]
[210 48 88]
[210 43 86]
[210 44 88]
[210 43 88]
[210 65 92]
[210 37 35]
[210 35 35]
[210 45 89]
[210 47 89]
[210 43 31]
[210 40 32]
[210 40 31]
[210 76 92]
[210 75 92]
[210 50 91]
[210 51 91]
[210 39 34]
[210 61 92]
[210 60 92]
[210 44 89]
[210 78 91]
[210 79 91]
[210 74 92]
[210 74 91]
[211 37 34]
[211 36 34]
[211 38 35]
[211 33 66]
[211 34 67]
[211 32 68]
[211 32 67]
[211 48 89]
[211 48 90]
[211 70 93]
[211 42 89]
[211 67 93]
[211 35 87]
[211 49 91]
[211 31 75]
[211 34 86]
[211 35 86]
[211 36 87]
[211 34 82]
[211 78 93]
[211 76 93]
[211 59 92]
[211 58 92]
[211 32 70]
[211 32 69]
[211 33 80]
[211 33 81]
[211 72 93]
[211 73 93]
[211 74 93]
[211 75 93]
[211 39 31]
[211 41 31]
[211 46 90]
[211 47 90]
[211 45 90]
[211 69 93]
[211 71 91]
[211 43 89]
[211 49 89]
[211 48 91]
[211 31 74]
[211 32 72]
[211 31 72]
[211 39 89]
[211 79 92]
[211 52 92]
[211 52 91]
[211 51 92]
[211 77 93]
[211 41 89]
[211 40 89]
[211 39 33]
[211 79 93]
[211 53 92]
[211 37 88]
[211 64 93]
[211 65 93]
[211 61 93]
[211 68 93]
[211 62 93]
[211 64 92]
[211 43 30]
[211 42 30]
[211 55 92]
[211 55 91]
[211 57 92]
[211 36 36]
[211 35 34]
[211 34 35]
[211 34 34]
[211 49 92]
[211 71 92]
[211 39 67]
[211 58 91]
[211 34 84]
[211 31 73]
[211 39 30]
[211 40 30]
[211 41 30]
[211 39 32]
[211 31 76]
[211 44 90]
[212 38 31]
[212 39 29]
[212 38 30]
[212 38 33]
[212 38 32]
[212 45 91]
[212 38 34]
[212 30 74]
[212 30 73]
[212 38 90]
[212 38 88]
[212 39 90]
[212 38 66]
[212 39 66]
[212 48 92]
[212 50 92]
[212 40 90]
[212 41 29]
[212 30 76]
[212 78 94]
[212 52 93]
[212 51 93]
[212 50 93]
[212 74 94]
[212 33 82]
[212 34 81]
[212 32 82]
[212 30 75]
[212 30 72]
[212 49 93]
[212 48 93]
[212 32 71]
[212 31 69]
[212 69 94]
[212 46 91]
[212 47 91]
[212 32 80]
[212 33 79]
[212 54 92]
[212 54 91]
[212 54 93]
[212 33 85]
[212 72 94]
[212 73 94]
[212 76 94]
[212 60 93]
[212 31 68]
[212 31 67]
[212 67 94]
[212 37 87]
[212 71 93]
[212 71 94]
[212 70 94]
[212 34 85]
[212 33 87]
[212 56 92]
[212 57 93]
[212 58 93]
[212 56 93]
[212 66 94]
[212 65 94]
[212 59 93]
[212 63 94]
[212 64 94]
[212 37 89]
[212 42 90]
[212 43 90]
[212 33 35]
[212 34 33]
[212 35 33]
[212 40 29]
[212 62 94]
[212 63 93]
[212 36 33]
[212 68 94]
[212 31 70]
[212 77 94]
[212 53 93]
[212 42 29]
[212 41 90]
[213 38 89]
[213 55 93]
[213 50 94]
[213 33 84]
[213 44 91]
[213 45 92]
[213 43 91]
[213 42 91]
[213 29 74]
[213 67 95]
[213 69 95]
[213 68 95]
[213 38 91]
[213 39 91]
[213 32 34]
[213 31 71]
[213 30 70]
[213 30 69]
[213 52 94]
[213 51 94]
[213 53 94]
[213 71 95]
[213 61 94]
[213 59 94]
[213 40 91]
[213 48 94]
[213 72 95]
[213 37 30]
[213 29 72]
[213 31 80]
[213 31 81]
[213 31 79]
[213 37 32]
[213 79 94]
[213 78 95]
[213 37 31]
[213 38 29]
[213 65 95]
[213 63 95]
[213 46 92]
[213 47 92]
[213 47 93]
[213 66 95]
[213 31 82]
[213 32 81]
[213 32 83]
[213 61 95]
[213 32 79]
[213 32 78]
[213 77 95]
[213 75 94]
[213 31 77]
[213 29 75]
[213 29 77]
[213 29 76]
[213 58 94]
[213 60 94]
[213 35 32]
[213 34 32]
[213 37 91]
[213 32 86]
[213 33 88]
[213 33 86]
[213 34 87]
[213 54 94]
[213 55 94]
[213 66 93]
[213 62 95]
[213 64 95]
[213 37 33]
[213 75 95]
[213 73 95]
[213 43 28]
[213 36 32]
[213 41 91]
[213 39 65]
[213 33 83]
[213 56 94]
[213 29 71]
[213 30 71]
[213 30 66]
[213 31 66]
[213 30 68]
[213 57 94]
[214 38 92]
[214 36 90]
[214 36 91]
[214 36 92]
[214 29 69]
[214 42 92]
[214 43 92]
[214 71 96]
[214 32 84]
[214 36 31]
[214 36 29]
[214 30 83]
[214 30 81]
[214 31 83]
[214 65 96]
[214 67 96]
[214 32 85]
[214 32 87]
[214 37 28]
[214 37 29]
[214 40 65]
[214 33 33]
[214 35 31]
[214 34 31]
[214 46 93]
[214 60 95]
[214 54 95]
[214 39 92]
[214 77 96]
[214 70 95]
[214 68 96]
[214 31 78]
[214 63 96]
[214 64 96]
[214 76 95]
[214 45 93]
[214 44 93]
[214 30 79]
[214 30 80]
[214 30 78]
[214 60 96]
[214 62 96]
[214 61 96]
[214 44 92]
[214 52 95]
[214 53 95]
[214 51 95]
[214 29 68]
[214 29 67]
[214 30 67]
[214 28 72]
[214 28 70]
[214 29 70]
[214 37 90]
[214 30 77]
[214 78 96]
[214 31 84]
[214 57 95]
[214 55 95]
[214 28 75]
[214 58 95]
[214 56 95]
[214 44 28]
[214 43 29]
[214 40 92]
[214 41 92]
[214 35 88]
[214 34 88]
[214 29 73]
[214 28 73]
[214 28 74]
[214 73 96]
[214 72 96]
[214 74 95]
[214 31 33]
[214 32 33]
[214 31 34]
[214 28 76]
[214 28 78]
[214 29 78]
[214 66 96]
[214 50 95]
[214 49 95]
[214 48 95]
[214 49 94]
[214 47 94]
[214 47 95]
[214 70 96]
[214 29 66]
[215 27 70]
[215 66 97]
[215 64 97]
[215 65 97]
[215 34 30]
[215 35 30]
[215 72 97]
[215 73 97]
[215 74 96]
[215 54 96]
[215 30 85]
[215 30 84]
[215 31 85]
[215 35 28]
[215 35 29]
[215 36 30]
[215 62 97]
[215 27 78]
[215 27 77]
[215 29 79]
[215 27 79]
[215 36 28]
[215 28 69]
[215 67 97]
[215 69 97]
[215 50 96]
[215 69 96]
[215 77 97]
[215 29 80]
[215 28 67]
[215 51 96]
[215 56 96]
[215 57 96]
[215 47 96]
[215 48 96]
[215 46 96]
[215 46 95]
[215 30 82]
[215 43 93]
[215 75 96]
[215 44 29]
[215 33 34]
[215 33 32]
[215 32 32]
[215 59 95]
[215 59 96]
[215 29 81]
[215 27 74]
[215 46 94]
[215 44 94]
[215 45 94]
[215 33 31]
[215 29 82]
[215 29 83]
[215 29 84]
[215 49 96]
[215 27 75]
[215 27 73]
[215 38 93]
[215 35 89]
[215 36 88]
[215 34 89]
[215 63 97]
[215 37 93]
[215 37 92]
[215 35 93]
[215 31 87]
[215 31 86]
[215 28 71]
[215 28 77]
[215 31 32]
[215 41 93]
[215 55 96]
[215 35 90]
[216 44 95]
[216 63 98]
[216 65 98]
[216 64 98]
[216 34 29]
[216 26 70]
[216 29 86]
[216 30 86]
[216 28 82]
[216 28 84]
[216 51 97]
[216 52 96]
[216 67 98]
[216 42 93]
[216 73 98]
[216 74 98]
[216 72 98]
[216 34 28]
[216 47 97]
[216 48 97]
[216 49 97]
[216 40 93]
[216 28 79]
[216 28 80]
[216 34 91]
[216 43 94]
[216 45 95]
[216 43 95]
[216 70 97]
[216 68 97]
[216 28 81]
[216 26 78]
[216 55 97]
[216 50 97]
[216 34 27]
[216 28 83]
[216 36 93]
[216 38 94]
[216 37 94]
[216 69 98]
[216 61 97]
[216 62 98]
[216 76 98]
[216 77 98]
[216 76 97]
[216 76 96]
[216 30 87]
[216 46 97]
[216 56 97]
[216 26 73]
[216 33 90]
[216 33 89]
[216 66 98]
[216 27 80]
[216 26 80]
[216 26 79]
[216 31 31]
[216 30 33]
[216 45 97]
[216 34 94]
[216 75 97]
[216 74 97]
[216 30 88]
[216 26 74]
[216 26 76]
[216 27 76]
[216 32 31]
[216 29 85]
[216 28 85]
[216 60 97]
[216 58 97]
[216 59 97]
[216 26 72]
[216 27 72]
[216 71 98]
[216 71 97]
[217 27 84]
[217 33 28]
[217 74 99]
[217 72 99]
[217 55 98]
[217 57 97]
[217 34 90]
[217 34 92]
[217 35 92]
[217 33 92]
[217 58 96]
[217 46 98]
[217 28 86]
[217 27 85]
[217 27 86]
[217 35 27]
[217 33 27]
[217 68 98]
[217 25 71]
[217 27 71]
[217 26 71]
[217 25 78]
[217 26 77]
[217 25 77]
[217 65 99]
[217 66 99]
[217 36 95]
[217 75 98]
[217 70 99]
[217 36 94]
[217 32 89]
[217 41 94]
[217 39 93]
[217 40 94]
[217 27 83]
[217 32 30]
[217 31 30]
[217 25 80]
[217 70 98]
[217 42 94]
[217 44 96]
[217 42 96]
[217 27 82]
[217 73 99]
[217 64 99]
[217 63 99]
[217 43 96]
[217 45 96]
[217 67 99]
[217 68 99]
[217 37 95]
[217 39 94]
[217 35 95]
[217 33 94]
[217 33 93]
[217 34 95]
[217 58 98]
[217 59 98]
[217 50 98]
[217 29 88]
[217 31 88]
[217 54 97]
[217 26 81]
[217 29 87]
[217 61 99]
[217 25 74]
[217 26 75]
[217 25 73]
[217 76 99]
[217 49 98]
[217 77 99]
[217 52 98]
[217 48 98]
[217 47 98]
[217 60 98]
[217 32 90]
[217 25 72]
[217 51 98]
[217 27 81]
[218 41 95]
[218 42 97]
[218 43 97]
[218 42 95]
[218 33 91]
[218 35 91]
[218 32 91]
[218 31 89]
[218 54 98]
[218 56 98]
[218 54 99]
[218 72 100]
[218 74 100]
[218 35 96]
[218 35 94]
[218 36 96]
[218 73 100]
[218 67 100]
[218 68 100]
[218 51 99]
[218 50 99]
[218 52 97]
[218 52 99]
[218 25 81]
[218 24 80]
[218 69 100]
[218 69 99]
[218 71 99]
[218 33 95]
[218 32 95]
[218 53 97]
[218 78 98]
[218 78 100]
[218 78 99]
[218 77 100]
[218 26 86]
[218 26 84]
[218 62 100]
[218 62 99]
[218 60 100]
[218 28 89]
[218 29 89]
[218 28 88]
[218 34 93]
[218 26 83]
[218 25 76]
[218 75 99]
[218 24 72]
[218 25 70]
[218 64 100]
[218 27 87]
[218 28 87]
[218 24 78]
[218 24 79]
[218 49 99]
[218 47 99]
[218 24 74]
[218 24 73]
[218 32 93]
[218 40 95]
[218 37 96]
[218 45 98]
[218 46 99]
[218 75 100]
[218 66 100]
[218 59 99]
[218 58 99]
[218 32 29]
[218 33 30]
[218 33 29]
[218 60 99]
[218 57 99]
[218 32 27]
[218 32 28]
[218 44 97]
[218 24 77]
[218 32 88]
[218 31 90]
[218 63 100]
[218 24 75]
[218 57 98]
[218 30 30]
[218 38 95]
[218 39 95]
[219 45 99]
[219 79 99]
[219 61 98]
[219 31 29]
[219 29 30]
[219 29 31]
[219 68 101]
[219 67 101]
[219 49 100]
[219 51 100]
[219 74 101]
[219 75 101]
[219 31 92]
[219 31 91]
[219 24 76]
[219 53 100]
[219 54 100]
[219 55 100]
[219 30 90]
[219 38 96]
[219 38 97]
[219 36 97]
[219 29 90]
[219 28 90]
[219 30 89]
[219 32 92]
[219 63 101]
[219 64 101]
[219 23 78]
[219 23 79]
[219 55 99]
[219 31 94]
[219 34 96]
[219 73 101]
[219 71 100]
[219 71 101]
[219 53 96]
[219 53 98]
[219 76 101]
[219 76 100]
[219 65 100]
[219 60 101]
[219 61 101]
[219 43 98]
[219 26 82]
[219 24 82]
[219 24 81]
[219 25 82]
[219 27 89]
[219 27 90]
[219 57 100]
[219 58 100]
[219 59 100]
[219 23 76]
[219 52 100]
[219 40 96]
[219 41 96]
[219 23 74]
[219 23 75]
[219 25 75]
[219 23 73]
[219 79 98]
[219 48 99]
[219 46 100]
[219 48 100]
[219 25 87]
[219 25 85]
[219 25 86]
[219 31 28]
[219 31 27]
[219 41 98]
[219 50 100]
[219 70 100]
[219 39 96]
[219 23 80]
[219 44 98]
[219 56 99]
[219 56 100]
[219 27 88]
[219 69 101]
[219 32 96]
[219 24 71]
[219 35 97]
[219 23 71]
[220 31 93]
[220 70 101]
[220 30 94]
[220 63 102]
[220 50 101]
[220 49 101]
[220 35 98]
[220 34 97]
[220 34 98]
[220 23 77]
[220 26 89]
[220 26 91]
[220 78 97]
[220 30 91]
[220 29 91]
[220 28 91]
[220 52 101]
[220 24 84]
[220 25 84]
[220 26 85]
[220 24 86]
[220 37 98]
[220 39 98]
[220 38 98]
[220 47 100]
[220 22 74]
[220 22 72]
[220 22 73]
[220 31 97]
[220 30 32]
[220 22 75]
[220 25 88]
[220 30 92]
[220 23 82]
[220 24 83]
[220 23 83]
[220 26 88]
[220 22 78]
[220 48 101]
[220 30 29]
[220 30 28]
[220 30 27]
[220 62 101]
[220 61 102]
[220 56 101]
[220 54 101]
[220 57 101]
[220 55 101]
[220 59 101]
[220 37 97]
[220 36 98]
[220 66 101]
[220 72 101]
[220 53 101]
[220 23 72]
[220 59 102]
[220 61 100]
[220 53 99]
[220 45 100]
[220 44 100]
[220 44 99]
[220 58 101]
[220 51 101]
[220 22 80]
[220 22 79]
[220 62 102]
[220 40 98]
[220 42 99]
[220 41 99]
[220 30 93]
[220 25 83]
[220 24 87]
[220 26 87]
[220 40 97]
[220 39 97]
[220 26 90]
[220 43 99]
[220 47 101]
[220 22 71]
[220 23 81]
[220 22 81]
[221 38 99]
[221 34 99]
[221 44 101]
[221 45 101]
[221 43 101]
[221 58 102]
[221 37 99]
[221 35 99]
[221 36 99]
[221 21 78]
[221 21 80]
[221 55 102]
[221 54 102]
[221 22 82]
[221 22 83]
[221 29 94]
[221 29 93]
[221 25 90]
[221 29 28]
[221 29 27]
[221 56 102]
[221 57 102]
[221 21 74]
[221 21 72]
[221 21 73]
[221 49 102]
[221 48 102]
[221 21 77]
[221 30 31]
[221 27 92]
[221 46 102]
[221 43 100]
[221 39 99]
[221 41 97]
[221 40 99]
[221 25 89]
[221 62 103]
[221 21 81]
[221 21 76]
[221 50 102]
[221 28 92]
[221 29 95]
[221 21 71]
[221 21 70]
[221 23 70]
[221 22 70]
[221 61 103]
[221 60 102]
[221 60 103]
[221 33 98]
[221 21 75]
[221 42 98]
[221 29 92]
[221 33 97]
[221 22 77]
[221 22 76]
[221 24 89]
[221 32 97]
[221 32 98]
[221 31 98]
[221 59 103]
[221 25 91]
[221 25 92]
[221 51 102]
[221 53 102]
[221 52 102]
[221 24 85]
[221 23 87]
[221 23 85]
[221 23 86]
[221 42 100]
[221 23 84]
[221 46 101]
[221 24 88]
[222 47 102]
[222 49 103]
[222 24 91]
[222 24 92]
[222 24 90]
[222 51 103]
[222 53 103]
[222 58 103]
[222 58 104]
[222 54 103]
[222 45 102]
[222 36 100]
[222 20 70]
[222 57 103]
[222 28 93]
[222 28 94]
[222 28 27]
[222 28 28]
[222 27 93]
[222 27 91]
[222 21 69]
[222 22 69]
[222 23 69]
[222 23 88]
[222 22 85]
[222 30 95]
[222 42 102]
[222 42 101]
[222 43 102]
[222 37 100]
[222 52 103]
[222 31 96]
[222 33 96]
[222 47 103]
[222 46 103]
[222 20 79]
[222 20 80]
[222 61 104]
[222 20 75]
[222 32 99]
[222 31 99]
[222 22 87]
[222 22 86]
[222 25 93]
[222 50 103]
[222 20 74]
[222 20 73]
[222 21 82]
[222 22 84]
[222 20 81]
[222 28 96]
[222 23 89]
[222 59 104]
[222 48 103]
[222 56 103]
[222 55 103]
[222 35 100]
[222 20 76]
[222 20 77]
[222 39 100]
[222 40 100]
[223 19 75]
[223 19 80]
[223 21 79]
[223 19 79]
[223 19 81]
[223 58 105]
[223 60 104]
[223 19 70]
[223 20 69]
[223 59 105]
[223 53 104]
[223 44 102]
[223 43 103]
[223 57 104]
[223 56 104]
[223 26 92]
[223 47 104]
[223 20 68]
[223 22 68]
[223 21 86]
[223 21 87]
[223 50 104]
[223 49 104]
[223 51 104]
[223 46 104]
[223 48 104]
[223 23 92]
[223 27 94]
[223 27 95]
[223 24 93]
[223 37 101]
[223 30 97]
[223 21 85]
[223 21 84]
[223 38 101]
[223 20 83]
[223 20 82]
[223 21 83]
[223 19 74]
[223 31 100]
[223 30 99]
[223 30 98]
[223 19 77]
[223 52 104]
[223 27 97]
[223 29 96]
[223 29 97]
[223 54 104]
[223 40 101]
[223 23 90]
[223 36 101]
[223 34 100]
[223 35 101]
[223 34 101]
[223 39 101]
[223 30 96]
[223 41 101]
[223 42 103]
[223 41 103]
[223 41 102]
[223 19 78]
[223 20 78]
[223 45 103]
[223 26 94]
[223 33 99]
[223 22 88]
[224 45 104]
[224 47 105]
[224 45 105]
[224 18 79]
[224 18 80]
[224 20 87]
[224 20 88]
[224 29 100]
[224 28 95]
[224 19 82]
[224 22 90]
[224 23 91]
[224 22 91]
[224 19 76]
[224 18 76]
[224 57 105]
[224 26 93]
[224 20 84]
[224 49 105]
[224 50 105]
[224 26 95]
[224 25 94]
[224 54 105]
[224 28 97]
[224 29 98]
[224 38 102]
[224 36 102]
[224 44 103]
[224 34 102]
[224 35 102]
[224 33 100]
[224 46 105]
[224 18 78]
[224 33 101]
[224 21 68]
[224 19 69]
[224 52 105]
[224 51 105]
[224 53 105]
[224 31 101]
[224 32 101]
[224 30 100]
[224 21 88]
[224 18 69]
[224 42 104]
[224 43 104]
[224 24 94]
[224 23 94]
[224 29 99]
[224 27 96]
[224 39 102]
[224 38 100]
[224 20 86]
[224 19 68]
[224 21 67]
[224 22 92]
[224 23 93]
[224 22 93]
[224 40 103]
[224 41 104]
[224 40 102]
[224 19 84]
[224 55 104]
[224 55 105]
[225 22 89]
[225 33 103]
[225 50 106]
[225 49 106]
[225 48 105]
[225 48 106]
[225 17 80]
[225 17 79]
[225 17 81]
[225 18 81]
[225 44 105]
[225 32 102]
[225 33 102]
[225 22 67]
[225 56 105]
[225 17 78]
[225 30 101]
[225 28 100]
[225 52 106]
[225 54 106]
[225 51 106]
[225 46 106]
[225 47 106]
[225 26 96]
[225 19 83]
[225 18 68]
[225 21 91]
[225 21 90]
[225 21 92]
[225 20 85]
[225 18 84]
[225 19 85]
[225 18 83]
[225 58 106]
[225 57 106]
[225 30 102]
[225 28 98]
[225 28 99]
[225 42 105]
[225 21 93]
[225 43 105]
[225 56 106]
[225 55 106]
[225 18 77]
[225 20 89]
[225 19 87]
[225 21 94]
[225 32 100]
[225 45 106]
[225 26 97]
[225 27 98]
[225 19 86]
[225 53 106]
[225 17 76]
[225 17 77]
[225 17 75]
[225 35 103]
[225 34 103]
[225 25 95]
[225 29 101]
[225 39 104]
[225 39 103]
[225 23 95]
[225 22 94]
[225 21 89]
[225 18 70]
[225 24 95]
[225 36 103]
[225 37 102]
[225 37 103]
[225 38 103]
[226 55 107]
[226 20 90]
[226 20 91]
[226 24 96]
[226 22 95]
[226 16 77]
[226 16 76]
[226 18 75]
[226 58 107]
[226 31 103]
[226 30 103]
[226 29 102]
[226 33 104]
[226 34 104]
[226 56 107]
[226 18 85]
[226 17 84]
[226 38 105]
[226 40 104]
[226 38 104]
[226 40 105]
[226 17 82]
[226 18 82]
[226 16 81]
[226 19 88]
[226 20 92]
[226 20 93]
[226 53 107]
[226 25 98]
[226 25 97]
[226 25 96]
[226 26 98]
[226 37 104]
[226 31 102]
[226 17 69]
[226 17 67]
[226 18 86]
[226 50 107]
[226 49 107]
[226 48 107]
[226 47 107]
[226 51 107]
[226 54 107]
[226 52 107]
[226 35 104]
[226 17 70]
[226 16 79]
[226 16 78]
[226 36 104]
[226 46 107]
[226 44 106]
[226 43 106]
[226 44 104]
[226 16 75]
[226 18 74]
[226 41 106]
[226 16 80]
[226 27 100]
[226 18 87]
[226 21 95]
[226 20 94]
[226 27 99]
[226 18 88]
[226 32 103]
[227 26 99]
[227 41 107]
[227 40 106]
[227 42 107]
[227 41 105]
[227 17 83]
[227 17 85]
[227 17 87]
[227 17 86]
[227 39 105]
[227 21 96]
[227 22 96]
[227 20 96]
[227 57 107]
[227 51 108]
[227 19 93]
[227 20 95]
[227 19 95]
[227 19 89]
[227 15 78]
[227 15 80]
[227 54 108]
[227 18 73]
[227 17 74]
[227 15 81]
[227 23 96]
[227 16 83]
[227 16 82]
[227 48 108]
[227 47 108]
[227 24 98]
[227 24 97]
[227 39 106]
[227 37 105]
[227 33 105]
[227 34 105]
[227 32 105]
[227 53 108]
[227 52 108]
[227 15 74]
[227 15 75]
[227 16 74]
[227 35 105]
[227 19 90]
[227 17 89]
[227 18 89]
[227 17 88]
[227 19 92]
[227 44 107]
[227 16 84]
[227 49 108]
[227 25 99]
[227 32 104]
[227 31 104]
[227 36 105]
[227 17 68]
[227 16 68]
[227 16 66]
[227 43 107]
[227 16 69]
[227 16 71]
[227 16 70]
[227 17 71]
[227 18 71]
[227 28 101]
[227 50 108]
[227 15 76]
[227 15 77]
[227 15 79]
[228 16 89]
[228 18 90]
[228 16 88]
[228 16 87]
[228 15 83]
[228 15 84]
[228 14 75]
[228 34 106]
[228 35 106]
[228 19 72]
[228 18 72]
[228 15 72]
[228 16 72]
[228 14 76]
[228 21 97]
[228 19 96]
[228 15 70]
[228 18 93]
[228 18 92]
[228 42 108]
[228 42 106]
[228 16 85]
[228 45 108]
[228 44 108]
[228 43 108]
[228 45 107]
[228 15 85]
[228 14 82]
[228 14 81]
[228 17 73]
[228 19 73]
[228 49 109]
[228 24 99]
[228 18 91]
[228 19 91]
[228 41 108]
[228 40 108]
[228 14 78]
[228 14 80]
[228 16 67]
[228 33 106]
[228 37 106]
[228 36 106]
[228 23 97]
[228 15 82]
[228 16 73]
[228 14 74]
[228 15 73]
[228 38 106]
[228 23 98]
[228 16 86]
[228 22 97]
[228 39 107]
[229 36 107]
[229 34 107]
[229 35 107]
[229 44 109]
[229 14 83]
[229 14 84]
[229 48 109]
[229 14 85]
[229 13 83]
[229 17 72]
[229 41 109]
[229 18 94]
[229 22 98]
[229 14 72]
[229 14 79]
[229 13 79]
[229 13 75]
[229 37 107]
[229 13 82]
[229 38 108]
[229 43 109]
[229 14 73]
[229 18 96]
[229 13 77]
[229 14 77]
[229 13 76]
[229 42 109]
[229 40 107]
[229 40 109]
[229 15 87]
[229 15 86]
[229 15 88]
[229 39 108]
[229 19 71]
[229 46 108]
[229 15 90]
[229 16 90]
[229 15 89]
[229 17 92]
[229 17 91]
[229 17 93]
[229 20 97]
[229 20 98]
[229 21 98]
[229 13 73]
[229 17 90]
[230 13 80]
[230 13 78]
[230 19 97]
[230 12 83]
[230 13 81]
[230 13 85]
[230 14 86]
[230 14 87]
[230 12 82]
[230 13 84]
[230 42 110]
[230 16 91]
[230 14 89]
[230 14 88]
[230 43 110]
[230 17 94]
[230 19 94]
[230 40 110]
[230 41 110]
[230 39 110]
[230 12 72]
[230 13 74]
[230 12 74]
[230 39 109]
[230 38 107]
[230 38 109]
[230 18 95]
[230 18 97]
[230 13 72]
[230 37 108]
[230 16 92]
[230 16 93]
[230 16 94]
[230 35 108]
[230 34 108]
[230 36 108]
[230 14 90]
[230 14 91]
[230 15 91]
[230 12 78]
[230 12 80]
[230 13 71]
[230 12 77]
[230 12 75]
[231 37 109]
[231 36 109]
[231 17 95]
[231 11 82]
[231 13 86]
[231 42 111]
[231 12 81]
[231 12 73]
[231 11 73]
[231 12 86]
[231 12 85]
[231 12 84]
[231 11 74]
[231 12 79]
[231 38 110]
[231 11 76]
[231 12 76]
[231 11 77]
[231 15 92]
[231 15 94]
[231 39 111]
[231 41 111]
[231 40 111]
[231 11 79]
[231 11 80]
[231 15 95]
[231 16 95]
[231 14 92]
[231 13 70]
[231 12 70]
[231 14 70]
[231 13 92]
[231 14 71]
[232 10 76]
[232 10 78]
[232 36 110]
[232 37 110]
[232 35 109]
[232 11 85]
[232 11 86]
[232 11 84]
[232 13 69]
[232 41 112]
[232 15 93]
[232 13 93]
[232 14 93]
[232 11 75]
[232 12 93]
[232 40 112]
[232 38 111]
[232 14 95]
[232 10 74]
[232 11 72]
[232 11 70]
[232 11 69]
[232 38 112]
[232 10 77]
[232 17 96]
[232 11 78]
[232 15 96]
[232 14 94]
[232 14 96]
[232 10 83]
[232 11 83]
[232 12 71]
[232 12 69]
[232 11 81]
[232 13 87]
[232 10 79]
[233 37 111]
[233 10 68]
[233 10 69]
[233 10 70]
[233 9 78]
[233 16 96]
[233 17 97]
[233 10 84]
[233 9 83]
[233 9 82]
[233 11 93]
[233 10 85]
[233 36 111]
[233 10 80]
[233 12 87]
[233 10 86]
[233 11 71]
[233 37 112]
[233 39 113]
[233 37 113]
[233 10 71]
[233 13 94]
[233 13 88]
[233 12 88]
[233 12 68]
[233 14 69]
[233 9 79]
[233 9 80]
[233 9 77]
[233 13 95]
[233 10 75]
[233 9 76]
[233 10 72]
[233 13 68]
[233 10 82]
[233 12 94]
[234 8 76]
[234 11 67]
[234 12 67]
[234 8 83]
[234 8 81]
[234 11 89]
[234 12 89]
[234 9 75]
[234 36 112]
[234 11 95]
[234 12 95]
[234 11 68]
[234 10 67]
[234 9 68]
[234 9 85]
[234 38 113]
[234 37 114]
[234 9 73]
[234 9 81]
[234 9 86]
[234 10 81]
[234 8 78]
[234 39 114]
[234 39 112]
[234 8 80]
[234 8 79]
[234 11 87]
[234 9 70]
[234 11 92]
[234 10 92]
[234 11 94]
[234 9 69]
[234 8 77]
[234 8 75]
[234 8 84]
[234 8 82]
[234 9 71]
[235 7 79]
[235 8 73]
[235 8 72]
[235 8 74]
[235 8 85]
[235 7 78]
[235 38 114]
[235 37 115]
[235 8 87]
[235 7 83]
[235 7 80]
[235 9 74]
[235 11 90]
[235 11 88]
[235 12 90]
[235 10 90]
[235 8 70]
[235 8 71]
[235 7 75]
[235 9 84]
[235 13 89]
[235 13 90]
[235 11 91]
[235 10 91]
[235 13 96]
[235 12 92]
[235 9 72]
[235 8 69]
[235 7 76]
[235 7 77]
[236 6 78]
[236 6 76]
[236 6 75]
[236 7 74]
[236 6 84]
[236 7 82]
[236 7 84]
[236 38 115]
[236 6 77]
[236 7 72]
[236 7 86]
[236 7 87]
[236 7 88]
[236 9 88]
[236 8 86]
[236 6 80]
[236 7 73]
[236 7 71]
[236 7 70]
[236 10 88]
[236 7 69]
[236 10 73]
[236 7 85]
[236 13 91]
[236 12 91]
[237 6 70]
[237 6 72]
[237 6 73]
[237 9 87]
[237 6 83]
[237 6 69]
[237 6 79]
[237 6 89]
[237 7 89]
[237 8 88]
[237 6 85]
[237 6 88]
[237 6 71]
[237 6 81]
[237 7 81]
[237 5 81]
[237 5 80]
[237 5 76]
[237 8 89]
[237 10 87]
[237 5 75]
[237 6 82]
[238 5 86]
[238 5 72]
[238 6 74]
[238 5 73]
[238 5 71]
[238 5 82]
[238 5 83]
[238 5 70]
[238 5 89]
[238 6 87]
[238 5 87]
[238 5 78]
[238 5 79]
[238 4 82]
[238 4 81]
[238 4 76]
[238 4 75]
[238 4 74]
[238 4 80]
[238 5 69]
[238 4 77]
[238 5 77]
[239 4 85]
[239 5 85]
[239 4 83]
[239 3 82]
[239 3 83]
[239 4 79]
[239 3 81]
[239 3 79]
[239 5 74]
[239 4 72]
[239 3 80]
[239 6 86]
[239 4 88]
[239 5 88]
[239 4 70]
[239 4 71]
[239 4 69]
[239 3 75]
[239 4 73]
[239 3 74]
[240 3 71]
[240 2 79]
[240 3 78]
[240 2 80]
[240 2 81]
[240 2 75]
[240 3 85]
[240 3 68]
[240 3 76]
[240 2 82]
[240 3 73]
[240 5 84]
[240 4 87]
[240 2 83]
[240 3 84]
[241 1 78]
[241 1 82]
[241 4 84]
[241 1 81]
[241 2 76]
[241 2 86]
[241 4 86]
[241 3 69]
[241 2 68]
[241 2 69]
[241 3 72]
[241 1 84]
[241 1 83]
[241 2 84]
[241 2 85]
[241 1 74]
[241 2 74]
[241 1 75]
[241 2 77]
[241 2 72]
[241 2 73]
[242 3 87]
[242 1 87]
[242 1 86]
[242 3 86]
[242 1 85]
[242 0 81]
[242 0 82]
[242 1 79]
[242 2 78]
[242 1 77]
[242 0 77]
[242 1 69]
[242 3 70]
[242 2 70]
[242 1 72]
[242 2 71]
[242 0 75]
[242 0 74]
[242 1 76]
[242 0 83]
[242 0 84]
[242 1 73]
[242 3 77]
[243 -1 81]
[243 -1 82]
[243 0 76]
[243 0 78]
[243 -1 75]
[243 -1 73]
[243 -1 74]
[243 0 80]
[243 -1 80]
[243 1 80]
[243 2 87]
[243 0 85]
[243 0 86]
[243 0 73]
[243 -1 83]
[243 0 87]
[243 1 70]
[243 4 78]
[243 -1 76]
[243 -1 77]
[243 -1 78]
[244 -1 87]
[244 -1 88]
[244 -1 86]
[244 -1 85]
[244 2 88]
[244 1 88]
[244 0 71]
[244 1 71]
[244 0 70]
[244 -2 83]
[244 -2 82]
[244 -2 80]
[244 -2 74]
[244 -2 81]
[244 -2 72]
[244 -1 72]
[244 -2 73]
[244 0 79]
[244 -2 75]
[244 -1 79]
[244 -2 78]
[245 -3 73]
[245 -3 75]
[245 -3 81]
[245 -2 79]
[245 -2 87]
[245 -2 88]
[245 0 88]
[245 -1 70]
[245 -1 71]
[245 -2 86]
[245 -1 84]
[245 -2 85]
[245 -3 74]
[245 0 72]
[245 -2 76]
[245 -3 78]
[245 -2 77]
[245 -3 79]
[245 -3 83]
[245 -3 82]
[245 1 89]
[245 -2 71]
[245 -3 71]
[246 -2 70]
[246 0 69]
[246 -4 74]
[246 -3 87]
[246 -3 88]
[246 -3 86]
[246 -3 72]
[246 -4 73]
[246 -3 84]
[246 2 89]
[246 -4 71]
[246 -4 70]
[246 -4 78]
[246 -3 80]
[246 -4 81]
[246 -3 76]
[246 -4 82]
[246 -3 89]
[246 -2 89]
[246 -4 75]
[246 -2 84]
[246 -4 83]
[246 -3 85]
[247 -4 87]
[247 -5 83]
[247 -4 84]
[247 -5 82]
[247 -5 80]
[247 -3 69]
[247 -1 69]
[247 -3 70]
[247 -4 85]
[247 -4 77]
[247 -3 77]
[247 -4 76]
[247 -5 69]
[247 -5 71]
[247 -5 72]
[247 -4 72]
[247 -4 88]
[247 -4 80]
[247 -4 79]
[247 -5 73]
[247 -5 74]
[247 -4 86]
[247 -5 75]
[247 -5 78]
[248 -6 72]
[248 -6 71]
[248 -6 70]
[248 -6 73]
[248 -5 79]
[248 -6 79]
[248 -5 68]
[248 -4 69]
[248 -6 68]
[248 -6 69]
[248 -4 68]
[248 -5 70]
[248 -5 84]
[248 -5 87]
[248 -5 86]
[248 -2 68]
[248 -6 74]
[248 -5 81]
[248 -2 69]
[248 -5 77]
[248 -5 76]
[248 -5 88]
[248 -6 81]
[248 -6 83]
[248 -6 80]
[248 -6 84]
[249 -7 74]
[249 -7 72]
[249 -5 67]
[249 -6 67]
[249 -7 70]
[249 -7 71]
[249 -7 75]
[249 -3 68]
[249 -7 68]
[249 -7 69]
[249 -7 67]
[249 -7 79]
[249 -7 81]
[249 -7 80]
[249 -7 83]
[249 -6 85]
[249 -7 85]
[249 -7 78]
[249 -6 82]
[249 -6 87]
[249 -7 73]
[249 -6 86]
[249 -5 85]
[249 -6 77]
[249 -6 75]
[250 -8 69]
[250 -8 84]
[250 -7 84]
[250 -8 82]
[250 -6 78]
[250 -7 82]
[250 -8 71]
[250 -7 66]
[250 -8 74]
[250 -5 66]
[250 -6 66]
[250 -8 79]
[250 -8 78]
[250 -8 75]
[250 -7 76]
[250 -6 76]
[250 -8 73]
[250 -8 72]
[250 -8 68]
[250 -8 67]
[250 -8 85]
[250 -8 81]
[250 -8 80]
[250 -7 86]
[251 -9 78]
[251 -9 79]
[251 -9 80]
[251 -9 74]
[251 -9 70]
[251 -9 68]
[251 -8 70]
[251 -9 82]
[251 -9 81]
[251 -7 65]
[251 -8 66]
[251 -8 65]
[251 -9 73]
[251 -7 77]
[251 -8 76]
[251 -9 67]
[251 -9 83]
[251 -9 71]
[251 -9 72]
[251 -8 83]
[251 -6 65]
[251 -5 65]
[252 -10 79]
[252 -8 77]
[252 -9 77]
[252 -10 71]
[252 -10 70]
[252 -9 69]
[252 -10 72]
[252 -7 64]
[252 -10 69]
[252 -10 68]
[252 -9 66]
[252 -9 65]
[252 -10 75]
[252 -10 74]
[252 -9 75]
[252 -10 83]
[252 -10 73]
[252 -6 64]
[252 -8 64]
[252 -10 82]
[252 -10 81]
[252 -10 78]
[253 -11 83]
[253 -11 82]
[253 -11 74]
[253 -11 73]
[253 -11 80]
[253 -10 67]
[253 -6 63]
[253 -9 76]
[253 -10 64]
[253 -10 65]
[253 -10 80]
[253 -11 81]
[253 -11 71]
[253 -11 75]
[253 -11 68]
[253 -10 76]
[253 -11 69]
[253 -11 70]
[253 -8 63]
[253 -7 63]
[253 -9 63]
[253 -11 72]
[254 -11 63]
[254 -11 65]
[254 -10 63]
[254 -12 70]
[254 -12 72]
[254 -10 84]
[254 -11 84]
[254 -7 62]
[254 -11 79]
[254 -12 75]
[254 -11 64]
[254 -11 66]
[254 -8 62]
[254 -11 76]
[254 -12 74]
[254 -12 81]
[254 -12 82]
[254 -12 83]
[254 -12 73]
[254 -11 67]
[254 -9 62]
[254 -9 64]
[254 -12 71]
[254 -11 77]
[254 -10 77]
[254 -12 80]
[254 -12 79]
[254 -12 69]
[254 -12 67]
[255 -13 69]
[255 -13 71]
[255 -12 65]
[255 -10 66]
[255 -12 66]
[255 -9 61]
[255 -10 62]
[255 -13 80]
[255 -13 81]
[255 -13 82]
[255 -12 77]
[255 -11 78]
[255 -11 85]
[255 -13 78]
[255 -13 79]
[255 -12 68]
[255 -13 73]
[255 -13 72]
[255 -12 63]
[255 -11 62]
[255 -12 64]
[255 -13 74]
[255 -13 70]
[255 -13 68]
[255 -13 75]
[255 -12 76]
[256 -14 79]
[256 -13 77]
[256 -10 61]
[256 -12 61]
[256 -14 69]
[256 -11 61]
[256 -14 72]
[256 -14 70]
[256 -13 64]
[256 -12 62]
[256 -13 67]
[256 -14 68]
[256 -9 60]
[256 -10 60]
[256 -13 76]
[256 -14 83]
[256 -13 83]
[256 -14 81]
[256 -14 80]
[256 -13 65]
[256 -12 78]
[256 -14 73]
[256 -12 85]
[256 -11 86]
[256 -10 86]
[256 -10 85]
[256 -14 76]
[256 -14 74]
[257 -14 64]
[257 -14 66]
[257 -14 65]
[257 -14 77]
[257 -15 76]
[257 -15 75]
[257 -14 75]
[257 -15 73]
[257 -15 74]
[257 -15 82]
[257 -13 84]
[257 -13 85]
[257 -10 59]
[257 -8 61]
[257 -15 79]
[257 -15 78]
[257 -15 80]
[257 -14 78]
[257 -15 69]
[257 -14 67]
[257 -11 60]
[257 -11 87]
[257 -15 83]
[257 -15 84]
[257 -14 82]
[257 -12 60]
[257 -12 84]
[257 -15 71]
[257 -15 72]
[257 -12 87]
[257 -14 63]
[257 -14 71]
[257 -15 70]
[257 -15 68]
[257 -13 62]
[257 -13 60]
[258 -15 77]
[258 -15 64]
[258 -11 59]
[258 -13 59]
[258 -16 74]
[258 -16 82]
[258 -16 83]
[258 -15 81]
[258 -16 72]
[258 -16 70]
[258 -16 71]
[258 -15 67]
[258 -16 68]
[258 -16 67]
[258 -14 62]
[258 -15 63]
[258 -13 63]
[258 -15 62]
[258 -11 88]
[258 -13 87]
[258 -13 86]
[258 -16 73]
[258 -15 65]
[258 -14 61]
[258 -13 61]
[258 -16 78]
[258 -16 79]
[258 -16 76]
[258 -12 86]
[258 -10 87]
[258 -14 59]
[258 -14 84]
[258 -14 85]
[258 -10 58]
[258 -11 58]
[258 -15 85]
[258 -16 84]
[258 -16 81]
[258 -16 80]
[258 -13 66]
[258 -15 66]
[258 -16 75]
[259 -17 73]
[259 -17 75]
[259 -15 60]
[259 -14 58]
[259 -15 58]
[259 -15 59]
[259 -17 76]
[259 -17 77]
[259 -12 89]
[259 -10 88]
[259 -16 66]
[259 -16 77]
[259 -17 79]
[259 -17 83]
[259 -17 72]
[259 -17 80]
[259 -17 81]
[259 -17 71]
[259 -15 61]
[259 -13 58]
[259 -14 60]
[259 -17 82]
[259 -17 74]
[259 -17 69]
[259 -16 69]
[259 -15 86]
[259 -16 63]
[259 -16 65]
[259 -12 59]
[259 -12 58]
[259 -12 57]
[259 -14 87]
[259 -14 86]
[259 -13 88]
[259 -16 64]
[259 -17 70]
[260 -17 78]
[260 -18 79]
[260 -10 89]
[260 -9 88]
[260 -18 77]
[260 -18 76]
[260 -14 57]
[260 -18 72]
[260 -18 73]
[260 -18 71]
[260 -18 69]
[260 -12 88]
[260 -18 70]
[260 -18 75]
[260 -18 74]
[260 -18 82]
[260 -17 64]
[260 -16 60]
[260 -16 59]
[260 -16 58]
[260 -17 63]
[260 -17 65]
[260 -16 61]
[260 -16 62]
[260 -13 57]
[260 -15 57]
[260 -18 80]
[260 -13 90]
[260 -18 81]
[261 -19 73]
[261 -13 91]
[261 -19 76]
[261 -19 75]
[261 -19 70]
[261 -19 69]
[261 -17 62]
[261 -17 61]
[261 -19 81]
[261 -14 56]
[261 -10 90]
[261 -18 68]
[261 -17 68]
[261 -18 63]
[261 -19 77]
[261 -18 78]
[261 -19 80]
[261 -19 79]
[261 -17 59]
[261 -16 57]
[261 -17 58]
[261 -17 57]
[261 -17 60]
[262 -18 57]
[262 -18 56]
[262 -18 58]
[262 -16 56]
[262 -18 61]
[262 -18 59]
[262 -18 60]
[262 -19 64]
[262 -18 62]
[262 -18 64]
[262 -19 63]
[262 -18 67]
[262 -11 91]
[262 -9 90]
[262 -9 91]
[262 -20 74]
[262 -19 72]
[262 -20 73]
[262 -13 56]
[262 -20 78]
[262 -20 77]
[262 -20 76]
[262 -12 92]
[262 -14 90]
[262 -20 71]
[262 -20 70]
[262 -20 79]
[262 -20 81]
[262 -19 74]
[262 -20 75]
[262 -17 56]
[262 -15 56]
[262 -20 68]
[262 -20 69]
[262 -20 80]
[262 -19 78]
[263 -15 90]
[263 -15 89]
[263 -21 73]
[263 -20 72]
[263 -19 60]
[263 -19 59]
[263 -21 77]
[263 -18 66]
[263 -19 68]
[263 -21 69]
[263 -21 70]
[263 -19 58]
[263 -9 92]
[263 -10 91]
[263 -21 80]
[263 -21 79]
[263 -21 78]
[263 -21 76]
[263 -20 65]
[263 -18 65]
[263 -20 63]
[263 -12 91]
[263 -10 92]
[263 -11 92]
[263 -19 61]
[263 -21 71]
[263 -21 81]
[263 -19 65]
[263 -16 55]
[263 -17 55]
[263 -20 62]
[263 -20 64]
[263 -19 57]
[263 -19 67]
[263 -20 67]
[263 -21 68]
[263 -21 72]
[264 -11 90]
[264 -21 67]
[264 -20 66]
[264 -21 66]
[264 -9 93]
[264 -22 79]
[264 -22 68]
[264 -21 64]
[264 -21 63]
[264 -22 78]
[264 -22 74]
[264 -22 72]
[264 -19 62]
[264 -21 62]
[264 -21 61]
[264 -21 82]
[264 -22 80]
[264 -22 82]
[264 -19 66]
[264 -22 71]
[264 -22 69]
[264 -20 61]
[264 -20 59]
[264 -22 70]
[264 -22 75]
[264 -22 76]
[264 -22 77]
[264 -17 66]
[264 -22 73]
[264 -20 57]
[264 -20 60]
[264 -22 67]
[264 -11 93]
[264 -16 89]
[265 -23 75]
[265 -23 73]
[265 -23 80]
[265 -23 79]
[265 -22 81]
[265 -22 83]
[265 -23 69]
[265 -23 68]
[265 -23 66]
[265 -23 70]
[265 -23 67]
[265 -23 74]
[265 -21 74]
[265 -23 76]
[265 -17 67]
[265 -11 89]
[265 -23 78]
[265 -21 57]
[265 -22 62]
[265 -23 81]
[265 -23 72]
[265 -21 60]
[265 -22 61]
[265 -21 59]
[265 -9 94]
[265 -8 94]
[265 -21 58]
[265 -20 58]
[265 -21 65]
[265 -22 65]
[265 -22 63]
[265 -22 64]
[265 -21 75]
[265 -11 94]
[266 -21 83]
[266 -23 83]
[266 -23 82]
[266 -24 81]
[266 -24 80]
[266 -23 60]
[266 -23 61]
[266 -23 71]
[266 -24 71]
[266 -24 65]
[266 -24 67]
[266 -22 66]
[266 -22 59]
[266 -24 66]
[266 -24 76]
[266 -24 73]
[266 -24 74]
[266 -22 58]
[266 -22 57]
[266 -22 60]
[266 -24 72]
[266 -24 77]
[266 -24 75]
[266 -23 65]
[266 -23 64]
[266 -23 63]
[266 -24 78]
[266 -24 68]
[266 -23 62]
[266 -23 77]
[266 -24 79]
[266 -8 95]
[267 -23 59]
[267 -24 62]
[267 -25 68]
[267 -25 69]
[267 -24 69]
[267 -24 60]
[267 -24 61]
[267 -25 78]
[267 -25 81]
[267 -24 82]
[267 -23 58]
[267 -25 72]
[267 -24 63]
[267 -24 64]
[267 -25 75]
[267 -25 73]
[267 -25 76]
[267 -24 83]
[267 -25 66]
[267 -25 79]
[267 -24 70]
[267 -25 65]
[267 -22 84]
[267 -25 67]
[267 -7 95]
[267 -25 70]
[268 -26 67]
[268 -26 68]
[268 -26 77]
[268 -26 79]
[268 -25 77]
[268 -26 78]
[268 -25 71]
[268 -26 72]
[268 -26 76]
[268 -25 62]
[268 -25 61]
[268 -24 58]
[268 -24 57]
[268 -23 57]
[268 -24 59]
[268 -25 74]
[268 -6 96]
[268 -25 82]
[268 -25 84]
[268 -26 66]
[268 -25 64]
[268 -26 74]
[268 -26 69]
[268 -25 63]
[269 -26 75]
[269 -26 73]
[269 -25 58]
[269 -25 59]
[269 -26 71]
[269 -5 96]
[269 -5 97]
[269 -26 65]
[269 -26 64]
[269 -27 74]
[269 -27 75]
[269 -26 63]
[269 -26 62]
[269 -26 70]
[269 -27 77]
[269 -27 76]
[269 -27 78]
[269 -26 84]
[269 -24 84]
[269 -24 85]
[269 -25 85]
[269 -27 66]
[269 -27 68]
[269 -27 72]
[269 -27 71]
[269 -25 60]
[269 -26 61]
[269 -27 67]
[269 -25 83]
[269 -26 82]
[269 -26 81]
[269 -25 80]
[269 -27 80]
[270 -28 67]
[270 -28 72]
[270 -26 59]
[270 -26 58]
[270 -28 65]
[270 -27 65]
[270 -27 63]
[270 -27 64]
[270 -27 62]
[270 -27 70]
[270 -23 84]
[270 -28 76]
[270 -28 78]
[270 -28 77]
[270 -5 98]
[270 -6 98]
[270 -27 81]
[270 -28 80]
[270 -26 80]
[270 -27 82]
[270 -26 83]
[270 -27 84]
[270 -28 73]
[270 -28 68]
[270 -28 69]
[270 -27 69]
[270 -27 73]
[270 -28 71]
[270 -26 85]
[270 -28 75]
[270 -24 86]
[270 -27 60]
[270 -27 61]
[270 -28 74]
[271 -5 99]
[271 -28 64]
[271 -28 63]
[271 -28 66]
[271 -29 68]
[271 -27 85]
[271 -27 83]
[271 -28 70]
[271 -29 76]
[271 -29 74]
[271 -27 79]
[271 -27 58]
[271 -26 60]
[271 -29 70]
[271 -28 81]
[271 -29 73]
[271 -29 72]
[271 -29 80]
[271 -29 79]
[271 -29 81]
[271 -28 79]
[271 -29 77]
[271 -29 75]
[271 -29 66]
[271 -29 64]
[271 -29 78]
[271 -28 61]
[271 -29 71]
[271 -29 69]
[271 -29 67]
[271 -28 62]
[271 -28 60]
[271 -26 86]
[271 -25 86]
[271 -27 86]
[271 -25 57]
[271 -26 57]
[271 -28 82]
[271 -25 87]
[272 -29 65]
[272 -29 82]
[272 -28 57]
[272 -28 58]
[272 -28 59]
[272 -30 66]
[272 -30 67]
[272 -28 83]
[272 -30 82]
[272 -30 81]
[272 -27 57]
[272 -30 74]
[272 -30 71]
[272 -30 70]
[272 -29 61]
[272 -29 62]
[272 -29 59]
[272 -29 60]
[272 -30 73]
[272 -30 72]
[272 -28 85]
[272 -30 78]
[272 -30 68]
[272 -28 84]
[272 -24 56]
[272 -25 56]
[272 -29 63]
[272 -30 69]
[272 -30 76]
[272 -30 77]
[272 -24 87]
[272 -5 100]
[272 -30 63]
[272 -30 79]
[273 -25 55]
[273 -30 61]
[273 -31 71]
[273 -31 70]
[273 -31 72]
[273 -31 82]
[273 -30 80]
[273 -31 81]
[273 -29 58]
[273 -29 57]
[273 -26 56]
[273 -30 64]
[273 -29 83]
[273 -30 62]
[273 -31 64]
[273 -31 63]
[273 -31 75]
[273 -31 77]
[273 -31 80]
[273 -31 83]
[273 -30 83]
[273 -31 74]
[273 -31 73]
[273 -30 75]
[273 -29 85]
[273 -29 84]
[273 -6 100]
[273 -4 100]
[273 -4 101]
[273 -31 66]
[273 -31 67]
[273 -30 59]
[273 -31 78]
[273 -31 69]
[273 -30 58]
[273 -30 60]
[273 -23 88]
[273 -31 68]
[274 -32 79]
[274 -32 81]
[274 -32 82]
[274 -27 55]
[274 -27 56]
[274 -32 72]
[274 -32 73]
[274 -32 70]
[274 -32 66]
[274 -31 65]
[274 -30 84]
[274 -30 56]
[274 -28 56]
[274 -30 57]
[274 -23 87]
[274 -22 87]
[274 -32 68]
[274 -26 55]
[274 -5 101]
[274 -32 69]
[274 -31 61]
[274 -31 59]
[274 -31 60]
[274 -30 85]
[274 -32 83]
[274 -32 64]
[274 -3 99]
[274 -31 76]
[274 -32 76]
[274 -32 78]
[274 -32 77]
[274 -32 71]
[274 -30 65]
[274 -3 101]
[274 -3 100]
[274 -31 84]
[274 -32 63]
[274 -31 62]
[274 -32 67]
[274 -32 75]
[275 -32 61]
[275 -33 83]
[275 -32 84]
[275 -29 55]
[275 -29 56]
[275 -21 88]
[275 -22 88]
[275 -2 102]
[275 -4 102]
[275 -5 102]
[275 -32 62]
[275 -33 62]
[275 -33 72]
[275 -33 74]
[275 -33 73]
[275 -33 82]
[275 -32 80]
[275 -33 68]
[275 -33 76]
[275 -33 77]
[275 -33 69]
[275 -32 60]
[275 -32 65]
[275 -33 67]
[275 -33 66]
[275 -33 63]
[275 -33 64]
[275 -33 65]
[275 -33 79]
[275 -33 78]
[275 -2 101]
[275 -2 100]
[275 -2 99]
[275 -31 58]
[275 -33 70]
[275 -31 85]
[276 -33 61]
[276 -28 55]
[276 -33 84]
[276 -32 74]
[276 -34 74]
[276 -34 73]
[276 -33 75]
[276 -34 77]
[276 -34 67]
[276 -34 68]
[276 -33 60]
[276 -32 85]
[276 -34 72]
[276 -34 79]
[276 -34 80]
[276 -34 62]
[276 -34 63]
[276 -2 103]
[276 -3 102]
[276 -34 71]
[276 -33 71]
[276 -33 80]
[276 -6 103]
[276 -5 103]
[276 -32 59]
[276 -34 78]
[276 -34 65]
[276 -1 101]
[276 -34 64]
[276 -33 81]
[276 -34 81]
[276 -34 66]
[276 -1 102]
[276 -20 89]
[277 0 100]
[277 0 102]
[277 0 101]
[277 -35 80]
[277 -35 72]
[277 -35 70]
[277 -35 71]
[277 -35 66]
[277 -35 68]
[277 -35 67]
[277 -34 83]
[277 -34 61]
[277 -33 58]
[277 -33 59]
[277 -4 103]
[277 -5 104]
[277 -34 75]
[277 -35 73]
[277 -35 74]
[277 -35 78]
[277 -34 76]
[277 -35 77]
[277 -20 88]
[277 -19 89]
[277 -6 104]
[277 -7 102]
[277 -6 102]
[277 -7 103]
[277 -34 82]
[277 -35 63]
[277 -35 62]
[277 -35 64]
[277 -3 104]
[277 -3 103]
[277 -35 79]
[277 -35 82]
[277 -35 81]
[278 -1 103]
[278 1 102]
[278 -36 64]
[278 -36 65]
[278 -36 70]
[278 -36 63]
[278 -36 77]
[278 -36 79]
[278 -36 78]
[278 -3 105]
[278 -4 104]
[278 -4 105]
[278 -36 62]
[278 -36 80]
[278 -36 81]
[278 -7 104]
[278 -35 75]
[278 -35 76]
[278 -36 73]
[278 -34 70]
[278 -34 69]
[278 -35 83]
[278 -36 83]
[278 -5 105]
[278 0 99]
[278 1 101]
[278 1 99]
[278 -8 103]
[278 -36 66]
[278 -36 67]
[278 -36 76]
[278 -35 60]
[278 -34 60]
[278 -34 59]
[278 -36 72]
[278 -36 74]
[278 1 100]
[278 -36 82]
[278 -36 68]
[279 -37 64]
[279 -37 73]
[279 -37 71]
[279 -37 72]
[279 -36 71]
[279 -37 79]
[279 -37 77]
[279 -6 105]
[279 -5 106]
[279 -35 69]
[279 -37 82]
[279 -36 84]
[279 -35 84]
[279 -37 83]
[279 -35 65]
[279 -37 63]
[279 -8 104]
[279 -3 106]
[279 -4 106]
[279 -37 66]
[279 -34 84]
[279 -36 69]
[279 -37 69]
[279 -37 81]
[279 -35 61]
[279 -36 59]
[279 -36 61]
[279 -35 58]
[279 -2 106]
[279 -37 78]
[279 -2 104]
[279 -1 104]
[279 0 103]
[279 -37 65]
[279 2 103]
[279 1 103]
[279 -36 75]
[279 -37 76]
[279 -37 75]
[280 -37 74]
[280 -4 107]
[280 -38 81]
[280 -38 82]
[280 -37 68]
[280 -38 70]
[280 -37 70]
[280 -35 57]
[280 -38 65]
[280 -38 64]
[280 -38 78]
[280 -38 80]
[280 -37 80]
[280 -38 74]
[280 -38 75]
[280 -38 76]
[280 -38 73]
[280 1 104]
[280 2 104]
[280 -35 59]
[280 -36 58]
[280 -37 67]
[280 -38 66]
[280 -38 67]
[280 -3 107]
[280 -1 105]
[280 -2 105]
[280 -38 77]
[280 -38 72]
[280 -38 71]
[280 0 104]
[280 -8 105]
[280 -37 62]
[280 -37 60]
[280 -36 60]
[280 -37 84]
[280 -38 62]
[280 3 103]
[280 -38 79]
[281 -39 65]
[281 -39 64]
[281 0 105]
[281 -39 80]
[281 -39 70]
[281 2 105]
[281 1 105]
[281 -37 61]
[281 -38 61]
[281 -34 58]
[281 -39 81]
[281 -38 83]
[281 -38 63]
[281 -1 106]
[281 -39 71]
[281 -38 69]
[281 -39 73]
[281 -37 57]
[281 -37 58]
[281 -3 108]
[281 -2 108]
[281 -2 107]
[281 -38 68]
[281 -38 59]
[281 -39 63]
[281 -39 62]
[281 -39 67]
[281 -39 68]
[281 -39 72]
[281 -9 105]
[281 -9 106]
[281 -39 75]
[281 -39 77]
[281 -5 108]
[282 -40 76]
[282 -39 82]
[282 -40 74]
[282 -40 73]
[282 -38 60]
[282 -39 60]
[282 -39 61]
[282 -40 68]
[282 -40 69]
[282 -39 66]
[282 -40 65]
[282 -38 58]
[282 -1 107]
[282 0 107]
[282 0 106]
[282 -37 59]
[282 -36 57]
[282 -40 72]
[282 -40 71]
[282 -39 69]
[282 -40 63]
[282 -37 56]
[282 -38 57]
[282 -5 109]
[282 -39 79]
[282 -40 66]
[282 -1 108]
[282 -4 108]
[282 3 104]
[282 -40 62]
[282 -40 64]
[282 -40 77]
[282 -39 76]
[283 -38 56]
[283 -39 58]
[283 -41 64]
[283 -41 65]
[283 -41 63]
[283 -39 74]
[283 -40 60]
[283 -40 61]
[283 -41 62]
[283 -41 73]
[283 -41 75]
[283 -6 108]
[283 -4 109]
[283 -4 110]
[283 -41 77]
[283 -41 72]
[283 -40 67]
[283 -39 59]
[283 0 108]
[283 -2 109]
[283 0 109]
[283 -41 67]
[283 -41 71]
[283 -40 70]
[283 -41 70]
[283 1 106]
[283 1 107]
[283 -5 107]
[283 -41 68]
[283 -39 78]
[283 -41 76]
[283 -41 78]
[283 3 105]
[283 -41 66]
[284 -42 74]
[284 -42 72]
[284 -42 73]
[284 -2 110]
[284 -41 61]
[284 -42 78]
[284 -42 62]
[284 -42 63]
[284 3 106]
[284 2 106]
[284 -42 67]
[284 -41 69]
[284 -42 71]
[284 1 108]
[284 2 107]
[284 -42 68]
[284 -42 64]
[284 1 109]
[284 1 110]
[284 0 110]
[284 -1 110]
[284 -42 76]
[284 -42 75]
[284 -42 77]
[284 -42 66]
[284 -42 65]
[284 -40 59]
[284 -40 58]
[284 -42 61]
[284 -38 55]
[284 -39 55]
[284 -39 57]
[284 -3 110]
[284 -3 109]
[285 -42 69]
[285 -43 72]
[285 -43 73]
[285 -43 71]
[285 -39 56]
[285 -43 76]
[285 -43 77]
[285 -41 60]
[285 -41 59]
[285 -43 62]
[285 -43 63]
[285 -43 61]
[285 -41 58]
[285 -43 68]
[285 -42 60]
[285 -3 111]
[285 -42 70]
[285 -43 70]
[285 2 110]
[285 2 109]
[285 2 108]
[285 -41 74]
[285 -43 74]
[285 1 111]
[285 2 111]
[285 0 111]
[285 -1 111]
[285 -1 109]
[285 -43 60]
[285 -43 65]
[285 -2 111]
[285 -43 67]
[285 -43 75]
[286 -44 76]
[286 -1 112]
[286 -42 59]
[286 2 112]
[286 -2 112]
[286 -44 75]
[286 -44 72]
[286 -43 64]
[286 -43 59]
[286 -44 62]
[286 -44 69]
[286 -43 69]
[286 -44 67]
[286 -44 59]
[286 -44 60]
[286 -44 68]
[286 -44 66]
[286 -43 66]
[286 1 112]
[286 -44 64]
[286 -44 63]
[286 -44 70]
[286 -40 57]
[286 -40 56]
[286 -42 57]
[286 -41 57]
[287 -44 73]
[287 -45 72]
[287 -45 71]
[287 -44 71]
[287 -45 69]
[287 3 113]
[287 1 113]
[287 -43 56]
[287 -43 58]
[287 -42 58]
[287 -45 58]
[287 2 113]
[287 0 112]
[287 -45 65]
[287 -45 68]
[287 -45 67]
[287 -44 65]
[287 -45 64]
[287 -41 56]
[287 -42 56]
[287 -44 58]
[287 -40 55]
[287 -41 55]
[287 -45 62]
[287 -44 61]
[287 -45 63]
[287 -1 113]
[287 -45 66]
[287 -2 113]
[287 0 113]
[287 -45 76]
[288 -40 54]
[288 -42 54]
[288 -41 54]
[288 -45 59]
[288 -43 57]
[288 -46 63]
[288 1 114]
[288 -46 66]
[288 -46 67]
[288 -45 70]
[288 -45 75]
[288 2 114]
[288 -46 64]
[288 -46 65]
[288 -42 55]
[288 -46 70]
[288 -46 68]
[288 -3 113]
[288 -44 57]
[288 -43 55]
[288 -45 57]
[288 -46 57]
[288 -2 114]
[288 0 114]
[288 -46 71]
[288 -45 73]
[288 -46 72]
[288 -46 62]
[289 -47 63]
[289 -47 65]
[289 -47 64]
[289 -4 113]
[289 -3 114]
[289 -1 114]
[289 -1 115]
[289 -46 69]
[289 -47 71]
[289 -47 67]
[289 -45 74]
[289 -44 74]
[289 -47 66]
[289 -47 72]
[289 -46 73]
[289 -47 62]
[289 -46 61]
[289 -45 61]
[289 -46 59]
[289 -46 58]
[289 0 115]
[289 -45 56]
[289 -44 56]
[289 -47 68]
[289 -47 70]
[289 -43 54]
[289 3 115]
[289 1 115]
[289 -47 58]
[289 -46 56]
[290 -2 115]
[290 -48 65]
[290 -48 67]
[290 -48 66]
[290 -48 71]
[290 -48 72]
[290 3 116]
[290 2 116]
[290 1 116]
[290 -1 116]
[290 -2 116]
[290 0 116]
[290 -48 63]
[290 -48 61]
[290 -47 61]
[290 -47 69]
[290 -48 68]
[290 -46 60]
[290 -46 55]
[290 -47 55]
[290 2 115]
[290 -48 64]
[290 -5 114]
[290 -4 114]
[290 -48 58]
[290 -42 53]
[290 -48 62]
[290 -47 59]
[290 -44 55]
[290 -45 60]
[290 -47 60]
[290 -48 69]
[291 -5 115]
[291 3 114]
[291 -49 67]
[291 -49 68]
[291 2 117]
[291 3 117]
[291 -48 55]
[291 -48 56]
[291 -47 56]
[291 -46 54]
[291 -48 54]
[291 -45 54]
[291 -49 66]
[291 -49 65]
[291 -49 62]
[291 -49 69]
[291 -3 116]
[291 -2 117]
[291 -1 117]
[291 -3 117]
[291 -49 64]
[291 -44 54]
[291 -48 60]
[291 -4 115]
[291 1 117]
[291 -49 63]
[291 -49 70]
[291 -49 72]
[291 0 117]
[291 -48 59]
[291 -49 73]
[291 -49 59]
[291 -49 57]
[291 -48 57]
[291 -48 70]
[291 -43 52]
[292 -3 115]
[292 -44 52]
[292 -44 53]
[292 -43 53]
[292 -49 58]
[292 -49 56]
[292 1 118]
[292 2 118]
[292 3 118]
[292 -49 60]
[292 -50 64]
[292 -50 62]
[292 -50 69]
[292 -50 70]
[292 -49 71]
[292 -50 71]
[292 -48 73]
[292 -48 74]
[292 -50 74]
[292 -4 117]
[292 -45 53]
[292 -46 53]
[292 0 118]
[292 -5 116]
[292 -6 116]
[292 -6 115]
[292 -4 116]
[292 -50 67]
[292 -45 55]
[292 -47 53]
[292 -50 66]
[292 -50 65]
[292 -49 61]
[292 -47 57]
[292 -49 55]
[292 -1 118]
[292 -50 61]
[292 -50 63]
[292 -49 53]
[292 -48 53]
[292 -50 72]
[292 -50 73]
[293 -47 52]
[293 -47 54]
[293 -48 52]
[293 -50 60]
[293 -50 68]
[293 -51 67]
[293 -51 73]
[293 -5 117]
[293 -7 116]
[293 2 119]
[293 3 119]
[293 -50 55]
[293 -50 57]
[293 -51 63]
[293 -51 72]
[293 -51 64]
[293 -51 69]
[293 -51 70]
[293 -51 68]
[293 -50 53]
[293 -49 54]
[293 -51 74]
[293 -49 74]
[293 1 119]
[293 -1 119]
[293 0 119]
[293 -45 52]
[293 -51 71]
[293 -50 58]
[293 -7 115]
[293 -47 73]
[293 -51 61]
[293 -51 66]
[294 -46 51]
[294 -52 67]
[294 -8 116]
[294 -8 115]
[294 -8 117]
[294 -50 56]
[294 -51 56]
[294 -52 71]
[294 -52 69]
[294 -51 60]
[294 -6 118]
[294 -6 117]
[294 -5 118]
[294 -4 118]
[294 -50 52]
[294 -51 53]
[294 -49 52]
[294 -52 64]
[294 -51 65]
[294 -52 65]
[294 -52 60]
[294 -52 61]
[294 -52 74]
[294 -52 73]
[294 0 120]
[294 -2 119]
[294 -2 120]
[294 -1 120]
[294 -52 70]
[294 -52 72]
[294 -52 68]
[294 -48 51]
[294 3 120]
[294 4 120]
[294 -52 62]
[294 -50 54]
[294 -51 55]
[294 -51 58]
[294 1 120]
[295 -3 118]
[295 -3 120]
[295 -2 121]
[295 -3 121]
[295 -3 119]
[295 -53 74]
[295 -53 73]
[295 -53 72]
[295 2 121]
[295 1 121]
[295 0 121]
[295 2 120]
[295 -53 62]
[295 -53 60]
[295 -51 54]
[295 -53 70]
[295 -1 121]
[295 -51 59]
[295 -50 59]
[295 -52 58]
[295 -7 117]
[295 -9 118]
[295 -7 118]
[295 -52 59]
[295 -52 66]
[295 -51 57]
[295 -52 54]
[295 -53 71]
[295 -47 50]
[295 -46 52]
[295 4 119]
[295 3 121]
[295 -5 119]
[295 -53 68]
[295 -53 69]
[295 -53 61]
[295 -53 63]
[295 -9 115]
[295 -53 65]
[295 -52 63]
[295 -53 64]
[295 -48 50]
[295 -49 50]
[295 -49 51]
[295 -51 51]
[295 -51 52]
[295 -52 53]
[295 -53 67]
[296 -2 122]
[296 -1 122]
[296 -52 52]
[296 -53 54]
[296 -2 118]
[296 -4 120]
[296 -4 119]
[296 -53 58]
[296 -53 59]
[296 1 122]
[296 -47 51]
[296 -54 73]
[296 -54 74]
[296 -10 119]
[296 -10 118]
[296 -10 117]
[296 -9 119]
[296 -8 118]
[296 -9 117]
[296 -53 53]
[296 -53 55]
[296 -54 62]
[296 -54 61]
[296 -54 59]
[296 -54 69]
[296 -52 50]
[296 -51 50]
[296 -50 50]
[296 -52 51]
[296 -50 51]
[296 -53 66]
[296 2 122]
[296 -3 122]
[296 -4 122]
[296 -4 121]
[296 -54 68]
[296 -54 72]
[296 -54 71]
[296 -51 62]
[296 -50 49]
[296 -48 49]
[296 -54 65]
[296 -54 64]
[296 -6 119]
[296 -8 119]
[296 -7 119]
[296 -54 66]
[296 -54 63]
[296 -45 51]
[297 -54 58]
[297 -55 58]
[297 -55 74]
[297 -55 73]
[297 -55 72]
[297 -55 64]
[297 -53 51]
[297 -53 57]
[297 -5 123]
[297 -3 123]
[297 -5 121]
[297 1 123]
[297 0 122]
[297 0 123]
[297 -46 50]
[297 -55 67]
[297 -55 69]
[297 -5 120]
[297 -54 55]
[297 -52 49]
[297 -55 68]
[297 -54 70]
[297 -4 123]
[297 -53 52]
[297 -55 62]
[297 -11 119]
[297 -11 118]
[297 -52 55]
[297 -53 56]
[297 -53 50]
[297 -55 66]
[297 -55 65]
[297 -51 49]
[297 -7 120]
[297 -8 120]
[297 -54 67]
[297 -55 60]
[297 -54 60]
[297 -1 123]
[297 -11 117]
[297 -9 120]
[297 -49 49]
[297 -51 48]
[297 -10 120]
[297 -9 116]
[297 -10 116]
[298 -10 121]
[298 -8 121]
[298 -12 116]
[298 -11 116]
[298 -12 118]
[298 -12 117]
[298 -55 59]
[298 -55 61]
[298 -55 70]
[298 -6 120]
[298 -6 121]
[298 -56 59]
[298 -56 67]
[298 -56 69]
[298 -10 115]
[298 -52 48]
[298 -53 48]
[298 -1 124]
[298 0 124]
[298 -52 56]
[298 -50 48]
[298 -55 54]
[298 -54 56]
[298 -2 124]
[298 -4 124]
[298 -9 121]
[298 -12 119]
[298 -56 60]
[298 -53 49]
[298 -54 50]
[298 -56 68]
[298 -56 65]
[298 -5 122]
[298 -6 122]
[298 -56 62]
[298 -56 61]
[298 -55 63]
[298 -55 71]
[298 -56 73]
[298 -11 115]
[298 -56 66]
[298 -55 57]
[298 -54 57]
[298 -5 124]
[298 -2 123]
[298 -54 51]
[298 -52 57]
[299 -55 56]
[299 -56 70]
[299 -7 121]
[299 -7 123]
[299 -55 52]
[299 -13 116]
[299 -13 115]
[299 -13 118]
[299 -13 120]
[299 -11 120]
[299 -13 119]
[299 -9 122]
[299 -6 124]
[299 -5 125]
[299 -56 63]
[299 -12 115]
[299 -55 55]
[299 -56 55]
[299 -56 54]
[299 -54 54]
[299 -56 58]
[299 -57 62]
[299 -57 61]
[299 -57 63]
[299 -57 60]
[299 -57 68]
[299 -56 71]
[299 -57 59]
[299 -57 58]
[299 -11 122]
[299 -10 122]
[299 -57 69]
[299 -3 124]
[299 -54 49]
[299 -56 74]
[299 -57 74]
[299 -6 123]
[299 -2 125]
[299 -3 125]
[299 -57 65]
[299 -7 122]
[299 -57 67]
[300 -12 121]
[300 -12 120]
[300 -14 120]
[300 -57 71]
[300 -57 70]
[300 -56 57]
[300 -8 122]
[300 -58 61]
[300 -58 59]
[300 -57 73]
[300 -58 60]
[300 -56 53]
[300 -58 68]
[300 -58 70]
[300 -14 115]
[300 -13 117]
[300 -14 116]
[300 -55 53]
[300 -57 55]
[300 -7 125]
[300 -7 124]
[300 -6 125]
[300 -58 66]
[300 -57 66]
[300 -57 64]
[300 -14 118]
[300 -14 119]
[300 -4 126]
[300 -9 123]
[300 -11 121]
[300 -12 123]
[300 -58 64]
[300 -10 123]
[300 -55 49]
[300 -56 72]
[300 -57 72]
[300 -8 123]
[300 -8 124]
[300 -58 63]
[300 -6 126]
[301 -5 126]
[301 -7 126]
[301 -59 64]
[301 -56 49]
[301 -59 67]
[301 -58 69]
[301 -59 65]
[301 -59 63]
[301 -58 65]
[301 -58 72]
[301 -58 73]
[301 -59 70]
[301 -15 115]
[301 -15 116]
[301 -57 56]
[301 -15 117]
[301 -59 61]
[301 -59 59]
[301 -58 74]
[301 -9 125]
[301 -13 121]
[301 -8 125]
[301 -58 58]
[301 -8 126]
[301 -14 117]
[301 -15 119]
[301 -15 121]
[301 -59 62]
[301 -58 62]
[301 -12 122]
[301 -13 122]
[301 -9 124]
[301 -10 124]
[301 -11 123]
[301 -11 124]
[301 -12 124]
[301 -13 124]
[301 -13 123]
[301 -58 67]
[302 -60 59]
[302 -16 117]
[302 -16 116]
[302 -57 57]
[302 -58 57]
[302 -59 72]
[302 -59 71]
[302 -58 71]
[302 -11 125]
[302 -10 126]
[302 -16 120]
[302 -60 65]
[302 -59 66]
[302 -16 114]
[302 -16 115]
[302 -60 68]
[302 -14 121]
[302 -14 122]
[302 -14 123]
[302 -4 125]
[302 -10 125]
[302 -60 63]
[302 -60 61]
[302 -59 75]
[302 -59 74]
[302 -14 124]
[302 -57 50]
[302 -14 125]
[302 -15 122]
[302 -16 121]
[302 -59 68]
[302 -59 69]
[302 -9 126]
[302 -58 56]
[302 -59 73]
[302 -60 64]
[302 -12 125]
[302 -60 60]
[302 -59 60]
[302 -60 62]
[303 -61 67]
[303 -61 69]
[303 -15 120]
[303 -17 114]
[303 -60 67]
[303 -60 66]
[303 -60 73]
[303 -60 74]
[303 -59 57]
[303 -59 58]
[303 -56 56]
[303 -61 64]
[303 -11 126]
[303 -15 123]
[303 -16 123]
[303 -12 126]
[303 -61 62]
[303 -61 61]
[303 -61 60]
[303 -61 59]
[303 -15 124]
[303 -61 63]
[303 -60 70]
[303 -15 125]
[303 -61 65]
[303 -14 126]
[303 -13 126]
[303 -15 126]
[303 -13 125]
[303 -17 115]
[303 -16 113]
[304 -16 125]
[304 -16 124]
[304 -61 72]
[304 -18 114]
[304 -61 68]
[304 -61 66]
[304 -17 124]
[304 -16 122]
[304 -17 122]
[304 -17 123]
[304 -17 112]
[304 -14 127]
[304 -15 127]
[304 -16 127]
[304 -62 65]
[304 -62 64]
[304 -60 75]
[304 -61 73]
[304 -61 74]
[304 -62 68]
[304 -62 69]
[304 -62 70]
[304 -61 70]
[304 -11 127]
[304 -13 127]
[304 -12 127]
[304 -62 63]
[304 -16 126]
[304 -62 61]
[304 -62 62]
[304 -60 57]
[304 -60 58]
[304 -62 60]
[304 -18 113]
[304 -17 113]
[304 -60 71]
[304 -60 69]
[305 -63 71]
[305 -63 69]
[305 -62 67]
[305 -63 59]
[305 -62 59]
[305 -63 60]
[305 -19 113]
[305 -15 128]
[305 -13 128]
[305 -61 58]
[305 -63 62]
[305 -63 61]
[305 -63 68]
[305 -62 71]
[305 -60 72]
[305 -61 71]
[305 -18 112]
[305 -17 126]
[305 -17 127]
[305 -17 125]
[305 -63 63]
[305 -63 65]
[305 -17 128]
[305 -16 128]
[305 -14 128]
[305 -61 57]
[305 -63 66]
[305 -63 64]
[305 -62 66]
[305 -10 127]
[305 -18 124]
[305 -17 111]
[305 -18 111]
[306 -63 70]
[306 -17 129]
[306 -62 72]
[306 -63 67]
[306 -64 63]
[306 -64 64]
[306 -64 62]
[306 -64 60]
[306 -16 129]
[306 -15 129]
[306 -64 65]
[306 -64 61]
[306 -64 59]
[306 -19 112]
[306 -62 58]
[306 -18 126]
[306 -18 125]
[306 -64 71]
[306 -64 68]
[306 -64 70]
[306 -18 128]
[306 -63 58]
[306 -19 123]
[306 -18 127]
[306 -64 67]
[306 -16 110]
[306 -17 110]
[306 -64 58]
[307 -18 123]
[307 -64 66]
[307 -65 60]
[307 -65 64]
[307 -65 62]
[307 -65 69]
[307 -64 69]
[307 -65 67]
[307 -16 111]
[307 -65 66]
[307 -65 65]
[307 -19 127]
[307 -62 57]
[307 -17 130]
[307 -18 130]
[307 -16 130]
[307 -18 129]
[307 -19 129]
[307 -65 63]
[307 -65 70]
[307 -63 73]
[307 -65 58]
[307 -19 125]
[307 -65 72]
[307 -64 72]
[307 -65 61]
[308 -66 61]
[308 -66 59]
[308 -65 59]
[308 -66 63]
[308 -66 62]
[308 -65 73]
[308 -66 72]
[308 -64 73]
[308 -19 124]
[308 -20 125]
[308 -19 126]
[308 -20 124]
[308 -20 126]
[308 -65 71]
[308 -66 69]
[308 -66 70]
[308 -15 110]
[308 -15 111]
[308 -65 68]
[308 -17 131]
[308 -16 131]
[308 -19 131]
[308 -18 131]
[308 -19 130]
[308 -20 127]
[308 -20 130]
[308 -19 128]
[308 -66 60]
[308 -63 72]
[309 -67 62]
[309 -19 132]
[309 -21 125]
[309 -21 126]
[309 -21 124]
[309 -20 129]
[309 -67 68]
[309 -67 70]
[309 -66 68]
[309 -67 63]
[309 -66 64]
[309 -20 123]
[309 -20 131]
[309 -21 130]
[309 -21 129]
[309 -14 110]
[309 -67 61]
[309 -67 60]
[309 -67 59]
[309 -67 71]
[309 -67 73]
[309 -14 111]
[309 -15 109]
[309 -66 71]
[309 -67 69]
[309 -20 128]
[309 -21 128]
[309 -66 74]
[310 -68 59]
[310 -68 60]
[310 -68 61]
[310 -21 127]
[310 -22 128]
[310 -22 129]
[310 -13 110]
[310 -68 68]
[310 -67 67]
[310 -68 67]
[310 -66 67]
[310 -68 70]
[310 -68 69]
[310 -22 124]
[310 -22 125]
[310 -68 63]
[310 -22 130]
[310 -67 74]
[310 -67 72]
[310 -19 122]
[310 -20 122]
[310 -21 122]
[310 -21 123]
[310 -22 127]
[310 -22 131]
[310 -66 65]
[310 -67 64]
[310 -68 62]
[310 -68 72]
[310 -68 73]
[310 -68 74]
[310 -21 131]
[310 -13 109]
[310 -14 109]
[311 -66 66]
[311 -12 110]
[311 -12 109]
[311 -22 122]
[311 -22 123]
[311 -69 61]
[311 -69 63]
[311 -14 108]
[311 -12 108]
[311 -23 131]
[311 -67 66]
[311 -20 132]
[311 -21 132]
[311 -22 132]
[311 -69 68]
[311 -69 67]
[311 -69 69]
[311 -69 71]
[311 -22 126]
[311 -23 124]
[311 -23 127]
[311 -23 128]
[311 -69 72]
[311 -68 71]
[311 -23 123]
[311 -23 125]
[311 -67 65]
[311 -68 64]
[311 -69 64]
[311 -69 60]
[311 -21 121]
[311 -23 129]
[311 -23 130]
[311 -66 73]
[311 -69 74]
[311 -69 73]
[311 -69 75]
[311 -69 58]
[311 -68 66]
[312 -24 129]
[312 -24 130]
[312 -70 65]
[312 -70 64]
[312 -69 57]
[312 -68 57]
[312 -70 57]
[312 -69 59]
[312 -70 58]
[312 -23 132]
[312 -23 133]
[312 -69 70]
[312 -68 65]
[312 -24 125]
[312 -24 123]
[312 -24 124]
[312 -23 122]
[312 -22 121]
[312 -70 73]
[312 -24 126]
[312 -24 132]
[312 -24 131]
[312 -69 66]
[312 -70 68]
[312 -11 109]
[312 -11 110]
[312 -69 62]
[312 -70 69]
[312 -70 67]
[312 -24 128]
[312 -70 71]
[312 -70 72]
[312 -24 122]
[312 -23 126]
[312 -24 127]
[312 -69 65]
[312 -11 108]
[312 -11 107]
[312 -70 60]
[312 -70 59]
[312 -70 61]
[313 -71 62]
[313 -70 62]
[313 -71 59]
[313 -24 133]
[313 -25 125]
[313 -25 127]
[313 -25 126]
[313 -71 58]
[313 -10 107]
[313 -10 108]
[313 -71 73]
[313 -22 120]
[313 -70 66]
[313 -71 69]
[313 -71 68]
[313 -71 66]
[313 -25 129]
[313 -25 130]
[313 -25 131]
[313 -25 132]
[313 -71 64]
[313 -25 124]
[313 -69 56]
[313 -68 56]
[313 -71 74]
[314 -72 74]
[314 -71 72]
[314 -72 58]
[314 -70 55]
[314 -70 56]
[314 -67 56]
[314 -67 55]
[314 -26 126]
[314 -26 124]
[314 -72 73]
[314 -70 75]
[314 -70 74]
[314 -72 70]
[314 -26 132]
[314 -26 130]
[314 -26 131]
[314 -10 109]
[314 -23 121]
[314 -23 120]
[314 -26 129]
[314 -72 66]
[314 -71 67]
[314 -72 65]
[314 -70 63]
[314 -72 64]
[314 -71 65]
[314 -71 63]
[314 -72 69]
[314 -72 67]
[314 -25 134]
[314 -26 128]
[314 -25 128]
[314 -72 60]
[314 -72 59]
[314 -72 61]
[314 -72 62]
[315 -27 127]
[315 -27 128]
[315 -27 129]
[315 -73 61]
[315 -73 59]
[315 -71 61]
[315 -71 60]
[315 -66 54]
[315 -66 55]
[315 -24 121]
[315 -24 120]
[315 -71 71]
[315 -73 60]
[315 -73 57]
[315 -25 123]
[315 -27 125]
[315 -27 131]
[315 -73 62]
[315 -9 109]
[315 -73 73]
[315 -73 74]
[315 -73 75]
[315 -72 75]
[315 -25 133]
[315 -73 65]
[315 -73 66]
[315 -70 54]
[315 -26 133]
[315 -26 134]
[315 -73 64]
[315 -72 63]
[315 -71 70]
[315 -73 68]
[315 -26 127]
[315 -72 71]
[315 -26 125]
[315 -27 126]
[316 -28 127]
[316 -28 125]
[316 -74 62]
[316 -73 63]
[316 -74 67]
[316 -74 66]
[316 -73 67]
[316 -73 72]
[316 -27 130]
[316 -28 130]
[316 -73 58]
[316 -74 58]
[316 -72 72]
[316 -74 60]
[316 -74 59]
[316 -10 110]
[316 -25 120]
[316 -25 122]
[316 -27 132]
[316 -74 74]
[316 -74 75]
[316 -28 128]
[316 -28 126]
[316 -74 68]
[316 -74 69]
[316 -65 54]
[316 -27 134]
[316 -71 75]
[316 -28 129]
[316 -26 123]
[316 -26 122]
[316 -74 63]
[316 -74 73]
[317 -29 128]
[317 -75 59]
[317 -74 61]
[317 -75 61]
[317 -75 67]
[317 -28 133]
[317 -75 75]
[317 -73 71]
[317 -25 121]
[317 -26 121]
[317 -26 120]
[317 -74 71]
[317 -74 72]
[317 -28 132]
[317 -27 133]
[317 -27 122]
[317 -75 62]
[317 -75 63]
[317 -29 131]
[317 -28 131]
[317 -29 129]
[317 -29 130]
[317 -75 58]
[317 -29 125]
[317 -29 127]
[317 -74 57]
[317 -73 69]
[317 -75 69]
[317 -75 74]
[317 -29 124]
[317 -27 124]
[317 -74 64]
[318 -75 60]
[318 -76 62]
[318 -76 60]
[318 -29 132]
[318 -29 133]
[318 -29 134]
[318 -28 134]
[318 -30 130]
[318 -30 129]
[318 -75 68]
[318 -76 66]
[318 -76 67]
[318 -75 66]
[318 -30 123]
[318 -30 125]
[318 -28 123]
[318 -73 70]
[318 -74 70]
[318 -72 68]
[318 -76 75]
[318 -74 56]
[318 -75 56]
[318 -76 69]
[318 -75 70]
[318 -76 59]
[318 -75 57]
[318 -76 57]
[318 -76 74]
[318 -27 121]
[318 -27 120]
[318 -28 122]
[318 -30 128]
[318 -75 65]
[318 -75 64]
[318 -29 126]
[318 -27 123]
[318 -30 127]
[318 -30 131]
[318 -27 119]
[318 -30 124]
[318 -30 126]
[318 -76 61]
[318 -76 63]
[318 -76 64]
[319 -76 58]
[319 -28 120]
[319 -76 56]
[319 -77 56]
[319 -77 58]
[319 -29 121]
[319 -29 122]
[319 -28 121]
[319 -77 69]
[319 -28 119]
[319 -77 74]
[319 -77 68]
[319 -77 60]
[319 -77 61]
[319 -77 59]
[319 -31 126]
[319 -31 125]
[319 -30 133]
[319 -74 65]
[319 -76 71]
[319 -31 123]
[319 -30 122]
[319 -31 124]
[319 -31 130]
[319 -31 129]
[319 -31 128]
[319 -77 65]
[319 -77 67]
[319 -76 65]
[319 -77 66]
[319 -77 62]
[319 -77 64]
[319 -31 127]
[319 -76 73]
[319 -75 73]
[319 -28 124]
[319 -77 63]
[319 -73 56]
[319 -74 55]
[319 -29 123]
[320 -78 68]
[320 -78 67]
[320 -32 127]
[320 -78 61]
[320 -76 70]
[320 -77 72]
[320 -76 72]
[320 -32 129]
[320 -32 128]
[320 -78 66]
[320 -78 64]
[320 -78 69]
[320 -78 70]
[320 -76 68]
[320 -32 122]
[320 -75 72]
[320 -32 125]
[320 -32 126]
[320 -78 57]
[320 -77 55]
[320 -73 54]
[320 -73 55]
[320 -78 58]
[320 -75 55]
[320 -77 75]
[320 -78 59]
[320 -32 123]
[320 -32 124]
[320 -78 65]
[320 -30 121]
[320 -30 120]
[320 -78 60]
[320 -29 120]
[320 -29 119]
[320 -78 63]
[320 -31 121]
[321 -78 56]
[321 -77 73]
[321 -29 118]
[321 -33 128]
[321 -33 126]
[321 -76 54]
[321 -33 127]
[321 -75 71]
[321 -79 57]
[321 -79 56]
[321 -79 58]
[321 -33 130]
[321 -79 69]
[321 -78 74]
[321 -78 75]
[321 -79 70]
[321 -79 67]
[321 -79 66]
[321 -79 59]
[321 -79 61]
[321 -79 62]
[321 -79 63]
[321 -78 71]
[321 -77 71]
[321 -31 122]
[321 -33 123]
[321 -74 54]
[321 -73 53]
[321 -33 122]
[321 -33 121]
[321 -33 129]
[321 -32 121]
[321 -79 64]
[321 -77 70]
[322 -80 58]
[322 -34 121]
[322 -34 122]
[322 -34 123]
[322 -34 127]
[322 -76 55]
[322 -76 53]
[322 -78 72]
[322 -79 72]
[322 -73 52]
[322 -74 53]
[322 -72 53]
[322 -72 52]
[322 -34 120]
[322 -80 62]
[322 -80 64]
[322 -77 57]
[322 -79 75]
[322 -78 73]
[322 -79 73]
[322 -33 120]
[322 -34 128]
[322 -34 130]
[322 -79 60]
[322 -78 62]
[322 -75 53]
[322 -75 54]
[322 -80 57]
[322 -79 74]
[322 -80 65]
[322 -80 66]
[322 -33 124]
[322 -79 68]
[322 -80 67]
[322 -34 125]
[322 -80 70]
[322 -80 68]
[322 -80 69]
[322 -80 59]
[322 -80 60]
[323 -81 66]
[323 -81 65]
[323 -81 64]
[323 -79 65]
[323 -81 59]
[323 -81 58]
[323 -35 121]
[323 -35 127]
[323 -35 126]
[323 -35 128]
[323 -79 71]
[323 -35 129]
[323 -34 129]
[323 -35 120]
[323 -35 122]
[323 -81 68]
[323 -77 52]
[323 -77 53]
[323 -34 124]
[323 -33 125]
[323 -75 52]
[323 -35 123]
[323 -81 67]
[323 -80 74]
[323 -80 73]
[323 -74 52]
[323 -76 52]
[323 -74 51]
[323 -81 63]
[323 -81 57]
[323 -35 130]
[323 -73 51]
[323 -81 70]
[323 -81 69]
[323 -80 61]
[323 -81 61]
[323 -81 62]
[324 -82 66]
[324 -82 67]
[324 -82 65]
[324 -82 64]
[324 -82 69]
[324 -82 68]
[324 -36 119]
[324 -36 120]
[324 -35 119]
[324 -82 70]
[324 -81 74]
[324 -81 75]
[324 -80 75]
[324 -76 51]
[324 -77 51]
[324 -78 52]
[324 -36 126]
[324 -36 125]
[324 -35 125]
[324 -36 127]
[324 -34 126]
[324 -80 72]
[324 -80 71]
[324 -36 130]
[324 -36 129]
[324 -80 63]
[324 -82 62]
[324 -36 122]
[324 -36 123]
[324 -35 124]
[324 -82 59]
[324 -82 58]
[324 -78 51]
[324 -82 57]
[324 -81 71]
[324 -82 71]
[324 -36 128]
[324 -81 72]
[324 -72 50]
[324 -72 51]
[324 -75 50]
[324 -82 61]
[325 -83 72]
[325 -82 72]
[325 -37 127]
[325 -37 126]
[325 -83 66]
[325 -83 64]
[325 -83 67]
[325 -83 65]
[325 -36 124]
[325 -37 119]
[325 -36 121]
[325 -37 120]
[325 -37 121]
[325 -82 73]
[325 -72 49]
[325 -73 49]
[325 -71 51]
[325 -37 129]
[325 -82 60]
[325 -83 59]
[325 -83 57]
[325 -36 118]
[325 -35 118]
[325 -76 49]
[325 -75 49]
[325 -74 50]
[325 -74 49]
[325 -76 50]
[325 -83 69]
[325 -81 76]
[325 -80 76]
[325 -78 50]
[325 -79 51]
[325 -82 63]
[325 -37 122]
[325 -82 75]
[325 -82 76]
[325 -83 70]
[325 -83 71]
[325 -37 128]
[325 -75 51]
[325 -81 60]
[325 -83 58]
[326 -83 73]
[326 -81 73]
[326 -84 71]
[326 -84 73]
[326 -84 72]
[326 -83 76]
[326 -82 74]
[326 -73 50]
[326 -74 48]
[326 -73 48]
[326 -35 117]
[326 -36 117]
[326 -37 125]
[326 -71 48]
[326 -38 130]
[326 -38 128]
[326 -77 50]
[326 -79 50]
[326 -84 70]
[326 -82 77]
[326 -83 75]
[326 -81 77]
[326 -38 119]
[326 -38 121]
[326 -84 59]
[326 -84 68]
[326 -84 69]
[326 -38 127]
[326 -38 129]
[326 -80 77]
[326 -83 61]
[326 -83 60]
[326 -38 123]
[326 -70 51]
[326 -70 52]
[326 -71 50]
[326 -70 50]
[326 -84 58]
[326 -84 65]
[326 -84 66]
[326 -75 48]
[326 -83 62]
[326 -83 63]
[326 -72 48]
[326 -77 48]
[326 -37 124]
[326 -84 64]
[326 -84 63]
[326 -37 118]
[326 -38 120]
[326 -38 122]
[327 -85 71]
[327 -85 59]
[327 -36 116]
[327 -83 74]
[327 -39 122]
[327 -37 123]
[327 -39 121]
[327 -39 128]
[327 -83 78]
[327 -82 78]
[327 -85 73]
[327 -78 47]
[327 -76 48]
[327 -84 62]
[327 -85 70]
[327 -85 69]
[327 -84 75]
[327 -84 76]
[327 -38 124]
[327 -39 119]
[327 -39 120]
[327 -84 61]
[327 -84 60]
[327 -85 65]
[327 -39 129]
[327 -83 68]
[327 -70 49]
[327 -71 49]
[327 -69 49]
[327 -35 116]
[327 -38 126]
[327 -38 125]
[327 -85 66]
[327 -85 67]
[327 -85 58]
[327 -76 47]
[327 -75 47]
[327 -74 47]
[327 -73 47]
[327 -38 131]
[327 -70 48]
[327 -85 64]
[327 -84 77]
[327 -83 77]
[327 -39 127]
[327 -72 47]
[327 -70 53]
[327 -71 52]
[327 -71 53]
[327 -78 49]
[327 -80 50]
[327 -80 49]
[328 -40 119]
[328 -86 64]
[328 -86 65]
[328 -86 66]
[328 -86 67]
[328 -85 68]
[328 -40 122]
[328 -72 46]
[328 -71 46]
[328 -80 48]
[328 -81 49]
[328 -79 49]
[328 -81 48]
[328 -86 74]
[328 -85 72]
[328 -84 74]
[328 -86 73]
[328 -86 72]
[328 -37 115]
[328 -74 46]
[328 -73 46]
[328 -81 50]
[328 -86 59]
[328 -86 60]
[328 -38 118]
[328 -40 120]
[328 -39 126]
[328 -39 124]
[328 -86 69]
[328 -86 68]
[328 -85 61]
[328 -85 75]
[328 -85 76]
[328 -39 125]
[328 -39 123]
[328 -85 60]
[328 -85 74]
[328 -75 46]
[328 -77 46]
[328 -76 46]
[328 -85 77]
[328 -86 70]
[328 -69 47]
[328 -79 48]
[328 -86 71]
[328 -69 48]
[328 -40 121]
[328 -36 115]
[328 -37 131]
[328 -37 130]
[328 -40 128]
[328 -40 126]
[328 -40 127]
[328 -40 129]
[328 -84 67]
[328 -78 48]
[328 -79 47]
[329 -87 68]
[329 -87 69]
[329 -41 120]
[329 -40 118]
[329 -38 114]
[329 -37 114]
[329 -38 116]
[329 -38 115]
[329 -37 116]
[329 -80 47]
[329 -86 61]
[329 -40 124]
[329 -87 72]
[329 -87 71]
[329 -70 47]
[329 -70 46]
[329 -68 46]
[329 -78 46]
[329 -79 46]
[329 -87 61]
[329 -87 60]
[329 -76 45]
[329 -77 45]
[329 -77 47]
[329 -86 77]
[329 -86 76]
[329 -82 49]
[329 -36 132]
[329 -78 45]
[329 -81 51]
[329 -72 45]
[329 -71 47]
[329 -71 45]
[329 -41 127]
[329 -75 45]
[329 -40 123]
[329 -41 126]
[329 -41 125]
[329 -86 63]
[329 -85 63]
[329 -87 63]
[329 -87 64]
[329 -70 45]
[329 -74 45]
[329 -73 45]
[329 -41 121]
[329 -87 73]
[329 -86 62]
[329 -68 48]
[329 -86 75]
[329 -87 74]
[329 -87 75]
[329 -39 118]
[330 -42 125]
[330 -88 73]
[330 -42 126]
[330 -41 124]
[330 -41 122]
[330 -87 76]
[330 -87 77]
[330 -82 48]
[330 -83 50]
[330 -70 44]
[330 -37 113]
[330 -88 76]
[330 -39 114]
[330 -39 116]
[330 -88 63]
[330 -74 44]
[330 -76 44]
[330 -75 44]
[330 -68 47]
[330 -81 47]
[330 -81 46]
[330 -80 46]
[330 -85 62]
[330 -41 119]
[330 -40 125]
[330 -41 123]
[330 -88 70]
[330 -88 61]
[330 -38 113]
[330 -38 117]
[330 -87 70]
[330 -88 71]
[330 -69 44]
[330 -69 46]
[330 -37 132]
[330 -36 131]
[330 -42 122]
[330 -77 44]
[330 -87 65]
[330 -88 64]
[330 -40 117]
[330 -73 44]
[330 -72 44]
[330 -71 44]
[330 -69 45]
[330 -68 45]
[330 -88 72]
[330 -87 62]
[330 -39 117]
[330 -37 117]
[330 -39 115]
[330 -78 44]
[331 -82 51]
[331 -83 49]
[331 -40 114]
[331 -40 113]
[331 -39 113]
[331 -41 117]
[331 -41 116]
[331 -89 64]
[331 -89 63]
[331 -89 65]
[331 -37 112]
[331 -43 125]
[331 -73 43]
[331 -71 43]
[331 -78 43]
[331 -79 43]
[331 -77 43]
[331 -79 45]
[331 -82 46]
[331 -82 47]
[331 -80 45]
[331 -42 123]
[331 -43 124]
[331 -43 126]
[331 -42 124]
[331 -88 77]
[331 -41 118]
[331 -42 119]
[331 -42 118]
[331 -42 120]
[331 -87 78]
[331 -88 78]
[331 -89 69]
[331 -88 69]
[331 -89 70]
[331 -88 62]
[331 -89 62]
[331 -83 48]
[331 -40 116]
[331 -40 115]
[331 -74 43]
[331 -70 43]
[331 -43 122]
[331 -42 121]
[331 -67 46]
[331 -89 77]
[331 -89 75]
[331 -81 45]
[331 -87 66]
[331 -67 45]
[331 -68 44]
[331 -76 43]
[331 -72 43]
[332 -41 115]
[332 -41 114]
[332 -88 66]
[332 -88 67]
[332 -87 67]
[332 -78 42]
[332 -43 123]
[332 -83 47]
[332 -43 121]
[332 -43 120]
[332 -90 63]
[332 -90 62]
[332 -89 76]
[332 -42 116]
[332 -42 117]
[332 -72 42]
[332 -90 78]
[332 -74 42]
[332 -90 70]
[332 -90 69]
[332 -90 68]
[332 -88 68]
[332 -89 68]
[332 -70 42]
[332 -69 42]
[332 -71 42]
[332 -90 64]
[332 -84 48]
[332 -84 50]
[332 -84 49]
[332 -82 45]
[332 -83 45]
[332 -83 46]
[332 -44 123]
[332 -87 79]
[332 -83 51]
[332 -82 50]
[332 -38 112]
[332 -39 112]
[332 -43 119]
[332 -43 118]
[332 -44 125]
[332 -81 44]
[332 -80 44]
[332 -75 43]
[332 -75 42]
[332 -77 42]
[332 -73 42]
[332 -41 113]
[332 -79 42]
[332 -80 43]
[332 -79 44]
[332 -84 47]
[332 -89 71]
[332 -67 43]
[332 -90 75]
[332 -44 121]
[333 -42 115]
[333 -71 41]
[333 -72 41]
[333 -70 41]
[333 -90 67]
[333 -89 67]
[333 -85 50]
[333 -91 71]
[333 -44 120]
[333 -44 119]
[333 -40 112]
[333 -42 114]
[333 -42 113]
[333 -41 112]
[333 -38 111]
[333 -73 41]
[333 -74 41]
[333 -67 44]
[333 -68 43]
[333 -66 44]
[333 -67 42]
[333 -43 117]
[333 -44 117]
[333 -91 69]
[333 -44 122]
[333 -45 120]
[333 -84 44]
[333 -84 45]
[333 -82 44]
[333 -83 44]
[333 -84 46]
[333 -90 71]
[333 -44 124]
[333 -45 124]
[333 -88 79]
[333 -87 80]
[333 -86 80]
[333 -78 41]
[333 -76 42]
[333 -45 123]
[333 -91 65]
[333 -91 64]
[333 -90 79]
[333 -85 47]
[333 -77 41]
[333 -79 41]
[333 -91 63]
[333 -85 49]
[333 -81 43]
[333 -81 42]
[333 -89 66]
[333 -88 65]
[333 -39 111]
[333 -69 41]
[333 -68 41]
[333 -80 41]
[333 -91 68]
[334 -73 40]
[334 -75 41]
[334 -91 70]
[334 -91 67]
[334 -45 121]
[334 -87 81]
[334 -86 81]
[334 -78 40]
[334 -80 42]
[334 -85 48]
[334 -86 48]
[334 -92 64]
[334 -44 116]
[334 -43 116]
[334 -44 118]
[334 -89 80]
[334 -89 79]
[334 -68 42]
[334 -45 119]
[334 -83 43]
[334 -85 44]
[334 -85 45]
[334 -84 43]
[334 -67 40]
[334 -68 40]
[334 -86 47]
[334 -82 43]
[334 -88 80]
[334 -89 78]
[334 -38 110]
[334 -85 46]
[334 -42 112]
[334 -42 111]
[334 -40 110]
[334 -90 66]
[334 -66 43]
[334 -66 41]
[334 -92 65]
[334 -92 66]
[334 -81 41]
[334 -79 40]
[334 -81 40]
[334 -43 112]
[334 -43 114]
[334 -92 63]
[334 -45 122]
[334 -74 40]
[334 -69 40]
[334 -40 111]
[334 -41 111]
[335 -37 109]
[335 -38 109]
[335 -39 109]
[335 -39 110]
[335 -85 43]
[335 -65 42]
[335 -65 41]
[335 -66 42]
[335 -65 40]
[335 -87 47]
[335 -91 66]
[335 -43 110]
[335 -83 42]
[335 -84 42]
[335 -42 110]
[335 -93 64]
[335 -72 40]
[335 -46 122]
[335 -77 40]
[335 -78 39]
[335 -79 39]
[335 -77 39]
[335 -85 80]
[335 -87 82]
[335 -44 112]
[335 -86 45]
[335 -75 40]
[335 -73 39]
[335 -74 39]
[335 -86 44]
[335 -86 46]
[335 -46 119]
[335 -46 120]
[335 -67 39]
[335 -66 40]
[335 -45 118]
[335 -44 114]
[335 -45 115]
[335 -45 116]
[335 -45 117]
[335 -76 41]
[335 -86 49]
[335 -80 40]
[335 -80 39]
[335 -43 111]
[335 -43 113]
[335 -90 80]
[335 -82 39]
[335 -82 40]
[335 -82 41]
[335 -82 42]
[335 -86 82]
[335 -88 81]
[335 -44 115]
[335 -69 43]
[335 -67 41]
[335 -41 109]
[335 -40 109]
[335 -46 121]
[336 -47 120]
[336 -47 118]
[336 -41 108]
[336 -78 38]
[336 -88 47]
[336 -42 109]
[336 -41 110]
[336 -81 38]
[336 -83 40]
[336 -82 38]
[336 -81 39]
[336 -72 39]
[336 -87 45]
[336 -87 46]
[336 -87 44]
[336 -73 38]
[336 -90 65]
[336 -88 82]
[336 -83 41]
[336 -93 65]
[336 -46 116]
[336 -84 41]
[336 -66 39]
[336 -89 81]
[336 -40 108]
[336 -39 108]
[336 -38 108]
[336 -47 122]
[336 -87 83]
[336 -43 109]
[336 -44 110]
[336 -45 113]
[336 -45 114]
[336 -36 108]
[336 -46 117]
[336 -46 118]
[336 -42 108]
[336 -44 113]
[336 -84 81]
[336 -46 123]
[336 -47 121]
[336 -76 40]
[336 -76 39]
[336 -75 39]
[336 -45 111]
[336 -45 112]
[336 -44 111]
[336 -87 43]
[336 -86 43]
[336 -90 81]
[336 -85 42]
[336 -80 38]
[336 -79 38]
[336 -74 38]
[337 -80 37]
[337 -47 115]
[337 -47 116]
[337 -47 117]
[337 -46 115]
[337 -83 82]
[337 -85 81]
[337 -84 82]
[337 -86 83]
[337 -86 84]
[337 -88 83]
[337 -87 84]
[337 -47 119]
[337 -39 107]
[337 -40 107]
[337 -46 112]
[337 -46 113]
[337 -45 110]
[337 -88 45]
[337 -65 39]
[337 -75 38]
[337 -46 111]
[337 -46 110]
[337 -86 42]
[337 -37 107]
[337 -79 37]
[337 -81 37]
[337 -38 107]
[337 -37 108]
[337 -83 39]
[337 -82 37]
[337 -48 118]
[337 -48 119]
[337 -72 38]
[337 -72 37]
[337 -88 46]
[337 -88 43]
[337 -88 42]
[337 -87 42]
[337 -87 48]
[337 -47 123]
[337 -48 123]
[337 -48 121]
[337 -48 120]
[337 -43 108]
[338 -47 114]
[338 -47 124]
[338 -84 83]
[338 -83 83]
[338 -47 110]
[338 -82 83]
[338 -80 36]
[338 -82 36]
[338 -84 40]
[338 -83 38]
[338 -84 38]
[338 -87 85]
[338 -85 83]
[338 -85 84]
[338 -73 37]
[338 -38 106]
[338 -39 106]
[338 -89 42]
[338 -85 41]
[338 -48 116]
[338 -48 115]
[338 -36 107]
[338 -37 106]
[338 -89 43]
[338 -46 114]
[338 -78 36]
[338 -78 37]
[338 -79 36]
[338 -45 109]
[338 -46 109]
[338 -49 122]
[338 -49 120]
[338 -48 124]
[338 -49 119]
[338 -89 45]
[338 -88 41]
[338 -86 41]
[338 -87 41]
[338 -49 118]
[338 -74 37]
[338 -40 106]
[338 -85 82]
[338 -47 111]
[338 -47 113]
[338 -47 112]
[339 -86 40]
[339 -88 40]
[339 -84 39]
[339 -85 39]
[339 -85 40]
[339 -81 36]
[339 -80 35]
[339 -81 35]
[339 -79 35]
[339 -50 118]
[339 -50 120]
[339 -48 112]
[339 -75 36]
[339 -73 36]
[339 -77 36]
[339 -85 37]
[339 -84 37]
[339 -85 38]
[339 -83 84]
[339 -82 84]
[339 -72 36]
[339 -86 85]
[339 -86 86]
[339 -88 84]
[339 -78 35]
[339 -49 115]
[339 -89 44]
[339 -90 42]
[339 -90 44]
[339 -50 122]
[339 -50 123]
[339 -89 46]
[339 -84 84]
[339 -49 121]
[339 -49 116]
[339 -48 117]
[339 -36 106]
[339 -35 107]
[339 -89 41]
[339 -50 117]
[339 -49 117]
[339 -82 35]
[339 -48 111]
[339 -77 37]
[339 -77 35]
[340 -79 34]
[340 -90 43]
[340 -86 38]
[340 -86 39]
[340 -50 115]
[340 -83 36]
[340 -85 36]
[340 -84 36]
[340 -50 116]
[340 -51 117]
[340 -77 34]
[340 -76 36]
[340 -78 34]
[340 -74 35]
[340 -74 36]
[340 -73 35]
[340 -82 85]
[340 -51 122]
[340 -51 123]
[340 -87 86]
[340 -48 122]
[340 -34 107]
[340 -77 38]
[340 -81 34]
[340 -82 34]
[340 -85 85]
[340 -83 85]
[340 -86 37]
[340 -87 40]
[340 -76 35]
[340 -75 37]
[340 -76 37]
[340 -75 35]
[340 -51 119]
[340 -51 118]
[340 -90 41]
[340 -84 85]
[340 -83 35]
[340 -50 119]
[340 -51 121]
[340 -85 86]
[340 -86 87]
[341 -87 39]
[341 -52 117]
[341 -75 34]
[341 -77 33]
[341 -78 33]
[341 -76 33]
[341 -76 34]
[341 -52 123]
[341 -52 122]
[341 -79 33]
[341 -82 33]
[341 -50 121]
[341 -80 33]
[341 -86 35]
[341 -84 35]
[341 -85 35]
[341 -83 37]
[341 -83 86]
[341 -82 86]
[341 -73 34]
[341 -72 35]
[341 -72 34]
[341 -35 106]
[341 -34 108]
[341 -84 86]
[341 -91 40]
[341 -90 40]
[341 -51 120]
[341 -83 34]
[341 -87 38]
[341 -85 87]
[341 -87 87]
[341 -87 37]
[341 -52 118]
[341 -52 119]
[341 -51 116]
[341 -51 115]
[341 -51 114]
[341 -52 120]
[341 -74 34]
[342 -90 39]
[342 -91 39]
[342 -52 115]
[342 -87 34]
[342 -86 34]
[342 -87 36]
[342 -87 35]
[342 -85 34]
[342 -86 36]
[342 -53 118]
[342 -52 116]
[342 -53 117]
[342 -79 32]
[342 -80 34]
[342 -84 33]
[342 -83 33]
[342 -81 33]
[342 -81 32]
[342 -84 87]
[342 -75 33]
[342 -74 33]
[342 -73 33]
[342 -88 37]
[342 -53 119]
[342 -86 88]
[342 -84 88]
[342 -81 87]
[342 -77 32]
[342 -75 32]
[342 -53 122]
[342 -52 121]
[342 -83 87]
[342 -88 38]
[342 -88 39]
[342 -53 120]
[342 -50 114]
[343 -54 118]
[343 -54 117]
[343 -54 120]
[343 -72 32]
[343 -86 89]
[343 -85 89]
[343 -74 32]
[343 -73 32]
[343 -82 32]
[343 -53 116]
[343 -80 31]
[343 -78 32]
[343 -78 31]
[343 -83 32]
[343 -84 34]
[343 -85 33]
[343 -85 32]
[343 -90 38]
[343 -89 40]
[343 -89 39]
[343 -85 88]
[343 -83 89]
[343 -88 36]
[343 -54 119]
[343 -86 33]
[343 -53 121]
[343 -91 38]
[343 -76 32]
[343 -82 87]
[343 -80 88]
[343 -83 88]
[343 -54 121]
[343 -53 123]
[343 -88 34]
[343 -89 37]
[343 -82 88]
[343 -84 32]
[343 -51 113]
[343 -74 31]
[343 -75 31]
[343 -89 38]
[343 -88 33]
[343 -81 31]
[343 -82 31]
[344 -73 31]
[344 -84 89]
[344 -89 36]
[344 -89 35]
[344 -82 30]
[344 -83 30]
[344 -77 31]
[344 -79 30]
[344 -79 31]
[344 -90 37]
[344 -81 89]
[344 -82 89]
[344 -81 88]
[344 -80 89]
[344 -89 34]
[344 -87 33]
[344 -83 31]
[344 -76 30]
[344 -75 30]
[344 -74 30]
[344 -55 118]
[344 -86 32]
[344 -85 90]
[344 -84 31]
[344 -88 35]
[344 -91 37]
[344 -53 115]
[344 -81 30]
[344 -80 30]
[344 -72 31]
[344 -72 33]
[345 -84 29]
[345 -82 29]
[345 -77 30]
[345 -80 90]
[345 -90 36]
[345 -74 29]
[345 -76 31]
[345 -76 29]
[345 -75 29]
[345 -91 36]
[345 -73 30]
[345 -84 30]
[345 -90 35]
[345 -90 34]
[345 -72 30]
[345 -77 29]
[345 -78 30]
[345 -80 32]
[345 -90 33]
[345 -85 30]
[345 -85 31]
[345 -84 90]
[345 -83 90]
[345 -54 116]
[345 -82 90]
[346 -91 33]
[346 -91 32]
[346 -89 33]
[346 -78 29]
[346 -79 29]
[346 -85 29]
[346 -86 29]
[346 -86 31]
[346 -75 28]
[346 -85 91]
[346 -55 117]
[346 -83 29]
[346 -74 28]
[346 -81 90]
[346 -91 35]
[346 -73 29]
[346 -91 34]
[346 -81 29]
[346 -82 28]
[346 -81 28]
[346 -72 29]
[346 -76 28]
[346 -78 28]
[347 -92 34]
[347 -92 35]
[347 -77 27]
[347 -76 27]
[347 -75 27]
[347 -74 27]
[347 -84 92]
[347 -85 92]
[347 -84 91]
[347 -79 28]
[347 -77 28]
[347 -72 28]
[347 -84 28]
[347 -86 30]
[347 -83 28]
[347 -80 91]
[347 -81 91]
[347 -82 91]
[347 -92 32]
[347 -90 32]
[347 -90 31]
[347 -92 33]
[347 -80 29]
[347 -80 27]
[347 -87 32]
[347 -86 28]
[347 -85 28]
[347 -89 32]
[348 -79 27]
[348 -80 28]
[348 -78 27]
[348 -83 27]
[348 -79 92]
[348 -80 92]
[348 -88 32]
[348 -89 31]
[348 -72 27]
[348 -85 93]
[348 -84 93]
[348 -78 26]
[348 -77 26]
[348 -76 26]
[348 -83 93]
[348 -82 92]
[348 -81 92]
[348 -85 27]
[348 -86 27]
[348 -87 28]
[348 -87 27]
[348 -93 32]
[348 -93 33]
[348 -87 31]
[348 -87 29]
[348 -87 30]
[348 -91 31]
[348 -92 31]
[348 -74 26]
[348 -83 91]
[348 -83 92]
[348 -81 27]
[348 -80 26]
[348 -79 26]
[349 -88 30]
[349 -88 29]
[349 -76 25]
[349 -77 25]
[349 -75 25]
[349 -88 31]
[349 -88 27]
[349 -78 25]
[349 -84 94]
[349 -83 94]
[349 -87 26]
[349 -88 28]
[349 -86 26]
[349 -88 26]
[349 -81 93]
[349 -80 93]
[349 -83 26]
[349 -82 26]
[349 -84 27]
[349 -84 26]
[349 -92 30]
[349 -82 93]
[349 -80 25]
[349 -90 30]
[349 -89 30]
[349 -73 27]
[349 -82 94]
[349 -93 30]
[349 -72 26]
[349 -93 31]
[349 -81 26]
[349 -85 26]
[350 -83 95]
[350 -82 27]
[350 -84 95]
[350 -82 95]
[350 -75 24]
[350 -75 26]
[350 -73 26]
[350 -73 28]
[350 -80 94]
[350 -90 29]
[350 -91 29]
[350 -89 29]
[350 -79 94]
[350 -82 25]
[350 -89 27]
[350 -89 28]
[350 -89 25]
[350 -89 26]
[350 -81 24]
[350 -93 29]
[350 -92 29]
[350 -86 25]
[350 -87 25]
[350 -73 25]
[350 -94 30]
[350 -84 25]
[350 -78 24]
[350 -79 24]
[350 -77 24]
[350 -83 25]
[351 -84 24]
[351 -83 24]
[351 -85 25]
[351 -85 24]
[351 -76 24]
[351 -76 23]
[351 -74 25]
[351 -79 23]
[351 -81 25]
[351 -90 28]
[351 -80 23]
[351 -80 24]
[351 -93 28]
[351 -94 29]
[351 -81 95]
[351 -81 96]
[351 -82 96]
[351 -81 94]
[351 -94 31]
[351 -84 96]
[351 -83 96]
[351 -90 26]
[351 -88 25]
[351 -90 24]
[351 -90 25]
[351 -79 25]
[351 -90 27]
[351 -78 95]
[351 -79 95]
[351 -78 94]
[351 -78 93]
[351 -79 93]
[351 -75 23]
[351 -92 28]
[351 -91 28]
[351 -91 30]
[351 -86 24]
[351 -87 24]
[351 -88 24]
[351 -72 25]
[352 -77 94]
[352 -77 95]
[352 -81 23]
[352 -91 26]
[352 -89 24]
[352 -91 24]
[352 -78 92]
[352 -77 93]
[352 -77 92]
[352 -76 22]
[352 -74 22]
[352 -74 24]
[352 -77 22]
[352 -88 23]
[352 -87 23]
[352 -86 23]
[352 -85 23]
[352 -91 27]
[352 -92 27]
[352 -93 27]
[352 -80 22]
[352 -85 95]
[352 -73 24]
[352 -91 23]
[352 -89 23]
[352 -83 23]
[352 -84 23]
[352 -82 97]
[352 -82 24]
[352 -80 97]
[352 -78 96]
[352 -80 96]
[352 -78 23]
[352 -94 27]
[352 -83 97]
[353 -88 22]
[353 -89 22]
[353 -74 23]
[353 -77 91]
[353 -94 26]
[353 -93 26]
[353 -94 28]
[353 -82 23]
[353 -73 21]
[353 -81 97]
[353 -80 95]
[353 -92 26]
[353 -86 22]
[353 -84 22]
[353 -77 23]
[353 -76 21]
[353 -78 22]
[353 -77 21]
[353 -81 98]
[353 -82 98]
[353 -82 22]
[353 -87 22]
[353 -85 22]
[353 -76 95]
[353 -76 94]
[353 -92 24]
[353 -92 25]
[353 -90 23]
[353 -76 93]
[353 -76 92]
[353 -73 23]
[353 -83 22]
[353 -81 21]
[353 -79 21]
[353 -95 26]
[353 -75 21]
[353 -91 22]
[353 -77 97]
[353 -78 97]
[353 -77 96]
[353 -79 96]
[353 -80 98]
[354 -82 21]
[354 -83 21]
[354 -81 22]
[354 -86 21]
[354 -77 20]
[354 -76 20]
[354 -75 22]
[354 -79 22]
[354 -82 99]
[354 -81 99]
[354 -74 21]
[354 -73 22]
[354 -93 25]
[354 -91 25]
[354 -84 21]
[354 -76 96]
[354 -77 98]
[354 -78 98]
[354 -75 95]
[354 -75 94]
[354 -78 91]
[354 -76 91]
[354 -93 24]
[354 -92 23]
[354 -80 21]
[354 -78 20]
[354 -90 22]
[354 -88 21]
[354 -90 21]
[354 -75 93]
[354 -94 25]
[354 -89 21]
[354 -79 99]
[354 -92 21]
[354 -91 21]
[354 -75 92]
[354 -85 21]
[355 -83 20]
[355 -84 20]
[355 -85 20]
[355 -75 20]
[355 -74 20]
[355 -74 94]
[355 -82 20]
[355 -77 19]
[355 -80 20]
[355 -79 20]
[355 -95 25]
[355 -78 21]
[355 -89 20]
[355 -79 98]
[355 -78 90]
[355 -87 20]
[355 -87 21]
[355 -76 97]
[355 -74 93]
[355 -74 95]
[355 -88 20]
[355 -90 20]
[355 -94 24]
[355 -86 20]
[355 -79 97]
[355 -80 100]
[355 -94 23]
[355 -93 22]
[355 -93 23]
[355 -92 22]
[355 -93 21]
[355 -92 20]
[355 -91 20]
[355 -93 20]
[355 -75 19]
[355 -75 97]
[355 -75 96]
[355 -83 100]
[356 -84 19]
[356 -83 19]
[356 -82 19]
[356 -79 19]
[356 -81 19]
[356 -81 20]
[356 -79 100]
[356 -80 99]
[356 -81 101]
[356 -80 101]
[356 -90 19]
[356 -96 24]
[356 -95 24]
[356 -76 18]
[356 -75 18]
[356 -74 19]
[356 -82 101]
[356 -83 99]
[356 -82 100]
[356 -92 19]
[356 -94 22]
[356 -94 21]
[356 -80 19]
[356 -89 19]
[356 -94 20]
[356 -88 19]
[356 -85 19]
[356 -95 23]
[356 -93 19]
[356 -86 19]
[356 -74 96]
[356 -78 19]
[357 -81 102]
[357 -80 102]
[357 -81 100]
[357 -94 19]
[357 -82 102]
[357 -83 101]
[357 -96 23]
[357 -83 18]
[357 -82 18]
[357 -80 18]
[357 -96 22]
[357 -95 19]
[357 -95 20]
[357 -84 98]
[357 -84 100]
[357 -84 99]
[357 -91 19]
[357 -93 18]
[357 -91 18]
[357 -79 18]
[357 -88 18]
[357 -90 18]
[357 -87 18]
[357 -89 18]
[357 -87 19]
[357 -75 17]
[357 -85 18]
[357 -86 18]
[357 -97 23]
[357 -78 99]
[357 -76 17]
[357 -84 18]
[357 -95 21]
[357 -78 18]
[357 -77 18]
[358 -88 17]
[358 -85 100]
[358 -85 99]
[358 -89 17]
[358 -97 24]
[358 -98 22]
[358 -97 22]
[358 -98 23]
[358 -84 17]
[358 -86 17]
[358 -78 17]
[358 -83 17]
[358 -85 17]
[358 -77 17]
[358 -95 22]
[358 -90 17]
[358 -81 17]
[358 -80 17]
[358 -79 17]
[358 -76 16]
[358 -74 17]
[358 -75 16]
[358 -87 17]
[358 -76 19]
[358 -92 17]
[358 -94 18]
[358 -94 17]
[358 -92 18]
[358 -93 17]
[358 -97 21]
[358 -84 102]
[358 -95 18]
[358 -81 18]
[358 -83 98]
[358 -85 98]
[358 -85 97]
[358 -84 97]
[358 -96 21]
[358 -96 20]
[358 -83 102]
[358 -96 18]
[358 -96 19]
[359 -79 16]
[359 -74 16]
[359 -76 15]
[359 -75 15]
[359 -98 21]
[359 -98 20]
[359 -74 18]
[359 -87 16]
[359 -88 16]
[359 -94 16]
[359 -92 16]
[359 -97 18]
[359 -99 22]
[359 -99 23]
[359 -98 24]
[359 -77 16]
[359 -78 16]
[359 -95 17]
[359 -95 16]
[359 -93 16]
[359 -83 16]
[359 -82 16]
[359 -85 96]
[359 -77 15]
[359 -84 16]
[359 -90 16]
[359 -86 16]
[359 -85 16]
[359 -84 101]
[359 -85 101]
[359 -80 16]
[359 -91 17]
[359 -91 16]
[359 -97 17]
[359 -96 17]
[360 -85 15]
[360 -87 15]
[360 -100 22]
[360 -97 20]
[360 -98 19]
[360 -99 21]
[360 -99 20]
[360 -92 15]
[360 -93 15]
[360 -91 15]
[360 -78 14]
[360 -95 15]
[360 -94 15]
[360 -90 15]
[360 -97 19]
[360 -98 18]
[360 -98 17]
[360 -96 16]
[360 -75 14]
[360 -76 14]
[360 -74 15]
[360 -80 15]
[360 -81 16]
[360 -79 15]
[360 -81 15]
[360 -78 15]
[360 -82 17]
[360 -82 15]
[360 -84 15]
[360 -100 21]
[360 -100 23]
[360 -89 16]
[360 -83 15]
[361 -95 14]
[361 -96 14]
[361 -94 14]
[361 -85 14]
[361 -86 14]
[361 -84 14]
[361 -79 14]
[361 -80 14]
[361 -81 14]
[361 -74 14]
[361 -74 13]
[361 -75 13]
[361 -76 13]
[361 -83 14]
[361 -99 19]
[361 -100 20]
[361 -100 19]
[361 -98 16]
[361 -99 17]
[361 -99 18]
[361 -88 15]
[361 -93 14]
[361 -97 16]
[361 -97 15]
[361 -92 14]
[361 -101 22]
[361 -77 13]
[361 -90 14]
[361 -77 14]
[361 -78 13]
[361 -82 14]
[361 -101 20]
[362 -85 13]
[362 -87 14]
[362 -79 13]
[362 -81 13]
[362 -80 13]
[362 -98 15]
[362 -97 14]
[362 -98 14]
[362 -83 13]
[362 -82 13]
[362 -84 13]
[362 -77 12]
[362 -96 15]
[362 -95 13]
[362 -96 13]
[362 -89 15]
[362 -89 14]
[362 -91 13]
[362 -90 13]
[362 -75 12]
[362 -99 15]
[362 -99 16]
[362 -100 17]
[362 -101 21]
[362 -102 20]
[362 -102 19]
[362 -101 19]
[362 -102 21]
[362 -91 14]
[362 -93 13]
[362 -100 18]
[362 -100 16]
[362 -86 15]
[362 -86 13]
[362 -102 22]
[363 -92 13]
[363 -95 12]
[363 -96 12]
[363 -84 12]
[363 -83 12]
[363 -94 13]
[363 -92 12]
[363 -94 12]
[363 -93 12]
[363 -97 12]
[363 -97 13]
[363 -81 12]
[363 -79 12]
[363 -80 12]
[363 -78 12]
[363 -89 13]
[363 -90 12]
[363 -91 12]
[363 -85 12]
[363 -86 12]
[363 -101 18]
[363 -98 13]
[363 -103 20]
[363 -103 19]
[363 -102 18]
[363 -103 18]
[363 -77 11]
[363 -78 11]
[363 -76 11]
[363 -76 12]
[363 -75 11]
[363 -88 14]
[363 -99 14]
[363 -101 15]
[363 -101 16]
[363 -101 17]
[363 -103 21]
[363 -100 15]
[364 -91 11]
[364 -94 11]
[364 -93 11]
[364 -95 11]
[364 -96 11]
[364 -79 11]
[364 -102 16]
[364 -102 17]
[364 -84 11]
[364 -102 15]
[364 -100 14]
[364 -104 20]
[364 -104 18]
[364 -104 19]
[364 -78 10]
[364 -99 13]
[364 -86 11]
[364 -85 11]
[364 -87 11]
[364 -87 13]
[364 -101 14]
[364 -81 11]
[364 -82 12]
[364 -82 11]
[364 -77 10]
[364 -75 10]
[364 -103 17]
[364 -104 17]
[364 -98 11]
[364 -97 11]
[364 -90 11]
[364 -76 10]
[364 -80 11]
[365 -79 10]
[365 -85 10]
[365 -87 10]
[365 -94 10]
[365 -93 10]
[365 -103 15]
[365 -103 16]
[365 -103 14]
[365 -105 17]
[365 -105 19]
[365 -105 18]
[365 -100 13]
[365 -101 13]
[365 -76 9]
[365 -102 14]
[365 -91 10]
[365 -90 10]
[365 -92 11]
[365 -87 12]
[365 -86 10]
[365 -79 9]
[365 -104 16]
[365 -81 10]
[365 -82 10]
[365 -80 10]
[365 -99 11]
[365 -97 10]
[365 -99 10]
[365 -77 9]
[365 -75 9]
[365 -89 12]
[365 -89 10]
[365 -95 10]
[365 -83 11]
[365 -105 20]
[365 -84 10]
[365 -100 12]
[365 -88 13]
[365 -88 12]
[365 -78 9]
[365 -83 10]
[365 -98 10]
[365 -96 10]
[365 -98 12]
[366 -96 9]
[366 -100 11]
[366 -106 18]
[366 -92 9]
[366 -92 10]
[366 -91 9]
[366 -104 15]
[366 -103 13]
[366 -88 10]
[366 -89 9]
[366 -88 11]
[366 -88 9]
[366 -93 9]
[366 -84 9]
[366 -83 9]
[366 -95 9]
[366 -97 9]
[366 -99 12]
[366 -89 11]
[366 -86 9]
[366 -105 16]
[366 -98 9]
[366 -99 9]
[366 -100 9]
[366 -87 9]
[366 -106 17]
[366 -102 13]
[366 -101 12]
[366 -80 9]
[366 -78 8]
[366 -90 9]
[366 -77 8]
[366 -81 9]
[366 -106 19]
[366 -75 8]
[366 -82 9]
[367 -101 8]
[367 -101 10]
[367 -100 10]
[367 -98 8]
[367 -100 8]
[367 -96 8]
[367 -95 8]
[367 -97 8]
[367 -107 18]
[367 -94 9]
[367 -94 8]
[367 -92 8]
[367 -79 7]
[367 -104 13]
[367 -103 12]
[367 -82 8]
[367 -81 8]
[367 -83 8]
[367 -101 11]
[367 -107 17]
[367 -87 8]
[367 -89 8]
[367 -93 8]
[367 -91 8]
[367 -88 8]
[367 -102 11]
[367 -99 8]
[367 -84 8]
[367 -107 16]
[367 -106 16]
[367 -86 8]
[367 -90 8]
[367 -105 14]
[367 -104 14]
[368 -101 7]
[368 -101 9]
[368 -89 7]
[368 -90 7]
[368 -88 7]
[368 -108 18]
[368 -107 15]
[368 -80 7]
[368 -82 7]
[368 -102 12]
[368 -104 11]
[368 -103 11]
[368 -102 10]
[368 -97 7]
[368 -96 7]
[368 -105 13]
[368 -106 14]
[368 -105 15]
[368 -106 13]
[368 -84 7]
[368 -94 7]
[368 -95 7]
[368 -102 8]
[368 -100 7]
[368 -102 9]
[368 -99 7]
[368 -80 8]
[368 -80 6]
[368 -79 8]
[368 -79 6]
[368 -87 7]
[368 -91 7]
[368 -108 17]
[368 -92 7]
[368 -93 7]
[368 -85 7]
[368 -85 8]
[368 -85 9]
[368 -83 7]
[368 -98 7]
[368 -108 15]
[368 -106 15]
[368 -86 7]
[368 -81 7]
[369 -109 14]
[369 -108 14]
[369 -108 16]
[369 -107 14]
[369 -100 6]
[369 -106 12]
[369 -78 7]
[369 -107 13]
[369 -90 6]
[369 -96 6]
[369 -81 6]
[369 -88 6]
[369 -103 10]
[369 -103 9]
[369 -101 6]
[369 -102 6]
[369 -80 5]
[369 -103 8]
[369 -86 6]
[369 -78 6]
[369 -94 6]
[369 -83 6]
[369 -98 6]
[369 -97 6]
[369 -103 7]
[369 -102 7]
[369 -99 6]
[369 -91 6]
[369 -89 6]
[369 -104 12]
[369 -104 10]
[369 -87 6]
[369 -105 10]
[369 -105 11]
[370 -89 5]
[370 -88 5]
[370 -87 5]
[370 -97 5]
[370 -109 17]
[370 -82 6]
[370 -101 5]
[370 -99 5]
[370 -100 5]
[370 -78 5]
[370 -77 6]
[370 -106 11]
[370 -107 11]
[370 -106 9]
[370 -105 9]
[370 -104 8]
[370 -104 9]
[370 -103 5]
[370 -102 5]
[370 -103 6]
[370 -82 5]
[370 -98 5]
[370 -109 13]
[370 -79 4]
[370 -81 5]
[370 -80 4]
[370 -110 15]
[370 -109 15]
[370 -110 13]
[370 -105 12]
[370 -94 5]
[370 -95 6]
[370 -86 5]
[370 -85 6]
[370 -90 5]
[370 -91 5]
[370 -108 12]
[370 -108 13]
[370 -106 10]
[370 -92 6]
[370 -96 5]
[370 -95 5]
[371 -102 4]
[371 -105 8]
[371 -96 4]
[371 -95 4]
[371 -93 5]
[371 -93 4]
[371 -101 4]
[371 -103 4]
[371 -109 12]
[371 -94 4]
[371 -107 10]
[371 -107 9]
[371 -107 8]
[371 -99 4]
[371 -100 4]
[371 -78 3]
[371 -78 4]
[371 -80 3]
[371 -109 11]
[371 -91 4]
[371 -87 4]
[371 -86 4]
[371 -90 4]
[371 -89 4]
[371 -81 4]
[371 -82 4]
[371 -108 11]
[371 -108 10]
[371 -107 12]
[371 -77 4]
[371 -79 5]
[371 -77 5]
[371 -97 4]
[371 -98 4]
[371 -104 6]
[371 -104 5]
[371 -81 3]
[371 -92 5]
[371 -110 14]
[371 -109 16]
[371 -110 16]
[371 -111 13]
[371 -111 14]
[371 -106 8]
[371 -111 16]
[372 -77 2]
[372 -79 2]
[372 -78 2]
[372 -111 15]
[372 -112 15]
[372 -85 4]
[372 -85 5]
[372 -86 3]
[372 -82 3]
[372 -80 2]
[372 -79 3]
[372 -90 3]
[372 -91 3]
[372 -93 3]
[372 -92 4]
[372 -108 9]
[372 -88 3]
[372 -87 3]
[372 -109 9]
[372 -109 10]
[372 -110 12]
[372 -110 11]
[372 -99 3]
[372 -76 5]
[372 -76 6]
[372 -76 4]
[372 -104 7]
[372 -105 5]
[372 -97 3]
[372 -98 3]
[372 -102 3]
[372 -104 4]
[372 -104 3]
[372 -103 3]
[372 -108 8]
[372 -100 3]
[372 -83 3]
[372 -83 4]
[372 -89 3]
[372 -94 3]
[372 -95 3]
[372 -96 3]
[372 -107 7]
[372 -105 7]
[372 -77 3]
[372 -111 12]
[372 -112 13]
[373 -108 6]
[373 -107 6]
[373 -106 6]
[373 -88 2]
[373 -76 2]
[373 -76 3]
[373 -78 1]
[373 -92 3]
[373 -112 12]
[373 -98 2]
[373 -96 2]
[373 -99 2]
[373 -94 2]
[373 -101 3]
[373 -100 2]
[373 -82 2]
[373 -81 2]
[373 -83 2]
[373 -112 14]
[373 -87 2]
[373 -89 2]
[373 -110 9]
[373 -102 2]
[373 -103 2]
[373 -110 10]
[373 -111 10]
[373 -111 11]
[373 -88 4]
[373 -86 2]
[373 -105 4]
[373 -90 2]
[373 -84 3]
[373 -84 4]
[373 -83 5]
[373 -92 2]
[373 -106 7]
[373 -105 6]
[373 -113 12]
[373 -113 13]
[373 -95 2]
[373 -77 1]
[373 -85 3]
[373 -79 1]
[373 -80 1]
[373 -81 1]
[373 -109 7]
[373 -108 7]
[373 -84 5]
[373 -84 6]
[373 -75 4]
[374 -89 1]
[374 -90 1]
[374 -82 0]
[374 -80 0]
[374 -81 0]
[374 -104 2]
[374 -102 1]
[374 -83 1]
[374 -78 0]
[374 -77 0]
[374 -76 1]
[374 -107 5]
[374 -108 5]
[374 -91 1]
[374 -91 2]
[374 -93 1]
[374 -92 1]
[374 -97 2]
[374 -109 6]
[374 -110 8]
[374 -110 6]
[374 -111 9]
[374 -111 8]
[374 -94 1]
[374 -96 1]
[374 -95 1]
[374 -75 3]
[374 -106 4]
[374 -106 5]
[374 -75 2]
[374 -114 11]
[374 -82 1]
[374 -97 1]
[374 -75 5]
[374 -99 1]
[374 -101 1]
[374 -112 11]
[374 -101 2]
[374 -85 2]
[374 -84 2]
[374 -86 1]
[374 -87 1]
[374 -100 1]
[374 -93 2]
[374 -109 8]
[375 -75 6]
[375 -93 0]
[375 -91 0]
[375 -105 1]
[375 -104 1]
[375 -105 3]
[375 -113 11]
[375 -101 0]
[375 -74 3]
[375 -111 7]
[375 -111 5]
[375 -110 5]
[375 -111 6]
[375 -109 5]
[375 -110 7]
[375 -78 -1]
[375 -79 0]
[375 -79 -1]
[375 -109 4]
[375 -107 4]
[375 -108 4]
[375 -80 -1]
[375 -89 0]
[375 -90 0]
[375 -77 -1]
[375 -84 0]
[375 -84 1]
[375 -88 0]
[375 -86 0]
[375 -97 0]
[375 -98 0]
[375 -95 0]
[375 -94 0]
[375 -81 -1]
[375 -83 -1]
[375 -96 0]
[375 -85 1]
[375 -112 9]
[375 -112 8]
[375 -112 10]
[375 -103 0]
[375 -102 0]
[375 -100 0]
[376 -103 1]
[376 -101 -1]
[376 -102 -1]
[376 -74 4]
[376 -73 3]
[376 -74 2]
[376 -85 -1]
[376 -85 0]
[376 -90 -1]
[376 -89 -1]
[376 -82 -1]
[376 -84 -1]
[376 -110 4]
[376 -79 -2]
[376 -78 -2]
[376 -106 3]
[376 -106 2]
[376 -105 2]
[376 -112 7]
[376 -112 4]
[376 -92 0]
[376 -104 0]
[376 -110 3]
[376 -109 3]
[376 -106 0]
[376 -113 10]
[376 -94 -1]
[376 -96 -1]
[376 -100 -1]
[376 -113 7]
[376 -92 -1]
[376 -91 -1]
[376 -84 -2]
[376 -99 -1]
[376 -99 0]
[376 -113 8]
[376 -98 -1]
[376 -98 1]
[376 -107 3]
[376 -81 -2]
[376 -80 -2]
[376 -77 -2]
[376 -114 10]
[376 -88 -1]
[376 -87 0]
[376 -88 1]
[377 -86 -1]
[377 -108 3]
[377 -81 -3]
[377 -80 -3]
[377 -98 -2]
[377 -99 -2]
[377 -74 5]
[377 -73 5]
[377 -73 4]
[377 -78 -3]
[377 -79 -3]
[377 -114 7]
[377 -112 6]
[377 -114 8]
[377 -113 3]
[377 -86 -2]
[377 -85 -2]
[377 -93 -1]
[377 -84 -3]
[377 -85 -3]
[377 -107 0]
[377 -106 -1]
[377 -106 1]
[377 -107 -1]
[377 -90 -2]
[377 -88 -2]
[377 -100 -2]
[377 -101 -2]
[377 -83 -2]
[377 -114 9]
[377 -107 2]
[377 -111 4]
[377 -94 -2]
[377 -72 4]
[377 -73 2]
[377 -73 1]
[377 -82 -2]
[377 -83 0]
[377 -95 -1]
[377 -96 -2]
[377 -92 -2]
[377 -107 1]
[377 -91 -2]
[377 -104 -1]
[377 -103 -1]
[377 -115 9]
[377 -115 10]
[377 -87 -1]
[377 -89 -2]
[378 -104 -2]
[378 -105 -2]
[378 -103 -2]
[378 -105 0]
[378 -115 8]
[378 -116 8]
[378 -116 9]
[378 -86 -3]
[378 -84 -4]
[378 -86 -4]
[378 -87 -3]
[378 -87 -2]
[378 -89 -3]
[378 -88 -3]
[378 -111 3]
[378 -112 5]
[378 -112 3]
[378 -99 -3]
[378 -115 6]
[378 -113 6]
[378 -72 5]
[378 -82 -4]
[378 -98 -3]
[378 -72 1]
[378 -96 -3]
[378 -97 -1]
[378 -95 -2]
[378 -95 -3]
[378 -93 -3]
[378 -113 5]
[378 -97 -2]
[378 -109 2]
[378 -108 2]
[378 -100 -3]
[378 -102 -3]
[378 -102 -2]
[378 -90 -3]
[378 -108 1]
[378 -108 0]
[378 -106 -2]
[378 -107 -2]
[378 -71 3]
[378 -72 3]
[378 -71 4]
[378 -79 -4]
[378 -108 -1]
[378 -93 -2]
[378 -80 -4]
[378 -85 -4]
[378 -83 -3]
[378 -113 2]
[378 -114 3]
[378 -113 4]
[378 -112 2]
[378 -77 -3]
[379 -104 -3]
[379 -97 -3]
[379 -107 -3]
[379 -106 -3]
[379 -83 -4]
[379 -82 -3]
[379 -82 -5]
[379 -81 -5]
[379 -81 -4]
[379 -83 -5]
[379 -114 4]
[379 -114 5]
[379 -88 -4]
[379 -94 -3]
[379 -85 -5]
[379 -87 -4]
[379 -105 -1]
[379 -103 -3]
[379 -91 -3]
[379 -90 -4]
[379 -91 -4]
[379 -101 -4]
[379 -99 -4]
[379 -100 -4]
[379 -115 4]
[379 -112 1]
[379 -113 1]
[379 -80 -5]
[379 -92 -4]
[379 -114 6]
[379 -72 2]
[379 -71 2]
[379 -71 1]
[379 -108 -3]
[379 -108 -2]
[379 -109 1]
[379 -98 -4]
[379 -97 -4]
[379 -94 -4]
[379 -95 -4]
[379 -111 2]
[379 -86 -5]
[379 -84 -5]
[379 -103 -4]
[379 -101 -3]
[379 -102 -4]
[379 -70 3]
[379 -110 2]
[379 -70 4]
[379 -116 7]
[379 -115 7]
[379 -110 1]
[380 -80 -6]
[380 -81 -6]
[380 -109 0]
[380 -114 1]
[380 -114 0]
[380 -114 2]
[380 -105 -3]
[380 -105 -4]
[380 -90 -5]
[380 -92 -3]
[380 -92 -5]
[380 -100 -5]
[380 -99 -5]
[380 -107 -4]
[380 -86 -6]
[380 -87 -5]
[380 -91 -5]
[380 -93 -4]
[380 -93 -5]
[380 -69 3]
[380 -116 6]
[380 -117 7]
[380 -117 8]
[380 -88 -5]
[380 -89 -5]
[380 -116 3]
[380 -115 3]
[380 -102 -5]
[380 -95 -5]
[380 -83 -6]
[380 -103 -5]
[380 -97 -5]
[380 -96 -4]
[380 -96 -5]
[380 -109 -1]
[380 -111 1]
[380 -98 -5]
[380 -70 1]
[380 -106 -4]
[381 -89 -6]
[381 -89 -4]
[381 -91 -6]
[381 -90 -6]
[381 -80 -7]
[381 -82 -6]
[381 -81 -7]
[381 -82 -7]
[381 -116 4]
[381 -117 4]
[381 -117 2]
[381 -117 3]
[381 -88 -6]
[381 -87 -6]
[381 -102 -6]
[381 -104 -4]
[381 -79 -5]
[381 -79 -6]
[381 -93 -6]
[381 -92 -6]
[381 -94 -6]
[381 -115 2]
[381 -115 1]
[381 -118 6]
[381 -118 7]
[381 -111 0]
[381 -110 0]
[381 -69 0]
[381 -68 2]
[381 -69 4]
[381 -115 0]
[381 -95 -6]
[381 -84 -7]
[381 -114 -1]
[381 -113 -1]
[381 -115 -1]
[381 -107 -5]
[381 -106 -5]
[381 -104 -5]
[381 -94 -5]
[381 -117 5]
[381 -101 -5]
[381 -101 -6]
[381 -108 -4]
[381 -85 -7]
[381 -85 -6]
[381 -100 -6]
[381 -99 -6]
[381 -97 -6]
[381 -98 -6]
[381 -110 -2]
[381 -96 -6]
[382 -111 -1]
[382 -110 -1]
[382 -112 -1]
[382 -112 0]
[382 -84 -6]
[382 -117 6]
[382 -103 -6]
[382 -102 -7]
[382 -103 -7]
[382 -93 -7]
[382 -100 -7]
[382 -116 0]
[382 -116 -2]
[382 -114 -2]
[382 -97 -7]
[382 -96 -7]
[382 -112 -2]
[382 -81 -8]
[382 -79 -8]
[382 -79 -7]
[382 -80 -8]
[382 -95 -7]
[382 -107 -6]
[382 -106 -6]
[382 -108 -6]
[382 -91 -7]
[382 -92 -7]
[382 -78 -4]
[382 -116 5]
[382 -116 1]
[382 -116 2]
[382 -69 1]
[382 -67 2]
[382 -68 3]
[382 -104 -6]
[382 -105 -5]
[382 -113 0]
[382 -98 -7]
[382 -99 -7]
[382 -118 3]
[382 -118 2]
[382 -118 4]
[382 -94 -7]
[382 -83 -7]
[382 -89 -7]
[382 -90 -7]
[382 -78 -7]
[382 -111 -3]
[382 -110 -3]
[382 -109 -3]
[382 -111 -2]
[382 -68 1]
[382 -109 -5]
[382 -86 -7]
[382 -87 -7]
[382 -88 -7]
[383 -67 1]
[383 -101 -8]
[383 -102 -8]
[383 -77 -7]
[383 -77 -8]
[383 -78 -8]
[383 -78 -6]
[383 -94 -8]
[383 -78 -5]
[383 -112 -3]
[383 -117 0]
[383 -117 1]
[383 -111 -4]
[383 -109 -2]
[383 -110 -4]
[383 -67 3]
[383 -69 2]
[383 -108 -7]
[383 -107 -7]
[383 -109 -6]
[383 -116 -1]
[383 -117 -1]
[383 -115 -2]
[383 -117 -3]
[383 -89 -8]
[383 -87 -8]
[383 -101 -7]
[383 -100 -8]
[383 -109 -4]
[383 -110 -6]
[383 -110 -5]
[383 -90 -8]
[383 -92 -8]
[383 -81 -9]
[383 -82 -8]
[383 -104 -7]
[383 -105 -6]
[383 -105 -7]
[383 -91 -8]
[383 -93 -8]
[383 -118 5]
[383 -80 -9]
[383 -79 -9]
[383 -85 -8]
[383 -70 0]
[383 -113 -2]
[383 -113 -3]
[383 -96 -8]
[383 -97 -8]
[383 -115 5]
[383 -95 -8]
[383 -99 -8]
[383 -83 -8]
[383 -112 -4]
[383 -108 -5]
[383 -106 -7]
[384 -94 -9]
[384 -84 -9]
[384 -96 -9]
[384 -98 -9]
[384 -95 -9]
[384 -93 -9]
[384 -82 -9]
[384 -82 -10]
[384 -80 -10]
[384 -81 -10]
[384 -111 -5]
[384 -107 -8]
[384 -106 -8]
[384 -118 -2]
[384 -118 -1]
[384 -100 -9]
[384 -109 -7]
[384 -88 -8]
[384 -88 -9]
[384 -90 -9]
[384 -89 -9]
[384 -118 -3]
[384 -117 -4]
[384 -118 -4]
[384 -102 -9]
[384 -101 -9]
[384 -103 -9]
[384 -86 -9]
[384 -78 -9]
[384 -79 -10]
[384 -99 -9]
[384 -112 -5]
[384 -105 -8]
[384 -117 -2]
[384 -110 -7]
[384 -113 -4]
[384 -113 -5]
[384 -118 0]
[384 -111 -6]
[384 -92 -9]
[384 -91 -9]
[384 -77 -9]
[384 -76 -7]
[384 -76 -8]
[384 -114 -3]
[385 -115 -4]
[385 -114 -4]
[385 -106 -9]
[385 -107 -9]
[385 -88 -10]
[385 -89 -10]
[385 -87 -9]
[385 -87 -10]
[385 -83 -9]
[385 -114 -5]
[385 -75 -9]
[385 -75 -8]
[385 -116 -3]
[385 -112 -6]
[385 -114 -6]
[385 -78 -10]
[385 -119 -1]
[385 -80 -11]
[385 -82 -11]
[385 -93 -10]
[385 -119 -3]
[385 -117 -5]
[385 -119 -5]
[385 -109 -8]
[385 -110 -8]
[385 -108 -8]
[385 -84 -8]
[385 -85 -10]
[385 -85 -9]
[385 -104 -9]
[385 -103 -10]
[385 -104 -8]
[385 -104 -10]
[385 -90 -10]
[385 -75 -7]
[385 -119 -2]
[385 -91 -10]
[385 -98 -8]
[385 -97 -10]
[385 -99 -10]
[385 -102 -10]
[385 -100 -10]
[385 -83 -11]
[385 -103 -8]
[385 -78 -11]
[385 -79 -11]
[385 -81 -11]
[385 -94 -10]
[385 -96 -10]
[385 -95 -10]
[385 -97 -9]
[385 -101 -10]
[385 -116 -4]
[385 -116 -5]
[385 -86 -8]
[385 -119 1]
[385 -119 0]
[386 -115 -6]
[386 -79 -12]
[386 -119 -6]
[386 -120 -5]
[386 -120 -6]
[386 -119 -4]
[386 -102 -11]
[386 -101 -11]
[386 -82 -12]
[386 -84 -12]
[386 -84 -11]
[386 -83 -10]
[386 -83 -12]
[386 -104 -11]
[386 -103 -11]
[386 -115 -5]
[386 -81 -12]
[386 -96 -11]
[386 -95 -11]
[386 -105 -10]
[386 -74 -8]
[386 -113 -7]
[386 -107 -10]
[386 -115 -3]
[386 -90 -11]
[386 -92 -11]
[386 -91 -11]
[386 -92 -10]
[386 -88 -11]
[386 -89 -11]
[386 -97 -11]
[386 -98 -11]
[386 -108 -9]
[386 -109 -9]
[386 -118 -6]
[386 -84 -10]
[386 -86 -11]
[386 -86 -10]
[386 -113 -6]
[386 -105 -9]
[386 -106 -10]
[386 -76 -9]
[386 -74 -9]
[386 -74 -7]
[386 -94 -11]
[386 -120 -2]
[386 -120 -4]
[386 -100 -11]
[386 -99 -11]
[386 -118 1]
[386 -111 -9]
[386 -111 -7]
[386 -110 -9]
[386 -98 -10]
[387 -106 -11]
[387 -107 -11]
[387 -115 -7]
[387 -114 -7]
[387 -116 -7]
[387 -91 -12]
[387 -90 -12]
[387 -92 -12]
[387 -87 -11]
[387 -87 -12]
[387 -83 -13]
[387 -81 -13]
[387 -85 -12]
[387 -85 -11]
[387 -112 -7]
[387 -113 -8]
[387 -112 -8]
[387 -118 -7]
[387 -120 -7]
[387 -119 -7]
[387 -97 -12]
[387 -96 -12]
[387 -73 -9]
[387 -73 -8]
[387 -111 -8]
[387 -112 -10]
[387 -112 -9]
[387 -111 -10]
[387 -109 -10]
[387 -84 -13]
[387 -85 -13]
[387 -105 -11]
[387 -98 -12]
[387 -99 -12]
[387 -118 -5]
[387 -120 -3]
[387 -108 -10]
[387 -102 -12]
[387 -104 -12]
[387 -121 -7]
[387 -103 -12]
[387 -82 -13]
[387 -93 -11]
[387 -80 -12]
[387 -80 -13]
[387 -89 -12]
[387 -105 -12]
[387 -95 -12]
[387 -94 -12]
[387 -73 -10]
[387 -117 -6]
[388 -118 -8]
[388 -94 -13]
[388 -93 -12]
[388 -108 -11]
[388 -116 -6]
[388 -82 -14]
[388 -80 -14]
[388 -91 -13]
[388 -117 -8]
[388 -119 -8]
[388 -112 -11]
[388 -113 -11]
[388 -111 -11]
[388 -88 -12]
[388 -89 -13]
[388 -96 -13]
[388 -95 -13]
[388 -115 -8]
[388 -114 -8]
[388 -97 -13]
[388 -113 -9]
[388 -86 -13]
[388 -72 -8]
[388 -74 -10]
[388 -110 -11]
[388 -110 -10]
[388 -98 -13]
[388 -86 -12]
[388 -88 -13]
[388 -121 -6]
[388 -114 -9]
[388 -99 -13]
[388 -100 -12]
[388 -109 -11]
[388 -83 -14]
[388 -101 -12]
[388 -113 -10]
[388 -106 -12]
[388 -103 -13]
[388 -102 -13]
[388 -116 -8]
[388 -72 -9]
[388 -81 -14]
[389 -100 -14]
[389 -100 -13]
[389 -99 -14]
[389 -120 -9]
[389 -119 -9]
[389 -120 -8]
[389 -111 -12]
[389 -81 -15]
[389 -114 -10]
[389 -89 -14]
[389 -90 -14]
[389 -115 -9]
[389 -96 -14]
[389 -94 -14]
[389 -86 -14]
[389 -87 -14]
[389 -85 -14]
[389 -83 -15]
[389 -71 -9]
[389 -90 -13]
[389 -92 -13]
[389 -92 -14]
[389 -108 -12]
[389 -102 -14]
[389 -112 -12]
[389 -71 -10]
[389 -71 -8]
[389 -93 -14]
[389 -95 -14]
[389 -93 -13]
[389 -98 -14]
[389 -97 -14]
[389 -110 -12]
[389 -109 -12]
[389 -101 -13]
[389 -103 -14]
[389 -105 -13]
[389 -107 -12]
[389 -114 -12]
[389 -113 -12]
[389 -117 -7]
[389 -116 -9]
[389 -117 -9]
[389 -80 -15]
[389 -84 -14]
[389 -84 -15]
[390 -92 -15]
[390 -93 -15]
[390 -91 -15]
[390 -107 -13]
[390 -106 -13]
[390 -97 -15]
[390 -98 -15]
[390 -112 -13]
[390 -115 -10]
[390 -116 -10]
[390 -94 -15]
[390 -88 -14]
[390 -89 -15]
[390 -91 -14]
[390 -103 -15]
[390 -104 -15]
[390 -121 -8]
[390 -121 -9]
[390 -85 -15]
[390 -84 -16]
[390 -96 -15]
[390 -121 -10]
[390 -115 -11]
[390 -114 -11]
[390 -115 -13]
[390 -108 -13]
[390 -109 -13]
[390 -86 -15]
[390 -111 -13]
[390 -83 -16]
[390 -118 -10]
[390 -118 -9]
[390 -87 -13]
[390 -87 -15]
[390 -104 -14]
[390 -106 -14]
[390 -102 -15]
[390 -101 -14]
[390 -117 -10]
[390 -100 -15]
[390 -101 -15]
[390 -119 -10]
[390 -110 -13]
[390 -82 -15]
[390 -99 -15]
[390 -70 -8]
[390 -80 -16]
[390 -81 -16]
[390 -95 -15]
[390 -113 -13]
[391 -118 -11]
[391 -117 -11]
[391 -116 -11]
[391 -94 -16]
[391 -86 -16]
[391 -102 -16]
[391 -101 -16]
[391 -107 -14]
[391 -109 -14]
[391 -115 -12]
[391 -88 -15]
[391 -69 -9]
[391 -96 -16]
[391 -97 -16]
[391 -98 -16]
[391 -99 -16]
[391 -95 -16]
[391 -111 -14]
[391 -81 -17]
[391 -82 -16]
[391 -110 -14]
[391 -119 -11]
[391 -120 -10]
[391 -85 -16]
[391 -84 -17]
[391 -85 -17]
[391 -105 -14]
[391 -105 -15]
[391 -100 -16]
[391 -89 -16]
[391 -88 -16]
[391 -90 -15]
[391 -103 -16]
[391 -116 -12]
[391 -115 -14]
[391 -87 -16]
[391 -112 -14]
[391 -90 -16]
[391 -91 -16]
[391 -82 -17]
[391 -104 -13]
[391 -106 -15]
[391 -121 -11]
[392 -80 -17]
[392 -82 -18]
[392 -112 -15]
[392 -113 -14]
[392 -104 -17]
[392 -68 -9]
[392 -70 -9]
[392 -69 -10]
[392 -68 -8]
[392 -68 -10]
[392 -95 -17]
[392 -91 -17]
[392 -83 -18]
[392 -85 -18]
[392 -98 -17]
[392 -96 -17]
[392 -92 -17]
[392 -90 -17]
[392 -121 -12]
[392 -120 -12]
[392 -108 -15]
[392 -110 -15]
[392 -102 -17]
[392 -89 -17]
[392 -87 -17]
[392 -88 -17]
[392 -103 -17]
[392 -101 -17]
[392 -86 -17]
[392 -105 -16]
[392 -106 -16]
[392 -104 -16]
[392 -118 -12]
[392 -119 -12]
[392 -99 -17]
[392 -100 -17]
[392 -94 -17]
[392 -93 -17]
[392 -114 -13]
[392 -116 -15]
[392 -116 -14]
[392 -115 -15]
[392 -120 -11]
[392 -84 -18]
[392 -83 -17]
[392 -81 -18]
[393 -114 -15]
[393 -115 -16]
[393 -114 -16]
[393 -82 -19]
[393 -83 -19]
[393 -97 -17]
[393 -97 -18]
[393 -93 -18]
[393 -107 -15]
[393 -106 -17]
[393 -117 -12]
[393 -118 -13]
[393 -68 -11]
[393 -67 -10]
[393 -69 -11]
[393 -103 -18]
[393 -113 -15]
[393 -117 -14]
[393 -70 -10]
[393 -92 -16]
[393 -86 -18]
[393 -109 -15]
[393 -90 -18]
[393 -89 -18]
[393 -87 -18]
[393 -70 -11]
[393 -68 -7]
[393 -67 -8]
[393 -67 -9]
[393 -94 -18]
[393 -81 -19]
[393 -88 -18]
[393 -120 -13]
[393 -121 -13]
[393 -112 -16]
[393 -113 -16]
[393 -100 -18]
[393 -99 -18]
[393 -92 -18]
[393 -93 -16]
[393 -116 -16]
[393 -95 -18]
[393 -102 -18]
[393 -104 -18]
[393 -101 -18]
[394 -89 -19]
[394 -112 -17]
[394 -88 -19]
[394 -90 -19]
[394 -71 -11]
[394 -114 -17]
[394 -94 -19]
[394 -92 -19]
[394 -119 -14]
[394 -117 -13]
[394 -114 -14]
[394 -103 -19]
[394 -102 -19]
[394 -105 -18]
[394 -105 -19]
[394 -121 -14]
[394 -93 -19]
[394 -91 -18]
[394 -91 -19]
[394 -107 -18]
[394 -107 -16]
[394 -105 -17]
[394 -85 -19]
[394 -96 -19]
[394 -95 -19]
[394 -87 -19]
[394 -86 -19]
[394 -100 -19]
[394 -115 -17]
[394 -108 -16]
[394 -108 -14]
[394 -66 -10]
[394 -67 -11]
[394 -68 -12]
[394 -67 -7]
[394 -68 -6]
[394 -66 -9]
[394 -117 -15]
[394 -116 -13]
[394 -82 -20]
[394 -80 -18]
[394 -66 -8]
[394 -84 -20]
[394 -84 -19]
[394 -83 -20]
[394 -67 -12]
[395 -87 -20]
[395 -89 -20]
[395 -90 -20]
[395 -91 -20]
[395 -108 -17]
[395 -106 -19]
[395 -106 -18]
[395 -96 -18]
[395 -96 -20]
[395 -97 -19]
[395 -97 -20]
[395 -108 -19]
[395 -107 -19]
[395 -108 -18]
[395 -101 -19]
[395 -101 -20]
[395 -117 -16]
[395 -66 -7]
[395 -67 -6]
[395 -65 -11]
[395 -65 -9]
[395 -99 -20]
[395 -100 -20]
[395 -92 -20]
[395 -93 -20]
[395 -65 -8]
[395 -86 -20]
[395 -105 -20]
[395 -104 -20]
[395 -66 -11]
[395 -83 -21]
[395 -84 -21]
[395 -85 -20]
[395 -85 -21]
[395 -107 -17]
[395 -120 -14]
[395 -121 -15]
[395 -69 -13]
[395 -68 -13]
[395 -118 -14]
[395 -81 -21]
[395 -67 -13]
[395 -114 -18]
[395 -116 -17]
[396 -98 -18]
[396 -96 -21]
[396 -98 -20]
[396 -98 -21]
[396 -86 -21]
[396 -82 -21]
[396 -66 -6]
[396 -65 -6]
[396 -119 -13]
[396 -69 -12]
[396 -109 -19]
[396 -104 -19]
[396 -106 -20]
[396 -109 -18]
[396 -109 -16]
[396 -64 -7]
[396 -64 -8]
[396 -64 -9]
[396 -65 -7]
[396 -64 -10]
[396 -117 -17]
[396 -115 -18]
[396 -108 -20]
[396 -88 -21]
[396 -88 -20]
[396 -87 -21]
[396 -65 -10]
[396 -66 -12]
[396 -68 -14]
[396 -66 -13]
[396 -120 -16]
[396 -120 -15]
[396 -81 -22]
[396 -102 -20]
[396 -107 -20]
[396 -84 -22]
[396 -85 -22]
[396 -83 -22]
[396 -69 -14]
[396 -119 -15]
[396 -99 -19]
[396 -100 -21]
[396 -95 -20]
[396 -102 -21]
[396 -118 -16]
[396 -118 -15]
[396 -118 -17]
[396 -103 -21]
[396 -104 -21]
[396 -92 -21]
[396 -98 -19]
[396 -90 -21]
[396 -91 -21]
[396 -89 -21]
[397 -105 -22]
[397 -103 -22]
[397 -106 -21]
[397 -94 -21]
[397 -84 -23]
[397 -83 -23]
[397 -95 -21]
[397 -95 -22]
[397 -96 -22]
[397 -97 -22]
[397 -65 -13]
[397 -65 -12]
[397 -93 -22]
[397 -93 -21]
[397 -110 -20]
[397 -110 -18]
[397 -91 -22]
[397 -68 -15]
[397 -63 -8]
[397 -81 -23]
[397 -82 -22]
[397 -81 -20]
[397 -109 -17]
[397 -104 -22]
[397 -63 -7]
[397 -85 -23]
[397 -101 -21]
[397 -102 -22]
[397 -119 -18]
[397 -119 -17]
[397 -119 -16]
[397 -120 -17]
[397 -82 -23]
[397 -64 -6]
[397 -63 -9]
[397 -63 -10]
[397 -116 -18]
[397 -90 -22]
[397 -92 -22]
[397 -100 -22]
[397 -99 -22]
[397 -108 -21]
[397 -103 -20]
[397 -97 -21]
[397 -99 -21]
[397 -109 -21]
[397 -107 -21]
[397 -65 -5]
[397 -64 -5]
[397 -67 -15]
[397 -67 -14]
[397 -66 -14]
[397 -65 -14]
[398 -65 -4]
[398 -64 -4]
[398 -63 -5]
[398 -63 -4]
[398 -66 -16]
[398 -67 -16]
[398 -97 -23]
[398 -96 -23]
[398 -64 -11]
[398 -64 -13]
[398 -98 -23]
[398 -62 -11]
[398 -62 -10]
[398 -62 -9]
[398 -111 -19]
[398 -101 -23]
[398 -99 -23]
[398 -101 -22]
[398 -68 -16]
[398 -69 -15]
[398 -109 -22]
[398 -108 -22]
[398 -110 -21]
[398 -110 -17]
[398 -110 -16]
[398 -118 -18]
[398 -98 -22]
[398 -104 -23]
[398 -107 -22]
[398 -109 -20]
[398 -106 -22]
[398 -82 -24]
[398 -102 -23]
[398 -66 -4]
[398 -66 -5]
[398 -86 -23]
[398 -84 -24]
[398 -85 -24]
[398 -92 -23]
[398 -90 -23]
[398 -94 -23]
[398 -95 -23]
[398 -64 -14]
[398 -103 -23]
[398 -64 -15]
[398 -65 -15]
[398 -83 -24]
[398 -94 -20]
[398 -93 -23]
[398 -120 -18]
[398 -120 -19]
[398 -118 -19]
[398 -115 -19]
[398 -116 -19]
[398 -117 -18]
[399 -91 -23]
[399 -89 -24]
[399 -102 -24]
[399 -91 -24]
[399 -92 -24]
[399 -93 -24]
[399 -117 -19]
[399 -67 -4]
[399 -61 -12]
[399 -63 -12]
[399 -62 -12]
[399 -61 -11]
[399 -63 -11]
[399 -97 -24]
[399 -98 -24]
[399 -99 -24]
[399 -87 -24]
[399 -87 -23]
[399 -114 -19]
[399 -116 -20]
[399 -115 -20]
[399 -100 -23]
[399 -100 -24]
[399 -118 -20]
[399 -119 -20]
[399 -117 -20]
[399 -84 -25]
[399 -105 -23]
[399 -106 -23]
[399 -111 -20]
[399 -70 -16]
[399 -95 -24]
[399 -96 -24]
[399 -63 -14]
[399 -65 -16]
[399 -63 -15]
[399 -66 -15]
[399 -64 -16]
[399 -63 -3]
[399 -65 -3]
[399 -64 -3]
[399 -104 -24]
[399 -62 -5]
[399 -103 -24]
[399 -119 -19]
[399 -121 -18]
[399 -94 -22]
[399 -94 -24]
[399 -66 -3]
[399 -69 -16]
[399 -67 -17]
[399 -63 -13]
[399 -110 -22]
[399 -67 -5]
[399 -111 -16]
[399 -62 -3]
[399 -110 -19]
[399 -66 -17]
[399 -65 -17]
[400 -62 -13]
[400 -62 -14]
[400 -70 -15]
[400 -65 -18]
[400 -64 -18]
[400 -68 -17]
[400 -69 -17]
[400 -88 -24]
[400 -88 -23]
[400 -86 -25]
[400 -88 -25]
[400 -111 -15]
[400 -64 -17]
[400 -100 -25]
[400 -111 -21]
[400 -98 -25]
[400 -99 -25]
[400 -106 -24]
[400 -121 -17]
[400 -113 -20]
[400 -114 -20]
[400 -118 -21]
[400 -67 -18]
[400 -68 -3]
[400 -68 -4]
[400 -85 -26]
[400 -64 -12]
[400 -62 -15]
[400 -102 -25]
[400 -68 -5]
[400 -63 -16]
[400 -105 -24]
[400 -101 -25]
[400 -68 -18]
[400 -103 -25]
[400 -89 -25]
[400 -111 -23]
[400 -111 -22]
[400 -62 -4]
[401 -85 -25]
[401 -84 -26]
[401 -86 -26]
[401 -90 -24]
[401 -61 -14]
[401 -67 -3]
[401 -61 -16]
[401 -62 -16]
[401 -69 -2]
[401 -61 -15]
[401 -61 -13]
[401 -112 -22]
[401 -107 -23]
[401 -106 -25]
[401 -63 -18]
[401 -63 -17]
[401 -113 -21]
[401 -112 -21]
[401 -62 -17]
[401 -69 -18]
[401 -67 -19]
[401 -66 -19]
[401 -64 -19]
[401 -66 -18]
[401 -103 -26]
[401 -104 -25]
[401 -87 -25]
[401 -70 -17]
[402 -61 -17]
[402 -60 -15]
[402 -63 -20]
[402 -63 -19]
[402 -64 -20]
[402 -60 -14]
[402 -102 -27]
[402 -62 -19]
[402 -62 -18]
[402 -71 -17]
[402 -71 -18]
[402 -69 -3]
[402 -107 -24]
[402 -66 -20]
[402 -68 -20]
[402 -70 -18]
[402 -70 -19]
[402 -69 -19]
[402 -112 -23]
[403 -61 -19]
[403 -61 -20]
[403 -113 -22]
[403 -61 -18]
[403 -66 -21]
[403 -65 -20]
[403 -67 -20]
[403 -67 -21]
[403 -69 -20]
[403 -69 -21]
[403 -68 -21]
[403 -70 -20]
[403 -62 -21]
[403 -59 -15]
[403 -65 -21]
[403 -64 -21]
[403 -63 -21]
[403 -71 -19]
[403 -62 -20]
[404 -63 -22]
[404 -64 -22]
[404 -65 -19]
[404 -65 -22]
[404 -66 -22]
[404 -60 -20]
[404 -114 -21]
[404 -60 -16]
[404 -60 -18]
[404 -67 -22]
[404 -68 -22]
[404 -70 -21]
[404 -68 -19]
[404 -71 -21]
[404 -69 -22]
[404 -71 -20]
[404 -72 -19]
[405 -67 -23]
[405 -71 -22]
[405 -59 -19]
[405 -61 -21]
[405 -72 -21]
[405 -72 -20]
[405 -73 -20]
[405 -66 -23]
[405 -70 -22]
[405 -69 -23]
[405 -68 -23]
[405 -70 -23]
[405 -59 -17]
[405 -59 -16]
[405 -64 -23]
[405 -62 -22]
[406 -70 -24]
[406 -69 -24]
[406 -71 -23]
[406 -58 -20]
[406 -59 -20]
[406 -60 -17]
[406 -58 -17]
[406 -63 -24]
[406 -64 -24]
[406 -60 -21]
[406 -73 -21]
[406 -72 -22]
[406 -59 -18]
[406 -66 -24]
[406 -67 -24]
[406 -68 -24]
[407 -72 -23]
[407 -58 -19]
[407 -60 -19]
[407 -58 -18]
[407 -67 -25]
[407 -66 -25]
[407 -71 -24]
[407 -69 -25]
[407 -71 -25]
[407 -70 -25]
[407 -68 -25]
[407 -64 -25]
[407 -62 -25]
[407 -63 -25]
[407 -63 -23]
[407 -65 -23]
[408 -70 -26]
[408 -68 -26]
[408 -72 -26]
[408 -72 -24]
[408 -67 -26]
[408 -69 -26]
[408 -65 -26]
[408 -63 -26]
[408 -65 -25]
[408 -64 -26]
[408 -62 -26]
[408 -71 -26]
[408 -65 -24]
[409 -67 -27]
[409 -70 -27]
[409 -69 -27]
[409 -68 -27]
[409 -66 -27]
[409 -72 -27]
[409 -71 -27]
[409 -72 -25]
[409 -65 -27]
[409 -63 -27]
[409 -62 -27]
[409 -66 -26]
[409 -64 -27]
[410 -70 -28]
[410 -69 -28]
[410 -65 -28]
[410 -73 -25]
[410 -62 -28]
[410 -63 -28]
[410 -67 -28]
[410 -72 -28]
[410 -73 -28]
[410 -71 -28]
[410 -73 -26]
[410 -68 -28]
[411 -72 -29]
[411 -73 -29]
[411 -73 -27]
[411 -70 -29]
[411 -69 -29]
[411 -62 -29]
[411 -63 -29]
[411 -65 -29]
[411 -66 -28]
[411 -64 -29]
[411 -64 -28]
[411 -71 -29]
[412 -73 -30]
[412 -64 -30]
[412 -62 -30]
[412 -66 -29]
[412 -69 -30]
[412 -71 -30]
[412 -72 -30]
[412 -74 -29]
[412 -74 -30]
[412 -70 -30]
[412 -61 -29]
[412 -61 -30]
[412 -66 -30]
[412 -65 -30]
[413 -60 -30]
[413 -60 -29]
[413 -67 -29]
[413 -61 -31]
[413 -60 -31]
[413 -71 -31]
[413 -65 -31]
[413 -67 -30]
[413 -63 -30]
[413 -63 -31]
[413 -69 -31]
[413 -66 -31]
[413 -64 -31]
[413 -68 -31]
[413 -68 -29]
[414 -64 -32]
[414 -62 -32]
[414 -63 -32]
[414 -59 -31]
[414 -61 -32]
[414 -59 -32]
[414 -65 -32]
[414 -66 -32]
[414 -59 -29]
[414 -59 -30]
[414 -68 -32]
[414 -70 -32]
[414 -70 -31]
[414 -69 -32]
[414 -61 -28]
[414 -60 -28]
[414 -59 -28]
[414 -68 -30]
[414 -71 -32]
[414 -67 -31]
[414 -67 -32]
[415 -66 -33]
[415 -65 -33]
[415 -67 -33]
[415 -62 -31]
[415 -60 -33]
[415 -62 -33]
[415 -72 -31]
[415 -71 -33]
[415 -70 -33]
[416 -70 -34]
[416 -60 -34]
[416 -59 -33]
[416 -65 -34]
[416 -71 -34]
[416 -66 -34]
[416 -64 -34]
[416 -64 -33]
[416 -62 -34]
[416 -68 -33]
[417 -65 -35]
[417 -64 -35]
[417 -63 -35]
[417 -63 -33]
[417 -63 -34]
[417 -60 -35]
[417 -61 -35]
[417 -61 -33]
[417 -62 -35]
[418 -61 -34]
[418 -60 -32]
[418 -63 -36]
[418 -65 -36]
[418 -61 -36]
[418 -62 -36]
[419 -64 -37]
[419 -63 -37]
[419 -64 -36]
[419 -65 -37]
[420 -66 -38]
[420 -65 -38]
[420 -66 -37]
[420 -64 -38]
[420 -63 -38]
[420 -62 -38]
[421 -61 -37]
