WORLD -121 121 -150 150 8.599638030038024 45.971120579063566 20.922061667319632 20.871909874832877
[0 -26 86]
[0 -25 86]
[0 -26 85]
[0 -27 86]
[0 -27 85]
[0 -25 85]
[0 -25 87]
[0 -26 84]
[0 -24 85]
[0 -24 87]
[0 -28 85]
[1 -27 84]
[1 -28 84]
[1 -26 83]
[1 -25 83]
[1 -23 87]
[1 -23 88]
[1 -24 86]
[2 -25 84]
[2 -25 82]
[2 -24 82]
[2 -24 84]
[2 -22 88]
[2 -22 87]
[2 -28 83]
[2 -29 84]
[2 -27 83]
[2 -29 83]
[3 -28 82]
[3 -30 84]
[3 -30 82]
[3 -26 82]
[3 -26 81]
[3 -24 83]
[3 -24 81]
[3 -29 82]
[3 -25 81]
[3 -23 82]
[3 -23 81]
[3 -29 85]
[4 -27 81]
[4 -29 81]
[4 -27 80]
[4 -23 84]
[4 -22 80]
[4 -22 82]
[4 -30 83]
[4 -31 82]
[4 -24 80]
[4 -23 80]
[4 -30 81]
[4 -31 84]
[4 -25 80]
[4 -26 80]
[5 -31 81]
[5 -30 80]
[5 -29 80]
[5 -26 79]
[5 -25 79]
[5 -22 79]
[5 -21 81]
[5 -22 81]
[5 -31 83]
[5 -28 81]
[5 -28 80]
[5 -27 82]
[5 -22 83]
[5 -27 79]
[5 -28 79]
[5 -22 84]
[5 -23 83]
[5 -23 79]
[5 -24 79]
[5 -32 85]
[5 -31 85]
[5 -32 83]
[5 -32 81]
[6 -32 80]
[6 -33 81]
[6 -33 82]
[6 -33 80]
[6 -31 80]
[6 -33 84]
[6 -33 83]
[6 -32 84]
[6 -21 82]
[6 -29 79]
[6 -24 78]
[6 -30 79]
[6 -26 78]
[6 -32 82]
[6 -23 78]
[6 -21 80]
[6 -21 78]
[6 -22 78]
[6 -20 80]
[6 -25 78]
[6 -27 78]
[7 -33 79]
[7 -26 77]
[7 -32 79]
[7 -28 78]
[7 -30 78]
[7 -31 78]
[7 -29 78]
[7 -21 79]
[7 -21 77]
[7 -20 78]
[7 -34 80]
[7 -34 84]
[7 -34 82]
[7 -34 81]
[7 -28 77]
[7 -23 77]
[7 -22 77]
[7 -19 80]
[7 -20 81]
[7 -19 79]
[7 -34 79]
[7 -24 77]
[7 -25 77]
[8 -35 80]
[8 -35 82]
[8 -35 81]
[8 -18 79]
[8 -18 80]
[8 -27 76]
[8 -27 77]
[8 -34 83]
[8 -35 84]
[8 -18 81]
[8 -20 79]
[8 -33 78]
[8 -35 79]
[8 -21 76]
[8 -29 77]
[8 -30 77]
[8 -32 78]
[8 -35 78]
[8 -20 77]
[8 -23 76]
[8 -31 77]
[8 -24 76]
[9 -36 82]
[9 -36 80]
[9 -36 78]
[9 -26 76]
[9 -32 76]
[9 -36 81]
[9 -19 78]
[9 -18 78]
[9 -36 77]
[9 -36 79]
[9 -24 75]
[9 -25 76]
[9 -25 75]
[9 -23 75]
[9 -22 75]
[9 -21 75]
[9 -31 79]
[9 -33 77]
[9 -32 77]
[9 -35 83]
[9 -19 77]
[9 -29 76]
[9 -30 76]
[9 -19 81]
[10 -29 75]
[10 -31 76]
[10 -30 75]
[10 -37 78]
[10 -35 76]
[10 -37 76]
[10 -37 83]
[10 -37 81]
[10 -36 83]
[10 -36 84]
[10 -31 75]
[10 -18 82]
[10 -20 76]
[10 -18 77]
[10 -23 74]
[10 -17 77]
[10 -17 78]
[10 -26 74]
[10 -24 74]
[10 -25 74]
[10 -33 76]
[10 -22 76]
[10 -20 74]
[10 -22 74]
[10 -34 78]
[10 -34 77]
[10 -28 76]
[10 -37 79]
[11 -37 84]
[11 -38 82]
[11 -38 78]
[11 -38 77]
[11 -38 79]
[11 -37 77]
[11 -23 73]
[11 -24 73]
[11 -17 83]
[11 -17 81]
[11 -30 74]
[11 -26 75]
[11 -25 73]
[11 -19 76]
[11 -19 75]
[11 -21 73]
[11 -21 74]
[11 -18 76]
[11 -16 77]
[11 -17 76]
[11 -32 75]
[11 -33 75]
[11 -34 75]
[11 -37 80]
[11 -38 81]
[11 -37 82]
[11 -27 74]
[11 -38 80]
[11 -28 75]
[11 -27 75]
[11 -36 75]
[11 -38 76]
[11 -38 75]
[11 -36 76]
[11 -34 76]
[11 -35 77]
[11 -22 73]
[11 -16 79]
[11 -32 74]
[12 -15 77]
[12 -18 75]
[12 -18 74]
[12 -21 72]
[12 -22 72]
[12 -24 72]
[12 -23 72]
[12 -37 74]
[12 -35 74]
[12 -38 74]
[12 -39 75]
[12 -39 76]
[12 -37 75]
[12 -33 74]
[12 -17 82]
[12 -16 83]
[12 -16 82]
[12 -29 73]
[12 -31 73]
[12 -30 73]
[12 -29 74]
[12 -15 78]
[12 -16 78]
[12 -16 80]
[12 -15 79]
[12 -35 75]
[12 -39 79]
[12 -39 78]
[12 -38 83]
[12 -39 82]
[12 -39 81]
[12 -39 80]
[12 -25 72]
[12 -26 73]
[12 -20 73]
[12 -20 75]
[12 -17 80]
[12 -32 73]
[12 -16 75]
[12 -16 76]
[13 -39 74]
[13 -37 73]
[13 -38 73]
[13 -17 74]
[13 -17 75]
[13 -20 72]
[13 -19 72]
[13 -19 74]
[13 -22 71]
[13 -24 71]
[13 -23 71]
[13 -36 74]
[13 -34 74]
[13 -17 79]
[13 -25 71]
[13 -26 72]
[13 -16 74]
[13 -15 75]
[13 -15 76]
[13 -14 80]
[13 -15 80]
[13 -14 79]
[13 -27 72]
[13 -27 73]
[13 -36 73]
[13 -34 73]
[13 -33 73]
[13 -16 81]
[13 -28 72]
[13 -28 73]
[13 -30 72]
[13 -14 77]
[13 -14 76]
[13 -38 84]
[13 -35 73]
[13 -33 72]
[13 -31 72]
[13 -31 74]
[13 -32 72]
[13 -39 77]
[13 -40 75]
[13 -40 76]
[13 -15 83]
[13 -16 84]
[13 -15 84]
[13 -29 72]
[13 -15 81]
[13 -28 74]
[14 -13 76]
[14 -13 78]
[14 -13 77]
[14 -31 71]
[14 -36 72]
[14 -38 72]
[14 -13 81]
[14 -13 79]
[14 -13 80]
[14 -23 70]
[14 -14 78]
[14 -34 72]
[14 -39 72]
[14 -30 71]
[14 -41 74]
[14 -40 74]
[14 -16 73]
[14 -15 74]
[14 -39 73]
[14 -40 73]
[14 -15 82]
[14 -28 71]
[14 -14 75]
[14 -13 75]
[14 -19 73]
[14 -18 72]
[14 -20 71]
[14 -19 71]
[14 -18 73]
[14 -14 74]
[14 -34 71]
[14 -32 71]
[14 -27 71]
[14 -14 81]
[14 -21 71]
[14 -26 71]
[14 -15 85]
[14 -14 84]
[14 -41 76]
[14 -24 70]
[14 -25 70]
[14 -40 77]
[15 -18 70]
[15 -24 69]
[15 -26 70]
[15 -25 69]
[15 -26 69]
[15 -42 74]
[15 -41 73]
[15 -42 73]
[15 -17 71]
[15 -17 72]
[15 -27 70]
[15 -12 78]
[15 -31 70]
[15 -30 70]
[15 -41 75]
[15 -15 73]
[15 -15 72]
[15 -38 71]
[15 -12 77]
[15 -14 85]
[15 -13 84]
[15 -14 83]
[15 -34 70]
[15 -33 71]
[15 -17 73]
[15 -32 70]
[15 -40 71]
[15 -39 71]
[15 -40 72]
[15 -12 79]
[15 -12 80]
[15 -12 76]
[15 -13 74]
[15 -22 69]
[15 -35 71]
[15 -35 72]
[15 -13 82]
[15 -14 82]
[15 -12 81]
[15 -19 70]
[15 -14 86]
[15 -15 86]
[15 -37 71]
[15 -37 72]
[15 -13 73]
[15 -40 78]
[15 -41 78]
[15 -41 77]
[15 -28 70]
[16 -27 68]
[16 -12 72]
[16 -12 74]
[16 -14 72]
[16 -13 72]
[16 -27 69]
[16 -32 69]
[16 -12 82]
[16 -11 81]
[16 -21 69]
[16 -23 69]
[16 -21 70]
[16 -23 68]
[16 -14 73]
[16 -12 75]
[16 -34 69]
[16 -33 69]
[16 -35 70]
[16 -33 70]
[16 -11 75]
[16 -11 76]
[16 -42 77]
[16 -37 70]
[16 -38 70]
[16 -36 71]
[16 -20 70]
[16 -19 69]
[16 -16 71]
[16 -14 71]
[16 -14 87]
[16 -13 87]
[16 -13 85]
[16 -42 76]
[16 -18 69]
[16 -42 72]
[16 -43 74]
[16 -43 73]
[16 -41 71]
[16 -41 72]
[16 -42 75]
[16 -13 86]
[16 -24 68]
[16 -41 70]
[16 -39 70]
[16 -13 83]
[16 -29 70]
[16 -40 70]
[16 -16 72]
[16 -16 70]
[16 -29 71]
[16 -36 70]
[16 -18 71]
[16 -11 78]
[16 -11 80]
[16 -12 84]
[16 -12 85]
[16 -12 83]
[17 -24 67]
[17 -25 67]
[17 -10 81]
[17 -11 79]
[17 -10 79]
[17 -40 69]
[17 -39 69]
[17 -35 69]
[17 -13 88]
[17 -15 70]
[17 -17 70]
[17 -26 67]
[17 -28 67]
[17 -28 69]
[17 -12 87]
[17 -12 88]
[17 -22 68]
[17 -22 67]
[17 -19 68]
[17 -17 69]
[17 -15 69]
[17 -11 83]
[17 -11 84]
[17 -43 71]
[17 -10 77]
[17 -10 75]
[17 -10 76]
[17 -13 71]
[17 -15 71]
[17 -13 70]
[17 -12 71]
[17 -12 73]
[17 -43 76]
[17 -43 75]
[17 -12 86]
[17 -43 77]
[17 -32 68]
[17 -34 68]
[17 -44 74]
[17 -44 73]
[17 -44 75]
[17 -33 68]
[17 -30 69]
[17 -20 69]
[17 -21 68]
[17 -22 70]
[17 -42 71]
[17 -38 69]
[17 -37 69]
[17 -10 74]
[17 -36 69]
[17 -18 68]
[17 -31 69]
[17 -11 82]
[17 -11 74]
[17 -43 72]
[17 -11 73]
[17 -11 86]
[18 -14 70]
[18 -10 84]
[18 -16 69]
[18 -16 68]
[18 -17 68]
[18 -9 75]
[18 -9 73]
[18 -31 68]
[18 -29 68]
[18 -30 68]
[18 -11 88]
[18 -25 68]
[18 -24 66]
[18 -25 66]
[18 -26 68]
[18 -26 66]
[18 -11 85]
[18 -9 77]
[18 -23 67]
[18 -10 86]
[18 -12 70]
[18 -44 71]
[18 -29 67]
[18 -28 66]
[18 -27 66]
[18 -29 66]
[18 -11 70]
[18 -11 72]
[18 -45 75]
[18 -45 74]
[18 -45 76]
[18 -42 70]
[18 -43 70]
[18 -9 79]
[18 -10 78]
[18 -10 80]
[18 -9 78]
[18 -40 68]
[18 -39 68]
[18 -41 68]
[18 -12 89]
[18 -10 83]
[18 -10 85]
[18 -10 73]
[18 -35 68]
[18 -33 67]
[18 -13 69]
[18 -14 69]
[18 -15 68]
[18 -23 66]
[18 -44 76]
[18 -9 82]
[18 -9 81]
[18 -11 87]
[18 -9 76]
[18 -19 67]
[18 -18 67]
[18 -20 68]
[18 -36 68]
[18 -34 67]
[18 -31 67]
[18 -28 68]
[18 -9 74]
[18 -44 72]
[18 -37 68]
[18 -45 73]
[19 -9 72]
[19 -9 80]
[19 -8 80]
[19 -22 66]
[19 -8 72]
[19 -34 66]
[19 -35 66]
[19 -33 66]
[19 -44 70]
[19 -24 65]
[19 -8 74]
[19 -8 75]
[19 -17 67]
[19 -31 66]
[19 -32 67]
[19 -30 67]
[19 -45 70]
[19 -45 71]
[19 -28 65]
[19 -27 67]
[19 -27 65]
[19 -8 77]
[19 -8 79]
[19 -8 78]
[19 -42 69]
[19 -10 82]
[19 -25 65]
[19 -23 65]
[19 -10 87]
[19 -10 72]
[19 -11 71]
[19 -16 67]
[19 -15 67]
[19 -46 73]
[19 -45 72]
[19 -46 72]
[19 -36 67]
[19 -35 67]
[19 -37 67]
[19 -11 90]
[19 -20 66]
[19 -30 66]
[19 -17 66]
[19 -19 66]
[19 -29 65]
[19 -10 70]
[19 -8 82]
[19 -9 83]
[19 -40 67]
[19 -41 69]
[19 -29 69]
[19 -12 68]
[19 -14 68]
[19 -11 89]
[19 -10 88]
[19 -10 89]
[19 -11 69]
[19 -12 69]
[19 -8 76]
[19 -38 67]
[19 -39 67]
[20 -7 79]
[20 -7 80]
[20 -7 78]
[20 -26 64]
[20 -24 64]
[20 -26 65]
[20 -10 90]
[20 -44 69]
[20 -45 69]
[20 -46 71]
[20 -46 69]
[20 -46 70]
[20 -8 73]
[20 -7 73]
[20 -9 88]
[20 -30 65]
[20 -37 66]
[20 -19 65]
[20 -18 65]
[20 -18 66]
[20 -20 67]
[20 -32 66]
[20 -17 65]
[20 -16 66]
[20 -21 66]
[20 -21 65]
[20 -21 67]
[20 -11 91]
[20 -47 71]
[20 -47 73]
[20 -7 74]
[20 -8 84]
[20 -43 69]
[20 -43 68]
[20 -9 89]
[20 -14 67]
[20 -13 68]
[20 -34 65]
[20 -29 64]
[20 -36 66]
[20 -7 82]
[20 -7 81]
[20 -7 83]
[20 -10 69]
[20 -9 71]
[20 -10 71]
[20 -7 76]
[20 -7 77]
[20 -33 65]
[20 -36 65]
[20 -14 66]
[20 -8 81]
[20 -23 64]
[20 -47 74]
[20 -46 74]
[20 -27 64]
[20 -8 71]
[20 -7 75]
[20 -39 66]
[20 -38 68]
[20 -38 66]
[20 -7 72]
[20 -7 71]
[20 -13 67]
[20 -11 67]
[20 -9 90]
[20 -22 65]
[20 -22 64]
[20 -41 67]
[20 -40 66]
[20 -30 64]
[20 -28 64]
[21 -37 65]
[21 -37 64]
[21 -35 65]
[21 -12 67]
[21 -12 66]
[21 -13 66]
[21 -6 75]
[21 -6 77]
[21 -24 63]
[21 -25 64]
[21 -22 63]
[21 -23 63]
[21 -21 64]
[21 -46 68]
[21 -44 68]
[21 -47 72]
[21 -47 70]
[21 -6 81]
[21 -20 64]
[21 -20 65]
[21 -47 69]
[21 -6 79]
[21 -44 67]
[21 -42 67]
[21 -10 91]
[21 -31 65]
[21 -32 65]
[21 -32 64]
[21 -41 66]
[21 -42 66]
[21 -6 83]
[21 -15 66]
[21 -16 65]
[21 -48 73]
[21 -48 72]
[21 -40 65]
[21 -38 65]
[21 -6 80]
[21 -19 64]
[21 -17 64]
[21 -18 64]
[21 -6 74]
[21 -6 76]
[21 -30 63]
[21 -31 63]
[21 -9 68]
[21 -9 69]
[21 -11 68]
[21 -9 70]
[21 -27 63]
[21 -28 63]
[21 -6 71]
[21 -7 70]
[21 -8 83]
[21 -7 84]
[21 -7 85]
[21 -6 73]
[21 -25 63]
[21 -26 63]
[21 -10 68]
[21 -48 70]
[21 -48 71]
[21 -45 68]
[21 -13 65]
[21 -39 65]
[21 -8 70]
[21 -33 64]
[21 -35 64]
[21 -34 64]
[22 -31 64]
[22 -29 62]
[22 -29 63]
[22 -31 62]
[22 -49 71]
[22 -49 69]
[22 -49 70]
[22 -5 74]
[22 -5 73]
[22 -6 84]
[22 -6 86]
[22 -49 72]
[22 -42 65]
[22 -47 68]
[22 -47 67]
[22 -38 64]
[22 -37 63]
[22 -48 69]
[22 -21 62]
[22 -23 62]
[22 -21 63]
[22 -22 62]
[22 -8 69]
[22 -10 67]
[22 -8 68]
[22 -20 63]
[22 -14 64]
[22 -12 64]
[22 -5 80]
[22 -5 79]
[22 -12 65]
[22 -14 65]
[22 -19 63]
[22 -17 63]
[22 -33 63]
[22 -36 64]
[22 -11 66]
[22 -46 67]
[22 -45 67]
[22 -16 64]
[22 -16 63]
[22 -18 63]
[22 -5 82]
[22 -26 62]
[22 -24 62]
[22 -5 75]
[22 -6 82]
[22 -5 84]
[22 -5 83]
[22 -6 85]
[22 -43 66]
[22 -34 63]
[22 -9 92]
[22 -9 91]
[22 -41 65]
[22 -6 69]
[22 -7 69]
[22 -44 66]
[22 -5 76]
[22 -39 64]
[22 -49 73]
[22 -49 74]
[22 -5 71]
[22 -6 72]
[22 -6 70]
[22 -40 64]
[22 -5 77]
[22 -5 78]
[22 -6 78]
[22 -28 62]
[22 -36 63]
[22 -35 63]
[22 -5 81]
[22 -32 63]
[22 -30 62]
[23 -37 62]
[23 -20 62]
[23 -19 62]
[23 -4 83]
[23 -4 85]
[23 -50 69]
[23 -50 70]
[23 -32 62]
[23 -41 64]
[23 -39 63]
[23 -11 65]
[23 -10 65]
[23 -10 66]
[23 -18 62]
[23 -16 62]
[23 -48 68]
[23 -4 73]
[23 -44 65]
[23 -43 67]
[23 -7 86]
[23 -5 85]
[23 -9 67]
[23 -7 68]
[23 -8 67]
[23 -4 72]
[23 -4 78]
[23 -4 79]
[23 -5 69]
[23 -50 71]
[23 -35 62]
[23 -33 62]
[23 -34 62]
[23 -49 68]
[23 -25 61]
[23 -26 61]
[23 -22 61]
[23 -23 61]
[23 -42 64]
[23 -11 64]
[23 -4 77]
[23 -43 65]
[23 -50 72]
[23 -50 73]
[23 -15 63]
[23 -15 64]
[23 -4 76]
[23 -48 74]
[23 -36 62]
[23 -4 81]
[23 -14 63]
[23 -13 64]
[23 -4 80]
[23 -4 75]
[23 -12 63]
[23 -38 62]
[23 -24 61]
[23 -45 65]
[23 -5 70]
[23 -45 66]
[23 -29 61]
[23 -5 72]
[23 -4 74]
[23 -30 61]
[23 -21 61]
[23 -38 63]
[23 -40 63]
[23 -47 66]
[23 -31 61]
[24 -4 86]
[24 -4 84]
[24 -5 86]
[24 -3 85]
[24 -39 62]
[24 -34 61]
[24 -51 73]
[24 -51 74]
[24 -51 72]
[24 -50 74]
[24 -3 72]
[24 -3 82]
[24 -3 81]
[24 -3 80]
[24 -44 64]
[24 -43 64]
[24 -25 60]
[24 -24 60]
[24 -25 62]
[24 -27 62]
[24 -4 70]
[24 -23 60]
[24 -13 62]
[24 -3 73]
[24 -9 66]
[24 -5 68]
[24 -6 68]
[24 -10 64]
[24 -48 67]
[24 -47 65]
[24 -46 65]
[24 -48 65]
[24 -41 63]
[24 -14 62]
[24 -15 62]
[24 -9 64]
[24 -37 61]
[24 -38 61]
[24 -17 62]
[24 -17 61]
[24 -16 61]
[24 -51 70]
[24 -50 68]
[24 -3 77]
[24 -3 75]
[24 -46 66]
[24 -45 64]
[24 -46 64]
[24 -15 65]
[24 -35 61]
[24 -36 61]
[24 -31 60]
[24 -33 61]
[24 -7 66]
[24 -8 66]
[24 -7 67]
[24 -13 63]
[24 -6 67]
[24 -20 61]
[24 -19 61]
[24 -18 61]
[24 -11 63]
[24 -3 78]
[24 -28 60]
[24 -30 60]
[24 -3 83]
[24 -49 67]
[24 -22 60]
[24 -3 79]
[24 -26 60]
[24 -4 71]
[24 -42 63]
[24 -51 68]
[25 -51 69]
[25 -51 71]
[25 -52 70]
[25 -21 60]
[25 -20 60]
[25 -33 60]
[25 -36 60]
[25 -50 67]
[25 -52 67]
[25 -52 69]
[25 -51 67]
[25 -3 86]
[25 -2 86]
[25 -2 84]
[25 -3 84]
[25 -41 62]
[25 -42 62]
[25 -37 60]
[25 -35 60]
[25 -18 60]
[25 -19 60]
[25 -17 60]
[25 -52 74]
[25 -6 66]
[25 -5 66]
[25 -2 80]
[25 -2 79]
[25 -2 81]
[25 -49 66]
[25 -11 62]
[25 -34 60]
[25 -48 64]
[25 -47 64]
[25 -2 72]
[25 -3 74]
[25 -8 65]
[25 -2 83]
[25 -2 82]
[25 -3 87]
[25 -49 65]
[25 -49 64]
[25 -4 87]
[25 -6 87]
[25 -5 87]
[25 -25 59]
[25 -2 75]
[25 -3 76]
[25 -2 74]
[25 -39 61]
[25 -40 61]
[25 -15 61]
[25 -45 63]
[25 -52 73]
[25 -52 72]
[25 -3 70]
[25 -12 62]
[25 -3 71]
[25 -2 73]
[25 -27 61]
[25 -27 59]
[25 -29 59]
[25 -28 61]
[25 -28 59]
[25 -4 82]
[25 -23 59]
[25 -24 59]
[25 -30 59]
[25 -31 59]
[25 -32 60]
[25 -32 61]
[25 -7 65]
[25 -9 65]
[25 -10 63]
[25 -9 63]
[25 -50 66]
[25 -48 66]
[25 -14 61]
[25 -43 63]
[25 -44 63]
[25 -2 76]
[25 -46 63]
[25 -5 67]
[25 -4 69]
[25 -12 61]
[25 -29 60]
[25 -8 64]
[25 -2 77]
[25 -2 78]
[26 -20 59]
[26 -3 68]
[26 -4 68]
[26 -5 88]
[26 -35 59]
[26 -14 60]
[26 -2 85]
[26 -51 66]
[26 -53 68]
[26 -52 68]
[26 -41 61]
[26 -42 61]
[26 -40 62]
[26 -47 63]
[26 -49 63]
[26 -52 66]
[26 -31 58]
[26 -30 58]
[26 -22 59]
[26 -41 60]
[26 -10 61]
[26 -10 62]
[26 -11 61]
[26 -1 82]
[26 -27 58]
[26 -1 87]
[26 -2 87]
[26 -6 65]
[26 -5 65]
[26 -38 59]
[26 -37 59]
[26 -36 59]
[26 -53 73]
[26 -18 59]
[26 -17 59]
[26 -34 59]
[26 -8 62]
[26 -3 69]
[26 -2 70]
[26 -26 58]
[26 -1 79]
[26 -52 71]
[26 -4 88]
[26 -24 58]
[26 -7 63]
[26 -1 84]
[26 -1 83]
[26 -1 75]
[26 -1 74]
[26 -53 70]
[26 -53 69]
[26 -50 65]
[26 -13 60]
[26 -11 60]
[26 -51 65]
[26 -48 63]
[26 -29 58]
[26 -28 58]
[26 -44 62]
[26 -46 62]
[26 -45 62]
[26 -1 76]
[26 -1 77]
[26 -25 58]
[26 -26 59]
[26 -50 64]
[26 -50 63]
[26 -16 59]
[26 -16 60]
[26 -19 59]
[26 -1 85]
[26 -6 64]
[26 -43 62]
[26 -38 60]
[26 -40 60]
[26 -15 60]
[26 -9 62]
[26 -1 73]
[26 -1 71]
[26 -1 72]
[26 -2 71]
[27 -10 60]
[27 -7 64]
[27 -18 58]
[27 -19 58]
[27 -17 58]
[27 -1 70]
[27 -2 69]
[27 -1 69]
[27 -47 61]
[27 -46 61]
[27 -45 61]
[27 -29 57]
[27 -30 57]
[27 -28 57]
[27 -32 59]
[27 -1 86]
[27 -40 59]
[27 -42 59]
[27 -41 59]
[27 -42 60]
[27 -54 67]
[27 -54 69]
[27 -54 68]
[27 0 73]
[27 -54 74]
[27 -53 74]
[27 -39 59]
[27 -39 60]
[27 -49 62]
[27 -12 60]
[27 -25 57]
[27 -24 57]
[27 -27 57]
[27 -52 65]
[27 -51 64]
[27 -52 64]
[27 0 85]
[27 -37 58]
[27 -38 58]
[27 -3 88]
[27 -3 89]
[27 -53 71]
[27 0 72]
[27 0 76]
[27 -44 61]
[27 -33 59]
[27 -6 63]
[27 -50 62]
[27 -51 63]
[27 -1 88]
[27 0 87]
[27 -15 59]
[27 -20 58]
[27 -21 59]
[27 0 83]
[27 0 84]
[27 0 82]
[27 -22 58]
[27 -23 58]
[27 -9 61]
[27 -23 57]
[27 -14 59]
[27 -2 68]
[27 -53 67]
[27 -1 78]
[27 -10 59]
[27 -36 58]
[27 -13 61]
[27 -12 59]
[27 0 81]
[27 -1 81]
[27 -48 62]
[27 -47 62]
[27 -8 63]
[27 -2 88]
[27 -35 58]
[27 0 78]
[27 -1 80]
[27 -53 66]
[27 -53 65]
[28 -46 60]
[28 -45 60]
[28 -48 61]
[28 1 81]
[28 0 80]
[28 -21 57]
[28 -21 58]
[28 -51 62]
[28 -36 57]
[28 -20 57]
[28 -19 57]
[28 -43 59]
[28 -7 62]
[28 -15 58]
[28 -13 58]
[28 -14 58]
[28 -37 57]
[28 1 76]
[28 -39 58]
[28 -40 58]
[28 -33 58]
[28 -12 58]
[28 -11 58]
[28 -28 56]
[28 -26 56]
[28 -26 57]
[28 -43 60]
[28 -41 58]
[28 -18 57]
[28 -55 68]
[28 -55 67]
[28 -55 66]
[28 -13 59]
[28 -11 59]
[28 -43 61]
[28 -2 89]
[28 -1 89]
[28 0 77]
[28 1 77]
[28 0 79]
[28 1 85]
[28 1 84]
[28 -42 58]
[28 -38 57]
[28 -39 57]
[28 -54 64]
[28 -54 65]
[28 -55 69]
[28 -34 58]
[28 -9 60]
[28 0 69]
[28 0 70]
[28 -54 72]
[28 -53 72]
[28 1 80]
[28 -24 56]
[28 -55 70]
[28 -47 60]
[28 1 86]
[28 0 86]
[28 1 87]
[28 1 88]
[28 -29 56]
[28 -30 56]
[28 1 83]
[28 1 82]
[28 -17 57]
[28 1 72]
[28 1 71]
[28 0 71]
[28 -48 60]
[28 -52 63]
[28 -10 58]
[28 -25 56]
[28 -49 61]
[28 1 73]
[29 -54 66]
[29 -55 65]
[29 -53 64]
[29 -46 59]
[29 -56 70]
[29 -56 71]
[29 -54 70]
[29 -54 71]
[29 -17 56]
[29 0 74]
[29 2 74]
[29 2 72]
[29 -37 56]
[29 -38 56]
[29 0 89]
[29 -16 58]
[29 -18 56]
[29 2 84]
[29 2 82]
[29 2 71]
[29 1 69]
[29 1 70]
[29 -12 57]
[29 -41 57]
[29 -40 57]
[29 -42 57]
[29 2 75]
[29 0 75]
[29 -49 60]
[29 -49 59]
[29 -47 59]
[29 -27 55]
[29 -50 61]
[29 -51 61]
[29 -29 55]
[29 -13 57]
[29 -14 57]
[29 -15 57]
[29 -39 56]
[29 -27 56]
[29 -43 58]
[29 1 78]
[29 2 83]
[29 -44 60]
[29 -55 73]
[29 -54 73]
[29 -55 72]
[29 -8 61]
[29 2 81]
[29 1 79]
[29 -22 57]
[29 2 87]
[29 2 88]
[29 -53 62]
[29 2 76]
[29 -25 55]
[29 2 79]
[29 2 86]
[29 -56 66]
[29 -56 68]
[29 -28 55]
[29 -55 64]
[29 -53 63]
[29 -54 63]
[29 -55 63]
[29 0 88]
[29 -50 60]
[30 2 69]
[30 2 70]
[30 -13 56]
[30 -14 56]
[30 3 76]
[30 3 75]
[30 3 74]
[30 1 74]
[30 -56 72]
[30 -56 73]
[30 -50 59]
[30 -55 71]
[30 3 80]
[30 3 82]
[30 -51 60]
[30 2 85]
[30 3 86]
[30 3 87]
[30 2 89]
[30 1 89]
[30 -55 74]
[30 -16 55]
[30 -16 57]
[30 -26 55]
[30 -40 56]
[30 -38 55]
[30 -40 55]
[30 3 71]
[30 2 73]
[30 3 73]
[30 -39 55]
[30 -54 62]
[30 -56 64]
[30 -56 62]
[30 -56 63]
[30 3 83]
[30 2 77]
[30 1 75]
[30 -43 56]
[30 -48 58]
[30 -45 58]
[30 -45 59]
[30 3 85]
[30 -44 58]
[30 -44 57]
[30 -43 57]
[30 -44 59]
[30 -55 62]
[30 3 78]
[30 -48 59]
[30 -57 67]
[30 -56 67]
[30 -57 65]
[30 -46 58]
[30 -53 61]
[30 -52 61]
[30 -52 62]
[30 -57 68]
[30 -57 69]
[30 2 80]
[30 2 78]
[30 -41 56]
[30 -15 56]
[30 -42 56]
[31 3 77]
[31 3 79]
[31 4 77]
[31 4 79]
[31 -53 60]
[31 -54 61]
[31 -52 60]
[31 -57 62]
[31 -57 63]
[31 4 87]
[31 4 86]
[31 3 72]
[31 4 70]
[31 -57 72]
[31 -57 71]
[31 -16 56]
[31 -45 56]
[31 -45 57]
[31 4 81]
[31 -57 70]
[31 -58 69]
[31 -56 69]
[31 -49 58]
[31 -49 57]
[31 -47 57]
[31 -57 74]
[31 -57 64]
[31 -58 68]
[31 -57 66]
[31 3 84]
[31 -40 54]
[31 4 76]
[31 4 75]
[31 -43 55]
[31 -42 55]
[31 4 84]
[31 3 68]
[31 3 69]
[31 -55 61]
[31 -17 55]
[31 -15 55]
[31 -56 65]
[31 4 82]
[31 4 83]
[31 -56 61]
[31 -50 58]
[31 -51 59]
[31 -47 58]
[31 4 85]
[31 -58 67]
[31 3 70]
[31 -58 66]
[31 -58 65]
[31 4 74]
[31 4 73]
[31 -41 55]
[31 -52 59]
[31 -41 54]
[32 -58 64]
[32 4 78]
[32 4 80]
[32 4 69]
[32 2 68]
[32 -58 70]
[32 -43 54]
[32 -42 54]
[32 -57 61]
[32 5 70]
[32 4 71]
[32 5 69]
[32 5 77]
[32 5 75]
[32 3 81]
[32 5 81]
[32 5 82]
[32 -46 56]
[32 -46 57]
[32 -55 60]
[32 -54 60]
[32 -56 60]
[32 5 83]
[32 5 74]
[32 -58 72]
[32 -58 73]
[32 -59 66]
[32 -59 67]
[32 -51 58]
[32 -52 58]
[32 -44 54]
[32 5 85]
[32 -58 74]
[32 -56 74]
[32 -57 73]
[32 -50 57]
[32 -44 55]
[32 -46 55]
[32 -53 59]
[32 4 88]
[32 -59 65]
[32 -54 59]
[32 5 86]
[32 -58 71]
[32 -59 69]
[33 -55 59]
[33 -47 56]
[33 -59 64]
[33 -59 72]
[33 -59 74]
[33 -51 57]
[33 -52 57]
[33 -53 58]
[33 6 74]
[33 6 76]
[33 6 75]
[33 6 85]
[33 6 86]
[33 -54 58]
[33 5 78]
[33 -43 53]
[33 -44 53]
[33 -59 70]
[33 6 70]
[33 6 69]
[33 -47 55]
[33 -60 65]
[33 5 89]
[33 -45 54]
[33 6 83]
[33 6 77]
[33 6 78]
[33 -59 73]
[33 5 73]
[33 -57 59]
[33 -57 60]
[33 5 79]
[33 6 71]
[33 -59 68]
[33 -58 62]
[33 -58 60]
[33 6 80]
[33 6 81]
[33 6 82]
[33 6 84]
[33 -60 66]
[33 -60 68]
[33 -47 54]
[34 -53 57]
[34 -53 56]
[34 -51 56]
[34 -45 53]
[34 -46 53]
[34 -46 54]
[34 -61 66]
[34 -61 67]
[34 -60 67]
[34 -61 65]
[34 6 89]
[34 5 88]
[34 7 87]
[34 6 87]
[34 7 85]
[34 -59 75]
[34 -60 73]
[34 6 79]
[34 7 76]
[34 7 75]
[34 5 76]
[34 -48 56]
[34 -48 57]
[34 -59 61]
[34 -59 62]
[34 -58 61]
[34 7 77]
[34 7 78]
[34 -52 56]
[34 -61 64]
[34 -60 64]
[34 -55 57]
[34 7 83]
[34 -59 59]
[34 7 84]
[34 -47 53]
[34 -48 53]
[34 -61 69]
[34 -61 68]
[34 -60 69]
[34 -60 71]
[34 4 72]
[34 7 70]
[34 7 72]
[34 7 71]
[34 -58 59]
[34 -45 52]
[34 -43 52]
[34 -54 57]
[34 -55 58]
[34 -56 59]
[34 -58 63]
[34 -60 63]
[34 -48 55]
[34 7 79]
[34 7 82]
[34 7 81]
[34 7 80]
[34 -42 53]
[34 7 69]
[34 -60 72]
[34 6 73]
[34 5 80]
[34 -59 71]
[35 7 86]
[35 -48 54]
[35 -49 54]
[35 -49 52]
[35 -60 75]
[35 -49 56]
[35 -49 55]
[35 8 76]
[35 8 82]
[35 7 88]
[35 6 88]
[35 5 87]
[35 -60 70]
[35 -61 70]
[35 8 84]
[35 8 83]
[35 8 85]
[35 -56 58]
[35 -57 58]
[35 -61 63]
[35 -62 64]
[35 6 72]
[35 7 74]
[35 7 73]
[35 -62 65]
[35 -62 66]
[35 -53 55]
[35 -61 71]
[35 -62 70]
[35 -62 68]
[35 -62 69]
[35 8 81]
[35 8 80]
[35 8 79]
[35 -46 52]
[35 -52 55]
[35 8 78]
[35 -48 52]
[35 8 77]
[35 -47 52]
[35 -62 67]
[35 -61 72]
[35 -60 74]
[35 -61 74]
[35 -50 56]
[35 -50 55]
[35 -51 55]
[35 8 88]
[35 8 87]
[35 8 86]
[35 -59 58]
[35 -60 62]
[35 -45 55]
[35 -56 56]
[35 -55 56]
[35 -56 57]
[35 -60 61]
[35 -59 60]
[35 8 75]
[35 8 74]
[35 -58 58]
[35 -54 56]
[35 -59 63]
[35 -61 62]
[35 8 72]
[35 8 70]
[35 8 71]
[36 -56 55]
[36 -57 57]
[36 -63 70]
[36 -63 68]
[36 -63 69]
[36 9 76]
[36 9 75]
[36 -63 67]
[36 -51 54]
[36 -50 54]
[36 9 71]
[36 9 72]
[36 7 89]
[36 9 85]
[36 9 87]
[36 -62 71]
[36 -63 71]
[36 9 84]
[36 9 82]
[36 -55 55]
[36 -54 55]
[36 8 73]
[36 9 81]
[36 9 80]
[36 9 79]
[36 -50 53]
[36 -49 53]
[36 -61 75]
[36 9 74]
[36 9 73]
[36 -62 72]
[36 -59 57]
[36 -60 58]
[36 -60 57]
[36 -52 54]
[36 8 69]
[36 9 88]
[36 8 89]
[36 -45 51]
[36 -46 51]
[36 -47 51]
[36 -60 59]
[36 -60 60]
[36 9 83]
[36 9 78]
[36 9 86]
[36 -48 51]
[36 -61 73]
[36 -61 60]
[36 -63 65]
[36 -63 66]
[36 -63 64]
[36 9 77]
[36 -50 51]
[36 -50 52]
[36 -49 51]
[37 10 84]
[37 10 85]
[37 -49 50]
[37 -62 63]
[37 -63 63]
[37 -64 64]
[37 -61 59]
[37 10 80]
[37 10 79]
[37 10 81]
[37 -63 72]
[37 -64 66]
[37 -64 67]
[37 10 77]
[37 10 78]
[37 -55 54]
[37 10 82]
[37 -61 58]
[37 -61 57]
[37 -64 72]
[37 10 86]
[37 10 72]
[37 9 70]
[37 10 71]
[37 10 73]
[37 -46 50]
[37 -47 50]
[37 -64 69]
[37 10 76]
[37 -52 53]
[37 -51 52]
[37 -51 50]
[37 -64 68]
[37 -64 70]
[37 10 74]
[37 -58 57]
[37 -58 56]
[37 -51 53]
[37 -56 54]
[37 -57 55]
[37 -63 73]
[37 -64 71]
[37 -51 51]
[37 9 69]
[37 9 68]
[37 -62 59]
[37 -62 60]
[37 -61 61]
[37 -48 50]
[38 -65 69]
[38 -65 68]
[38 11 80]
[38 11 79]
[38 -50 50]
[38 -52 51]
[38 10 69]
[38 10 68]
[38 11 71]
[38 11 72]
[38 -54 54]
[38 -55 53]
[38 11 74]
[38 11 85]
[38 10 70]
[38 -57 56]
[38 -62 62]
[38 -64 62]
[38 -65 66]
[38 -65 65]
[38 -53 54]
[38 -63 59]
[38 11 81]
[38 -64 73]
[38 -49 49]
[38 -50 49]
[38 -65 71]
[38 -65 73]
[38 11 77]
[38 10 75]
[38 11 84]
[38 11 76]
[38 -64 65]
[38 -65 72]
[38 11 75]
[38 -52 49]
[38 -51 49]
[38 11 78]
[38 -48 49]
[38 -62 57]
[38 -62 58]
[38 10 83]
[38 11 82]
[38 11 83]
[39 -65 64]
[39 12 73]
[39 11 73]
[39 -66 68]
[39 -65 70]
[39 12 80]
[39 12 78]
[39 -51 48]
[39 -52 50]
[39 -52 48]
[39 -65 61]
[39 -65 62]
[39 -64 61]
[39 -65 63]
[39 -53 50]
[39 -65 67]
[39 -63 58]
[39 -66 65]
[39 -66 66]
[39 12 82]
[39 -66 71]
[39 12 77]
[39 -66 72]
[39 -66 73]
[39 -66 74]
[39 12 84]
[39 12 79]
[39 12 81]
[39 12 76]
[39 12 75]
[39 -55 52]
[39 -56 53]
[39 -50 48]
[39 11 69]
[39 11 70]
[39 12 72]
[39 12 86]
[39 -66 67]
[39 12 71]
[39 -53 53]
[39 -62 61]
[39 -63 61]
[39 -52 52]
[39 12 83]
[40 13 72]
[40 12 70]
[40 -53 51]
[40 -64 60]
[40 -63 60]
[40 13 78]
[40 13 73]
[40 13 71]
[40 13 83]
[40 13 82]
[40 -64 58]
[40 13 80]
[40 13 79]
[40 13 81]
[40 12 74]
[40 13 75]
[40 -67 66]
[40 -66 64]
[40 -67 64]
[40 -67 65]
[40 -65 60]
[40 -66 62]
[40 -67 73]
[40 13 77]
[40 -52 47]
[40 -53 52]
[40 -54 53]
[40 -67 68]
[40 -64 63]
[40 -66 70]
[40 -67 72]
[40 -67 71]
[40 12 87]
[40 11 87]
[40 11 86]
[40 13 86]
[40 12 85]
[40 -54 50]
[40 -67 70]
[40 -63 62]
[40 -67 74]
[40 -66 61]
[40 11 68]
[40 12 69]
[41 14 83]
[41 13 84]
[41 14 84]
[41 14 82]
[41 -53 49]
[41 14 81]
[41 14 79]
[41 -66 69]
[41 -68 68]
[41 -67 67]
[41 -68 69]
[41 -67 69]
[41 -64 59]
[41 13 85]
[41 14 87]
[41 -52 46]
[41 -53 47]
[41 -68 64]
[41 -68 65]
[41 -67 61]
[41 -54 52]
[41 -54 51]
[41 10 87]
[41 -68 70]
[41 -68 71]
[41 14 75]
[41 13 76]
[41 14 76]
[41 -68 74]
[41 -67 60]
[41 -67 62]
[41 -66 60]
[41 14 78]
[41 -66 63]
[41 13 70]
[41 13 68]
[41 10 88]
[41 -65 59]
[41 -66 59]
[41 13 88]
[41 12 88]
[41 11 88]
[41 14 80]
[41 14 72]
[41 14 73]
[41 13 74]
[41 14 74]
[41 14 77]
[41 11 67]
[41 -68 72]
[42 15 87]
[42 11 89]
[42 -51 45]
[42 -51 46]
[42 15 77]
[42 15 78]
[42 15 84]
[42 15 83]
[42 14 69]
[42 12 68]
[42 13 69]
[42 15 82]
[42 14 86]
[42 -69 72]
[42 -69 73]
[42 -69 71]
[42 15 75]
[42 15 74]
[42 15 76]
[42 14 85]
[42 -53 48]
[42 -54 49]
[42 15 80]
[42 15 73]
[42 -65 58]
[42 -69 70]
[42 -67 59]
[42 -68 62]
[42 -68 61]
[42 -68 60]
[42 -68 67]
[42 -69 67]
[42 -69 68]
[42 -67 63]
[42 12 67]
[42 10 67]
[42 -69 64]
[42 -68 66]
[42 -69 65]
[42 -69 74]
[42 -69 63]
[42 -68 63]
[42 15 72]
[42 15 71]
[42 14 71]
[42 13 89]
[42 12 89]
[42 14 70]
[43 15 86]
[43 16 82]
[43 16 81]
[43 16 83]
[43 -69 62]
[43 16 72]
[43 16 73]
[43 13 90]
[43 14 88]
[43 12 90]
[43 16 86]
[43 16 88]
[43 -70 72]
[43 -70 71]
[43 15 70]
[43 -69 66]
[43 -70 68]
[43 -69 69]
[43 -70 67]
[43 -68 73]
[43 16 76]
[43 16 75]
[43 -50 44]
[43 -51 44]
[43 -52 45]
[43 16 79]
[43 16 80]
[43 15 79]
[43 -70 74]
[43 10 89]
[43 10 90]
[43 -70 65]
[43 -69 61]
[43 16 74]
[43 16 71]
[43 16 70]
[43 11 90]
[43 -69 75]
[43 -70 73]
[43 -70 75]
[43 -68 59]
[43 -69 60]
[44 -70 62]
[44 -70 61]
[44 17 76]
[44 17 74]
[44 17 86]
[44 16 87]
[44 15 85]
[44 16 85]
[44 -71 74]
[44 -71 75]
[44 15 89]
[44 15 88]
[44 14 89]
[44 17 71]
[44 17 72]
[44 17 70]
[44 17 82]
[44 16 84]
[44 17 83]
[44 16 78]
[44 -49 43]
[44 -51 43]
[44 -69 59]
[44 -70 59]
[44 -70 60]
[44 -70 64]
[44 -71 65]
[44 -71 66]
[44 14 90]
[44 12 91]
[44 15 81]
[44 17 81]
[44 -70 63]
[44 17 75]
[44 16 77]
[44 17 77]
[44 -71 72]
[44 -71 71]
[44 -70 70]
[44 17 73]
[44 -69 58]
[44 17 80]
[44 17 79]
[44 -50 43]
[44 -71 67]
[44 -52 44]
[44 11 91]
[44 -71 68]
[44 -70 69]
[44 13 91]
[45 18 73]
[45 -48 42]
[45 -48 43]
[45 11 92]
[45 12 92]
[45 13 92]
[45 17 85]
[45 18 74]
[45 15 90]
[45 18 78]
[45 17 78]
[45 18 77]
[45 -71 64]
[45 -70 58]
[45 -70 57]
[45 18 72]
[45 -71 62]
[45 17 84]
[45 16 89]
[45 -71 69]
[45 18 80]
[45 18 79]
[45 18 83]
[45 -72 73]
[45 -72 72]
[45 -71 73]
[45 18 86]
[45 18 85]
[45 16 90]
[45 -71 63]
[45 -71 61]
[45 -72 74]
[45 -71 59]
[45 -72 71]
[45 -71 70]
[45 18 82]
[45 18 70]
[45 18 71]
[45 14 92]
[45 -72 75]
[45 18 81]
[45 -72 67]
[45 -72 66]
[45 -70 66]
[45 -72 65]
[45 10 92]
[45 10 91]
[46 19 77]
[46 18 76]
[46 19 78]
[46 15 93]
[46 13 93]
[46 15 92]
[46 15 91]
[46 14 91]
[46 16 91]
[46 18 84]
[46 -72 62]
[46 19 79]
[46 -73 73]
[46 -73 74]
[46 19 86]
[46 19 84]
[46 19 85]
[46 -72 70]
[46 -72 63]
[46 19 87]
[46 -69 57]
[46 -71 58]
[46 -71 60]
[46 -73 72]
[46 -70 56]
[46 -69 56]
[46 -73 65]
[46 -73 66]
[46 -72 64]
[46 17 91]
[46 17 89]
[46 -48 41]
[46 -47 42]
[46 19 74]
[46 19 72]
[46 11 93]
[46 -47 43]
[46 -72 68]
[46 -73 68]
[46 -73 67]
[46 -72 69]
[46 19 80]
[46 12 93]
[46 19 71]
[46 19 81]
[46 19 82]
[46 19 83]
[46 17 88]
[46 17 90]
[46 17 69]
[46 18 69]
[46 19 75]
[47 20 78]
[47 20 79]
[47 20 77]
[47 16 92]
[47 16 93]
[47 14 93]
[47 -46 41]
[47 -47 41]
[47 -74 74]
[47 -73 75]
[47 -74 75]
[47 -74 73]
[47 -68 56]
[47 -68 57]
[47 20 85]
[47 20 87]
[47 17 92]
[47 20 83]
[47 20 81]
[47 20 84]
[47 20 80]
[47 20 82]
[47 -74 67]
[47 19 69]
[47 -73 64]
[47 13 94]
[47 -72 58]
[47 -72 59]
[47 -46 42]
[47 18 89]
[47 18 91]
[47 18 90]
[47 -47 40]
[47 17 68]
[47 18 68]
[47 16 68]
[47 18 88]
[47 20 86]
[47 -74 65]
[47 -74 64]
[47 20 74]
[47 18 75]
[47 19 73]
[47 20 73]
[47 14 94]
[47 -72 61]
[47 -72 60]
[47 -73 70]
[47 -73 71]
[47 -74 72]
[47 20 71]
[47 20 72]
[47 -73 62]
[47 -73 63]
[47 18 87]
[47 17 87]
[47 -73 69]
[48 21 78]
[48 21 79]
[48 19 76]
[48 19 88]
[48 19 89]
[48 21 82]
[48 21 83]
[48 16 67]
[48 -74 69]
[48 -74 71]
[48 -73 61]
[48 21 74]
[48 21 73]
[48 20 75]
[48 -73 59]
[48 -67 56]
[48 -73 60]
[48 15 94]
[48 17 93]
[48 17 94]
[48 19 91]
[48 19 90]
[48 20 70]
[48 19 68]
[48 20 69]
[48 19 70]
[48 21 80]
[48 21 81]
[48 -73 58]
[48 -45 40]
[48 -45 41]
[48 -46 40]
[48 -74 63]
[48 -75 68]
[48 -75 67]
[48 -74 68]
[48 21 72]
[48 21 71]
[48 21 86]
[48 20 88]
[48 -75 64]
[48 -75 65]
[48 14 95]
[48 12 95]
[48 21 76]
[48 18 92]
[48 -74 70]
[48 -75 72]
[48 -75 74]
[48 13 95]
[48 21 85]
[48 -74 62]
[48 -75 73]
[48 -75 75]
[48 -75 63]
[48 17 67]
[48 21 84]
[49 22 86]
[49 19 92]
[49 20 90]
[49 19 93]
[49 22 85]
[49 22 84]
[49 13 96]
[49 12 94]
[49 20 91]
[49 -76 72]
[49 -76 68]
[49 -75 69]
[49 -76 69]
[49 -67 55]
[49 -66 55]
[49 -74 59]
[49 20 89]
[49 22 78]
[49 22 77]
[49 20 76]
[49 18 94]
[49 18 93]
[49 22 83]
[49 22 81]
[49 22 79]
[49 16 66]
[49 16 94]
[49 17 95]
[49 16 95]
[49 22 73]
[49 22 80]
[49 15 95]
[49 14 96]
[49 -75 70]
[49 -76 64]
[49 -75 62]
[49 -76 65]
[49 -76 63]
[49 -76 75]
[49 -74 61]
[49 -76 71]
[49 -75 71]
[49 -76 74]
[49 -74 60]
[49 22 74]
[49 21 68]
[49 21 70]
[49 21 69]
[49 -74 58]
[49 21 77]
[49 -75 66]
[49 -74 66]
[49 22 82]
[49 22 71]
[49 22 72]
[50 23 80]
[50 23 78]
[50 23 86]
[50 23 85]
[50 16 65]
[50 23 81]
[50 21 75]
[50 18 95]
[50 11 94]
[50 23 83]
[50 16 96]
[50 22 76]
[50 23 76]
[50 23 71]
[50 23 73]
[50 -77 64]
[50 -77 62]
[50 15 96]
[50 -77 66]
[50 -76 73]
[50 -77 75]
[50 -77 73]
[50 22 70]
[50 23 84]
[50 22 69]
[50 21 88]
[50 21 89]
[50 -76 67]
[50 22 67]
[50 -77 71]
[50 20 92]
[50 -77 70]
[50 -76 70]
[50 21 91]
[50 21 90]
[50 23 74]
[50 23 75]
[50 23 79]
[50 -73 57]
[50 -75 59]
[50 -74 57]
[50 -75 58]
[50 -75 60]
[50 -77 63]
[50 -77 69]
[50 -75 61]
[50 21 92]
[51 22 75]
[51 24 75]
[51 17 64]
[51 16 64]
[51 -78 62]
[51 -76 62]
[51 24 82]
[51 -77 74]
[51 -77 72]
[51 19 94]
[51 18 96]
[51 19 96]
[51 22 89]
[51 -74 56]
[51 24 84]
[51 24 77]
[51 24 78]
[51 24 79]
[51 23 70]
[51 23 69]
[51 17 96]
[51 23 77]
[51 -77 65]
[51 -78 65]
[51 -78 63]
[51 22 92]
[51 22 93]
[51 21 93]
[51 -77 61]
[51 23 67]
[51 21 67]
[51 22 90]
[51 -78 69]
[51 24 83]
[51 24 86]
[51 23 87]
[51 24 80]
[51 24 81]
[51 -76 60]
[51 23 72]
[51 24 72]
[51 22 91]
[51 -78 71]
[51 -78 70]
[51 24 76]
[51 24 74]
[51 -76 61]
[51 11 95]
[51 -76 58]
[51 -76 59]
[51 -76 57]
[51 -78 74]
[51 20 93]
[51 22 88]
[51 -78 67]
[51 -77 67]
[51 -76 66]
[52 22 87]
[52 23 89]
[52 25 76]
[52 25 84]
[52 25 85]
[52 22 94]
[52 21 94]
[52 25 78]
[52 25 77]
[52 20 94]
[52 17 63]
[52 16 63]
[52 24 67]
[52 22 68]
[52 -78 60]
[52 -78 72]
[52 25 71]
[52 25 72]
[52 24 71]
[52 24 73]
[52 24 85]
[52 23 88]
[52 -78 66]
[52 -78 64]
[52 -77 58]
[52 -79 67]
[52 -79 68]
[52 25 82]
[52 25 81]
[52 25 80]
[52 23 82]
[52 -79 74]
[52 19 95]
[52 20 97]
[52 -79 63]
[52 -79 62]
[52 -77 60]
[52 25 79]
[52 23 91]
[52 -76 56]
[52 -77 57]
[52 -75 57]
[52 18 97]
[52 17 97]
[52 20 95]
[52 -79 69]
[52 -78 68]
[52 -79 64]
[52 -77 68]
[52 23 92]
[52 23 94]
[52 -78 73]
[52 23 90]
[52 -74 55]
[52 -73 55]
[52 -75 56]
[52 -73 56]
[52 -75 55]
[52 25 75]
[52 25 74]
[53 -80 69]
[53 26 79]
[53 26 78]
[53 26 74]
[53 26 76]
[53 15 64]
[53 17 62]
[53 16 62]
[53 15 63]
[53 15 62]
[53 -79 72]
[53 -79 73]
[53 -74 54]
[53 -73 54]
[53 21 97]
[53 21 98]
[53 -76 55]
[53 -77 55]
[53 22 95]
[53 23 93]
[53 24 93]
[53 24 91]
[53 24 92]
[53 21 96]
[53 20 96]
[53 21 95]
[53 -80 64]
[53 -80 62]
[53 24 90]
[53 26 81]
[53 -78 56]
[53 -78 57]
[53 -78 58]
[53 24 89]
[53 24 88]
[53 26 73]
[53 26 72]
[53 25 73]
[53 26 80]
[53 25 70]
[53 -75 54]
[53 -78 59]
[53 -80 74]
[53 -80 75]
[53 19 97]
[53 -79 71]
[53 25 86]
[53 26 86]
[53 26 84]
[53 -77 59]
[53 -79 59]
[53 -78 61]
[53 26 75]
[53 -80 70]
[53 -80 68]
[53 -80 63]
[53 -80 61]
[53 -79 65]
[53 26 83]
[53 -79 66]
[53 -80 66]
[54 -79 58]
[54 -79 60]
[54 -80 72]
[54 -79 70]
[54 -80 71]
[54 27 78]
[54 27 79]
[54 27 77]
[54 25 92]
[54 25 91]
[54 25 93]
[54 16 61]
[54 -81 69]
[54 20 98]
[54 -81 63]
[54 -80 65]
[54 14 64]
[54 14 63]
[54 27 73]
[54 27 75]
[54 -74 53]
[54 24 87]
[54 27 87]
[54 26 85]
[54 27 86]
[54 25 87]
[54 -77 56]
[54 -81 61]
[54 14 62]
[54 17 61]
[54 22 97]
[54 25 94]
[54 -76 53]
[54 -76 54]
[54 -80 73]
[54 22 96]
[54 23 96]
[54 27 83]
[54 25 83]
[54 27 80]
[54 27 81]
[54 25 90]
[54 -81 62]
[54 -79 61]
[54 -79 56]
[54 -80 67]
[54 25 89]
[54 -81 74]
[54 -81 64]
[54 27 72]
[54 27 74]
[54 26 71]
[54 27 71]
[54 -79 75]
[54 -81 75]
[54 27 76]
[54 26 70]
[54 -81 71]
[54 -73 53]
[55 26 92]
[55 -81 68]
[55 -81 66]
[55 13 63]
[55 28 71]
[55 28 80]
[55 26 88]
[55 28 86]
[55 -79 57]
[55 -82 62]
[55 -82 63]
[55 -82 64]
[55 -75 53]
[55 -77 52]
[55 -82 71]
[55 26 77]
[55 28 77]
[55 -74 52]
[55 -73 52]
[55 -75 52]
[55 27 70]
[55 26 89]
[55 26 90]
[55 -81 76]
[55 -82 76]
[55 -82 74]
[55 -82 75]
[55 -81 70]
[55 -82 68]
[55 -82 70]
[55 28 87]
[55 26 87]
[55 27 85]
[55 -80 60]
[55 24 95]
[55 24 94]
[55 26 94]
[55 26 95]
[55 23 95]
[55 -81 72]
[55 25 88]
[55 -80 76]
[55 -78 75]
[55 -81 60]
[55 -82 73]
[55 -81 73]
[55 26 91]
[55 28 74]
[55 28 76]
[55 28 75]
[55 28 81]
[55 28 79]
[55 -81 65]
[55 -82 61]
[55 27 82]
[55 26 82]
[55 27 84]
[55 28 83]
[55 -80 57]
[55 -80 58]
[55 -80 59]
[55 26 93]
[55 28 82]
[55 16 60]
[55 22 98]
[55 23 98]
[56 29 74]
[56 29 75]
[56 -83 61]
[56 -83 63]
[56 28 85]
[56 27 91]
[56 27 90]
[56 29 81]
[56 -83 60]
[56 -82 60]
[56 -83 62]
[56 25 96]
[56 27 96]
[56 29 79]
[56 28 78]
[56 29 73]
[56 28 73]
[56 29 76]
[56 29 77]
[56 -80 77]
[56 -81 77]
[56 29 70]
[56 -80 56]
[56 -77 51]
[56 -76 51]
[56 -78 52]
[56 -77 53]
[56 -82 65]
[56 27 93]
[56 27 95]
[56 -82 72]
[56 -83 70]
[56 -83 71]
[56 23 97]
[56 -82 67]
[56 -82 66]
[56 -81 67]
[56 27 88]
[56 27 89]
[56 -83 69]
[56 12 62]
[56 12 63]
[56 24 96]
[56 27 92]
[56 -83 75]
[56 -74 51]
[56 -75 51]
[56 29 84]
[56 29 83]
[56 15 60]
[56 27 94]
[56 -82 77]
[56 -83 76]
[56 29 80]
[56 -83 64]
[56 -72 52]
[56 -72 53]
[56 -82 69]
[57 -83 68]
[57 -84 68]
[57 -84 70]
[57 -84 69]
[57 -72 51]
[57 -84 74]
[57 -84 75]
[57 24 98]
[57 -82 59]
[57 28 90]
[57 28 92]
[57 28 91]
[57 -71 52]
[57 -71 53]
[57 -84 71]
[57 -75 50]
[57 -74 50]
[57 30 74]
[57 30 73]
[57 30 85]
[57 28 84]
[57 29 85]
[57 30 75]
[57 30 77]
[57 30 78]
[57 -83 66]
[57 -82 78]
[57 -83 77]
[57 -83 78]
[57 28 93]
[57 28 94]
[57 28 96]
[57 13 62]
[57 11 62]
[57 -78 50]
[57 -76 52]
[57 -77 50]
[57 -78 51]
[57 30 80]
[57 30 79]
[57 30 81]
[57 -84 62]
[57 -84 61]
[57 -84 60]
[57 30 84]
[57 28 88]
[57 29 72]
[57 28 72]
[57 -76 50]
[57 -83 59]
[57 -84 59]
[57 29 82]
[57 30 71]
[57 28 70]
[57 29 71]
[57 -83 65]
[57 -84 63]
[57 -84 64]
[57 -84 65]
[57 -79 51]
[57 -83 72]
[57 -83 73]
[57 27 97]
[57 26 96]
[57 15 59]
[57 25 95]
[57 -84 72]
[58 -85 61]
[58 -85 71]
[58 -85 73]
[58 -70 53]
[58 -70 52]
[58 -71 51]
[58 29 94]
[58 29 93]
[58 29 95]
[58 28 97]
[58 29 97]
[58 -84 66]
[58 -84 67]
[58 -73 50]
[58 -72 50]
[58 29 86]
[58 -83 74]
[58 -85 76]
[58 -85 74]
[58 -85 75]
[58 -85 63]
[58 -85 64]
[58 -85 62]
[58 -85 69]
[58 -85 72]
[58 31 78]
[58 29 78]
[58 -70 54]
[58 24 97]
[58 24 99]
[58 25 97]
[58 -75 49]
[58 28 98]
[58 27 98]
[58 -84 58]
[58 -82 58]
[58 30 72]
[58 30 86]
[58 31 86]
[58 29 90]
[58 29 89]
[58 31 71]
[58 31 70]
[58 29 88]
[58 28 89]
[58 -84 77]
[58 31 81]
[58 31 79]
[58 -83 58]
[58 -85 60]
[58 31 75]
[58 30 76]
[58 31 74]
[58 31 82]
[58 31 80]
[58 30 82]
[58 29 91]
[58 29 92]
[58 31 73]
[58 -79 50]
[58 31 76]
[58 -77 49]
[58 -79 49]
[58 -78 49]
[58 30 83]
[58 31 85]
[58 -81 59]
[58 -84 73]
[58 -85 65]
[58 -74 49]
[58 26 97]
[58 10 62]
[59 30 90]
[59 30 89]
[59 -76 48]
[59 32 74]
[59 32 76]
[59 -78 48]
[59 31 83]
[59 32 82]
[59 -80 49]
[59 -80 50]
[59 31 87]
[59 30 87]
[59 -86 61]
[59 31 77]
[59 32 77]
[59 25 99]
[59 25 98]
[59 31 84]
[59 -86 59]
[59 29 96]
[59 29 87]
[59 -70 50]
[59 32 80]
[59 32 81]
[59 32 79]
[59 32 78]
[59 -77 48]
[59 30 69]
[59 32 71]
[59 31 72]
[59 -84 76]
[59 -86 76]
[59 26 98]
[59 -85 66]
[59 9 61]
[59 9 62]
[59 -82 57]
[59 -83 57]
[59 -81 57]
[59 -73 51]
[59 -71 50]
[59 -71 49]
[59 32 85]
[59 32 87]
[59 -85 58]
[59 30 94]
[59 30 95]
[59 30 93]
[59 28 95]
[59 -85 67]
[59 -86 63]
[59 -86 64]
[59 30 70]
[59 -86 71]
[59 -80 48]
[59 -79 48]
[59 28 99]
[59 -85 77]
[59 30 98]
[59 30 97]
[59 -75 48]
[59 -73 49]
[59 -86 70]
[59 -86 72]
[59 -86 69]
[59 -85 68]
[59 -86 74]
[59 -86 75]
[59 -83 67]
[59 -86 73]
[59 30 92]
[59 30 91]
[59 30 88]
[59 -72 49]
[59 -86 60]
[59 -81 58]
[59 29 98]
[59 27 99]
[59 29 99]
[60 26 99]
[60 33 79]
[60 31 93]
[60 -86 67]
[60 -86 66]
[60 -81 50]
[60 -81 48]
[60 -80 47]
[60 -87 77]
[60 33 83]
[60 33 82]
[60 32 83]
[60 33 81]
[60 -87 74]
[60 -87 73]
[60 -87 75]
[60 31 68]
[60 30 68]
[60 29 100]
[60 -87 72]
[60 27 100]
[60 28 100]
[60 32 86]
[60 33 85]
[60 32 84]
[60 33 86]
[60 30 99]
[60 33 78]
[60 -86 68]
[60 31 92]
[60 31 90]
[60 -85 59]
[60 -71 48]
[60 -72 48]
[60 31 88]
[60 32 88]
[60 -75 47]
[60 -76 47]
[60 -74 48]
[60 33 77]
[60 32 75]
[60 -70 49]
[60 -87 61]
[60 -87 62]
[60 -87 64]
[60 -86 65]
[60 31 69]
[60 29 69]
[60 31 89]
[60 -87 70]
[60 -85 70]
[60 31 91]
[60 -87 69]
[60 -87 71]
[60 32 70]
[60 33 72]
[60 33 70]
[60 32 72]
[60 31 96]
[60 31 94]
[60 31 95]
[60 -87 60]
[60 -73 48]
[60 -76 49]
[60 30 96]
[60 -78 47]
[60 33 75]
[60 33 74]
[60 33 73]
[60 32 73]
[60 -87 76]
[60 -79 47]
[60 31 97]
[60 -69 49]
[61 -87 68]
[61 -88 70]
[61 -88 68]
[61 34 82]
[61 -88 72]
[61 -88 61]
[61 33 76]
[61 -88 76]
[61 -87 78]
[61 -86 77]
[61 -88 78]
[61 34 83]
[61 -79 46]
[61 -77 47]
[61 29 101]
[61 34 75]
[61 34 73]
[61 34 74]
[61 -81 49]
[61 -82 48]
[61 -82 49]
[61 -88 62]
[61 -86 62]
[61 -87 63]
[61 32 95]
[61 -87 66]
[61 -69 48]
[61 -68 48]
[61 -87 67]
[61 -87 65]
[61 28 101]
[61 -75 46]
[61 -88 65]
[61 -88 63]
[61 33 84]
[61 -71 47]
[61 34 78]
[61 32 93]
[61 -76 46]
[61 34 80]
[61 34 79]
[61 33 80]
[61 32 91]
[61 32 89]
[61 33 89]
[61 -73 47]
[61 -74 47]
[61 29 68]
[61 30 67]
[61 32 69]
[61 34 70]
[61 33 71]
[61 34 71]
[61 -70 48]
[61 32 90]
[61 34 76]
[61 34 85]
[61 34 72]
[61 31 98]
[61 -82 50]
[61 34 86]
[61 33 87]
[61 32 94]
[61 32 68]
[61 32 67]
[61 -88 71]
[61 -88 69]
[61 32 98]
[61 32 97]
[61 33 69]
[61 -88 73]
[61 -72 47]
[62 -88 64]
[62 33 91]
[62 33 90]
[62 35 72]
[62 32 92]
[62 33 92]
[62 -77 46]
[62 -89 77]
[62 -89 70]
[62 -88 67]
[62 29 102]
[62 35 77]
[62 35 78]
[62 34 88]
[62 34 90]
[62 34 89]
[62 33 88]
[62 35 84]
[62 33 67]
[62 33 99]
[62 33 97]
[62 31 99]
[62 -81 47]
[62 -83 48]
[62 -83 47]
[62 -82 47]
[62 -89 71]
[62 34 69]
[62 -88 79]
[62 -87 79]
[62 -89 79]
[62 -89 78]
[62 35 70]
[62 35 71]
[62 35 69]
[62 -69 47]
[62 -89 69]
[62 34 84]
[62 34 81]
[62 35 79]
[62 -77 45]
[62 29 66]
[62 31 67]
[62 -76 45]
[62 -74 46]
[62 -74 45]
[62 -75 45]
[62 35 73]
[62 -88 66]
[62 32 96]
[62 31 66]
[62 33 66]
[62 33 68]
[62 34 87]
[62 -73 46]
[62 -72 46]
[62 33 94]
[62 -83 50]
[62 -83 49]
[62 -81 51]
[62 34 77]
[62 -70 46]
[62 -89 68]
[62 33 95]
[62 35 86]
[62 35 85]
[62 35 87]
[62 -70 47]
[62 32 99]
[62 -80 45]
[62 -78 45]
[62 -78 46]
[62 -89 64]
[62 -89 66]
[62 35 74]
[63 36 84]
[63 36 85]
[63 33 100]
[63 32 100]
[63 35 83]
[63 -73 45]
[63 -90 69]
[63 -90 71]
[63 34 91]
[63 34 100]
[63 34 99]
[63 33 98]
[63 34 98]
[63 -90 78]
[63 36 87]
[63 36 71]
[63 35 88]
[63 -90 70]
[63 -71 46]
[63 -71 45]
[63 36 86]
[63 36 88]
[63 36 75]
[63 -84 50]
[63 35 89]
[63 -78 44]
[63 -76 44]
[63 -77 44]
[63 -75 44]
[63 -90 67]
[63 -90 68]
[63 -69 46]
[63 -70 45]
[63 -82 51]
[63 -79 45]
[63 -89 63]
[63 32 66]
[63 30 66]
[63 35 76]
[63 -81 46]
[63 -83 46]
[63 -82 46]
[63 36 83]
[63 -90 64]
[63 -90 65]
[63 -90 63]
[63 -87 80]
[63 -86 80]
[63 36 70]
[63 34 96]
[63 36 73]
[63 34 94]
[63 34 67]
[63 35 68]
[63 -89 76]
[63 -89 65]
[63 -89 67]
[63 36 72]
[63 34 93]
[63 -84 49]
[63 34 95]
[63 35 90]
[63 -88 80]
[63 -90 79]
[63 36 77]
[63 -72 45]
[63 36 69]
[63 34 68]
[63 28 67]
[63 29 67]
[63 28 66]
[63 35 82]
[63 35 80]
[63 -81 44]
[63 -81 45]
[63 -89 80]
[63 30 100]
[64 -69 45]
[64 -69 44]
[64 -71 44]
[64 -70 44]
[64 37 68]
[64 37 70]
[64 36 68]
[64 34 101]
[64 35 101]
[64 35 100]
[64 37 86]
[64 -82 43]
[64 -82 44]
[64 -80 43]
[64 35 94]
[64 35 95]
[64 -90 66]
[64 37 78]
[64 37 76]
[64 36 78]
[64 36 74]
[64 37 74]
[64 37 75]
[64 32 101]
[64 37 84]
[64 37 83]
[64 37 72]
[64 37 71]
[64 -84 48]
[64 -85 49]
[64 -85 50]
[64 35 98]
[64 34 97]
[64 35 99]
[64 -87 81]
[64 -91 66]
[64 -91 64]
[64 31 100]
[64 36 76]
[64 35 75]
[64 -80 46]
[64 -91 68]
[64 -84 47]
[64 -68 47]
[64 -68 46]
[64 -83 45]
[64 31 101]
[64 36 80]
[64 36 81]
[64 -80 44]
[64 -82 45]
[64 -89 62]
[64 -90 62]
[64 -86 81]
[64 -88 77]
[64 -90 75]
[64 -89 75]
[64 -74 43]
[64 -75 43]
[64 -74 44]
[64 -91 71]
[64 -91 70]
[64 35 93]
[64 36 89]
[64 -85 81]
[64 35 91]
[64 -89 81]
[64 -88 81]
[64 -90 80]
[64 -79 44]
[64 -77 43]
[64 37 87]
[64 37 89]
[64 37 85]
[64 36 91]
[64 -83 51]
[64 -91 69]
[64 35 97]
[64 -78 43]
[65 -86 82]
[65 -85 82]
[65 -84 82]
[65 35 96]
[65 36 98]
[65 36 97]
[65 36 96]
[65 38 69]
[65 38 71]
[65 38 70]
[65 37 69]
[65 -92 64]
[65 -92 65]
[65 -91 65]
[65 -91 67]
[65 33 101]
[65 31 102]
[65 38 90]
[65 36 90]
[65 37 88]
[65 38 88]
[65 -73 44]
[65 37 73]
[65 38 73]
[65 36 99]
[65 36 100]
[65 36 67]
[65 -88 82]
[65 -92 66]
[65 -86 49]
[65 -85 48]
[65 36 94]
[65 36 95]
[65 38 86]
[65 -83 44]
[65 -82 42]
[65 -79 43]
[65 -68 45]
[65 35 92]
[65 37 91]
[65 37 90]
[65 -87 82]
[65 36 92]
[65 38 74]
[65 38 75]
[65 30 101]
[65 30 102]
[65 32 102]
[65 34 102]
[65 36 101]
[65 35 102]
[65 -90 81]
[65 38 72]
[65 -78 42]
[65 -76 43]
[65 -77 42]
[65 -76 42]
[65 -71 43]
[65 -72 43]
[65 -70 43]
[65 -72 44]
[65 -73 42]
[65 37 82]
[65 37 81]
[65 -67 46]
[65 36 79]
[65 37 77]
[65 -81 43]
[65 -85 47]
[65 -85 46]
[65 38 68]
[65 38 84]
[65 38 83]
[65 38 87]
[65 -84 46]
[65 38 77]
[65 37 79]
[65 35 81]
[65 -68 44]
[65 36 82]
[65 36 93]
[65 -69 43]
[66 33 102]
[66 39 71]
[66 39 70]
[66 39 89]
[66 38 89]
[66 -88 83]
[66 -87 83]
[66 -77 41]
[66 -79 42]
[66 39 83]
[66 39 84]
[66 38 91]
[66 -82 41]
[66 -81 42]
[66 -83 43]
[66 33 103]
[66 -92 63]
[66 -93 65]
[66 -93 64]
[66 -91 63]
[66 -84 44]
[66 -84 45]
[66 37 100]
[66 37 101]
[66 -85 45]
[66 -72 41]
[66 -74 42]
[66 -86 46]
[66 -86 48]
[66 -86 47]
[66 -69 42]
[66 -71 42]
[66 37 98]
[66 37 97]
[66 39 72]
[66 -76 41]
[66 -68 43]
[66 37 96]
[66 39 85]
[66 37 94]
[66 37 92]
[66 34 103]
[66 -73 43]
[66 -78 41]
[66 -84 81]
[66 30 103]
[66 31 103]
[66 37 93]
[66 38 78]
[66 38 76]
[66 37 80]
[66 38 82]
[66 38 80]
[66 39 78]
[66 39 77]
[66 -87 48]
[66 39 76]
[66 36 102]
[66 34 92]
[66 -72 42]
[66 32 103]
[66 39 86]
[66 39 87]
[66 37 67]
[66 38 67]
[66 39 67]
[66 -86 45]
[66 38 92]
[66 -67 44]
[66 -67 45]
[67 40 77]
[67 40 76]
[67 37 95]
[67 38 95]
[67 38 93]
[67 -73 40]
[67 -71 41]
[67 -73 41]
[67 -86 44]
[67 40 79]
[67 38 102]
[67 38 101]
[67 -85 44]
[67 38 66]
[67 32 104]
[67 31 104]
[67 38 81]
[67 39 66]
[67 -70 42]
[67 -68 42]
[67 -70 41]
[67 38 85]
[67 40 85]
[67 40 71]
[67 40 72]
[67 35 103]
[67 37 102]
[67 -76 40]
[67 40 88]
[67 40 90]
[67 39 79]
[67 -75 41]
[67 -77 40]
[67 -75 40]
[67 -75 42]
[67 -67 43]
[67 40 73]
[67 -66 43]
[67 -80 42]
[67 -79 40]
[67 -78 40]
[67 -79 41]
[67 38 94]
[67 -87 46]
[67 39 90]
[67 39 88]
[67 -87 47]
[67 39 81]
[67 38 79]
[67 -83 82]
[67 39 82]
[67 33 104]
[67 40 83]
[67 -88 84]
[67 -87 84]
[67 -86 83]
[67 -84 43]
[67 -85 43]
[67 40 86]
[67 -81 40]
[67 -83 40]
[67 39 93]
[67 40 87]
[67 38 99]
[67 37 99]
[67 38 97]
[67 39 75]
[67 34 104]
[67 -88 47]
[67 39 92]
[67 39 91]
[67 -87 44]
[67 -83 42]
[68 40 81]
[68 -74 41]
[68 -69 40]
[68 -69 41]
[68 -78 39]
[68 -79 39]
[68 41 71]
[68 39 73]
[68 41 73]
[68 39 80]
[68 40 80]
[68 38 100]
[68 41 80]
[68 41 79]
[68 -77 39]
[68 39 101]
[68 39 100]
[68 41 88]
[68 32 105]
[68 34 105]
[68 33 105]
[68 37 103]
[68 39 103]
[68 39 102]
[68 -84 40]
[68 -84 39]
[68 -83 39]
[68 -82 39]
[68 41 72]
[68 -80 41]
[68 -72 40]
[68 38 98]
[68 -87 45]
[68 -87 43]
[68 40 93]
[68 40 92]
[68 -88 46]
[68 40 91]
[68 38 96]
[68 39 96]
[68 39 98]
[68 39 97]
[68 41 85]
[68 41 87]
[68 35 104]
[68 35 105]
[68 41 82]
[68 40 82]
[68 -85 83]
[68 -86 84]
[68 39 95]
[68 39 94]
[68 -67 42]
[68 -67 41]
[68 39 65]
[68 -65 42]
[68 41 84]
[68 40 84]
[68 41 86]
[68 -84 42]
[68 -88 45]
[68 41 78]
[68 41 76]
[68 41 77]
[68 41 90]
[68 40 89]
[68 -85 42]
[68 -76 39]
[68 -74 40]
[68 -75 39]
[68 -74 39]
[68 40 94]
[68 40 75]
[68 36 104]
[68 40 65]
[68 -80 40]
[68 -80 39]
[68 -81 41]
[68 -81 39]
[68 -82 40]
[68 39 74]
[68 41 89]
[68 -86 43]
[68 -89 46]
[68 -66 42]
[68 -83 83]
[68 -88 44]
[68 -88 43]
[69 -83 41]
[69 -81 38]
[69 42 80]
[69 42 79]
[69 40 78]
[69 42 84]
[69 42 85]
[69 -65 41]
[69 -66 41]
[69 41 83]
[69 42 83]
[69 41 81]
[69 42 86]
[69 41 75]
[69 42 90]
[69 42 91]
[69 42 89]
[69 40 98]
[69 40 97]
[69 -68 41]
[69 -80 38]
[69 -84 41]
[69 -86 42]
[69 -89 44]
[69 34 106]
[69 -76 38]
[69 -77 38]
[69 -78 38]
[69 40 99]
[69 39 99]
[69 -68 40]
[69 41 93]
[69 40 95]
[69 41 94]
[69 41 95]
[69 42 76]
[69 40 100]
[69 40 101]
[69 -75 38]
[69 35 106]
[69 36 105]
[69 -84 83]
[69 -84 84]
[69 -85 84]
[69 -73 39]
[69 -74 38]
[69 41 92]
[69 42 70]
[69 42 72]
[69 41 91]
[69 42 87]
[69 42 88]
[69 40 96]
[69 42 73]
[69 41 74]
[69 40 103]
[69 38 103]
[69 42 75]
[69 42 77]
[69 -89 45]
[69 36 103]
[69 40 104]
[69 39 104]
[69 38 104]
[69 -83 84]
[69 40 74]
[69 -85 41]
[69 -85 38]
[69 -84 38]
[69 -89 42]
[69 -85 40]
[69 -86 85]
[70 -82 37]
[70 -80 37]
[70 -82 38]
[70 41 98]
[70 41 96]
[70 41 97]
[70 -65 40]
[70 33 106]
[70 34 107]
[70 42 74]
[70 43 86]
[70 -85 86]
[70 -86 86]
[70 -74 37]
[70 -73 37]
[70 42 94]
[70 43 91]
[70 43 92]
[70 42 92]
[70 42 82]
[70 42 81]
[70 43 79]
[70 42 78]
[70 43 78]
[70 43 74]
[70 43 76]
[70 39 105]
[70 37 105]
[70 38 105]
[70 37 104]
[70 -84 85]
[70 -85 85]
[70 43 89]
[70 43 90]
[70 43 88]
[70 43 81]
[70 41 103]
[70 40 105]
[70 -78 37]
[70 -79 38]
[70 -77 37]
[70 43 72]
[70 43 73]
[70 -75 37]
[70 36 106]
[70 36 107]
[70 40 102]
[70 41 102]
[70 41 104]
[70 -86 40]
[70 42 95]
[70 -88 41]
[70 -88 42]
[70 -89 43]
[70 -89 41]
[70 -90 41]
[70 -86 41]
[70 -86 39]
[70 -76 37]
[70 -67 40]
[70 43 77]
[70 43 75]
[70 42 93]
[70 37 106]
[70 43 84]
[70 43 85]
[70 41 99]
[70 43 70]
[70 43 69]
[70 -79 37]
[70 -81 37]
[70 -85 39]
[70 -86 37]
[70 -72 39]
[70 -82 84]
[70 -82 83]
[70 -82 85]
[70 -87 42]
[70 -87 41]
[70 43 87]
[70 -90 44]
[70 -83 85]
[70 42 71]
[71 -87 40]
[71 -87 38]
[71 -87 39]
[71 42 104]
[71 44 90]
[71 44 88]
[71 34 108]
[71 35 107]
[71 43 93]
[71 43 94]
[71 44 85]
[71 44 84]
[71 44 77]
[71 44 75]
[71 44 76]
[71 44 86]
[71 44 78]
[71 44 79]
[71 -75 36]
[71 -83 86]
[71 -82 86]
[71 -81 86]
[71 41 105]
[71 39 106]
[71 41 106]
[71 44 89]
[71 44 91]
[71 -81 36]
[71 -80 36]
[71 41 101]
[71 43 82]
[71 -76 36]
[71 -74 36]
[71 -83 37]
[71 42 96]
[71 -67 39]
[71 44 80]
[71 44 93]
[71 38 106]
[71 44 72]
[71 -86 36]
[71 -85 37]
[71 -84 86]
[71 44 71]
[71 44 73]
[71 43 71]
[71 -88 40]
[71 -89 40]
[71 -66 39]
[71 -90 42]
[71 -72 38]
[71 37 108]
[71 37 107]
[71 36 108]
[71 35 108]
[71 44 87]
[71 43 96]
[71 -77 36]
[71 42 103]
[71 44 81]
[71 44 82]
[71 42 98]
[71 42 100]
[71 41 100]
[71 -85 87]
[71 44 69]
[71 44 70]
[71 43 83]
[71 42 97]
[71 43 95]
[71 -83 36]
[71 -83 38]
[71 -79 36]
[71 -72 36]
[71 -73 36]
[71 -78 36]
[72 44 68]
[72 45 70]
[72 45 68]
[72 -89 39]
[72 36 109]
[72 35 109]
[72 45 72]
[72 43 104]
[72 43 102]
[72 43 103]
[72 -87 36]
[72 44 95]
[72 44 96]
[72 -72 35]
[72 -88 39]
[72 -84 87]
[72 -73 35]
[72 -82 87]
[72 -83 87]
[72 -81 87]
[72 -75 35]
[72 43 97]
[72 -79 35]
[72 -78 35]
[72 -84 36]
[72 -84 37]
[72 -90 43]
[72 45 71]
[72 45 69]
[72 38 107]
[72 45 86]
[72 45 88]
[72 -83 35]
[72 38 108]
[72 -81 35]
[72 -80 35]
[72 40 106]
[72 -73 38]
[72 -74 35]
[72 42 101]
[72 43 100]
[72 45 76]
[72 45 75]
[72 42 99]
[72 44 83]
[72 -76 35]
[72 45 91]
[72 44 92]
[72 37 109]
[72 40 107]
[72 38 109]
[72 45 74]
[72 45 78]
[72 45 79]
[72 45 83]
[72 45 82]
[72 45 81]
[72 45 80]
[72 45 73]
[72 -86 38]
[72 -88 38]
[72 44 94]
[72 42 107]
[72 45 89]
[72 45 90]
[72 -86 87]
[72 -86 88]
[72 -77 35]
[72 45 85]
[72 -82 35]
[72 -82 36]
[72 43 99]
[72 43 98]
[73 46 69]
[73 46 70]
[73 42 102]
[73 46 81]
[73 -76 34]
[73 -87 37]
[73 -85 89]
[73 -87 87]
[73 -85 36]
[73 46 79]
[73 45 94]
[73 45 93]
[73 -90 39]
[73 -90 40]
[73 -89 38]
[73 39 108]
[73 37 110]
[73 38 110]
[73 36 110]
[73 42 105]
[73 44 105]
[73 44 104]
[73 46 71]
[73 41 107]
[73 39 107]
[73 40 108]
[73 43 107]
[73 46 90]
[73 46 88]
[73 -85 35]
[73 -84 35]
[73 -72 37]
[73 46 82]
[73 46 84]
[73 -81 34]
[73 46 91]
[73 -72 34]
[73 -81 88]
[73 -83 88]
[73 46 73]
[73 45 77]
[73 46 76]
[73 44 103]
[73 45 95]
[73 45 96]
[73 -83 34]
[73 -82 34]
[73 -87 35]
[73 -86 35]
[73 46 80]
[73 46 72]
[73 46 67]
[73 46 75]
[73 46 74]
[73 -82 88]
[73 -77 34]
[73 -79 34]
[73 -87 86]
[73 -84 34]
[73 -73 34]
[73 46 85]
[73 -75 34]
[73 44 99]
[73 44 98]
[73 45 87]
[73 45 97]
[73 43 101]
[73 -89 37]
[73 46 87]
[73 44 102]
[73 44 101]
[74 46 97]
[74 46 95]
[74 -84 89]
[74 -85 90]
[74 47 77]
[74 47 75]
[74 47 68]
[74 47 69]
[74 45 98]
[74 45 99]
[74 44 100]
[74 45 100]
[74 -78 34]
[74 -76 33]
[74 -81 89]
[74 -80 88]
[74 -82 89]
[74 43 105]
[74 45 105]
[74 45 103]
[74 45 104]
[74 41 108]
[74 42 108]
[74 -85 34]
[74 -85 33]
[74 -83 33]
[74 45 67]
[74 46 66]
[74 40 109]
[74 39 109]
[74 38 111]
[74 37 111]
[74 39 111]
[74 46 77]
[74 47 80]
[74 47 81]
[74 47 79]
[74 46 86]
[74 45 84]
[74 47 84]
[74 47 73]
[74 -91 40]
[74 -91 38]
[74 -90 38]
[74 -91 39]
[74 36 111]
[74 -75 33]
[74 -74 33]
[74 -88 36]
[74 -81 33]
[74 -88 37]
[74 -90 37]
[74 -89 36]
[74 46 93]
[74 46 94]
[74 47 74]
[74 45 101]
[74 47 72]
[74 -88 34]
[74 -87 34]
[74 -86 34]
[74 -88 35]
[74 46 83]
[74 47 83]
[74 47 82]
[74 44 108]
[74 44 106]
[74 43 108]
[74 -83 89]
[74 44 97]
[74 45 92]
[74 46 92]
[74 -73 33]
[74 -77 33]
[74 45 106]
[74 47 71]
[74 47 70]
[74 45 102]
[74 -84 33]
[74 41 109]
[74 47 88]
[74 46 89]
[74 47 87]
[74 -79 33]
[74 -80 34]
[74 42 106]
[74 47 89]
[74 47 90]
[75 44 109]
[75 48 71]
[75 -83 90]
[75 48 72]
[75 48 74]
[75 47 95]
[75 48 79]
[75 47 76]
[75 48 89]
[75 48 90]
[75 -76 32]
[75 48 81]
[75 48 82]
[75 48 80]
[75 48 70]
[75 46 104]
[75 42 109]
[75 47 91]
[75 -90 35]
[75 39 110]
[75 -81 90]
[75 -82 90]
[75 -80 33]
[75 -78 33]
[75 46 100]
[75 46 101]
[75 -86 33]
[75 47 86]
[75 -89 34]
[75 -89 35]
[75 48 75]
[75 -74 34]
[75 -74 32]
[75 -73 32]
[75 -86 89]
[75 -84 90]
[75 -84 91]
[75 -72 33]
[75 -72 32]
[75 48 83]
[75 39 112]
[75 38 112]
[75 37 112]
[75 -90 36]
[75 -91 37]
[75 40 110]
[75 40 111]
[75 -83 32]
[75 -84 32]
[75 48 85]
[75 47 85]
[75 -88 33]
[75 46 68]
[75 48 77]
[75 46 78]
[75 47 78]
[75 47 67]
[75 48 68]
[75 48 69]
[75 46 106]
[75 44 107]
[75 46 107]
[75 47 94]
[75 47 93]
[75 43 106]
[75 -78 32]
[75 -82 33]
[75 -81 32]
[75 46 102]
[75 36 112]
[75 -86 32]
[75 46 99]
[75 43 109]
[75 45 107]
[75 48 88]
[75 -84 88]
[75 -85 88]
[75 48 84]
[75 47 97]
[76 48 93]
[76 48 94]
[76 37 113]
[76 38 113]
[76 -91 36]
[76 -91 35]
[76 46 98]
[76 47 100]
[76 49 83]
[76 49 81]
[76 42 110]
[76 41 110]
[76 -77 32]
[76 46 108]
[76 45 108]
[76 47 106]
[76 -84 31]
[76 -83 31]
[76 -85 31]
[76 -90 33]
[76 -89 33]
[76 49 78]
[76 49 77]
[76 -82 91]
[76 -83 91]
[76 -82 32]
[76 -82 31]
[76 49 79]
[76 48 78]
[76 49 74]
[76 41 111]
[76 49 91]
[76 48 91]
[76 49 89]
[76 49 90]
[76 48 86]
[76 46 103]
[76 47 101]
[76 -85 32]
[76 -74 31]
[76 -72 31]
[76 48 92]
[76 48 73]
[76 49 70]
[76 47 92]
[76 -75 31]
[76 -75 32]
[76 -76 31]
[76 40 112]
[76 41 112]
[76 49 80]
[76 -79 32]
[76 -80 32]
[76 -87 31]
[76 46 96]
[76 48 96]
[76 47 96]
[76 49 84]
[76 46 105]
[76 47 107]
[76 49 88]
[76 48 66]
[76 47 66]
[76 49 68]
[76 49 69]
[76 -79 31]
[76 -77 31]
[76 49 75]
[76 48 76]
[76 39 113]
[76 -87 32]
[76 -89 32]
[76 49 71]
[76 -81 91]
[76 -80 90]
[76 -83 92]
[76 49 82]
[76 49 87]
[76 48 87]
[76 47 103]
[76 -73 31]
[77 -90 34]
[77 -91 33]
[77 -90 32]
[77 47 105]
[77 -75 30]
[77 -77 30]
[77 48 95]
[77 43 110]
[77 50 82]
[77 50 79]
[77 50 78]
[77 50 69]
[77 48 67]
[77 47 65]
[77 -82 92]
[77 50 90]
[77 50 89]
[77 49 96]
[77 49 97]
[77 -92 35]
[77 -84 30]
[77 -82 30]
[77 -73 30]
[77 -78 31]
[77 -80 31]
[77 -81 31]
[77 49 67]
[77 48 65]
[77 47 99]
[77 50 86]
[77 50 88]
[77 50 87]
[77 50 73]
[77 50 75]
[77 48 100]
[77 47 102]
[77 48 102]
[77 -83 30]
[77 -81 30]
[77 48 97]
[77 -86 31]
[77 50 92]
[77 49 92]
[77 50 91]
[77 49 85]
[77 50 85]
[77 50 71]
[77 49 72]
[77 49 86]
[77 -76 30]
[77 -84 93]
[77 50 83]
[77 48 99]
[77 48 101]
[77 49 76]
[77 49 94]
[77 49 93]
[77 42 111]
[77 50 72]
[77 50 70]
[77 47 104]
[77 -85 30]
[77 -72 30]
[77 38 114]
[77 -78 30]
[77 50 81]
[77 47 108]
[77 48 107]
[77 48 108]
[77 -80 91]
[77 -88 32]
[77 -88 31]
[77 -88 30]
[77 -89 31]
[77 -90 31]
[77 50 80]
[78 -89 30]
[78 -90 30]
[78 -91 32]
[78 -91 30]
[78 51 82]
[78 51 79]
[78 51 80]
[78 48 104]
[78 48 105]
[78 48 106]
[78 48 64]
[78 49 64]
[78 49 109]
[78 49 107]
[78 48 109]
[78 49 108]
[78 -87 30]
[78 51 88]
[78 51 89]
[78 50 68]
[78 51 69]
[78 -86 30]
[78 51 92]
[78 51 91]
[78 48 103]
[78 37 115]
[78 39 114]
[78 38 115]
[78 -80 30]
[78 -83 29]
[78 -84 29]
[78 -76 29]
[78 -77 29]
[78 51 81]
[78 51 71]
[78 47 98]
[78 49 103]
[78 49 101]
[78 50 84]
[78 -72 29]
[78 -74 29]
[78 -73 29]
[78 -84 92]
[78 -83 94]
[78 -84 94]
[78 -83 93]
[78 51 73]
[78 51 72]
[78 49 73]
[78 50 96]
[78 48 98]
[78 -74 30]
[78 -75 29]
[78 51 74]
[78 -81 29]
[78 51 78]
[78 -82 29]
[78 49 66]
[78 51 77]
[78 49 100]
[78 50 94]
[78 51 87]
[78 51 85]
[78 51 76]
[78 50 76]
[78 50 67]
[78 50 77]
[78 50 97]
[78 -85 29]
[78 49 98]
[78 -91 31]
[78 49 106]
[78 -92 33]
[78 -91 34]
[78 -92 34]
[78 -82 93]
[78 -81 93]
[78 -78 29]
[78 -79 29]
[78 51 70]
[78 49 95]
[78 51 90]
[79 51 75]
[79 52 74]
[79 50 107]
[79 50 105]
[79 49 104]
[79 50 102]
[79 51 83]
[79 52 83]
[79 -92 31]
[79 -92 30]
[79 50 108]
[79 51 68]
[79 -86 29]
[79 52 91]
[79 52 92]
[79 52 86]
[79 52 87]
[79 51 86]
[79 52 88]
[79 -79 30]
[79 -80 28]
[79 -80 29]
[79 50 66]
[79 51 66]
[79 52 81]
[79 52 80]
[79 52 90]
[79 52 77]
[79 49 63]
[79 49 65]
[79 -85 92]
[79 -85 93]
[79 51 84]
[79 37 114]
[79 50 65]
[79 50 64]
[79 52 78]
[79 -89 29]
[79 -82 95]
[79 -84 95]
[79 -78 28]
[79 -79 28]
[79 52 70]
[79 51 94]
[79 51 97]
[79 52 75]
[79 49 99]
[79 52 85]
[79 -91 29]
[79 -74 28]
[79 -75 28]
[79 -82 28]
[79 -81 28]
[79 52 71]
[79 52 73]
[79 -93 32]
[79 -82 94]
[79 -85 28]
[79 -84 28]
[79 -76 28]
[79 -77 28]
[79 -80 93]
[79 -81 94]
[79 -80 92]
[79 -81 92]
[79 50 101]
[79 49 102]
[79 -90 29]
[79 52 69]
[79 38 116]
[79 52 72]
[79 -83 28]
[80 -83 27]
[80 -85 27]
[80 -84 27]
[80 -80 95]
[80 -80 94]
[80 51 107]
[80 51 108]
[80 -84 96]
[80 -85 96]
[80 51 65]
[80 51 67]
[80 53 69]
[80 53 71]
[80 -79 27]
[80 -80 27]
[80 53 86]
[80 53 87]
[80 53 72]
[80 53 73]
[80 53 70]
[80 52 67]
[80 52 65]
[80 52 66]
[80 -92 28]
[80 50 98]
[80 50 99]
[80 53 89]
[80 53 90]
[80 52 84]
[80 51 63]
[80 -93 31]
[80 -93 30]
[80 -81 95]
[80 -83 96]
[80 -88 28]
[80 -88 29]
[80 -79 92]
[80 -79 93]
[80 53 82]
[80 53 84]
[80 53 83]
[80 -81 27]
[80 -82 27]
[80 -92 32]
[80 52 82]
[80 53 80]
[80 53 81]
[80 53 92]
[80 -90 28]
[80 -75 27]
[80 -73 28]
[80 53 88]
[80 -86 27]
[80 -85 91]
[80 49 105]
[80 53 74]
[80 53 75]
[80 -78 27]
[80 51 96]
[80 52 96]
[80 50 74]
[80 52 76]
[80 51 100]
[80 52 79]
[80 -87 28]
[80 -86 28]
[80 -87 29]
[80 -76 27]
[80 -83 95]
[80 -77 27]
[80 52 93]
[80 51 93]
[80 52 95]
[80 51 102]
[80 50 103]
[81 -83 26]
[81 54 89]
[81 52 89]
[81 54 90]
[81 54 88]
[81 50 100]
[81 52 99]
[81 52 101]
[81 51 99]
[81 51 98]
[81 53 79]
[81 54 71]
[81 -88 27]
[81 51 106]
[81 52 106]
[81 52 107]
[81 50 106]
[81 -92 29]
[81 -93 27]
[81 54 93]
[81 53 91]
[81 53 67]
[81 -82 26]
[81 54 91]
[81 -94 30]
[81 50 95]
[81 -85 97]
[81 -85 95]
[81 -84 97]
[81 52 108]
[81 -93 33]
[81 -82 97]
[81 -83 97]
[81 53 85]
[81 54 87]
[81 54 85]
[81 54 86]
[81 -80 26]
[81 51 104]
[81 50 93]
[81 54 81]
[81 -81 96]
[81 -79 95]
[81 -80 96]
[81 -87 26]
[81 -87 27]
[81 -85 26]
[81 53 94]
[81 54 72]
[81 54 73]
[81 52 68]
[81 53 68]
[81 -93 29]
[81 -74 27]
[81 54 75]
[81 54 76]
[81 54 74]
[81 -78 93]
[81 -78 94]
[81 52 62]
[81 51 64]
[81 51 62]
[81 50 63]
[81 -72 27]
[81 -73 27]
[81 -89 28]
[81 -90 27]
[81 -91 28]
[81 -91 27]
[81 -77 26]
[81 54 79]
[81 52 102]
[81 52 103]
[81 51 103]
[81 -82 96]
[81 50 104]
[81 -79 94]
[81 53 95]
[81 -79 26]
[81 -78 26]
[81 53 66]
[81 54 80]
[81 52 97]
[81 53 97]
[81 53 96]
[81 -78 91]
[81 52 64]
[81 53 64]
[81 53 65]
[82 55 80]
[82 53 78]
[82 55 79]
[82 55 92]
[82 55 90]
[82 52 100]
[82 54 84]
[82 -81 97]
[82 55 87]
[82 -93 28]
[82 55 74]
[82 55 81]
[82 -89 26]
[82 52 98]
[82 -90 26]
[82 -92 26]
[82 55 77]
[82 53 77]
[82 53 76]
[82 53 108]
[82 53 106]
[82 51 105]
[82 52 61]
[82 53 61]
[82 52 63]
[82 51 61]
[82 53 62]
[82 54 82]
[82 55 82]
[82 -73 26]
[82 -94 29]
[82 -80 97]
[82 -79 96]
[82 54 65]
[82 -83 25]
[82 -82 25]
[82 -77 92]
[82 -77 93]
[82 54 67]
[82 54 69]
[82 -86 26]
[82 55 85]
[82 55 86]
[82 -84 98]
[82 50 62]
[82 -83 98]
[82 -85 98]
[82 -87 25]
[82 -84 26]
[82 -84 25]
[82 53 104]
[82 53 103]
[82 53 102]
[82 -72 28]
[82 -74 26]
[82 52 105]
[82 53 105]
[82 52 94]
[82 54 95]
[82 54 96]
[82 55 91]
[82 -77 94]
[82 -78 95]
[82 52 104]
[82 -94 28]
[82 -93 26]
[82 -94 27]
[82 -71 27]
[82 -78 25]
[82 54 66]
[82 54 64]
[82 55 75]
[82 55 76]
[82 54 70]
[82 -77 25]
[82 -76 25]
[82 51 101]
[82 54 68]
[82 53 100]
[82 -80 25]
[82 -81 25]
[82 -81 26]
[82 55 88]
[82 -89 27]
[82 55 72]
[82 55 73]
[82 -79 25]
[82 54 92]
[82 53 93]
[83 -81 24]
[83 55 95]
[83 54 94]
[83 -85 25]
[83 54 97]
[83 -88 25]
[83 -88 24]
[83 -86 24]
[83 -88 26]
[83 -86 25]
[83 56 74]
[83 56 90]
[83 -92 27]
[83 -78 96]
[83 -78 97]
[83 55 65]
[83 54 83]
[83 -82 24]
[83 -83 24]
[83 -84 24]
[83 54 102]
[83 54 103]
[83 53 101]
[83 54 101]
[83 55 67]
[83 55 66]
[83 56 75]
[83 56 73]
[83 53 99]
[83 54 99]
[83 54 77]
[83 56 78]
[83 56 77]
[83 54 78]
[83 54 105]
[83 54 106]
[83 56 88]
[83 -78 92]
[83 -76 92]
[83 55 93]
[83 -79 98]
[83 -79 97]
[83 -92 25]
[83 -94 25]
[83 -89 25]
[83 55 68]
[83 -76 24]
[83 -77 24]
[83 54 61]
[83 53 60]
[83 53 63]
[83 54 62]
[83 -80 24]
[83 -79 24]
[83 -84 99]
[83 -82 99]
[83 56 84]
[83 55 84]
[83 56 85]
[83 56 81]
[83 -78 24]
[83 55 83]
[83 56 83]
[83 52 60]
[83 56 71]
[83 56 86]
[83 -91 25]
[83 -76 26]
[83 -75 24]
[83 -75 25]
[83 55 78]
[83 56 80]
[83 56 79]
[83 -85 99]
[83 -83 99]
[83 56 76]
[83 55 70]
[83 55 69]
[83 -76 91]
[83 -77 91]
[83 -76 93]
[83 -94 26]
[83 -95 26]
[83 53 98]
[83 -77 95]
[83 54 107]
[83 53 107]
[83 55 71]
[84 -93 25]
[84 -95 24]
[84 -93 24]
[84 -80 23]
[84 -79 23]
[84 -78 23]
[84 -87 24]
[84 56 66]
[84 56 64]
[84 55 99]
[84 54 98]
[84 55 98]
[84 -81 23]
[84 -77 97]
[84 56 72]
[84 57 74]
[84 -77 23]
[84 57 79]
[84 57 77]
[84 -81 99]
[84 -82 98]
[84 56 70]
[84 -91 26]
[84 -91 24]
[84 -90 25]
[84 -90 24]
[84 57 70]
[84 57 89]
[84 55 89]
[84 56 89]
[84 56 92]
[84 56 94]
[84 56 93]
[84 -82 23]
[84 -83 23]
[84 55 102]
[84 57 80]
[84 55 107]
[84 57 76]
[84 57 75]
[84 -77 98]
[84 -78 98]
[84 -77 96]
[84 -76 96]
[84 -76 95]
[84 57 91]
[84 57 90]
[84 56 91]
[84 -95 25]
[84 56 82]
[84 -75 94]
[84 -75 93]
[84 -85 23]
[84 -87 23]
[84 -84 100]
[84 -83 100]
[84 -85 100]
[84 54 100]
[84 55 101]
[84 55 100]
[84 55 96]
[84 56 96]
[84 -78 90]
[84 -89 24]
[84 -75 92]
[84 56 67]
[84 56 69]
[84 55 60]
[84 54 60]
[84 55 62]
[84 54 104]
[84 55 104]
[84 55 105]
[84 57 81]
[84 54 59]
[84 55 94]
[84 -89 23]
[84 56 65]
[84 -80 98]
[84 57 87]
[84 57 85]
[84 56 87]
[84 -92 24]
[84 55 63]
[84 -76 23]
[84 -75 23]
[84 -74 25]
[84 57 86]
[84 57 84]
[84 57 82]
[84 -78 99]
[84 -80 99]
[85 -81 98]
[85 -83 101]
[85 -85 101]
[85 -84 101]
[85 -83 22]
[85 -81 22]
[85 58 76]
[85 58 77]
[85 53 59]
[85 54 58]
[85 -94 23]
[85 -75 96]
[85 -76 97]
[85 -75 95]
[85 -93 23]
[85 58 80]
[85 57 78]
[85 58 78]
[85 55 103]
[85 58 85]
[85 57 83]
[85 56 95]
[85 56 97]
[85 56 102]
[85 57 94]
[85 57 95]
[85 56 62]
[85 55 61]
[85 54 63]
[85 56 63]
[85 58 81]
[85 -86 23]
[85 -86 22]
[85 -84 22]
[85 -84 23]
[85 57 68]
[85 57 69]
[85 56 68]
[85 57 88]
[85 58 89]
[85 56 61]
[85 56 60]
[85 56 59]
[85 56 106]
[85 56 107]
[85 56 101]
[85 58 84]
[85 -88 23]
[85 57 63]
[85 55 64]
[85 -73 24]
[85 -74 24]
[85 58 86]
[85 58 71]
[85 58 69]
[85 58 70]
[85 -76 22]
[85 -75 22]
[85 57 93]
[85 -87 22]
[85 58 92]
[85 57 67]
[85 57 66]
[85 57 73]
[85 56 99]
[85 56 100]
[85 58 91]
[85 -96 24]
[85 -82 22]
[85 -79 100]
[85 -77 22]
[85 56 104]
[85 56 105]
[85 -79 22]
[85 -81 100]
[85 58 74]
[85 56 98]
[85 55 97]
[85 -78 22]
[85 58 83]
[85 58 82]
[85 -79 99]
[85 -80 100]
[85 -74 95]
[85 -74 94]
[85 -76 94]
[85 -74 23]
[85 57 65]
[85 -94 24]
[85 58 87]
[85 -90 23]
[85 -91 23]
[86 -77 21]
[86 -79 21]
[86 58 93]
[86 58 79]
[86 59 79]
[86 59 78]
[86 59 77]
[86 58 88]
[86 58 94]
[86 -73 23]
[86 57 72]
[86 58 73]
[86 -75 97]
[86 -74 96]
[86 59 85]
[86 59 84]
[86 58 75]
[86 59 74]
[86 59 73]
[86 58 67]
[86 58 66]
[86 58 68]
[86 57 102]
[86 -86 21]
[86 -84 21]
[86 -83 21]
[86 -82 21]
[86 -88 22]
[86 55 106]
[86 57 105]
[86 -92 22]
[86 -92 23]
[86 59 87]
[86 59 86]
[86 57 58]
[86 56 58]
[86 57 60]
[86 57 59]
[86 55 59]
[86 57 96]
[86 -74 93]
[86 53 57]
[86 55 57]
[86 57 92]
[86 57 99]
[86 58 65]
[86 57 64]
[86 -72 25]
[86 -73 25]
[86 -85 22]
[86 -76 21]
[86 59 82]
[86 59 72]
[86 58 72]
[86 59 70]
[86 58 63]
[86 -82 100]
[86 -83 102]
[86 -84 102]
[86 57 103]
[86 56 103]
[86 57 61]
[86 57 62]
[86 -80 22]
[86 -80 21]
[86 57 101]
[86 59 83]
[86 59 81]
[86 -79 101]
[86 -75 21]
[86 59 75]
[86 59 90]
[86 59 88]
[86 58 90]
[86 59 89]
[86 57 106]
[86 -81 21]
[86 -95 23]
[86 -85 24]
[86 -81 101]
[86 -88 21]
[87 58 58]
[87 57 104]
[87 57 100]
[87 58 98]
[87 59 76]
[87 60 74]
[87 60 75]
[87 60 85]
[87 60 84]
[87 59 64]
[87 59 65]
[87 58 64]
[87 -88 20]
[87 -87 21]
[87 60 86]
[87 60 87]
[87 -80 20]
[87 -78 21]
[87 -78 20]
[87 -83 20]
[87 -84 20]
[87 59 93]
[87 59 94]
[87 58 97]
[87 -79 20]
[87 59 69]
[87 59 67]
[87 60 78]
[87 60 80]
[87 58 103]
[87 58 61]
[87 58 62]
[87 60 76]
[87 60 90]
[87 59 91]
[87 60 70]
[87 60 69]
[87 60 71]
[87 -80 101]
[87 -80 102]
[87 -74 22]
[87 -74 21]
[87 -76 20]
[87 59 95]
[87 58 95]
[87 -82 101]
[87 -81 102]
[87 -82 102]
[87 58 106]
[87 58 105]
[87 57 107]
[87 60 72]
[87 60 88]
[87 59 71]
[87 57 71]
[87 57 57]
[87 56 57]
[87 55 58]
[87 60 83]
[87 60 82]
[87 -85 20]
[87 -93 22]
[87 -91 22]
[87 -82 20]
[87 58 59]
[87 -81 20]
[87 -93 21]
[87 59 66]
[87 60 73]
[87 60 81]
[87 59 80]
[87 -87 20]
[87 -86 20]
[87 -85 21]
[87 -94 22]
[87 -95 22]
[87 -96 23]
[87 60 89]
[87 -72 26]
[87 58 102]
[87 56 56]
[87 54 57]
[87 55 56]
[88 -82 19]
[88 -97 24]
[88 -96 22]
[88 61 73]
[88 61 75]
[88 61 74]
[88 55 55]
[88 61 82]
[88 -90 21]
[88 -92 21]
[88 61 80]
[88 61 79]
[88 -77 20]
[88 -75 19]
[88 -76 19]
[88 61 72]
[88 61 71]
[88 -86 19]
[88 -84 19]
[88 -85 19]
[88 56 55]
[88 54 55]
[88 54 56]
[88 60 92]
[88 60 91]
[88 59 60]
[88 58 99]
[88 61 69]
[88 60 68]
[88 61 68]
[88 61 83]
[88 58 104]
[88 59 104]
[88 60 65]
[88 60 67]
[88 60 66]
[88 58 101]
[88 60 63]
[88 -73 22]
[88 59 96]
[88 58 96]
[88 57 97]
[88 59 98]
[88 61 84]
[88 59 61]
[88 58 60]
[88 53 56]
[88 -75 20]
[88 59 62]
[88 60 93]
[88 60 94]
[88 59 59]
[88 59 58]
[88 59 57]
[88 59 63]
[88 61 90]
[88 -79 19]
[88 59 68]
[88 60 77]
[88 60 64]
[88 -94 21]
[88 -92 20]
[88 57 56]
[88 58 56]
[88 -89 19]
[88 -89 21]
[88 -89 20]
[88 -87 19]
[88 -88 19]
[88 61 70]
[88 -78 19]
[88 60 95]
[88 59 105]
[88 61 88]
[88 61 89]
[88 61 76]
[88 59 97]
[89 61 67]
[89 62 68]
[89 -80 19]
[89 -83 19]
[89 -82 18]
[89 -81 19]
[89 -81 18]
[89 58 57]
[89 60 58]
[89 59 100]
[89 55 54]
[89 53 55]
[89 60 104]
[89 59 103]
[89 58 100]
[89 59 102]
[89 59 101]
[89 -95 21]
[89 57 55]
[89 56 54]
[89 62 81]
[89 62 80]
[89 61 81]
[89 -98 24]
[89 -84 18]
[89 62 88]
[89 62 89]
[89 62 87]
[89 -73 21]
[89 -93 20]
[89 -91 20]
[89 -91 21]
[89 61 95]
[89 61 94]
[89 -76 18]
[89 -74 18]
[89 -75 18]
[89 -74 19]
[89 62 83]
[89 61 62]
[89 60 62]
[89 61 64]
[89 61 63]
[89 62 74]
[89 60 59]
[89 61 92]
[89 61 91]
[89 62 90]
[89 62 69]
[89 62 70]
[89 61 65]
[89 -87 18]
[89 -90 20]
[89 -79 18]
[89 -77 19]
[89 -78 18]
[89 60 60]
[89 62 79]
[89 60 79]
[89 62 78]
[89 -90 19]
[89 -90 18]
[89 62 71]
[89 60 97]
[89 -89 22]
[89 -90 22]
[89 62 82]
[89 53 54]
[89 54 54]
[89 61 66]
[89 62 72]
[89 62 73]
[89 60 99]
[89 -86 18]
[89 62 76]
[89 -85 18]
[89 60 98]
[89 52 55]
[89 52 56]
[89 62 91]
[89 -88 18]
[89 59 92]
[89 59 56]
[89 58 55]
[89 62 67]
[90 -82 17]
[90 -83 18]
[90 -84 17]
[90 62 96]
[90 61 96]
[90 62 95]
[90 63 91]
[90 -91 19]
[90 -75 17]
[90 -74 17]
[90 61 93]
[90 63 90]
[90 62 92]
[90 62 66]
[90 62 65]
[90 63 82]
[90 63 81]
[90 63 83]
[90 60 101]
[90 59 99]
[90 63 72]
[90 63 73]
[90 63 71]
[90 61 61]
[90 63 69]
[90 63 88]
[90 63 86]
[90 62 84]
[90 63 84]
[90 -88 17]
[90 63 87]
[90 63 89]
[90 61 87]
[90 -76 17]
[90 54 53]
[90 55 53]
[90 -86 17]
[90 63 67]
[90 63 68]
[90 -91 18]
[90 60 103]
[90 61 103]
[90 62 75]
[90 63 74]
[90 62 64]
[90 63 80]
[90 -93 19]
[90 -92 19]
[90 62 77]
[90 63 77]
[90 61 99]
[90 61 100]
[90 60 100]
[90 -94 20]
[90 -96 21]
[90 -95 20]
[90 -81 17]
[90 -99 23]
[90 -97 23]
[90 -98 23]
[90 -80 18]
[90 -77 17]
[90 -77 18]
[90 -79 17]
[90 61 78]
[90 61 58]
[90 61 59]
[90 60 57]
[90 62 63]
[90 63 78]
[90 58 54]
[90 61 60]
[90 56 53]
[90 60 55]
[90 59 55]
[90 60 56]
[90 60 102]
[90 -85 17]
[90 -80 17]
[90 57 53]
[90 57 54]
[90 51 55]
[90 52 54]
[90 60 96]
[90 61 98]
[90 61 97]
[90 -89 18]
[90 59 54]
[91 -75 16]
[91 64 73]
[91 64 74]
[91 -92 18]
[91 62 102]
[91 61 102]
[91 63 65]
[91 64 88]
[91 61 77]
[91 -96 20]
[91 64 81]
[91 64 82]
[91 62 86]
[91 61 86]
[91 55 52]
[91 53 53]
[91 53 52]
[91 54 52]
[91 61 55]
[91 -96 19]
[91 -93 18]
[91 63 93]
[91 -94 18]
[91 -94 19]
[91 -74 16]
[91 63 66]
[91 63 64]
[91 64 72]
[91 64 71]
[91 -79 16]
[91 64 67]
[91 64 66]
[91 64 68]
[91 61 57]
[91 62 57]
[91 62 58]
[91 63 92]
[91 64 90]
[91 64 91]
[91 -85 16]
[91 -87 17]
[91 -80 16]
[91 -81 16]
[91 62 85]
[91 63 85]
[91 51 53]
[91 51 54]
[91 -98 22]
[91 -100 23]
[91 57 52]
[91 56 52]
[91 62 59]
[91 62 61]
[91 -89 17]
[91 -90 17]
[91 60 54]
[91 63 79]
[91 64 80]
[91 64 87]
[91 62 98]
[91 63 96]
[91 62 97]
[91 63 97]
[91 63 95]
[91 -77 16]
[91 62 60]
[91 63 76]
[91 63 75]
[91 64 70]
[91 63 70]
[91 64 69]
[91 58 53]
[91 64 79]
[91 64 77]
[91 64 78]
[91 63 62]
[91 62 62]
[91 63 63]
[91 -86 16]
[91 -84 16]
[91 59 53]
[91 -83 17]
[91 -83 16]
[91 61 101]
[91 64 84]
[91 63 94]
[91 62 94]
[91 62 100]
[91 62 101]
[91 -97 22]
[91 -99 22]
[91 60 61]
[91 64 85]
[91 -87 16]
[91 -89 16]
[92 59 52]
[92 61 53]
[92 60 53]
[92 63 57]
[92 -83 15]
[92 -95 18]
[92 65 77]
[92 65 79]
[92 -75 15]
[92 65 80]
[92 65 78]
[92 65 81]
[92 65 82]
[92 58 52]
[92 58 51]
[92 56 51]
[92 65 68]
[92 65 67]
[92 65 66]
[92 65 88]
[92 65 86]
[92 65 87]
[92 63 58]
[92 -93 17]
[92 -96 18]
[92 -97 18]
[92 64 63]
[92 -99 21]
[92 -98 21]
[92 -100 22]
[92 55 51]
[92 52 52]
[92 -76 16]
[92 64 95]
[92 64 86]
[92 -80 15]
[92 -78 17]
[92 -78 16]
[92 62 99]
[92 62 103]
[92 62 93]
[92 64 94]
[92 -90 15]
[92 -90 16]
[92 64 96]
[92 64 97]
[92 -97 21]
[92 65 84]
[92 64 83]
[92 65 85]
[92 65 83]
[92 -82 16]
[92 -82 15]
[92 -81 15]
[92 62 56]
[92 61 56]
[92 -85 15]
[92 -87 15]
[92 61 54]
[92 62 55]
[92 62 54]
[92 -97 20]
[92 65 91]
[92 65 92]
[92 64 62]
[92 64 64]
[92 65 72]
[92 -86 15]
[92 -88 15]
[92 -88 16]
[92 64 76]
[92 64 75]
[92 65 69]
[92 65 89]
[92 63 61]
[92 63 59]
[92 64 65]
[92 63 100]
[92 63 101]
[92 63 102]
[92 -78 15]
[92 50 53]
[92 52 53]
[92 -79 15]
[92 -95 17]
[92 -95 19]
[92 54 51]
[92 65 71]
[92 65 73]
[92 53 51]
[92 64 93]
[92 63 98]
[92 -91 16]
[92 -91 17]
[92 65 76]
[93 65 70]
[93 -96 17]
[93 66 88]
[93 66 89]
[93 65 90]
[93 66 90]
[93 66 86]
[93 63 54]
[93 63 56]
[93 63 55]
[93 66 76]
[93 66 77]
[93 -99 20]
[93 66 92]
[93 66 91]
[93 51 52]
[93 -88 14]
[93 -86 14]
[93 -87 14]
[93 -81 14]
[93 -82 14]
[93 65 94]
[93 65 96]
[93 61 104]
[93 59 51]
[93 57 51]
[93 66 69]
[93 66 67]
[93 -76 15]
[93 -77 15]
[93 63 60]
[93 60 51]
[93 65 93]
[93 66 79]
[93 -85 14]
[93 -92 15]
[93 54 50]
[93 -83 14]
[93 64 101]
[93 64 99]
[93 63 99]
[93 -80 14]
[93 -100 21]
[93 -98 20]
[93 -74 15]
[93 -74 14]
[93 -76 14]
[93 65 74]
[93 65 75]
[93 -90 14]
[93 -91 15]
[93 55 50]
[93 -79 14]
[93 -97 19]
[93 65 95]
[93 64 89]
[93 64 57]
[93 64 59]
[93 64 56]
[93 66 78]
[93 66 80]
[93 64 98]
[93 66 72]
[93 51 51]
[93 52 51]
[93 61 52]
[93 62 53]
[93 66 85]
[93 66 84]
[93 66 82]
[93 66 68]
[93 66 66]
[93 65 65]
[93 66 65]
[93 -98 17]
[93 -98 18]
[93 49 53]
[93 -94 16]
[93 -92 17]
[93 -94 17]
[93 -92 16]
[93 64 61]
[93 64 60]
[93 -89 15]
[93 -89 14]
[93 -84 14]
[93 -84 15]
[93 -96 16]
[93 66 81]
[93 -98 19]
[93 65 98]
[93 65 97]
[93 -101 22]
[93 -101 21]
[93 53 50]
[94 -93 15]
[94 -95 16]
[94 -93 16]
[94 -95 15]
[94 -94 15]
[94 64 92]
[94 63 52]
[94 63 53]
[94 50 54]
[94 49 52]
[94 48 52]
[94 67 79]
[94 -102 21]
[94 -83 13]
[94 -97 16]
[94 -97 17]
[94 -99 18]
[94 -99 19]
[94 -99 17]
[94 66 64]
[94 67 80]
[94 67 82]
[94 67 81]
[94 -87 13]
[94 -84 13]
[94 67 75]
[94 67 77]
[94 67 70]
[94 67 68]
[94 67 69]
[94 66 70]
[94 58 50]
[94 57 50]
[94 65 60]
[94 65 61]
[94 -81 13]
[94 65 99]
[94 66 99]
[94 67 78]
[94 67 66]
[94 67 67]
[94 67 65]
[94 61 50]
[94 60 52]
[94 59 50]
[94 -102 22]
[94 64 100]
[94 67 85]
[94 66 83]
[94 67 83]
[94 67 84]
[94 -78 14]
[94 -77 14]
[94 -90 13]
[94 -89 13]
[94 51 50]
[94 67 90]
[94 -101 20]
[94 -100 20]
[94 66 74]
[94 66 75]
[94 -100 19]
[94 -80 13]
[94 -79 13]
[94 65 58]
[94 65 59]
[94 -96 15]
[94 -97 15]
[94 67 93]
[94 66 93]
[94 67 72]
[94 66 73]
[94 67 71]
[94 66 98]
[94 54 49]
[94 64 55]
[94 64 54]
[94 -88 13]
[94 66 94]
[94 66 95]
[94 50 50]
[94 50 52]
[94 52 50]
[94 -91 14]
[94 67 89]
[94 67 88]
[94 -78 13]
[94 62 52]
[94 50 51]
[94 -77 13]
[94 -76 13]
[94 66 96]
[94 65 56]
[94 65 57]
[94 56 50]
[94 56 49]
[94 -82 13]
[94 66 71]
[94 53 49]
[94 66 87]
[94 60 50]
[94 67 86]
[94 -75 14]
[94 -74 13]
[94 -75 13]
[94 65 100]
[94 -99 16]
[95 68 83]
[95 68 82]
[95 68 81]
[95 59 49]
[95 57 49]
[95 -99 15]
[95 -98 15]
[95 -100 16]
[95 -98 16]
[95 -100 15]
[95 64 52]
[95 64 53]
[95 63 51]
[95 62 51]
[95 65 55]
[95 65 54]
[95 68 85]
[95 68 84]
[95 68 67]
[95 49 51]
[95 48 53]
[95 66 57]
[95 66 58]
[95 64 58]
[95 54 48]
[95 52 48]
[95 52 49]
[95 67 98]
[95 67 99]
[95 66 100]
[95 67 100]
[95 68 91]
[95 68 89]
[95 68 90]
[95 -100 18]
[95 -100 17]
[95 -101 19]
[95 68 86]
[95 60 49]
[95 -91 12]
[95 -89 12]
[95 68 79]
[95 67 76]
[95 -75 12]
[95 -88 12]
[95 -96 14]
[95 -94 14]
[95 -76 12]
[95 -91 13]
[95 -92 13]
[95 -79 12]
[95 -80 12]
[95 -81 12]
[95 48 51]
[95 47 51]
[95 -85 13]
[95 68 77]
[95 68 78]
[95 66 101]
[95 66 62]
[95 66 60]
[95 -78 12]
[95 -77 12]
[95 -97 14]
[95 68 71]
[95 68 69]
[95 66 59]
[95 49 50]
[95 68 88]
[95 -83 12]
[95 67 64]
[95 -82 12]
[95 67 94]
[95 67 95]
[95 56 48]
[95 55 48]
[95 67 74]
[95 68 74]
[95 -92 14]
[95 67 87]
[95 53 48]
[95 67 97]
[95 67 96]
[95 61 51]
[95 68 87]
[95 68 76]
[95 66 61]
[95 49 49]
[95 68 66]
[95 68 65]
[95 -102 20]
[95 -103 21]
[95 -103 20]
[95 -98 14]
[95 66 97]
[96 -95 13]
[96 -94 13]
[96 69 77]
[96 69 68]
[96 68 68]
[96 69 66]
[96 67 62]
[96 65 63]
[96 67 63]
[96 69 85]
[96 69 86]
[96 -80 11]
[96 -79 11]
[96 54 47]
[96 -104 20]
[96 -97 13]
[96 -96 13]
[96 68 94]
[96 68 93]
[96 67 59]
[96 69 83]
[96 69 81]
[96 69 82]
[96 -98 13]
[96 68 96]
[96 68 95]
[96 67 91]
[96 68 92]
[96 69 92]
[96 65 53]
[96 65 52]
[96 -101 14]
[96 -99 14]
[96 68 99]
[96 68 100]
[96 55 47]
[96 56 47]
[96 57 48]
[96 55 49]
[96 69 84]
[96 -82 11]
[96 -81 11]
[96 -89 11]
[96 -90 11]
[96 -87 11]
[96 67 58]
[96 67 57]
[96 67 56]
[96 68 75]
[96 69 75]
[96 69 76]
[96 66 56]
[96 66 54]
[96 -84 12]
[96 -86 13]
[96 68 70]
[96 69 69]
[96 69 70]
[96 -101 17]
[96 68 98]
[96 68 97]
[96 -100 14]
[96 51 49]
[96 53 47]
[96 69 71]
[96 69 88]
[96 -77 11]
[96 -93 13]
[96 49 48]
[96 48 48]
[96 50 48]
[96 48 49]
[96 50 49]
[96 69 87]
[96 48 50]
[96 67 73]
[96 68 73]
[96 58 48]
[96 58 49]
[96 69 91]
[96 68 64]
[96 -76 11]
[96 -101 16]
[96 69 73]
[96 -99 13]
[96 47 50]
[96 67 60]
[96 -92 11]
[96 -91 11]
[96 -102 19]
[96 -92 12]
[96 -93 12]
[96 -93 14]
[96 -83 11]
[96 -84 11]
[96 68 101]
[96 67 101]
[97 69 95]
[97 69 94]
[97 66 53]
[97 66 52]
[97 68 60]
[97 68 59]
[97 -78 10]
[97 -80 10]
[97 -78 11]
[97 70 88]
[97 70 87]
[97 69 72]
[97 -86 12]
[97 -87 12]
[97 -85 11]
[97 -103 19]
[97 -103 18]
[97 -102 18]
[97 -101 18]
[97 70 74]
[97 70 72]
[97 69 74]
[97 68 72]
[97 -81 10]
[97 69 98]
[97 69 99]
[97 69 97]
[97 -85 12]
[97 70 75]
[97 70 68]
[97 -93 11]
[97 -94 12]
[97 -94 11]
[97 -77 10]
[97 -76 10]
[97 67 55]
[97 -98 12]
[97 -100 13]
[97 70 76]
[97 46 51]
[97 47 49]
[97 46 49]
[97 66 63]
[97 69 100]
[97 68 58]
[97 68 56]
[97 70 70]
[97 70 69]
[97 70 71]
[97 -97 12]
[97 -90 12]
[97 -92 10]
[97 -91 10]
[97 -87 10]
[97 -86 10]
[97 -102 17]
[97 -83 10]
[97 -84 10]
[97 69 89]
[97 70 89]
[97 70 86]
[97 70 85]
[97 68 80]
[97 70 82]
[97 69 80]
[97 68 62]
[97 68 55]
[97 68 63]
[97 68 61]
[97 69 63]
[97 69 65]
[97 -95 12]
[97 70 66]
[97 70 67]
[97 70 65]
[97 69 67]
[97 51 48]
[97 51 47]
[97 49 47]
[97 -93 10]
[97 -95 14]
[97 -102 15]
[97 53 46]
[97 69 96]
[97 70 91]
[97 69 90]
[97 70 84]
[97 67 92]
[97 -96 12]
[97 -99 12]
[97 70 83]
[97 70 81]
[97 48 47]
[97 69 93]
[97 47 47]
[97 67 54]
[97 67 53]
[97 -101 13]
[97 -102 13]
[97 -105 19]
[97 -105 20]
[98 -84 9]
[98 -85 10]
[98 -85 9]
[98 -83 9]
[98 67 52]
[98 71 71]
[98 71 72]
[98 71 70]
[98 46 50]
[98 45 48]
[98 46 48]
[98 70 92]
[98 70 93]
[98 69 59]
[98 69 60]
[98 67 61]
[98 -86 11]
[98 69 101]
[98 70 100]
[98 70 101]
[98 70 99]
[98 71 75]
[98 70 73]
[98 71 87]
[98 71 88]
[98 70 94]
[98 70 95]
[98 -94 10]
[98 -92 9]
[98 -99 11]
[98 47 48]
[98 49 46]
[98 69 62]
[98 68 52]
[98 68 54]
[98 68 53]
[98 -104 19]
[98 -104 17]
[98 -103 17]
[98 -75 10]
[98 -75 11]
[98 -75 9]
[98 -90 9]
[98 -90 10]
[98 69 79]
[98 -96 11]
[98 70 97]
[98 70 96]
[98 71 67]
[98 71 66]
[98 71 65]
[98 65 64]
[98 65 62]
[98 69 64]
[98 -88 11]
[98 -88 9]
[98 -87 9]
[98 -86 9]
[98 69 57]
[98 68 57]
[98 -79 10]
[98 -100 11]
[98 -100 12]
[98 52 47]
[98 71 76]
[98 71 81]
[98 71 82]
[98 -105 18]
[98 69 58]
[98 -106 19]
[98 70 77]
[98 -103 13]
[98 -103 14]
[98 71 83]
[98 71 85]
[98 -102 14]
[98 50 47]
[98 -76 9]
[98 -77 9]
[98 -98 11]
[98 -97 11]
[98 71 89]
[98 71 64]
[98 -95 11]
[98 71 68]
[98 47 46]
[98 48 46]
[98 71 90]
[98 71 91]
[98 70 90]
[98 71 92]
[98 -81 9]
[98 46 52]
[98 47 52]
[98 45 51]
[98 45 50]
[98 71 86]
[98 -82 10]
[98 -102 16]
[98 -103 16]
[98 71 69]
[98 -91 9]
[98 69 55]
[98 70 64]
[98 71 84]
[98 -78 9]
[98 70 79]
[98 70 80]
[98 69 54]
[98 69 61]
[98 52 45]
[98 52 46]
[99 72 67]
[99 72 65]
[99 72 66]
[99 -87 8]
[99 -85 8]
[99 -86 8]
[99 67 51]
[99 68 51]
[99 -78 8]
[99 -76 8]
[99 45 47]
[99 46 47]
[99 71 79]
[99 72 84]
[99 69 56]
[99 -98 10]
[99 -82 9]
[99 71 96]
[99 71 94]
[99 71 95]
[99 69 53]
[99 72 63]
[99 70 62]
[99 -101 15]
[99 46 45]
[99 47 45]
[99 -96 10]
[99 51 45]
[99 70 56]
[99 70 58]
[99 72 68]
[99 72 70]
[99 72 69]
[99 -104 15]
[99 -103 15]
[99 71 93]
[99 72 91]
[99 69 52]
[99 -97 10]
[99 -99 10]
[99 -84 8]
[99 -104 13]
[99 -79 8]
[99 -89 8]
[99 -89 9]
[99 47 53]
[99 45 52]
[99 70 98]
[99 71 98]
[99 71 99]
[99 72 82]
[99 72 83]
[99 70 61]
[99 -82 8]
[99 72 89]
[99 -90 8]
[99 -91 8]
[99 51 46]
[99 71 63]
[99 70 63]
[99 72 90]
[99 71 78]
[99 69 78]
[99 70 78]
[99 -79 9]
[99 -80 9]
[99 -95 10]
[99 -75 8]
[99 -107 18]
[99 72 85]
[99 72 71]
[99 72 93]
[99 70 57]
[99 70 59]
[99 -104 14]
[99 -102 12]
[99 45 49]
[99 44 50]
[99 44 49]
[99 71 100]
[99 -93 8]
[99 71 73]
[99 72 72]
[99 72 73]
[99 -101 12]
[99 -101 10]
[99 -101 11]
[99 46 53]
[99 -104 16]
[99 71 74]
[99 72 75]
[99 70 60]
[99 50 46]
[99 71 77]
[99 72 77]
[99 -89 10]
[99 72 87]
[99 49 45]
[99 -94 9]
[99 -93 9]
[99 72 86]
[99 72 88]
[99 70 55]
[99 70 54]
[99 -106 18]
[99 -105 17]
[99 48 45]
[99 -88 10]
[99 44 47]
[100 73 66]
[100 -96 9]
[100 -95 9]
[100 72 95]
[100 71 58]
[100 71 101]
[100 72 78]
[100 73 77]
[100 -105 16]
[100 -105 15]
[100 -106 17]
[100 -108 17]
[100 -87 7]
[100 71 62]
[100 72 64]
[100 73 84]
[100 73 83]
[100 72 98]
[100 72 99]
[100 -94 7]
[100 -93 7]
[100 -92 7]
[100 73 89]
[100 73 88]
[100 72 97]
[100 72 79]
[100 46 46]
[100 48 44]
[100 72 76]
[100 -95 8]
[100 66 51]
[100 73 67]
[100 73 68]
[100 70 53]
[100 71 55]
[100 71 54]
[100 73 64]
[100 73 62]
[100 73 63]
[100 73 81]
[100 72 74]
[100 73 74]
[100 -99 9]
[100 -98 9]
[100 -100 10]
[100 -100 9]
[100 73 94]
[100 73 93]
[100 72 92]
[100 45 46]
[100 71 57]
[100 71 56]
[100 -105 13]
[100 73 65]
[100 73 87]
[100 -106 16]
[100 72 94]
[100 71 61]
[100 -85 7]
[100 -83 8]
[100 -78 7]
[100 -88 7]
[100 -88 8]
[100 71 60]
[100 69 51]
[100 44 48]
[100 -102 10]
[100 -102 11]
[100 -101 9]
[100 44 46]
[100 73 85]
[100 73 71]
[100 73 73]
[100 50 45]
[100 73 91]
[100 -91 7]
[100 73 76]
[100 73 75]
[100 49 44]
[100 -105 14]
[100 -107 17]
[100 71 80]
[100 73 90]
[100 73 70]
[100 72 96]
[100 71 97]
[100 -103 11]
[100 73 69]
[100 45 45]
[100 46 44]
[100 47 44]
[100 -94 8]
[100 -92 8]
[100 -79 7]
[100 -77 8]
[100 -90 7]
[100 -81 8]
[100 -83 7]
[100 70 52]
[101 74 91]
[101 74 90]
[101 -106 14]
[101 73 96]
[101 73 98]
[101 73 97]
[101 71 53]
[101 74 67]
[101 74 66]
[101 74 65]
[101 43 48]
[101 -106 15]
[101 -107 15]
[101 -107 16]
[101 -93 6]
[101 -91 6]
[101 -99 8]
[101 -98 8]
[101 72 62]
[101 73 78]
[101 73 79]
[101 73 80]
[101 74 92]
[101 73 92]
[101 74 84]
[101 74 76]
[101 74 77]
[101 74 95]
[101 73 95]
[101 74 94]
[101 -88 6]
[101 -86 6]
[101 74 75]
[101 74 74]
[101 74 73]
[101 74 64]
[101 74 62]
[101 -79 6]
[101 -84 7]
[101 -82 6]
[101 74 93]
[101 72 100]
[101 73 99]
[101 72 54]
[101 72 56]
[101 -89 6]
[101 -89 7]
[101 -82 7]
[101 -80 8]
[101 68 50]
[101 69 50]
[101 70 51]
[101 74 68]
[101 74 88]
[101 73 72]
[101 74 72]
[101 74 70]
[101 -102 9]
[101 -103 9]
[101 71 59]
[101 72 59]
[101 74 69]
[101 74 81]
[101 73 82]
[101 74 80]
[101 72 61]
[101 74 63]
[101 73 61]
[101 -104 11]
[101 -103 10]
[101 73 86]
[101 -106 13]
[101 72 101]
[101 -96 8]
[101 -108 16]
[101 74 83]
[101 72 58]
[101 -94 6]
[101 -92 6]
[101 -95 7]
[101 -96 7]
[101 -85 6]
[101 -95 6]
[101 -97 9]
[101 -97 8]
[101 44 45]
[101 74 86]
[101 -102 8]
[101 -100 8]
[101 -101 8]
[101 74 89]
[102 44 44]
[102 45 44]
[102 43 45]
[102 43 46]
[102 74 71]
[102 75 81]
[102 75 80]
[102 74 79]
[102 75 95]
[102 75 96]
[102 74 96]
[102 75 94]
[102 75 62]
[102 75 64]
[102 75 63]
[102 75 65]
[102 -95 5]
[102 -93 5]
[102 -97 7]
[102 75 74]
[102 75 76]
[102 74 78]
[102 73 100]
[102 -107 14]
[102 75 66]
[102 73 59]
[102 73 57]
[102 73 58]
[102 -90 6]
[102 -90 5]
[102 -91 5]
[102 -100 7]
[102 -81 6]
[102 75 93]
[102 71 52]
[102 75 77]
[102 70 50]
[102 -104 10]
[102 -103 8]
[102 -80 7]
[102 -101 7]
[102 72 81]
[102 72 80]
[102 -87 5]
[102 -88 5]
[102 72 55]
[102 72 53]
[102 73 54]
[102 73 101]
[102 75 89]
[102 75 88]
[102 75 87]
[102 75 92]
[102 75 91]
[102 75 71]
[102 75 73]
[102 -87 6]
[102 -86 7]
[102 -86 5]
[102 75 75]
[102 -108 15]
[102 73 56]
[102 73 55]
[102 72 57]
[102 -107 12]
[102 75 68]
[102 75 67]
[102 74 97]
[102 75 90]
[102 75 69]
[102 43 47]
[102 -99 7]
[102 70 49]
[102 74 82]
[102 75 86]
[102 74 85]
[102 74 60]
[102 74 61]
[102 73 60]
[102 72 60]
[102 -104 12]
[102 -103 12]
[102 -83 5]
[102 -81 7]
[102 -83 6]
[102 -109 17]
[102 -109 16]
[102 -98 7]
[102 -80 6]
[102 -80 5]
[102 -84 6]
[102 -96 5]
[102 -96 6]
[102 -94 5]
[102 75 70]
[102 75 83]
[102 75 84]
[102 75 85]
[102 -103 7]
[102 -92 5]
[102 -97 6]
[102 69 49]
[103 71 51]
[103 71 49]
[103 71 50]
[103 75 78]
[103 76 77]
[103 76 71]
[103 76 94]
[103 76 92]
[103 76 96]
[103 -108 18]
[103 76 74]
[103 -102 6]
[103 -97 5]
[103 -95 4]
[103 -97 4]
[103 -107 11]
[103 -89 5]
[103 -85 5]
[103 76 88]
[103 -104 9]
[103 74 55]
[103 -89 4]
[103 -91 4]
[103 76 84]
[103 76 66]
[103 76 67]
[103 74 57]
[103 74 56]
[103 -99 6]
[103 -100 6]
[103 -98 6]
[103 75 82]
[103 -93 4]
[103 -94 4]
[103 -107 13]
[103 76 65]
[103 76 75]
[103 43 44]
[103 74 58]
[103 74 101]
[103 74 100]
[103 71 48]
[103 -102 7]
[103 -104 6]
[103 74 98]
[103 75 97]
[103 76 70]
[103 76 72]
[103 76 85]
[103 76 90]
[103 76 89]
[103 76 91]
[103 -110 15]
[103 76 63]
[103 74 54]
[103 76 64]
[103 -109 15]
[103 -108 14]
[103 72 51]
[103 72 52]
[103 75 72]
[103 76 80]
[103 76 81]
[103 76 68]
[103 76 69]
[103 76 93]
[103 -79 5]
[103 -79 4]
[103 -82 5]
[103 -81 5]
[103 68 49]
[103 -87 4]
[103 -83 4]
[104 -95 3]
[104 -78 3]
[104 -78 4]
[104 -80 3]
[104 -78 5]
[104 76 73]
[104 77 65]
[104 -82 4]
[104 77 67]
[104 -80 4]
[104 -78 6]
[104 77 73]
[104 -98 5]
[104 -99 5]
[104 -100 5]
[104 -103 6]
[104 -96 3]
[104 -94 3]
[104 77 87]
[104 75 99]
[104 75 101]
[104 77 90]
[104 77 89]
[104 77 91]
[104 -102 5]
[104 -101 6]
[104 76 98]
[104 75 98]
[104 -88 3]
[104 -89 3]
[104 -90 3]
[104 -108 13]
[104 77 93]
[104 74 99]
[104 77 92]
[104 77 66]
[104 77 64]
[104 76 83]
[104 72 50]
[104 -92 4]
[104 -92 3]
[104 76 95]
[104 77 97]
[104 77 95]
[104 76 97]
[104 75 56]
[104 77 76]
[104 76 78]
[104 -98 3]
[104 -98 4]
[104 73 52]
[104 77 72]
[104 -90 4]
[104 -105 9]
[104 -105 8]
[104 77 75]
[104 76 76]
[104 75 100]
[104 77 82]
[104 76 82]
[104 77 81]
[104 -110 14]
[104 -83 3]
[104 -86 4]
[104 75 57]
[104 75 58]
[104 77 94]
[104 -107 10]
[104 -108 10]
[104 -105 7]
[104 -104 5]
[104 76 86]
[104 77 86]
[104 77 84]
[104 -85 4]
[104 72 49]
[104 72 48]
[104 -101 5]
[104 43 43]
[104 75 79]
[104 76 79]
[104 77 80]
[104 77 79]
[105 -81 3]
[105 -82 3]
[105 77 74]
[105 78 76]
[105 -99 3]
[105 -101 4]
[105 -95 2]
[105 -96 4]
[105 -80 2]
[105 -79 2]
[105 -79 3]
[105 -81 2]
[105 -81 4]
[105 78 79]
[105 78 81]
[105 78 80]
[105 78 96]
[105 78 94]
[105 78 95]
[105 -91 3]
[105 76 57]
[105 76 58]
[105 76 56]
[105 -93 2]
[105 -93 3]
[105 73 49]
[105 73 47]
[105 73 48]
[105 73 50]
[105 77 96]
[105 77 98]
[105 -109 14]
[105 78 85]
[105 -77 5]
[105 -87 2]
[105 -88 4]
[105 -87 3]
[105 -88 2]
[105 -104 7]
[105 -103 5]
[105 -107 9]
[105 -106 9]
[105 -108 11]
[105 -106 10]
[105 76 101]
[105 76 99]
[105 -109 9]
[105 -85 3]
[105 -84 3]
[105 -86 3]
[105 -106 8]
[105 -105 6]
[105 -106 6]
[105 78 93]
[105 78 78]
[105 76 100]
[105 78 97]
[105 77 85]
[105 78 86]
[105 -78 2]
[105 -77 4]
[105 -77 2]
[105 78 92]
[105 78 91]
[105 -105 10]
[105 -77 6]
[105 76 87]
[105 78 90]
[105 78 82]
[105 -97 2]
[105 -97 3]
[105 77 83]
[105 -91 2]
[105 -105 5]
[105 -104 4]
[105 77 78]
[105 77 77]
[105 -99 4]
[105 -98 2]
[105 -99 2]
[105 43 42]
[105 -108 12]
[105 -109 12]
[105 -109 13]
[105 -90 2]
[105 -106 7]
[106 -86 2]
[106 -82 2]
[106 -81 1]
[106 -82 1]
[106 -98 1]
[106 -91 1]
[106 -92 2]
[106 -88 1]
[106 -107 7]
[106 -105 11]
[106 -106 11]
[106 79 92]
[106 79 94]
[106 78 99]
[106 77 99]
[106 78 98]
[106 77 56]
[106 -109 11]
[106 -83 2]
[106 -76 2]
[106 74 47]
[106 74 48]
[106 72 46]
[106 74 46]
[106 73 46]
[106 -110 12]
[106 -110 13]
[106 77 58]
[106 78 83]
[106 -102 3]
[106 -101 3]
[106 -102 4]
[106 -104 8]
[106 77 100]
[106 -84 2]
[106 -85 2]
[106 -76 5]
[106 -76 6]
[106 -84 4]
[106 -107 5]
[106 -94 1]
[106 -94 2]
[106 -95 1]
[106 -107 8]
[106 -105 4]
[106 -103 4]
[106 -105 3]
[106 -92 1]
[106 -96 2]
[106 79 93]
[106 73 51]
[106 -77 3]
[106 -76 4]
[106 78 77]
[106 78 84]
[106 -79 1]
[106 -100 3]
[106 -100 1]
[106 -80 1]
[106 -78 1]
[106 72 47]
[106 43 41]
[106 44 41]
[106 42 41]
[106 44 43]
[106 44 42]
[106 77 57]
[106 77 59]
[106 -108 9]
[106 -110 8]
[106 -108 8]
[106 74 49]
[106 -87 1]
[106 -89 1]
[106 -106 4]
[106 78 89]
[106 79 90]
[106 79 89]
[106 79 91]
[106 -109 10]
[107 -75 6]
[107 -107 4]
[107 -106 5]
[107 -107 3]
[107 75 47]
[107 -105 12]
[107 45 42]
[107 -110 7]
[107 -110 9]
[107 -109 8]
[107 78 57]
[107 78 59]
[107 -110 11]
[107 -104 3]
[107 42 40]
[107 43 40]
[107 78 100]
[107 79 99]
[107 79 98]
[107 44 40]
[107 45 40]
[107 45 41]
[107 -96 0]
[107 -96 1]
[107 79 88]
[107 78 88]
[107 -82 0]
[107 -108 6]
[107 -75 3]
[107 -75 4]
[107 -103 2]
[107 -101 2]
[107 -77 1]
[107 -77 0]
[107 -79 0]
[107 -85 1]
[107 75 49]
[107 75 46]
[107 -100 4]
[107 -93 1]
[107 -92 0]
[107 -106 3]
[107 -104 2]
[107 -105 2]
[107 77 88]
[107 78 58]
[107 74 45]
[107 72 45]
[107 -86 1]
[107 -111 13]
[107 -98 0]
[107 -99 1]
[107 -97 0]
[107 -99 0]
[107 -95 0]
[107 -93 0]
[107 -81 0]
[107 -80 0]
[107 -76 1]
[107 -76 3]
[107 -100 2]
[107 -89 2]
[107 -87 0]
[107 -108 7]
[107 -90 0]
[107 -90 1]
[107 -83 1]
[107 -106 12]
[107 -110 10]
[107 -83 0]
[107 71 45]
[107 -86 0]
[107 -88 0]
[107 75 48]
[107 -101 0]
[107 -101 1]
[107 -91 0]
[108 43 39]
[108 42 39]
[108 44 39]
[108 -89 0]
[108 -104 1]
[108 -103 1]
[108 -111 9]
[108 41 39]
[108 79 87]
[108 -112 13]
[108 -112 14]
[108 -111 14]
[108 -111 12]
[108 -109 7]
[108 -97 1]
[108 -108 2]
[108 -107 2]
[108 71 44]
[108 70 44]
[108 72 44]
[108 -107 6]
[108 -108 5]
[108 -109 6]
[108 -109 5]
[108 -98 -1]
[108 -82 -1]
[108 -80 -1]
[108 -81 -1]
[108 45 39]
[108 -87 -1]
[108 -88 -1]
[108 -86 -1]
[108 76 47]
[108 76 46]
[108 -108 3]
[108 -100 0]
[108 -99 -1]
[108 -83 -1]
[108 -111 8]
[108 -111 6]
[108 -96 -1]
[108 76 49]
[108 76 48]
[108 -85 -1]
[108 -85 0]
[108 -84 1]
[108 -84 0]
[108 -84 -1]
[108 -89 -1]
[108 -91 -1]
[108 78 87]
[108 -111 10]
[108 79 59]
[108 79 58]
[108 -102 0]
[108 -100 -1]
[108 -102 -1]
[108 -75 5]
[108 -102 1]
[108 -102 2]
[108 74 44]
[108 75 44]
[108 -79 -1]
[108 -92 -1]
[108 -106 1]
[108 -105 1]
[108 -78 -1]
[108 -94 0]
[108 -75 2]
[108 -74 2]
[108 -74 3]
[108 -74 4]
[108 -74 5]
[109 -73 2]
[109 -73 1]
[109 -73 3]
[109 -91 -2]
[109 -93 -1]
[109 -84 -2]
[109 41 38]
[109 40 38]
[109 -87 -2]
[109 -85 -2]
[109 -73 5]
[109 -97 -2]
[109 -92 -2]
[109 -107 0]
[109 -106 2]
[109 77 47]
[109 -88 -2]
[109 -78 0]
[109 -79 -2]
[109 -100 -2]
[109 -98 -2]
[109 -99 -2]
[109 -105 0]
[109 75 43]
[109 74 43]
[109 42 38]
[109 44 38]
[109 -103 -1]
[109 -103 0]
[109 -112 15]
[109 -111 15]
[109 -108 4]
[109 -101 -1]
[109 -112 10]
[109 -111 11]
[109 -90 -2]
[109 -110 5]
[109 -109 4]
[109 -110 4]
[109 71 43]
[109 72 43]
[109 -73 4]
[109 -109 2]
[109 41 40]
[109 43 38]
[109 -112 9]
[109 -95 -1]
[109 -94 -1]
[109 -110 6]
[109 -86 -2]
[109 76 43]
[109 75 45]
[109 76 44]
[109 76 45]
[109 77 46]
[109 77 45]
[109 45 38]
[109 -101 -2]
[109 -81 -2]
[109 -82 -2]
[109 -83 -2]
[109 -113 13]
[109 -103 -2]
[109 -78 -2]
[109 -77 -2]
[109 -77 -1]
[109 -108 1]
[109 46 38]
[110 -87 -3]
[110 -85 -3]
[110 -86 -3]
[110 41 37]
[110 42 37]
[110 -72 1]
[110 39 37]
[110 39 38]
[110 40 37]
[110 43 37]
[110 -102 -2]
[110 -101 -3]
[110 -89 -2]
[110 -89 -3]
[110 -90 -3]
[110 -80 -2]
[110 -98 -3]
[110 -96 -2]
[110 -96 -3]
[110 -97 -1]
[110 73 43]
[110 73 44]
[110 73 42]
[110 -72 3]
[110 -72 2]
[110 -107 1]
[110 -109 0]
[110 -110 16]
[110 -111 5]
[110 -104 -2]
[110 -112 11]
[110 -113 10]
[110 -113 9]
[110 -93 -2]
[110 -94 -2]
[110 -112 8]
[110 -72 5]
[110 -108 0]
[110 -106 0]
[110 -106 -1]
[110 -107 -1]
[110 75 42]
[110 77 42]
[110 -82 -3]
[110 -84 -3]
[110 -72 4]
[110 -110 1]
[110 -110 3]
[110 -109 3]
[110 -111 16]
[110 -81 -3]
[110 -111 3]
[110 -111 4]
[110 -99 -3]
[110 -97 -3]
[110 70 43]
[110 71 42]
[110 70 42]
[110 -100 -3]
[110 -93 -3]
[110 -102 -3]
[110 -104 -1]
[110 -104 -3]
[110 -104 0]
[110 -105 -1]
[110 -111 7]
[110 78 48]
[110 78 47]
[110 -80 -3]
[110 44 37]
[110 74 42]
[110 -95 -2]
[110 -88 -3]
[110 78 44]
[110 77 44]
[110 78 45]
[110 -77 -3]
[110 45 37]
[110 46 37]
[110 40 39]
[110 -78 -3]
[111 -89 -4]
[111 -90 -4]
[111 -91 -4]
[111 -85 -4]
[111 -88 -4]
[111 78 43]
[111 -109 -1]
[111 -109 1]
[111 -108 -1]
[111 -110 0]
[111 -111 2]
[111 44 36]
[111 -103 -3]
[111 -105 -2]
[111 -100 -4]
[111 41 36]
[111 40 36]
[111 -107 -2]
[111 -101 -4]
[111 -103 -4]
[111 -95 -4]
[111 -113 11]
[111 -114 10]
[111 -114 11]
[111 78 46]
[111 79 45]
[111 -87 -4]
[111 -112 6]
[111 -82 -4]
[111 -83 -4]
[111 -83 -3]
[111 -95 -3]
[111 -84 -4]
[111 42 36]
[111 79 47]
[111 77 48]
[111 45 36]
[111 -97 -4]
[111 -98 -4]
[111 72 42]
[111 70 41]
[111 75 41]
[111 -114 9]
[111 -114 8]
[111 38 36]
[111 -106 -2]
[111 -99 -4]
[111 74 41]
[111 72 41]
[111 -81 -4]
[111 -71 2]
[111 -71 4]
[111 -112 7]
[111 -110 2]
[111 -71 1]
[111 -104 -4]
[111 -112 5]
[111 -112 3]
[111 -111 0]
[111 77 41]
[111 76 42]
[111 78 42]
[111 77 43]
[111 -112 4]
[111 -93 -4]
[111 -94 -4]
[111 -113 12]
[111 -79 -3]
[111 -92 -3]
[111 -78 -4]
[112 71 41]
[112 -96 -5]
[112 -98 -5]
[112 -96 -4]
[112 41 35]
[112 42 35]
[112 43 35]
[112 -91 -3]
[112 -91 -5]
[112 -112 12]
[112 -115 10]
[112 -115 9]
[112 -109 -2]
[112 -105 -3]
[112 -105 -5]
[112 -103 -5]
[112 79 43]
[112 76 40]
[112 75 40]
[112 76 41]
[112 -70 2]
[112 -70 0]
[112 -70 1]
[112 -110 -2]
[112 -110 -1]
[112 -108 -2]
[112 -99 -5]
[112 -113 8]
[112 -115 8]
[112 -94 -5]
[112 -92 -5]
[112 44 35]
[112 39 36]
[112 40 35]
[112 39 35]
[112 -101 -5]
[112 -102 -4]
[112 -100 -5]
[112 -94 -3]
[112 -106 -3]
[112 -107 -3]
[112 -70 3]
[112 -83 -5]
[112 -112 2]
[112 -111 -1]
[112 78 41]
[112 79 42]
[112 -112 0]
[112 -112 1]
[112 -88 -5]
[112 -102 -5]
[112 -81 -5]
[112 -82 -5]
[112 -86 -4]
[112 -80 -5]
[112 -113 7]
[112 -79 -4]
[112 -87 -5]
[112 -89 -5]
[112 -113 5]
[112 -113 6]
[112 -113 4]
[112 -84 -5]
[112 79 46]
[112 -114 7]
[112 -115 7]
[112 73 41]
[112 37 36]
[112 -80 -4]
[112 80 46]
[112 -95 -5]
[112 77 40]
[112 78 40]
[112 73 40]
[112 80 45]
[112 80 44]
[113 -116 9]
[113 38 37]
[113 43 34]
[113 43 36]
[113 -94 -6]
[113 -95 -6]
[113 -79 -5]
[113 -108 -3]
[113 -109 -3]
[113 -93 -5]
[113 -93 -6]
[113 -91 -6]
[113 -92 -4]
[113 -71 3]
[113 -69 2]
[113 -69 3]
[113 -90 -6]
[113 -89 -6]
[113 -86 -6]
[113 -87 -6]
[113 -86 -5]
[113 -106 -6]
[113 -104 -6]
[113 -113 2]
[113 -111 1]
[113 -113 1]
[113 80 43]
[113 81 44]
[113 79 44]
[113 -98 -6]
[113 81 45]
[113 -114 6]
[113 -108 -4]
[113 -107 -4]
[113 -112 -2]
[113 40 34]
[113 79 41]
[113 -69 0]
[113 -69 1]
[113 -113 0]
[113 -114 5]
[113 76 39]
[113 78 39]
[113 74 39]
[113 75 39]
[113 77 39]
[113 -70 4]
[113 -99 -6]
[113 -103 -6]
[113 -85 -5]
[113 42 34]
[113 -96 -6]
[113 -97 -6]
[113 -97 -5]
[113 -82 -6]
[113 -81 -6]
[113 -102 -6]
[113 -101 -6]
[113 -106 -4]
[113 -105 -4]
[113 -110 -3]
[113 -111 -3]
[113 -116 7]
[113 -116 8]
[113 79 40]
[113 79 39]
[113 -112 -1]
[113 -92 -6]
[113 -90 -5]
[113 -115 6]
[113 39 34]
[113 38 35]
[113 36 36]
[114 74 40]
[114 75 38]
[114 42 33]
[114 41 34]
[114 41 33]
[114 43 33]
[114 -68 1]
[114 -115 4]
[114 -114 4]
[114 -96 -7]
[114 81 43]
[114 80 40]
[114 80 38]
[114 -114 0]
[114 77 38]
[114 -100 -6]
[114 -99 -7]
[114 -113 -1]
[114 -69 4]
[114 38 33]
[114 39 33]
[114 40 33]
[114 -88 -7]
[114 -89 -7]
[114 74 38]
[114 -68 3]
[114 -111 -2]
[114 -90 -7]
[114 -112 -3]
[114 -113 -3]
[114 -112 -4]
[114 -106 -7]
[114 -105 -6]
[114 -106 -5]
[114 -107 -7]
[114 -105 -7]
[114 -104 -7]
[114 -117 6]
[114 -116 6]
[114 -117 7]
[114 -101 -7]
[114 -102 -7]
[114 -103 -7]
[114 -104 -5]
[114 -115 5]
[114 80 41]
[114 -86 -7]
[114 -85 -7]
[114 -85 -6]
[114 -81 -7]
[114 -117 8]
[114 -107 -5]
[114 -92 -7]
[114 -91 -7]
[114 -93 -7]
[114 -80 -6]
[114 -78 -6]
[114 37 35]
[114 37 34]
[114 -84 -6]
[114 -82 -7]
[114 -94 -7]
[114 -97 -7]
[114 -95 -7]
[114 -108 -5]
[114 -116 5]
[114 -110 -4]
[115 82 43]
[115 82 42]
[115 80 42]
[115 76 37]
[115 74 37]
[115 -100 -7]
[115 -79 -7]
[115 -77 -7]
[115 -90 -8]
[115 -112 -5]
[115 -111 -5]
[115 -99 -8]
[115 -103 -8]
[115 -102 -8]
[115 -113 -2]
[115 -114 -4]
[115 -114 -3]
[115 -105 -8]
[115 -104 -8]
[115 -106 -8]
[115 -114 3]
[115 -115 3]
[115 -116 3]
[115 -113 3]
[115 -101 -8]
[115 -100 -8]
[115 38 34]
[115 36 35]
[115 -79 -6]
[115 -80 -7]
[115 -96 -8]
[115 41 32]
[115 75 37]
[115 -91 -8]
[115 -84 -7]
[115 -86 -8]
[115 -85 -8]
[115 -84 -8]
[115 42 32]
[115 -68 2]
[115 -108 -6]
[115 -109 -6]
[115 -109 -5]
[115 -111 -4]
[115 81 38]
[115 80 39]
[115 80 37]
[115 -110 -5]
[115 -117 4]
[115 -117 5]
[115 40 32]
[115 38 32]
[115 81 41]
[115 81 39]
[115 -81 -8]
[115 -83 -7]
[115 -82 -8]
[115 -108 -8]
[115 -118 5]
[115 -118 6]
[115 -115 -1]
[115 -115 0]
[115 -88 -8]
[115 -87 -7]
[115 -87 -8]
[115 37 33]
[115 36 34]
[115 -95 -8]
[115 -94 -8]
[115 -97 -8]
[115 -98 -7]
[115 78 38]
[115 -93 -8]
[115 43 32]
[115 -118 7]
[115 37 32]
[115 81 42]
[116 -111 -6]
[116 -112 -6]
[116 -114 2]
[116 -83 -8]
[116 -82 -9]
[116 -100 -9]
[116 -101 -9]
[116 -107 -8]
[116 -108 -7]
[116 -98 -8]
[116 -115 2]
[116 -116 -2]
[116 -116 -1]
[116 -115 -2]
[116 -114 -2]
[116 -116 0]
[116 -110 -6]
[116 -105 -9]
[116 -104 -9]
[116 -103 -9]
[116 -79 -8]
[116 -78 -7]
[116 37 31]
[116 39 32]
[116 -87 -9]
[116 -114 1]
[116 -114 -1]
[116 -116 1]
[116 -88 -9]
[116 -89 -8]
[116 77 36]
[116 76 36]
[116 76 38]
[116 82 41]
[116 83 41]
[116 -95 -9]
[116 -97 -9]
[116 -107 -6]
[116 -78 -8]
[116 -76 -7]
[116 41 31]
[116 40 31]
[116 -113 -5]
[116 -92 -8]
[116 79 36]
[116 81 37]
[116 80 36]
[116 79 37]
[116 79 38]
[116 -110 -7]
[116 -116 2]
[116 74 36]
[116 73 38]
[116 75 36]
[116 81 40]
[116 -116 4]
[116 -118 3]
[116 -118 4]
[116 -106 -9]
[116 -88 -6]
[116 -91 -9]
[116 42 31]
[116 35 35]
[116 35 34]
[116 -107 -9]
[116 36 32]
[116 36 33]
[116 -96 -9]
[116 -94 -9]
[116 -102 -9]
[116 82 38]
[116 82 39]
[116 -99 -9]
[116 83 43]
[116 82 44]
[116 83 42]
[116 -113 -4]
[116 -98 -9]
[116 -86 -9]
[116 -85 -9]
[116 -67 2]
[116 82 40]
[117 38 30]
[117 38 31]
[117 37 30]
[117 36 30]
[117 78 35]
[117 78 37]
[117 78 36]
[117 -98 -10]
[117 -93 -9]
[117 -89 -9]
[117 -88 -10]
[117 -87 -10]
[117 -84 -9]
[117 -117 3]
[117 41 30]
[117 40 30]
[117 39 30]
[117 -94 -10]
[117 -97 -10]
[117 -95 -10]
[117 81 36]
[117 -105 -10]
[117 -86 -10]
[117 -111 -7]
[117 82 45]
[117 83 45]
[117 83 44]
[117 -117 0]
[117 -109 -7]
[117 -109 -8]
[117 -100 -10]
[117 -91 -10]
[117 -92 -10]
[117 -102 -10]
[117 -103 -10]
[117 -110 -8]
[117 35 32]
[117 35 33]
[117 -115 -3]
[117 -113 -6]
[117 -114 -5]
[117 -108 -10]
[117 -106 -10]
[117 -107 -10]
[117 -67 1]
[117 -99 -10]
[117 34 33]
[117 34 35]
[117 35 31]
[117 36 31]
[117 83 39]
[117 82 37]
[117 83 37]
[117 79 35]
[117 80 35]
[117 81 35]
[117 -117 -1]
[117 -117 -2]
[117 73 39]
[117 34 34]
[117 43 30]
[117 42 30]
[117 83 38]
[117 83 40]
[117 84 41]
[117 -115 1]
[117 -101 -10]
[117 -117 -3]
[117 -79 -9]
[117 -77 -9]
[117 -77 -8]
[117 -78 -9]
[117 77 37]
[117 75 35]
[117 84 42]
[117 -76 -8]
[117 -75 -8]
[117 -75 -7]
[117 73 35]
[117 73 37]
[117 74 35]
[117 -82 -10]
[117 -83 -10]
[117 -113 -7]
[118 84 40]
[118 85 41]
[118 -88 -11]
[118 -86 -11]
[118 -87 -11]
[118 -74 -8]
[118 -74 -7]
[118 34 31]
[118 35 30]
[118 -93 -10]
[118 -91 -11]
[118 -92 -9]
[118 -93 -11]
[118 -104 -10]
[118 -104 -11]
[118 42 29]
[118 43 29]
[118 -85 -10]
[118 -85 -11]
[118 84 39]
[118 84 38]
[118 -99 -11]
[118 74 34]
[118 76 35]
[118 -112 -8]
[118 -114 -7]
[118 -118 0]
[118 -117 1]
[118 -118 -1]
[118 -108 -9]
[118 -109 -9]
[118 -109 -11]
[118 -95 -11]
[118 -96 -10]
[118 -111 -8]
[118 -112 -7]
[118 33 35]
[118 -100 -11]
[118 -116 -3]
[118 -115 -4]
[118 39 29]
[118 84 43]
[118 85 42]
[118 -81 -11]
[118 -83 -11]
[118 -83 -9]
[118 -81 -10]
[118 81 46]
[118 -118 -2]
[118 77 34]
[118 79 34]
[118 77 35]
[118 -114 -6]
[118 -79 -10]
[118 -90 -9]
[118 -90 -11]
[118 -90 -10]
[118 -92 -11]
[118 43 31]
[118 -102 -11]
[118 33 34]
[118 84 44]
[118 82 46]
[118 -75 -9]
[118 82 35]
[118 82 36]
[118 80 34]
[118 81 34]
[118 -76 -9]
[118 37 29]
[118 38 29]
[118 -89 -11]
[118 34 32]
[118 33 33]
[118 -101 -11]
[118 36 29]
[118 83 36]
[118 84 36]
[118 84 37]
[118 39 31]
[118 35 29]
[118 -118 -4]
[118 -98 -11]
[118 -96 -11]
[118 -97 -11]
[118 -78 -10]
[118 40 29]
[118 -117 2]
[118 -80 -9]
[118 -80 -8]
[118 -80 -10]
[118 -105 -11]
[118 -107 -11]
[118 73 34]
[118 73 36]
[119 -111 -9]
[119 -102 -12]
[119 -101 -12]
[119 33 31]
[119 34 30]
[119 -115 -6]
[119 -113 -8]
[119 -114 -8]
[119 -115 -7]
[119 -92 -12]
[119 -84 -10]
[119 -95 -12]
[119 -107 -12]
[119 85 38]
[119 85 39]
[119 76 34]
[119 86 43]
[119 -119 0]
[119 -119 1]
[119 37 28]
[119 33 32]
[119 32 32]
[119 34 29]
[119 34 28]
[119 -99 -12]
[119 -97 -12]
[119 74 33]
[119 -116 -5]
[119 85 44]
[119 -100 -12]
[119 -119 -2]
[119 -109 -10]
[119 -96 -12]
[119 -98 -12]
[119 -118 1]
[119 -103 -12]
[119 -103 -11]
[119 -84 -11]
[119 -82 -12]
[119 -82 -11]
[119 -94 -12]
[119 85 36]
[119 85 40]
[119 -86 -12]
[119 -87 -12]
[119 -79 -11]
[119 -78 -11]
[119 -80 -11]
[119 -104 -12]
[119 -106 -11]
[119 32 34]
[119 -108 -11]
[119 78 33]
[119 -73 -8]
[119 -119 -4]
[119 -117 -4]
[119 -118 -3]
[119 -118 -5]
[119 81 47]
[119 83 35]
[119 83 34]
[119 44 29]
[119 36 28]
[119 35 28]
[119 85 35]
[119 -94 -11]
[119 -110 -9]
[119 86 42]
[119 -89 -10]
[119 75 34]
[119 81 33]
[119 80 33]
[119 82 34]
[119 -88 -12]
[119 -89 -12]
[120 -83 -13]
[120 -83 -12]
[120 -81 -13]
[120 -82 -13]
[120 -81 -12]
[120 -79 -12]
[120 -99 -13]
[120 -101 -13]
[120 -100 -13]
[120 -85 -12]
[120 -84 -12]
[120 -102 -13]
[120 -103 -13]
[120 -88 -13]
[120 -87 -13]
[120 -118 2]
[120 31 34]
[120 86 44]
[120 35 27]
[120 34 27]
[120 32 33]
[120 32 31]
[120 -119 -1]
[120 -120 -2]
[120 -120 -3]
[120 31 32]
[120 -116 -6]
[120 -95 -13]
[120 -97 -13]
[120 80 32]
[120 -94 -13]
[120 -93 -12]
[120 -93 -13]
[120 -119 -3]
[120 84 45]
[120 -117 -5]
[120 -118 -6]
[120 -119 -6]
[120 -117 -6]
[120 -120 -5]
[120 85 43]
[120 86 41]
[120 87 43]
[120 -90 -13]
[120 -116 -8]
[120 82 33]
[120 83 33]
[120 76 33]
[120 77 33]
[120 -92 -13]
[120 -91 -13]
[120 -91 -12]
[120 86 37]
[120 33 29]
[120 -116 -4]
[120 86 38]
[120 -110 -11]
[120 32 30]
[120 33 30]
[120 78 32]
[120 78 34]
[120 77 32]
[120 86 39]
[120 86 40]
[120 -114 -9]
[120 -115 -9]
[120 -113 -9]
[120 84 34]
[120 86 36]
[120 85 34]
[120 84 33]
[120 -109 -12]
[120 81 32]
[120 33 28]
[120 -105 -13]
[120 -112 -10]
[120 -111 -10]
[120 -110 -10]
[120 74 32]
[120 75 32]
[120 75 33]
[120 -80 -12]
[120 -73 -9]
[120 -74 -9]
[120 -72 -9]
[121 30 33]
[121 -71 -9]
[121 -71 -8]
[121 -72 -10]
[121 -115 -8]
[121 -116 -7]
[121 -117 -9]
[121 -119 -5]
[121 -118 -7]
[121 -119 -7]
[121 -120 -7]
[121 76 32]
[121 -73 -10]
[121 -112 -11]
[121 -90 -12]
[121 -108 -12]
[121 -111 -12]
[121 -110 -12]
[121 -72 -8]
[121 31 33]
[121 31 31]
[121 87 41]
[121 87 37]
[121 85 37]
[121 -98 -13]
[121 -96 -14]
[121 -97 -14]
[121 -98 -14]
[121 -93 -14]
[121 -94 -14]
[121 87 40]
[121 87 39]
[121 87 38]
[121 -91 -14]
[121 -89 -14]
[121 -101 -14]
[121 -102 -14]
[121 -115 -10]
[121 -116 -9]
[121 -114 -10]
[121 -113 -10]
[121 82 32]
[121 -92 -14]
[121 73 32]
[121 73 31]
[121 74 31]
[121 32 28]
[121 32 29]
[121 -82 -14]
[121 79 31]
[121 86 33]
[121 84 32]
[121 87 36]
[121 31 30]
[121 -88 -14]
[121 -100 -14]
[121 -99 -14]
[121 -115 -5]
[121 -80 -13]
[121 88 43]
[121 -117 -7]
[121 -84 -13]
[121 -104 -13]
[121 -86 -14]
[121 -120 -4]
[121 -121 -6]
[121 -120 -6]
[121 32 27]
[121 78 31]
[121 79 32]
[121 -95 -14]
[121 -111 -11]
[121 75 31]
[121 -85 -13]
[121 79 33]
[122 -96 -15]
[122 -94 -15]
[122 -95 -15]
[122 -114 -11]
[122 -115 -11]
[122 76 30]
[122 74 30]
[122 76 31]
[122 80 31]
[122 79 30]
[122 78 30]
[122 -105 -14]
[122 -105 -12]
[122 -103 -14]
[122 88 42]
[122 -119 -8]
[122 -121 -8]
[122 -120 -8]
[122 87 44]
[122 89 43]
[122 -111 -13]
[122 -112 -13]
[122 -100 -15]
[122 -99 -15]
[122 -98 -15]
[122 -121 -7]
[122 -85 -15]
[122 -85 -14]
[122 83 31]
[122 84 31]
[122 85 32]
[122 85 33]
[122 -71 -10]
[122 -90 -15]
[122 -91 -15]
[122 -90 -14]
[122 86 32]
[122 87 34]
[122 87 33]
[122 87 32]
[122 -70 -9]
[122 -70 -8]
[122 -109 -13]
[122 -108 -13]
[122 -107 -13]
[122 -86 -13]
[122 -84 -14]
[122 -101 -15]
[122 -112 -9]
[122 -97 -15]
[122 -96 -13]
[122 -117 -10]
[122 -93 -15]
[122 -116 -10]
[122 -118 -8]
[122 -118 -9]
[122 30 30]
[122 88 39]
[122 -121 -5]
[122 77 30]
[122 77 31]
[122 -81 -14]
[122 -83 -14]
[122 88 38]
[122 88 36]
[122 -113 -11]
[122 -112 -12]
[122 73 30]
[122 31 28]
[122 31 29]
[122 -83 -15]
[122 -81 -15]
[122 -89 -15]
[122 -89 -13]
[122 -87 -14]
[122 -71 -11]
[122 88 37]
[122 33 27]
[122 31 27]
[122 30 32]
[122 -74 -10]
[122 -88 -15]
[122 -110 -13]
[123 80 29]
[123 -69 -9]
[123 89 38]
[123 89 39]
[123 -80 -15]
[123 -80 -14]
[123 -113 -14]
[123 -113 -13]
[123 -88 -16]
[123 -90 -16]
[123 -98 -16]
[123 -99 -16]
[123 30 28]
[123 -116 -12]
[123 -115 -12]
[123 -82 -16]
[123 -81 -16]
[123 30 29]
[123 -106 -13]
[123 83 30]
[123 82 30]
[123 82 31]
[123 83 32]
[123 84 30]
[123 85 31]
[123 -106 -12]
[123 -100 -16]
[123 -111 -14]
[123 -110 -14]
[123 -121 -9]
[123 -120 -9]
[123 29 31]
[123 -109 -14]
[123 -92 -16]
[123 -94 -16]
[123 -93 -16]
[123 -102 -15]
[123 -103 -15]
[123 -104 -14]
[123 89 40]
[123 88 40]
[123 -114 -12]
[123 -89 -16]
[123 -106 -15]
[123 -106 -14]
[123 -104 -15]
[123 -105 -15]
[123 30 31]
[123 77 29]
[123 -112 -14]
[123 72 30]
[123 73 29]
[123 -118 -11]
[123 -116 -11]
[123 87 31]
[123 88 31]
[123 88 34]
[123 86 35]
[123 88 35]
[123 89 42]
[123 -70 -10]
[123 -69 -10]
[123 -87 -15]
[123 -86 -15]
[123 76 29]
[123 87 35]
[123 -83 -16]
[123 -82 -15]
[123 -84 -16]
[123 -84 -15]
[123 88 33]
[123 88 32]
[123 86 34]
[123 75 30]
[123 89 41]
[123 88 41]
[123 -86 -16]
[123 -97 -16]
[123 -95 -16]
[123 79 29]
[123 -117 -8]
[123 -118 -10]
[123 -119 -10]
[123 -119 -9]
[123 -113 -12]
[123 81 30]
[124 83 29]
[124 84 29]
[124 82 29]
[124 -117 -12]
[124 -117 -11]
[124 -119 -11]
[124 -101 -17]
[124 -99 -17]
[124 72 28]
[124 72 29]
[124 74 28]
[124 78 28]
[124 79 28]
[124 80 28]
[124 71 29]
[124 -96 -17]
[124 -95 -17]
[124 81 29]
[124 -112 -15]
[124 89 32]
[124 89 33]
[124 89 34]
[124 -84 -17]
[124 -85 -16]
[124 86 30]
[124 77 28]
[124 -120 -11]
[124 -120 -10]
[124 -102 -16]
[124 -103 -16]
[124 -114 -14]
[124 -114 -13]
[124 -68 -9]
[124 -68 -8]
[124 -82 -17]
[124 -83 -17]
[124 -105 -16]
[124 29 27]
[124 29 28]
[124 -115 -13]
[124 -117 -13]
[124 -89 -17]
[124 -87 -16]
[124 -108 -15]
[124 -110 -15]
[124 -69 -11]
[124 90 41]
[124 90 42]
[124 89 35]
[124 -107 -16]
[124 -107 -15]
[124 -107 -14]
[124 90 39]
[124 80 30]
[124 81 28]
[124 -92 -17]
[124 -85 -17]
[124 -87 -17]
[124 -86 -17]
[124 29 30]
[124 -97 -17]
[124 -104 -16]
[124 -121 -10]
[124 81 31]
[124 -90 -17]
[124 -91 -17]
[124 75 28]
[124 76 28]
[124 75 29]
[124 85 30]
[124 87 42]
[124 89 31]
[124 -80 -16]
[124 -88 -17]
[124 88 30]
[124 -92 -15]
[124 -93 -17]
[124 -70 -11]
[124 90 40]
[124 -116 -13]
[125 -121 -12]
[125 -119 -12]
[125 -121 -11]
[125 74 29]
[125 -89 -18]
[125 -88 -18]
[125 91 42]
[125 -117 -14]
[125 -116 -14]
[125 -104 -17]
[125 -105 -17]
[125 -118 -12]
[125 -102 -17]
[125 -101 -16]
[125 -98 -17]
[125 -97 -18]
[125 -98 -18]
[125 -96 -16]
[125 -81 -17]
[125 -80 -17]
[125 -101 -18]
[125 -100 -17]
[125 -100 -18]
[125 -106 -16]
[125 -108 -16]
[125 -118 -13]
[125 -86 -18]
[125 -87 -18]
[125 -111 -15]
[125 -112 -16]
[125 -93 -18]
[125 -91 -16]
[125 -91 -18]
[125 -92 -18]
[125 90 32]
[125 87 30]
[125 85 29]
[125 -67 -7]
[125 -68 -7]
[125 -67 -9]
[125 -90 -18]
[125 -68 -12]
[125 -68 -11]
[125 -68 -10]
[125 -107 -17]
[125 -85 -18]
[125 -103 -17]
[125 77 27]
[125 74 27]
[125 73 28]
[125 75 27]
[125 28 28]
[125 30 27]
[125 89 30]
[125 -94 -18]
[125 80 27]
[125 -115 -15]
[125 -114 -15]
[125 91 39]
[125 91 38]
[125 73 27]
[125 71 28]
[125 70 29]
[125 70 28]
[125 -109 -15]
[125 91 40]
[125 -99 -18]
[125 -83 -18]
[125 -84 -18]
[125 90 33]
[125 90 31]
[125 -96 -18]
[125 90 36]
[125 89 36]
[125 76 27]
[125 78 27]
[125 78 29]
[125 88 29]
[125 81 27]
[125 82 28]
[125 -82 -18]
[125 -94 -17]
[126 79 26]
[126 77 26]
[126 79 27]
[126 -106 -17]
[126 -89 -19]
[126 -88 -19]
[126 -100 -19]
[126 -99 -19]
[126 91 41]
[126 -84 -19]
[126 -85 -19]
[126 -83 -19]
[126 87 29]
[126 86 29]
[126 86 31]
[126 28 27]
[126 -66 -6]
[126 -67 -8]
[126 -101 -19]
[126 -102 -19]
[126 -108 -18]
[126 -108 -17]
[126 -87 -19]
[126 -81 -18]
[126 88 28]
[126 87 28]
[126 -82 -19]
[126 74 26]
[126 75 26]
[126 73 26]
[126 92 38]
[126 -94 -19]
[126 -95 -19]
[126 -81 -19]
[126 -96 -19]
[126 80 26]
[126 81 26]
[126 -115 -16]
[126 -116 -15]
[126 -117 -15]
[126 92 39]
[126 92 40]
[126 90 37]
[126 -111 -16]
[126 85 28]
[126 84 28]
[126 91 37]
[126 -97 -19]
[126 -98 -19]
[126 -67 -11]
[126 -119 -13]
[126 -91 -19]
[126 -90 -19]
[126 -109 -16]
[126 -110 -16]
[126 -86 -19]
[126 82 26]
[126 82 27]
[126 89 29]
[126 -92 -19]
[126 -93 -19]
[126 -67 -10]
[126 72 27]
[126 -104 -18]
[126 -102 -18]
[126 -68 -6]
[126 -80 -18]
[126 -120 -12]
[126 -112 -17]
[126 -103 -18]
[126 83 28]
[126 90 38]
[126 92 37]
[126 -109 -17]
[126 -118 -14]
[126 -121 -13]
[126 -120 -13]
[126 70 27]
[126 -67 -13]
[126 -68 -13]
[126 71 27]
[127 80 25]
[127 -90 -20]
[127 -89 -20]
[127 70 26]
[127 71 26]
[127 -110 -17]
[127 -111 -17]
[127 88 27]
[127 86 28]
[127 -85 -20]
[127 -66 -13]
[127 -66 -14]
[127 -67 -14]
[127 84 27]
[127 -84 -20]
[127 -82 -20]
[127 -66 -11]
[127 -87 -20]
[127 -88 -20]
[127 -86 -20]
[127 -98 -20]
[127 89 27]
[127 83 27]
[127 -95 -18]
[127 -94 -20]
[127 -102 -20]
[127 -101 -20]
[127 -91 -20]
[127 -99 -20]
[127 -100 -20]
[127 -83 -20]
[127 -119 -14]
[127 -121 -14]
[127 -96 -20]
[127 78 26]
[127 -66 -9]
[127 -66 -8]
[127 -95 -20]
[127 -92 -20]
[127 -66 -10]
[127 -67 -6]
[127 77 25]
[127 76 26]
[127 85 27]
[127 79 25]
[127 78 25]
[127 72 26]
[127 -117 -16]
[127 -118 -16]
[127 -118 -15]
[127 -105 -18]
[127 -106 -18]
[127 -109 -18]
[127 93 39]
[127 81 25]
[127 93 38]
[127 -66 -7]
[127 -66 -5]
[127 92 41]
[127 83 25]
[127 83 26]
[127 82 25]
[127 -69 -14]
[127 -116 -16]
[127 76 25]
[127 -116 -17]
[127 -114 -17]
[127 -115 -17]
[127 -93 -20]
[127 93 40]
[127 -120 -14]
[128 -65 -10]
[128 -65 -9]
[128 -67 -12]
[128 -65 -12]
[128 93 41]
[128 -81 -21]
[128 -83 -21]
[128 -81 -20]
[128 -117 -17]
[128 -82 -21]
[128 -106 -19]
[128 -104 -19]
[128 -94 -21]
[128 -95 -21]
[128 -93 -21]
[128 -90 -21]
[128 -89 -21]
[128 -97 -21]
[128 -119 -16]
[128 71 25]
[128 94 39]
[128 94 37]
[128 94 38]
[128 -121 -15]
[128 -115 -18]
[128 -114 -16]
[128 -113 -16]
[128 84 25]
[128 84 26]
[128 -110 -18]
[128 94 40]
[128 -65 -8]
[128 -65 -7]
[128 -119 -17]
[128 -68 -14]
[128 -69 -15]
[128 -68 -15]
[128 -114 -18]
[128 -92 -21]
[128 75 25]
[128 89 26]
[128 70 25]
[128 69 27]
[128 -99 -21]
[128 -101 -21]
[128 -100 -21]
[128 81 24]
[128 83 24]
[128 -67 -15]
[128 -66 -15]
[128 -120 -15]
[128 -88 -21]
[128 90 27]
[128 88 26]
[128 90 26]
[128 -98 -21]
[128 79 24]
[128 78 24]
[128 -118 -17]
[128 -103 -20]
[128 -102 -21]
[128 -110 -19]
[128 -109 -19]
[128 -108 -19]
[128 85 26]
[128 80 24]
[128 -67 -5]
[128 -65 -6]
[128 -65 -4]
[128 -66 -4]
[128 -87 -21]
[129 -65 -3]
[129 -64 -3]
[129 -65 -5]
[129 -66 -3]
[129 -97 -20]
[129 95 39]
[129 -64 -7]
[129 -64 -6]
[129 -66 -12]
[129 -65 -13]
[129 -107 -20]
[129 -101 -22]
[129 -108 -20]
[129 -110 -20]
[129 -70 -15]
[129 -69 -16]
[129 -68 -16]
[129 89 25]
[129 88 25]
[129 -67 -16]
[129 71 24]
[129 90 25]
[129 91 27]
[129 -113 -15]
[129 -83 -22]
[129 -81 -22]
[129 -120 -17]
[129 -119 -15]
[129 68 26]
[129 69 28]
[129 -100 -22]
[129 80 23]
[129 -82 -22]
[129 -93 -22]
[129 -95 -22]
[129 -94 -22]
[129 85 25]
[129 86 25]
[129 -91 -22]
[129 -91 -21]
[129 -92 -22]
[129 -96 -22]
[129 -117 -18]
[129 -118 -18]
[129 -116 -19]
[129 -114 -19]
[129 95 38]
[129 95 40]
[129 -102 -22]
[129 -103 -21]
[129 -104 -21]
[129 -66 -16]
[129 -65 -16]
[129 79 23]
[129 77 24]
[129 77 23]
[129 -64 -9]
[129 -64 -8]
[129 -121 -16]
[129 95 36]
[129 95 37]
[129 -99 -22]
[129 82 24]
[129 82 23]
[129 -120 -18]
[129 -119 -18]
[129 -120 -16]
[129 -64 -10]
[129 -65 -11]
[129 83 23]
[129 -105 -20]
[129 75 24]
[129 76 24]
[130 -120 -19]
[130 -119 -19]
[130 -118 -19]
[130 87 25]
[130 87 26]
[130 -63 -3]
[130 -68 -17]
[130 -109 -21]
[130 -70 -17]
[130 -70 -16]
[130 -63 -9]
[130 88 24]
[130 89 24]
[130 76 23]
[130 78 23]
[130 -64 -5]
[130 75 23]
[130 -121 -17]
[130 -93 -23]
[130 -102 -23]
[130 -66 -17]
[130 -65 -17]
[130 -110 -21]
[130 -109 -20]
[130 96 38]
[130 -101 -23]
[130 -99 -23]
[130 87 24]
[130 -64 -12]
[130 -114 -20]
[130 -113 -20]
[130 -115 -19]
[130 96 39]
[130 -100 -23]
[130 83 22]
[130 84 24]
[130 82 22]
[130 84 23]
[130 79 22]
[130 80 22]
[130 81 23]
[130 -83 -23]
[130 -82 -23]
[130 -84 -21]
[130 -84 -22]
[130 -94 -23]
[130 -96 -21]
[130 68 25]
[130 69 26]
[130 69 25]
[130 -121 -18]
[130 -116 -18]
[130 -117 -19]
[130 -65 -15]
[130 -67 -17]
[130 -64 -14]
[130 -64 -13]
[130 -65 -14]
[130 77 22]
[130 76 22]
[130 78 22]
[130 81 22]
[130 -105 -22]
[130 -104 -20]
[130 -103 -22]
[130 -106 -20]
[130 70 24]
[130 70 23]
[130 71 23]
[130 72 23]
[130 -63 -10]
[130 94 36]
[130 -90 -22]
[130 -117 -20]
[130 -115 -20]
[130 -63 -5]
[130 -63 -7]
[130 -63 -8]
[130 86 24]
[130 -95 -23]
[130 -97 -22]
[130 74 24]
[130 74 23]
[130 -104 -22]
[130 -64 -4]
[130 -105 -19]
[130 -106 -21]
[130 -91 -23]
[130 -92 -23]
[130 96 40]
[130 96 41]
[131 -69 -18]
[131 -69 -17]
[131 -102 -24]
[131 -100 -24]
[131 -71 -18]
[131 -107 -22]
[131 -106 -22]
[131 -107 -19]
[131 -107 -21]
[131 69 24]
[131 68 24]
[131 73 23]
[131 73 24]
[131 84 22]
[131 85 24]
[131 73 22]
[131 74 22]
[131 -82 -24]
[131 -83 -24]
[131 -63 -11]
[131 -64 -11]
[131 -63 -13]
[131 84 21]
[131 83 21]
[131 82 21]
[131 -118 -20]
[131 -96 -24]
[131 -95 -24]
[131 -94 -24]
[131 -96 -23]
[131 -92 -24]
[131 -93 -24]
[131 77 21]
[131 78 21]
[131 86 23]
[131 87 23]
[131 70 22]
[131 69 22]
[131 -62 -3]
[131 -62 -4]
[131 -63 -4]
[131 97 39]
[131 -84 -23]
[131 -84 -24]
[131 -62 -9]
[131 -116 -20]
[131 -118 -21]
[131 95 41]
[131 85 23]
[131 71 22]
[131 72 24]
[131 -114 -21]
[131 -113 -21]
[131 75 21]
[131 -103 -19]
[131 97 38]
[131 -90 -23]
[131 -63 -12]
[131 -62 -5]
[131 -97 -23]
[131 -98 -22]
[131 -108 -21]
[131 88 23]
[131 -64 -16]
[131 -64 -15]
[131 86 27]
[131 87 27]
[131 80 21]
[131 81 21]
[131 79 21]
[131 -111 -22]
[131 -111 -20]
[131 -110 -22]
[131 -62 -10]
[131 -62 -11]
[131 97 40]
[131 -67 -18]
[131 -66 -18]
[131 -104 -23]
[131 69 23]
[131 -63 -15]
[131 -105 -23]
[131 -106 -23]
[131 -99 -24]
[131 -109 -22]
[131 -103 -23]
[131 -64 -17]
[131 72 22]
[131 76 21]
[131 -98 -24]
[131 -98 -23]
[132 -68 -18]
[132 -91 -24]
[132 85 22]
[132 -85 -22]
[132 -85 -23]
[132 -90 -24]
[132 86 26]
[132 -97 -24]
[132 -99 -25]
[132 94 41]
[132 -69 -19]
[132 -70 -18]
[132 -68 -19]
[132 68 23]
[132 -62 -16]
[132 -63 -14]
[132 -62 -14]
[132 -63 -16]
[132 68 21]
[132 70 21]
[132 98 39]
[132 83 20]
[132 -106 -24]
[132 -107 -23]
[132 -104 -24]
[132 -105 -24]
[132 -63 -18]
[132 -63 -17]
[132 86 22]
[132 76 20]
[132 74 21]
[132 75 22]
[132 80 20]
[132 78 20]
[132 79 20]
[132 -61 -11]
[132 -108 -22]
[132 -62 -12]
[132 73 25]
[132 73 21]
[132 72 21]
[132 71 21]
[132 -61 -5]
[132 -61 -4]
[132 -112 -21]
[132 -111 -21]
[132 77 20]
[132 72 25]
[132 74 25]
[132 -111 -23]
[132 -112 -23]
[132 -61 -6]
[132 87 22]
[132 -119 -20]
[132 -71 -17]
[132 -71 -19]
[132 -101 -25]
[132 -103 -24]
[132 -84 -25]
[132 -85 -25]
[132 -62 -13]
[132 68 22]
[132 -112 -22]
[132 -113 -22]
[133 -61 -12]
[133 74 20]
[133 -70 -19]
[133 -71 -20]
[133 -70 -20]
[133 -61 -13]
[133 -86 -26]
[133 -85 -26]
[133 -86 -25]
[133 -60 -4]
[133 -60 -5]
[133 -62 -17]
[133 -85 -24]
[133 -84 -26]
[133 80 19]
[133 79 19]
[133 -100 -25]
[133 -101 -26]
[133 -102 -25]
[133 -86 -23]
[133 -85 -21]
[133 71 20]
[133 70 20]
[133 69 21]
[133 69 20]
[133 -64 -19]
[133 -62 -19]
[133 -63 -19]
[133 -62 -18]
[133 -61 -14]
[133 -67 -19]
[133 -60 -6]
[133 76 19]
[133 75 20]
[133 75 19]
[133 -61 -15]
[133 72 20]
[133 73 20]
[133 85 21]
[133 77 19]
[133 -111 -24]
[133 -69 -20]
[133 86 21]
[133 87 21]
[133 -103 -25]
[133 -98 -25]
[133 78 19]
[133 -62 -15]
[133 67 23]
[133 67 21]
[133 68 20]
[133 -104 -25]
[133 -106 -25]
[133 -107 -25]
[134 -86 -21]
[134 -60 -14]
[134 -69 -21]
[134 -68 -20]
[134 73 19]
[134 74 19]
[134 70 19]
[134 -66 -20]
[134 -66 -19]
[134 -59 -6]
[134 -102 -26]
[134 -103 -26]
[134 85 20]
[134 80 18]
[134 81 20]
[134 77 18]
[134 78 18]
[134 -98 -26]
[134 -72 -19]
[134 -71 -21]
[134 -70 -21]
[134 -72 -20]
[134 -64 -18]
[134 -64 -20]
[134 -65 -18]
[134 -65 -20]
[134 -110 -25]
[134 79 18]
[134 68 19]
[134 67 19]
[134 76 18]
[134 75 18]
[134 72 19]
[134 -63 -20]
[134 -62 -20]
[134 71 19]
[134 -61 -18]
[134 -61 -16]
[134 -60 -16]
[134 -60 -15]
[134 -59 -4]
[134 74 18]
[134 -87 -24]
[134 86 20]
[134 -101 -27]
[134 -102 -27]
[134 -87 -25]
[135 73 18]
[135 -68 -22]
[135 -69 -22]
[135 -70 -22]
[135 -72 -21]
[135 -73 -21]
[135 -64 -21]
[135 -62 -21]
[135 -71 -22]
[135 -65 -19]
[135 70 18]
[135 71 18]
[135 72 18]
[135 -59 -15]
[135 -88 -23]
[135 -88 -24]
[135 -72 -22]
[135 -110 -24]
[135 -109 -25]
[135 -109 -26]
[135 -67 -20]
[135 -65 -21]
[135 -66 -21]
[135 -68 -21]
[135 -97 -26]
[135 -99 -27]
[135 -98 -27]
[135 69 18]
[135 76 17]
[135 85 19]
[135 86 19]
[135 84 20]
[135 84 19]
[135 -61 -21]
[135 -61 -19]
[135 -61 -20]
[135 -73 -20]
[135 78 17]
[135 -59 -3]
[135 -58 -5]
[135 67 18]
[135 67 20]
[135 -58 -6]
[135 75 17]
[135 77 17]
[135 -88 -25]
[135 -61 -17]
[135 -59 -17]
[135 -60 -17]
[135 -60 -19]
[136 -58 -3]
[136 -58 -4]
[136 -72 -23]
[136 -87 -23]
[136 -89 -24]
[136 -59 -18]
[136 -59 -16]
[136 -110 -26]
[136 -108 -24]
[136 -66 -22]
[136 -65 -22]
[136 75 16]
[136 74 17]
[136 -64 -22]
[136 84 18]
[136 83 18]
[136 68 17]
[136 69 17]
[136 68 18]
[136 76 16]
[136 83 19]
[136 -108 -27]
[136 73 17]
[136 72 17]
[136 77 16]
[136 66 17]
[136 66 18]
[136 -59 -5]
[136 -57 -5]
[136 70 17]
[136 -97 -27]
[136 -98 -28]
[136 71 17]
[136 69 19]
[136 -68 -23]
[136 -70 -23]
[136 -69 -23]
[136 -67 -22]
[136 -67 -21]
[136 -67 -23]
[136 -96 -26]
[136 -60 -18]
[136 66 19]
[136 -71 -23]
[136 -63 -22]
[136 -62 -22]
[136 -89 -25]
[136 -58 -18]
[136 -57 -6]
[137 -71 -24]
[137 -72 -24]
[137 -98 -29]
[137 68 16]
[137 67 16]
[137 65 18]
[137 66 16]
[137 82 18]
[137 83 17]
[137 -59 -19]
[137 65 17]
[137 67 17]
[137 -68 -24]
[137 -67 -24]
[137 -66 -23]
[137 -95 -26]
[137 -95 -27]
[137 -65 -23]
[137 -63 -21]
[137 -63 -23]
[137 69 16]
[137 -96 -27]
[137 -97 -28]
[137 -58 -19]
[137 -58 -17]
[137 -69 -24]
[137 -70 -24]
[137 70 16]
[138 -98 -30]
[138 -96 -29]
[138 -97 -29]
[138 -71 -25]
[138 -70 -25]
[138 -69 -25]
[138 -68 -25]
[138 65 16]
[138 64 16]
[138 64 17]
[138 -72 -25]
[138 -64 -23]
[138 -60 -20]
[138 -59 -20]
[138 -58 -20]
[138 -65 -24]
[138 -95 -28]
[138 66 15]
[138 -67 -25]
[138 82 16]
[138 83 16]
[139 81 15]
[139 82 15]
[139 67 15]
[139 66 14]
[139 -72 -26]
[139 -73 -26]
[139 -73 -25]
[139 -67 -26]
[139 -64 -24]
[139 -63 -24]
[139 -70 -26]
[139 -68 -26]
[139 -69 -26]
[139 -66 -24]
[139 -66 -25]
[139 -65 -25]
[139 -97 -30]
[139 -96 -30]
[139 65 15]
[139 63 15]
[139 64 15]
[139 -98 -31]
[139 -99 -31]
[140 -68 -27]
[140 -69 -27]
[140 -70 -27]
[140 -99 -32]
[140 -100 -32]
[140 -64 -25]
[140 -63 -25]
[140 65 14]
[140 63 14]
[140 64 14]
[140 -71 -27]
[140 -96 -31]
[140 -72 -27]
[140 67 14]
[140 62 14]
[140 -98 -32]
[140 81 16]
[140 67 13]
[140 65 13]
[140 -65 -26]
[140 -66 -26]
[141 -70 -28]
[141 -69 -28]
[141 -68 -28]
[141 -64 -26]
[141 -95 -30]
[141 62 13]
[141 64 13]
[141 -67 -27]
[141 -67 -28]
[141 -66 -27]
[141 -65 -27]
[141 -73 -28]
[141 -72 -28]
[141 63 13]
[141 -100 -31]
[141 -100 -33]
[141 -62 -25]
[141 68 15]
[141 68 14]
[141 -71 -28]
[141 66 12]
[141 68 12]
[141 66 13]
[141 65 12]
[142 -71 -29]
[142 -72 -29]
[142 -73 -27]
[142 -73 -29]
[142 -74 -29]
[142 -62 -26]
[142 -63 -26]
[142 64 12]
[142 63 12]
[142 62 12]
[142 64 11]
[142 66 11]
[142 65 11]
[142 -64 -27]
[142 -70 -29]
[142 67 12]
[142 -66 -29]
[142 -66 -28]
[142 -64 -28]
[142 -101 -32]
[142 61 13]
[142 61 12]
[142 69 12]
[142 -67 -29]
[142 -69 -29]
[142 -94 -31]
[142 -95 -31]
[142 -65 -28]
[142 -100 -30]
[143 -65 -30]
[143 -67 -30]
[143 -65 -29]
[143 -94 -32]
[143 63 10]
[143 -66 -30]
[143 -70 -30]
[143 -69 -30]
[143 -68 -29]
[143 65 10]
[143 60 12]
[143 61 11]
[143 62 11]
[143 -71 -30]
[143 -72 -30]
[143 -101 -30]
[143 -63 -28]
[143 -64 -29]
[143 -63 -29]
[143 -74 -30]
[143 -62 -27]
[143 68 11]
[143 64 10]
[144 -75 -30]
[144 -73 -30]
[144 -71 -31]
[144 -73 -31]
[144 -72 -31]
[144 66 9]
[144 65 9]
[144 -93 -33]
[144 -95 -33]
[144 -94 -33]
[144 -68 -31]
[144 -66 -31]
[144 -67 -31]
[144 -63 -27]
[144 -62 -28]
[144 64 9]
[144 62 10]
[144 60 10]
[144 61 10]
[144 60 11]
[144 -64 -30]
[144 -62 -29]
[144 -62 -30]
[144 63 11]
[144 -64 -31]
[144 -70 -31]
[145 62 9]
[145 60 9]
[145 -74 -31]
[145 -65 -32]
[145 -63 -30]
[145 -63 -31]
[145 -63 -32]
[145 -75 -31]
[145 -76 -31]
[145 -61 -28]
[145 -96 -33]
[145 -94 -34]
[145 -96 -32]
[145 64 8]
[145 63 9]
[145 -65 -31]
[145 -70 -32]
[145 -71 -32]
[145 -92 -34]
[145 -93 -34]
[145 -62 -31]
[145 -69 -32]
[145 -68 -32]
[145 -69 -31]
[145 -67 -32]
[145 61 9]
[145 59 9]
[145 65 8]
[145 67 9]
[145 67 10]
[145 59 10]
[145 59 11]
[145 -68 -30]
[146 -92 -35]
[146 63 7]
[146 -71 -33]
[146 67 8]
[146 68 9]
[146 62 8]
[146 63 8]
[146 -65 -33]
[146 -66 -33]
[146 -64 -32]
[146 60 8]
[146 58 9]
[146 59 8]
[146 58 8]
[146 -91 -33]
[146 61 8]
[146 -76 -30]
[146 -77 -32]
[146 -76 -32]
[146 -68 -33]
[146 -95 -32]
[146 -97 -32]
[146 -61 -32]
[146 -61 -31]
[146 -64 -33]
[146 -62 -33]
[146 -60 -28]
[146 66 10]
[146 64 7]
[146 65 7]
[146 66 8]
[146 66 7]
[146 -70 -33]
[146 -67 -33]
[146 -66 -32]
[147 61 7]
[147 62 7]
[147 -90 -33]
[147 -92 -32]
[147 -91 -34]
[147 -90 -34]
[147 -63 -34]
[147 -65 -34]
[147 -62 -32]
[147 -60 -31]
[147 67 6]
[147 67 7]
[147 -61 -34]
[147 -61 -33]
[147 -78 -32]
[147 68 7]
[147 60 7]
[147 -64 -34]
[147 62 6]
[147 -75 -29]
[147 -60 -30]
[147 -66 -34]
[147 64 6]
[147 66 6]
[147 -77 -31]
[147 -71 -34]
[147 65 6]
[147 69 10]
[147 69 9]
[147 68 8]
[147 69 8]
[148 -60 -34]
[148 -60 -32]
[148 -65 -35]
[148 66 5]
[148 -62 -35]
[148 -60 -35]
[148 -60 -33]
[148 70 8]
[148 70 9]
[148 70 7]
[148 69 7]
[148 -91 -32]
[148 64 5]
[148 63 6]
[148 65 5]
[148 -89 -33]
[148 -89 -34]
[148 -79 -32]
[148 60 6]
[148 61 6]
[148 59 6]
[148 67 5]
[148 68 6]
[148 70 10]
[148 -64 -35]
[148 -63 -35]
[148 -91 -35]
[148 -92 -33]
[148 -59 -30]
[148 -61 -30]
[148 -59 -31]
[148 63 5]
[148 -61 -29]
[148 68 10]
[148 70 11]
[149 -90 -35]
[149 -60 -36]
[149 -61 -35]
[149 -60 -29]
[149 66 4]
[149 -79 -33]
[149 -80 -31]
[149 -80 -32]
[149 59 7]
[149 61 5]
[149 60 5]
[149 -88 -34]
[149 71 6]
[149 71 8]
[149 -59 -33]
[149 -59 -32]
[149 -64 -36]
[149 69 11]
[149 71 10]
[149 -59 -29]
[149 65 4]
[149 71 9]
[149 70 6]
[149 -89 -35]
[149 64 4]
[149 62 4]
[149 62 5]
[149 67 11]
[149 -65 -36]
[149 68 5]
[149 -62 -36]
[149 -62 -34]
[149 69 6]
[150 -79 -31]
[150 -81 -32]
[150 -81 -31]
[150 -80 -33]
[150 -61 -36]
[150 -61 -37]
[150 -63 -36]
[150 61 4]
[150 63 4]
[150 -87 -34]
[150 -88 -35]
[150 64 3]
[150 65 3]
[150 59 5]
[150 -88 -36]
[150 -64 -37]
[150 62 3]
[150 61 3]
[150 63 3]
[150 -63 -33]
[150 -65 -37]
[150 67 3]
[150 71 7]
[150 -89 -36]
[150 -90 -36]
[150 69 5]
[150 70 5]
[150 72 5]
[150 71 5]
[150 -59 -28]
[150 72 7]
[150 72 8]
[150 69 4]
[150 72 9]
[150 -81 -30]
[150 -80 -30]
[151 68 3]
[151 72 4]
[151 70 4]
[151 -65 -38]
[151 -66 -38]
[151 72 6]
[151 -89 -37]
[151 -87 -35]
[151 73 7]
[151 62 2]
[151 60 3]
[151 66 3]
[151 64 2]
[151 65 2]
[151 66 2]
[151 69 3]
[151 58 4]
[151 60 4]
[151 73 5]
[151 73 4]
[151 63 2]
[151 73 8]
[151 73 9]
[151 72 10]
[151 -82 -31]
[151 -81 -33]
[151 -78 -31]
[151 -88 -37]
[151 -63 -38]
[151 -63 -37]
[152 66 1]
[152 63 1]
[152 65 1]
[152 64 1]
[152 74 3]
[152 72 3]
[152 70 2]
[152 69 2]
[152 68 2]
[152 71 3]
[152 73 6]
[152 67 4]
[152 67 2]
[152 -86 -35]
[152 59 3]
[152 59 4]
[152 62 1]
[152 68 4]
[152 74 8]
[152 74 7]
[152 -62 -38]
[152 -64 -38]
[152 -82 -30]
[152 -83 -30]
[152 71 4]
[152 57 5]
[152 58 3]
[152 58 5]
[152 -66 -37]
[152 -82 -34]
[153 70 3]
[153 59 2]
[153 58 2]
[153 60 2]
[153 -84 -29]
[153 -84 -30]
[153 -85 -36]
[153 -85 -35]
[153 69 1]
[153 70 1]
[153 63 0]
[153 64 0]
[153 57 4]
[153 57 2]
[153 74 6]
[153 75 4]
[153 72 2]
[153 73 3]
[153 67 1]
[153 65 0]
[153 61 1]
[153 62 0]
[153 -81 -34]
[153 -82 -35]
[154 73 2]
[154 74 2]
[154 74 4]
[154 71 2]
[154 71 1]
[154 -85 -30]
[154 -85 -29]
[154 -83 -29]
[154 56 3]
[154 56 4]
[154 57 3]
[154 67 0]
[154 59 1]
[154 57 1]
[154 65 -1]
[154 63 -1]
[154 70 0]
[154 71 0]
[154 56 2]
[154 60 1]
[154 -82 -36]
[154 -83 -36]
[154 60 0]
[154 61 2]
[154 76 5]
[154 75 3]
[154 74 5]
[154 75 5]
[154 -84 -37]
[154 68 0]
[154 68 1]
[154 69 0]
[154 75 7]
[154 -81 -35]
[154 64 -1]
[155 58 0]
[155 56 1]
[155 63 -2]
[155 65 -2]
[155 55 3]
[155 55 4]
[155 59 -1]
[155 61 0]
[155 68 -1]
[155 69 -1]
[155 72 1]
[155 64 -2]
[155 66 -2]
[155 66 0]
[155 -83 -37]
[155 -84 -36]
[155 73 1]
[155 76 6]
[155 76 4]
[155 67 -1]
[155 72 -1]
[155 66 -1]
[155 77 6]
[155 56 5]
[155 62 -1]
[155 62 -2]
[155 58 1]
[155 59 0]
[155 74 1]
[155 75 2]
[155 75 1]
[155 76 2]
[155 75 6]
[155 -83 -35]
[155 -82 -37]
[155 55 2]
[156 54 3]
[156 54 4]
[156 69 -2]
[156 68 -2]
[156 70 -2]
[156 -84 -35]
[156 72 0]
[156 73 0]
[156 74 0]
[156 65 -3]
[156 66 -3]
[156 64 -3]
[156 62 -3]
[156 60 -1]
[156 58 -1]
[156 77 2]
[156 77 3]
[156 77 1]
[156 76 1]
[156 61 -2]
[156 63 -3]
[156 57 0]
[156 55 5]
[156 77 5]
[156 71 -2]
[156 73 -1]
[156 73 -2]
[156 58 -2]
[156 55 1]
[156 56 0]
[156 55 0]
[156 76 7]
[156 76 3]
[157 63 -4]
[157 71 -1]
[157 70 -1]
[157 71 -3]
[157 69 -3]
[157 59 -2]
[157 60 -2]
[157 78 1]
[157 78 2]
[157 78 3]
[157 74 -2]
[157 67 -2]
[157 54 2]
[157 53 4]
[157 57 -2]
[157 57 -3]
[157 61 -1]
[157 61 -3]
[157 75 0]
[157 74 -1]
[157 76 0]
[157 78 0]
[157 53 3]
[157 57 -1]
[157 73 -3]
[157 56 -1]
[157 61 -4]
[157 65 -4]
[157 64 -4]
[157 75 8]
[157 78 6]
[157 77 0]
[157 68 -3]
[157 72 -3]
[157 72 -2]
[157 70 -3]
[157 54 1]
[157 54 0]
[158 53 0]
[158 70 -4]
[158 69 -4]
[158 68 -4]
[158 79 3]
[158 79 4]
[158 75 -2]
[158 64 -5]
[158 65 -5]
[158 63 -5]
[158 71 -4]
[158 72 -4]
[158 79 1]
[158 62 -4]
[158 52 3]
[158 79 -1]
[158 77 -1]
[158 78 -1]
[158 79 0]
[158 56 -2]
[158 62 -5]
[158 74 -3]
[158 73 -4]
[158 76 -1]
[158 79 5]
[158 78 5]
[158 59 -3]
[158 60 -3]
[158 66 -5]
[158 66 -4]
[158 58 -3]
[158 57 -4]
[158 56 -4]
[158 67 -3]
[158 55 -1]
[158 53 -1]
[158 54 -1]
[158 53 1]
[158 60 -4]
[158 53 2]
[158 52 2]
[158 75 -1]
[159 70 -5]
[159 71 -5]
[159 65 -6]
[159 64 -6]
[159 75 -3]
[159 76 -2]
[159 76 -3]
[159 67 -4]
[159 67 -6]
[159 67 -5]
[159 66 -6]
[159 74 -4]
[159 75 -4]
[159 56 -5]
[159 56 -3]
[159 58 -5]
[159 58 -4]
[159 57 -5]
[159 52 1]
[159 69 -5]
[159 51 1]
[159 52 0]
[159 59 -4]
[159 80 0]
[159 80 -1]
[159 72 -5]
[159 74 -5]
[159 53 -2]
[159 52 -2]
[159 77 -2]
[159 79 2]
[159 55 -3]
[159 55 -2]
[159 78 -2]
[159 80 5]
[159 80 6]
[159 62 -6]
[159 54 -2]
[159 80 4]
[159 78 4]
[159 80 3]
[159 63 -6]
[159 80 -2]
[160 68 -5]
[160 77 -3]
[160 59 -5]
[160 67 -7]
[160 66 -7]
[160 76 -5]
[160 76 -4]
[160 75 -5]
[160 51 0]
[160 50 1]
[160 51 2]
[160 55 -6]
[160 56 -6]
[160 55 -4]
[160 55 -5]
[160 79 -2]
[160 81 -2]
[160 51 -3]
[160 52 -1]
[160 81 5]
[160 80 2]
[160 80 1]
[160 61 -5]
[160 62 -7]
[160 81 -1]
[160 65 -7]
[160 78 -3]
[160 81 4]
[160 81 2]
[160 54 -3]
[160 63 -7]
[160 81 3]
[160 77 4]
[160 60 -5]
[160 81 0]
[160 81 1]
[160 64 -7]
[160 58 -6]
[160 53 -3]
[160 52 -3]
[160 75 -6]
[160 74 -6]
[160 70 -6]
[160 71 -6]
[160 79 -3]
[160 57 -6]
[160 59 -6]
[161 69 -7]
[161 61 -6]
[161 61 -7]
[161 63 -8]
[161 61 -8]
[161 54 -5]
[161 56 -7]
[161 54 -7]
[161 81 6]
[161 59 -7]
[161 57 -7]
[161 82 4]
[161 82 2]
[161 76 -6]
[161 82 -1]
[161 53 -4]
[161 77 -5]
[161 49 1]
[161 55 -7]
[161 60 -7]
[161 60 -6]
[161 82 1]
[161 82 -2]
[161 82 0]
[161 73 -5]
[161 73 -6]
[161 66 -8]
[161 67 -8]
[161 68 -8]
[161 68 -6]
[161 50 -4]
[161 51 -4]
[161 50 -3]
[161 50 -2]
[161 52 -4]
[161 54 -4]
[161 72 -7]
[161 71 -7]
[161 72 -6]
[161 70 -7]
[161 54 -6]
[161 78 -4]
[161 77 -4]
[161 50 0]
[161 82 5]
[161 64 -8]
[161 65 -8]
[161 69 -6]
[162 77 -6]
[162 73 -7]
[162 71 -8]
[162 53 -7]
[162 67 -9]
[162 49 -5]
[162 49 -3]
[162 51 -5]
[162 83 -1]
[162 83 0]
[162 70 -8]
[162 60 -9]
[162 60 -8]
[162 51 -2]
[162 50 -1]
[162 53 -8]
[162 83 1]
[162 63 -9]
[162 64 -9]
[162 69 -8]
[162 81 7]
[162 49 0]
[162 50 -5]
[162 56 -8]
[162 55 -8]
[162 68 -9]
[162 68 -7]
[162 58 -8]
[162 58 -7]
[162 49 -2]
[162 49 -4]
[162 82 6]
[162 65 -9]
[162 48 0]
[162 83 3]
[162 83 2]
[162 57 -8]
[162 53 -5]
[162 52 -5]
[163 82 7]
[163 81 8]
[163 69 -9]
[163 71 -9]
[163 68 -10]
[163 66 -10]
[163 66 -9]
[163 67 -10]
[163 48 -3]
[163 49 -1]
[163 48 -1]
[163 84 0]
[163 84 3]
[163 84 4]
[163 82 3]
[163 48 -4]
[163 48 -2]
[163 84 2]
[163 84 1]
[163 64 -10]
[163 63 -10]
[163 65 -10]
[163 50 -6]
[163 51 -6]
[163 59 -8]
[163 55 -9]
[163 56 -9]
[163 54 -9]
[163 59 -9]
[163 61 -10]
[163 59 -10]
[163 58 -9]
[163 57 -9]
[163 52 -7]
[163 52 -8]
[163 48 -5]
[163 72 -8]
[163 73 -8]
[163 70 -9]
[163 72 -9]
[163 47 0]
[163 54 -8]
[163 78 -5]
[163 69 -10]
[164 67 -11]
[164 51 -8]
[164 52 -6]
[164 53 -9]
[164 83 4]
[164 50 -7]
[164 51 -7]
[164 47 -2]
[164 70 -10]
[164 68 -11]
[164 47 -1]
[164 47 -5]
[164 47 -3]
[164 47 1]
[164 46 -1]
[164 47 -4]
[164 84 5]
[164 83 5]
[164 57 -10]
[164 58 -10]
[164 61 -11]
[164 62 -10]
[164 60 -10]
[164 60 -11]
[164 85 2]
[164 85 1]
[164 85 0]
[164 66 -11]
[164 54 -10]
[164 53 -10]
[164 59 -11]
[164 58 -11]
[164 82 9]
[164 52 -9]
[164 56 -10]
[164 55 -10]
[164 85 3]
[164 74 -7]
[164 63 -11]
[164 64 -11]
[164 65 -11]
[164 83 7]
[164 83 6]
[164 72 -10]
[165 84 6]
[165 46 0]
[165 46 -2]
[165 45 -2]
[165 46 -3]
[165 58 -12]
[165 59 -12]
[165 46 -4]
[165 49 -8]
[165 50 -8]
[165 46 2]
[165 62 -12]
[165 62 -11]
[165 69 -11]
[165 71 -10]
[165 70 -11]
[165 83 10]
[165 82 8]
[165 47 -6]
[165 84 7]
[165 86 0]
[165 86 1]
[165 65 -12]
[165 64 -12]
[165 53 -11]
[165 55 -11]
[165 86 2]
[165 85 4]
[165 86 3]
[165 56 -11]
[165 57 -11]
[165 83 8]
[165 61 -12]
[165 85 6]
[165 67 -12]
[165 66 -12]
[165 68 -12]
[165 51 -10]
[165 71 -11]
[165 62 -9]
[165 61 -9]
[166 84 11]
[166 84 9]
[166 66 -13]
[166 67 -13]
[166 62 -13]
[166 63 -13]
[166 61 -13]
[166 51 -11]
[166 50 -11]
[166 51 -9]
[166 52 -10]
[166 50 -10]
[166 86 4]
[166 86 5]
[166 85 5]
[166 59 -13]
[166 57 -13]
[166 85 8]
[166 85 7]
[166 69 -12]
[166 68 -13]
[166 45 -4]
[166 57 -12]
[166 56 -12]
[166 45 -1]
[166 60 -12]
[166 60 -13]
[166 48 -6]
[166 48 -7]
[166 46 -7]
[166 87 2]
[166 87 3]
[166 48 -9]
[166 49 -9]
[166 45 -3]
[166 87 1]
[166 45 1]
[166 62 -8]
[166 65 -13]
[166 49 -7]
[166 63 -12]
[166 64 -13]
[166 83 9]
[166 54 -11]
[166 45 2]
[166 46 1]
[166 86 6]
[166 52 -12]
[166 54 -12]
[167 58 -13]
[167 58 -14]
[167 47 -10]
[167 47 -9]
[167 49 -10]
[167 44 2]
[167 44 1]
[167 65 -14]
[167 88 3]
[167 64 -14]
[167 66 -14]
[167 88 2]
[167 88 4]
[167 84 8]
[167 60 -14]
[167 63 -14]
[167 62 -14]
[167 44 -4]
[167 44 -3]
[167 44 -2]
[167 87 6]
[167 87 4]
[167 86 7]
[167 87 7]
[167 48 -10]
[167 50 -9]
[167 87 5]
[167 67 -14]
[167 45 0]
[167 44 0]
[167 85 10]
[167 85 12]
[167 49 -11]
[167 50 -12]
[167 49 -12]
[167 49 -6]
[167 52 -11]
[167 51 -12]
[167 47 -7]
[167 57 -14]
[167 56 -13]
[167 53 -12]
[167 52 -13]
[167 53 -13]
[167 55 -13]
[167 55 -12]
[167 54 -13]
[167 61 -14]
[167 84 10]
[167 45 -6]
[167 45 -8]
[167 45 -7]
[167 47 -8]
[167 46 -8]
[168 44 -1]
[168 88 5]
[168 56 -14]
[168 55 -14]
[168 53 -14]
[168 48 -11]
[168 45 -9]
[168 44 -8]
[168 46 -9]
[168 65 -15]
[168 89 2]
[168 59 -14]
[168 48 -13]
[168 50 -13]
[168 48 -12]
[168 52 -14]
[168 51 -13]
[168 66 -15]
[168 47 -11]
[168 88 8]
[168 86 8]
[168 88 7]
[168 89 3]
[168 88 6]
[168 54 -14]
[168 43 1]
[168 43 0]
[168 44 -6]
[168 44 -5]
[168 60 -15]
[168 61 -15]
[168 85 9]
[168 86 9]
[168 85 13]
[168 86 13]
[168 43 2]
[168 87 8]
[168 45 -5]
[168 43 -5]
[168 43 -4]
[168 48 -8]
[168 59 -15]
[168 58 -15]
[168 85 11]
[168 43 -3]
[168 46 -11]
[168 89 4]
[169 42 -2]
[169 86 11]
[169 86 12]
[169 89 5]
[169 89 6]
[169 87 9]
[169 42 1]
[169 42 2]
[169 44 -9]
[169 43 -9]
[169 43 -7]
[169 54 -15]
[169 65 -16]
[169 87 12]
[169 86 14]
[169 87 14]
[169 87 13]
[169 89 7]
[169 88 9]
[169 43 -6]
[169 43 -2]
[169 87 10]
[169 86 10]
[169 90 2]
[169 90 4]
[169 47 -12]
[169 44 -7]
[169 62 -16]
[169 61 -16]
[169 60 -16]
[169 53 -15]
[169 52 -15]
[169 47 -13]
[169 42 -1]
[169 45 -10]
[169 90 3]
[169 51 -14]
[169 42 -5]
[169 46 -12]
[169 46 -10]
[169 50 -14]
[169 58 -16]
[169 55 -15]
[169 57 -15]
[169 48 -14]
[169 56 -15]
[169 42 -4]
[169 89 1]
[170 43 -8]
[170 44 -10]
[170 42 -9]
[170 42 -8]
[170 42 -10]
[170 88 10]
[170 45 -11]
[170 46 -13]
[170 45 -13]
[170 88 13]
[170 89 10]
[170 51 -15]
[170 50 -15]
[170 57 -16]
[170 56 -16]
[170 49 -13]
[170 49 -14]
[170 54 -16]
[170 42 -3]
[170 64 -17]
[170 64 -15]
[170 87 15]
[170 41 -4]
[170 88 12]
[170 88 14]
[170 87 11]
[170 90 8]
[170 90 7]
[170 53 -16]
[170 42 -7]
[170 42 -6]
[170 51 -16]
[170 91 2]
[170 91 4]
[170 60 -17]
[170 61 -17]
[170 62 -15]
[170 62 -17]
[170 91 3]
[170 90 1]
[170 46 -14]
[170 44 -11]
[170 47 -14]
[170 49 -15]
[170 43 -10]
[170 43 -1]
[170 41 -3]
[170 91 5]
[170 90 5]
[170 90 6]
[170 58 -17]
[170 59 -17]
[170 59 -16]
[170 41 -6]
[170 42 0]
[170 41 0]
[171 61 -18]
[171 41 -8]
[171 92 5]
[171 55 -16]
[171 53 -17]
[171 89 11]
[171 88 11]
[171 89 9]
[171 63 -15]
[171 63 -16]
[171 41 -7]
[171 52 -16]
[171 91 7]
[171 91 6]
[171 88 15]
[171 56 -17]
[171 55 -17]
[171 89 15]
[171 89 13]
[171 49 -16]
[171 60 -18]
[171 43 -11]
[171 40 -1]
[171 40 0]
[171 41 -1]
[171 50 -17]
[171 50 -16]
[171 89 12]
[171 89 14]
[171 41 -5]
[171 40 -6]
[171 91 9]
[171 91 8]
[171 92 4]
[171 44 -12]
[171 44 -13]
[171 45 -14]
[171 63 -17]
[171 40 -5]
[171 40 -3]
[171 45 -15]
[171 47 -15]
[171 45 -12]
[171 59 -18]
[171 40 -2]
[171 40 -4]
[171 48 -15]
[171 48 -16]
[171 57 -17]
[171 64 -16]
[171 41 -9]
[171 63 -18]
[172 90 13]
[172 52 -18]
[172 39 -3]
[172 39 -1]
[172 48 -17]
[172 90 10]
[172 39 1]
[172 39 0]
[172 41 1]
[172 90 11]
[172 40 -9]
[172 40 -7]
[172 39 -6]
[172 44 -14]
[172 62 -18]
[172 63 -19]
[172 64 -19]
[172 39 -5]
[172 39 -7]
[172 55 -18]
[172 41 -2]
[172 43 -12]
[172 62 -19]
[172 64 -18]
[172 57 -18]
[172 90 14]
[172 49 -17]
[172 51 -18]
[172 58 -19]
[172 59 -19]
[172 92 8]
[172 54 -17]
[172 47 -16]
[172 43 -13]
[172 54 -18]
[172 92 9]
[172 45 -16]
[172 44 -16]
[172 46 -16]
[172 92 7]
[172 90 9]
[172 51 -17]
[172 40 -10]
[172 40 -8]
[172 39 -2]
[172 39 -4]
[173 42 -11]
[173 42 -12]
[173 50 -18]
[173 91 10]
[173 93 9]
[173 90 12]
[173 91 11]
[173 52 -19]
[173 51 -19]
[173 61 -20]
[173 62 -20]
[173 63 -20]
[173 43 -17]
[173 44 -15]
[173 44 -17]
[173 43 -15]
[173 65 -18]
[173 64 -20]
[173 65 -19]
[173 56 -18]
[173 56 -19]
[173 46 -17]
[173 46 -15]
[173 39 -10]
[173 39 -8]
[173 93 8]
[173 38 -6]
[173 38 -5]
[173 38 -4]
[173 38 -2]
[173 45 -17]
[173 53 -18]
[173 55 -19]
[173 89 8]
[173 38 0]
[173 49 -18]
[173 47 -17]
[173 91 13]
[173 40 1]
[173 38 1]
[173 39 -11]
[173 41 -11]
[173 42 -14]
[173 42 -13]
[173 38 -3]
[173 38 -1]
[173 41 2]
[173 58 -18]
[173 57 -19]
[173 52 -17]
[173 59 -20]
[173 60 -19]
[173 39 -9]
[174 43 -16]
[174 43 -14]
[174 37 -2]
[174 38 -10]
[174 49 -19]
[174 50 -19]
[174 48 -19]
[174 38 -12]
[174 40 -11]
[174 42 -15]
[174 56 -20]
[174 58 -20]
[174 60 -21]
[174 61 -19]
[174 61 -21]
[174 42 -17]
[174 44 -18]
[174 43 -18]
[174 66 -19]
[174 92 11]
[174 92 10]
[174 40 -12]
[174 41 -10]
[174 41 -12]
[174 38 -11]
[174 41 -13]
[174 46 -18]
[174 38 -7]
[174 66 -20]
[174 37 0]
[174 37 -1]
[174 47 -18]
[174 52 -20]
[174 53 -20]
[174 51 -20]
[174 38 -9]
[174 94 9]
[174 37 -6]
[174 37 -5]
[174 37 -4]
[174 45 -18]
[174 57 -20]
[174 55 -20]
[174 64 -21]
[174 65 -21]
[174 65 -20]
[174 37 -3]
[174 91 12]
[175 42 -18]
[175 43 -19]
[175 42 -19]
[175 36 0]
[175 37 -10]
[175 37 -9]
[175 36 -5]
[175 36 -4]
[175 36 -6]
[175 92 12]
[175 93 11]
[175 93 12]
[175 63 -21]
[175 64 -22]
[175 65 -22]
[175 46 -19]
[175 36 -1]
[175 36 -3]
[175 36 -2]
[175 47 -20]
[175 48 -20]
[175 47 -19]
[175 56 -21]
[175 58 -21]
[175 39 -12]
[175 40 -13]
[175 39 -13]
[175 36 -7]
[175 41 -16]
[175 37 -12]
[175 37 -11]
[175 37 -13]
[175 45 -19]
[175 44 -19]
[175 40 -14]
[175 59 -22]
[175 60 -20]
[175 61 -22]
[175 59 -21]
[175 53 -19]
[175 67 -19]
[175 57 -21]
[175 48 -18]
[175 37 -8]
[175 37 -7]
[175 50 -20]
[175 93 10]
[175 62 -22]
[175 62 -21]
[175 38 -8]
[175 54 -21]
[175 49 -20]
[175 52 -21]
[175 53 -21]
[175 50 -21]
[175 42 -16]
[176 67 -20]
[176 68 -20]
[176 94 10]
[176 43 -20]
[176 55 -22]
[176 57 -22]
[176 55 -21]
[176 51 -22]
[176 51 -21]
[176 48 -21]
[176 47 -21]
[176 41 -14]
[176 41 -17]
[176 40 -16]
[176 40 -17]
[176 36 -9]
[176 35 -1]
[176 36 -8]
[176 36 -10]
[176 35 -4]
[176 35 -5]
[176 49 -21]
[176 41 -18]
[176 38 -13]
[176 36 -13]
[176 37 -14]
[176 38 -14]
[176 58 -22]
[176 60 -23]
[176 35 -3]
[176 35 -2]
[176 60 -22]
[176 56 -22]
[176 62 -23]
[176 50 -22]
[176 35 -7]
[176 45 -20]
[176 94 13]
[176 94 11]
[176 93 13]
[176 63 -22]
[176 40 -15]
[176 39 -15]
[176 41 -15]
[176 39 -14]
[176 65 -23]
[176 66 -21]
[176 54 -22]
[176 54 -20]
[176 36 -11]
[176 36 -12]
[176 44 -20]
[176 53 -22]
[177 42 -20]
[177 44 -21]
[177 43 -21]
[177 55 -23]
[177 46 -20]
[177 45 -21]
[177 35 -8]
[177 35 -9]
[177 93 14]
[177 95 13]
[177 95 12]
[177 95 14]
[177 94 14]
[177 59 -23]
[177 61 -23]
[177 60 -24]
[177 59 -24]
[177 36 -14]
[177 51 -23]
[177 50 -23]
[177 49 -23]
[177 35 -11]
[177 47 -22]
[177 46 -21]
[177 62 -24]
[177 61 -24]
[177 64 -24]
[177 66 -23]
[177 65 -24]
[177 35 -10]
[177 34 -6]
[177 34 -5]
[177 35 -6]
[177 67 -21]
[177 53 -23]
[177 54 -23]
[177 52 -22]
[177 39 -18]
[177 52 -23]
[177 69 -21]
[177 69 -19]
[177 68 -21]
[177 68 -19]
[177 94 12]
[177 38 -15]
[177 38 -16]
[177 35 -14]
[177 35 -13]
[177 49 -22]
[177 64 -23]
[177 63 -23]
[177 39 -17]
[177 40 -18]
[177 34 -7]
[177 56 -23]
[177 39 -16]
[177 95 10]
[177 34 -1]
[177 58 -23]
[177 57 -23]
[177 34 -2]
[177 35 -12]
[177 41 -19]
[178 40 -19]
[178 39 -19]
[178 63 -24]
[178 67 -24]
[178 33 -7]
[178 33 -5]
[178 58 -25]
[178 60 -25]
[178 59 -25]
[178 34 -10]
[178 34 -9]
[178 51 -24]
[178 52 -24]
[178 36 -15]
[178 53 -24]
[178 41 -20]
[178 57 -24]
[178 34 -8]
[178 61 -25]
[178 46 -22]
[178 44 -22]
[178 62 -25]
[178 56 -24]
[178 54 -24]
[178 34 -14]
[178 34 -13]
[178 45 -22]
[178 58 -24]
[178 96 14]
[178 96 13]
[178 63 -25]
[178 34 -3]
[178 33 -3]
[178 33 -2]
[178 33 -1]
[178 67 -22]
[178 68 -22]
[178 49 -24]
[178 38 -17]
[178 48 -22]
[178 69 -20]
[178 42 -21]
[178 55 -24]
[178 66 -22]
[178 48 -23]
[178 46 -23]
[178 47 -23]
[178 64 -25]
[178 66 -25]
[178 66 -24]
[178 65 -25]
[178 37 -16]
[178 42 -22]
[178 70 -20]
[178 69 -22]
[178 95 15]
[178 96 15]
[178 33 0]
[178 34 -12]
[178 95 11]
[178 96 12]
[179 71 -20]
[179 71 -19]
[179 70 -19]
[179 71 -21]
[179 59 -26]
[179 39 -20]
[179 38 -18]
[179 38 -20]
[179 40 -20]
[179 33 -12]
[179 97 14]
[179 97 13]
[179 33 -13]
[179 33 -14]
[179 56 -25]
[179 55 -25]
[179 32 -2]
[179 33 -4]
[179 70 -22]
[179 70 -23]
[179 70 -21]
[179 68 -23]
[179 45 -23]
[179 53 -25]
[179 32 -7]
[179 33 -8]
[179 57 -26]
[179 57 -25]
[179 60 -26]
[179 33 -10]
[179 33 -9]
[179 62 -26]
[179 52 -25]
[179 50 -24]
[179 50 -25]
[179 65 -26]
[179 67 -25]
[179 48 -24]
[179 46 -24]
[179 63 -26]
[179 32 -5]
[179 32 -4]
[179 47 -24]
[179 94 16]
[179 94 15]
[179 95 16]
[179 40 -21]
[179 41 -21]
[179 37 -15]
[179 35 -15]
[179 35 -16]
[179 33 -15]
[179 54 -25]
[179 44 -23]
[179 41 -22]
[179 43 -22]
[179 32 -3]
[179 51 -25]
[179 48 -25]
[179 49 -25]
[179 34 0]
[179 64 -26]
[179 32 -1]
[179 36 -16]
[179 36 -17]
[179 67 -23]
[179 43 -23]
[179 68 -25]
[179 68 -24]
[180 55 -26]
[180 54 -26]
[180 34 -17]
[180 34 -15]
[180 63 -27]
[180 64 -27]
[180 42 -23]
[180 53 -26]
[180 56 -26]
[180 56 -27]
[180 58 -26]
[180 52 -26]
[180 50 -26]
[180 69 -23]
[180 31 -3]
[180 51 -26]
[180 32 -16]
[180 33 -16]
[180 40 -23]
[180 41 -23]
[180 34 -16]
[180 39 -21]
[180 38 -19]
[180 37 -18]
[180 35 -18]
[180 36 -18]
[180 35 -17]
[180 71 -22]
[180 32 -12]
[180 34 -11]
[180 37 -17]
[180 32 -8]
[180 32 -9]
[180 95 17]
[180 96 16]
[180 96 17]
[180 72 -20]
[180 31 -2]
[180 47 -25]
[180 48 -26]
[180 49 -26]
[180 39 -22]
[180 47 -26]
[180 32 -11]
[180 33 -11]
[180 32 -10]
[180 43 -24]
[180 42 -24]
[180 37 -21]
[180 31 -5]
[180 31 -4]
[180 32 -13]
[180 32 -15]
[180 71 -23]
[180 71 -24]
[180 67 -26]
[180 68 -26]
[180 59 -27]
[180 60 -27]
[180 45 -24]
[180 66 -26]
[180 46 -25]
[180 44 -24]
[180 61 -27]
[180 62 -27]
[180 61 -26]
[180 69 -26]
[180 31 -6]
[180 31 -7]
[180 98 13]
[180 98 15]
[180 98 14]
[181 50 -27]
[181 30 -3]
[181 30 -5]
[181 30 -4]
[181 38 -21]
[181 37 -20]
[181 52 -27]
[181 53 -27]
[181 70 -24]
[181 62 -28]
[181 61 -28]
[181 44 -25]
[181 70 -27]
[181 70 -26]
[181 70 -25]
[181 69 -27]
[181 69 -25]
[181 67 -27]
[181 57 -27]
[181 58 -27]
[181 31 -8]
[181 35 -19]
[181 34 -18]
[181 36 -19]
[181 99 14]
[181 98 16]
[181 99 15]
[181 41 -24]
[181 56 -28]
[181 55 -28]
[181 46 -26]
[181 36 -20]
[181 36 -21]
[181 73 -20]
[181 73 -21]
[181 31 -12]
[181 31 -11]
[181 31 -10]
[181 31 -14]
[181 43 -25]
[181 30 -7]
[181 32 -6]
[181 30 -6]
[181 95 18]
[181 96 18]
[181 32 -14]
[181 31 -15]
[181 31 -16]
[181 32 -17]
[181 33 -17]
[181 55 -27]
[181 54 -27]
[181 99 12]
[181 99 13]
[181 97 18]
[181 97 17]
[181 97 16]
[181 37 -19]
[181 39 -23]
[181 40 -24]
[181 40 -22]
[181 58 -28]
[181 60 -28]
[181 72 -22]
[181 72 -23]
[181 46 -27]
[181 47 -27]
[181 48 -27]
[181 49 -27]
[181 33 -18]
[181 45 -25]
[181 97 15]
[181 68 -27]
[181 66 -27]
[181 59 -28]
[181 31 -9]
[181 45 -26]
[181 41 -25]
[181 63 -28]
[182 51 -28]
[182 51 -27]
[182 50 -28]
[182 53 -28]
[182 98 17]
[182 44 -27]
[182 45 -27]
[182 44 -26]
[182 69 -24]
[182 57 -28]
[182 33 -19]
[182 32 -18]
[182 39 -24]
[182 35 -21]
[182 35 -20]
[182 29 -5]
[182 29 -6]
[182 29 -7]
[182 55 -29]
[182 54 -29]
[182 56 -29]
[182 54 -28]
[182 60 -29]
[182 61 -29]
[182 42 -25]
[182 40 -25]
[182 71 -26]
[182 43 -26]
[182 30 -11]
[182 30 -12]
[182 30 -9]
[182 30 -8]
[182 67 -28]
[182 57 -29]
[182 31 -13]
[182 30 -14]
[182 98 19]
[182 97 19]
[182 72 -21]
[182 72 -24]
[182 73 -23]
[182 100 13]
[182 100 14]
[182 98 12]
[182 33 -6]
[182 73 -19]
[182 74 -21]
[182 72 -19]
[182 74 -19]
[182 48 -28]
[182 29 -8]
[182 69 -28]
[182 49 -28]
[182 47 -28]
[182 71 -25]
[182 64 -29]
[182 64 -28]
[182 66 -28]
[182 65 -27]
[182 65 -28]
[182 40 -26]
[182 42 -26]
[182 37 -22]
[182 31 -18]
[182 31 -17]
[182 30 -16]
[182 63 -29]
[182 62 -29]
[182 34 -20]
[182 74 -22]
[182 74 -20]
[182 99 16]
[182 30 -10]
[182 58 -29]
[182 29 -4]
[182 59 -29]
[182 45 -28]
[182 46 -28]
[182 100 15]
[182 100 16]
[182 38 -23]
[182 38 -24]
[183 33 -21]
[183 34 -21]
[183 28 -5]
[183 28 -6]
[183 42 -27]
[183 64 -30]
[183 63 -30]
[183 61 -30]
[183 43 -27]
[183 75 -19]
[183 75 -20]
[183 30 -13]
[183 29 -9]
[183 53 -29]
[183 52 -28]
[183 67 -29]
[183 99 19]
[183 99 18]
[183 98 18]
[183 97 20]
[183 29 -14]
[183 29 -13]
[183 30 -15]
[183 37 -25]
[183 34 -19]
[183 100 17]
[183 99 17]
[183 48 -29]
[183 47 -29]
[183 29 -11]
[183 29 -12]
[183 29 -10]
[183 33 -20]
[183 54 -30]
[183 74 -23]
[183 73 -24]
[183 73 -22]
[183 30 -17]
[183 30 -18]
[183 39 -25]
[183 39 -26]
[183 39 -27]
[183 41 -26]
[183 40 -27]
[183 41 -27]
[183 46 -29]
[183 44 -29]
[183 29 -16]
[183 29 -15]
[183 98 20]
[183 96 19]
[183 101 16]
[183 101 17]
[183 101 15]
[183 38 -22]
[183 65 -30]
[183 65 -29]
[183 99 11]
[183 101 14]
[183 50 -29]
[183 49 -29]
[183 68 -28]
[183 69 -29]
[183 51 -29]
[183 32 -19]
[183 101 13]
[183 58 -30]
[183 75 -22]
[183 55 -30]
[183 56 -30]
[183 57 -30]
[183 28 -8]
[183 101 12]
[183 35 -22]
[183 34 -22]
[183 71 -27]
[183 72 -25]
[183 60 -30]
[183 59 -30]
[183 52 -29]
[183 45 -29]
[184 50 -30]
[184 41 -28]
[184 39 -28]
[184 62 -30]
[184 63 -31]
[184 27 -6]
[184 27 -7]
[184 28 -9]
[184 98 21]
[184 53 -31]
[184 53 -30]
[184 65 -31]
[184 64 -31]
[184 28 -11]
[184 28 -10]
[184 99 20]
[184 100 20]
[184 100 18]
[184 47 -30]
[184 42 -28]
[184 40 -28]
[184 38 -27]
[184 38 -25]
[184 38 -26]
[184 68 -29]
[184 59 -31]
[184 61 -31]
[184 60 -31]
[184 68 -30]
[184 36 -24]
[184 37 -24]
[184 36 -25]
[184 57 -31]
[184 56 -31]
[184 48 -30]
[184 33 -22]
[184 102 17]
[184 102 12]
[184 102 14]
[184 102 13]
[184 28 -7]
[184 66 -31]
[184 44 -30]
[184 44 -28]
[184 66 -30]
[184 102 16]
[184 54 -31]
[184 52 -30]
[184 43 -30]
[184 43 -29]
[184 45 -30]
[184 46 -30]
[184 58 -31]
[184 49 -30]
[184 28 -12]
[184 33 -23]
[184 70 -28]
[184 36 -23]
[184 35 -23]
[184 36 -22]
[184 34 -23]
[184 28 -13]
[184 67 -30]
[184 75 -21]
[184 76 -20]
[184 99 10]
[184 100 11]
[184 100 12]
[184 76 -19]
[184 29 -18]
[184 28 -17]
[184 28 -16]
[184 28 -14]
[184 28 -15]
[184 29 -17]
[184 31 -19]
[184 37 -23]
[184 32 -21]
[184 32 -20]
[184 43 -28]
[184 101 11]
[184 102 11]
[185 59 -32]
[185 53 -32]
[185 55 -32]
[185 44 -31]
[185 46 -31]
[185 103 15]
[185 102 15]
[185 103 13]
[185 52 -32]
[185 52 -31]
[185 103 18]
[185 103 12]
[185 30 -20]
[185 57 -32]
[185 55 -31]
[185 77 -20]
[185 100 19]
[185 47 -31]
[185 37 -26]
[185 33 -24]
[185 32 -22]
[185 32 -23]
[185 37 -27]
[185 103 14]
[185 28 -18]
[185 39 -29]
[185 38 -29]
[185 42 -30]
[185 35 -25]
[185 49 -31]
[185 65 -32]
[185 66 -32]
[185 34 -24]
[185 62 -31]
[185 101 10]
[185 27 -16]
[185 31 -20]
[185 67 -31]
[185 35 -24]
[185 63 -32]
[185 64 -32]
[185 30 -19]
[185 29 -19]
[185 27 -14]
[185 101 19]
[185 43 -31]
[185 27 -12]
[185 27 -11]
[185 48 -31]
[185 41 -29]
[185 40 -29]
[185 62 -32]
[185 51 -31]
[185 51 -30]
[185 31 -21]
[185 99 21]
[185 101 20]
[185 58 -32]
[185 60 -32]
[185 61 -32]
[185 27 -10]
[185 42 -29]
[185 42 -31]
[185 27 -17]
[185 27 -13]
[185 35 -26]
[185 36 -26]
[186 56 -33]
[186 104 14]
[186 44 -32]
[186 45 -32]
[186 36 -28]
[186 36 -27]
[186 26 -13]
[186 26 -14]
[186 31 -23]
[186 61 -33]
[186 60 -33]
[186 56 -32]
[186 34 -27]
[186 40 -30]
[186 104 15]
[186 66 -33]
[186 38 -30]
[186 37 -29]
[186 39 -30]
[186 37 -28]
[186 38 -28]
[186 104 11]
[186 50 -31]
[186 28 -20]
[186 102 19]
[186 102 18]
[186 102 20]
[186 41 -30]
[186 27 -18]
[186 28 -19]
[186 27 -19]
[186 42 -32]
[186 26 -12]
[186 47 -32]
[186 31 -22]
[186 68 -32]
[186 58 -33]
[186 57 -33]
[186 62 -33]
[186 77 -19]
[186 30 -21]
[186 101 18]
[186 54 -33]
[186 26 -15]
[186 64 -33]
[186 102 21]
[186 101 21]
[186 29 -20]
[186 34 -25]
[186 63 -33]
[186 48 -32]
[186 50 -32]
[186 49 -32]
[186 46 -32]
[186 26 -17]
[186 26 -18]
[186 33 -25]
[186 67 -33]
[186 32 -25]
[186 43 -32]
[186 41 -32]
[186 100 9]
[186 52 -33]
[186 51 -32]
[186 51 -33]
[186 53 -33]
[186 26 -16]
[187 52 -34]
[187 30 -22]
[187 30 -24]
[187 35 -29]
[187 67 -32]
[187 105 14]
[187 105 16]
[187 65 -33]
[187 63 -34]
[187 64 -34]
[187 25 -14]
[187 37 -31]
[187 27 -20]
[187 49 -33]
[187 47 -33]
[187 48 -33]
[187 33 -26]
[187 33 -27]
[187 35 -28]
[187 34 -26]
[187 59 -34]
[187 29 -21]
[187 100 10]
[187 103 20]
[187 50 -33]
[187 25 -18]
[187 56 -34]
[187 53 -34]
[187 54 -32]
[187 42 -33]
[187 41 -31]
[187 45 -33]
[187 105 10]
[187 36 -30]
[187 25 -15]
[187 25 -16]
[187 25 -17]
[187 40 -31]
[187 26 -19]
[187 45 -31]
[187 44 -33]
[187 55 -33]
[187 55 -34]
[187 27 -15]
[187 66 -34]
[187 32 -26]
[187 103 22]
[187 102 22]
[187 28 -21]
[187 26 -11]
[187 26 -20]
[187 39 -31]
[187 57 -34]
[187 61 -34]
[187 54 -34]
[187 35 -27]
[187 31 -25]
[187 31 -24]
[187 32 -24]
[187 31 -26]
[187 101 22]
[187 46 -33]
[187 103 19]
[187 30 -23]
[188 106 15]
[188 106 14]
[188 30 -25]
[188 30 -26]
[188 32 -27]
[188 48 -34]
[188 50 -34]
[188 49 -34]
[188 45 -34]
[188 46 -34]
[188 47 -34]
[188 26 -21]
[188 29 -22]
[188 28 -22]
[188 34 -28]
[188 32 -28]
[188 39 -32]
[188 40 -32]
[188 55 -35]
[188 57 -35]
[188 62 -35]
[188 105 11]
[188 105 9]
[188 106 9]
[188 106 10]
[188 104 10]
[188 106 11]
[188 24 -19]
[188 53 -35]
[188 65 -34]
[188 63 -35]
[188 65 -35]
[188 67 -35]
[188 66 -35]
[188 56 -35]
[188 31 -27]
[188 51 -34]
[188 103 21]
[188 34 -30]
[188 29 -23]
[188 24 -18]
[188 58 -35]
[188 51 -35]
[188 58 -34]
[188 24 -14]
[188 44 -34]
[188 37 -30]
[188 37 -32]
[188 104 20]
[188 104 19]
[188 52 -35]
[188 27 -21]
[188 27 -22]
[188 36 -29]
[188 35 -31]
[188 36 -31]
[188 35 -30]
[188 43 -33]
[188 42 -34]
[188 38 -32]
[188 34 -29]
[188 103 23]
[188 102 23]
[188 100 21]
[188 105 15]
[188 29 -24]
[188 29 -25]
[189 61 -35]
[189 61 -36]
[189 29 -26]
[189 28 -24]
[189 33 -30]
[189 46 -35]
[189 58 -36]
[189 31 -28]
[189 25 -22]
[189 26 -22]
[189 43 -35]
[189 45 -35]
[189 44 -35]
[189 43 -34]
[189 28 -23]
[189 34 -31]
[189 33 -29]
[189 107 15]
[189 106 13]
[189 57 -36]
[189 107 11]
[189 39 -33]
[189 105 8]
[189 106 8]
[189 106 16]
[189 107 8]
[189 107 9]
[189 55 -36]
[189 38 -33]
[189 38 -31]
[189 37 -33]
[189 41 -34]
[189 41 -33]
[189 42 -35]
[189 41 -35]
[189 40 -33]
[189 56 -36]
[189 50 -35]
[189 48 -35]
[189 49 -35]
[189 29 -27]
[189 105 20]
[189 30 -27]
[189 30 -28]
[189 36 -32]
[189 34 -32]
[189 47 -35]
[189 104 22]
[189 26 -23]
[189 27 -23]
[189 64 -36]
[189 62 -34]
[189 28 -25]
[189 105 12]
[189 106 12]
[189 107 10]
[189 51 -36]
[189 50 -36]
[189 52 -36]
[189 25 -19]
[189 24 -20]
[189 31 -29]
[189 32 -29]
[189 54 -35]
[189 107 14]
[189 66 -36]
[190 35 -32]
[190 27 -24]
[190 62 -37]
[190 60 -35]
[190 60 -36]
[190 62 -36]
[190 40 -35]
[190 40 -34]
[190 31 -30]
[190 107 12]
[190 28 -27]
[190 25 -21]
[190 25 -20]
[190 104 21]
[190 105 21]
[190 106 21]
[190 64 -35]
[190 65 -37]
[190 64 -37]
[190 63 -37]
[190 32 -30]
[190 54 -36]
[190 53 -36]
[190 108 14]
[190 108 16]
[190 59 -36]
[190 59 -37]
[190 59 -35]
[190 42 -36]
[190 40 -36]
[190 33 -28]
[190 46 -36]
[190 47 -36]
[190 45 -36]
[190 44 -36]
[190 33 -33]
[190 34 -33]
[190 33 -32]
[190 108 11]
[190 108 10]
[190 29 -28]
[190 28 -26]
[190 27 -26]
[190 108 12]
[190 54 -37]
[190 51 -37]
[190 53 -37]
[190 39 -34]
[190 107 13]
[190 105 13]
[190 30 -29]
[190 58 -37]
[190 23 -21]
[190 23 -20]
[190 43 -36]
[190 33 -31]
[190 56 -37]
[190 57 -37]
[190 41 -36]
[190 49 -36]
[190 65 -36]
[190 66 -37]
[190 107 17]
[190 107 16]
[190 38 -34]
[190 37 -34]
[190 48 -36]
[190 105 23]
[190 104 23]
[190 60 -34]
[190 36 -33]
[190 32 -31]
[190 24 -22]
[190 24 -21]
[190 24 -23]
[190 25 -23]
[191 104 13]
[191 31 -32]
[191 22 -22]
[191 54 -38]
[191 35 -33]
[191 36 -34]
[191 63 -36]
[191 50 -37]
[191 51 -38]
[191 106 24]
[191 23 -23]
[191 23 -22]
[191 105 22]
[191 32 -32]
[191 32 -33]
[191 61 -37]
[191 104 24]
[191 108 15]
[191 108 17]
[191 106 17]
[191 39 -35]
[191 55 -37]
[191 49 -37]
[191 60 -37]
[191 108 18]
[191 47 -37]
[191 107 22]
[191 27 -28]
[191 40 -37]
[191 61 -38]
[191 63 -38]
[191 108 13]
[191 109 12]
[191 109 13]
[191 64 -38]
[191 62 -38]
[191 52 -37]
[191 46 -37]
[191 43 -37]
[191 41 -37]
[191 109 16]
[191 109 17]
[191 109 15]
[191 48 -37]
[191 39 -36]
[191 22 -19]
[191 26 -24]
[191 59 -33]
[191 109 14]
[191 27 -25]
[191 24 -24]
[191 30 -30]
[191 29 -30]
[191 59 -38]
[191 57 -38]
[191 65 -38]
[191 28 -29]
[191 29 -29]
[191 45 -37]
[191 44 -37]
[191 26 -27]
[192 60 -38]
[192 65 -39]
[192 58 -38]
[192 58 -39]
[192 47 -38]
[192 110 16]
[192 41 -38]
[192 22 -21]
[192 21 -23]
[192 22 -23]
[192 21 -22]
[192 55 -38]
[192 30 -33]
[192 30 -31]
[192 30 -32]
[192 31 -33]
[192 28 -31]
[192 31 -31]
[192 57 -39]
[192 25 -28]
[192 27 -27]
[192 53 -38]
[192 53 -39]
[192 38 -35]
[192 38 -36]
[192 42 -38]
[192 60 -39]
[192 108 23]
[192 25 -24]
[192 105 25]
[192 36 -35]
[192 35 -34]
[192 52 -38]
[192 26 -28]
[192 28 -28]
[192 110 14]
[192 46 -38]
[192 49 -38]
[192 106 23]
[192 107 24]
[192 107 23]
[192 107 25]
[192 26 -25]
[192 109 18]
[192 110 17]
[192 109 19]
[192 34 -34]
[192 62 -39]
[192 61 -39]
[192 106 22]
[192 105 17]
[192 28 -30]
[192 45 -38]
[192 64 -39]
[192 24 -25]
[192 25 -25]
[192 51 -39]
[192 52 -39]
[192 50 -39]
[192 110 15]
[192 33 -34]
[192 31 -34]
[192 23 -24]
[192 27 -30]
[193 25 -26]
[193 24 -26]
[193 111 16]
[193 29 -31]
[193 20 -22]
[193 20 -23]
[193 34 -35]
[193 55 -39]
[193 56 -39]
[193 54 -39]
[193 56 -40]
[193 58 -40]
[193 56 -38]
[193 110 18]
[193 110 19]
[193 105 24]
[193 24 -28]
[193 26 -29]
[193 21 -24]
[193 106 25]
[193 31 -35]
[193 30 -35]
[193 32 -34]
[193 32 -35]
[193 49 -39]
[193 27 -31]
[193 21 -20]
[193 22 -20]
[193 21 -21]
[193 33 -35]
[193 59 -40]
[193 52 -40]
[193 108 24]
[193 40 -39]
[193 41 -39]
[193 40 -38]
[193 42 -37]
[193 22 -25]
[193 22 -24]
[193 27 -32]
[193 37 -36]
[193 48 -39]
[193 48 -38]
[193 62 -40]
[193 61 -40]
[193 50 -38]
[193 51 -40]
[193 59 -39]
[193 30 -34]
[193 46 -39]
[193 45 -39]
[193 44 -38]
[193 43 -39]
[193 42 -39]
[193 27 -29]
[193 64 -40]
[193 111 15]
[193 111 18]
[193 38 -37]
[193 65 -40]
[193 29 -33]
[193 50 -40]
[193 49 -40]
[193 25 -27]
[194 23 -25]
[194 21 -25]
[194 21 -19]
[194 26 -26]
[194 24 -27]
[194 20 -19]
[194 111 20]
[194 26 -30]
[194 111 19]
[194 29 -34]
[194 29 -35]
[194 112 17]
[194 111 17]
[194 53 -40]
[194 25 -29]
[194 23 -27]
[194 24 -29]
[194 23 -29]
[194 46 -40]
[194 45 -40]
[194 44 -40]
[194 63 -40]
[194 62 -41]
[194 63 -41]
[194 61 -41]
[194 35 -36]
[194 33 -36]
[194 34 -36]
[194 37 -37]
[194 48 -40]
[194 47 -40]
[194 43 -38]
[194 41 -40]
[194 26 -31]
[194 28 -32]
[194 39 -39]
[194 60 -40]
[194 21 -26]
[194 20 -21]
[194 19 -22]
[194 55 -40]
[194 57 -40]
[194 57 -41]
[194 32 -36]
[194 60 -41]
[194 50 -41]
[194 49 -41]
[194 42 -40]
[194 40 -40]
[194 29 -32]
[194 54 -40]
[194 47 -39]
[194 44 -39]
[194 43 -40]
[194 20 -24]
[194 65 -41]
[194 64 -41]
[194 30 -36]
[194 28 -33]
[194 52 -41]
[194 26 -32]
[194 51 -41]
[194 19 -23]
[194 38 -38]
[194 39 -37]
[194 58 -41]
[195 32 -37]
[195 48 -41]
[195 57 -42]
[195 56 -42]
[195 60 -42]
[195 25 -31]
[195 24 -30]
[195 54 -41]
[195 53 -41]
[195 27 -33]
[195 112 20]
[195 112 21]
[195 37 -38]
[195 36 -36]
[195 36 -37]
[195 25 -33]
[195 26 -33]
[195 63 -42]
[195 64 -42]
[195 62 -42]
[195 112 18]
[195 20 -20]
[195 110 20]
[195 27 -34]
[195 28 -34]
[195 56 -41]
[195 42 -41]
[195 40 -41]
[195 49 -42]
[195 50 -42]
[195 35 -37]
[195 18 -21]
[195 18 -22]
[195 19 -21]
[195 18 -23]
[195 19 -20]
[195 23 -26]
[195 22 -26]
[195 20 -25]
[195 51 -42]
[195 20 -27]
[195 21 -27]
[195 46 -41]
[195 44 -41]
[195 53 -42]
[195 59 -41]
[195 19 -24]
[195 19 -19]
[195 37 -39]
[195 35 -35]
[195 29 -36]
[195 29 -37]
[195 59 -42]
[195 61 -42]
[195 25 -30]
[195 22 -27]
[195 22 -28]
[195 23 -28]
[195 22 -29]
[195 22 -30]
[195 28 -35]
[195 65 -42]
[195 39 -40]
[195 38 -40]
[195 25 -32]
[196 112 19]
[196 113 21]
[196 113 19]
[196 113 22]
[196 113 20]
[196 112 22]
[196 26 -35]
[196 26 -34]
[196 54 -42]
[196 52 -43]
[196 17 -23]
[196 28 -38]
[196 30 -37]
[196 29 -38]
[196 28 -36]
[196 28 -37]
[196 58 -42]
[196 57 -43]
[196 39 -41]
[196 43 -41]
[196 43 -42]
[196 49 -43]
[196 59 -43]
[196 60 -43]
[196 61 -43]
[196 23 -30]
[196 21 -28]
[196 19 -28]
[196 19 -26]
[196 20 -28]
[196 19 -27]
[196 20 -26]
[196 38 -41]
[196 38 -39]
[196 31 -38]
[196 111 21]
[196 24 -31]
[196 24 -32]
[196 113 17]
[196 18 -20]
[196 45 -41]
[196 45 -42]
[196 24 -34]
[196 24 -33]
[196 35 -38]
[196 63 -43]
[196 21 -29]
[196 46 -42]
[196 41 -42]
[196 41 -41]
[196 55 -41]
[196 55 -42]
[196 52 -42]
[196 25 -34]
[196 17 -20]
[196 22 -31]
[196 23 -31]
[196 21 -30]
[196 47 -41]
[196 48 -42]
[196 48 -43]
[196 50 -43]
[196 56 -43]
[196 55 -43]
[196 37 -40]
[196 36 -39]
[196 36 -38]
[196 27 -35]
[196 17 -22]
[196 34 -38]
[197 20 -29]
[197 22 -32]
[197 25 -35]
[197 44 -43]
[197 45 -43]
[197 44 -42]
[197 113 23]
[197 112 23]
[197 51 -43]
[197 51 -44]
[197 53 -43]
[197 52 -44]
[197 33 -39]
[197 34 -39]
[197 33 -38]
[197 35 -39]
[197 26 -36]
[197 27 -36]
[197 114 21]
[197 114 20]
[197 114 19]
[197 28 -39]
[197 27 -39]
[197 40 -42]
[197 42 -42]
[197 114 18]
[197 23 -34]
[197 23 -35]
[197 19 -25]
[197 54 -43]
[197 55 -44]
[197 47 -42]
[197 19 -29]
[197 23 -32]
[197 18 -27]
[197 18 -26]
[197 50 -44]
[197 18 -24]
[197 16 -23]
[197 16 -22]
[197 31 -39]
[197 30 -38]
[197 32 -38]
[197 31 -37]
[197 30 -39]
[197 47 -43]
[197 36 -40]
[197 37 -41]
[197 21 -31]
[197 20 -31]
[197 18 -28]
[197 25 -36]
[197 114 22]
[197 16 -21]
[197 16 -20]
[197 49 -44]
[197 42 -43]
[197 43 -43]
[197 61 -44]
[197 62 -44]
[197 62 -43]
[197 23 -33]
[197 59 -44]
[197 31 -36]
[197 29 -39]
[197 113 18]
[197 113 16]
[197 114 17]
[197 112 16]
[197 39 -38]
[197 38 -42]
[197 63 -44]
[197 57 -44]
[198 19 -30]
[198 20 -30]
[198 32 -39]
[198 32 -40]
[198 30 -40]
[198 61 -45]
[198 60 -45]
[198 42 -44]
[198 43 -44]
[198 44 -44]
[198 17 -24]
[198 33 -37]
[198 22 -36]
[198 22 -35]
[198 114 16]
[198 115 16]
[198 115 19]
[198 56 -44]
[198 55 -45]
[198 56 -45]
[198 58 -45]
[198 57 -45]
[198 58 -44]
[198 45 -44]
[198 47 -44]
[198 46 -44]
[198 46 -43]
[198 48 -44]
[198 21 -32]
[198 22 -33]
[198 17 -21]
[198 15 -21]
[198 15 -22]
[198 15 -23]
[198 50 -45]
[198 49 -45]
[198 37 -42]
[198 114 23]
[198 112 24]
[198 114 24]
[198 64 -44]
[198 62 -45]
[198 63 -45]
[198 17 -26]
[198 18 -25]
[198 17 -25]
[198 17 -29]
[198 17 -27]
[198 17 -28]
[198 19 -32]
[198 27 -40]
[198 29 -40]
[198 27 -38]
[198 35 -40]
[198 35 -41]
[198 25 -37]
[198 24 -37]
[198 24 -35]
[198 24 -36]
[198 26 -37]
[198 33 -40]
[198 39 -43]
[198 20 -32]
[198 48 -45]
[198 41 -44]
[198 41 -43]
[198 115 20]
[198 115 21]
[198 53 -44]
[198 38 -43]
[198 39 -42]
[198 113 24]
[198 111 23]
[198 59 -45]
[198 51 -45]
[198 28 -40]
[198 26 -39]
[198 26 -38]
[198 115 18]
[198 115 17]
[198 115 22]
[198 22 -34]
[199 46 -45]
[199 116 23]
[199 116 22]
[199 116 21]
[199 43 -45]
[199 41 -45]
[199 34 -40]
[199 115 24]
[199 29 -41]
[199 23 -36]
[199 23 -38]
[199 20 -33]
[199 16 -28]
[199 48 -46]
[199 47 -45]
[199 59 -46]
[199 57 -46]
[199 19 -31]
[199 52 -45]
[199 50 -46]
[199 52 -46]
[199 24 -38]
[199 25 -38]
[199 60 -46]
[199 61 -46]
[199 60 -44]
[199 40 -45]
[199 40 -44]
[199 116 16]
[199 115 23]
[199 114 15]
[199 28 -41]
[199 27 -41]
[199 26 -41]
[199 116 17]
[199 36 -41]
[199 37 -43]
[199 45 -45]
[199 31 -41]
[199 27 -37]
[199 16 -26]
[199 44 -45]
[199 42 -45]
[199 14 -24]
[199 53 -45]
[199 17 -30]
[199 16 -27]
[199 16 -29]
[199 65 -45]
[199 54 -44]
[199 56 -46]
[199 40 -43]
[199 116 18]
[199 16 -24]
[199 21 -34]
[199 21 -33]
[199 25 -40]
[199 31 -40]
[199 34 -41]
[199 22 -37]
[199 21 -35]
[199 21 -37]
[199 23 -37]
[199 21 -36]
[199 39 -44]
[199 49 -46]
[199 116 19]
[199 34 -37]
[199 18 -31]
[199 18 -29]
[199 14 -23]
[199 16 -25]
[199 19 -33]
[199 114 25]
[199 113 25]
[199 62 -46]
[200 15 -25]
[200 15 -24]
[200 41 -46]
[200 40 -46]
[200 42 -46]
[200 20 -37]
[200 30 -42]
[200 30 -41]
[200 29 -42]
[200 35 -42]
[200 15 -26]
[200 34 -42]
[200 33 -42]
[200 33 -41]
[200 38 -44]
[200 36 -43]
[200 36 -42]
[200 26 -40]
[200 25 -39]
[200 25 -41]
[200 58 -46]
[200 20 -34]
[200 117 23]
[200 21 -38]
[200 22 -38]
[200 49 -47]
[200 15 -30]
[200 15 -28]
[200 116 24]
[200 54 -45]
[200 54 -46]
[200 47 -46]
[200 27 -42]
[200 26 -42]
[200 25 -42]
[200 28 -42]
[200 52 -47]
[200 56 -47]
[200 58 -47]
[200 57 -47]
[200 50 -47]
[200 20 -35]
[200 17 -31]
[200 18 -30]
[200 23 -39]
[200 24 -39]
[200 64 -46]
[200 16 -31]
[200 38 -45]
[200 44 -46]
[200 43 -46]
[200 113 26]
[200 114 26]
[200 18 -32]
[200 117 17]
[200 19 -34]
[200 18 -33]
[200 116 25]
[200 115 25]
[200 51 -46]
[200 53 -46]
[200 15 -29]
[200 61 -47]
[200 117 22]
[200 117 21]
[200 116 20]
[200 117 20]
[200 62 -47]
[200 63 -46]
[200 117 24]
[200 117 18]
[200 32 -42]
[200 31 -42]
[200 39 -45]
[201 30 -43]
[201 53 -48]
[201 52 -48]
[201 51 -48]
[201 15 -27]
[201 14 -26]
[201 37 -44]
[201 37 -46]
[201 118 21]
[201 22 -39]
[201 21 -39]
[201 27 -43]
[201 118 23]
[201 32 -41]
[201 118 22]
[201 118 24]
[201 115 26]
[201 56 -48]
[201 41 -47]
[201 23 -40]
[201 29 -43]
[201 117 26]
[201 117 25]
[201 116 26]
[201 43 -47]
[201 14 -29]
[201 16 -30]
[201 117 19]
[201 24 -40]
[201 24 -41]
[201 24 -42]
[201 16 -32]
[201 17 -32]
[201 26 -43]
[201 19 -35]
[201 55 -46]
[201 42 -47]
[201 45 -46]
[201 44 -47]
[201 45 -47]
[201 22 -40]
[201 34 -43]
[201 18 -35]
[201 18 -34]
[201 14 -25]
[201 32 -43]
[201 31 -43]
[201 37 -45]
[201 53 -47]
[201 54 -47]
[201 19 -38]
[201 20 -36]
[201 24 -43]
[201 35 -44]
[201 51 -47]
[201 49 -48]
[201 50 -48]
[201 17 -34]
[201 48 -48]
[201 64 -45]
[201 15 -31]
[201 35 -43]
[201 46 -46]
[201 46 -47]
[201 47 -47]
[201 17 -33]
[202 21 -40]
[202 22 -41]
[202 38 -46]
[202 36 -45]
[202 25 -44]
[202 25 -43]
[202 54 -48]
[202 16 -33]
[202 48 -47]
[202 46 -48]
[202 119 22]
[202 31 -44]
[202 33 -44]
[202 33 -43]
[202 14 -28]
[202 20 -39]
[202 20 -40]
[202 49 -49]
[202 42 -48]
[202 40 -48]
[202 41 -48]
[202 34 -44]
[202 52 -49]
[202 116 27]
[202 117 27]
[202 119 24]
[202 65 -44]
[202 45 -48]
[202 14 -27]
[202 13 -27]
[202 118 26]
[202 118 25]
[202 13 -29]
[202 119 23]
[202 55 -48]
[202 55 -47]
[202 16 -35]
[202 28 -44]
[202 23 -42]
[202 23 -41]
[202 57 -48]
[202 19 -36]
[202 13 -24]
[202 13 -26]
[202 13 -25]
[202 36 -44]
[202 37 -47]
[202 29 -44]
[202 118 27]
[202 18 -36]
[202 20 -38]
[202 18 -38]
[202 19 -37]
[202 18 -37]
[202 15 -32]
[202 15 -33]
[202 14 -31]
[202 44 -48]
[202 30 -44]
[202 28 -43]
[202 114 27]
[202 115 27]
[202 24 -44]
[202 23 -44]
[203 115 28]
[203 114 28]
[203 26 -44]
[203 25 -45]
[203 41 -49]
[203 39 -49]
[203 40 -47]
[203 50 -49]
[203 50 -50]
[203 17 -37]
[203 18 -39]
[203 17 -38]
[203 116 28]
[203 117 28]
[203 12 -23]
[203 12 -25]
[203 12 -26]
[203 42 -49]
[203 31 -45]
[203 32 -44]
[203 37 -48]
[203 36 -48]
[203 17 -35]
[203 14 -34]
[203 15 -34]
[203 16 -34]
[203 119 25]
[203 13 -28]
[203 120 23]
[203 12 -28]
[203 12 -27]
[203 22 -42]
[203 38 -47]
[203 39 -47]
[203 119 26]
[203 119 27]
[203 119 28]
[203 53 -50]
[203 53 -49]
[203 32 -45]
[203 33 -45]
[203 47 -48]
[203 47 -49]
[203 22 -44]
[203 22 -43]
[203 56 -49]
[203 46 -49]
[203 45 -49]
[203 21 -41]
[203 20 -41]
[203 118 28]
[203 19 -39]
[203 14 -32]
[203 13 -30]
[203 14 -30]
[203 13 -31]
[203 55 -49]
[203 29 -45]
[203 30 -45]
[203 28 -45]
[203 43 -49]
[203 43 -48]
[203 12 -30]
[203 27 -45]
[203 17 -36]
[203 15 -35]
[203 21 -42]
[203 35 -45]
[203 54 -49]
[204 13 -32]
[204 12 -32]
[204 11 -28]
[204 120 27]
[204 120 26]
[204 33 -46]
[204 27 -46]
[204 28 -46]
[204 19 -40]
[204 18 -40]
[204 46 -50]
[204 13 -33]
[204 14 -35]
[204 13 -35]
[204 13 -34]
[204 51 -50]
[204 51 -51]
[204 51 -49]
[204 31 -46]
[204 30 -46]
[204 39 -46]
[204 39 -48]
[204 117 29]
[204 116 29]
[204 115 29]
[204 11 -29]
[204 12 -29]
[204 36 -47]
[204 38 -49]
[204 21 -43]
[204 40 -49]
[204 38 -50]
[204 16 -36]
[204 16 -38]
[204 42 -50]
[204 44 -49]
[204 11 -27]
[204 52 -50]
[204 53 -51]
[204 120 25]
[204 15 -36]
[204 43 -50]
[204 41 -50]
[204 12 -31]
[204 55 -50]
[204 11 -26]
[204 23 -43]
[204 21 -45]
[204 16 -37]
[204 17 -39]
[204 38 -48]
[204 35 -46]
[204 34 -46]
[204 49 -50]
[204 26 -46]
[204 26 -45]
[204 25 -46]
[204 11 -25]
[204 40 -50]
[204 120 29]
[204 118 29]
[204 119 29]
[204 57 -50]
[204 34 -45]
[204 32 -46]
[204 20 -42]
[204 19 -42]
[204 19 -41]
[204 14 -33]
[204 120 24]
[204 48 -50]
[204 47 -50]
[204 35 -48]
[204 35 -47]
[204 36 -49]
[204 54 -50]
[205 25 -47]
[205 24 -47]
[205 10 -28]
[205 10 -27]
[205 41 -51]
[205 42 -51]
[205 11 -33]
[205 12 -33]
[205 12 -34]
[205 29 -47]
[205 28 -47]
[205 37 -50]
[205 36 -50]
[205 35 -50]
[205 35 -49]
[205 15 -39]
[205 15 -37]
[205 15 -38]
[205 12 -35]
[205 118 30]
[205 119 30]
[205 46 -51]
[205 34 -48]
[205 36 -46]
[205 55 -51]
[205 27 -47]
[205 32 -47]
[205 10 -30]
[205 10 -26]
[205 37 -49]
[205 16 -40]
[205 16 -39]
[205 12 -24]
[205 11 -24]
[205 10 -25]
[205 26 -47]
[205 117 30]
[205 39 -51]
[205 34 -47]
[205 39 -50]
[205 27 -44]
[205 56 -51]
[205 58 -51]
[205 58 -50]
[205 52 -51]
[205 37 -51]
[205 38 -51]
[205 51 -52]
[205 50 -51]
[205 50 -52]
[205 52 -52]
[205 120 30]
[205 44 -50]
[205 45 -50]
[205 48 -49]
[205 14 -36]
[205 44 -51]
[205 43 -51]
[205 11 -30]
[205 33 -47]
[205 47 -51]
[205 19 -43]
[205 18 -41]
[205 20 -43]
[205 21 -44]
[205 11 -32]
[205 121 29]
[205 20 -45]
[205 20 -44]
[205 22 -45]
[205 20 -46]
[205 22 -46]
[205 12 -36]
[205 30 -47]
[205 29 -46]
[205 31 -47]
[205 54 -51]
[205 53 -52]
[206 59 -50]
[206 57 -51]
[206 9 -28]
[206 9 -29]
[206 9 -27]
[206 38 -52]
[206 14 -38]
[206 43 -52]
[206 44 -52]
[206 51 -53]
[206 52 -53]
[206 120 31]
[206 121 30]
[206 121 31]
[206 27 -48]
[206 26 -48]
[206 12 -37]
[206 13 -36]
[206 11 -37]
[206 10 -31]
[206 10 -32]
[206 11 -31]
[206 18 -43]
[206 18 -42]
[206 18 -44]
[206 42 -52]
[206 40 -51]
[206 30 -48]
[206 28 -48]
[206 33 -48]
[206 32 -48]
[206 54 -52]
[206 19 -44]
[206 19 -45]
[206 53 -53]
[206 10 -29]
[206 9 -30]
[206 11 -23]
[206 118 31]
[206 11 -35]
[206 11 -34]
[206 24 -48]
[206 25 -48]
[206 24 -46]
[206 35 -51]
[206 36 -51]
[206 31 -48]
[206 17 -42]
[206 17 -41]
[206 10 -33]
[206 34 -50]
[206 34 -49]
[206 120 28]
[206 33 -49]
[206 19 -47]
[206 19 -46]
[206 21 -46]
[206 21 -47]
[206 23 -46]
[206 22 -47]
[206 23 -45]
[206 45 -52]
[206 47 -52]
[206 37 -52]
[206 13 -37]
[206 10 -24]
[206 9 -24]
[206 48 -52]
[206 48 -51]
[206 46 -52]
[206 23 -48]
[206 10 -23]
[206 14 -40]
[206 15 -40]
[206 49 -51]
[206 49 -52]
[206 15 -41]
[207 24 -45]
[207 45 -53]
[207 46 -53]
[207 45 -51]
[207 17 -40]
[207 23 -49]
[207 48 -53]
[207 50 -53]
[207 49 -53]
[207 119 31]
[207 119 32]
[207 10 -22]
[207 9 -22]
[207 34 -51]
[207 35 -52]
[207 36 -52]
[207 12 -38]
[207 31 -49]
[207 30 -49]
[207 32 -49]
[207 29 -48]
[207 26 -49]
[207 28 -49]
[207 56 -52]
[207 41 -52]
[207 40 -52]
[207 55 -52]
[207 16 -41]
[207 14 -41]
[207 9 -31]
[207 9 -32]
[207 54 -54]
[207 53 -54]
[207 52 -54]
[207 44 -53]
[207 43 -53]
[207 14 -39]
[207 13 -41]
[207 8 -26]
[207 8 -27]
[207 47 -53]
[207 18 -47]
[207 20 -47]
[207 18 -46]
[207 50 -54]
[207 9 -34]
[207 27 -49]
[207 21 -48]
[207 22 -48]
[207 33 -50]
[207 13 -38]
[207 8 -25]
[207 8 -24]
[207 8 -23]
[207 9 -23]
[207 39 -53]
[207 39 -52]
[207 25 -49]
[207 17 -43]
[207 8 -28]
[207 51 -54]
[207 29 -49]
[207 33 -51]
[207 18 -45]
[207 16 -42]
[207 23 -47]
[207 22 -49]
[207 13 -39]
[207 42 -53]
[207 41 -53]
[207 60 -50]
[207 59 -51]
[207 37 -53]
[207 18 -48]
[207 19 -48]
[208 27 -50]
[208 26 -50]
[208 17 -47]
[208 17 -46]
[208 9 -26]
[208 7 -25]
[208 43 -54]
[208 42 -54]
[208 12 -40]
[208 13 -40]
[208 15 -42]
[208 15 -43]
[208 12 -39]
[208 11 -38]
[208 52 -55]
[208 25 -50]
[208 48 -54]
[208 47 -54]
[208 36 -53]
[208 9 -25]
[208 29 -50]
[208 33 -52]
[208 20 -48]
[208 9 -21]
[208 8 -34]
[208 21 -49]
[208 20 -49]
[208 118 32]
[208 60 -49]
[208 34 -53]
[208 12 -42]
[208 14 -42]
[208 17 -45]
[208 17 -44]
[208 17 -48]
[208 56 -53]
[208 7 -28]
[208 7 -27]
[208 8 -22]
[208 40 -53]
[208 38 -53]
[208 39 -54]
[208 40 -54]
[208 45 -54]
[208 44 -54]
[208 37 -54]
[208 120 32]
[208 120 33]
[208 118 33]
[208 119 33]
[208 55 -53]
[208 54 -53]
[208 30 -50]
[208 10 -21]
[208 32 -50]
[208 16 -44]
[208 8 -29]
[208 28 -50]
[208 7 -23]
[208 7 -22]
[208 50 -55]
[208 51 -55]
[208 46 -54]
[208 22 -50]
[208 21 -50]
[208 32 -52]
[208 34 -52]
[208 14 -37]
[208 41 -54]
[208 32 -51]
[209 42 -55]
[209 57 -52]
[209 8 -21]
[209 8 -20]
[209 31 -51]
[209 30 -51]
[209 50 -56]
[209 49 -56]
[209 49 -54]
[209 47 -55]
[209 16 -47]
[209 16 -48]
[209 15 -44]
[209 14 -43]
[209 33 -53]
[209 13 -42]
[209 46 -55]
[209 45 -55]
[209 35 -54]
[209 36 -54]
[209 35 -53]
[209 16 -46]
[209 51 -56]
[209 7 -29]
[209 6 -27]
[209 6 -29]
[209 23 -50]
[209 21 -51]
[209 23 -51]
[209 22 -51]
[209 38 -54]
[209 25 -51]
[209 16 -45]
[209 55 -54]
[209 121 33]
[209 31 -52]
[209 31 -50]
[209 13 -43]
[209 12 -43]
[209 11 -41]
[209 12 -41]
[209 11 -43]
[209 14 -44]
[209 10 -39]
[209 10 -38]
[209 10 -37]
[209 17 -49]
[209 44 -55]
[209 26 -51]
[209 24 -50]
[209 20 -50]
[209 48 -55]
[209 120 34]
[209 121 32]
[209 121 34]
[209 119 34]
[209 43 -55]
[209 10 -20]
[209 9 -20]
[209 11 -21]
[209 11 -20]
[209 11 -39]
[209 7 -33]
[209 7 -24]
[209 6 -24]
[209 6 -23]
[209 6 -22]
[209 41 -55]
[209 118 34]
[209 7 -26]
[209 38 -55]
[209 29 -51]
[209 36 -55]
[209 37 -55]
[209 27 -51]
[209 28 -51]
[209 40 -55]
[209 39 -55]
[209 11 -40]
[209 33 -54]
[209 34 -54]
[209 19 -50]
[210 12 -44]
[210 10 -43]
[210 11 -44]
[210 15 -49]
[210 15 -47]
[210 16 -49]
[210 15 -48]
[210 5 -22]
[210 49 -55]
[210 47 -56]
[210 48 -56]
[210 33 -55]
[210 34 -55]
[210 8 -19]
[210 10 -19]
[210 7 -21]
[210 28 -52]
[210 30 -52]
[210 29 -52]
[210 45 -56]
[210 22 -52]
[210 15 -46]
[210 52 -56]
[210 5 -23]
[210 9 -37]
[210 32 -55]
[210 32 -53]
[210 20 -51]
[210 20 -52]
[210 5 -28]
[210 5 -27]
[210 15 -45]
[210 40 -56]
[210 41 -56]
[210 39 -56]
[210 9 -40]
[210 26 -52]
[210 27 -52]
[210 35 -56]
[210 35 -55]
[210 36 -56]
[210 10 -41]
[210 10 -40]
[210 14 -45]
[210 6 -25]
[210 13 -44]
[210 13 -45]
[210 16 -50]
[210 43 -56]
[210 42 -56]
[210 44 -56]
[210 24 -51]
[210 24 -49]
[210 37 -56]
[210 38 -56]
[210 19 -49]
[210 51 -57]
[210 49 -57]
[210 11 -42]
[210 9 -39]
[210 9 -38]
[210 18 -50]
[210 18 -49]
[210 19 -51]
[210 48 -57]
[210 5 -25]
[210 11 -19]
[210 12 -19]
[210 32 -54]
[210 9 -19]
[210 6 -34]
[210 5 -29]
[210 7 -30]
[210 5 -30]
[210 6 -28]
[211 15 -50]
[211 13 -46]
[211 12 -46]
[211 4 -28]
[211 6 -26]
[211 4 -27]
[211 5 -26]
[211 4 -26]
[211 12 -45]
[211 31 -54]
[211 31 -53]
[211 18 -51]
[211 17 -50]
[211 17 -51]
[211 10 -42]
[211 9 -41]
[211 5 -24]
[211 7 -31]
[211 6 -30]
[211 11 -45]
[211 32 -56]
[211 34 -56]
[211 18 -52]
[211 19 -52]
[211 35 -57]
[211 36 -57]
[211 31 -56]
[211 31 -55]
[211 41 -57]
[211 40 -57]
[211 42 -57]
[211 5 -31]
[211 30 -53]
[211 19 -53]
[211 21 -53]
[211 20 -53]
[211 11 -18]
[211 12 -18]
[211 45 -57]
[211 4 -24]
[211 4 -25]
[211 47 -57]
[211 37 -57]
[211 8 -38]
[211 8 -37]
[211 9 -43]
[211 39 -57]
[211 38 -57]
[211 9 -18]
[211 10 -18]
[211 28 -53]
[211 46 -56]
[211 14 -46]
[211 43 -57]
[211 7 -34]
[211 5 -33]
[211 4 -29]
[211 50 -57]
[211 48 -58]
[211 50 -58]
[211 47 -58]
[211 8 -18]
[211 14 -47]
[211 15 -51]
[211 24 -52]
[211 25 -52]
[211 23 -52]
[211 14 -49]
[211 8 -39]
[211 8 -40]
[211 7 -20]
[211 6 -21]
[211 6 -20]
[211 4 -22]
[211 26 -53]
[211 25 -53]
[211 27 -53]
[211 10 -45]
[212 47 -59]
[212 46 -58]
[212 16 -51]
[212 14 -51]
[212 14 -50]
[212 9 -17]
[212 7 -38]
[212 8 -35]
[212 6 -33]
[212 8 -44]
[212 13 -48]
[212 33 -56]
[212 31 -57]
[212 41 -58]
[212 43 -58]
[212 42 -58]
[212 23 -53]
[212 4 -23]
[212 5 -21]
[212 7 -19]
[212 8 -17]
[212 34 -58]
[212 34 -57]
[212 35 -58]
[212 37 -58]
[212 30 -54]
[212 28 -54]
[212 26 -54]
[212 46 -57]
[212 7 -39]
[212 21 -54]
[212 19 -54]
[212 21 -52]
[212 39 -58]
[212 12 -47]
[212 11 -46]
[212 3 -26]
[212 3 -25]
[212 3 -27]
[212 3 -29]
[212 3 -28]
[212 27 -54]
[212 29 -54]
[212 29 -53]
[212 20 -54]
[212 22 -54]
[212 3 -23]
[212 3 -24]
[212 38 -58]
[212 49 -58]
[212 17 -52]
[212 16 -52]
[212 13 -47]
[212 6 -32]
[212 6 -31]
[212 5 -32]
[212 40 -58]
[212 5 -34]
[212 4 -32]
[212 4 -34]
[212 9 -46]
[212 12 -17]
[212 30 -57]
[212 30 -55]
[212 30 -56]
[212 10 -17]
[212 36 -58]
[212 8 -41]
[212 24 -53]
[212 17 -53]
[212 24 -54]
[212 11 -17]
[212 25 -54]
[212 18 -54]
[212 51 -58]
[213 22 -53]
[213 23 -54]
[213 17 -54]
[213 8 -46]
[213 10 -46]
[213 8 -45]
[213 2 -28]
[213 2 -27]
[213 2 -29]
[213 21 -55]
[213 22 -55]
[213 20 -55]
[213 15 -52]
[213 29 -55]
[213 49 -59]
[213 29 -56]
[213 29 -58]
[213 26 -55]
[213 25 -55]
[213 4 -33]
[213 3 -34]
[213 5 -35]
[213 3 -33]
[213 15 -53]
[213 29 -57]
[213 6 -18]
[213 7 -18]
[213 34 -59]
[213 28 -55]
[213 8 -16]
[213 10 -16]
[213 33 -57]
[213 33 -58]
[213 19 -55]
[213 14 -48]
[213 2 -25]
[213 2 -26]
[213 3 -32]
[213 5 -20]
[213 38 -59]
[213 39 -59]
[213 37 -59]
[213 51 -59]
[213 14 -52]
[213 9 -44]
[213 7 -43]
[213 7 -44]
[213 7 -45]
[213 8 -43]
[213 40 -59]
[213 42 -59]
[213 9 -35]
[213 13 -49]
[213 12 -48]
[213 46 -59]
[213 45 -58]
[213 27 -55]
[213 30 -58]
[213 24 -55]
[213 4 -30]
[213 3 -30]
[213 2 -30]
[213 12 -16]
[213 7 -17]
[213 6 -40]
[213 7 -40]
[213 11 -48]
[213 11 -47]
[213 13 -50]
[213 13 -51]
[213 23 -55]
[213 41 -59]
[213 43 -59]
[213 2 -24]
[213 7 -42]
[213 16 -54]
[213 18 -53]
[213 16 -53]
[213 47 -60]
[213 48 -60]
[214 15 -54]
[214 23 -56]
[214 44 -60]
[214 42 -60]
[214 44 -59]
[214 43 -60]
[214 31 -59]
[214 31 -58]
[214 29 -59]
[214 30 -59]
[214 1 -30]
[214 1 -26]
[214 1 -27]
[214 4 -35]
[214 13 -52]
[214 27 -56]
[214 26 -56]
[214 7 -47]
[214 8 -47]
[214 2 -34]
[214 2 -33]
[214 2 -35]
[214 41 -60]
[214 24 -56]
[214 8 -15]
[214 7 -15]
[214 22 -56]
[214 18 -55]
[214 20 -56]
[214 6 -41]
[214 6 -42]
[214 8 -42]
[214 10 -48]
[214 12 -49]
[214 21 -56]
[214 12 -50]
[214 12 -52]
[214 28 -56]
[214 49 -60]
[214 49 -61]
[214 48 -61]
[214 2 -31]
[214 9 -47]
[214 9 -45]
[214 16 -55]
[214 52 -60]
[214 52 -59]
[214 50 -59]
[214 1 -29]
[214 5 -18]
[214 6 -19]
[214 5 -17]
[214 5 -19]
[214 44 -57]
[214 45 -59]
[214 7 -46]
[214 48 -59]
[214 47 -61]
[214 46 -60]
[214 6 -43]
[214 6 -39]
[214 33 -59]
[214 34 -60]
[214 11 -49]
[214 1 -28]
[214 6 -17]
[214 7 -16]
[214 11 -15]
[214 12 -15]
[214 13 -15]
[214 2 -23]
[214 1 -23]
[214 14 -53]
[214 17 -55]
[214 10 -34]
[214 3 -31]
[214 4 -31]
[214 28 -57]
[214 4 -20]
[214 50 -60]
[214 12 -51]
[214 6 -45]
[214 6 -46]
[214 32 -57]
[214 32 -59]
[214 32 -58]
[214 37 -60]
[214 40 -60]
[214 28 -58]
[214 28 -59]
[214 5 -40]
[214 5 -41]
[214 9 -16]
[214 9 -15]
[215 48 -62]
[215 49 -62]
[215 15 -55]
[215 14 -54]
[215 10 -49]
[215 22 -57]
[215 21 -57]
[215 8 -48]
[215 17 -56]
[215 16 -56]
[215 0 -31]
[215 0 -30]
[215 12 -14]
[215 5 -16]
[215 6 -16]
[215 32 -60]
[215 33 -60]
[215 20 -57]
[215 19 -56]
[215 46 -62]
[215 47 -62]
[215 45 -60]
[215 44 -58]
[215 45 -61]
[215 35 -59]
[215 35 -61]
[215 2 -32]
[215 7 -41]
[215 8 -14]
[215 10 -14]
[215 51 -60]
[215 41 -61]
[215 1 -22]
[215 39 -61]
[215 39 -60]
[215 4 -19]
[215 11 -16]
[215 10 -15]
[215 4 -18]
[215 28 -60]
[215 30 -60]
[215 27 -59]
[215 6 -15]
[215 7 -14]
[215 3 -19]
[215 27 -58]
[215 10 -47]
[215 11 -50]
[215 31 -60]
[215 29 -60]
[215 13 -53]
[215 11 -51]
[215 11 -52]
[215 5 -47]
[215 6 -47]
[215 7 -48]
[215 1 -34]
[215 1 -32]
[215 2 -22]
[215 1 -36]
[215 36 -61]
[215 36 -59]
[215 36 -60]
[215 38 -60]
[215 38 -61]
[215 1 -35]
[215 4 -40]
[215 0 -27]
[215 9 -49]
[215 51 -61]
[215 25 -57]
[215 24 -57]
[215 23 -57]
[215 0 -29]
[215 18 -56]
[215 5 -44]
[215 5 -43]
[215 5 -42]
[216 6 -44]
[216 4 -42]
[216 4 -44]
[216 10 -50]
[216 1 -31]
[216 12 -13]
[216 11 -13]
[216 13 -13]
[216 13 -14]
[216 4 -17]
[216 33 -61]
[216 16 -57]
[216 17 -57]
[216 7 -49]
[216 9 -48]
[216 -1 -31]
[216 -1 -30]
[216 6 -48]
[216 5 -48]
[216 14 -56]
[216 15 -56]
[216 22 -58]
[216 6 -49]
[216 23 -58]
[216 24 -58]
[216 25 -58]
[216 25 -56]
[216 10 -52]
[216 11 -53]
[216 46 -61]
[216 37 -61]
[216 4 -41]
[216 8 -13]
[216 9 -14]
[216 27 -61]
[216 28 -61]
[216 49 -63]
[216 50 -62]
[216 48 -63]
[216 13 -55]
[216 14 -55]
[216 44 -61]
[216 44 -62]
[216 21 -58]
[216 19 -58]
[216 0 -23]
[216 1 -21]
[216 0 -21]
[216 0 -22]
[216 2 -21]
[216 4 -15]
[216 -1 -29]
[216 5 -15]
[216 5 -14]
[216 5 -46]
[216 4 -46]
[216 3 -20]
[216 15 -57]
[216 30 -61]
[216 32 -61]
[216 39 -62]
[216 37 -62]
[216 38 -62]
[216 10 -51]
[216 35 -62]
[216 35 -60]
[216 1 -33]
[216 0 -33]
[216 -1 -28]
[216 0 -36]
[216 2 -36]
[216 8 -50]
[216 8 -49]
[216 27 -60]
[216 26 -58]
[216 26 -60]
[216 0 -34]
[216 52 -61]
[216 50 -61]
[216 27 -57]
[216 36 -62]
[216 29 -61]
[216 42 -61]
[216 40 -62]
[216 41 -62]
[216 6 -14]
[216 46 -63]
[217 13 -56]
[217 12 -56]
[217 12 -55]
[217 12 -54]
[217 5 -13]
[217 6 -13]
[217 7 -13]
[217 13 -12]
[217 14 -12]
[217 0 -20]
[217 40 -61]
[217 39 -63]
[217 -1 -35]
[217 0 -37]
[217 -1 -36]
[217 26 -59]
[217 -1 -32]
[217 -2 -30]
[217 -2 -31]
[217 -2 -32]
[217 -1 -34]
[217 0 -35]
[217 -1 -33]
[217 11 -14]
[217 42 -62]
[217 43 -61]
[217 40 -63]
[217 22 -59]
[217 12 -53]
[217 11 -54]
[217 0 -32]
[217 13 -54]
[217 34 -62]
[217 34 -61]
[217 14 -13]
[217 45 -63]
[217 47 -63]
[217 26 -57]
[217 51 -63]
[217 24 -59]
[217 26 -62]
[217 27 -62]
[217 28 -62]
[217 36 -63]
[217 37 -63]
[217 14 -57]
[217 25 -59]
[217 9 -13]
[217 9 -53]
[217 9 -51]
[217 41 -63]
[217 25 -60]
[217 26 -61]
[217 45 -62]
[217 7 -51]
[217 8 -51]
[217 3 -14]
[217 3 -15]
[217 4 -16]
[217 0 -28]
[217 20 -58]
[217 3 -35]
[217 5 -49]
[217 3 -41]
[217 18 -57]
[217 19 -59]
[217 18 -58]
[217 7 -50]
[217 5 -50]
[217 9 -50]
[217 12 -12]
[217 10 -13]
[217 -2 -29]
[217 4 -49]
[217 9 -12]
[217 7 -12]
[217 29 -62]
[217 49 -64]
[217 48 -64]
[217 4 -47]
[217 4 -45]
[217 32 -62]
[217 31 -62]
[217 15 -58]
[217 34 -63]
[217 43 -63]
[217 44 -63]
[217 43 -62]
[217 5 -45]
[217 3 -42]
[217 3 -43]
[217 -1 -22]
[217 16 -58]
[217 1 -20]
[217 -1 -21]
[217 3 -44]
[217 3 -45]
[217 38 -63]
[217 31 -61]
[218 -2 -34]
[218 -2 -33]
[218 11 -55]
[218 0 -19]
[218 17 -58]
[218 30 -63]
[218 19 -57]
[218 20 -59]
[218 6 -52]
[218 6 -50]
[218 7 -52]
[218 8 -52]
[218 9 -54]
[218 10 -54]
[218 2 -41]
[218 2 -42]
[218 4 -43]
[218 4 -14]
[218 4 -12]
[218 6 -12]
[218 43 -64]
[218 48 -65]
[218 50 -63]
[218 25 -61]
[218 24 -60]
[218 -2 -23]
[218 -1 -23]
[218 25 -62]
[218 26 -63]
[218 25 -63]
[218 27 -63]
[218 3 -48]
[218 3 -49]
[218 47 -64]
[218 10 -12]
[218 11 -12]
[218 11 -56]
[218 12 -57]
[218 4 -48]
[218 4 -50]
[218 11 -11]
[218 6 -51]
[218 2 -44]
[218 28 -63]
[218 16 -59]
[218 49 -65]
[218 3 -46]
[218 -1 -37]
[218 1 -38]
[218 -1 -38]
[218 33 -62]
[218 -1 -20]
[218 -2 -22]
[218 -2 -21]
[218 -2 -20]
[218 1 -19]
[218 52 -64]
[218 51 -64]
[218 50 -64]
[218 52 -62]
[218 -3 -31]
[218 -3 -30]
[218 2 -45]
[218 6 -11]
[218 8 -11]
[218 46 -64]
[218 45 -64]
[218 44 -64]
[218 38 -64]
[218 40 -64]
[218 39 -64]
[218 35 -63]
[218 13 -57]
[218 36 -64]
[218 37 -64]
[218 3 -16]
[218 -3 -33]
[218 -3 -32]
[218 10 -55]
[218 10 -53]
[218 5 -51]
[218 8 -12]
[218 42 -63]
[218 17 -59]
[218 18 -59]
[218 9 -11]
[218 14 -58]
[218 2 -40]
[218 30 -62]
[218 42 -64]
[218 41 -64]
[218 2 -43]
[218 23 -59]
[218 23 -60]
[218 3 -47]
[219 48 -66]
[219 45 -65]
[219 51 -62]
[219 52 -63]
[219 53 -63]
[219 -3 -22]
[219 -3 -21]
[219 -3 -20]
[219 35 -64]
[219 7 -11]
[219 5 -11]
[219 6 -10]
[219 5 -12]
[219 7 -10]
[219 27 -64]
[219 -2 -24]
[219 -3 -23]
[219 -1 -24]
[219 -2 -19]
[219 47 -65]
[219 42 -65]
[219 41 -65]
[219 12 -58]
[219 31 -63]
[219 29 -63]
[219 -2 -37]
[219 -2 -36]
[219 -4 -32]
[219 -4 -31]
[219 9 -52]
[219 18 -60]
[219 16 -60]
[219 19 -60]
[219 -1 -19]
[219 25 -64]
[219 24 -63]
[219 1 -42]
[219 1 -41]
[219 44 -65]
[219 6 -53]
[219 5 -53]
[219 22 -60]
[219 0 -39]
[219 0 -38]
[219 -2 -39]
[219 1 -40]
[219 1 -45]
[219 1 -46]
[219 2 -46]
[219 9 -10]
[219 9 -56]
[219 9 -55]
[219 10 -56]
[219 17 -60]
[219 8 -55]
[219 8 -54]
[219 8 -53]
[219 51 -65]
[219 50 -65]
[219 10 -11]
[219 14 -59]
[219 13 -59]
[219 4 -11]
[219 1 -43]
[219 1 -44]
[219 15 -59]
[219 15 -60]
[219 28 -64]
[219 26 -64]
[219 24 -62]
[219 24 -61]
[219 38 -65]
[219 37 -65]
[219 36 -65]
[219 5 -52]
[219 4 -52]
[219 40 -65]
[219 39 -65]
[219 10 -10]
[219 23 -61]
[219 3 -17]
[219 3 -50]
[219 4 -51]
[219 -4 -33]
[219 11 -58]
[219 11 -57]
[219 7 -53]
[219 2 -38]
[219 47 -66]
[219 49 -66]
[219 2 -39]
[219 1 -39]
[219 2 -48]
[219 2 -50]
[219 32 -63]
[219 33 -63]
[219 29 -64]
[219 2 -47]
[219 12 -11]
[220 6 -9]
[220 7 -9]
[220 3 -51]
[220 3 -53]
[220 11 -59]
[220 13 -58]
[220 14 -61]
[220 14 -60]
[220 15 -61]
[220 0 -44]
[220 0 -45]
[220 45 -66]
[220 46 -65]
[220 43 -65]
[220 41 -66]
[220 24 -64]
[220 23 -63]
[220 33 -64]
[220 32 -64]
[220 7 -56]
[220 7 -54]
[220 13 -60]
[220 12 -59]
[220 -4 -20]
[220 9 -9]
[220 8 -10]
[220 5 -10]
[220 0 -40]
[220 0 -42]
[220 0 -41]
[220 -4 -19]
[220 -4 -21]
[220 1 -48]
[220 -4 -23]
[220 29 -65]
[220 30 -64]
[220 30 -65]
[220 5 -54]
[220 -5 -33]
[220 -5 -31]
[220 -5 -32]
[220 48 -67]
[220 7 -55]
[220 38 -66]
[220 46 -66]
[220 25 -65]
[220 26 -65]
[220 43 -66]
[220 -4 -30]
[220 10 -57]
[220 37 -66]
[220 17 -61]
[220 16 -61]
[220 50 -66]
[220 50 -67]
[220 21 -60]
[220 21 -59]
[220 21 -61]
[220 22 -61]
[220 39 -66]
[220 40 -66]
[220 9 -57]
[220 1 -47]
[220 1 -51]
[220 1 -50]
[220 1 -49]
[220 0 -46]
[220 18 -61]
[220 4 -10]
[220 10 -59]
[220 10 -58]
[220 46 -67]
[220 3 -52]
[220 -2 -25]
[220 -3 -24]
[220 -5 -34]
[220 -3 -34]
[220 0 -43]
[220 2 -37]
[220 1 -37]
[220 0 -18]
[220 -1 -18]
[220 8 -9]
[220 28 -65]
[220 27 -65]
[220 -3 -36]
[220 31 -64]
[220 20 -61]
[220 -3 -18]
[220 -2 -18]
[220 -2 -38]
[220 -3 -38]
[220 -2 -40]
[220 -1 -39]
[220 35 -65]
[220 34 -65]
[220 34 -64]
[220 4 -54]
[220 11 -10]
[220 -3 -35]
[220 -3 -37]
[220 35 -66]
[221 23 -64]
[221 24 -65]
[221 36 -67]
[221 5 -55]
[221 -3 -19]
[221 -2 -17]
[221 -4 -17]
[221 -5 -22]
[221 8 -58]
[221 8 -56]
[221 0 -50]
[221 0 -49]
[221 17 -62]
[221 15 -62]
[221 16 -62]
[221 6 -55]
[221 23 -62]
[221 40 -67]
[221 38 -67]
[221 -1 -43]
[221 -1 -44]
[221 -1 -42]
[221 44 -66]
[221 42 -67]
[221 42 -66]
[221 44 -67]
[221 11 -60]
[221 13 -61]
[221 -5 -35]
[221 -6 -33]
[221 -6 -34]
[221 41 -67]
[221 39 -67]
[221 6 -54]
[221 29 -66]
[221 9 -58]
[221 -2 -35]
[221 -4 -35]
[221 19 -61]
[221 1 -18]
[221 0 -17]
[221 7 -8]
[221 9 -8]
[221 8 -8]
[221 12 -61]
[221 12 -60]
[221 6 -8]
[221 45 -67]
[221 -4 -38]
[221 -4 -36]
[221 33 -65]
[221 32 -65]
[221 2 -51]
[221 2 -52]
[221 0 -51]
[221 1 -52]
[221 35 -67]
[221 36 -66]
[221 -1 -45]
[221 47 -67]
[221 0 -47]
[221 0 -48]
[221 34 -66]
[221 33 -66]
[221 -4 -37]
[221 -4 -39]
[221 27 -66]
[221 26 -66]
[221 -3 -25]
[221 3 -54]
[221 4 -9]
[221 47 -68]
[221 20 -60]
[221 2 -49]
[221 28 -66]
[221 -4 -25]
[221 -4 -24]
[221 -3 -17]
[221 -1 -17]
[221 20 -62]
[221 31 -65]
[221 2 -53]
[221 21 -62]
[221 -5 -23]
[221 -5 -24]
[221 -4 -22]
[221 -1 -40]
[221 -5 -19]
[221 -5 -21]
[221 5 -9]
[221 -4 -34]
[221 51 -66]
[221 22 -62]
[221 45 -68]
[221 46 -68]
[221 -6 -32]
[221 31 -66]
[221 -3 -39]
[221 -3 -40]
[221 4 -55]
[221 9 -59]
[221 10 -9]
[221 9 -60]
[221 14 -62]
[221 -4 -18]
[221 -5 -18]
[222 15 -63]
[222 -3 -16]
[222 8 -7]
[222 6 -7]
[222 45 -69]
[222 -6 -23]
[222 -6 -21]
[222 13 -62]
[222 13 -63]
[222 -4 -16]
[222 1 -54]
[222 1 -53]
[222 -5 -38]
[222 -4 -40]
[222 -5 -39]
[222 12 -62]
[222 -5 -37]
[222 -5 -25]
[222 -6 -24]
[222 -6 -25]
[222 -6 -20]
[222 4 -8]
[222 18 -62]
[222 10 -61]
[222 -2 -44]
[222 40 -68]
[222 41 -68]
[222 38 -68]
[222 39 -68]
[222 5 -56]
[222 1 -17]
[222 -1 -16]
[222 -2 -43]
[222 8 -61]
[222 8 -59]
[222 3 -8]
[222 5 -8]
[222 -5 -36]
[222 -6 -36]
[222 -6 -35]
[222 -6 -17]
[222 -6 -18]
[222 -6 -19]
[222 -2 -41]
[222 32 -66]
[222 -6 -22]
[222 2 -54]
[222 3 -55]
[222 23 -65]
[222 24 -66]
[222 23 -66]
[222 25 -66]
[222 9 -7]
[222 22 -63]
[222 36 -68]
[222 35 -68]
[222 37 -68]
[222 33 -67]
[222 -1 -48]
[222 8 -57]
[222 4 -56]
[222 43 -67]
[222 34 -68]
[222 34 -67]
[222 32 -67]
[222 7 -57]
[222 -1 -41]
[222 -2 -42]
[222 29 -67]
[222 28 -67]
[222 30 -66]
[222 30 -67]
[222 -7 -32]
[222 -7 -33]
[222 -7 -34]
[222 26 -67]
[222 -2 -26]
[222 -3 -26]
[222 43 -68]
[222 44 -68]
[222 11 -8]
[222 16 -63]
[222 -1 -51]
[222 -1 -50]
[222 -1 -49]
[222 19 -62]
[222 21 -63]
[222 6 -56]
[222 -5 -20]
[222 8 -60]
[222 10 -60]
[222 -5 -17]
[223 -2 -15]
[223 -1 -15]
[223 27 -68]
[223 29 -68]
[223 27 -67]
[223 28 -68]
[223 10 -7]
[223 8 -6]
[223 9 -6]
[223 33 -68]
[223 -5 -16]
[223 -7 -18]
[223 -7 -17]
[223 34 -69]
[223 35 -69]
[223 40 -69]
[223 38 -69]
[223 37 -67]
[223 36 -69]
[223 -3 -43]
[223 0 -53]
[223 2 -55]
[223 1 -55]
[223 7 -61]
[223 9 -61]
[223 3 -56]
[223 2 -56]
[223 18 -63]
[223 32 -68]
[223 -8 -33]
[223 -8 -34]
[223 -2 -49]
[223 -2 -48]
[223 -3 -41]
[223 -3 -42]
[223 39 -69]
[223 31 -67]
[223 -4 -26]
[223 -5 -26]
[223 -2 -50]
[223 -7 -35]
[223 41 -69]
[223 17 -63]
[223 22 -64]
[223 -7 -36]
[223 44 -70]
[223 43 -69]
[223 44 -69]
[223 -4 -41]
[223 22 -66]
[223 11 -62]
[223 10 -62]
[223 9 -62]
[223 11 -61]
[223 30 -68]
[223 7 -59]
[223 7 -58]
[223 -6 -37]
[223 26 -68]
[223 25 -67]
[223 25 -68]
[223 2 -7]
[223 2 -8]
[223 37 -69]
[223 -7 -19]
[223 -7 -23]
[223 -7 -21]
[223 3 -57]
[223 4 -57]
[223 -5 -15]
[223 -4 -15]
[223 -3 -15]
[223 13 -64]
[223 14 -63]
[223 12 -64]
[223 -8 -31]
[223 -2 -51]
[223 0 -54]
[223 0 -52]
[223 -3 -44]
[223 23 -67]
[223 24 -67]
[223 -7 -24]
[223 -6 -26]
[223 11 -9]
[223 10 -8]
[223 12 -9]
[223 -7 -22]
[223 -7 -25]
[223 42 -68]
[223 8 -62]
[223 20 -63]
[223 21 -64]
[223 -6 -38]
[223 -6 -39]
[223 -6 -40]
[223 16 -64]
[223 3 -7]
[223 22 -67]
[223 22 -65]
[224 21 -67]
[224 21 -66]
[224 24 -68]
[224 23 -68]
[224 -8 -22]
[224 3 -58]
[224 -7 -27]
[224 13 -65]
[224 12 -63]
[224 12 -65]
[224 19 -63]
[224 17 -64]
[224 19 -64]
[224 -7 -20]
[224 -8 -19]
[224 -5 -14]
[224 -4 -14]
[224 33 -69]
[224 32 -69]
[224 -6 -41]
[224 -7 -40]
[224 9 -5]
[224 8 -5]
[224 7 -6]
[224 7 -7]
[224 1 -56]
[224 2 -57]
[224 -3 -14]
[224 -2 -14]
[224 -6 -16]
[224 -6 -15]
[224 2 -58]
[224 21 -65]
[224 -3 -51]
[224 -3 -52]
[224 -2 -52]
[224 -3 -50]
[224 -4 -43]
[224 29 -69]
[224 28 -69]
[224 27 -69]
[224 -8 -35]
[224 -8 -37]
[224 30 -69]
[224 -3 -48]
[224 11 -64]
[224 11 -63]
[224 -5 -27]
[224 42 -69]
[224 40 -70]
[224 39 -70]
[224 -9 -35]
[224 -9 -34]
[224 -8 -32]
[224 -9 -32]
[224 41 -70]
[224 -5 -42]
[224 -8 -17]
[224 -8 -18]
[224 2 -6]
[224 3 -6]
[224 31 -68]
[224 -8 -21]
[224 -8 -23]
[224 -7 -37]
[224 36 -70]
[224 37 -70]
[224 35 -70]
[224 43 -70]
[224 -8 -16]
[224 -7 -16]
[224 7 -62]
[224 6 -62]
[224 -3 -47]
[224 -3 -49]
[224 -1 -54]
[224 -1 -52]
[224 -4 -42]
[224 21 -68]
[224 22 -68]
[224 6 -57]
[224 0 -55]
[224 -1 -53]
[224 10 -6]
[224 38 -70]
[224 -7 -39]
[224 18 -64]
[224 -2 -16]
[224 7 -63]
[224 8 -63]
[224 -8 -20]
[224 -8 -26]
[224 -8 -25]
[224 15 -65]
[224 15 -64]
[224 -4 -45]
[224 -4 -44]
[224 -3 -45]
[224 20 -64]
[224 -8 -24]
[224 31 -69]
[224 -7 -38]
[224 6 -60]
[224 6 -58]
[224 6 -59]
[224 7 -60]
[225 -2 -13]
[225 8 -64]
[225 9 -63]
[225 9 -64]
[225 -8 -39]
[225 -8 -38]
[225 20 -67]
[225 40 -71]
[225 42 -70]
[225 41 -71]
[225 42 -71]
[225 14 -66]
[225 16 -65]
[225 15 -66]
[225 14 -64]
[225 -4 -49]
[225 -4 -47]
[225 -2 -47]
[225 -5 -13]
[225 37 -71]
[225 36 -71]
[225 6 -61]
[225 38 -71]
[225 24 -69]
[225 23 -69]
[225 -2 -54]
[225 -2 -53]
[225 5 -59]
[225 5 -58]
[225 5 -57]
[225 -10 -36]
[225 -8 -36]
[225 -9 -38]
[225 -9 -17]
[225 -9 -16]
[225 -7 -15]
[225 -7 -14]
[225 10 -65]
[225 10 -63]
[225 -5 -43]
[225 20 -68]
[225 20 -66]
[225 -9 -23]
[225 1 -57]
[225 -7 -42]
[225 30 -70]
[225 32 -70]
[225 31 -70]
[225 21 -69]
[225 20 -69]
[225 22 -69]
[225 -4 -46]
[225 -3 -46]
[225 -5 -44]
[225 -5 -46]
[225 -9 -18]
[225 12 -66]
[225 11 -65]
[225 6 -63]
[225 -8 -40]
[225 -9 -24]
[225 -9 -25]
[225 -9 -19]
[225 -9 -20]
[225 33 -70]
[225 0 -57]
[225 -9 -31]
[225 -8 -27]
[225 -9 -26]
[225 17 -65]
[225 18 -65]
[225 -6 -27]
[225 -8 -41]
[225 6 -64]
[225 -4 -50]
[225 -4 -51]
[225 19 -65]
[225 2 -59]
[225 3 -59]
[225 -9 -15]
[225 -8 -15]
[225 28 -70]
[225 27 -70]
[225 9 -4]
[225 5 -60]
[225 4 -59]
[225 -3 -53]
[225 20 -65]
[225 26 -69]
[225 5 -63]
[225 5 -62]
[225 2 -5]
[225 4 -5]
[225 -4 -13]
[225 -6 -13]
[225 -5 -41]
[225 10 -5]
[225 3 -5]
[225 1 -5]
[225 44 -71]
[225 -4 -53]
[225 -4 -52]
[225 11 -5]
[226 -5 -47]
[226 -5 -48]
[226 -4 -48]
[226 -6 -45]
[226 38 -72]
[226 39 -71]
[226 39 -72]
[226 -8 -14]
[226 -5 -51]
[226 -4 -12]
[226 -5 -12]
[226 -3 -12]
[226 1 -6]
[226 0 -4]
[226 23 -70]
[226 22 -70]
[226 43 -71]
[226 -10 -27]
[226 -10 -26]
[226 -10 -25]
[226 18 -66]
[226 24 -70]
[226 41 -72]
[226 42 -72]
[226 -10 -19]
[226 -10 -18]
[226 6 -65]
[226 7 -64]
[226 5 -65]
[226 -7 -41]
[226 -9 -39]
[226 35 -72]
[226 37 -72]
[226 35 -71]
[226 4 -62]
[226 4 -64]
[226 4 -61]
[226 4 -58]
[226 4 -60]
[226 -3 -54]
[226 -1 -55]
[226 11 -4]
[226 30 -71]
[226 31 -71]
[226 3 -4]
[226 10 -66]
[226 11 -66]
[226 10 -64]
[226 -1 -57]
[226 1 -58]
[226 -1 -56]
[226 0 -58]
[226 3 -60]
[226 -10 -21]
[226 29 -71]
[226 29 -70]
[226 -10 -17]
[226 -4 -54]
[226 32 -71]
[226 16 -66]
[226 15 -67]
[226 -10 -23]
[226 14 -65]
[226 -9 -40]
[226 -9 -42]
[226 -8 -42]
[226 -6 -12]
[226 -7 -12]
[226 -6 -14]
[226 -5 -49]
[226 -2 -46]
[226 -6 -43]
[226 -6 -42]
[226 2 -4]
[226 7 -65]
[226 19 -68]
[226 19 -67]
[226 19 -66]
[226 -7 -26]
[226 -10 -30]
[226 19 -70]
[226 20 -70]
[226 28 -71]
[226 -5 -54]
[226 -5 -53]
[226 -9 -37]
[226 -6 -44]
[226 -5 -45]
[226 25 -70]
[226 5 -61]
[226 -1 -46]
[226 -1 -47]
[226 36 -72]
[226 2 -60]
[226 1 -60]
[226 10 -4]
[226 40 -72]
[226 -5 -50]
[226 34 -71]
[226 34 -70]
[226 27 -71]
[226 -9 -14]
[226 -10 -35]
[226 -10 -37]
[226 25 -69]
[226 -10 -24]
[226 -10 -38]
[226 -10 -15]
[226 -10 -16]
[226 -9 -28]
[226 -8 -28]
[226 1 -4]
[226 -3 -13]
[226 -10 -22]
[226 44 -72]
[227 3 -61]
[227 0 -60]
[227 2 -61]
[227 1 -59]
[227 0 -61]
[227 0 -59]
[227 34 -72]
[227 -10 -40]
[227 -10 -39]
[227 29 -72]
[227 30 -72]
[227 28 -72]
[227 -2 -45]
[227 22 -71]
[227 21 -70]
[227 23 -71]
[227 5 -64]
[227 5 -66]
[227 -11 -17]
[227 -11 -16]
[227 -11 -14]
[227 -10 -14]
[227 38 -73]
[227 36 -73]
[227 -6 -50]
[227 -6 -51]
[227 -6 -49]
[227 -4 -55]
[227 16 -67]
[227 17 -67]
[227 -9 -41]
[227 -10 -43]
[227 -9 -43]
[227 -6 -46]
[227 26 -70]
[227 -1 -58]
[227 -2 -56]
[227 -6 -53]
[227 -6 -52]
[227 -5 -11]
[227 -4 -11]
[227 -6 -47]
[227 -9 -22]
[227 33 -71]
[227 31 -72]
[227 42 -73]
[227 41 -73]
[227 -7 -45]
[227 -7 -46]
[227 11 -67]
[227 26 -72]
[227 26 -71]
[227 -11 -38]
[227 2 -3]
[227 -2 -55]
[227 0 -56]
[227 19 -69]
[227 18 -69]
[227 21 -71]
[227 20 -71]
[227 19 -71]
[227 18 -67]
[227 -9 -29]
[227 -7 -44]
[227 39 -73]
[227 -7 -11]
[227 -7 -13]
[227 24 -71]
[227 -11 -25]
[227 -11 -23]
[227 -3 -11]
[227 -2 -12]
[227 15 -68]
[227 14 -68]
[227 14 -67]
[227 11 -3]
[227 -10 -29]
[227 -9 -30]
[227 -10 -31]
[227 -11 -21]
[227 -11 -22]
[227 -7 -43]
[227 -11 -27]
[227 10 -3]
[227 40 -73]
[227 17 -66]
[227 -8 -13]
[227 13 -66]
[227 3 -65]
[227 3 -64]
[227 4 -65]
[227 4 -63]
[227 -9 -36]
[227 -9 -27]
[227 -11 -34]
[227 27 -72]
[227 37 -73]
[227 -10 -20]
[227 18 -70]
[227 18 -71]
[227 43 -72]
[227 -5 -52]
[227 -5 -55]
[227 -6 -54]
[227 -8 -11]
[227 -11 -15]
[227 -11 -24]
[227 0 -3]
[227 6 -66]
[227 8 -66]
[227 1 -7]
[227 -2 -57]
[228 -3 -10]
[228 -10 -28]
[228 -11 -28]
[228 -11 -29]
[228 20 -72]
[228 -6 -10]
[228 -6 -11]
[228 -10 -34]
[228 -11 -35]
[228 -6 -48]
[228 -7 -47]
[228 -7 -48]
[228 -8 -44]
[228 -8 -43]
[228 9 -65]
[228 8 -67]
[228 7 -67]
[228 7 -66]
[228 9 -66]
[228 -8 -46]
[228 0 -62]
[228 -1 -62]
[228 1 -61]
[228 -1 -61]
[228 27 -73]
[228 -7 -52]
[228 23 -72]
[228 24 -72]
[228 22 -72]
[228 -7 -50]
[228 -7 -51]
[228 18 -68]
[228 17 -69]
[228 -7 -10]
[228 -8 -10]
[228 14 -69]
[228 15 -69]
[228 13 -67]
[228 13 -69]
[228 13 -68]
[228 25 -71]
[228 6 -67]
[228 2 -65]
[228 -12 -15]
[228 -12 -16]
[228 -10 -41]
[228 -10 -42]
[228 -10 -13]
[228 -11 -41]
[228 -11 -40]
[228 -11 -39]
[228 -9 -12]
[228 -8 -12]
[228 -9 -13]
[228 -3 -55]
[228 -3 -56]
[228 32 -72]
[228 -6 -55]
[228 -6 -56]
[228 -4 -56]
[228 18 -72]
[228 19 -72]
[228 -12 -24]
[228 -12 -23]
[228 -11 -26]
[228 -12 -25]
[228 -12 -22]
[228 -4 -10]
[228 -2 -11]
[228 -7 -55]
[228 -7 -53]
[228 -7 -49]
[228 25 -72]
[228 -8 -30]
[228 -3 -58]
[228 -2 -58]
[228 38 -74]
[228 -11 -42]
[228 -10 -44]
[228 4 -67]
[228 5 -67]
[228 11 -68]
[228 10 -68]
[228 12 -68]
[228 4 -66]
[228 28 -73]
[228 -12 -39]
[228 -11 -37]
[228 -12 -37]
[228 -12 -38]
[228 17 -71]
[228 -1 -59]
[228 -2 -59]
[228 17 -68]
[228 16 -69]
[228 -1 -60]
[228 0 -2]
[228 1 -3]
[228 1 -2]
[228 2 -62]
[228 3 -62]
[228 3 -63]
[228 10 -2]
[228 11 -2]
[228 9 -3]
[228 33 -72]
[228 34 -73]
[228 35 -73]
[228 3 -2]
[228 3 -3]
[228 2 -2]
[228 -7 -54]
[228 2 -63]
[228 2 -64]
[228 36 -74]
[228 37 -74]
[228 35 -74]
[228 -11 -20]
[228 -11 -19]
[228 29 -73]
[228 -12 -17]
[228 -8 -29]
[229 -11 -44]
[229 -11 -45]
[229 -11 -43]
[229 -9 -44]
[229 2 -1]
[229 -12 -20]
[229 -12 -21]
[229 -12 -43]
[229 -12 -41]
[229 -8 -9]
[229 -9 -9]
[229 12 -67]
[229 -12 -40]
[229 -5 -56]
[229 -8 -50]
[229 -8 -52]
[229 -7 -56]
[229 -6 -57]
[229 9 -68]
[229 9 -67]
[229 9 -2]
[229 16 -68]
[229 15 -70]
[229 17 -70]
[229 1 -63]
[229 1 -64]
[229 29 -74]
[229 30 -73]
[229 30 -74]
[229 -3 -9]
[229 -2 -9]
[229 -8 -54]
[229 8 -65]
[229 -8 -49]
[229 -8 -48]
[229 7 -68]
[229 8 -68]
[229 -12 -36]
[229 -12 -34]
[229 -12 -18]
[229 -13 -17]
[229 22 -73]
[229 14 -70]
[229 32 -73]
[229 26 -73]
[229 27 -74]
[229 26 -74]
[229 28 -74]
[229 24 -73]
[229 -13 -21]
[229 10 -69]
[229 -10 -12]
[229 -5 -9]
[229 -4 -9]
[229 25 -73]
[229 10 -67]
[229 -7 -9]
[229 -3 -57]
[229 -13 -37]
[229 -13 -38]
[229 -13 -36]
[229 -11 -36]
[229 -13 -16]
[229 -8 -45]
[229 -8 -47]
[229 33 -74]
[229 17 -73]
[229 3 -1]
[229 4 -68]
[229 6 -68]
[229 0 -63]
[229 -8 -51]
[229 -8 -53]
[229 -13 -22]
[229 5 -68]
[229 3 -68]
[229 -2 -61]
[229 -2 -63]
[229 -9 -11]
[229 -10 -11]
[229 17 -72]
[229 2 -66]
[229 3 -66]
[229 1 -66]
[229 -4 -58]
[229 -4 -57]
[229 -4 -59]
[229 -3 -60]
[229 -3 -59]
[229 -2 -60]
[229 -13 -39]
[229 -13 -40]
[229 4 -2]
[229 4 -3]
[229 9 -69]
[229 -12 -42]
[229 -13 -15]
[229 -13 -14]
[229 -8 -56]
[229 21 -72]
[229 20 -73]
[229 21 -73]
[229 12 -70]
[229 12 -69]
[230 -9 -48]
[230 -9 -47]
[230 -3 -62]
[230 -3 -64]
[230 -2 -62]
[230 -10 -46]
[230 -8 -55]
[230 -7 -57]
[230 16 -73]
[230 18 -73]
[230 16 -72]
[230 -9 -51]
[230 -9 -52]
[230 18 -74]
[230 -13 -20]
[230 0 -65]
[230 -13 -42]
[230 -13 -43]
[230 31 -73]
[230 13 -71]
[230 15 -71]
[230 1 -62]
[230 -3 -61]
[230 23 -74]
[230 23 -73]
[230 29 -75]
[230 28 -75]
[230 11 -70]
[230 25 -74]
[230 2 -67]
[230 1 -65]
[230 0 -67]
[230 33 -75]
[230 34 -75]
[230 -8 -57]
[230 -12 -44]
[230 -11 -11]
[230 4 -69]
[230 3 -67]
[230 -14 -22]
[230 7 -69]
[230 8 -69]
[230 6 -69]
[230 -9 -46]
[230 -14 -15]
[230 -14 -16]
[230 -9 -50]
[230 -9 -49]
[230 -9 -10]
[230 -10 -10]
[230 -5 -58]
[230 -10 -45]
[230 -12 -45]
[230 -9 -53]
[230 -9 -54]
[230 13 -70]
[230 11 -69]
[230 -9 -45]
[230 -5 -60]
[230 20 -74]
[230 19 -73]
[230 -5 -10]
[230 -1 -64]
[230 -7 -8]
[230 -6 -9]
[230 1 0]
[230 2 0]
[230 4 -1]
[230 5 -1]
[230 -10 -9]
[230 -9 -8]
[230 -10 -8]
[230 -5 -57]
[230 31 -75]
[230 31 -74]
[230 -14 -14]
[230 -12 -14]
[230 26 -75]
[230 24 -74]
[230 4 0]
[230 3 0]
[230 5 -69]
[230 -11 -10]
[230 25 -75]
[230 27 -75]
[230 -12 -19]
[230 -11 -18]
[230 -14 -40]
[230 16 -71]
[230 16 -70]
[230 -1 -10]
[230 -2 -10]
[230 -8 -8]
[230 10 -70]
[230 9 -70]
[230 -14 -13]
[230 -4 -60]
[231 -3 -63]
[231 -6 -8]
[231 0 -66]
[231 -6 -58]
[231 -13 -41]
[231 -14 -43]
[231 -10 -51]
[231 14 -71]
[231 12 -71]
[231 10 -71]
[231 11 -71]
[231 -1 -67]
[231 -1 -68]
[231 1 -68]
[231 1 -67]
[231 15 -72]
[231 -13 -45]
[231 -13 -46]
[231 -10 -54]
[231 12 -72]
[231 13 -72]
[231 22 -74]
[231 23 -75]
[231 24 -75]
[231 -14 -44]
[231 -6 -7]
[231 -4 -65]
[231 -2 -64]
[231 -2 -65]
[231 -4 -63]
[231 -4 -64]
[231 19 -74]
[231 8 -70]
[231 6 -70]
[231 -12 -12]
[231 -11 -46]
[231 -11 -8]
[231 -11 -9]
[231 -10 -52]
[231 -10 -53]
[231 1 1]
[231 1 -1]
[231 0 -1]
[231 0 0]
[231 -1 -65]
[231 -1 -63]
[231 -13 -13]
[231 2 -68]
[231 -4 -62]
[231 3 1]
[231 4 1]
[231 -14 -20]
[231 -8 -7]
[231 -10 -7]
[231 28 -76]
[231 30 -75]
[231 -7 -7]
[231 -9 -7]
[231 27 -76]
[231 29 -76]
[231 -13 -44]
[231 5 1]
[231 5 0]
[231 -9 -58]
[231 -8 -58]
[231 -9 -56]
[231 -6 -61]
[231 -5 -59]
[231 -6 -60]
[231 33 -76]
[231 32 -74]
[231 34 -74]
[231 32 -75]
[231 15 -73]
[231 -10 -48]
[231 21 -75]
[231 21 -74]
[231 4 -70]
[231 5 -70]
[231 3 -69]
[231 26 -76]
[231 0 -64]
[231 -10 -49]
[231 -4 -61]
[231 -5 -61]
[231 31 -76]
[231 18 -75]
[231 19 -75]
[231 17 -75]
[231 17 -74]
[231 -10 -55]
[231 -15 -41]
[231 15 -74]
[231 -9 -55]
[231 -10 -50]
[231 -14 -12]
[231 -10 -47]
[231 -12 -9]
[231 9 -71]
[231 8 -71]
[232 -15 -44]
[232 -15 -45]
[232 -14 -45]
[232 5 -71]
[232 4 -71]
[232 6 -71]
[232 11 -72]
[232 30 -76]
[232 29 -77]
[232 -7 -61]
[232 -14 -47]
[232 -11 -48]
[232 -11 -49]
[232 -11 -47]
[232 -10 -56]
[232 20 -76]
[232 -3 -65]
[232 -5 -64]
[232 -3 -66]
[232 -1 1]
[232 -12 -8]
[232 24 -76]
[232 23 -76]
[232 27 -77]
[232 -5 -63]
[232 -5 -62]
[232 -11 -6]
[232 -10 -6]
[232 -9 -6]
[232 -1 -66]
[232 2 2]
[232 2 1]
[232 -14 -41]
[232 -13 -12]
[232 -14 -11]
[232 16 -74]
[232 14 -74]
[232 14 -75]
[232 5 2]
[232 4 2]
[232 0 -68]
[232 -1 -69]
[232 -11 -52]
[232 -11 -53]
[232 -8 -6]
[232 -7 -6]
[232 -13 -19]
[232 -15 -20]
[232 -14 -21]
[232 -15 -19]
[232 -15 -21]
[232 -2 -66]
[232 -9 -57]
[232 -10 -57]
[232 -9 -59]
[232 -13 -9]
[232 3 2]
[232 -7 -59]
[232 -7 -58]
[232 2 -69]
[232 -11 -51]
[232 14 -72]
[232 14 -73]
[232 -14 -46]
[232 -12 -46]
[232 33 -73]
[232 32 -76]
[232 13 -73]
[232 -5 -65]
[232 16 -75]
[232 -2 -67]
[232 -12 -7]
[232 -5 -6]
[232 -5 -8]
[232 -6 -6]
[232 -11 -50]
[232 -12 -13]
[232 -12 -11]
[232 -11 -13]
[232 7 -71]
[232 9 -72]
[232 10 -72]
[232 11 -73]
[232 12 -73]
[232 32 -77]
[232 30 -77]
[232 18 -76]
[232 20 -75]
[232 -15 -40]
[232 -16 -42]
[232 -16 -41]
[232 -14 -42]
[232 17 -76]
[232 16 -76]
[232 1 -69]
[232 0 -69]
[232 -8 -59]
[232 -15 -42]
[232 6 1]
[232 2 -70]
[232 3 -70]
[233 -11 -57]
[233 31 -77]
[233 -2 2]
[233 -2 1]
[233 -1 0]
[233 -2 0]
[233 -13 -47]
[233 -14 -10]
[233 -15 -10]
[233 -13 -11]
[233 2 -71]
[233 3 -71]
[233 12 -74]
[233 11 -74]
[233 22 -76]
[233 22 -77]
[233 22 -75]
[233 13 -74]
[233 17 -77]
[233 19 -77]
[233 18 -77]
[233 19 -76]
[233 -6 -59]
[233 -12 -49]
[233 -14 -19]
[233 -16 -20]
[233 -12 -5]
[233 -11 -7]
[233 -12 -6]
[233 13 -76]
[233 13 -75]
[233 14 -76]
[233 -11 -12]
[233 -12 -10]
[233 -7 -5]
[233 -5 -7]
[233 21 -76]
[233 4 3]
[233 6 3]
[233 6 2]
[233 5 3]
[233 -4 -66]
[233 21 -77]
[233 20 -77]
[233 -16 -43]
[233 -15 -43]
[233 -16 -44]
[233 -8 -5]
[233 1 -70]
[233 -16 -21]
[233 -13 -8]
[233 3 -72]
[233 -12 -47]
[233 -12 -48]
[233 16 -77]
[233 15 -75]
[233 -12 -54]
[233 29 -78]
[233 30 -78]
[233 -6 -65]
[233 -6 -64]
[233 28 -78]
[233 31 -78]
[233 7 -70]
[233 7 -72]
[233 6 -72]
[233 -16 -45]
[233 -16 -46]
[233 -15 -46]
[233 0 -70]
[233 -9 -5]
[233 -11 -5]
[233 -6 -62]
[233 -7 -60]
[233 23 -77]
[233 -14 -9]
[233 -1 -70]
[233 -2 -68]
[233 -2 -70]
[233 -2 -69]
[233 -15 -47]
[233 -15 -48]
[233 -13 -48]
[233 -8 -60]
[233 -9 -60]
[233 -4 -7]
[233 -4 -6]
[233 -5 -5]
[233 28 -77]
[233 3 3]
[233 -10 -59]
[233 -6 -63]
[233 -3 -67]
[233 -3 -68]
[233 -12 -53]
[233 -12 -52]
[233 1 2]
[233 4 -72]
[233 5 -72]
[233 -17 -42]
[233 -12 -50]
[233 -17 -43]
[233 -13 -7]
[233 -4 -67]
[233 9 -73]
[233 8 -73]
[234 -13 -50]
[234 -15 -11]
[234 -15 -9]
[234 -11 -60]
[234 -11 -59]
[234 20 -78]
[234 13 -77]
[234 15 -77]
[234 15 -76]
[234 -16 -47]
[234 -16 -48]
[234 -14 -48]
[234 -10 -58]
[234 -11 -58]
[234 -12 -57]
[234 27 -78]
[234 29 -79]
[234 -18 -42]
[234 0 -71]
[234 12 -75]
[234 -13 -53]
[234 -13 -51]
[234 5 -73]
[234 -8 -61]
[234 -10 -61]
[234 -17 -20]
[234 -16 -19]
[234 -6 -5]
[234 8 -74]
[234 10 -74]
[234 18 -78]
[234 -4 -5]
[234 -5 -4]
[234 -1 2]
[234 -4 -68]
[234 28 -79]
[234 4 -73]
[234 3 -73]
[234 -17 -46]
[234 -17 -47]
[234 6 -73]
[234 -17 -44]
[234 -17 -45]
[234 -13 -18]
[234 7 1]
[234 -2 3]
[234 -1 3]
[234 -5 -67]
[234 19 -78]
[234 21 -78]
[234 -3 -71]
[234 -13 -4]
[234 -11 -4]
[234 -13 -10]
[234 17 -78]
[234 -3 -5]
[234 16 -78]
[234 -18 -44]
[234 -3 -69]
[234 -3 -70]
[234 -7 -63]
[234 -7 -62]
[234 22 -78]
[234 23 -78]
[234 8 -72]
[234 7 -74]
[234 7 -73]
[234 -12 -55]
[234 -11 -54]
[234 -8 -4]
[234 -10 -4]
[234 -5 -66]
[234 -14 -7]
[234 -14 -6]
[234 -13 -6]
[234 -13 -52]
[234 -3 0]
[234 -1 -71]
[234 -2 -71]
[234 -16 -49]
[234 2 3]
[234 -7 -64]
[234 -7 -65]
[234 -10 -5]
[234 -12 -4]
[234 -14 -49]
[235 21 -79]
[235 19 -79]
[235 -12 -58]
[235 -17 -50]
[235 -17 -49]
[235 -15 -49]
[235 -17 -48]
[235 6 -74]
[235 5 -74]
[235 -14 -52]
[235 -12 -51]
[235 -14 -51]
[235 -14 -53]
[235 -8 -65]
[235 -8 -64]
[235 -3 4]
[235 -2 4]
[235 -3 2]
[235 12 -76]
[235 14 -77]
[235 12 -78]
[235 14 -78]
[235 -9 -3]
[235 -9 -4]
[235 -18 -45]
[235 15 -78]
[235 22 -79]
[235 -13 -56]
[235 -11 -56]
[235 -12 -56]
[235 -2 -4]
[235 -4 -4]
[235 27 -79]
[235 27 -80]
[235 -11 -62]
[235 -10 -62]
[235 -9 -62]
[235 -12 -3]
[235 -13 -5]
[235 -11 -3]
[235 -15 -5]
[235 -15 -7]
[235 -2 -1]
[235 -3 -1]
[235 -4 0]
[235 -4 1]
[235 -3 1]
[235 9 -75]
[235 8 -75]
[235 -6 -66]
[235 -16 -10]
[235 -11 -55]
[235 -13 -54]
[235 -13 -55]
[235 -8 -63]
[235 -8 -62]
[235 -7 -4]
[235 -17 -41]
[235 -19 -43]
[235 -15 -6]
[235 2 -73]
[235 3 -74]
[235 -12 -60]
[235 -12 -59]
[235 -12 -61]
[235 1 -72]
[235 -16 -9]
[235 -15 -8]
[235 -3 -72]
[235 -4 -71]
[235 -14 -50]
[235 17 -79]
[235 -13 -3]
[235 -14 -4]
[235 -14 -5]
[235 -18 -43]
[235 7 2]
[235 -7 -66]
[235 -8 -66]
[235 -18 -46]
[235 -9 -61]
[235 -13 -49]
[235 -15 -50]
[235 -1 -72]
[235 10 -73]
[235 10 -75]
[235 -5 -69]
[235 -7 -3]
[235 -18 -47]
[235 -4 -69]
[235 -10 -3]
[235 -14 -54]
[235 26 -79]
[235 26 -77]
[236 -16 -7]
[236 -14 -8]
[236 11 -75]
[236 11 -76]
[236 10 -76]
[236 -15 -54]
[236 -15 -52]
[236 -15 -53]
[236 -19 -45]
[236 27 -81]
[236 11 -77]
[236 -14 -56]
[236 -14 -55]
[236 -1 -73]
[236 -4 3]
[236 11 -79]
[236 13 -79]
[236 -16 -51]
[236 -15 -51]
[236 -18 -49]
[236 -5 -70]
[236 -13 -59]
[236 -9 -64]
[236 -8 -2]
[236 -4 -2]
[236 -3 -2]
[236 -9 -2]
[236 -8 -3]
[236 -3 -3]
[236 -4 -3]
[236 15 -79]
[236 -4 -70]
[236 -5 -72]
[236 -19 -48]
[236 -4 -73]
[236 20 -79]
[236 -9 -63]
[236 -4 4]
[236 -3 3]
[236 -2 5]
[236 -11 -2]
[236 -13 -2]
[236 -5 0]
[236 -5 1]
[236 -4 2]
[236 6 -75]
[236 5 -75]
[236 4 -75]
[236 7 -75]
[236 -13 -60]
[236 -13 -61]
[236 -15 -4]
[236 -15 -3]
[236 -14 -3]
[236 2 -74]
[236 2 -75]
[236 3 -75]
[236 4 -74]
[236 -7 -67]
[236 -20 -44]
[236 -10 -60]
[236 -6 -67]
[236 -15 -55]
[236 -6 -4]
[236 14 -79]
[236 1 -73]
[236 -6 -70]
[236 -6 -68]
[236 -5 -68]
[236 -13 -57]
[236 -16 -8]
[236 -12 -2]
[236 -10 -2]
[236 26 -78]
[236 25 -76]
[236 25 -77]
[236 25 -78]
[236 18 -79]
[236 16 -80]
[236 16 -79]
[236 -19 -46]
[236 9 -74]
[236 8 -76]
[236 -9 -65]
[236 -8 -67]
[236 -9 -67]
[236 -12 -62]
[236 -11 -63]
[236 -11 -61]
[236 -10 -63]
[236 25 -79]
[236 -13 -62]
[236 9 -76]
[236 7 -76]
[236 -16 -50]
[236 -18 -48]
[237 15 -80]
[237 15 -81]
[237 -6 -69]
[237 11 -78]
[237 -16 -54]
[237 -15 -56]
[237 -9 -1]
[237 -7 -68]
[237 -8 -68]
[237 -19 -49]
[237 -4 -74]
[237 -5 -74]
[237 -4 -72]
[237 -3 -74]
[237 -3 -73]
[237 -5 -73]
[237 -6 -71]
[237 -3 -4]
[237 -2 -3]
[237 -14 -57]
[237 -14 -58]
[237 -14 -2]
[237 -16 -2]
[237 -15 -2]
[237 -4 -1]
[237 -2 -2]
[237 -11 -64]
[237 -10 -64]
[237 -16 -55]
[237 -11 -1]
[237 -10 -1]
[237 -6 -72]
[237 -5 -71]
[237 -16 -53]
[237 0 -74]
[237 1 -74]
[237 -5 -1]
[237 -5 -2]
[237 24 -77]
[237 24 -78]
[237 -12 -1]
[237 9 -77]
[237 -2 -74]
[237 0 -72]
[237 -7 -71]
[237 -7 -70]
[237 -16 -4]
[237 -6 -1]
[237 -10 -68]
[237 -10 -66]
[237 -10 -67]
[237 6 -76]
[237 4 -76]
[237 5 -76]
[237 3 -76]
[237 -17 -8]
[237 -17 -7]
[237 12 -77]
[237 -14 -62]
[237 -14 -61]
[237 -14 -63]
[237 -21 -45]
[237 -5 4]
[237 -14 -60]
[237 -14 -59]
[237 -13 -58]
[237 -5 2]
[237 -2 6]
[237 -18 -50]
[237 -5 3]
[237 28 -80]
[237 -8 -1]
[237 -16 -52]
[237 -17 -52]
[237 10 -79]
[237 11 -80]
[237 12 -80]
[237 10 -80]
[237 2 -76]
[237 -17 -51]
[237 -7 -2]
[237 13 -78]
[237 14 -80]
[237 -10 -65]
[237 -20 -48]
[237 12 -79]
[237 26 -80]
[237 -13 -63]
[237 1 -75]
[237 1 -76]
[237 -19 -44]
[237 -5 -3]
[238 -7 -69]
[238 -16 -57]
[238 -15 -57]
[238 -2 7]
[238 -3 7]
[238 -10 0]
[238 -11 0]
[238 -17 -1]
[238 -15 -1]
[238 10 -78]
[238 9 -78]
[238 9 -79]
[238 -20 -45]
[238 -12 -64]
[238 -6 4]
[238 13 -80]
[238 -6 -2]
[238 -6 -3]
[238 -7 -1]
[238 -7 0]
[238 -15 -58]
[238 -20 -47]
[238 -21 -47]
[238 -20 -49]
[238 -16 -6]
[238 -14 -1]
[238 -13 -1]
[238 9 -80]
[238 -17 -54]
[238 -17 -53]
[238 -17 -56]
[238 -16 -56]
[238 -17 -55]
[238 4 -77]
[238 5 -77]
[238 -8 -69]
[238 -9 -69]
[238 -11 -67]
[238 -9 -66]
[238 -11 -65]
[238 -19 -50]
[238 -18 -51]
[238 -6 0]
[238 -11 -68]
[238 -18 -52]
[238 -12 -63]
[238 -15 -60]
[238 2 -77]
[238 1 -77]
[238 3 -77]
[238 -6 -75]
[238 -6 -73]
[238 -6 -74]
[238 -2 -75]
[238 -2 -73]
[238 -3 -75]
[238 -1 -74]
[238 -17 -4]
[238 -17 -3]
[238 -17 -5]
[238 -8 -71]
[238 -8 -70]
[238 -8 -72]
[238 -20 -50]
[238 0 -76]
[238 0 -77]
[238 6 -77]
[238 12 -81]
[238 11 -81]
[238 -15 -62]
[238 -15 -61]
[238 -4 -75]
[238 0 -73]
[238 -8 0]
[238 -9 0]
[238 -21 -44]
[238 -20 -46]
[238 -15 -64]
[238 -14 -64]
[238 1 -71]
[238 -6 1]
[238 -6 3]
[238 -16 -1]
[238 14 -81]
[238 14 -82]
[238 -5 -75]
[238 10 -81]
[238 -18 -7]
[238 -15 -59]
[238 -6 5]
[238 -5 5]
[239 -12 -69]
[239 -11 -69]
[239 -12 -68]
[239 -12 -67]
[239 3 -78]
[239 -21 -48]
[239 -21 -46]
[239 5 -78]
[239 6 -78]
[239 8 -78]
[239 8 -80]
[239 8 -79]
[239 2 -78]
[239 -7 1]
[239 -9 -71]
[239 -7 -72]
[239 -9 -72]
[239 -4 -76]
[239 -14 0]
[239 -13 -64]
[239 -9 -70]
[239 -10 -70]
[239 10 -77]
[239 -7 -76]
[239 -7 -75]
[239 -7 -74]
[239 -5 -76]
[239 -16 -60]
[239 -16 -58]
[239 -20 -51]
[239 -19 -51]
[239 -18 -55]
[239 -18 -56]
[239 -7 5]
[239 -18 -4]
[239 -19 -52]
[239 0 -78]
[239 -1 -78]
[239 -10 1]
[239 -20 -43]
[239 -21 -43]
[239 -16 0]
[239 -18 0]
[239 -19 -47]
[239 13 -81]
[239 -16 -3]
[239 -13 0]
[239 -12 0]
[239 1 -78]
[239 -16 -61]
[239 -16 -62]
[239 -15 -63]
[239 15 -82]
[239 0 -75]
[239 -1 -75]
[239 -21 -51]
[239 -21 -49]
[239 -4 6]
[239 4 -78]
[239 -6 2]
[239 -7 2]
[239 -4 7]
[239 -4 8]
[239 12 -82]
[239 10 -82]
[239 -2 -76]
[239 -7 4]
[239 -7 3]
[239 -6 -76]
[239 -5 6]
[239 -7 6]
[239 9 -81]
[239 8 -81]
[239 13 -83]
[239 11 -82]
[239 -2 8]
[239 -3 8]
[239 -7 -73]
[239 -15 0]
[239 2 -72]
[239 -18 -3]
[239 -17 -58]
[239 -9 -73]
[239 -8 -73]
[239 13 -82]
[239 -12 1]
[239 -16 -5]
[239 -2 -72]
[239 -19 -53]
[240 -22 -44]
[240 -22 -43]
[240 12 -83]
[240 14 -83]
[240 12 -84]
[240 7 -80]
[240 7 -79]
[240 7 -81]
[240 -3 6]
[240 -5 8]
[240 -5 7]
[240 -8 4]
[240 -8 6]
[240 -19 -5]
[240 9 -82]
[240 -10 -71]
[240 -18 -53]
[240 -20 -52]
[240 -12 2]
[240 -11 1]
[240 -13 1]
[240 -17 -59]
[240 -17 -61]
[240 -14 1]
[240 -10 -72]
[240 -10 -73]
[240 -20 -53]
[240 -8 5]
[240 -6 7]
[240 -6 6]
[240 5 -79]
[240 4 -79]
[240 -17 -2]
[240 -8 -74]
[240 -8 -76]
[240 -8 -77]
[240 -6 -77]
[240 7 -78]
[240 3 -79]
[240 -10 2]
[240 -11 2]
[240 -1 -79]
[240 -1 -77]
[240 0 -79]
[240 -8 3]
[240 11 -83]
[240 -11 -70]
[240 -16 -64]
[240 -8 1]
[240 -17 -6]
[240 -17 1]
[240 -2 9]
[240 6 -79]
[240 -17 -57]
[240 -5 -77]
[240 -4 -77]
[240 -7 -77]
[240 -4 9]
[240 -21 -52]
[240 -21 -50]
[240 -11 -71]
[240 -10 -69]
[240 7 -77]
[240 -17 0]
[240 -15 1]
[240 -12 -70]
[240 8 -82]
[240 -21 -42]
[240 -9 -74]
[240 -22 -52]
[240 -22 -51]
[240 -22 -48]
[240 -16 -59]
[240 -18 -57]
[240 -3 -76]
[240 -10 -74]
[240 -8 2]
[240 -17 -62]
[240 -19 -55]
[240 -18 -54]
[240 -19 -56]
[240 -4 5]
[240 -2 -79]
[240 -2 -78]
[240 -3 5]
[241 -20 -55]
[241 -20 -56]
[241 -23 -42]
[241 -22 -42]
[241 -1 -80]
[241 -3 -79]
[241 -3 -78]
[241 -18 -60]
[241 -17 -60]
[241 -18 -59]
[241 -19 -54]
[241 -6 -78]
[241 -10 -75]
[241 -9 -75]
[241 -11 -74]
[241 -11 -73]
[241 -11 -72]
[241 -12 -71]
[241 -18 -58]
[241 -19 -57]
[241 6 -80]
[241 5 -80]
[241 -8 -75]
[241 -7 -78]
[241 6 -81]
[241 -23 -51]
[241 -23 -52]
[241 9 -83]
[241 10 -83]
[241 8 -83]
[241 -20 -57]
[241 -9 3]
[241 7 -83]
[241 -9 6]
[241 -5 -78]
[241 -19 -4]
[241 -20 -5]
[241 -21 -53]
[241 -2 -77]
[241 -13 2]
[241 -1 -76]
[241 -18 -62]
[241 -18 -61]
[241 7 -82]
[241 8 -77]
[241 -17 -64]
[241 0 -80]
[241 -23 -45]
[241 -22 -45]
[241 -23 -44]
[241 -23 -43]
[241 3 -80]
[241 -2 10]
[241 -3 10]
[241 -3 9]
[241 -16 1]
[241 -23 -49]
[241 -22 -49]
[241 -16 2]
[241 11 -84]
[241 1 -80]
[241 -9 -77]
[241 -3 -77]
[241 -4 -78]
[241 12 -85]
[241 2 -79]
[241 2 -80]
[241 -11 3]
[241 -5 10]
[241 -4 10]
[241 -7 8]
[241 -6 8]
[241 -13 3]
[241 -5 9]
[241 -6 9]
[241 10 -84]
[241 -9 4]
[241 -9 2]
[242 -12 4]
[242 -4 -79]
[242 -5 -79]
[242 -6 -79]
[242 4 -81]
[242 8 -84]
[242 7 -84]
[242 -10 3]
[242 -21 -4]
[242 -21 -6]
[242 6 -82]
[242 5 -82]
[242 5 -81]
[242 -6 10]
[242 -7 -79]
[242 -20 -54]
[242 -21 -54]
[242 -10 5]
[242 -9 -76]
[242 -10 -76]
[242 -20 -58]
[242 -19 -58]
[242 -19 -63]
[242 -4 11]
[242 -17 3]
[242 -15 3]
[242 -17 2]
[242 -15 2]
[242 11 -85]
[242 10 -85]
[242 -19 -60]
[242 -9 7]
[242 0 -81]
[242 -16 -63]
[242 -18 -63]
[242 -24 -43]
[242 -24 -42]
[242 -21 -56]
[242 -21 -57]
[242 -12 -72]
[242 -12 -74]
[242 3 -81]
[242 2 -81]
[242 1 -81]
[242 -23 -46]
[242 -24 -45]
[242 -20 -4]
[242 -20 -3]
[242 -24 -52]
[242 -24 -51]
[242 -12 -73]
[242 -12 -75]
[242 -24 -44]
[242 -22 -50]
[242 -24 -50]
[242 -23 -48]
[242 -14 2]
[242 -3 -80]
[242 -4 -80]
[242 -2 -80]
[242 -8 8]
[242 -19 -59]
[242 -10 4]
[242 -14 3]
[242 1 -79]
[242 -24 -48]
[242 6 -83]
[242 11 -86]
[242 -9 -78]
[242 -19 -62]
[242 -19 -61]
[242 -11 -75]
[242 -8 -78]
[242 -8 -79]
[243 4 -82]
[243 3 -82]
[243 2 -82]
[243 -25 -51]
[243 -23 -53]
[243 -25 -52]
[243 -25 -53]
[243 4 -80]
[243 -21 -55]
[243 -24 -49]
[243 -25 -45]
[243 -25 -44]
[243 -17 4]
[243 -11 -76]
[243 -21 -3]
[243 -19 -3]
[243 -9 -79]
[243 -11 4]
[243 -23 -50]
[243 -11 -77]
[243 -1 -81]
[243 -21 -58]
[243 -21 -59]
[243 -9 8]
[243 -8 7]
[243 -5 -80]
[243 -22 -55]
[243 -22 -53]
[243 -6 -80]
[243 -7 11]
[243 5 -83]
[243 7 -85]
[243 -3 -81]
[243 -18 -64]
[243 -17 -63]
[243 -22 -57]
[243 -20 -62]
[243 6 -84]
[243 -16 3]
[243 -15 4]
[243 -13 -72]
[243 -13 -73]
[243 -10 -77]
[243 -9 -80]
[243 -8 -80]
[243 -25 -43]
[243 -20 -60]
[243 -10 -78]
[243 -20 -59]
[243 -25 -42]
[243 -7 7]
[243 -9 9]
[243 -8 9]
[243 -19 -64]
[243 -20 -63]
[243 -9 5]
[243 -20 -61]
[243 -18 1]
[243 -22 -5]
[243 -22 -6]
[243 -4 12]
[243 -5 12]
[244 -12 -77]
[244 -6 11]
[244 -6 12]
[244 -8 12]
[244 -8 10]
[244 3 -83]
[244 -21 -62]
[244 -21 -63]
[244 -5 13]
[244 2 -83]
[244 4 -83]
[244 -16 4]
[244 -9 10]
[244 -7 9]
[244 -7 10]
[244 -21 -61]
[244 5 -84]
[244 5 -85]
[244 -4 -81]
[244 -22 -60]
[244 -22 -58]
[244 -21 -60]
[244 -5 11]
[244 -3 13]
[244 -4 13]
[244 -7 -80]
[244 -8 -81]
[244 -24 -53]
[244 -22 -54]
[244 -24 -54]
[244 -18 -65]
[244 -23 -6]
[244 -10 -79]
[244 -10 -80]
[244 -26 -44]
[244 -26 -53]
[244 -26 -52]
[244 4 -84]
[244 -19 -65]
[244 -20 -64]
[244 -26 -51]
[244 -25 -50]
[244 -23 -54]
[244 -23 -55]
[244 -26 -42]
[244 -22 -4]
[244 -22 -2]
[244 -25 -54]
[244 -22 -56]
[244 -23 -58]
[244 -23 -57]
[244 -23 -56]
[244 -1 -82]
[244 -2 -81]
[244 0 -82]
[244 -22 -59]
[244 7 -86]
[245 -6 -81]
[245 -23 -59]
[245 -24 -57]
[245 -25 -49]
[245 -26 -50]
[245 -3 12]
[245 -3 14]
[245 -25 -55]
[245 -17 -65]
[245 -24 -56]
[245 -20 -65]
[245 -21 -65]
[245 -21 -64]
[245 -8 11]
[245 -7 13]
[245 -7 12]
[245 -22 -62]
[245 -22 -61]
[245 -24 -55]
[245 4 -85]
[245 6 -85]
[245 6 -86]
[245 6 -87]
[245 -6 13]
[245 3 -84]
[245 3 -85]
[245 -27 -54]
[245 -27 -53]
[245 4 -86]
[245 -22 -63]
[245 -3 -82]
[245 -5 -82]
[245 -5 -81]
[245 -22 -7]
[245 -23 -7]
[245 -24 -5]
[245 -23 -5]
[245 -27 -51]
[245 -27 -44]
[245 -27 -45]
[245 -26 -43]
[245 -27 -43]
[245 -26 -54]
[245 -26 -55]
[245 1 -82]
[245 0 -83]
[245 -23 -3]
[245 -7 -82]
[245 -8 -82]
[245 -9 -82]
[245 -27 -52]
[245 -23 -60]
[245 -11 -80]
[245 -11 -79]
[245 -23 -1]
[245 -22 -3]
[245 -21 -1]
[245 -11 -78]
[245 -2 12]
[245 1 -84]
[245 1 -83]
[245 -2 -83]
[245 2 -84]
[246 -22 -8]
[246 -24 -2]
[246 -24 -3]
[246 -1 -84]
[246 -3 -84]
[246 -1 -83]
[246 -2 -82]
[246 -6 -82]
[246 -6 -83]
[246 -23 -2]
[246 -23 -4]
[246 7 -88]
[246 5 -87]
[246 6 -88]
[246 -22 -64]
[246 5 -86]
[246 -27 -50]
[246 -12 -80]
[246 -11 -81]
[246 -12 -81]
[246 -28 -55]
[246 -27 -55]
[246 -26 -49]
[246 -24 -7]
[246 -23 -8]
[246 -26 -56]
[246 -10 -83]
[246 -8 -83]
[246 -10 -81]
[246 -4 14]
[246 -28 -52]
[246 -28 -51]
[246 -28 -53]
[246 0 -84]
[246 -6 14]
[246 -5 14]
[246 -25 -56]
[246 -25 -57]
[246 -24 -6]
[246 -24 -4]
[246 -25 -4]
[246 -12 -78]
[246 0 -85]
[246 -7 -81]
[246 -9 -81]
[246 2 -86]
[246 -28 -45]
[246 -26 -45]
[246 -28 -44]
[246 -28 -46]
[246 -27 -49]
[246 -23 -61]
[246 -22 -1]
[246 -4 -82]
[246 -4 -83]
[246 1 -85]
[246 -24 0]
[246 4 -87]
[246 3 -87]
[246 -5 -83]
[247 -7 -83]
[247 -29 -43]
[247 -29 -45]
[247 -6 -84]
[247 -7 -84]
[247 -5 -84]
[247 -29 -51]
[247 -27 -48]
[247 -28 -50]
[247 -28 -49]
[247 -28 -56]
[247 -29 -56]
[247 -27 -56]
[247 -11 -82]
[247 -25 -2]
[247 -25 -3]
[247 -25 -7]
[247 -3 -83]
[247 -24 -8]
[247 -25 -8]
[247 -2 -85]
[247 -2 -84]
[247 -4 -85]
[247 -4 -84]
[247 -13 -81]
[247 -13 -82]
[247 -9 -83]
[247 -9 -84]
[247 -8 -84]
[247 -26 -58]
[247 -26 -57]
[247 -28 -47]
[247 -29 -47]
[247 -29 -46]
[247 -29 -44]
[247 5 -88]
[247 -10 -82]
[247 -11 -83]
[247 -11 -84]
[247 -10 -84]
[247 7 -89]
[247 2 -85]
[247 1 -86]
[247 -1 -86]
[247 -29 -53]
[247 -29 -52]
[247 -29 -54]
[247 -24 -1]
[247 -25 -5]
[247 -26 -5]
[247 -26 -3]
[247 -1 -85]
[247 -21 -7]
[247 -23 -9]
[247 -22 -9]
[247 -25 0]
[247 -25 1]
[247 2 -88]
[247 3 -86]
[247 7 -87]
[247 -28 -54]
[247 -12 -82]
[248 -30 -47]
[248 -30 -46]
[248 -28 -48]
[248 -26 -6]
[248 -27 -5]
[248 -25 -6]
[248 -7 -85]
[248 -29 -48]
[248 -29 -49]
[248 -5 -85]
[248 -27 -57]
[248 -8 -85]
[248 -9 -85]
[248 -10 -85]
[248 -27 -58]
[248 -26 -4]
[248 -27 -4]
[248 -27 -3]
[248 -29 -55]
[248 -24 1]
[248 -24 2]
[248 -3 -86]
[248 -4 -86]
[248 -20 -6]
[248 7 -90]
[248 8 -90]
[248 -1 -87]
[248 0 -86]
[248 -23 -10]
[248 -24 -10]
[248 -24 -9]
[248 -30 -42]
[248 -30 -43]
[248 -28 -42]
[248 -29 -42]
[248 -30 -48]
[248 -28 -57]
[248 -29 -57]
[248 -25 -9]
[248 -30 -44]
[248 -28 -43]
[248 -30 -45]
[248 -26 -7]
[248 -26 -9]
[248 -30 -53]
[248 -30 -51]
[248 1 -87]
[248 2 -89]
[248 2 -87]
[248 1 -88]
[248 1 -89]
[248 0 -87]
[248 -3 -85]
[248 -30 -52]
[248 -6 -85]
[248 -12 -84]
[248 -11 -85]
[248 -12 -85]
[248 -12 -83]
[248 -25 -1]
[248 -26 -8]
[248 -30 -57]
[249 -29 -50]
[249 -31 -52]
[249 -23 1]
[249 -23 2]
[249 0 -88]
[249 -31 -42]
[249 -31 -43]
[249 -6 -86]
[249 -5 -86]
[249 -31 -46]
[249 -31 -47]
[249 8 -89]
[249 6 -90]
[249 -27 -42]
[249 -27 -7]
[249 -31 -48]
[249 -24 -11]
[249 -31 -45]
[249 -2 -86]
[249 -4 -87]
[249 0 -89]
[249 -13 -84]
[249 -30 -56]
[249 -30 -54]
[249 -31 -44]
[249 1 -90]
[249 -25 -11]
[249 -25 -10]
[249 -13 -85]
[249 -30 -58]
[249 -31 -58]
[249 -21 -5]
[249 -1 -88]
[249 -27 -8]
[249 -27 -10]
[249 -26 -2]
[249 -5 -87]
[249 -24 3]
[249 -23 3]
[249 -25 2]
[249 -28 -2]
[249 -28 -3]
[249 -10 -86]
[249 -12 -86]
[249 -28 -58]
[249 -29 -58]
[249 -13 -83]
[249 -31 -49]
[249 -7 -86]
[249 -2 -87]
[249 -30 -50]
[249 -9 -86]
[249 -28 -5]
[249 -31 -51]
[249 -31 -53]
[249 -27 -6]
[250 -29 -6]
[250 -29 -5]
[250 -28 -4]
[250 -26 -11]
[250 -28 -9]
[250 -27 -9]
[250 -28 -10]
[250 -31 -57]
[250 0 -91]
[250 0 -90]
[250 -26 -10]
[250 -31 -50]
[250 -8 -86]
[250 -13 -86]
[250 -14 -86]
[250 -14 -84]
[250 -5 -88]
[250 -3 -87]
[250 -3 -88]
[250 6 -91]
[250 5 -90]
[250 -22 1]
[250 -32 -47]
[250 -6 -87]
[250 -6 -88]
[250 -28 -6]
[250 -28 -7]
[250 -32 -50]
[250 -1 -89]
[250 -32 -45]
[250 -32 -44]
[250 -11 -87]
[250 -9 -87]
[250 -11 -86]
[250 -31 -54]
[250 -31 -55]
[250 -30 -55]
[250 -27 -2]
[250 -29 -3]
[250 -28 -8]
[250 -24 4]
[250 -25 -12]
[250 -26 -12]
[250 -24 -12]
[250 -13 -87]
[250 -32 -42]
[250 -32 -43]
[250 -7 -87]
[250 -32 -49]
[250 -30 -49]
[250 -32 -52]
[250 -32 -53]
[250 -26 -1]
[250 -29 -2]
[250 -27 -1]
[250 -22 3]
[250 -22 2]
[250 -29 -59]
[250 -26 3]
[250 -26 1]
[251 -31 -56]
[251 -28 0]
[251 -33 -43]
[251 -33 -44]
[251 -33 -45]
[251 -28 -11]
[251 -29 -10]
[251 -29 -11]
[251 -12 -88]
[251 -1 -90]
[251 -2 -90]
[251 -21 2]
[251 -21 1]
[251 -29 -9]
[251 -29 -8]
[251 -24 -13]
[251 -25 -13]
[251 -15 -85]
[251 -14 -85]
[251 -30 -3]
[251 -30 -1]
[251 -2 -88]
[251 -15 -87]
[251 -15 -86]
[251 -32 -54]
[251 -14 -87]
[251 -12 -87]
[251 -33 -51]
[251 -32 -51]
[251 -33 -53]
[251 -33 -52]
[251 -21 3]
[251 -5 -89]
[251 -7 -89]
[251 -7 -88]
[251 -33 -46]
[251 -30 -5]
[251 -30 -6]
[251 -27 0]
[251 -33 -49]
[251 -32 -48]
[251 -33 -50]
[251 -33 -48]
[251 -10 -88]
[251 -9 -88]
[251 -11 -88]
[251 -10 -87]
[251 -1 -91]
[251 -2 -89]
[251 -4 -88]
[251 -26 -13]
[251 -27 -13]
[251 -27 -12]
[251 -27 -11]
[251 -25 3]
[251 -25 4]
[251 -24 5]
[251 -8 -87]
[251 -27 2]
[251 -26 2]
[251 -33 -47]
[251 -29 -7]
[251 -22 4]
[251 -26 0]
[251 -30 -7]
[251 -4 -89]
[251 -6 -89]
[252 -3 -89]
[252 -28 -12]
[252 -28 -13]
[252 -15 -84]
[252 -16 -85]
[252 -26 -14]
[252 -25 -14]
[252 -34 -51]
[252 -3 -90]
[252 -5 -90]
[252 -8 -88]
[252 -30 -12]
[252 -30 -11]
[252 -30 -10]
[252 -31 -6]
[252 -31 -7]
[252 -31 -5]
[252 -29 -12]
[252 -31 -3]
[252 -2 -91]
[252 -34 -46]
[252 -29 1]
[252 -28 1]
[252 -6 -90]
[252 -34 -45]
[252 -34 -49]
[252 -30 -9]
[252 -20 2]
[252 -23 5]
[252 -25 6]
[252 -8 -90]
[252 -22 5]
[252 -23 4]
[252 -21 5]
[252 -27 -14]
[252 -31 -1]
[252 -30 -2]
[252 -31 0]
[252 -29 -1]
[252 -20 3]
[252 -26 4]
[252 -14 -88]
[252 -13 -88]
[252 -10 -89]
[252 -8 -89]
[252 -27 3]
[252 -28 2]
[252 -9 -89]
[252 -27 1]
[252 -25 5]
[252 -11 -89]
[253 -7 -90]
[253 -7 -91]
[253 -32 -2]
[253 -30 0]
[253 -3 -91]
[253 -13 -89]
[253 -12 -89]
[253 -14 -89]
[253 -29 2]
[253 -28 3]
[253 -9 -90]
[253 -30 -13]
[253 -32 -7]
[253 -32 -5]
[253 -14 -83]
[253 -16 -84]
[253 -15 -83]
[253 -32 -3]
[253 -12 -90]
[253 -29 -13]
[253 -29 -14]
[253 -20 5]
[253 -20 4]
[253 -20 6]
[253 -21 6]
[253 -22 6]
[253 -21 4]
[253 -30 2]
[253 -17 -84]
[253 -23 6]
[253 -5 -91]
[253 -4 -90]
[253 -32 -6]
[253 -34 -50]
[253 -31 -9]
[253 -31 -10]
[253 -15 -89]
[253 -2 -92]
[253 -3 -92]
[253 -30 -8]
[253 -27 -15]
[253 -31 -13]
[253 -32 -8]
[253 -26 6]
[253 -24 6]
[253 -26 -15]
[253 -25 -15]
[253 -11 -90]
[253 -10 -90]
[253 -32 0]
[253 -28 4]
[253 -27 4]
[253 -31 -12]
[254 -30 1]
[254 -28 5]
[254 -27 5]
[254 -13 -90]
[254 -4 -92]
[254 -3 -93]
[254 -4 -91]
[254 -14 -90]
[254 -18 -83]
[254 -33 -1]
[254 -33 -3]
[254 -9 -91]
[254 -10 -91]
[254 -26 -16]
[254 -25 -16]
[254 -24 7]
[254 -21 7]
[254 -22 7]
[254 -20 7]
[254 -26 5]
[254 -27 6]
[254 -31 -14]
[254 -33 -4]
[254 -28 -14]
[254 -30 -14]
[254 -12 -91]
[254 -33 -7]
[254 -33 -9]
[254 -25 7]
[254 -13 -91]
[254 -11 -91]
[254 -6 -91]
[254 -8 -92]
[254 -33 -8]
[254 -31 -8]
[254 -33 1]
[254 -32 -1]
[254 -31 -11]
[254 -16 -90]
[254 -32 -10]
[254 -23 7]
[254 -33 -5]
[254 -33 -6]
[254 -5 -92]
[254 -32 -12]
[254 -32 -13]
[254 -32 -11]
[254 -27 -16]
[254 -28 -15]
[255 -9 -92]
[255 -34 0]
[255 -32 2]
[255 -34 1]
[255 -33 2]
[255 -34 2]
[255 -29 0]
[255 -6 -93]
[255 -6 -92]
[255 -30 -15]
[255 -29 -15]
[255 -31 -15]
[255 -15 -91]
[255 -15 -90]
[255 -14 -91]
[255 -26 -17]
[255 -32 -4]
[255 -34 -6]
[255 -33 -13]
[255 -33 -12]
[255 -33 0]
[255 -34 -1]
[255 -4 -93]
[255 -21 8]
[255 -19 8]
[255 -33 -2]
[255 -34 -3]
[255 -34 -2]
[255 -32 -14]
[255 -32 -9]
[255 -34 -8]
[255 -34 -10]
[255 -33 -10]
[255 -26 8]
[255 -26 7]
[255 -34 -4]
[255 -25 -17]
[255 -27 -17]
[255 -16 -91]
[255 -7 -92]
[255 -11 -92]
[255 -10 -92]
[255 -32 -15]
[255 -34 -7]
[255 -24 8]
[255 -25 8]
[255 -22 8]
[255 -18 -82]
[255 -19 -82]
[255 -18 -84]
[255 -28 -17]
[255 -8 -91]
[255 -7 -93]
[255 -34 -9]
[255 -13 -92]
[255 -29 -16]
[255 -28 -16]
[256 -15 -92]
[256 -19 9]
[256 -20 8]
[256 -25 9]
[256 -6 -94]
[256 -20 9]
[256 -21 9]
[256 -29 -17]
[256 -10 -93]
[256 -11 -93]
[256 -35 -7]
[256 -35 -8]
[256 -19 -83]
[256 -33 -15]
[256 -32 -16]
[256 -33 -14]
[256 -33 -16]
[256 -35 -4]
[256 -29 -18]
[256 -7 -94]
[256 -14 -92]
[256 -23 9]
[256 -27 7]
[256 -34 -11]
[256 -33 -11]
[256 -26 -18]
[256 -27 -18]
[256 -25 -18]
[256 -28 -18]
[256 -24 -18]
[256 -32 1]
[256 -35 0]
[256 -35 -1]
[256 -31 -16]
[256 -34 -14]
[256 -34 -13]
[256 -35 -9]
[256 -35 -2]
[256 -35 -3]
[256 -5 -93]
[256 -27 8]
[256 -35 3]
[256 -35 1]
[256 -32 3]
[256 -33 3]
[256 -9 -93]
[256 -30 -17]
[256 -34 -12]
[257 -36 -9]
[257 -36 -8]
[257 -32 4]
[257 -33 4]
[257 -30 -16]
[257 -30 -18]
[257 -29 -19]
[257 -24 -19]
[257 -25 -19]
[257 -26 -19]
[257 -28 -19]
[257 -35 -14]
[257 -27 -19]
[257 -36 -2]
[257 -36 -1]
[257 -36 -3]
[257 -22 10]
[257 -21 10]
[257 -32 -17]
[257 -33 -17]
[257 -34 -17]
[257 -34 4]
[257 -14 -93]
[257 -19 10]
[257 -34 -15]
[257 -35 -13]
[257 -35 -5]
[257 -34 -5]
[257 -36 -5]
[257 -31 -18]
[257 -35 -10]
[257 -35 -11]
[257 -10 -94]
[257 -11 -94]
[257 -35 -6]
[257 -36 -6]
[257 -31 -17]
[257 -35 -12]
[257 -26 9]
[257 -22 9]
[257 -8 -93]
[257 -35 4]
[257 -35 2]
[257 -36 4]
[257 -15 -93]
[257 -36 0]
[257 -25 10]
[257 -24 10]
[257 -24 9]
[257 -36 2]
[257 -36 1]
[258 -36 -13]
[258 -36 -14]
[258 -29 -20]
[258 -36 3]
[258 -37 3]
[258 -9 -94]
[258 -35 -16]
[258 -37 -6]
[258 -37 -5]
[258 -25 11]
[258 -24 11]
[258 -36 -7]
[258 -37 -9]
[258 -35 -15]
[258 -26 10]
[258 -26 11]
[258 -37 1]
[258 -36 -15]
[258 -27 -20]
[258 -33 -18]
[258 -34 -18]
[258 -32 -18]
[258 -37 -1]
[258 -37 0]
[258 -19 11]
[258 -37 -3]
[258 -37 -2]
[258 -36 -11]
[258 -36 -10]
[258 -30 -19]
[258 -34 3]
[258 -36 5]
[258 -24 -20]
[258 -26 -20]
[258 -25 -20]
[258 -32 -19]
[258 -31 -19]
[258 -10 -95]
[258 -11 -95]
[258 -35 5]
[258 -34 5]
[258 -37 -10]
[259 -23 12]
[259 -25 12]
[259 -23 10]
[259 -37 -7]
[259 -38 -6]
[259 -38 -7]
[259 -36 -16]
[259 -35 -17]
[259 -37 -4]
[259 -38 -3]
[259 -38 -4]
[259 -24 12]
[259 -37 -14]
[259 -37 -13]
[259 -30 -20]
[259 -30 -21]
[259 -38 0]
[259 -38 -1]
[259 -37 4]
[259 -38 -2]
[259 -37 -15]
[259 -33 -19]
[259 -31 -20]
[259 -38 2]
[259 -38 4]
[259 -37 2]
[259 -36 -12]
[259 -37 -12]
[259 -37 -11]
[259 -26 -21]
[259 -28 -20]
[259 -8 -94]
[259 -38 -9]
[259 -38 -10]
[259 -34 -16]
[259 -34 6]
[259 -26 12]
[259 -12 -94]
[259 -10 -96]
[260 -38 -14]
[260 -39 1]
[260 -38 1]
[260 -39 -1]
[260 -39 0]
[260 -39 -8]
[260 -39 -9]
[260 -24 13]
[260 -22 13]
[260 -23 13]
[260 -22 11]
[260 -38 5]
[260 -23 11]
[260 -25 13]
[260 -38 -8]
[260 -35 -18]
[260 -36 -17]
[260 -9 -95]
[260 -29 -21]
[260 -39 -3]
[260 -39 -2]
[260 -10 -97]
[260 -38 -12]
[260 -38 -11]
[260 -39 -7]
[260 -37 -8]
[260 -38 -13]
[260 -37 -16]
[260 -38 3]
[260 -27 -21]
[260 -38 -15]
[260 -33 -20]
[260 -34 -19]
[260 -34 -20]
[260 -29 -22]
[260 -39 2]
[260 -39 -11]
[260 -39 -10]
[260 -38 -5]
[260 -32 -20]
[260 -32 -21]
[261 -39 -4]
[261 -39 4]
[261 -40 -3]
[261 -40 -2]
[261 -37 -17]
[261 -36 -18]
[261 -37 -18]
[261 -28 -21]
[261 -40 -8]
[261 -39 -6]
[261 -40 -6]
[261 -40 -7]
[261 -32 -22]
[261 -24 14]
[261 -40 -1]
[261 -40 0]
[261 -40 -9]
[261 -40 -10]
[261 -40 1]
[261 -40 2]
[261 -30 -22]
[261 -28 -22]
[261 -29 -23]
[261 -30 -23]
[261 -28 -23]
[261 -40 -11]
[261 -31 -21]
[261 -21 11]
[261 -34 -21]
[261 -33 -21]
[261 -22 14]
[261 -21 14]
[261 -39 -14]
[261 -11 -98]
[261 -9 -96]
[261 -10 -98]
[261 -38 -17]
[261 -35 -19]
[261 -39 -12]
[261 -40 -12]
[261 -37 6]
[261 -37 5]
[261 -23 14]
[262 -41 -9]
[262 -23 15]
[262 -41 -8]
[262 -28 -24]
[262 -27 -22]
[262 -9 -99]
[262 -9 -98]
[262 -11 -97]
[262 -10 -99]
[262 -36 7]
[262 -36 6]
[262 -38 6]
[262 -37 7]
[262 -8 -96]
[262 -9 -97]
[262 -33 -22]
[262 -33 -23]
[262 -31 -22]
[262 -32 -23]
[262 -41 -1]
[262 -39 3]
[262 -40 4]
[262 -40 3]
[262 -20 10]
[262 -41 2]
[262 -31 -23]
[262 -41 0]
[262 -41 1]
[262 -37 -19]
[262 -40 -4]
[262 -39 -5]
[262 -21 15]
[262 -22 15]
[262 -41 -2]
[262 -36 -19]
[262 -38 -18]
[262 -39 -18]
[262 -41 -11]
[262 -41 -5]
[262 -40 -13]
[263 -42 2]
[263 -42 -6]
[263 -42 -5]
[263 -8 -99]
[263 -8 -98]
[263 -42 1]
[263 -42 0]
[263 -42 -3]
[263 -35 7]
[263 -34 -24]
[263 -41 -7]
[263 -36 -20]
[263 -36 8]
[263 -39 -19]
[263 -38 -19]
[263 -41 3]
[263 -39 -17]
[263 -40 -18]
[263 -38 -20]
[263 -34 -22]
[263 -34 -23]
[263 -42 -1]
[263 -29 -24]
[263 -8 -97]
[263 -9 -100]
[263 -40 -5]
[263 -42 -11]
[263 -42 -10]
[263 -39 -13]
[263 -22 16]
[263 -35 6]
[264 -8 -100]
[264 -7 -99]
[264 -7 -98]
[264 -42 -2]
[264 -43 -2]
[264 -43 -1]
[264 -34 7]
[264 -10 -100]
[264 -9 -101]
[264 -35 -22]
[264 -35 -24]
[264 -35 -23]
[264 -41 -6]
[264 -36 -21]
[264 -35 -21]
[264 -37 -20]
[264 -39 -21]
[264 -38 -21]
[264 -41 -12]
[264 -43 -5]
[264 -43 -6]
[264 -43 0]
[264 -7 -97]
[264 -43 -4]
[264 -43 -3]
[264 -39 -20]
[264 -34 -25]
[264 -41 -18]
[264 -43 1]
[264 -43 -9]
[264 -43 -10]
[264 -41 -10]
[264 -42 -9]
[265 -11 -99]
[265 -36 -22]
[265 -44 -10]
[265 -35 -20]
[265 -37 -22]
[265 -37 -21]
[265 -39 -22]
[265 -38 -22]
[265 -44 -1]
[265 -44 -3]
[265 -41 -13]
[265 -41 -19]
[265 -42 -19]
[265 -41 -17]
[265 -40 -21]
[265 -40 -22]
[265 -40 -20]
[265 -41 -3]
[265 -44 -11]
[265 -43 -11]
[265 -44 -4]
[265 -44 -7]
[265 -43 -7]
[265 -44 -5]
[265 -44 0]
[265 -44 1]
[265 -36 -23]
[265 -36 -25]
[265 -35 -26]
[265 -7 -101]
[265 -8 -101]
[265 -42 -4]
[266 -45 -4]
[266 -45 -3]
[266 -45 -2]
[266 -44 -2]
[266 -38 -23]
[266 -39 -23]
[266 -45 -6]
[266 -45 -7]
[266 -42 -20]
[266 -44 -6]
[266 -45 -12]
[266 -45 -11]
[266 -41 -4]
[266 -35 -25]
[266 -34 -26]
[266 -37 -23]
[266 -42 -18]
[266 -40 -23]
[266 -41 -22]
[266 -43 -19]
[266 -43 -20]
[266 -42 -12]
[266 -42 -14]
[266 -36 -24]
[266 -45 -1]
[266 -45 0]
[266 -45 -5]
[266 -37 -25]
[266 -37 -24]
[266 -41 -20]
[266 -44 -12]
[266 -8 -102]
[266 -7 -102]
[266 -45 2]
[266 -44 2]
[267 -41 -21]
[267 -46 -3]
[267 -46 -2]
[267 -42 -13]
[267 -43 -15]
[267 -42 -15]
[267 -43 -13]
[267 -43 -14]
[267 -39 -24]
[267 -40 -19]
[267 -43 -17]
[267 -38 -24]
[267 -46 -7]
[267 -44 -13]
[267 -43 -12]
[267 -46 -11]
[267 -46 0]
[267 -46 -1]
[267 -46 1]
[267 -44 -19]
[267 -45 3]
[267 -46 3]
[267 -46 2]
[267 -45 1]
[267 -46 -6]
[267 -44 -21]
[268 -47 -3]
[268 -47 -2]
[268 -47 -1]
[268 -45 -13]
[268 -44 -14]
[268 -47 1]
[268 -46 -4]
[268 -41 -14]
[268 -44 -16]
[268 -44 -15]
[268 -43 -16]
[268 -47 0]
[268 -44 -20]
[268 -47 -6]
[268 -47 2]
[268 -44 -17]
[268 -45 -19]
[269 -47 -5]
[269 -48 -6]
[269 -46 -5]
[269 -47 -4]
[269 -45 -15]
[269 -45 -16]
[269 -45 -17]
[269 -48 -3]
[269 -48 -1]
[269 -45 -14]
[269 -46 -12]
[269 -46 -14]
[269 -48 0]
[269 -48 -2]
[270 -49 -1]
[270 -49 0]
[270 -49 -3]
[270 -46 -15]
[270 -47 -7]
[270 -49 -5]
[270 -48 -5]
[270 -48 -4]
[270 -47 -12]
[270 -47 -13]
[270 -46 -13]
[270 -45 -18]
[270 -47 -15]
[270 -49 -2]
[271 -50 -1]
[271 -50 -4]
[271 -50 -2]
[271 -50 -3]
[271 -48 -11]
[271 -49 -6]
[271 -48 -14]
[271 -48 -15]
[271 -47 -14]
[271 -49 -4]
[271 -50 -5]
[272 -49 -15]
[272 -49 -14]
[272 -51 -4]
[272 -51 -3]
[272 -49 -13]
[272 -48 -13]
[272 -48 -12]
[272 -51 -2]
[272 -50 -6]
[272 -51 -1]
[273 -50 -7]
[273 -50 -14]
[273 -50 -15]
[273 -49 -12]
[273 -50 -13]
[274 -49 -7]
[274 -51 -6]
[274 -50 -8]
[274 -50 -16]
[274 -51 -15]
[274 -51 -14]
[275 -51 -7]
[275 -49 -8]
[275 -51 -8]
[276 -50 -9]
[276 -48 -7]
