WORLD -121 121 -150 150 8.599638030038024 45.971120579063566 20.922061667319632 20.871909874832877
[0 -1 -40]
[0 -2 -40]
[0 -2 -39]
[0 0 -40]
[0 0 -41]
[0 0 -39]
[0 -1 -41]
[0 -2 -41]
[0 -1 -39]
[0 -3 -40]
[0 1 -39]
[0 1 -41]
[0 -3 -39]
[0 -1 -38]
[0 -2 -38]
[0 -1 -42]
[0 -2 -42]
[0 -3 -41]
[0 1 -40]
[0 1 -42]
[1 2 -43]
[1 0 -42]
[1 2 -42]
[1 -4 -40]
[1 -4 -39]
[1 -3 -38]
[1 -1 -37]
[1 0 -37]
[1 -3 -43]
[1 -1 -43]
[1 -3 -42]
[1 2 -41]
[1 2 -40]
[1 -4 -41]
[1 2 -38]
[1 1 -38]
[1 2 -39]
[1 -2 -43]
[2 1 -43]
[2 -5 -41]
[2 -5 -40]
[2 -5 -42]
[2 0 -38]
[2 1 -37]
[2 -1 -44]
[2 -3 -37]
[2 -2 -37]
[2 -4 -38]
[2 -1 -36]
[2 1 -36]
[2 -2 -36]
[2 0 -36]
[2 0 -44]
[2 0 -43]
[2 3 -44]
[2 1 -44]
[2 2 -37]
[2 -5 -38]
[2 -4 -42]
[2 -3 -44]
[2 -2 -44]
[2 -4 -44]
[2 3 -42]
[2 3 -41]
[2 -5 -39]
[2 3 -43]
[3 -4 -37]
[3 -3 -36]
[3 -4 -45]
[3 -4 -43]
[3 -6 -40]
[3 1 -35]
[3 4 -44]
[3 3 -45]
[3 2 -45]
[3 4 -43]
[3 4 -45]
[3 -5 -43]
[3 -1 -45]
[3 -2 -45]
[3 -3 -45]
[3 2 -36]
[3 -1 -35]
[3 -2 -35]
[3 0 -45]
[3 1 -45]
[3 -3 -35]
[3 4 -42]
[3 4 -41]
[3 -6 -38]
[3 2 -44]
[3 -6 -42]
[3 -5 -44]
[3 -5 -45]
[4 -2 -46]
[4 -1 -46]
[4 3 -35]
[4 2 -35]
[4 -6 -44]
[4 -6 -43]
[4 -1 -34]
[4 -2 -34]
[4 -5 -46]
[4 0 -35]
[4 -3 -46]
[4 -6 -45]
[4 5 -42]
[4 -4 -36]
[4 -4 -35]
[4 -4 -34]
[4 -3 -34]
[4 -4 -46]
[4 3 -46]
[4 2 -46]
[4 5 -41]
[4 5 -45]
[4 0 -46]
[4 5 -40]
[4 5 -43]
[4 5 -44]
[4 -6 -46]
[4 -6 -39]
[4 -5 -37]
[4 -7 -37]
[4 1 -46]
[4 -7 -42]
[5 0 -47]
[5 4 -34]
[5 4 -35]
[5 -1 -33]
[5 -3 -33]
[5 -7 -40]
[5 -7 -38]
[5 -7 -45]
[5 -5 -47]
[5 -4 -47]
[5 -2 -47]
[5 -6 -47]
[5 1 -34]
[5 6 -42]
[5 6 -43]
[5 -6 -37]
[5 -8 -37]
[5 3 -47]
[5 1 -47]
[5 -7 -44]
[5 -7 -43]
[5 2 -34]
[5 0 -34]
[5 -8 -42]
[5 -8 -41]
[5 -6 -41]
[5 -4 -33]
[5 -5 -35]
[5 6 -40]
[5 -1 -47]
[5 -3 -47]
[5 4 -46]
[5 6 -45]
[5 -7 -47]
[5 6 -39]
[5 4 -40]
[6 -1 -48]
[6 0 -48]
[6 4 -33]
[6 5 -33]
[6 7 -39]
[6 7 -40]
[6 1 -33]
[6 0 -33]
[6 2 -33]
[6 7 -46]
[6 7 -45]
[6 3 -33]
[6 3 -34]
[6 -8 -44]
[6 2 -47]
[6 2 -48]
[6 -8 -47]
[6 -7 -46]
[6 -8 -48]
[6 -8 -46]
[6 -4 -48]
[6 -2 -48]
[6 6 -41]
[6 7 -41]
[6 7 -43]
[6 -7 -39]
[6 3 -36]
[6 5 -35]
[6 -8 -45]
[6 -8 -43]
[6 -6 -35]
[6 -5 -36]
[6 -6 -36]
[6 -8 -38]
[6 -9 -36]
[6 -9 -37]
[6 -9 -42]
[6 -9 -40]
[6 -8 -40]
[6 -7 -41]
[6 3 -48]
[6 4 -47]
[6 4 -48]
[6 7 -42]
[6 0 -32]
[6 -2 -33]
[6 5 -46]
[6 -6 -48]
[6 -3 -32]
[6 -4 -32]
[6 -5 -34]
[7 -6 -34]
[7 -7 -35]
[7 -9 -39]
[7 -9 -41]
[7 -10 -39]
[7 8 -43]
[7 6 -44]
[7 8 -42]
[7 7 -44]
[7 5 -34]
[7 -1 -32]
[7 -9 -35]
[7 -10 -35]
[7 -9 -38]
[7 -8 -39]
[7 -9 -44]
[7 -2 -31]
[7 -2 -49]
[7 -3 -49]
[7 8 -40]
[7 8 -39]
[7 0 -49]
[7 8 -41]
[7 -9 -43]
[7 -10 -43]
[7 5 -47]
[7 5 -48]
[7 -6 -33]
[7 -7 -36]
[7 3 -49]
[7 4 -49]
[7 8 -47]
[7 8 -46]
[7 8 -45]
[7 6 -46]
[7 -9 -45]
[7 2 -32]
[7 3 -32]
[7 1 -49]
[7 8 -38]
[7 -9 -49]
[7 -9 -48]
[7 -7 -49]
[7 -8 -49]
[7 -7 -48]
[7 -5 -32]
[7 -4 -31]
[7 -5 -33]
[7 -5 -31]
[7 -9 -46]
[7 -5 -48]
[7 -3 -48]
[7 -4 -49]
[7 -10 -36]
[7 5 -49]
[7 0 -31]
[7 8 -44]
[7 2 -49]
[7 1 -48]
[7 -6 -49]
[7 -5 -49]
[7 6 -47]
[7 4 -32]
[8 8 -37]
[8 9 -43]
[8 -3 -50]
[8 -4 -50]
[8 -5 -50]
[8 0 -50]
[8 -9 -50]
[8 -10 -45]
[8 -10 -46]
[8 9 -44]
[8 -3 -31]
[8 2 -31]
[8 1 -32]
[8 1 -31]
[8 3 -31]
[8 6 -49]
[8 6 -48]
[8 -10 -49]
[8 -10 -48]
[8 -8 -50]
[8 -11 -35]
[8 -10 -34]
[8 -11 -34]
[8 -11 -36]
[8 7 -47]
[8 4 -50]
[8 5 -50]
[8 6 -50]
[8 -10 -42]
[8 -7 -34]
[8 -8 -34]
[8 -8 -35]
[8 7 -48]
[8 9 -47]
[8 9 -48]
[8 -7 -33]
[8 -6 -32]
[8 2 -50]
[8 -3 -30]
[8 -2 -30]
[8 -1 -30]
[8 -10 -38]
[8 -4 -30]
[8 9 -41]
[8 9 -40]
[8 -10 -37]
[8 -11 -37]
[8 -10 -44]
[8 4 -31]
[8 5 -32]
[8 -10 -47]
[8 -9 -47]
[8 9 -45]
[8 9 -46]
[8 0 -30]
[8 1 -30]
[8 -8 -36]
[8 6 -33]
[8 9 -42]
[8 -10 -40]
[8 1 -50]
[8 3 -50]
[8 -6 -50]
[9 -8 -51]
[9 -10 -51]
[9 -10 -50]
[9 -9 -51]
[9 7 -50]
[9 7 -49]
[9 -12 -34]
[9 -7 -32]
[9 -8 -33]
[9 5 -31]
[9 6 -32]
[9 9 -38]
[9 7 -38]
[9 -1 -31]
[9 8 -49]
[9 10 -49]
[9 10 -48]
[9 10 -47]
[9 10 -43]
[9 -12 -37]
[9 -11 -38]
[9 -11 -47]
[9 5 -51]
[9 7 -51]
[9 -11 -46]
[9 -11 -48]
[9 3 -30]
[9 2 -30]
[9 4 -30]
[9 -11 -40]
[9 -10 -41]
[9 -11 -41]
[9 -12 -36]
[9 -11 -50]
[9 3 -51]
[9 2 -51]
[9 4 -51]
[9 10 -39]
[9 8 -48]
[9 10 -46]
[9 -7 -51]
[9 -7 -50]
[9 10 -41]
[9 10 -42]
[9 -11 -43]
[9 -2 -51]
[9 -4 -51]
[9 -3 -51]
[9 -11 -42]
[9 -1 -29]
[9 -2 -29]
[9 0 -29]
[9 2 -29]
[9 1 -29]
[9 -5 -51]
[9 -6 -51]
[9 -9 -34]
[9 -1 -51]
[9 -1 -50]
[10 -4 -52]
[10 -5 -52]
[10 -3 -52]
[10 -11 -49]
[10 -11 -51]
[10 3 -29]
[10 4 -29]
[10 5 -29]
[10 9 -49]
[10 8 -50]
[10 9 -50]
[10 11 -50]
[10 11 -38]
[10 11 -40]
[10 10 -38]
[10 11 -39]
[10 11 -48]
[10 11 -47]
[10 11 -41]
[10 11 -42]
[10 10 -40]
[10 -9 -32]
[10 1 -52]
[10 1 -51]
[10 2 -52]
[10 -12 -46]
[10 -13 -38]
[10 -13 -36]
[10 -12 -38]
[10 -6 -52]
[10 -13 -37]
[10 -2 -32]
[10 3 -52]
[10 4 -52]
[10 -12 -49]
[10 -2 -52]
[10 -12 -40]
[10 -12 -39]
[10 11 -43]
[10 8 -52]
[10 6 -31]
[10 -1 -28]
[10 -2 -50]
[10 0 -51]
[10 -12 -48]
[10 -12 -41]
[10 -12 -42]
[10 -11 -45]
[10 -8 -32]
[10 -8 -31]
[10 -7 -52]
[10 -11 -52]
[10 -9 -52]
[10 3 -28]
[10 -11 -44]
[10 -12 -43]
[11 -1 -52]
[11 9 -39]
[11 11 -37]
[11 -12 -50]
[11 -12 -51]
[11 -10 -52]
[11 -12 -47]
[11 -13 -47]
[11 -13 -49]
[11 -13 -41]
[11 8 -53]
[11 8 -51]
[11 7 -52]
[11 6 -29]
[11 -3 -53]
[11 -4 -53]
[11 -5 -53]
[11 0 -52]
[11 -12 -45]
[11 -9 -31]
[11 4 -53]
[11 5 -52]
[11 4 -28]
[11 12 -39]
[11 -13 -40]
[11 -13 -39]
[11 -11 -39]
[11 12 -50]
[11 11 -49]
[11 12 -49]
[11 2 -53]
[11 0 -53]
[11 1 -53]
[11 10 -37]
[11 12 -37]
[11 3 -27]
[11 -9 -30]
[11 -8 -30]
[11 10 -44]
[11 11 -44]
[11 -13 -44]
[11 -12 -52]
[11 -10 -53]
[11 -11 -53]
[11 11 -46]
[11 -1 -49]
[11 -6 -53]
[11 -13 -46]
[11 -13 -45]
[11 10 -51]
[11 -8 -53]
[11 12 -41]
[11 12 -40]
[11 12 -42]
[11 9 -51]
[11 7 -31]
[11 7 -30]
[11 -13 -42]
[11 -9 -53]
[12 -7 -54]
[12 -8 -52]
[12 -9 -54]
[12 -10 -29]
[12 -10 -31]
[12 -10 -30]
[12 10 -52]
[12 13 -38]
[12 12 -38]
[12 4 -27]
[12 -8 -29]
[12 -9 -29]
[12 13 -40]
[12 13 -41]
[12 -12 -44]
[12 -2 -53]
[12 -2 -54]
[12 -1 -53]
[12 -10 -54]
[12 -4 -54]
[12 -13 -48]
[12 6 -51]
[12 6 -53]
[12 12 -43]
[12 13 -42]
[12 2 -26]
[12 4 -26]
[12 -13 -52]
[12 -13 -53]
[12 -13 -51]
[12 -13 -50]
[12 -14 -48]
[12 -14 -50]
[12 -14 -45]
[12 -14 -47]
[12 13 -49]
[12 13 -48]
[12 12 -48]
[12 5 -54]
[12 4 -54]
[12 -11 -54]
[12 6 -52]
[12 9 -52]
[12 -14 -41]
[12 7 -29]
[12 6 -30]
[12 -13 -43]
[12 9 -37]
[12 -14 -46]
[12 12 -36]
[12 5 -28]
[12 6 -28]
[12 5 -30]
[12 10 -45]
[12 -14 -42]
[12 9 -54]
[12 7 -54]
[12 9 -53]
[12 7 -53]
[12 8 -54]
[12 10 -50]
[12 12 -51]
[12 13 -50]
[12 12 -46]
[12 12 -47]
[12 12 -45]
[12 -5 -54]
[12 -7 -53]
[12 -6 -54]
[13 -15 -42]
[13 -14 -40]
[13 13 -37]
[13 14 -38]
[13 14 -37]
[13 14 -39]
[13 -14 -51]
[13 -9 -55]
[13 5 -26]
[13 3 -26]
[13 13 -46]
[13 -5 -55]
[13 -3 -54]
[13 6 -54]
[13 8 -55]
[13 -8 -28]
[13 -9 -28]
[13 5 -53]
[13 -10 -32]
[13 14 -42]
[13 13 -43]
[13 12 -44]
[13 -12 -54]
[13 -14 -53]
[13 -13 -54]
[13 -14 -54]
[13 3 -53]
[13 3 -54]
[13 3 -55]
[13 14 -41]
[13 13 -39]
[13 -7 -55]
[13 -8 -54]
[13 13 -51]
[13 -15 -46]
[13 -14 -44]
[13 -15 -45]
[13 13 -47]
[13 14 -49]
[13 10 -53]
[13 -12 -53]
[13 13 -35]
[13 -15 -47]
[13 -14 -49]
[13 -1 -54]
[13 -3 -55]
[13 -12 -55]
[13 -11 -55]
[13 -15 -51]
[13 -15 -50]
[13 13 -45]
[13 -14 -43]
[13 14 -47]
[13 11 -52]
[13 -15 -43]
[13 5 -55]
[13 6 -55]
[13 7 -28]
[13 8 -29]
[13 -4 -55]
[13 1 -26]
[13 1 -27]
[13 2 -25]
[13 2 -27]
[13 10 -54]
[13 10 -55]
[13 11 -51]
[13 9 -55]
[13 7 -55]
[13 5 -27]
[13 5 -25]
[14 -11 -56]
[14 -12 -56]
[14 -10 -55]
[14 -14 -52]
[14 12 -35]
[14 13 -34]
[14 12 -34]
[14 11 -54]
[14 15 -40]
[14 15 -42]
[14 6 -27]
[14 8 -28]
[14 8 -27]
[14 13 -36]
[14 14 -36]
[14 15 -41]
[14 15 -47]
[14 15 -46]
[14 15 -48]
[14 6 -56]
[14 7 -56]
[14 -4 -56]
[14 -5 -56]
[14 -16 -43]
[14 -15 -41]
[14 2 -28]
[14 -16 -42]
[14 2 -54]
[14 4 -55]
[14 2 -55]
[14 9 -56]
[14 14 -52]
[14 13 -52]
[14 14 -50]
[14 14 -51]
[14 12 -52]
[14 0 -54]
[14 -2 -55]
[14 -16 -47]
[14 -15 -53]
[14 -15 -55]
[14 -6 -56]
[14 15 -38]
[14 15 -37]
[14 4 -56]
[14 5 -56]
[14 -15 -52]
[14 -15 -54]
[14 -15 -44]
[14 -16 -45]
[14 -16 -46]
[14 -8 -55]
[14 -8 -27]
[14 -13 -56]
[14 -15 -48]
[14 6 -24]
[14 6 -26]
[14 -9 -27]
[14 0 -27]
[14 14 -48]
[14 15 -50]
[14 11 -55]
[14 11 -53]
[14 8 -56]
[14 14 -45]
[14 -15 -40]
[14 -8 -56]
[14 0 -28]
[14 14 -44]
[14 13 -44]
[14 3 -24]
[14 1 -24]
[14 3 -25]
[14 14 -46]
[14 4 -25]
[14 -14 -55]
[14 6 -25]
[14 -2 -56]
[14 14 -40]
[14 15 -39]
[14 -15 -49]
[14 10 -56]
[15 -17 -47]
[15 12 -53]
[15 12 -54]
[15 8 -57]
[15 6 -57]
[15 16 -47]
[15 16 -46]
[15 7 -57]
[15 -7 -27]
[15 -7 -26]
[15 16 -51]
[15 15 -49]
[15 16 -50]
[15 2 -23]
[15 -16 -44]
[15 7 -27]
[15 7 -26]
[15 14 -43]
[15 -16 -55]
[15 -1 -57]
[15 -1 -56]
[15 -2 -57]
[15 1 -55]
[15 7 -24]
[15 5 -24]
[15 7 -23]
[15 -17 -45]
[15 3 -56]
[15 15 -53]
[15 13 -53]
[15 14 -53]
[15 15 -51]
[15 9 -28]
[15 12 -55]
[15 -6 -55]
[15 -6 -57]
[15 -4 -57]
[15 -5 -57]
[15 -1 -55]
[15 16 -38]
[15 16 -37]
[15 -16 -49]
[15 -16 -53]
[15 -16 -54]
[15 1 -54]
[15 1 -56]
[15 -16 -41]
[15 16 -45]
[15 -17 -43]
[15 11 -34]
[15 11 -33]
[15 12 -33]
[15 -13 -57]
[15 -13 -55]
[15 15 -35]
[15 -10 -28]
[15 -10 -27]
[15 -8 -26]
[15 15 -43]
[15 9 -27]
[15 9 -29]
[15 5 -57]
[15 16 -48]
[15 -12 -57]
[15 9 -57]
[15 11 -56]
[15 11 -57]
[15 -3 -56]
[15 14 -35]
[15 14 -34]
[15 16 -41]
[15 1 -23]
[15 2 -24]
[15 -15 -56]
[15 -14 -56]
[15 4 -24]
[15 -7 -56]
[15 -8 -57]
[15 -9 -57]
[15 16 -42]
[15 3 -57]
[15 4 -57]
[15 -16 -48]
[15 1 -28]
[16 -17 -55]
[16 -17 -56]
[16 2 -57]
[16 0 -58]
[16 -1 -58]
[16 -3 -57]
[16 -2 -58]
[16 -9 -26]
[16 -8 -25]
[16 17 -48]
[16 17 -49]
[16 2 -58]
[16 2 -56]
[16 17 -47]
[16 17 -46]
[16 0 -55]
[16 0 -56]
[16 17 -42]
[16 17 -43]
[16 17 -41]
[16 -17 -53]
[16 -17 -52]
[16 14 -54]
[16 16 -40]
[16 12 -56]
[16 11 -58]
[16 -17 -49]
[16 13 -32]
[16 12 -32]
[16 13 -33]
[16 10 -28]
[16 10 -29]
[16 8 -26]
[16 -8 -58]
[16 -7 -57]
[16 17 -38]
[16 15 -36]
[16 17 -37]
[16 17 -51]
[16 17 -50]
[16 8 -25]
[16 6 -23]
[16 8 -24]
[16 7 -25]
[16 3 -23]
[16 -12 -58]
[16 -11 -57]
[16 10 -34]
[16 -11 -28]
[16 -11 -27]
[16 15 -34]
[16 15 -33]
[16 7 -58]
[16 -11 -29]
[16 6 -58]
[16 8 -58]
[16 -7 -25]
[16 -16 -56]
[16 -17 -50]
[16 -6 -26]
[16 16 -44]
[16 -18 -44]
[16 -18 -42]
[16 17 -39]
[16 16 -39]
[16 13 -56]
[16 13 -54]
[16 5 -58]
[16 13 -55]
[16 0 -57]
[16 -14 -57]
[16 -14 -58]
[16 10 -58]
[16 4 -23]
[16 5 -23]
[16 4 -58]
[16 2 -22]
[16 15 -52]
[16 -17 -48]
[16 -18 -46]
[16 -18 -47]
[16 -17 -44]
[16 0 -23]
[16 17 -52]
[16 16 -52]
[16 15 -45]
[16 12 -57]
[16 9 -26]
[16 10 -27]
[16 10 -26]
[16 16 -36]
[16 16 -35]
[16 16 -34]
[16 9 -30]
[16 10 -30]
[16 -10 -56]
[16 -9 -56]
[17 -1 -22]
[17 17 -36]
[17 13 -57]
[17 -19 -45]
[17 -19 -47]
[17 1 -57]
[17 -13 -58]
[17 -18 -56]
[17 -17 -57]
[17 -18 -57]
[17 7 -22]
[17 5 -22]
[17 -9 -25]
[17 9 -24]
[17 15 -44]
[17 9 -59]
[17 7 -59]
[17 8 -59]
[17 9 -58]
[17 11 -29]
[17 11 -26]
[17 11 -27]
[17 16 -53]
[17 9 -31]
[17 11 -32]
[17 11 -31]
[17 12 -31]
[17 -5 -26]
[17 4 -22]
[17 14 -56]
[17 -16 -57]
[17 -15 -57]
[17 17 -33]
[17 17 -35]
[17 -3 -59]
[17 -1 -59]
[17 11 -59]
[17 10 -57]
[17 10 -59]
[17 -9 -59]
[17 -7 -59]
[17 -7 -58]
[17 -12 -59]
[17 -13 -59]
[17 -11 -58]
[17 14 -55]
[17 18 -42]
[17 6 -59]
[17 17 -44]
[17 1 -22]
[17 2 -21]
[17 11 -28]
[17 18 -46]
[17 9 -23]
[17 8 -23]
[17 14 -33]
[17 14 -32]
[17 18 -43]
[17 16 -43]
[17 -19 -46]
[17 -17 -46]
[17 -18 -53]
[17 -16 -51]
[17 -17 -51]
[17 -16 -52]
[17 -18 -51]
[17 -18 -43]
[17 -17 -42]
[17 -17 -41]
[17 -18 -54]
[17 -18 -52]
[17 16 -49]
[17 18 -51]
[17 18 -41]
[17 18 -53]
[17 17 -53]
[17 18 -39]
[17 -16 -50]
[17 -18 -49]
[17 11 -35]
[17 9 -35]
[17 15 -55]
[17 -10 -57]
[17 -18 -55]
[17 -17 -54]
[17 2 -59]
[17 9 -25]
[17 -19 -44]
[17 -19 -43]
[17 1 -58]
[17 16 -32]
[17 15 -32]
[17 10 -25]
[17 18 -52]
[17 4 -59]
[17 5 -59]
[17 18 -50]
[17 -18 -50]
[17 -18 -48]
[17 12 -58]
[17 -10 -26]
[17 -10 -25]
[17 3 -58]
[17 -11 -26]
[18 18 -32]
[18 18 -33]
[18 17 -34]
[18 19 -46]
[18 19 -45]
[18 18 -45]
[18 -19 -58]
[18 -19 -57]
[18 -8 -24]
[18 -9 -24]
[18 15 -56]
[18 15 -54]
[18 1 -59]
[18 3 -59]
[18 3 -60]
[18 14 -31]
[18 15 -31]
[18 13 -31]
[18 19 -50]
[18 19 -52]
[18 4 -60]
[18 6 -60]
[18 16 -33]
[18 19 -51]
[18 18 -49]
[18 19 -49]
[18 -19 -54]
[18 -19 -56]
[18 -19 -55]
[18 9 -22]
[18 8 -22]
[18 10 -23]
[18 9 -34]
[18 8 -34]
[18 17 -31]
[18 -19 -50]
[18 -19 -49]
[18 16 -54]
[18 18 -54]
[18 17 -40]
[18 19 -40]
[18 19 -38]
[18 -11 -25]
[18 19 -42]
[18 19 -44]
[18 18 -44]
[18 12 -60]
[18 10 -60]
[18 -19 -52]
[18 -19 -51]
[18 8 -60]
[18 -12 -60]
[18 -11 -60]
[18 -11 -59]
[18 -20 -44]
[18 -20 -43]
[18 -2 -22]
[18 -1 -21]
[18 -2 -21]
[18 -1 -23]
[18 0 -22]
[18 -13 -60]
[18 -14 -59]
[18 -11 -24]
[18 -8 -59]
[18 -6 -59]
[18 -20 -46]
[18 14 -58]
[18 14 -57]
[18 3 -20]
[18 1 -21]
[18 1 -20]
[18 -19 -48]
[18 11 -30]
[18 12 -30]
[18 0 -59]
[18 7 -60]
[18 -9 -58]
[18 -10 -58]
[18 -20 -42]
[18 12 -28]
[18 11 -24]
[18 10 -24]
[18 11 -25]
[18 -19 -53]
[18 10 -31]
[18 10 -32]
[18 15 -57]
[18 -4 -27]
[18 -5 -25]
[18 -6 -27]
[18 -4 -26]
[18 -4 -25]
[18 -6 -25]
[18 -16 -58]
[18 -15 -58]
[18 -10 -60]
[18 -8 -60]
[18 -17 -58]
[18 16 -55]
[18 19 -53]
[18 19 -54]
[18 17 -54]
[18 18 -35]
[18 18 -34]
[18 -4 -60]
[18 -4 -58]
[18 -2 -60]
[18 -3 -60]
[18 18 -37]
[18 18 -36]
[18 19 -41]
[18 12 -29]
[18 9 -60]
[18 18 -40]
[18 13 -58]
[18 8 -21]
[18 6 -21]
[18 6 -22]
[18 7 -21]
[19 -21 -44]
[19 9 -61]
[19 -3 -21]
[19 4 -61]
[19 20 -52]
[19 20 -54]
[19 20 -53]
[19 3 -19]
[19 -4 -61]
[19 -3 -61]
[19 -4 -59]
[19 -9 -60]
[19 -9 -61]
[19 -11 -61]
[19 -20 -58]
[19 -20 -57]
[19 -20 -56]
[19 20 -50]
[19 -21 -43]
[19 -21 -45]
[19 -21 -42]
[19 -16 -59]
[19 19 -48]
[19 18 -48]
[19 20 -40]
[19 20 -41]
[19 19 -39]
[19 12 -61]
[19 13 -60]
[19 11 -60]
[19 -20 -47]
[19 -20 -49]
[19 -20 -54]
[19 -20 -55]
[19 -20 -53]
[19 20 -51]
[19 19 -33]
[19 7 -61]
[19 6 -61]
[19 8 -61]
[19 2 -60]
[19 12 -24]
[19 12 -23]
[19 13 -29]
[19 13 -30]
[19 19 -43]
[19 20 -45]
[19 20 -44]
[19 -2 -59]
[19 -2 -61]
[19 -1 -61]
[19 -10 -59]
[19 16 -30]
[19 15 -30]
[19 16 -31]
[19 -8 -61]
[19 16 -56]
[19 17 -55]
[19 0 -60]
[19 20 -55]
[19 19 -55]
[19 18 -31]
[19 -1 -24]
[19 -2 -24]
[19 -2 -23]
[19 0 -21]
[19 7 -20]
[19 9 -21]
[19 9 -20]
[19 8 -20]
[19 10 -22]
[19 1 -60]
[19 -5 -59]
[19 -5 -60]
[19 3 -61]
[19 2 -61]
[19 20 -43]
[19 -20 -45]
[19 19 -37]
[19 19 -36]
[19 18 -55]
[19 14 -59]
[19 8 -35]
[19 7 -33]
[19 18 -30]
[19 17 -32]
[19 -9 -23]
[19 -7 -23]
[19 -7 -24]
[19 20 -46]
[19 9 -32]
[19 10 -61]
[19 20 -39]
[19 18 -38]
[19 -15 -60]
[19 -18 -59]
[19 -17 -59]
[19 -18 -58]
[19 -10 -24]
[19 -12 -24]
[19 -12 -23]
[19 -10 -23]
[19 -8 -23]
[19 13 -59]
[19 15 -59]
[19 15 -58]
[19 -12 -25]
[19 -20 -48]
[19 -13 -61]
[19 -12 -61]
[19 12 -27]
[19 13 -28]
[19 13 -27]
[19 19 -34]
[19 0 -20]
[19 -5 -27]
[19 -5 -24]
[19 6 -20]
[19 -5 -58]
[19 -20 -59]
[19 -14 -61]
[19 -14 -60]
[19 -3 -26]
[19 -3 -24]
[19 -4 -24]
[19 -2 -20]
[19 -1 -20]
[19 17 -45]
[19 16 -57]
[19 -7 -60]
[19 -6 -58]
[19 -20 -51]
[19 -20 -52]
[19 19 -35]
[19 -3 -20]
[19 5 -21]
[19 5 -20]
[19 12 -25]
[20 6 -19]
[20 4 -20]
[20 -3 -23]
[20 20 -36]
[20 20 -38]
[20 20 -37]
[20 17 -57]
[20 -21 -55]
[20 -21 -57]
[20 4 -62]
[20 11 -61]
[20 12 -59]
[20 0 -19]
[20 -4 -23]
[20 -3 -25]
[20 6 -62]
[20 8 -62]
[20 7 -62]
[20 -21 -51]
[20 -21 -52]
[20 -20 -50]
[20 -21 -58]
[20 21 -55]
[20 -21 -48]
[20 -21 -49]
[20 20 -35]
[20 -5 -23]
[20 -11 -23]
[20 -3 -62]
[20 -5 -62]
[20 17 -58]
[20 17 -56]
[20 -21 -54]
[20 9 -62]
[20 11 -62]
[20 14 -61]
[20 10 -21]
[20 11 -23]
[20 13 -24]
[20 21 -52]
[20 -11 -22]
[20 -10 -22]
[20 10 -33]
[20 -8 -22]
[20 20 -42]
[20 20 -33]
[20 19 -32]
[20 20 -32]
[20 -22 -45]
[20 -22 -44]
[20 -22 -43]
[20 -6 -24]
[20 -21 -47]
[20 18 -56]
[20 21 -51]
[20 21 -50]
[20 -16 -60]
[20 -16 -61]
[20 20 -56]
[20 21 -53]
[20 -1 -62]
[20 -2 -62]
[20 21 -41]
[20 18 -47]
[20 21 -54]
[20 21 -45]
[20 21 -46]
[20 21 -44]
[20 21 -43]
[20 -17 -60]
[20 -14 -62]
[20 -12 -62]
[20 -22 -46]
[20 -21 -46]
[20 -13 -62]
[20 5 -19]
[20 16 -29]
[20 -19 -59]
[20 14 -60]
[20 16 -58]
[20 15 -60]
[20 16 -59]
[20 16 -60]
[20 -15 -59]
[20 8 -19]
[20 -19 -60]
[20 -21 -60]
[20 14 -30]
[20 -6 -61]
[20 -10 -62]
[20 -10 -61]
[20 -11 -62]
[20 21 -40]
[20 21 -38]
[20 7 -19]
[20 17 -30]
[20 14 -29]
[20 -3 -22]
[20 -4 -20]
[20 7 -34]
[20 13 -25]
[20 1 -61]
[20 -2 -26]
[20 -2 -25]
[20 0 -61]
[20 -7 -22]
[20 -6 -22]
[20 -21 -59]
[20 19 -31]
[20 -18 -60]
[20 -2 -19]
[20 20 -49]
[20 19 -47]
[20 19 -29]
[20 17 -29]
[20 19 -30]
[20 12 -26]
[20 -1 -60]
[20 -3 -58]
[20 19 -56]
[20 21 -56]
[20 -13 -22]
[20 4 -19]
[20 20 -34]
[20 14 -26]
[20 -15 -61]
[20 2 -62]
[20 13 -62]
[20 13 -61]
[20 -1 -19]
[20 -3 -19]
[20 14 -27]
[20 10 -19]
[20 10 -20]
[20 9 -19]
[21 15 -61]
[21 10 -62]
[21 12 -62]
[21 21 -35]
[21 21 -34]
[21 21 -36]
[21 11 -21]
[21 11 -19]
[21 11 -20]
[21 -9 -62]
[21 14 -63]
[21 12 -63]
[21 14 -62]
[21 -7 -62]
[21 -5 -61]
[21 -6 -60]
[21 21 -31]
[21 21 -32]
[21 20 -31]
[21 14 -25]
[21 14 -24]
[21 19 -57]
[21 -22 -55]
[21 -21 -53]
[21 -22 -54]
[21 21 -37]
[21 -22 -49]
[21 -21 -50]
[21 -22 -50]
[21 14 -28]
[21 -6 -21]
[21 -22 -59]
[21 -22 -60]
[21 -12 -22]
[21 22 -55]
[21 22 -47]
[21 22 -45]
[21 20 -47]
[21 -13 -63]
[21 -11 -63]
[21 5 -18]
[21 18 -57]
[21 20 -57]
[21 -23 -45]
[21 -23 -43]
[21 -23 -44]
[21 15 -27]
[21 15 -28]
[21 13 -26]
[21 20 -48]
[21 21 -48]
[21 21 -49]
[21 -22 -51]
[21 6 -18]
[21 3 -62]
[21 5 -63]
[21 17 -59]
[21 10 -18]
[21 22 -44]
[21 7 -18]
[21 8 -18]
[21 -3 -18]
[21 -2 -18]
[21 22 -52]
[21 22 -54]
[21 -22 -58]
[21 -1 -63]
[21 -3 -63]
[21 -2 -63]
[21 21 -39]
[21 20 -30]
[21 -20 -61]
[21 -21 -61]
[21 -22 -61]
[21 22 -37]
[21 22 -42]
[21 22 -43]
[21 21 -42]
[21 -4 -22]
[21 -4 -21]
[21 -4 -18]
[21 -4 -62]
[21 -4 -63]
[21 7 -63]
[21 6 -63]
[21 8 -63]
[21 -22 -56]
[21 -5 -63]
[21 -15 -62]
[21 1 -63]
[21 2 -63]
[21 -23 -42]
[21 -8 -21]
[21 0 -62]
[21 4 -18]
[21 0 -18]
[21 1 -18]
[21 -19 -61]
[21 -18 -61]
[21 -20 -60]
[21 22 -53]
[21 -10 -21]
[21 18 -29]
[21 20 -28]
[21 20 -29]
[21 18 -28]
[21 19 -28]
[21 21 -33]
[21 -9 -21]
[21 -9 -22]
[21 16 -61]
[21 9 -18]
[21 -17 -62]
[21 -17 -61]
[21 -4 -19]
[21 -5 -20]
[21 -12 -21]
[21 -21 -56]
[21 -22 -57]
[21 -12 -63]
[21 6 -34]
[21 15 -26]
[21 -22 -52]
[21 -5 -22]
[21 22 -41]
[21 -9 -63]
[21 -10 -63]
[21 22 -50]
[21 9 -63]
[21 22 -56]
[21 22 -57]
[21 -11 -21]
[21 22 -39]
[21 22 -40]
[21 -15 -63]
[21 18 -58]
[22 -22 -53]
[22 -23 -53]
[22 -6 -63]
[22 -7 -63]
[22 -8 -62]
[22 -20 -62]
[22 -22 -62]
[22 19 -27]
[22 18 -27]
[22 22 -33]
[22 7 -64]
[22 -4 -64]
[22 -6 -62]
[22 -6 -64]
[22 -23 -50]
[22 -23 -49]
[22 22 -49]
[22 22 -48]
[22 -23 -58]
[22 -23 -56]
[22 -8 -63]
[22 -8 -64]
[22 -5 -19]
[22 -6 -19]
[22 4 -63]
[22 11 -64]
[22 11 -63]
[22 12 -64]
[22 10 -63]
[22 8 -64]
[22 10 -64]
[22 21 -47]
[22 0 -64]
[22 -2 -64]
[22 -13 -21]
[22 21 -29]
[22 -5 -64]
[22 -23 -54]
[22 -23 -55]
[22 19 -59]
[22 18 -59]
[22 19 -58]
[22 0 -63]
[22 23 -53]
[22 -5 -17]
[22 -4 -17]
[22 22 -31]
[22 23 -43]
[22 23 -44]
[22 23 -46]
[22 22 -46]
[22 -23 -60]
[22 22 -30]
[22 21 -30]
[22 22 -32]
[22 -16 -62]
[22 16 -26]
[22 21 -28]
[22 21 -27]
[22 23 -48]
[22 -24 -44]
[22 -22 -42]
[22 23 -54]
[22 23 -55]
[22 15 -29]
[22 -19 -62]
[22 -21 -62]
[22 -1 -18]
[22 -1 -17]
[22 -10 -20]
[22 -9 -20]
[22 8 -17]
[22 7 -17]
[22 9 -17]
[22 23 -41]
[22 22 -38]
[22 17 -60]
[22 -23 -51]
[22 -23 -59]
[22 -11 -20]
[22 15 -24]
[22 14 -23]
[22 15 -25]
[22 -6 -20]
[22 -7 -20]
[22 22 -34]
[22 1 -64]
[22 1 -62]
[22 3 -63]
[22 3 -64]
[22 -11 -64]
[22 22 -36]
[22 17 -61]
[22 16 -62]
[22 17 -62]
[22 5 -17]
[22 4 -17]
[22 22 -35]
[22 14 -64]
[22 13 -63]
[22 13 -64]
[22 15 -63]
[22 5 -62]
[22 6 -64]
[22 -3 -64]
[22 20 -58]
[22 0 -17]
[22 23 -45]
[22 -24 -45]
[22 -24 -43]
[22 -5 -18]
[22 23 -57]
[22 -18 -62]
[22 -7 -61]
[22 -23 -48]
[22 4 -64]
[22 5 -64]
[22 11 -18]
[22 23 -36]
[22 -15 -64]
[22 -14 -64]
[22 -3 -17]
[22 -13 -20]
[22 3 -17]
[22 -23 -61]
[22 15 -62]
[22 -2 -17]
[22 -8 -20]
[22 16 -27]
[22 21 -57]
[22 23 -56]
[22 23 -49]
[22 23 -50]
[22 23 -51]
[22 22 -51]
[22 -24 -42]
[22 20 -27]
[22 23 -39]
[22 23 -38]
[22 16 -25]
[22 -5 -21]
[22 -6 -23]
[22 10 -17]
[22 11 -17]
[23 5 -16]
[23 4 -16]
[23 6 -17]
[23 19 -26]
[23 21 -26]
[23 20 -26]
[23 -14 -22]
[23 -14 -21]
[23 -14 -20]
[23 24 -47]
[23 -16 -63]
[23 -5 -65]
[23 -4 -65]
[23 22 -28]
[23 22 -26]
[23 16 -28]
[23 -7 -19]
[23 -7 -18]
[23 20 -59]
[23 21 -59]
[23 24 -46]
[23 24 -45]
[23 24 -44]
[23 24 -56]
[23 23 -47]
[23 23 -34]
[23 24 -42]
[23 23 -40]
[23 23 -42]
[23 24 -40]
[23 -6 -17]
[23 8 -16]
[23 7 -16]
[23 3 -16]
[23 -3 -16]
[23 -2 -16]
[23 -1 -65]
[23 10 -16]
[23 23 -32]
[23 23 -30]
[23 -24 -51]
[23 -24 -50]
[23 2 -65]
[23 1 -65]
[23 0 -65]
[23 5 -61]
[23 5 -65]
[23 4 -65]
[23 -10 -19]
[23 -9 -19]
[23 17 -63]
[23 19 -60]
[23 18 -60]
[23 24 -36]
[23 23 -35]
[23 23 -37]
[23 -24 -52]
[23 23 -33]
[23 -7 -64]
[23 -9 -64]
[23 -8 -65]
[23 9 -64]
[23 -24 -49]
[23 24 -37]
[23 13 -65]
[23 14 -65]
[23 -22 -63]
[23 -20 -63]
[23 -21 -63]
[23 17 -27]
[23 -25 -45]
[23 -25 -43]
[23 -25 -44]
[23 -18 -63]
[23 -19 -63]
[23 24 -51]
[23 23 -31]
[23 24 -57]
[23 24 -55]
[23 16 -63]
[23 2 -64]
[23 -24 -56]
[23 10 -65]
[23 -24 -57]
[23 24 -38]
[23 24 -39]
[23 18 -61]
[23 -13 -64]
[23 -14 -63]
[23 9 -16]
[23 11 -16]
[23 -8 -19]
[23 22 -29]
[23 -25 -42]
[23 7 -65]
[23 17 -26]
[23 -13 -19]
[23 -14 -19]
[23 -12 -20]
[23 17 -25]
[23 17 -24]
[23 -12 -19]
[23 -11 -19]
[23 12 -18]
[23 12 -17]
[23 -23 -46]
[23 -1 -16]
[23 -6 -18]
[23 24 -49]
[23 24 -53]
[23 -1 -64]
[23 -17 -63]
[23 -23 -52]
[23 24 -54]
[23 23 -52]
[23 -4 -16]
[23 15 -23]
[23 1 -17]
[23 -24 -48]
[23 -22 -48]
[23 16 -24]
[23 16 -23]
[23 11 -65]
[23 12 -65]
[23 -12 -64]
[23 -10 -65]
[23 24 -48]
[23 12 -16]
[23 -2 -65]
[23 -3 -65]
[23 8 -65]
[23 9 -65]
[23 -24 -55]
[23 -24 -53]
[23 -24 -54]
[23 3 -65]
[23 -7 -65]
[23 -6 -65]
[24 19 -61]
[24 -26 -44]
[24 25 -55]
[24 25 -54]
[24 25 -56]
[24 24 -50]
[24 25 -48]
[24 -25 -52]
[24 -25 -53]
[24 18 -63]
[24 18 -64]
[24 18 -62]
[24 24 -31]
[24 24 -32]
[24 24 -33]
[24 -2 -15]
[24 -1 -15]
[24 -25 -50]
[24 11 -15]
[24 25 -57]
[24 -9 -65]
[24 -7 -66]
[24 -9 -66]
[24 14 -66]
[24 18 -26]
[24 -10 -64]
[24 16 -22]
[24 20 -61]
[24 20 -60]
[24 -1 -66]
[24 17 -28]
[24 25 -53]
[24 9 -15]
[24 -21 -64]
[24 25 -45]
[24 24 -52]
[24 25 -42]
[24 24 -43]
[24 25 -43]
[24 25 -38]
[24 25 -47]
[24 7 -66]
[24 6 -65]
[24 5 -60]
[24 22 -58]
[24 -11 -65]
[24 -26 -42]
[24 1 -66]
[24 3 -66]
[24 -8 -18]
[24 -8 -17]
[24 -7 -17]
[24 18 -23]
[24 18 -24]
[24 18 -25]
[24 -25 -56]
[24 23 -29]
[24 24 -29]
[24 24 -30]
[24 -3 -15]
[24 22 -27]
[24 21 -25]
[24 23 -26]
[24 23 -27]
[24 -6 -16]
[24 -26 -43]
[24 21 -58]
[24 -15 -20]
[24 -10 -18]
[24 24 -41]
[24 -6 -66]
[24 -5 -66]
[24 -4 -66]
[24 -4 -15]
[24 -3 -66]
[24 24 -35]
[24 -23 -57]
[24 15 -65]
[24 13 -66]
[24 -22 -64]
[24 -20 -64]
[24 -11 -18]
[24 25 -40]
[24 25 -50]
[24 6 -15]
[24 -15 -19]
[24 25 -37]
[24 17 -64]
[24 15 -64]
[24 10 -66]
[24 -17 -64]
[24 -16 -64]
[24 20 -25]
[24 19 -25]
[24 24 -34]
[24 4 -66]
[24 6 -66]
[24 -25 -49]
[24 -25 -51]
[24 24 -58]
[24 2 -66]
[24 4 -15]
[24 25 -46]
[24 6 -16]
[24 8 -66]
[24 -19 -64]
[24 -15 -21]
[24 8 -15]
[24 -12 -18]
[24 12 -19]
[24 5 -15]
[24 13 -15]
[24 23 -28]
[25 23 -59]
[25 23 -58]
[25 -5 -14]
[25 -5 -15]
[25 9 -66]
[25 9 -67]
[25 11 -66]
[25 11 -67]
[25 -2 -67]
[25 -4 -67]
[25 -3 -67]
[25 16 -65]
[25 25 -44]
[25 26 -43]
[25 14 -67]
[25 25 -36]
[25 26 -38]
[25 26 -37]
[25 -3 -14]
[25 19 -62]
[25 -26 -53]
[25 -26 -51]
[25 -26 -52]
[25 25 -33]
[25 25 -34]
[25 26 -48]
[25 7 -14]
[25 -18 -65]
[25 6 -67]
[25 8 -67]
[25 25 -52]
[25 12 -15]
[25 13 -14]
[25 25 -51]
[25 25 -49]
[25 26 -45]
[25 26 -46]
[25 24 -28]
[25 24 -27]
[25 -12 -17]
[25 -13 -18]
[25 26 -53]
[25 26 -54]
[25 -20 -65]
[25 -21 -65]
[25 -19 -65]
[25 9 -14]
[25 -8 -16]
[25 -7 -16]
[25 25 -30]
[25 1 -67]
[25 2 -67]
[25 -16 -20]
[25 -16 -19]
[25 22 -59]
[25 21 -60]
[25 16 -64]
[25 -9 -67]
[25 -10 -67]
[25 -10 -66]
[25 25 -58]
[25 26 -56]
[25 25 -39]
[25 25 -41]
[25 25 -32]
[25 25 -59]
[25 24 -59]
[25 -27 -42]
[25 -27 -43]
[25 26 -55]
[25 -18 -64]
[25 -6 -67]
[25 24 -26]
[25 4 -14]
[25 5 -14]
[25 7 -15]
[25 -10 -17]
[25 -9 -16]
[25 -9 -18]
[25 -9 -17]
[25 17 -22]
[25 19 -23]
[25 19 -22]
[25 17 -23]
[25 10 -14]
[25 -26 -49]
[25 17 -21]
[25 16 -21]
[25 15 -22]
[25 21 -61]
[25 20 -62]
[25 12 -14]
[25 21 -24]
[25 -27 -44]
[25 -26 -45]
[25 0 -67]
[25 26 -49]
[25 26 -47]
[25 19 -24]
[25 -7 -67]
[25 -8 -66]
[25 19 -63]
[25 19 -64]
[25 17 -65]
[25 19 -65]
[25 -2 -66]
[25 -5 -16]
[25 -6 -15]
[25 -7 -15]
[25 -26 -50]
[25 26 -41]
[25 -25 -55]
[25 -26 -55]
[25 6 -14]
[25 25 -31]
[25 4 -67]
[25 3 -67]
[25 22 -24]
[25 22 -25]
[25 5 -66]
[25 7 -67]
[25 5 -67]
[25 25 -29]
[25 -25 -54]
[26 -13 -17]
[26 15 -21]
[26 10 -67]
[26 8 -68]
[26 7 -68]
[26 27 -41]
[26 27 -42]
[26 17 -20]
[26 16 -20]
[26 18 -20]
[26 18 -22]
[26 20 -24]
[26 24 -60]
[26 22 -60]
[26 23 -60]
[26 20 -64]
[26 20 -65]
[26 18 -65]
[26 20 -63]
[26 27 -39]
[26 26 -39]
[26 27 -37]
[26 7 -13]
[26 11 -14]
[26 13 -13]
[26 26 -29]
[26 26 -28]
[26 25 -28]
[26 27 -47]
[26 27 -48]
[26 21 -63]
[26 21 -62]
[26 22 -61]
[26 26 -40]
[26 -27 -49]
[26 -27 -51]
[26 -27 -50]
[26 26 -31]
[26 27 -56]
[26 27 -38]
[26 21 -23]
[26 23 -25]
[26 22 -23]
[26 26 -35]
[26 -11 -17]
[26 -13 -16]
[26 -1 -67]
[26 -10 -16]
[26 18 -21]
[26 20 -22]
[26 20 -23]
[26 10 -15]
[26 25 -26]
[26 25 -27]
[26 -27 -56]
[26 -27 -54]
[26 -26 -56]
[26 -27 -55]
[26 26 -32]
[26 27 -46]
[26 18 -66]
[26 8 -13]
[26 8 -14]
[26 19 -66]
[26 26 -42]
[26 -27 -45]
[26 -28 -45]
[26 -28 -44]
[26 -27 -48]
[26 0 -68]
[26 0 -66]
[26 -5 -13]
[26 -4 -13]
[26 -6 -14]
[26 26 -58]
[26 26 -60]
[26 26 -59]
[26 27 -49]
[26 26 -34]
[26 26 -33]
[26 23 -24]
[26 -8 -15]
[26 -9 -15]
[26 10 -68]
[26 9 -68]
[26 6 -13]
[26 -4 -68]
[26 -27 -52]
[26 -26 -54]
[26 3 -68]
[26 2 -68]
[26 27 -44]
[26 25 -35]
[26 27 -53]
[26 27 -54]
[26 -28 -42]
[26 -11 -16]
[26 -17 -65]
[26 -8 -67]
[26 -7 -68]
[26 -4 -14]
[26 -10 -68]
[26 -9 -68]
[26 -11 -68]
[26 17 -66]
[26 -17 -18]
[26 -17 -20]
[26 -5 -67]
[26 -16 -21]
[26 -17 -19]
[26 26 -52]
[26 1 -68]
[26 -3 -13]
[26 25 -25]
[26 27 -45]
[26 26 -44]
[26 27 -52]
[26 3 -14]
[26 5 -13]
[26 26 -51]
[26 -8 -68]
[26 15 -67]
[26 15 -68]
[26 13 -68]
[26 13 -67]
[26 -7 -14]
[26 -28 -43]
[26 4 -68]
[27 25 -60]
[27 -6 -12]
[27 -28 -50]
[27 -28 -51]
[27 27 -30]
[27 26 -30]
[27 -7 -69]
[27 -6 -68]
[27 -28 -47]
[27 -18 -19]
[27 5 -12]
[27 6 -12]
[27 26 -27]
[27 -6 -13]
[27 -7 -13]
[27 1 -69]
[27 -27 -53]
[27 18 -67]
[27 19 -67]
[27 20 -67]
[27 12 -67]
[27 12 -66]
[27 17 -67]
[27 -29 -43]
[27 -29 -42]
[27 -4 -12]
[27 -3 -12]
[27 -2 -12]
[27 -8 -14]
[27 -28 -46]
[27 -29 -45]
[27 -29 -46]
[27 -29 -44]
[27 27 -27]
[27 -12 -16]
[27 6 -69]
[27 8 -69]
[27 7 -69]
[27 22 -22]
[27 21 -22]
[27 28 -43]
[27 27 -43]
[27 11 -68]
[27 -28 -54]
[27 -28 -55]
[27 -28 -56]
[27 23 -22]
[27 -8 -69]
[27 16 -69]
[27 16 -67]
[27 14 -68]
[27 14 -69]
[27 27 -50]
[27 22 -62]
[27 23 -62]
[27 23 -61]
[27 27 -40]
[27 28 -41]
[27 27 -34]
[27 27 -35]
[27 19 -19]
[27 19 -20]
[27 27 -59]
[27 27 -58]
[27 27 -60]
[27 15 -66]
[27 16 -66]
[27 16 -68]
[27 -9 -69]
[27 -26 -57]
[27 -25 -57]
[27 5 -69]
[27 5 -68]
[27 12 -12]
[27 13 -12]
[27 27 -36]
[27 7 -12]
[27 11 -69]
[27 -14 -15]
[27 -14 -16]
[27 28 -49]
[27 28 -48]
[27 -11 -69]
[27 22 -63]
[27 26 -25]
[27 24 -25]
[27 28 -36]
[27 28 -38]
[27 28 -37]
[27 3 -69]
[27 4 -69]
[27 27 -57]
[27 28 -56]
[27 28 -55]
[27 28 -57]
[27 26 -57]
[27 27 -55]
[27 -2 -68]
[27 25 -61]
[27 28 -53]
[27 28 -54]
[27 -28 -53]
[27 -28 -49]
[27 12 -13]
[27 10 -13]
[27 11 -13]
[27 28 -50]
[27 9 -69]
[27 12 -69]
[27 12 -68]
[27 -11 -15]
[27 -9 -14]
[27 10 -69]
[27 28 -52]
[27 20 -21]
[27 19 -21]
[27 21 -21]
[27 26 -26]
[27 27 -33]
[27 27 -31]
[27 23 -23]
[27 0 -69]
[27 28 -46]
[27 -3 -68]
[27 -4 -69]
[27 -5 -68]
[27 -5 -69]
[27 26 -36]
[27 -27 -57]
[27 28 -47]
[27 28 -45]
[27 24 -61]
[28 29 -58]
[28 28 -58]
[28 29 -57]
[28 -30 -43]
[28 -30 -44]
[28 20 -20]
[28 29 -36]
[28 29 -37]
[28 29 -35]
[28 -4 -70]
[28 27 -32]
[28 28 -34]
[28 23 -63]
[28 23 -64]
[28 14 -70]
[28 13 -69]
[28 -30 -42]
[28 -4 -11]
[28 -3 -11]
[28 -29 -55]
[28 -29 -54]
[28 -29 -56]
[28 -29 -53]
[28 -29 -52]
[28 6 -70]
[28 7 -70]
[28 8 -70]
[28 -26 -58]
[28 -29 -48]
[28 -29 -50]
[28 -28 -48]
[28 19 -68]
[28 28 -32]
[28 28 -30]
[28 28 -31]
[28 28 -29]
[28 1 -70]
[28 -1 -68]
[28 21 -20]
[28 20 -66]
[28 21 -67]
[28 21 -68]
[28 27 -26]
[28 28 -28]
[28 28 -35]
[28 -1 -69]
[28 29 -47]
[28 24 -24]
[28 -30 -45]
[28 3 -70]
[28 24 -22]
[28 24 -21]
[28 29 -44]
[28 29 -43]
[28 29 -42]
[28 28 -42]
[28 29 -50]
[28 28 -51]
[28 29 -56]
[28 24 -62]
[28 -8 -13]
[28 -10 -15]
[28 -10 -13]
[28 -10 -14]
[28 -9 -13]
[28 -28 -52]
[28 5 -11]
[28 6 -11]
[28 28 -44]
[28 28 -59]
[28 17 -68]
[28 15 -69]
[28 -2 -11]
[28 29 -41]
[28 29 -40]
[28 28 -40]
[28 4 -11]
[28 25 -24]
[28 -29 -51]
[28 27 -51]
[28 12 -70]
[28 -11 -14]
[28 29 -52]
[28 23 -21]
[28 22 -21]
[28 29 -48]
[28 11 -70]
[28 26 -61]
[28 -8 -70]
[28 5 -70]
[28 4 -70]
[28 27 -25]
[28 -28 -57]
[28 -27 -58]
[28 -7 -70]
[28 -9 -70]
[28 20 -19]
[28 8 -12]
[28 29 -38]
[28 27 -28]
[28 11 -12]
[28 -29 -49]
[28 -30 -46]
[28 28 -33]
[28 29 -45]
[28 28 -60]
[28 -5 -11]
[28 -7 -12]
[28 -7 -11]
[28 27 -61]
[28 28 -61]
[28 27 -29]
[28 2 -70]
[28 0 -70]
[28 -2 -69]
[28 15 -70]
[28 -13 -15]
[28 29 -53]
[28 29 -55]
[28 -10 -70]
[28 -10 -69]
[28 -12 -69]
[28 -11 -70]
[28 -12 -68]
[28 -3 -70]
[28 29 -54]
[28 14 -12]
[28 9 -13]
[28 10 -12]
[29 9 -12]
[29 21 -19]
[29 22 -20]
[29 -12 -70]
[29 -6 -10]
[29 -8 -12]
[29 -8 -10]
[29 -8 -11]
[29 30 -44]
[29 -13 -14]
[29 -12 -15]
[29 30 -54]
[29 30 -53]
[29 5 -71]
[29 4 -71]
[29 29 -46]
[29 30 -45]
[29 30 -46]
[29 -30 -54]
[29 28 -25]
[29 9 -70]
[29 7 -71]
[29 29 -33]
[29 29 -32]
[29 -30 -49]
[29 -29 -47]
[29 -3 -71]
[29 -2 -71]
[29 -3 -69]
[29 14 -71]
[29 15 -71]
[29 30 -41]
[29 30 -42]
[29 11 -11]
[29 10 -11]
[29 18 -68]
[29 19 -69]
[29 20 -69]
[29 29 -31]
[29 29 -30]
[29 0 -71]
[29 2 -71]
[29 30 -56]
[29 -31 -46]
[29 -31 -45]
[29 30 -50]
[29 30 -47]
[29 29 -59]
[29 29 -61]
[29 6 -71]
[29 8 -71]
[29 6 -10]
[29 7 -10]
[29 17 -69]
[29 -30 -50]
[29 2 -69]
[29 30 -36]
[29 30 -35]
[29 30 -37]
[29 -29 -58]
[29 -28 -58]
[29 30 -49]
[29 30 -48]
[29 -31 -42]
[29 -31 -43]
[29 -31 -44]
[29 29 -28]
[29 -9 -12]
[29 30 -58]
[29 9 -11]
[29 7 -11]
[29 24 -63]
[29 -11 -12]
[29 -10 -12]
[29 29 -34]
[29 -30 -51]
[29 -5 -71]
[29 -4 -71]
[29 13 -70]
[29 -1 -10]
[29 -3 -10]
[29 -2 -10]
[29 -5 -12]
[29 -5 -10]
[29 -30 -48]
[29 -30 -52]
[29 3 -71]
[29 22 -65]
[29 23 -65]
[29 5 -10]
[29 4 -12]
[29 30 -57]
[29 1 -71]
[29 28 -26]
[29 -11 -13]
[29 -6 -71]
[29 10 -70]
[29 10 -71]
[29 12 -71]
[29 22 -68]
[29 -4 -10]
[29 -9 -71]
[29 25 -23]
[29 24 -23]
[29 -10 -71]
[29 -8 -71]
[29 -12 -67]
[29 -11 -71]
[29 30 -34]
[29 25 -62]
[29 26 -62]
[29 -1 -71]
[29 23 -20]
[29 25 -22]
[29 24 -20]
[29 -1 -70]
[29 -30 -56]
[29 21 -69]
[29 22 -69]
[29 30 -40]
[29 28 -39]
[29 29 -39]
[29 28 -62]
[29 27 -62]
[29 -30 -53]
[29 4 -10]
[29 30 -52]
[29 29 -27]
[29 28 -27]
[29 29 -62]
[29 26 -23]
[30 -31 -52]
[30 -32 -44]
[30 31 -34]
[30 31 -35]
[30 25 -63]
[30 22 -19]
[30 30 -60]
[30 30 -62]
[30 30 -61]
[30 29 -60]
[30 8 -10]
[30 -31 -51]
[30 -31 -50]
[30 -31 -49]
[30 30 -33]
[30 9 -10]
[30 31 -52]
[30 21 -65]
[30 22 -66]
[30 21 -64]
[30 12 -72]
[30 11 -71]
[30 -4 -72]
[30 -3 -72]
[30 -5 -9]
[30 25 -21]
[30 31 -47]
[30 31 -46]
[30 31 -36]
[30 31 -38]
[30 30 -38]
[30 -29 -57]
[30 -29 -59]
[30 -32 -43]
[30 -32 -42]
[30 29 -51]
[30 31 -53]
[30 -32 -45]
[30 29 -25]
[30 29 -26]
[30 -2 -70]
[30 16 -72]
[30 16 -70]
[30 27 -24]
[30 26 -24]
[30 27 -22]
[30 23 -67]
[30 31 -43]
[30 4 -72]
[30 -12 -14]
[30 13 -71]
[30 14 -72]
[30 13 -72]
[30 20 -68]
[30 21 -70]
[30 20 -70]
[30 22 -70]
[30 31 -49]
[30 31 -48]
[30 19 -70]
[30 -9 -72]
[30 -7 -72]
[30 -4 -9]
[30 -6 -72]
[30 -6 -70]
[30 -5 -72]
[30 6 -9]
[30 -30 -55]
[30 -31 -55]
[30 -31 -56]
[30 -9 -11]
[30 -7 -10]
[30 31 -41]
[30 31 -39]
[30 18 -69]
[30 17 -70]
[30 18 -70]
[30 -7 -9]
[30 -8 -9]
[30 -30 -57]
[30 26 -63]
[30 27 -63]
[30 31 -55]
[30 31 -54]
[30 6 -72]
[30 8 -72]
[30 9 -71]
[30 29 -29]
[30 30 -31]
[30 30 -59]
[30 23 -70]
[30 12 -11]
[30 -31 -48]
[30 -31 -47]
[30 24 -64]
[30 22 -64]
[30 30 -43]
[30 29 -49]
[30 30 -32]
[30 25 -64]
[30 -12 -12]
[30 -12 -11]
[30 -10 -11]
[30 -3 -9]
[30 29 -63]
[30 31 -37]
[30 9 -72]
[30 31 -56]
[30 11 -72]
[30 -6 -11]
[30 -8 -72]
[30 28 -63]
[30 31 -40]
[30 -31 -54]
[30 7 -9]
[30 2 -72]
[30 1 -72]
[30 3 -72]
[30 -31 -53]
[30 -14 -14]
[30 -12 -13]
[30 -14 -13]
[30 -13 -13]
[30 0 -10]
[30 -2 -9]
[30 -1 -11]
[30 5 -72]
[30 7 -72]
[30 0 -72]
[30 -1 -72]
[30 30 -28]
[30 30 -27]
[30 31 -57]
[30 -32 -47]
[30 -11 -67]
[30 30 -51]
[30 -11 -72]
[30 -10 -72]
[30 -12 -72]
[31 6 -73]
[31 5 -73]
[31 32 -46]
[31 32 -47]
[31 32 -53]
[31 32 -52]
[31 32 -51]
[31 31 -51]
[31 30 -26]
[31 28 -24]
[31 30 -24]
[31 17 -73]
[31 15 -72]
[31 17 -71]
[31 -13 -12]
[31 25 -20]
[31 32 -36]
[31 28 -64]
[31 29 -64]
[31 32 -34]
[31 32 -35]
[31 24 -65]
[31 32 -39]
[31 32 -38]
[31 -11 -10]
[31 -11 -11]
[31 -32 -52]
[31 -32 -53]
[31 21 -66]
[31 0 -73]
[31 1 -73]
[31 -1 -73]
[31 31 -59]
[31 31 -60]
[31 -5 -73]
[31 -4 -73]
[31 -7 -73]
[31 -7 -71]
[31 31 -28]
[31 31 -27]
[31 32 -48]
[31 31 -50]
[31 32 -49]
[31 -8 -8]
[31 -8 -73]
[31 -2 -73]
[31 32 -55]
[31 4 -73]
[31 2 -73]
[31 7 -8]
[31 8 -8]
[31 3 -73]
[31 16 -71]
[31 18 -71]
[31 32 -40]
[31 -9 -73]
[31 8 -11]
[31 8 -9]
[31 13 -73]
[31 12 -73]
[31 10 -73]
[31 30 -29]
[31 30 -30]
[31 30 -63]
[31 -32 -54]
[31 -33 -43]
[31 -12 -10]
[31 -13 -10]
[31 -13 -11]
[31 20 -71]
[31 30 -39]
[31 14 -73]
[31 8 -73]
[31 27 -21]
[31 28 -23]
[31 27 -23]
[31 26 -22]
[31 23 -71]
[31 21 -71]
[31 -10 -10]
[31 -6 -9]
[31 26 -64]
[31 -32 -48]
[31 30 -25]
[31 31 -33]
[31 32 -33]
[31 31 -32]
[31 31 -44]
[31 24 -68]
[31 23 -66]
[31 22 -67]
[31 24 -66]
[31 -30 -58]
[31 -31 -58]
[31 32 -45]
[31 31 -45]
[31 30 -55]
[31 32 -57]
[31 32 -56]
[31 10 -72]
[31 -32 -50]
[31 32 -41]
[31 32 -58]
[31 -5 -8]
[31 -6 -8]
[31 -10 -73]
[31 -14 -12]
[31 32 -42]
[31 -5 -70]
[31 -6 -69]
[31 -2 -72]
[31 32 -54]
[31 -11 -73]
[31 -12 -73]
[31 5 -8]
[31 5 -9]
[31 -33 -44]
[31 31 -30]
[31 25 -65]
[31 24 -70]
[31 23 -69]
[31 22 -71]
[31 31 -29]
[31 9 -9]
[31 30 -64]
[31 31 -62]
[32 14 -74]
[32 15 -73]
[32 0 -74]
[32 26 -65]
[32 27 -65]
[32 24 -67]
[32 3 -74]
[32 32 -44]
[32 -7 -8]
[32 -8 -7]
[32 26 -21]
[32 33 -37]
[32 23 -68]
[32 33 -54]
[32 33 -53]
[32 9 -73]
[32 9 -74]
[32 -33 -53]
[32 -12 -9]
[32 32 -29]
[32 32 -30]
[32 -33 -48]
[32 -14 -11]
[32 11 -73]
[32 32 -37]
[32 33 -39]
[32 33 -38]
[32 31 -31]
[32 33 -58]
[32 31 -58]
[32 18 -72]
[32 -11 -74]
[32 26 -20]
[32 27 -64]
[32 29 -65]
[32 16 -73]
[32 -33 -51]
[32 -32 -49]
[32 -33 -49]
[32 -32 -51]
[32 31 -61]
[32 32 -61]
[32 33 -55]
[32 33 -56]
[32 -9 -10]
[32 -11 -9]
[32 -33 -45]
[32 33 -48]
[32 32 -27]
[32 32 -26]
[32 5 -74]
[32 4 -74]
[32 33 -43]
[32 31 -42]
[32 8 -74]
[32 7 -74]
[32 33 -57]
[32 4 -8]
[32 6 -8]
[32 32 -60]
[32 -14 -10]
[32 32 -43]
[32 25 -68]
[32 25 -69]
[32 24 -69]
[32 6 -7]
[32 33 -35]
[32 33 -36]
[32 -8 -74]
[32 25 -66]
[32 9 -7]
[32 9 -8]
[32 31 -63]
[32 12 -74]
[32 11 -74]
[32 13 -74]
[32 32 -31]
[32 -31 -57]
[32 31 -23]
[32 31 -24]
[32 30 -23]
[32 31 -25]
[32 33 -33]
[32 33 -34]
[32 17 -72]
[32 17 -74]
[32 16 -74]
[32 32 -50]
[32 32 -28]
[32 -6 -7]
[32 25 -70]
[32 -1 -74]
[32 1 -74]
[32 -3 -74]
[32 -3 -73]
[32 -13 -9]
[32 10 -9]
[32 19 -71]
[32 21 -72]
[32 28 -65]
[32 30 -65]
[32 33 -44]
[32 -33 -52]
[32 29 -23]
[32 33 -41]
[32 33 -40]
[32 32 -32]
[32 -9 -74]
[32 33 -52]
[32 33 -51]
[32 -12 -74]
[32 20 -72]
[32 22 -72]
[32 32 -59]
[32 33 -46]
[32 31 -64]
[32 23 -72]
[32 7 -73]
[32 6 -74]
[32 2 -74]
[32 29 -24]
[32 19 -72]
[32 28 -22]
[32 28 -21]
[32 27 -20]
[32 33 -45]
[33 10 -74]
[33 19 -73]
[33 20 -73]
[33 29 -66]
[33 27 -66]
[33 32 -62]
[33 32 -64]
[33 32 -63]
[33 15 -74]
[33 15 -75]
[33 14 -75]
[33 10 -10]
[33 11 -9]
[33 11 -10]
[33 29 -22]
[33 31 -22]
[33 30 -22]
[33 -34 -49]
[33 -34 -50]
[33 21 -73]
[33 17 -75]
[33 16 -75]
[33 31 -26]
[33 -15 -9]
[33 33 -60]
[33 2 -75]
[33 -33 -46]
[33 33 -49]
[33 34 -48]
[33 34 -49]
[33 33 -42]
[33 34 -43]
[33 34 -44]
[33 4 -75]
[33 -9 -9]
[33 30 -66]
[33 31 -66]
[33 31 -65]
[33 33 -31]
[33 33 -59]
[33 34 -57]
[33 26 -68]
[33 -9 -7]
[33 -10 -75]
[33 -11 -75]
[33 -10 -74]
[33 -12 -75]
[33 34 -33]
[33 34 -35]
[33 34 -34]
[33 33 -30]
[33 33 -29]
[33 7 -7]
[33 34 -55]
[33 34 -56]
[33 32 -65]
[33 34 -42]
[33 -8 -75]
[33 -9 -75]
[33 25 -71]
[33 26 -69]
[33 33 -26]
[33 -33 -50]
[33 9 -75]
[33 8 -75]
[33 11 -75]
[33 25 -67]
[33 8 -7]
[33 34 -37]
[33 34 -38]
[33 34 -53]
[33 34 -54]
[33 34 -52]
[33 5 -75]
[33 34 -36]
[33 9 -6]
[33 10 -7]
[33 10 -8]
[33 33 -27]
[33 3 -7]
[33 4 -9]
[33 13 -75]
[33 28 -66]
[33 18 -73]
[33 -12 -8]
[33 -10 -8]
[33 -10 -9]
[33 12 -75]
[33 26 -66]
[33 -1 -75]
[33 -2 -75]
[33 0 -75]
[33 23 -73]
[33 22 -73]
[33 -15 -10]
[33 27 -19]
[33 26 -19]
[33 6 -75]
[33 34 -58]
[33 33 -47]
[33 34 -47]
[33 34 -46]
[33 -4 -74]
[33 -2 -74]
[33 -6 -6]
[33 -7 -7]
[33 34 -40]
[33 -13 -8]
[33 33 -28]
[33 -11 -8]
[33 34 -50]
[33 34 -51]
[33 34 -32]
[33 33 -32]
[33 7 -6]
[33 -34 -51]
[33 -34 -53]
[34 5 -76]
[34 10 -6]
[34 12 -9]
[34 -9 -8]
[34 -5 -74]
[34 -4 -75]
[34 34 -41]
[34 26 -67]
[34 19 -74]
[34 20 -74]
[34 28 -67]
[34 26 -70]
[34 34 -59]
[34 34 -60]
[34 3 -8]
[34 23 -74]
[34 22 -74]
[34 21 -74]
[34 30 -67]
[34 29 -67]
[34 35 -37]
[34 35 -36]
[34 35 -58]
[34 35 -59]
[34 35 -57]
[34 -13 -7]
[34 -12 -7]
[34 35 -35]
[34 -9 -76]
[34 -7 -76]
[34 6 -76]
[34 34 -45]
[34 35 -45]
[34 29 -21]
[34 8 -6]
[34 35 -49]
[34 33 -50]
[34 24 -72]
[34 28 -19]
[34 28 -20]
[34 14 -76]
[34 15 -76]
[34 -34 -46]
[34 16 -76]
[34 27 -18]
[34 34 -39]
[34 35 -38]
[34 35 -52]
[34 35 -50]
[34 11 -76]
[34 10 -75]
[34 27 -69]
[34 27 -67]
[34 35 -32]
[34 35 -34]
[34 35 -33]
[34 8 -76]
[34 35 -43]
[34 35 -41]
[34 35 -42]
[34 33 -64]
[34 33 -65]
[34 -2 -76]
[34 0 -76]
[34 31 -67]
[34 11 -8]
[34 13 -76]
[34 8 -5]
[34 9 -5]
[34 35 -53]
[34 -11 -76]
[34 34 -30]
[34 -11 -7]
[34 -14 -9]
[34 -16 -9]
[34 35 -54]
[34 35 -31]
[34 35 -55]
[34 34 -31]
[34 -8 -6]
[34 35 -47]
[34 35 -48]
[34 32 -25]
[34 34 -27]
[34 18 -74]
[34 1 -76]
[34 1 -75]
[34 33 -62]
[34 33 -63]
[34 34 -26]
[34 34 -28]
[34 7 -76]
[34 9 -76]
[34 31 -21]
[34 30 -21]
[34 18 -75]
[34 18 -76]
[34 2 -7]
[34 3 -6]
[34 2 -8]
[34 35 -39]
[34 -10 -7]
[34 32 -23]
[34 32 -21]
[34 32 -22]
[34 2 -76]
[34 -3 -76]
[34 32 -66]
[34 4 -76]
[34 3 -75]
[34 -34 -52]
[34 26 -72]
[34 26 -71]
[34 -7 -6]
[34 33 -61]
[34 34 -29]
[34 12 -76]
[35 32 -67]
[35 33 -21]
[35 34 -65]
[35 19 -75]
[35 2 -77]
[35 1 -77]
[35 3 -76]
[35 -7 -5]
[35 27 -68]
[35 28 -68]
[35 29 -20]
[35 25 -73]
[35 25 -72]
[35 24 -71]
[35 24 -73]
[35 -12 -6]
[35 36 -31]
[35 36 -51]
[35 36 -52]
[35 36 -53]
[35 33 -67]
[35 35 -28]
[35 0 -77]
[35 14 -77]
[35 15 -77]
[35 9 -77]
[35 27 -70]
[35 36 -58]
[35 35 -60]
[35 36 -38]
[35 34 -62]
[35 34 -63]
[35 34 -64]
[35 -4 -76]
[35 6 -77]
[35 7 -77]
[35 -9 -77]
[35 -10 -76]
[35 -8 -76]
[35 36 -57]
[35 36 -49]
[35 -14 -8]
[35 -14 -7]
[35 -14 -6]
[35 31 -20]
[35 -6 -75]
[35 -6 -76]
[35 -7 -77]
[35 -6 -77]
[35 36 -54]
[35 35 -56]
[35 36 -55]
[35 20 -75]
[35 21 -75]
[35 35 -44]
[35 36 -42]
[35 28 -70]
[35 -10 -6]
[35 -9 -6]
[35 -11 -6]
[35 36 -40]
[35 36 -41]
[35 35 -40]
[35 -3 -75]
[35 -1 -77]
[35 -1 -76]
[35 10 -76]
[35 33 -22]
[35 35 -26]
[35 35 -27]
[35 10 -5]
[35 23 -75]
[35 22 -75]
[35 10 -77]
[35 3 -5]
[35 2 -6]
[35 -16 -10]
[35 -16 -8]
[35 -15 -8]
[35 34 -61]
[35 33 -66]
[35 36 -36]
[35 19 -76]
[35 35 -29]
[35 36 -34]
[35 5 -77]
[35 4 -77]
[35 1 -7]
[35 36 -50]
[35 30 -68]
[35 29 -68]
[35 26 -17]
[35 27 -17]
[35 32 -20]
[35 9 -4]
[35 -13 -6]
[35 11 -77]
[35 35 -30]
[35 1 -6]
[35 3 -77]
[35 7 -75]
[35 8 -77]
[35 13 -77]
[35 -6 -74]
[35 -6 -73]
[35 35 -25]
[35 34 -25]
[35 27 -71]
[35 36 -48]
[35 35 -46]
[35 36 -46]
[35 36 -33]
[35 36 -45]
[35 36 -44]
[35 36 -39]
[35 31 -68]
[35 -2 -77]
[35 -4 -77]
[35 17 -77]
[35 18 -77]
[35 -10 -77]
[35 36 -59]
[36 20 -76]
[36 36 -30]
[36 36 -28]
[36 36 -29]
[36 30 -20]
[36 32 -19]
[36 29 -69]
[36 28 -69]
[36 -8 -77]
[36 -7 -75]
[36 37 -59]
[36 1 -5]
[36 37 -54]
[36 36 -56]
[36 -5 -76]
[36 -5 -77]
[36 -11 -5]
[36 -10 -5]
[36 -12 -5]
[36 36 -26]
[36 36 -25]
[36 37 -41]
[36 12 -77]
[36 14 -78]
[36 36 -47]
[36 37 -45]
[36 35 -24]
[36 34 -66]
[36 34 -68]
[36 10 -78]
[36 9 -78]
[36 37 -50]
[36 -5 -78]
[36 -3 -77]
[36 -3 -78]
[36 0 -78]
[36 26 -73]
[36 36 -43]
[36 37 -44]
[36 28 -18]
[36 28 -17]
[36 27 -16]
[36 37 -42]
[36 35 -51]
[36 37 -51]
[36 -11 -77]
[36 33 -68]
[36 32 -68]
[36 -7 -78]
[36 35 -66]
[36 11 -78]
[36 12 -78]
[36 -9 -5]
[36 -8 -5]
[36 33 -24]
[36 -6 -4]
[36 -6 -5]
[36 7 -78]
[36 37 -48]
[36 8 -78]
[36 37 -57]
[36 10 -3]
[36 9 -3]
[36 10 -4]
[36 -16 -7]
[36 -15 -7]
[36 37 -30]
[36 37 -31]
[36 6 -78]
[36 5 -78]
[36 35 -61]
[36 2 -78]
[36 4 -78]
[36 29 -70]
[36 28 -71]
[36 35 -63]
[36 35 -64]
[36 3 -78]
[36 17 -78]
[36 18 -78]
[36 19 -78]
[36 37 -35]
[36 24 -74]
[36 34 -21]
[36 33 -23]
[36 34 -22]
[36 37 -49]
[36 34 -67]
[36 -5 -75]
[36 -7 -74]
[36 16 -77]
[36 17 -76]
[36 23 -76]
[36 22 -76]
[36 24 -75]
[36 24 -76]
[36 32 -69]
[36 11 -4]
[36 11 -5]
[36 37 -39]
[36 37 -40]
[36 16 -78]
[36 -2 -78]
[36 13 -78]
[36 37 -32]
[36 36 -32]
[36 37 -34]
[36 28 -72]
[36 26 -18]
[36 25 -17]
[36 25 -16]
[36 26 -16]
[36 37 -36]
[36 36 -37]
[36 36 -35]
[36 -9 -78]
[36 -8 -78]
[36 30 -69]
[36 -15 -6]
[36 -13 -5]
[36 33 -20]
[36 -15 -11]
[36 36 -27]
[36 37 -53]
[36 21 -76]
[36 37 -55]
[36 30 -19]
[36 29 -19]
[36 20 -77]
[37 27 -72]
[37 27 -73]
[37 30 -71]
[37 -11 -4]
[37 -12 -4]
[37 38 -40]
[37 38 -42]
[37 38 -41]
[37 -11 -78]
[37 -12 -77]
[37 9 -79]
[37 38 -60]
[37 38 -58]
[37 29 -18]
[37 19 -77]
[37 36 -63]
[37 35 -62]
[37 36 -62]
[37 -7 -4]
[37 -13 -4]
[37 11 -3]
[37 37 -24]
[37 37 -25]
[37 37 -26]
[37 35 -67]
[37 33 -69]
[37 35 -68]
[37 31 -19]
[37 32 -18]
[37 9 -2]
[37 11 -2]
[37 3 -79]
[37 4 -79]
[37 38 -49]
[37 38 -48]
[37 25 -18]
[37 37 -28]
[37 37 -27]
[37 23 -77]
[37 0 -4]
[37 2 -4]
[37 2 -5]
[37 -2 -79]
[37 -3 -79]
[37 31 -69]
[37 30 -70]
[37 35 -22]
[37 38 -46]
[37 38 -44]
[37 37 -46]
[37 38 -39]
[37 35 -21]
[37 5 -79]
[37 6 -79]
[37 -10 -4]
[37 -9 -4]
[37 -8 -4]
[37 8 -79]
[37 38 -35]
[37 38 -36]
[37 37 -38]
[37 22 -77]
[37 19 -79]
[37 25 -75]
[37 25 -76]
[37 -16 -5]
[37 -16 -6]
[37 -14 -5]
[37 11 -79]
[37 13 -79]
[37 37 -37]
[37 32 -70]
[37 33 -70]
[37 38 -37]
[37 7 -79]
[37 1 -79]
[37 35 -65]
[37 36 -65]
[37 12 -79]
[37 38 -54]
[37 20 -78]
[37 -4 -78]
[37 18 -79]
[37 20 -79]
[37 10 -79]
[37 38 -33]
[37 30 -18]
[37 10 -2]
[37 -8 -79]
[37 -6 -78]
[37 -6 -79]
[37 38 -31]
[37 15 -78]
[37 25 -19]
[37 38 -57]
[37 38 -56]
[37 37 -58]
[37 31 -18]
[37 -17 -7]
[37 28 -16]
[37 27 -15]
[37 26 -15]
[37 38 -30]
[37 37 -29]
[37 32 -24]
[37 34 -24]
[37 34 -23]
[37 36 -67]
[37 29 -72]
[37 28 -73]
[37 29 -71]
[37 29 -73]
[37 14 -79]
[37 -1 -78]
[37 1 -78]
[37 0 -79]
[37 38 -43]
[37 38 -45]
[37 15 -79]
[37 38 -50]
[37 38 -52]
[37 38 -51]
[37 33 -19]
[37 34 -20]
[37 36 -24]
[37 35 -23]
[37 29 -17]
[37 29 -16]
[37 36 -60]
[37 36 -61]
[37 38 -53]
[37 37 -43]
[37 -4 -79]
[37 21 -77]
[37 -14 -4]
[37 -5 -4]
[38 38 -59]
[38 39 -58]
[38 31 -17]
[38 24 -19]
[38 39 -56]
[38 38 -38]
[38 3 -4]
[38 2 -3]
[38 -8 -3]
[38 -6 -3]
[38 -10 -3]
[38 -11 -3]
[38 16 -80]
[38 16 -79]
[38 15 -80]
[38 14 -80]
[38 22 -78]
[38 -5 -79]
[38 -4 -3]
[38 26 -74]
[38 28 -15]
[38 26 -14]
[38 39 -34]
[38 39 -32]
[38 39 -33]
[38 37 -33]
[38 38 -34]
[38 38 -27]
[38 38 -28]
[38 -15 -3]
[38 -15 -5]
[38 37 -52]
[38 39 -51]
[38 39 -52]
[38 31 -70]
[38 39 -37]
[38 39 -38]
[38 30 -17]
[38 32 -17]
[38 33 -18]
[38 -9 -3]
[38 -7 -3]
[38 -17 -4]
[38 -15 -4]
[38 26 -76]
[38 25 -77]
[38 26 -77]
[38 10 -80]
[38 8 -80]
[38 38 -29]
[38 39 -31]
[38 38 -25]
[38 38 -26]
[38 23 -78]
[38 24 -78]
[38 24 -77]
[38 38 -47]
[38 39 -47]
[38 37 -47]
[38 17 -80]
[38 17 -79]
[38 36 -22]
[38 30 -73]
[38 -1 -79]
[38 36 -64]
[38 37 -66]
[38 36 -66]
[38 37 -64]
[38 25 -74]
[38 33 -71]
[38 31 -71]
[38 30 -72]
[38 39 -43]
[38 33 -25]
[38 39 -48]
[38 39 -50]
[38 32 -71]
[38 29 -74]
[38 39 -45]
[38 34 -70]
[38 34 -69]
[38 -12 -3]
[38 36 -23]
[38 39 -39]
[38 39 -40]
[38 37 -23]
[38 6 -80]
[38 11 -80]
[38 21 -78]
[38 39 -44]
[38 39 -42]
[38 -5 -80]
[38 9 -80]
[38 39 -30]
[38 31 -72]
[38 37 -56]
[38 38 -55]
[38 39 -57]
[38 37 -61]
[38 37 -62]
[38 37 -60]
[38 5 -80]
[38 4 -80]
[38 7 -80]
[38 39 -36]
[38 39 -35]
[38 36 -68]
[38 39 -53]
[38 25 -15]
[38 36 -69]
[38 13 -80]
[38 -6 -80]
[38 28 -74]
[38 -13 -3]
[38 34 -18]
[38 -7 -79]
[38 30 -15]
[38 29 -15]
[38 24 -18]
[38 -9 -80]
[38 -10 -78]
[38 0 -80]
[38 1 -80]
[38 2 -80]
[38 39 -61]
[38 39 -59]
[38 38 -61]
[38 39 -60]
[38 36 -20]
[38 35 -20]
[38 35 -19]
[38 34 -19]
[38 -2 -80]
[38 39 -55]
[38 39 -46]
[38 12 -80]
[39 40 -62]
[39 40 -60]
[39 39 -62]
[39 27 -77]
[39 26 -78]
[39 40 -46]
[39 40 -58]
[39 40 -57]
[39 38 -62]
[39 -3 -3]
[39 -3 -4]
[39 -4 -4]
[39 -5 -3]
[39 39 -49]
[39 40 -49]
[39 40 -50]
[39 40 -51]
[39 39 -54]
[39 40 -59]
[39 40 -61]
[39 4 -81]
[39 -1 -80]
[39 -11 -2]
[39 -9 -2]
[39 11 -81]
[39 40 -31]
[39 40 -33]
[39 25 -78]
[39 35 -69]
[39 39 -29]
[39 40 -30]
[39 40 -29]
[39 40 -38]
[39 15 -81]
[39 13 -81]
[39 -5 -2]
[39 3 -80]
[39 3 -81]
[39 5 -81]
[39 38 -63]
[39 40 -43]
[39 40 -45]
[39 39 -28]
[39 32 -16]
[39 31 -16]
[39 37 -69]
[39 37 -70]
[39 7 -81]
[39 9 -81]
[39 4 -5]
[39 3 -3]
[39 40 -39]
[39 -16 -4]
[39 40 -44]
[39 37 -65]
[39 38 -65]
[39 38 -64]
[39 37 -63]
[39 40 -55]
[39 40 -54]
[39 38 -23]
[39 37 -22]
[39 38 -24]
[39 32 -72]
[39 31 -15]
[39 30 -14]
[39 26 -75]
[39 27 -74]
[39 33 -17]
[39 34 -17]
[39 35 -18]
[39 38 -66]
[39 -5 -81]
[39 14 -81]
[39 27 -76]
[39 37 -21]
[39 37 -19]
[39 -12 -2]
[39 -10 -2]
[39 -14 -3]
[39 -16 -2]
[39 -14 -2]
[39 -18 -4]
[39 -16 -3]
[39 -17 -5]
[39 -18 -3]
[39 -17 -3]
[39 1 -81]
[39 0 -81]
[39 2 -79]
[39 2 -81]
[39 25 -14]
[39 27 -14]
[39 27 -13]
[39 31 -73]
[39 32 -73]
[39 -8 -2]
[39 22 -79]
[39 21 -79]
[39 40 -36]
[39 10 -81]
[39 16 -81]
[39 40 -52]
[39 40 -32]
[39 38 -32]
[39 40 -41]
[39 39 -41]
[39 33 -72]
[39 -7 -81]
[39 -7 -80]
[39 40 -47]
[39 -1 -81]
[39 -10 -79]
[39 -7 -2]
[39 -6 -2]
[39 36 -21]
[39 -9 -81]
[39 -9 -79]
[39 -10 -80]
[39 -8 -81]
[39 -8 -80]
[39 -13 -2]
[39 29 -14]
[39 28 -14]
[39 30 -16]
[39 40 -35]
[39 40 -34]
[39 39 -26]
[39 28 -75]
[39 30 -75]
[39 8 -81]
[39 30 -74]
[39 1 -2]
[39 1 -4]
[39 1 -3]
[39 2 -2]
[39 39 -25]
[40 1 -82]
[40 0 -82]
[40 -1 -82]
[40 38 -21]
[40 41 -33]
[40 41 -34]
[40 41 -40]
[40 41 -39]
[40 40 -40]
[40 41 -38]
[40 -12 -1]
[40 -13 -1]
[40 -11 -1]
[40 -19 -3]
[40 1 -1]
[40 0 -3]
[40 28 -13]
[40 39 -63]
[40 40 -63]
[40 39 -64]
[40 -17 -1]
[40 -2 -4]
[40 -2 -3]
[40 -3 -5]
[40 -4 -5]
[40 -10 -81]
[40 -9 -82]
[40 4 -4]
[40 7 -82]
[40 8 -82]
[40 36 -70]
[40 -2 -81]
[40 -2 -82]
[40 40 -56]
[40 41 -55]
[40 41 -54]
[40 41 -56]
[40 13 -82]
[40 35 -16]
[40 33 -16]
[40 9 -82]
[40 10 -82]
[40 26 -13]
[40 14 -82]
[40 27 -75]
[40 39 -24]
[40 38 -22]
[40 6 -82]
[40 4 -82]
[40 40 -28]
[40 29 -13]
[40 39 -66]
[40 38 -67]
[40 37 -67]
[40 41 -29]
[40 41 -42]
[40 41 -44]
[40 -15 -1]
[40 -14 -1]
[40 -15 -2]
[40 39 -65]
[40 40 -26]
[40 41 -51]
[40 15 -82]
[40 40 -53]
[40 41 -52]
[40 27 -79]
[40 2 -82]
[40 4 -3]
[40 -6 -81]
[40 41 -61]
[40 41 -60]
[40 41 -31]
[40 41 -32]
[40 -7 -1]
[40 40 -48]
[40 28 -77]
[40 39 -27]
[40 40 -37]
[40 5 -82]
[40 41 -59]
[40 41 -58]
[40 3 -82]
[40 41 -62]
[40 33 -15]
[40 32 -15]
[40 31 -74]
[40 34 -72]
[40 34 -71]
[40 33 -73]
[40 41 -48]
[40 41 -46]
[40 36 -71]
[40 38 -69]
[40 -7 -82]
[40 -6 -82]
[40 31 -75]
[40 -11 -80]
[40 -11 -81]
[40 12 -81]
[40 30 -76]
[40 29 -76]
[40 29 -75]
[40 35 -17]
[40 36 -18]
[40 -8 -1]
[40 40 -27]
[40 41 -47]
[40 41 -35]
[40 41 -57]
[40 -6 -1]
[40 41 -50]
[40 28 -78]
[40 27 -78]
[40 -8 -82]
[40 28 -12]
[40 27 -12]
[40 -4 -82]
[40 -4 -80]
[40 -4 -81]
[40 41 -30]
[40 41 -53]
[40 41 -41]
[40 21 -80]
[40 38 -20]
[40 2 -1]
[40 30 -13]
[40 32 -14]
[40 38 -18]
[40 38 -19]
[41 -16 -1]
[41 -18 0]
[41 -17 -2]
[41 28 -76]
[41 29 -78]
[41 40 -42]
[41 42 -40]
[41 -4 -6]
[41 42 -33]
[41 42 -31]
[41 42 -43]
[41 42 -44]
[41 41 -43]
[41 42 -53]
[41 26 -12]
[41 26 -11]
[41 28 -11]
[41 -8 0]
[41 -7 0]
[41 37 -68]
[41 39 -68]
[41 -10 0]
[41 -11 0]
[41 -10 -1]
[41 -7 -83]
[41 -3 -2]
[41 -10 -82]
[41 -10 -83]
[41 -9 -83]
[41 -5 -82]
[41 12 -83]
[41 -8 -83]
[41 -3 -81]
[41 -3 -82]
[41 -12 -81]
[41 -11 -79]
[41 37 -20]
[41 39 -20]
[41 39 -19]
[41 42 -38]
[41 11 -82]
[41 39 -22]
[41 39 -21]
[41 39 -23]
[41 39 -67]
[41 40 -65]
[41 40 -67]
[41 31 -76]
[41 32 -76]
[41 36 -19]
[41 37 -18]
[41 -3 -80]
[41 41 -27]
[41 9 -83]
[41 12 -82]
[41 42 -34]
[41 32 -74]
[41 32 -75]
[41 31 -14]
[41 31 -13]
[41 30 -12]
[41 42 -39]
[41 29 -77]
[41 30 -77]
[41 42 -60]
[41 26 -80]
[41 26 -79]
[41 7 -83]
[41 5 -83]
[41 6 -81]
[41 6 -83]
[41 40 -64]
[41 4 -83]
[41 34 -73]
[41 29 -12]
[41 39 -69]
[41 39 -70]
[41 8 -83]
[41 1 -83]
[41 -1 -83]
[41 -14 0]
[41 41 -49]
[41 36 -17]
[41 36 -16]
[41 14 -83]
[41 13 -83]
[41 28 -79]
[41 42 -52]
[41 42 -49]
[41 42 -51]
[41 2 -83]
[41 41 -28]
[41 42 -29]
[41 42 -47]
[41 34 -16]
[41 41 -63]
[41 -15 0]
[41 -13 0]
[41 36 -72]
[41 37 -71]
[41 35 -72]
[41 35 -71]
[41 38 -17]
[41 37 -17]
[41 39 -17]
[41 39 -18]
[41 34 -15]
[41 42 -36]
[41 42 -35]
[41 41 -36]
[41 42 -57]
[41 41 -25]
[41 41 -26]
[41 -5 -1]
[41 -5 0]
[41 42 -48]
[41 35 -15]
[41 -11 -82]
[41 41 -64]
[41 1 0]
[41 3 -1]
[41 27 -11]
[41 2 0]
[41 0 -1]
[41 0 -2]
[41 4 -2]
[41 3 -2]
[41 33 -14]
[41 -5 -83]
[41 0 -83]
[41 -2 -83]
[41 40 -23]
[41 -9 -1]
[41 -9 0]
[42 41 -22]
[42 41 -68]
[42 40 -66]
[42 41 -67]
[42 32 -13]
[42 43 -32]
[42 7 -84]
[42 6 -84]
[42 33 -75]
[42 33 -76]
[42 -15 1]
[42 -13 1]
[42 -14 1]
[42 40 -17]
[42 40 -18]
[42 42 -63]
[42 42 -65]
[42 41 -65]
[42 13 -84]
[42 42 -54]
[42 43 -52]
[42 42 -37]
[42 43 -38]
[42 28 -10]
[42 2 -84]
[42 3 -83]
[42 1 -84]
[42 -10 -84]
[42 43 -28]
[42 42 -30]
[42 42 -50]
[42 33 -74]
[42 35 -74]
[42 10 -83]
[42 -8 1]
[42 43 -46]
[42 43 -47]
[42 2 1]
[42 1 1]
[42 -7 -84]
[42 3 1]
[42 3 0]
[42 43 -36]
[42 43 -35]
[42 40 -24]
[42 40 -22]
[42 4 -1]
[42 12 -84]
[42 11 -84]
[42 38 -70]
[42 37 -72]
[42 38 -72]
[42 -18 1]
[42 35 -73]
[42 30 -11]
[42 29 -11]
[42 42 -25]
[42 40 -25]
[42 42 -26]
[42 34 -14]
[42 42 -42]
[42 -12 1]
[42 -4 -1]
[42 -4 0]
[42 4 -84]
[42 36 -15]
[42 -2 -84]
[42 -1 -84]
[42 5 -1]
[42 42 -27]
[42 42 -58]
[42 43 -58]
[42 42 -56]
[42 43 -57]
[42 43 -42]
[42 -6 -83]
[42 -10 1]
[42 29 -79]
[42 30 -78]
[42 -5 -6]
[42 43 -60]
[42 43 -61]
[42 38 -68]
[42 40 -69]
[42 43 -48]
[42 43 -51]
[42 0 -84]
[42 43 -34]
[42 -16 1]
[42 -16 0]
[42 42 -64]
[42 42 -62]
[42 40 -71]
[42 -8 -84]
[42 31 -11]
[42 31 -12]
[42 27 -80]
[42 43 -39]
[42 43 -33]
[42 -17 0]
[42 38 -16]
[42 37 -16]
[42 27 -10]
[42 29 -10]
[42 -3 -1]
[42 -4 -2]
[42 -2 -2]
[42 -11 -83]
[42 11 -83]
[42 -4 -83]
[42 -5 -84]
[42 -12 -83]
[42 36 -73]
[42 -11 1]
[42 40 -68]
[42 31 -77]
[42 40 -70]
[42 27 -81]
[42 40 -21]
[42 40 -19]
[42 40 -20]
[42 42 -41]
[42 43 -40]
[42 -12 -80]
[42 8 -84]
[42 43 -43]
[42 42 -45]
[42 43 -45]
[42 41 -45]
[42 -9 -84]
[42 -11 -84]
[43 44 -40]
[43 -9 -85]
[43 -10 -85]
[43 -7 -85]
[43 -8 -85]
[43 43 -56]
[43 44 -57]
[43 44 -58]
[43 43 -63]
[43 43 -62]
[43 42 -61]
[43 -5 -5]
[43 -5 -7]
[43 43 -44]
[43 41 -69]
[43 41 -71]
[43 39 -71]
[43 -11 -85]
[43 44 -33]
[43 44 -34]
[43 41 -19]
[43 41 -17]
[43 39 -16]
[43 40 -16]
[43 44 -53]
[43 44 -51]
[43 32 -12]
[43 6 -85]
[43 -10 2]
[43 43 -49]
[43 42 -32]
[43 41 -20]
[43 3 -85]
[43 3 -84]
[43 44 -38]
[43 42 -68]
[43 42 -67]
[43 32 -77]
[43 7 -85]
[43 4 0]
[43 3 2]
[43 4 2]
[43 4 1]
[43 -17 1]
[43 -16 2]
[43 -9 1]
[43 -8 2]
[43 -7 2]
[43 -2 -1]
[43 36 -74]
[43 28 -9]
[43 41 -66]
[43 44 -44]
[43 44 -46]
[43 42 -46]
[43 2 2]
[43 1 2]
[43 28 -80]
[43 44 -41]
[43 44 -39]
[43 -4 -84]
[43 -3 -83]
[43 -3 -84]
[43 37 -15]
[43 44 -43]
[43 43 -41]
[43 44 -42]
[43 5 -84]
[43 44 -36]
[43 32 -10]
[43 42 -22]
[43 42 -21]
[43 38 -73]
[43 38 -71]
[43 37 -73]
[43 31 -78]
[43 -12 -85]
[43 34 -75]
[43 34 -74]
[43 33 -13]
[43 35 -14]
[43 43 -31]
[43 43 -65]
[43 43 -37]
[43 12 -85]
[43 29 -9]
[43 43 -29]
[43 0 -85]
[43 -2 -85]
[43 -6 -84]
[43 39 -15]
[43 38 -15]
[43 -14 2]
[43 -15 2]
[43 44 -47]
[43 44 -49]
[43 1 -85]
[43 -1 -85]
[43 42 -66]
[43 43 -64]
[43 43 -26]
[43 43 -25]
[43 -5 1]
[43 -17 2]
[43 44 -28]
[43 44 -27]
[43 39 -72]
[43 41 -70]
[43 41 -72]
[43 -13 2]
[43 -12 2]
[43 -11 2]
[43 44 -59]
[43 42 -59]
[43 43 -59]
[43 42 -28]
[43 43 -27]
[43 30 -10]
[43 30 -9]
[43 11 -85]
[43 10 -84]
[43 -5 -85]
[43 -6 -85]
[43 43 -53]
[43 37 -74]
[43 0 0]
[43 -12 0]
[43 44 -37]
[43 44 -35]
[43 -13 -84]
[43 -13 -83]
[43 -13 -82]
[43 -12 -82]
[43 -13 -81]
[43 39 -73]
[43 44 -52]
[43 43 -50]
[43 -3 0]
[44 38 -74]
[44 35 -13]
[44 34 -13]
[44 -6 -86]
[44 32 -11]
[44 33 -12]
[44 33 -11]
[44 45 -41]
[44 5 -85]
[44 -4 1]
[44 -3 1]
[44 45 -50]
[44 45 -49]
[44 44 -48]
[44 -14 -83]
[44 44 -54]
[44 45 -52]
[44 43 -54]
[44 -1 -86]
[44 41 -21]
[44 43 -21]
[44 42 -69]
[44 43 -68]
[44 43 -67]
[44 -2 -86]
[44 -3 -86]
[44 45 -46]
[44 45 -47]
[44 45 -45]
[44 44 -45]
[44 44 -50]
[44 44 -25]
[44 -6 1]
[44 -6 3]
[44 -7 1]
[44 -8 3]
[44 -6 2]
[44 4 3]
[44 2 3]
[44 45 -36]
[44 45 -35]
[44 38 -14]
[44 37 -14]
[44 36 -14]
[44 40 -72]
[44 42 -73]
[44 42 -71]
[44 42 -72]
[44 40 -73]
[44 6 -86]
[44 7 -86]
[44 0 -86]
[44 -9 2]
[44 45 -59]
[44 45 -57]
[44 45 -58]
[44 11 -86]
[44 45 -26]
[44 45 -27]
[44 -12 3]
[44 -10 -86]
[44 41 -18]
[44 42 -16]
[44 41 -16]
[44 42 -17]
[44 44 -60]
[44 45 -60]
[44 44 -65]
[44 44 -64]
[44 45 -42]
[44 -7 -86]
[44 -8 -86]
[44 44 -55]
[44 44 -30]
[44 -13 3]
[44 43 -22]
[44 -4 -85]
[44 41 -15]
[44 40 -15]
[44 44 -29]
[44 3 3]
[44 42 -70]
[44 -14 3]
[44 45 -34]
[44 1 -86]
[44 2 -85]
[44 2 -86]
[44 44 -56]
[44 45 -56]
[44 45 -51]
[44 45 -53]
[44 45 -40]
[44 45 -39]
[44 43 -66]
[44 -1 0]
[44 10 -85]
[44 5 2]
[44 44 -26]
[44 43 -24]
[44 42 -24]
[44 3 -86]
[44 4 -86]
[44 -13 -85]
[44 -11 -86]
[44 -12 -84]
[44 -13 -86]
[44 42 -19]
[44 42 -20]
[44 -5 -86]
[44 44 -62]
[44 33 -9]
[44 31 -10]
[44 4 -85]
[44 45 -33]
[44 44 -32]
[44 -11 3]
[44 -10 3]
[44 -14 -85]
[44 45 -48]
[44 45 -38]
[44 28 -8]
[44 29 -8]
[44 39 -14]
[44 45 -43]
[44 -17 3]
[44 -15 3]
[44 -14 -84]
[44 44 -61]
[44 31 -9]
[44 34 -12]
[44 -4 2]
[44 -5 2]
[44 -3 -85]
[45 32 -8]
[45 34 -9]
[45 46 -45]
[45 42 -23]
[45 43 -23]
[45 -6 -87]
[45 -8 -87]
[45 30 -8]
[45 34 -11]
[45 43 -20]
[45 42 -15]
[45 44 -66]
[45 6 -87]
[45 43 -55]
[45 45 -55]
[45 43 -69]
[45 -4 -86]
[45 -9 -87]
[45 -10 -87]
[45 -1 -87]
[45 46 -51]
[45 46 -50]
[45 1 -87]
[45 45 -28]
[45 44 -63]
[45 45 -31]
[45 45 -29]
[45 -4 3]
[45 -5 3]
[45 5 3]
[45 6 1]
[45 6 3]
[45 -2 1]
[45 -2 0]
[45 46 -35]
[45 46 -34]
[45 -6 0]
[45 37 -13]
[45 41 -73]
[45 44 -20]
[45 44 -22]
[45 44 -21]
[45 46 -27]
[45 43 -71]
[45 43 -70]
[45 -15 -84]
[45 5 -87]
[45 3 -87]
[45 46 -48]
[45 -7 4]
[45 -9 3]
[45 -8 4]
[45 -11 -87]
[45 -17 4]
[45 39 -13]
[45 38 -13]
[45 45 -24]
[45 45 -25]
[45 28 -7]
[45 46 -37]
[45 45 -37]
[45 -11 4]
[45 5 -86]
[45 45 -44]
[45 46 -42]
[45 33 -10]
[45 45 -63]
[45 45 -62]
[45 46 -33]
[45 30 -7]
[45 7 -87]
[45 46 -60]
[45 46 -59]
[45 46 -58]
[45 43 -16]
[45 -7 -87]
[45 45 -30]
[45 43 -30]
[45 -3 -87]
[45 -4 -87]
[45 -9 -86]
[45 -7 3]
[45 43 -72]
[45 46 -32]
[45 46 -47]
[45 41 -14]
[45 44 -23]
[45 44 -24]
[45 45 -54]
[45 46 -53]
[45 -9 4]
[45 46 -56]
[45 -15 4]
[45 -16 3]
[45 -16 4]
[45 46 -38]
[45 46 -40]
[45 41 -23]
[45 41 -24]
[45 36 -12]
[45 43 -18]
[45 43 -17]
[45 42 -18]
[45 46 -49]
[45 0 -87]
[45 45 -32]
[45 44 -31]
[45 45 -66]
[45 -13 -87]
[45 -12 -86]
[45 -12 -87]
[45 -14 -87]
[45 -5 4]
[45 46 -43]
[45 46 -39]
[45 -15 -85]
[45 -14 -86]
[45 -15 -86]
[45 2 -87]
[45 45 -61]
[45 46 -46]
[45 43 -19]
[45 40 -14]
[45 42 -55]
[45 44 -69]
[45 46 -57]
[45 46 -52]
[45 -12 4]
[45 -2 2]
[45 -3 2]
[46 46 -30]
[46 -7 -88]
[46 -6 -88]
[46 -5 -88]
[46 47 -49]
[46 47 -47]
[46 36 -13]
[46 -16 -85]
[46 46 -36]
[46 47 -38]
[46 -5 -87]
[46 -1 1]
[46 47 -53]
[46 47 -32]
[46 47 -33]
[46 47 -31]
[46 1 -88]
[46 47 -41]
[46 46 -41]
[46 34 -10]
[46 46 -62]
[46 46 -61]
[46 7 -88]
[46 46 -26]
[46 46 -24]
[46 46 -25]
[46 47 -51]
[46 45 -19]
[46 45 -21]
[46 44 -19]
[46 -8 -88]
[46 -8 5]
[46 -9 5]
[46 -10 5]
[46 -2 3]
[46 46 -44]
[46 31 -7]
[46 31 -8]
[46 44 -71]
[46 44 -70]
[46 -6 4]
[46 -2 -88]
[46 46 -55]
[46 5 -88]
[46 46 -28]
[46 46 -29]
[46 29 -7]
[46 30 -6]
[46 31 -6]
[46 47 -60]
[46 47 -59]
[46 46 -54]
[46 44 -16]
[46 44 -18]
[46 44 -17]
[46 -15 -83]
[46 35 -12]
[46 6 2]
[46 45 -65]
[46 46 -65]
[46 46 -66]
[46 -3 3]
[46 -4 4]
[46 36 -11]
[46 37 -11]
[46 35 -11]
[46 45 -67]
[46 45 -64]
[46 47 -39]
[46 -10 -88]
[46 -11 -88]
[46 -12 -88]
[46 -5 5]
[46 -4 5]
[46 -6 5]
[46 -15 -87]
[46 47 -50]
[46 47 -48]
[46 45 -22]
[46 6 0]
[46 -3 -88]
[46 41 -13]
[46 45 -23]
[46 44 -68]
[46 -10 4]
[46 46 -23]
[46 -13 -88]
[46 33 -8]
[46 34 -8]
[46 47 -43]
[46 47 -44]
[46 47 -35]
[46 47 -36]
[46 47 -34]
[46 -16 -84]
[46 47 -58]
[46 47 -57]
[46 27 -7]
[46 28 -6]
[46 -14 -88]
[46 38 -12]
[46 39 -12]
[46 40 -12]
[46 47 -56]
[46 47 -55]
[46 -1 -88]
[46 45 -69]
[46 42 -14]
[46 43 -15]
[46 37 -12]
[46 4 -87]
[46 4 -88]
[46 3 -88]
[47 48 -35]
[47 36 -10]
[47 44 -14]
[47 43 -14]
[47 44 -15]
[47 38 -11]
[47 39 -11]
[47 46 -68]
[47 46 -67]
[47 -14 -89]
[47 48 -41]
[47 47 -42]
[47 48 -42]
[47 6 -88]
[47 8 -89]
[47 48 -55]
[47 48 -54]
[47 -2 -89]
[47 -1 -89]
[47 48 -56]
[47 46 -64]
[47 -1 2]
[47 46 -19]
[47 -1 3]
[47 -2 4]
[47 47 -37]
[47 48 -49]
[47 48 -50]
[47 47 -26]
[47 47 -24]
[47 48 -37]
[47 48 -36]
[47 40 -13]
[47 42 -13]
[47 41 -12]
[47 46 -63]
[47 -6 6]
[47 -4 6]
[47 45 -15]
[47 45 -16]
[47 47 -23]
[47 -17 -84]
[47 47 -46]
[47 48 -48]
[47 48 -46]
[47 48 -44]
[47 48 -51]
[47 47 -54]
[47 48 -53]
[47 47 -52]
[47 32 -5]
[47 32 -7]
[47 43 -13]
[47 46 -20]
[47 46 -21]
[47 -3 5]
[47 -3 6]
[47 -5 6]
[47 -3 4]
[47 48 -38]
[47 40 -11]
[47 45 -17]
[47 45 -18]
[47 -4 -89]
[47 -6 -89]
[47 -5 -89]
[47 -4 -88]
[47 47 -64]
[47 47 -66]
[47 48 -47]
[47 0 -88]
[47 0 -89]
[47 48 -33]
[47 48 -32]
[47 -8 -89]
[47 47 -30]
[47 -13 -89]
[47 34 -7]
[47 5 0]
[47 7 1]
[47 -3 -89]
[47 -2 -87]
[47 -9 6]
[47 46 -22]
[47 47 -22]
[47 41 -11]
[47 37 -10]
[47 48 -58]
[47 48 -59]
[47 30 -5]
[47 -7 5]
[47 47 -29]
[47 47 -28]
[47 47 -27]
[47 -12 -89]
[47 35 -7]
[47 35 -9]
[47 2 -88]
[47 46 -31]
[47 48 -52]
[47 -7 -89]
[47 -9 -88]
[47 35 -10]
[47 -10 -89]
[47 -9 -89]
[47 -11 -89]
[47 5 1]
[47 7 2]
[47 48 -39]
[47 47 -40]
[47 27 -6]
[47 29 -5]
[47 28 -5]
[47 47 -62]
[48 48 -26]
[48 47 -25]
[48 48 -23]
[48 48 -24]
[48 47 -67]
[48 -2 -90]
[48 48 -45]
[48 48 -57]
[48 48 -31]
[48 48 -30]
[48 49 -56]
[48 46 -18]
[48 48 -62]
[48 48 -61]
[48 47 -65]
[48 47 -63]
[48 -13 -90]
[48 -10 -90]
[48 -11 -90]
[48 48 -34]
[48 49 -35]
[48 49 -36]
[48 -5 7]
[48 31 -4]
[48 31 -5]
[48 29 -6]
[48 30 -4]
[48 49 -48]
[48 49 -49]
[48 49 -44]
[48 47 -45]
[48 48 -65]
[48 48 -63]
[48 42 -12]
[48 33 -4]
[48 32 -6]
[48 33 -6]
[48 35 -8]
[48 36 -9]
[48 49 -42]
[48 48 -40]
[48 49 -53]
[48 49 -55]
[48 -7 7]
[48 -6 7]
[48 49 -46]
[48 42 -11]
[48 42 -10]
[48 41 -10]
[48 -3 -90]
[48 -4 -90]
[48 46 -17]
[48 46 -15]
[48 -2 5]
[48 45 -14]
[48 -6 -90]
[48 -7 -90]
[48 -8 -90]
[48 -9 -90]
[48 -2 7]
[48 -4 7]
[48 -2 6]
[48 49 -41]
[48 48 -43]
[48 -15 -90]
[48 49 -47]
[48 36 -8]
[48 36 -6]
[48 34 -6]
[48 47 -21]
[48 49 -39]
[48 49 -59]
[48 49 -60]
[48 45 -20]
[48 47 -18]
[48 47 -19]
[48 0 -90]
[48 48 -28]
[48 -5 -90]
[48 2 -89]
[48 38 -10]
[48 38 -9]
[48 -3 7]
[48 7 -89]
[48 7 -90]
[48 49 -33]
[48 29 -4]
[48 49 -50]
[48 48 -21]
[48 48 -66]
[48 47 -20]
[48 49 -38]
[48 49 -40]
[48 39 -10]
[48 40 -10]
[48 48 -27]
[48 -9 7]
[48 -8 7]
[48 47 -68]
[48 45 -68]
[48 -1 -90]
[48 49 -32]
[48 49 -31]
[48 46 -16]
[49 49 -57]
[49 49 -26]
[49 49 -28]
[49 48 -22]
[49 50 -49]
[49 -9 -91]
[49 -8 -91]
[49 -3 -91]
[49 48 -25]
[49 50 -54]
[49 50 -55]
[49 50 -56]
[49 49 -54]
[49 50 -46]
[49 50 -47]
[49 -5 -91]
[49 -7 -91]
[49 47 -17]
[49 47 -16]
[49 49 -27]
[49 49 -29]
[49 50 -51]
[49 49 -23]
[49 49 -66]
[49 48 -64]
[49 -16 -91]
[49 -15 -91]
[49 -16 -90]
[49 -14 -90]
[49 50 -32]
[49 49 -30]
[49 50 -38]
[49 -4 8]
[49 -2 8]
[49 1 -89]
[49 0 -91]
[49 -11 -91]
[49 37 -5]
[49 37 -7]
[49 36 -5]
[49 35 -6]
[49 36 -7]
[49 41 -9]
[49 43 -11]
[49 43 -9]
[49 44 -67]
[49 -1 -91]
[49 -2 -91]
[49 49 -34]
[49 50 -33]
[49 50 -34]
[49 49 -61]
[49 49 -62]
[49 47 -61]
[49 49 -64]
[49 -5 8]
[49 49 -45]
[49 6 -91]
[49 50 -48]
[49 37 -8]
[49 37 -9]
[49 43 -12]
[49 33 -7]
[49 50 -35]
[49 44 -13]
[49 46 -14]
[49 40 -9]
[49 39 -9]
[49 49 -24]
[49 50 -40]
[49 50 -41]
[49 50 -42]
[49 50 -53]
[49 42 -9]
[49 6 -90]
[49 8 -90]
[49 48 -18]
[49 49 -20]
[49 48 -20]
[49 35 -5]
[49 33 -5]
[49 49 -37]
[49 50 -37]
[49 -12 -91]
[49 34 -5]
[49 49 -65]
[49 48 -67]
[49 34 -3]
[49 34 -4]
[49 -4 -91]
[49 48 -17]
[49 48 -19]
[49 48 -60]
[49 -7 6]
[49 -7 8]
[49 -8 6]
[49 -6 -91]
[49 32 -3]
[49 32 -4]
[49 31 -3]
[49 50 -58]
[49 50 -61]
[49 50 -59]
[49 50 -60]
[49 49 -43]
[49 -14 -91]
[49 -12 -90]
[49 -13 -91]
[49 50 -44]
[49 -9 8]
[50 50 -26]
[50 31 -2]
[50 33 -2]
[50 32 -2]
[50 -15 -89]
[50 50 -36]
[50 51 -37]
[50 40 -8]
[50 39 -8]
[50 41 -8]
[50 51 -59]
[50 -3 8]
[50 -2 9]
[50 -3 9]
[50 42 -8]
[50 -9 9]
[50 50 -43]
[50 50 -45]
[50 51 -43]
[50 51 -45]
[50 51 -49]
[50 48 -16]
[50 49 -18]
[50 49 -25]
[50 50 -23]
[50 45 -12]
[50 -11 -92]
[50 -10 -92]
[50 51 -47]
[50 51 -46]
[50 50 -62]
[50 51 -58]
[50 50 -57]
[50 50 -31]
[50 51 -60]
[50 50 -28]
[50 50 -29]
[50 33 -3]
[50 35 -4]
[50 -9 -92]
[50 38 -8]
[50 51 -53]
[50 35 -2]
[50 51 -33]
[50 51 -34]
[50 51 -35]
[50 51 -36]
[50 50 -52]
[50 49 -51]
[50 50 -50]
[50 51 -51]
[50 44 -8]
[50 43 -10]
[50 43 -8]
[50 -2 -92]
[50 49 -63]
[50 51 -55]
[50 51 -54]
[50 -14 -92]
[50 -13 -92]
[50 51 -48]
[50 51 -50]
[50 50 -66]
[50 -6 8]
[50 -8 9]
[50 -8 8]
[50 49 -17]
[50 49 -19]
[50 -5 -92]
[50 -6 -92]
[50 -4 -92]
[50 51 -31]
[50 51 -32]
[50 51 -42]
[50 -7 -92]
[50 51 -41]
[50 49 -21]
[50 50 -20]
[50 50 -64]
[50 50 -65]
[50 51 -38]
[50 36 -4]
[50 45 -13]
[50 47 -13]
[50 47 -14]
[50 46 -13]
[50 47 -15]
[50 50 -27]
[50 -3 -92]
[50 -15 -92]
[50 5 -91]
[50 49 -52]
[50 48 -15]
[50 37 -4]
[50 38 -6]
[50 38 -4]
[50 44 -11]
[50 44 -10]
[50 49 -22]
[50 51 -62]
[50 51 -56]
[51 50 -18]
[51 50 -16]
[51 -14 -93]
[51 50 -63]
[51 33 -1]
[51 32 -1]
[51 34 -1]
[51 -3 10]
[51 -2 10]
[51 52 -62]
[51 52 -61]
[51 52 -63]
[51 52 -52]
[51 52 -54]
[51 -15 -93]
[51 -6 9]
[51 -7 9]
[51 36 -2]
[51 35 -3]
[51 36 -3]
[51 34 -2]
[51 36 -1]
[51 51 -63]
[51 51 -65]
[51 52 -33]
[51 38 -5]
[51 45 -8]
[51 45 -7]
[51 44 -7]
[51 -3 -93]
[51 -5 -93]
[51 52 -51]
[51 52 -43]
[51 52 -47]
[51 48 -13]
[51 52 -37]
[51 52 -38]
[51 51 -27]
[51 40 -7]
[51 41 -7]
[51 51 -30]
[51 50 -30]
[51 51 -61]
[51 50 -19]
[51 45 -11]
[51 45 -10]
[51 52 -55]
[51 51 -44]
[51 52 -42]
[51 51 -66]
[51 39 -7]
[51 39 -4]
[51 38 -3]
[51 51 -25]
[51 51 -26]
[51 52 -40]
[51 51 -40]
[51 52 -36]
[51 44 -9]
[51 42 -7]
[51 50 -21]
[51 50 -22]
[51 39 -6]
[51 38 -7]
[51 37 -6]
[51 39 -5]
[51 52 -48]
[51 51 -57]
[51 52 -34]
[51 52 -49]
[51 -9 10]
[51 49 -58]
[51 30 -3]
[51 -8 10]
[51 -9 -93]
[51 -10 -91]
[51 -10 -93]
[51 50 -24]
[51 51 -24]
[51 49 -16]
[51 -11 -93]
[51 52 -32]
[51 52 -30]
[51 52 -31]
[51 48 -14]
[51 51 -64]
[51 -4 9]
[51 52 -46]
[51 52 -45]
[51 50 -17]
[51 52 -60]
[51 52 -59]
[51 49 -14]
[51 46 -12]
[51 46 -11]
[51 -4 -93]
[51 47 -12]
[51 48 -12]
[51 51 -29]
[51 51 -28]
[51 5 -90]
[51 52 -56]
[52 -4 10]
[52 -5 9]
[52 -5 -94]
[52 52 -44]
[52 37 -3]
[52 52 -50]
[52 53 -48]
[52 -7 11]
[52 -7 10]
[52 51 -23]
[52 52 -25]
[52 47 -10]
[52 52 -28]
[52 52 -29]
[52 49 -12]
[52 49 -13]
[52 52 -24]
[52 34 0]
[52 33 0]
[52 53 -34]
[52 52 -35]
[52 53 -35]
[52 53 -44]
[52 53 -42]
[52 53 -47]
[52 53 -46]
[52 41 -6]
[52 43 -7]
[52 53 -49]
[52 53 -30]
[52 53 -31]
[52 45 -9]
[52 40 -6]
[52 42 -6]
[52 46 -9]
[52 51 -20]
[52 40 -5]
[52 52 -41]
[52 52 -39]
[52 51 -39]
[52 52 -64]
[52 47 -11]
[52 35 -1]
[52 -6 10]
[52 53 -54]
[52 53 -53]
[52 53 -33]
[52 37 0]
[52 37 -1]
[52 36 0]
[52 53 -52]
[52 53 -51]
[52 -6 -93]
[52 -10 -94]
[52 -9 -94]
[52 53 -32]
[52 -11 -94]
[52 53 -37]
[52 51 -21]
[52 51 -22]
[52 53 -45]
[52 51 -16]
[52 51 -17]
[52 53 -39]
[52 53 -41]
[52 44 -12]
[52 44 -6]
[52 43 -6]
[52 37 -2]
[52 49 -11]
[52 48 -11]
[52 49 -15]
[52 39 -3]
[52 53 -63]
[52 50 -25]
[52 45 -6]
[52 46 -7]
[52 38 -2]
[52 52 -53]
[52 51 -52]
[52 50 -13]
[52 50 -14]
[53 39 -2]
[53 40 -2]
[53 53 -38]
[53 54 -37]
[53 54 -36]
[53 53 -36]
[53 42 -5]
[53 43 -5]
[53 41 -5]
[53 54 -47]
[53 54 -49]
[53 -11 -95]
[53 -12 -94]
[53 53 -40]
[53 -5 10]
[53 -4 11]
[53 46 -10]
[53 53 -26]
[53 38 1]
[53 54 -44]
[53 51 -13]
[53 51 -14]
[53 50 -15]
[53 52 -22]
[53 52 -21]
[53 54 -32]
[53 54 -42]
[53 53 -43]
[53 54 -46]
[53 54 -45]
[53 -8 -93]
[53 -8 -94]
[53 -10 -95]
[53 -9 -95]
[53 54 -35]
[53 54 -50]
[53 46 -8]
[53 54 -31]
[53 54 -33]
[53 41 -4]
[53 50 -12]
[53 54 -40]
[53 49 -10]
[53 50 -39]
[53 54 -53]
[53 38 -1]
[53 52 -17]
[53 52 -16]
[53 52 -15]
[53 53 -50]
[53 54 -52]
[53 48 -9]
[53 48 -10]
[53 47 -9]
[53 38 0]
[53 -6 11]
[53 -7 12]
[53 -6 12]
[53 50 -10]
[53 52 -20]
[53 54 -48]
[53 47 -7]
[53 47 -8]
[53 54 -54]
[53 54 -34]
[53 53 -28]
[53 39 -1]
[53 52 -18]
[53 53 -27]
[53 52 -27]
[53 53 -29]
[53 -6 -94]
[53 44 -5]
[53 45 -5]
[53 54 -30]
[53 54 -51]
[53 -7 -94]
[53 -7 -93]
[53 53 -23]
[54 54 -28]
[54 55 -49]
[54 -10 -96]
[54 53 -16]
[54 51 -15]
[54 53 -15]
[54 55 -35]
[54 55 -33]
[54 44 -4]
[54 55 -32]
[54 55 -30]
[54 53 -20]
[54 53 -21]
[54 52 -26]
[54 50 -11]
[54 51 -9]
[54 51 -11]
[54 40 -3]
[54 42 -3]
[54 55 -54]
[54 51 -12]
[54 -5 12]
[54 41 -1]
[54 40 -1]
[54 41 -3]
[54 41 -2]
[54 39 1]
[54 52 -19]
[54 53 -19]
[54 43 -4]
[54 55 -47]
[54 51 -18]
[54 53 -17]
[54 50 -9]
[54 48 -8]
[54 53 -18]
[54 49 -9]
[54 -8 11]
[54 -8 12]
[54 -7 13]
[54 54 -43]
[54 55 -45]
[54 55 -43]
[54 55 -44]
[54 -6 13]
[54 -5 11]
[54 -5 13]
[54 55 -51]
[54 55 -38]
[54 55 -39]
[54 54 -39]
[54 54 -27]
[54 54 -29]
[54 55 -50]
[54 -8 -96]
[54 45 -4]
[54 52 -23]
[54 54 -23]
[54 54 -22]
[54 52 -13]
[54 52 -14]
[54 39 0]
[54 52 -12]
[54 55 -53]
[54 -3 11]
[54 55 -42]
[54 55 -29]
[54 -8 -92]
[54 54 -38]
[54 55 -46]
[54 55 -48]
[55 -7 -97]
[55 -9 -96]
[55 56 -32]
[55 55 -34]
[55 54 -21]
[55 54 -20]
[55 42 -2]
[55 55 -27]
[55 55 -28]
[55 52 -11]
[55 51 -10]
[55 55 -26]
[55 -4 12]
[55 -4 13]
[55 53 -13]
[55 53 -14]
[55 49 -8]
[55 55 -37]
[55 51 -19]
[55 54 -16]
[55 53 -12]
[55 56 -45]
[55 56 -53]
[55 56 -52]
[55 54 -18]
[55 55 -21]
[55 53 -22]
[55 55 -22]
[55 55 -23]
[55 51 -8]
[55 56 -29]
[55 56 -28]
[55 54 -19]
[55 56 -47]
[55 56 -51]
[55 -6 14]
[55 -4 14]
[55 43 -3]
[55 43 -2]
[55 55 -31]
[55 56 -30]
[55 56 -42]
[55 56 -43]
[55 55 -41]
[55 56 -41]
[55 -5 14]
[55 53 -24]
[55 54 -24]
[55 44 -3]
[55 42 0]
[55 40 0]
[55 54 -17]
[55 55 -36]
[55 56 -34]
[55 56 -35]
[55 -11 -97]
[55 -10 -97]
[55 56 -40]
[55 42 -4]
[55 56 -49]
[55 55 -40]
[55 48 -7]
[55 49 -7]
[55 53 -25]
[55 52 -9]
[55 52 -8]
[55 40 -4]
[56 54 -26]
[56 -3 12]
[56 -3 14]
[56 55 -24]
[56 42 -1]
[56 43 -1]
[56 57 -40]
[56 -11 -98]
[56 57 -50]
[56 53 -8]
[56 55 -19]
[56 57 -44]
[56 57 -42]
[56 56 -44]
[56 56 -25]
[56 54 -25]
[56 56 -26]
[56 50 -8]
[56 -9 -97]
[56 -8 -97]
[56 56 -24]
[56 49 -6]
[56 56 -39]
[56 44 -2]
[56 56 -37]
[56 54 -11]
[56 57 -34]
[56 56 -31]
[56 54 -12]
[56 54 -14]
[56 54 -13]
[56 57 -52]
[56 57 -35]
[56 57 -33]
[56 53 -10]
[56 57 -51]
[56 55 -52]
[56 41 1]
[56 57 -32]
[56 57 -31]
[56 56 -33]
[56 52 -10]
[56 57 -41]
[56 55 -15]
[56 55 -17]
[56 57 -27]
[56 56 -27]
[56 56 -20]
[56 55 -20]
[56 56 -22]
[56 -7 -96]
[56 53 -9]
[56 41 0]
[56 42 1]
[56 56 -38]
[56 57 -30]
[56 57 -29]
[56 -10 -98]
[56 50 -7]
[56 51 -7]
[56 55 -18]
[56 57 -47]
[56 56 -46]
[56 57 -46]
[56 56 -48]
[56 57 -45]
[57 43 0]
[57 43 1]
[57 57 -25]
[57 55 -25]
[57 57 -26]
[57 56 -18]
[57 45 -2]
[57 44 -1]
[57 45 -3]
[57 58 -29]
[57 -2 12]
[57 -3 13]
[57 58 -32]
[57 58 -31]
[57 58 -30]
[57 57 -36]
[57 58 -36]
[57 56 -36]
[57 58 -35]
[57 -10 -99]
[57 58 -47]
[57 58 -45]
[57 58 -46]
[57 55 -13]
[57 56 -21]
[57 56 -16]
[57 55 -12]
[57 58 -51]
[57 58 -50]
[57 58 -39]
[57 58 -40]
[57 57 -39]
[57 41 2]
[57 40 1]
[57 42 2]
[57 50 -6]
[57 52 -7]
[57 53 -11]
[57 54 -9]
[57 57 -38]
[57 57 -37]
[57 53 -7]
[57 54 -7]
[57 48 -6]
[57 57 -20]
[57 57 -19]
[57 57 -21]
[57 55 -11]
[57 54 -10]
[57 58 -44]
[57 56 -19]
[57 -9 -98]
[57 58 -43]
[57 56 -23]
[57 57 -48]
[57 58 -33]
[57 51 -6]
[57 58 -42]
[57 58 -28]
[57 58 -27]
[57 57 -28]
[57 58 -26]
[57 57 -43]
[58 57 -22]
[58 -11 -99]
[58 59 -43]
[58 59 -32]
[58 50 -5]
[58 49 -5]
[58 58 -25]
[58 -9 -99]
[58 -8 -99]
[58 58 -34]
[58 59 -34]
[58 59 -46]
[58 52 -6]
[58 59 -27]
[58 59 -28]
[58 59 -50]
[58 59 -51]
[58 58 -38]
[58 56 -13]
[58 57 -18]
[58 58 -20]
[58 58 -21]
[58 58 -22]
[58 58 -24]
[58 46 -2]
[58 58 -18]
[58 46 -3]
[58 45 -1]
[58 58 -41]
[58 59 -39]
[58 55 -10]
[58 48 -5]
[58 47 -6]
[58 47 -5]
[58 58 -19]
[58 59 -25]
[58 59 -44]
[58 59 -45]
[58 56 -17]
[58 59 -26]
[58 44 1]
[58 43 2]
[58 44 2]
[58 59 -30]
[58 59 -40]
[58 52 -5]
[58 51 -5]
[58 55 -9]
[58 54 -8]
[58 54 -6]
[58 53 -6]
[58 55 -7]
[58 55 -8]
[58 59 -35]
[58 58 -37]
[58 59 -37]
[58 56 -15]
[58 55 -16]
[58 57 -15]
[59 60 -38]
[59 47 -4]
[59 47 -3]
[59 46 -4]
[59 47 -2]
[59 55 -5]
[59 59 -20]
[59 60 -32]
[59 58 -23]
[59 57 -23]
[59 59 -42]
[59 60 -25]
[59 60 -45]
[59 60 -44]
[59 56 -11]
[59 60 -28]
[59 60 -27]
[59 59 -24]
[59 60 -26]
[59 60 -24]
[59 56 -12]
[59 55 -14]
[59 57 -12]
[59 56 -10]
[59 59 -41]
[59 60 -41]
[59 60 -40]
[59 47 -1]
[59 48 -4]
[59 60 -29]
[59 59 -29]
[59 60 -30]
[59 57 -17]
[59 58 -17]
[59 59 -18]
[59 59 -17]
[59 44 0]
[59 45 0]
[59 45 1]
[59 -7 -99]
[59 -8 -100]
[59 -9 -100]
[59 -8 -98]
[59 57 -14]
[59 45 2]
[59 59 -22]
[59 59 -21]
[59 46 -1]
[59 56 -9]
[59 56 -7]
[59 53 -5]
[59 51 -4]
[59 53 -4]
[59 60 -35]
[59 60 -33]
[59 59 -38]
[59 59 -36]
[59 57 -16]
[59 60 -49]
[59 60 -43]
[59 56 -8]
[59 50 -4]
[59 54 -5]
[59 59 -23]
[59 57 -24]
[60 57 -8]
[60 57 -7]
[60 61 -28]
[60 61 -26]
[60 61 -42]
[60 61 -34]
[60 61 -33]
[60 60 -34]
[60 52 -4]
[60 56 -6]
[60 55 -4]
[60 60 -36]
[60 58 -16]
[60 46 1]
[60 61 -25]
[60 61 -24]
[60 59 -16]
[60 60 -42]
[60 54 -4]
[60 52 -3]
[60 53 -3]
[60 57 -6]
[60 59 -33]
[60 61 -31]
[60 -8 -101]
[60 57 -9]
[60 57 -10]
[60 60 -37]
[60 60 -39]
[60 47 0]
[60 61 -27]
[60 55 -6]
[60 58 -14]
[60 58 -13]
[60 60 -22]
[60 46 0]
[60 48 -1]
[60 48 0]
[60 48 -2]
[60 51 -3]
[60 61 -45]
[60 61 -23]
[60 58 -12]
[60 49 -3]
[60 48 -3]
[60 50 -3]
[60 60 -19]
[60 59 -19]
[60 60 -17]
[60 60 -18]
[60 61 -30]
[60 61 -29]
[60 60 -21]
[60 60 -23]
[60 61 -43]
[60 61 -44]
[60 -9 -101]
[60 46 2]
[60 61 -39]
[60 61 -41]
[61 49 0]
[61 49 1]
[61 61 -35]
[61 58 -6]
[61 58 -7]
[61 61 -37]
[61 54 -3]
[61 47 1]
[61 52 -2]
[61 50 -2]
[61 53 -2]
[61 51 -2]
[61 62 -26]
[61 62 -32]
[61 62 -34]
[61 54 -2]
[61 61 -36]
[61 61 -38]
[61 62 -35]
[61 61 -22]
[61 61 -40]
[61 58 -15]
[61 60 -15]
[61 60 -16]
[61 62 -29]
[61 61 -20]
[61 62 -25]
[61 62 -24]
[61 62 -22]
[61 57 -5]
[61 56 -5]
[61 60 -20]
[61 61 -21]
[61 62 -38]
[61 62 -39]
[61 62 -42]
[61 62 -40]
[61 49 -1]
[61 49 -2]
[61 49 -4]
[61 62 -44]
[61 62 -45]
[61 62 -43]
[61 61 -19]
[61 61 -18]
[61 62 -31]
[61 60 -31]
[61 57 -11]
[61 58 -10]
[61 58 -9]
[61 62 -23]
[61 59 -15]
[61 60 -46]
[61 62 -46]
[61 61 -46]
[61 59 -13]
[61 59 -12]
[61 57 -13]
[61 -8 -102]
[61 62 -28]
[61 58 -11]
[61 59 -11]
[61 -7 -102]
[61 -7 -101]
[61 59 -14]
[62 60 -11]
[62 59 -10]
[62 56 -4]
[62 57 -4]
[62 63 -41]
[62 63 -42]
[62 63 -43]
[62 62 -41]
[62 62 -36]
[62 62 -37]
[62 55 -3]
[62 58 -8]
[62 59 -6]
[62 59 -8]
[62 59 -7]
[62 62 -19]
[62 63 -24]
[62 63 -25]
[62 62 -27]
[62 63 -27]
[62 62 -47]
[62 63 -46]
[62 63 -29]
[62 63 -28]
[62 62 -21]
[62 63 -23]
[62 63 -32]
[62 62 -33]
[62 63 -33]
[62 63 -31]
[62 63 -36]
[62 63 -34]
[62 52 -1]
[62 53 -1]
[62 59 -9]
[62 60 -13]
[62 60 -14]
[62 60 -47]
[62 58 -5]
[62 59 -5]
[62 61 -32]
[62 61 -47]
[62 63 -44]
[62 63 -45]
[62 62 -18]
[62 61 -16]
[62 62 -30]
[62 50 -1]
[62 60 -12]
[62 63 -30]
[62 55 -2]
[62 63 -37]
[62 63 -38]
[62 63 -21]
[62 50 0]
[63 58 -4]
[63 57 -3]
[63 58 -3]
[63 59 -4]
[63 60 -6]
[63 60 -5]
[63 61 -12]
[63 64 -34]
[63 63 -35]
[63 64 -33]
[63 60 -4]
[63 64 -28]
[63 63 -26]
[63 64 -22]
[63 63 -22]
[63 62 -20]
[63 63 -20]
[63 64 -21]
[63 64 -24]
[63 64 -36]
[63 64 -35]
[63 56 -2]
[63 54 -1]
[63 64 -29]
[63 64 -30]
[63 64 -31]
[63 64 -32]
[63 64 -41]
[63 63 -40]
[63 61 -15]
[63 61 -13]
[63 60 -10]
[63 64 -45]
[63 56 -3]
[63 60 -9]
[63 61 -14]
[63 51 0]
[63 50 1]
[63 51 1]
[63 63 -19]
[63 63 -17]
[63 61 -17]
[63 63 -18]
[63 62 -17]
[63 64 -37]
[63 64 -38]
[63 53 0]
[63 62 -16]
[63 52 0]
[63 60 -8]
[63 64 -46]
[63 64 -39]
[63 64 -26]
[64 61 -3]
[64 65 -45]
[64 62 -13]
[64 62 -11]
[64 64 -25]
[64 64 -27]
[64 65 -32]
[64 53 1]
[64 52 1]
[64 65 -38]
[64 65 -36]
[64 60 -3]
[64 64 -19]
[64 64 -17]
[64 65 -35]
[64 61 -8]
[64 61 -10]
[64 57 -2]
[64 62 -12]
[64 58 -2]
[64 65 -25]
[64 65 -26]
[64 61 -7]
[64 65 -42]
[64 65 -40]
[64 64 -42]
[64 62 -15]
[64 65 -39]
[64 64 -40]
[64 64 -18]
[64 57 -1]
[64 62 -14]
[64 65 -37]
[64 65 -20]
[64 65 -21]
[64 65 -22]
[64 59 -2]
[64 59 -3]
[64 65 -34]
[64 65 -30]
[64 65 -23]
[64 64 -23]
[64 51 2]
[64 65 -29]
[64 65 -27]
[64 61 -5]
[64 61 -9]
[64 65 -33]
[65 66 -28]
[65 66 -30]
[65 66 -29]
[65 65 -28]
[65 66 -37]
[65 65 -24]
[65 62 -10]
[65 62 -9]
[65 59 -1]
[65 58 -1]
[65 66 -36]
[65 64 -16]
[65 66 -32]
[65 66 -33]
[65 61 -6]
[65 62 -8]
[65 53 2]
[65 54 0]
[65 52 2]
[65 54 2]
[65 54 1]
[65 66 -35]
[65 63 -12]
[65 61 -11]
[65 66 -23]
[65 63 -13]
[65 62 -4]
[65 62 -6]
[65 66 -25]
[65 63 -14]
[65 58 0]
[65 56 -1]
[65 57 0]
[65 65 -41]
[65 66 -26]
[65 63 -15]
[65 66 -24]
[65 66 -20]
[65 65 -19]
[65 60 -2]
[65 65 -18]
[65 61 -4]
[65 66 -21]
[65 66 -22]
[65 64 -20]
[65 62 -7]
[65 61 -2]
[66 62 -3]
[66 67 -26]
[66 67 -27]
[66 66 -27]
[66 66 -34]
[66 67 -32]
[66 67 -34]
[66 62 -5]
[66 67 -22]
[66 63 -8]
[66 67 -23]
[66 67 -24]
[66 67 -21]
[66 60 -1]
[66 61 -1]
[66 64 -12]
[66 64 -14]
[66 57 1]
[66 58 1]
[66 64 -13]
[66 56 1]
[66 56 0]
[66 63 -3]
[66 63 -5]
[66 67 -31]
[66 67 -33]
[66 65 -31]
[66 55 0]
[66 55 -1]
[66 67 -25]
[66 53 3]
[66 62 -1]
[66 62 -2]
[66 63 -9]
[66 65 -16]
[66 64 -11]
[66 55 1]
[66 55 2]
[66 54 3]
[66 63 -7]
[66 67 -29]
[66 63 -16]
[66 59 0]
[66 60 0]
[66 66 -31]
[66 67 -30]
[67 57 2]
[67 52 3]
[67 54 4]
[67 67 -35]
[67 64 -9]
[67 62 0]
[67 68 -32]
[67 68 -31]
[67 64 -15]
[67 64 -6]
[67 64 -5]
[67 64 -4]
[67 66 -15]
[67 63 -2]
[67 63 -4]
[67 64 -2]
[67 59 1]
[67 61 0]
[67 63 -10]
[67 64 -10]
[67 65 -12]
[67 63 -11]
[67 65 -10]
[67 65 -14]
[67 53 4]
[67 67 -28]
[67 63 0]
[67 63 -6]
[67 64 -8]
[67 68 -23]
[67 68 -24]
[67 68 -30]
[67 68 -29]
[67 68 -26]
[67 58 2]
[67 56 2]
[67 65 -13]
[67 65 -15]
[67 68 -28]
[67 68 -27]
[67 68 -22]
[67 63 -1]
[67 68 -25]
[67 68 -21]
[67 68 -20]
[68 64 -1]
[68 65 -2]
[68 66 -14]
[68 66 -13]
[68 69 -26]
[68 69 -28]
[68 65 -5]
[68 65 -6]
[68 69 -23]
[68 69 -25]
[68 69 -21]
[68 67 -20]
[68 69 -20]
[68 69 -22]
[68 55 3]
[68 66 -11]
[68 65 -7]
[68 57 3]
[68 58 3]
[68 65 -9]
[68 69 -24]
[68 59 2]
[68 60 2]
[68 60 1]
[68 69 -29]
[68 65 -11]
[68 66 -10]
[68 64 0]
[68 63 1]
[68 64 -7]
[68 67 -14]
[68 59 3]
[69 67 -19]
[69 68 -13]
[69 70 -23]
[69 70 -22]
[69 70 -24]
[69 70 -20]
[69 66 -3]
[69 65 -1]
[69 59 4]
[69 60 3]
[69 60 4]
[69 58 4]
[69 62 1]
[69 62 2]
[69 63 2]
[69 61 2]
[69 61 1]
[69 66 -6]
[69 65 -8]
[69 66 -8]
[69 55 4]
[69 56 3]
[69 66 -7]
[69 70 -21]
[69 69 -19]
[69 70 -19]
[69 57 4]
[69 69 -27]
[69 64 1]
[69 67 -13]
[69 56 4]
[69 70 -27]
[69 67 -12]
[69 66 -12]
[69 65 -4]
[69 66 -5]
[69 67 -10]
[69 66 -9]
[70 71 -24]
[70 71 -25]
[70 66 -2]
[70 66 -1]
[70 66 0]
[70 66 -4]
[70 67 -4]
[70 67 -2]
[70 58 5]
[70 67 -6]
[70 71 -22]
[70 56 5]
[70 68 -12]
[70 65 2]
[70 65 0]
[70 64 2]
[70 68 -11]
[70 61 3]
[70 62 3]
[70 68 -19]
[70 70 -28]
[70 67 -7]
[70 67 -9]
[70 55 5]
[70 71 -26]
[70 71 -20]
[70 71 -21]
[70 66 -19]
[70 64 3]
[70 63 3]
[70 69 -12]
[70 67 -11]
[70 68 -10]
[70 71 -19]
[70 61 4]
[70 59 5]
[71 68 -1]
[71 67 -1]
[71 72 -22]
[71 72 -20]
[71 69 -10]
[71 67 -5]
[71 70 -25]
[71 72 -25]
[71 65 -3]
[71 67 -3]
[71 70 -26]
[71 68 -9]
[71 68 -8]
[71 60 5]
[71 67 0]
[71 63 4]
[71 64 4]
[71 68 -6]
[71 65 4]
[71 65 1]
[71 71 -23]
[71 72 -23]
[71 60 6]
[71 59 6]
[71 69 -11]
[71 70 -11]
[71 68 -5]
[71 66 1]
[71 62 4]
[71 66 3]
[72 69 0]
[72 68 -2]
[72 65 5]
[72 69 -6]
[72 69 -5]
[72 69 -7]
[72 66 2]
[72 68 -4]
[72 68 -3]
[72 67 2]
[72 67 1]
[72 69 -4]
[72 61 5]
[72 61 6]
[72 61 7]
[72 73 -23]
[72 72 -21]
[72 66 4]
[72 68 -7]
[72 63 5]
[72 67 -8]
[72 73 -20]
[72 68 0]
[72 68 1]
[72 71 -27]
[72 69 -9]
[72 70 -9]
[72 70 -10]
[72 71 -10]
[72 71 -11]
[72 72 -24]
[72 73 -24]
[72 64 5]
[72 59 7]
[72 60 7]
[72 58 7]
[73 71 -9]
[73 66 5]
[73 65 6]
[73 64 6]
[73 69 -3]
[73 74 -23]
[73 73 -22]
[73 67 3]
[73 60 8]
[73 59 8]
[73 62 6]
[73 70 -6]
[73 70 -5]
[73 63 6]
[73 70 -3]
[73 70 -4]
[73 70 -1]
[73 70 -8]
[73 71 -8]
[73 70 -7]
[73 72 -10]
[73 67 5]
[73 67 4]
[73 69 -8]
[73 68 2]
[73 69 -2]
[73 62 5]
[73 74 -19]
[73 73 -19]
[73 72 -19]
[73 74 -21]
[74 71 -5]
[74 71 -3]
[74 71 -4]
[74 71 -6]
[74 74 -20]
[74 75 -21]
[74 75 -22]
[74 59 9]
[74 67 6]
[74 66 6]
[74 68 5]
[74 68 6]
[74 68 4]
[74 64 7]
[74 69 1]
[74 70 -2]
[74 72 -9]
[74 68 3]
[74 65 7]
[74 58 8]
[74 60 9]
[74 58 9]
[74 75 -20]
[74 75 -19]
[74 73 -21]
[74 69 -1]
[74 71 -7]
[74 71 0]
[74 70 0]
[75 74 -22]
[75 72 -6]
[75 72 -5]
[75 72 -3]
[75 72 -8]
[75 76 -19]
[75 71 -2]
[75 71 -1]
[75 72 -4]
[75 69 6]
[75 69 5]
[75 64 8]
[75 65 8]
[75 72 0]
[75 70 1]
[75 72 -1]
[75 60 10]
[75 61 8]
[75 76 -20]
[75 71 1]
[75 69 3]
[75 69 4]
[75 70 2]
[75 68 7]
[75 67 7]
[76 69 2]
[76 72 -2]
[76 73 -2]
[76 63 9]
[76 63 7]
[76 73 -5]
[76 73 -4]
[76 72 -7]
[76 73 -3]
[76 73 -7]
[76 70 5]
[76 77 -20]
[76 77 -19]
[76 66 9]
[76 65 9]
[76 70 3]
[76 72 1]
[76 67 8]
[76 68 8]
[76 69 7]
[76 61 9]
[76 62 9]
[76 66 7]
[76 66 8]
[76 70 6]
[76 72 2]
[76 71 2]
[76 61 10]
[76 61 11]
[76 59 10]
[77 70 4]
[77 73 1]
[77 73 3]
[77 73 2]
[77 72 3]
[77 74 -6]
[77 73 0]
[77 73 -6]
[77 74 -4]
[77 73 -1]
[77 74 -1]
[77 64 9]
[77 67 9]
[77 70 7]
[77 62 11]
[77 60 11]
[77 65 10]
[77 62 10]
[77 74 -2]
[77 74 -3]
[77 71 5]
[77 69 9]
[77 69 8]
[77 64 10]
[77 62 8]
[77 63 8]
[77 71 3]
[77 71 7]
[77 63 10]
[77 62 12]
[77 61 12]
[77 60 12]
[78 72 6]
[78 72 4]
[78 70 8]
[78 71 8]
[78 63 11]
[78 64 11]
[78 68 9]
[78 72 7]
[78 71 6]
[78 72 8]
[78 70 10]
[78 70 9]
[78 75 -1]
[78 74 3]
[78 73 4]
[78 74 4]
[78 71 4]
[78 63 12]
[78 74 2]
[78 62 13]
[78 74 0]
[78 63 13]
[78 61 13]
[78 75 -5]
[78 75 -6]
[78 74 -5]
[78 75 0]
[78 75 -2]
[78 74 1]
[78 62 7]
[78 65 11]
[78 66 10]
[79 67 11]
[79 66 11]
[79 71 9]
[79 71 10]
[79 62 14]
[79 73 5]
[79 74 5]
[79 75 4]
[79 72 5]
[79 75 1]
[79 64 12]
[79 75 -4]
[79 75 2]
[79 75 3]
[79 76 -3]
[79 76 -1]
[79 76 -4]
[79 69 10]
[79 67 10]
[79 76 1]
[79 76 0]
[79 73 6]
[79 72 9]
[79 73 8]
[79 63 14]
[79 65 12]
[80 77 2]
[80 77 0]
[80 76 2]
[80 76 3]
[80 74 7]
[80 76 5]
[80 68 11]
[80 68 10]
[80 70 11]
[80 66 12]
[80 67 12]
[80 77 -1]
[80 77 -5]
[80 77 -3]
[80 72 10]
[80 74 8]
[80 73 7]
[80 73 9]
[80 63 15]
[80 76 -5]
[80 75 -3]
[80 77 -2]
[80 64 13]
[80 64 14]
[80 64 15]
[80 74 6]
[80 76 -2]
[80 77 -4]
[81 78 1]
[81 77 3]
[81 78 3]
[81 78 2]
[81 77 4]
[81 75 6]
[81 76 4]
[81 65 14]
[81 77 1]
[81 65 15]
[81 65 16]
[81 67 13]
[81 65 13]
[81 66 13]
[81 77 -6]
[81 69 12]
[81 75 7]
[81 75 8]
[81 76 -6]
[81 78 -4]
[81 78 -3]
[81 78 -1]
[81 78 0]
[81 64 16]
[82 66 15]
[82 78 -5]
[82 79 2]
[82 78 4]
[82 79 -1]
[82 79 -2]
[82 78 -2]
[82 76 6]
[82 75 5]
[82 66 16]
[82 66 14]
[82 67 14]
[82 77 5]
[82 79 -3]
[82 64 17]
[82 79 1]
[82 79 3]
[82 79 0]
[82 68 12]
[83 80 0]
[83 80 1]
[83 78 5]
[83 79 4]
[83 66 17]
[83 67 16]
[83 67 15]
[83 68 15]
[83 80 3]
[83 80 2]
[83 80 -1]
[83 77 6]
[83 65 17]
[83 80 -2]
[83 80 -3]
[83 78 6]
[84 81 1]
[84 81 -1]
[84 81 0]
[84 79 5]
[84 81 3]
[84 81 2]
[84 80 4]
[84 66 18]
[84 67 17]
[84 65 18]
[84 67 18]
[84 68 14]
[84 81 -2]
[84 68 17]
[85 80 6]
[85 81 -3]
[85 82 -1]
[85 82 3]
[85 82 4]
[85 81 4]
[85 82 2]
[85 66 19]
[85 82 1]
[85 68 18]
[85 69 16]
[85 67 19]
[85 68 19]
[85 82 0]
[85 68 16]
[85 81 5]
[85 80 5]
[86 81 6]
[86 68 20]
[86 67 20]
[86 83 0]
[86 83 -1]
[86 83 3]
[86 82 5]
[86 83 4]
[86 83 5]
[86 69 17]
[86 83 1]
[86 83 2]
[86 69 19]
[86 69 18]
[86 82 -2]
[86 70 16]
[86 70 17]
[86 81 7]
[87 84 0]
[87 68 21]
[87 84 4]
[87 70 18]
[87 69 20]
[87 82 6]
[87 81 8]
[87 84 6]
[87 83 6]
[87 69 21]
[87 84 1]
[87 84 2]
[87 71 17]
[87 84 3]
[88 82 9]
[88 70 22]
[88 69 22]
[88 85 4]
[88 84 5]
[88 85 5]
[88 85 0]
[88 72 18]
[88 71 18]
[88 72 17]
[88 82 7]
[88 83 7]
[88 67 21]
[88 71 19]
[88 85 2]
[88 84 7]
[88 70 19]
[88 70 20]
[88 85 1]
[89 85 3]
[89 86 4]
[89 86 3]
[89 86 0]
[89 86 1]
[89 71 20]
[89 70 21]
[89 71 21]
[89 72 19]
[89 69 23]
[89 70 23]
[89 68 22]
[89 71 23]
[89 71 22]
[89 73 18]
[89 73 17]
[89 83 8]
[89 85 7]
[89 85 6]
[89 84 8]
[89 73 19]
[89 86 5]
[90 74 17]
[90 72 23]
[90 72 22]
[90 71 24]
[90 87 5]
[90 87 4]
[90 72 20]
[90 73 20]
[90 74 19]
[90 74 20]
[90 86 2]
[90 87 2]
[90 69 24]
[90 70 24]
[90 83 9]
[90 84 9]
[90 67 23]
[90 72 21]
[90 86 8]
[90 87 1]
[91 74 18]
[91 87 6]
[91 88 4]
[91 73 22]
[91 75 20]
[91 74 21]
[91 71 25]
[91 69 25]
[91 87 3]
[91 75 17]
[91 70 25]
[91 68 25]
[91 68 23]
[91 87 9]
[91 87 8]
[91 85 8]
[91 68 24]
[91 85 10]
[91 84 10]
[91 88 2]
[91 72 25]
[91 72 24]
[92 75 19]
[92 76 20]
[92 76 19]
[92 70 26]
[92 85 9]
[92 86 9]
[92 86 10]
[92 73 26]
[92 73 24]
[92 73 25]
[92 89 1]
[92 75 21]
[92 75 22]
[92 73 21]
[92 75 18]
[92 76 18]
[92 75 16]
[92 88 5]
[92 87 7]
[92 88 6]
[92 83 10]
[92 88 8]
[92 88 7]
[92 86 7]
[92 74 22]
[92 71 26]
[92 72 26]
[92 88 3]
[92 87 10]
[93 90 2]
[93 89 5]
[93 86 6]
[93 89 6]
[93 76 17]
[93 77 19]
[93 73 27]
[93 69 27]
[93 71 27]
[93 88 10]
[93 86 11]
[93 74 23]
[93 75 23]
[93 76 21]
[93 76 23]
[93 74 25]
[93 89 2]
[93 89 4]
[93 89 3]
[93 76 22]
[93 85 11]
[93 89 7]
[93 77 21]
[93 77 20]
[93 89 9]
[93 70 27]
[93 72 27]
[94 71 28]
[94 70 28]
[94 78 20]
[94 78 19]
[94 78 21]
[94 90 3]
[94 77 22]
[94 75 24]
[94 74 24]
[94 74 28]
[94 69 28]
[94 69 26]
[94 77 23]
[94 77 24]
[94 91 3]
[94 90 1]
[94 91 2]
[94 72 28]
[94 84 11]
[94 86 12]
[94 85 12]
[94 90 5]
[94 90 4]
[94 90 6]
[94 87 11]
[94 87 12]
[94 90 7]
[94 89 10]
[94 88 9]
[94 90 9]
[94 90 10]
[94 78 18]
[94 74 26]
[94 77 17]
[95 91 8]
[95 91 10]
[95 78 22]
[95 78 23]
[95 79 19]
[95 79 20]
[95 86 13]
[95 91 6]
[95 78 17]
[95 77 18]
[95 89 11]
[95 73 29]
[95 73 28]
[95 91 11]
[95 90 11]
[95 76 25]
[95 77 25]
[95 78 24]
[95 90 8]
[95 91 7]
[95 89 8]
[95 91 4]
[95 88 11]
[95 75 25]
[95 91 5]
[95 71 29]
[95 75 28]
[95 74 27]
[95 75 29]
[95 88 13]
[95 87 13]
[95 88 12]
[95 76 16]
[95 79 22]
[95 75 27]
[96 74 29]
[96 92 9]
[96 91 9]
[96 92 11]
[96 80 20]
[96 80 21]
[96 76 24]
[96 79 23]
[96 92 7]
[96 92 8]
[96 89 12]
[96 76 29]
[96 76 28]
[96 75 30]
[96 76 30]
[96 86 14]
[96 87 14]
[96 89 14]
[96 88 14]
[96 79 24]
[96 89 13]
[96 77 16]
[96 70 29]
[96 72 30]
[96 77 26]
[96 78 25]
[96 78 26]
[96 76 26]
[96 92 5]
[96 92 10]
[96 90 12]
[96 79 25]
[96 91 12]
[96 75 26]
[96 92 4]
[96 72 29]
[96 73 30]
[96 79 18]
[96 80 19]
[96 80 18]
[97 79 26]
[97 90 13]
[97 87 15]
[97 91 13]
[97 80 24]
[97 80 23]
[97 74 31]
[97 75 31]
[97 81 21]
[97 79 21]
[97 80 22]
[97 88 15]
[97 90 14]
[97 76 27]
[97 93 9]
[97 93 8]
[97 93 10]
[97 73 31]
[97 81 20]
[97 77 29]
[97 77 28]
[97 78 27]
[97 77 27]
[98 81 23]
[98 80 25]
[98 94 9]
[98 74 32]
[98 74 30]
[98 78 30]
[98 78 29]
[98 79 28]
[98 79 27]
[98 81 22]
[98 78 28]
[98 75 32]
[98 76 31]
[98 81 24]
[98 88 16]
[98 80 26]
[98 82 21]
[98 94 10]
[98 93 11]
[98 94 11]
[99 80 28]
[99 79 29]
[99 80 27]
[99 75 33]
[99 74 33]
[99 83 21]
[99 82 22]
[99 95 11]
[99 95 10]
[99 93 12]
[99 94 12]
[99 95 12]
[99 79 30]
[99 92 12]
[99 78 31]
[99 79 31]
[99 77 31]
[99 82 23]
[99 87 16]
[99 89 15]
[99 81 27]
[99 81 26]
[99 76 32]
[99 77 30]
[100 83 23]
[100 82 24]
[100 83 22]
[100 73 32]
[100 73 34]
[100 74 34]
[100 76 33]
[100 80 29]
[100 96 11]
[100 93 13]
[100 78 32]
[100 76 34]
[100 81 25]
[100 77 32]
[100 81 28]
[100 83 20]
[100 84 22]
[100 80 31]
[100 80 32]
[100 96 12]
[100 82 28]
[101 77 33]
[101 82 27]
[101 83 29]
[101 83 27]
[101 82 25]
[101 78 33]
[101 74 35]
[101 84 21]
[101 77 35]
[101 76 35]
[101 75 35]
[101 77 34]
[101 94 13]
[101 93 14]
[101 81 32]
[101 79 32]
[101 83 24]
[101 84 23]
[101 81 33]
[101 79 33]
[101 73 35]
[102 79 34]
[102 74 36]
[102 75 36]
[102 73 36]
[102 83 26]
[102 84 26]
[102 84 28]
[102 95 13]
[102 94 14]
[102 83 28]
[102 85 21]
[102 85 20]
[102 85 22]
[102 75 34]
[102 76 36]
[102 80 33]
[102 82 26]
[102 78 35]
[102 78 34]
[102 78 36]
[102 82 31]
[102 82 33]
[102 82 32]
[102 80 34]
[102 82 34]
[102 85 23]
[102 84 24]
[103 86 19]
[103 84 20]
[103 85 19]
[103 85 24]
[103 73 37]
[103 75 37]
[103 83 32]
[103 79 36]
[103 79 37]
[103 78 37]
[103 79 35]
[103 74 37]
[103 81 31]
[103 83 25]
[103 86 21]
[103 86 22]
[103 84 27]
[103 82 29]
[103 84 29]
[103 83 34]
[103 83 33]
[103 81 35]
[103 81 34]
[103 80 35]
[103 85 27]
[103 85 28]
[103 85 25]
[103 84 25]
[103 83 35]
[103 82 35]
[103 94 15]
[103 95 15]
[103 77 37]
[103 76 37]
[103 96 14]
[103 96 13]
[104 96 15]
[104 95 14]
[104 82 36]
[104 75 38]
[104 77 36]
[104 76 38]
[104 97 14]
[104 97 13]
[104 83 30]
[104 79 38]
[104 78 38]
[104 80 38]
[104 82 30]
[104 85 26]
[104 86 20]
[104 84 19]
[104 84 32]
[104 84 33]
[104 84 34]
[104 80 36]
[104 86 26]
[104 95 16]
[104 81 36]
[104 86 23]
[104 86 25]
[104 85 29]
[104 86 28]
[104 86 29]
[104 87 21]
[104 87 22]
[104 80 37]
[104 96 16]
[104 83 36]
[104 77 38]
[104 84 30]
[104 86 27]
[104 84 35]
[104 84 36]
[105 81 30]
[105 85 30]
[105 86 30]
[105 81 37]
[105 86 24]
[105 95 17]
[105 96 17]
[105 87 28]
[105 87 29]
[105 87 27]
[105 97 16]
[105 97 15]
[105 81 38]
[105 76 39]
[105 78 39]
[105 77 39]
[105 85 35]
[105 85 31]
[105 79 39]
[105 80 39]
[105 74 38]
[105 74 39]
[105 87 26]
[105 97 17]
[105 83 31]
[105 87 23]
[105 88 23]
[105 84 37]
[105 98 15]
[105 98 13]
[105 75 39]
[105 83 18]
[105 83 19]
[105 85 36]
[105 85 34]
[105 87 24]
[106 88 25]
[106 88 24]
[106 86 34]
[106 86 35]
[106 85 33]
[106 79 40]
[106 78 40]
[106 87 30]
[106 87 31]
[106 98 14]
[106 84 31]
[106 80 40]
[106 85 37]
[106 86 36]
[106 86 37]
[106 88 30]
[106 88 29]
[106 87 25]
[106 95 18]
[106 96 18]
[106 73 38]
[106 73 39]
[106 99 14]
[106 89 24]
[106 98 12]
[106 98 18]
[106 98 17]
[106 81 29]
[106 80 30]
[106 76 40]
[106 88 27]
[106 83 17]
[106 82 18]
[106 73 40]
[106 74 40]
[106 75 40]
[106 86 31]
[106 98 16]
[106 82 38]
[106 82 39]
[106 82 37]
[106 86 32]
[106 85 32]
[107 96 19]
[107 87 36]
[107 87 35]
[107 88 28]
[107 88 26]
[107 77 40]
[107 78 41]
[107 99 13]
[107 99 12]
[107 84 18]
[107 82 16]
[107 99 19]
[107 97 18]
[107 87 33]
[107 87 32]
[107 99 15]
[107 90 25]
[107 89 25]
[107 86 33]
[107 79 41]
[107 83 39]
[107 83 38]
[107 81 40]
[107 75 41]
[107 74 41]
[107 85 38]
[107 87 37]
[107 81 41]
[107 88 32]
[107 77 41]
[107 73 41]
[107 88 31]
[107 89 30]
[107 89 31]
[107 89 29]
[107 89 26]
[107 97 19]
[108 78 42]
[108 80 42]
[108 100 12]
[108 99 11]
[108 100 13]
[108 72 42]
[108 72 41]
[108 87 34]
[108 97 20]
[108 88 36]
[108 86 38]
[108 90 31]
[108 90 30]
[108 84 39]
[108 84 40]
[108 83 40]
[108 83 37]
[108 88 34]
[108 90 32]
[108 89 27]
[108 89 32]
[108 81 42]
[108 80 41]
[108 82 42]
[108 82 17]
[108 81 16]
[108 83 16]
[108 99 20]
[108 100 18]
[108 84 38]
[108 86 39]
[108 88 35]
[108 100 14]
[108 98 20]
[108 76 41]
[108 76 42]
[108 75 42]
[108 88 37]
[108 99 16]
[108 100 16]
[108 81 39]
[109 99 17]
[109 100 15]
[109 100 17]
[109 101 18]
[109 100 19]
[109 99 18]
[109 90 33]
[109 89 33]
[109 82 40]
[109 84 41]
[109 87 39]
[109 87 38]
[109 86 40]
[109 76 43]
[109 101 17]
[109 85 39]
[109 72 43]
[109 73 42]
[109 89 35]
[109 89 34]
[109 101 15]
[109 98 21]
[109 98 19]
[109 77 42]
[109 99 21]
[109 101 12]
[109 101 13]
[109 89 38]
[109 89 36]
[109 82 15]
[109 81 15]
[109 79 42]
[109 89 37]
[109 83 43]
[109 83 42]
[109 82 43]
[109 81 43]
[109 79 43]
[109 85 40]
[109 77 43]
[109 101 11]
[109 90 26]
[109 88 33]
[109 71 42]
[110 80 43]
[110 81 44]
[110 90 36]
[110 102 18]
[110 102 17]
[110 102 16]
[110 84 43]
[110 84 42]
[110 83 44]
[110 71 43]
[110 90 37]
[110 102 13]
[110 102 12]
[110 90 34]
[110 101 20]
[110 100 20]
[110 101 10]
[110 97 22]
[110 79 44]
[110 80 44]
[110 88 39]
[110 88 40]
[110 88 38]
[110 90 27]
[110 85 41]
[110 87 40]
[110 102 15]
[110 101 16]
[110 101 19]
[110 74 43]
[110 90 39]
[110 89 39]
[110 90 38]
[110 76 44]
[110 78 44]
[110 77 44]
[110 100 21]
[111 84 44]
[111 85 43]
[111 103 18]
[111 101 14]
[111 103 12]
[111 89 40]
[111 91 37]
[111 83 45]
[111 86 41]
[111 102 20]
[111 102 19]
[111 101 21]
[111 100 10]
[111 100 11]
[111 100 9]
[111 103 13]
[111 97 23]
[111 85 42]
[111 70 43]
[111 101 22]
[111 75 45]
[111 76 45]
[111 75 44]
[111 80 45]
[111 79 45]
[111 78 45]
[111 74 42]
[111 75 43]
[111 77 45]
[111 78 43]
[111 103 19]
[111 102 14]
[111 103 14]
[111 81 45]
[111 82 45]
[111 82 44]
[111 86 42]
[112 103 15]
[112 87 41]
[112 87 43]
[112 78 46]
[112 76 46]
[112 82 46]
[112 102 21]
[112 84 45]
[112 103 20]
[112 86 43]
[112 104 14]
[112 99 10]
[112 92 38]
[112 92 37]
[112 102 22]
[112 79 46]
[112 104 11]
[112 103 21]
[112 71 44]
[112 70 42]
[112 70 44]
[112 74 44]
[112 74 46]
[112 77 46]
[112 80 46]
[112 96 23]
[112 96 22]
[112 81 46]
[113 80 47]
[113 71 45]
[113 88 43]
[113 88 42]
[113 87 42]
[113 88 41]
[113 105 12]
[113 77 47]
[113 78 47]
[113 75 47]
[113 73 46]
[113 104 15]
[113 105 13]
[113 105 15]
[113 81 47]
[113 71 41]
[113 73 44]
[113 73 45]
[113 103 23]
[113 86 44]
[113 87 44]
[113 85 44]
[113 104 20]
[113 103 22]
[113 91 38]
[113 93 38]
[113 79 47]
[114 72 45]
[114 73 47]
[114 74 47]
[114 104 24]
[114 104 23]
[114 72 44]
[114 105 21]
[114 92 39]
[114 91 39]
[114 104 21]
[114 104 22]
[114 76 47]
[114 77 48]
[114 78 48]
[114 75 48]
[114 76 48]
[114 75 46]
[114 74 45]
[114 72 46]
[114 106 15]
[114 106 14]
[114 106 16]
[114 94 39]
[114 93 39]
[114 105 14]
[114 89 43]
[114 89 42]
[114 106 11]
[114 104 13]
[114 106 12]
[114 70 41]
[115 107 13]
[115 106 13]
[115 107 15]
[115 105 23]
[115 105 24]
[115 74 48]
[115 72 47]
[115 72 48]
[115 76 49]
[115 107 10]
[115 106 10]
[115 107 12]
[115 105 11]
[115 93 40]
[115 92 40]
[115 74 49]
[115 95 39]
[115 94 38]
[115 105 17]
[115 107 17]
[115 107 16]
[115 106 17]
[115 105 16]
[115 75 49]
[115 105 22]
[115 106 22]
[115 90 42]
[116 95 40]
[116 96 40]
[116 108 16]
[116 108 15]
[116 92 41]
[116 93 41]
[116 73 48]
[116 73 49]
[116 106 23]
[116 72 49]
[116 91 41]
[116 89 41]
[116 90 41]
[116 107 11]
[116 108 13]
[116 108 12]
[116 107 14]
[116 95 38]
[116 94 37]
[116 95 37]
[116 107 9]
[116 104 10]
[116 106 21]
[116 108 18]
[116 94 41]
[117 109 14]
[117 109 13]
[117 109 12]
[117 108 14]
[117 96 39]
[117 96 38]
[117 73 50]
[117 109 16]
[117 109 15]
[117 91 40]
[117 106 9]
[117 94 40]
[117 95 41]
[117 108 11]
[117 96 41]
[117 105 9]
[117 108 17]
[117 107 23]
[117 71 48]
[117 72 50]
[117 95 36]
[118 97 40]
[118 97 39]
[118 90 40]
[118 105 10]
[118 94 36]
[118 109 18]
[118 109 17]
[118 110 14]
[118 71 49]
[118 110 16]
[118 110 15]
[118 108 24]
[118 73 51]
[119 111 17]
[119 98 39]
[119 70 49]
[119 70 50]
[119 97 38]
[119 98 40]
[119 109 19]
[119 110 18]
[119 111 15]
[119 107 24]
[119 107 25]
[119 72 51]
[119 72 52]
[120 70 51]
[120 69 51]
[120 69 49]
[120 111 18]
[120 110 17]
[120 112 17]
[120 106 24]
[120 71 53]
[120 73 52]
[120 111 19]
[120 110 19]
[120 112 16]
[120 71 52]
[120 71 50]
[121 70 52]
[121 70 53]
[121 69 52]
[121 69 50]
[121 110 20]
[121 68 52]
[121 68 51]
[121 72 53]
[121 111 16]
[121 112 19]
[121 71 51]
[122 111 20]
[122 112 20]
[122 113 20]
[122 67 51]
[122 67 52]
[122 68 50]
[122 69 53]
[122 111 21]
[122 68 53]
[122 72 54]
[122 68 49]
[123 113 19]
[123 114 19]
[123 112 21]
[123 114 20]
[123 67 50]
[123 67 53]
[123 67 54]
[123 66 52]
[123 72 55]
[123 73 55]
[123 71 54]
[123 113 21]
[124 66 54]
[124 68 54]
[124 68 55]
[124 66 53]
[124 115 19]
[124 115 21]
[124 114 21]
[124 66 51]
[124 65 53]
[124 113 22]
[124 71 55]
[124 73 56]
[124 114 22]
[124 115 18]
[124 114 18]
[124 115 20]
[124 72 56]
[125 74 57]
[125 115 17]
[125 116 20]
[125 116 22]
[125 67 56]
[125 68 56]
[125 69 54]
[125 69 55]
[125 115 22]
[125 116 19]
[125 65 54]
[125 113 23]
[125 67 55]
[125 70 55]
[125 71 56]
[125 114 17]
[125 64 54]
[125 114 23]
[125 65 52]
[126 72 57]
[126 71 57]
[126 66 55]
[126 112 24]
[126 114 24]
[126 113 24]
[126 68 57]
[126 67 57]
[126 69 57]
[126 64 53]
[126 70 56]
[126 70 54]
[126 69 56]
[126 66 56]
[126 66 57]
[126 116 18]
[126 114 16]
[126 116 17]
[126 117 19]
[126 116 21]
[126 115 23]
[126 113 18]
[126 115 16]
[126 113 16]
[126 75 57]
[126 116 23]
[126 117 22]
[126 117 23]
[126 64 52]
[126 64 55]
[127 117 18]
[127 65 55]
[127 65 56]
[127 116 16]
[127 115 15]
[127 68 58]
[127 70 57]
[127 63 53]
[127 116 24]
[127 118 24]
[127 118 22]
[127 118 23]
[127 117 21]
[127 111 23]
[127 113 25]
[127 117 17]
[127 114 25]
[127 72 58]
[127 113 17]
[127 112 18]
[127 73 57]
[127 66 58]
[127 114 15]
[127 115 24]
[127 76 58]
[127 75 56]
[127 76 57]
[127 74 56]
[127 75 58]
[128 70 58]
[128 71 58]
[128 118 21]
[128 119 22]
[128 117 24]
[128 74 55]
[128 117 25]
[128 113 26]
[128 114 26]
[128 74 58]
[128 115 25]
[128 112 22]
[128 112 23]
[128 115 26]
[128 117 20]
[128 69 58]
[128 67 58]
[128 68 59]
[128 67 59]
[128 77 57]
[128 77 56]
[128 76 56]
[128 72 59]
[128 64 56]
[128 62 54]
[128 63 52]
[128 77 59]
[128 77 58]
[128 119 25]
[128 118 25]
[129 69 59]
[129 67 60]
[129 68 60]
[129 69 60]
[129 118 26]
[129 119 26]
[129 72 60]
[129 73 59]
[129 116 26]
[129 116 25]
[129 114 27]
[129 71 59]
[129 70 59]
[129 63 55]
[129 66 59]
[129 120 25]
[129 120 24]
[129 66 60]
[129 61 53]
[129 61 55]
[129 62 53]
[129 111 24]
[129 120 23]
[129 62 52]
[129 62 51]
[129 63 51]
[129 78 59]
[129 115 27]
[129 78 58]
[129 73 54]
[129 74 54]
[130 61 52]
[130 61 54]
[130 118 27]
[130 120 26]
[130 120 27]
[130 117 26]
[130 79 59]
[130 79 58]
[130 66 61]
[130 67 61]
[130 68 61]
[130 60 54]
[130 70 60]
[130 73 60]
[130 73 58]
[130 69 61]
[130 65 60]
[130 65 59]
[130 65 61]
[130 71 60]
[130 71 61]
[130 73 61]
[130 117 27]
[130 116 27]
[130 119 27]
[130 61 50]
[130 61 51]
[130 115 28]
[130 114 28]
[130 119 24]
[130 119 23]
[130 62 56]
[130 63 56]
[131 64 58]
[131 64 60]
[131 68 62]
[131 80 59]
[131 64 61]
[131 66 62]
[131 64 62]
[131 78 57]
[131 70 61]
[131 72 61]
[131 64 59]
[131 60 53]
[131 62 55]
[131 74 61]
[131 60 50]
[131 60 51]
[131 63 57]
[131 64 57]
[131 116 28]
[131 119 28]
[131 59 54]
[131 59 55]
[131 67 62]
[131 65 62]
[131 118 28]
[131 61 56]
[131 116 29]
[132 68 63]
[132 69 63]
[132 62 57]
[132 63 58]
[132 63 59]
[132 117 28]
[132 70 62]
[132 69 62]
[132 63 61]
[132 63 63]
[132 65 63]
[132 66 63]
[132 58 55]
[132 60 55]
[132 59 52]
[132 59 53]
[132 120 29]
[132 59 51]
[132 59 50]
[132 60 49]
[132 117 29]
[132 63 62]
[132 115 29]
[132 60 56]
[132 61 57]
[132 58 56]
[132 59 56]
[132 72 62]
[132 74 62]
[132 74 60]
[132 67 63]
[133 62 62]
[133 63 60]
[133 62 60]
[133 58 51]
[133 58 49]
[133 57 55]
[133 57 56]
[133 59 57]
[133 60 57]
[133 60 52]
[133 61 58]
[133 62 58]
[133 120 30]
[133 119 30]
[133 64 64]
[133 67 64]
[133 66 64]
[133 72 63]
[133 71 62]
[133 71 63]
[133 57 57]
[133 69 64]
[133 58 54]
[133 58 52]
[133 73 63]
[133 75 63]
[133 74 63]
[133 117 30]
[133 118 29]
[133 65 64]
[133 62 63]
[134 119 29]
[134 120 31]
[134 118 31]
[134 63 64]
[134 64 65]
[134 64 63]
[134 72 64]
[134 73 62]
[134 75 62]
[134 75 64]
[134 76 63]
[134 76 64]
[134 62 59]
[134 58 48]
[134 58 50]
[134 59 49]
[134 57 48]
[134 57 50]
[134 70 64]
[134 68 65]
[134 70 65]
[134 71 64]
[134 56 54]
[134 57 54]
[134 56 55]
[134 56 56]
[134 56 57]
[134 73 64]
[134 61 60]
[134 62 61]
[134 57 51]
[134 66 65]
[134 62 64]
[134 61 62]
[134 59 58]
[134 57 53]
[134 58 53]
[134 65 65]
[134 58 57]
[134 58 58]
[134 56 58]
[134 118 30]
[135 56 48]
[135 57 49]
[135 56 49]
[135 70 66]
[135 69 66]
[135 61 59]
[135 61 61]
[135 76 65]
[135 75 65]
[135 65 66]
[135 67 66]
[135 66 66]
[135 67 65]
[135 55 57]
[135 55 58]
[135 120 28]
[135 56 59]
[135 57 59]
[135 70 63]
[135 71 65]
[135 77 65]
[135 58 59]
[135 73 65]
[135 60 61]
[135 64 66]
[135 63 66]
[135 63 65]
[135 119 32]
[135 118 32]
[135 55 56]
[135 56 50]
[135 56 51]
[135 56 52]
[135 57 52]
[135 56 53]
[135 55 53]
[135 55 54]
[135 121 32]
[135 119 31]
[135 121 31]
[135 120 32]
[135 121 30]
[135 60 60]
[135 55 55]
[135 61 64]
[135 61 63]
[136 60 62]
[136 59 62]
[136 64 67]
[136 121 29]
[136 62 65]
[136 59 59]
[136 59 61]
[136 60 59]
[136 62 66]
[136 77 66]
[136 76 66]
[136 77 64]
[136 55 52]
[136 54 54]
[136 66 67]
[136 65 67]
[136 120 33]
[136 54 55]
[136 54 53]
[136 74 64]
[136 75 66]
[136 55 49]
[136 55 50]
[136 55 48]
[136 55 47]
[136 56 47]
[136 58 60]
[136 62 67]
[136 63 67]
[136 119 33]
[136 68 66]
[136 67 67]
[136 121 33]
[136 69 65]
[136 70 67]
[136 54 56]
[136 60 58]
[136 55 51]
[136 55 60]
[136 55 59]
[136 71 66]
[136 71 67]
[136 54 58]
[136 54 59]
[136 57 58]
[137 61 66]
[137 61 68]
[137 62 68]
[137 57 61]
[137 58 61]
[137 54 50]
[137 54 51]
[137 77 67]
[137 76 67]
[137 54 52]
[137 53 54]
[137 66 68]
[137 59 63]
[137 119 34]
[137 120 34]
[137 53 57]
[137 54 57]
[137 61 67]
[137 53 55]
[137 53 53]
[137 70 68]
[137 54 49]
[137 71 68]
[137 72 68]
[137 65 68]
[137 61 65]
[137 74 65]
[137 53 59]
[137 72 65]
[137 72 67]
[137 68 67]
[137 54 46]
[137 54 47]
[137 68 64]
[137 56 60]
[137 54 60]
[137 60 63]
[137 58 63]
[137 75 67]
[137 74 67]
[137 59 60]
[137 69 67]
[137 63 68]
[138 73 69]
[138 72 69]
[138 53 48]
[138 53 47]
[138 54 48]
[138 53 50]
[138 53 56]
[138 52 56]
[138 118 33]
[138 73 66]
[138 72 66]
[138 60 67]
[138 60 65]
[138 57 60]
[138 121 34]
[138 53 51]
[138 58 62]
[138 56 62]
[138 57 62]
[138 74 66]
[138 58 64]
[138 53 61]
[138 53 60]
[138 71 69]
[138 62 69]
[138 60 68]
[138 53 46]
[138 61 69]
[138 63 69]
[138 66 69]
[138 65 69]
[138 68 68]
[138 69 68]
[138 64 68]
[138 76 68]
[138 52 53]
[138 52 52]
[138 53 52]
[138 75 68]
[138 74 68]
[138 60 64]
[139 51 53]
[139 51 52]
[139 67 70]
[139 67 69]
[139 52 51]
[139 52 50]
[139 59 67]
[139 59 69]
[139 59 68]
[139 73 70]
[139 71 70]
[139 68 69]
[139 70 69]
[139 53 49]
[139 52 45]
[139 52 55]
[139 57 65]
[139 59 65]
[139 58 65]
[139 59 64]
[139 52 62]
[139 54 62]
[139 60 66]
[139 73 67]
[139 72 70]
[139 74 69]
[139 60 69]
[139 61 70]
[139 76 69]
[139 118 34]
[139 51 54]
[139 66 70]
[139 57 63]
[139 56 63]
[139 55 61]
[139 62 70]
[139 64 70]
[139 64 69]
[139 52 46]
[139 52 48]
[139 52 47]
[139 52 49]
[139 75 69]
[139 52 61]
[139 56 61]
[140 75 70]
[140 67 68]
[140 69 70]
[140 69 69]
[140 55 63]
[140 55 62]
[140 58 66]
[140 58 67]
[140 59 66]
[140 62 71]
[140 63 70]
[140 63 71]
[140 66 71]
[140 65 71]
[140 65 70]
[140 72 71]
[140 70 70]
[140 50 55]
[140 50 53]
[140 51 49]
[140 51 51]
[140 74 70]
[140 73 68]
[140 57 66]
[140 56 66]
[140 56 64]
[140 59 70]
[140 60 70]
[140 58 68]
[140 76 70]
[140 51 63]
[140 52 63]
[140 51 61]
[140 58 70]
[140 54 61]
[140 51 46]
[140 51 45]
[140 51 55]
[140 52 60]
[140 53 62]
[140 53 63]
[140 54 63]
[140 68 70]
[140 67 71]
[140 68 71]
[140 51 48]
[140 61 71]
[140 50 52]
[140 51 50]
[140 52 54]
[141 67 72]
[141 69 71]
[141 63 72]
[141 62 72]
[141 64 71]
[141 56 65]
[141 50 45]
[141 50 46]
[141 53 64]
[141 51 64]
[141 52 64]
[141 57 69]
[141 57 68]
[141 50 50]
[141 50 48]
[141 76 71]
[141 55 65]
[141 50 51]
[141 65 72]
[141 66 72]
[141 51 47]
[141 54 64]
[141 50 49]
[141 50 47]
[141 49 54]
[141 49 53]
[141 49 52]
[141 50 54]
[141 60 71]
[141 59 71]
[141 57 70]
[141 58 71]
[141 57 71]
[141 71 71]
[141 50 63]
[141 50 62]
[141 50 64]
[141 55 64]
[141 73 71]
[141 73 72]
[141 75 71]
[141 70 71]
[141 61 72]
[141 68 72]
[142 56 69]
[142 58 69]
[142 49 47]
[142 49 46]
[142 49 48]
[142 62 73]
[142 60 72]
[142 64 73]
[142 65 73]
[142 66 73]
[142 61 73]
[142 60 73]
[142 48 53]
[142 59 72]
[142 58 72]
[142 57 72]
[142 71 72]
[142 56 70]
[142 56 72]
[142 48 52]
[142 68 73]
[142 67 73]
[142 55 66]
[142 51 65]
[142 54 65]
[142 54 66]
[142 49 63]
[142 72 72]
[142 74 72]
[142 74 71]
[142 49 44]
[142 75 72]
[142 77 72]
[142 69 72]
[142 69 73]
[142 50 65]
[142 49 64]
[142 51 62]
[142 49 50]
[142 49 49]
[142 56 67]
[142 57 67]
[143 74 73]
[143 75 73]
[143 59 73]
[143 73 73]
[143 70 72]
[143 71 73]
[143 48 45]
[143 48 47]
[143 48 48]
[143 68 74]
[143 77 73]
[143 50 66]
[143 48 50]
[143 64 72]
[143 66 74]
[143 48 49]
[143 55 67]
[143 67 74]
[143 47 53]
[143 52 66]
[143 52 65]
[143 51 66]
[143 54 67]
[143 53 66]
[143 53 67]
[143 48 46]
[143 56 68]
[143 55 68]
[143 53 65]
[143 55 72]
[143 57 73]
[143 55 73]
[143 55 71]
[143 62 74]
[143 48 64]
[143 49 65]
[143 58 73]
[143 49 62]
[143 56 71]
[143 55 70]
[143 48 51]
[143 49 51]
[143 63 74]
[143 63 73]
[143 64 74]
[144 54 69]
[144 55 69]
[144 76 73]
[144 76 72]
[144 47 49]
[144 47 51]
[144 47 50]
[144 54 72]
[144 54 73]
[144 65 74]
[144 72 74]
[144 68 75]
[144 69 75]
[144 67 75]
[144 47 46]
[144 47 47]
[144 63 75]
[144 64 75]
[144 58 74]
[144 52 68]
[144 51 67]
[144 50 67]
[144 52 67]
[144 66 75]
[144 73 74]
[144 72 73]
[144 54 74]
[144 55 74]
[144 54 68]
[144 76 74]
[144 77 74]
[144 48 65]
[144 48 66]
[144 49 66]
[144 60 74]
[144 61 75]
[144 56 74]
[144 47 52]
[144 70 73]
[144 62 75]
[144 47 45]
[144 49 45]
[145 65 76]
[145 66 76]
[145 53 70]
[145 53 69]
[145 46 44]
[145 47 44]
[145 46 46]
[145 46 45]
[145 48 44]
[145 59 74]
[145 60 75]
[145 62 76]
[145 47 65]
[145 48 67]
[145 49 67]
[145 75 74]
[145 51 68]
[145 76 75]
[145 46 52]
[145 55 75]
[145 56 75]
[145 53 73]
[145 53 74]
[145 53 72]
[145 53 68]
[145 46 53]
[145 72 75]
[145 74 75]
[145 54 71]
[145 59 75]
[145 57 74]
[145 46 49]
[145 56 73]
[145 57 75]
[145 70 74]
[145 68 76]
[145 71 75]
[145 73 75]
[145 71 74]
[145 51 69]
[145 49 68]
[145 67 76]
[145 61 74]
[145 63 76]
[145 65 75]
[145 47 48]
[145 46 48]
[145 69 74]
[146 62 77]
[146 61 76]
[146 61 77]
[146 52 72]
[146 67 77]
[146 68 77]
[146 74 76]
[146 75 76]
[146 74 74]
[146 54 76]
[146 55 76]
[146 72 76]
[146 71 76]
[146 50 68]
[146 70 75]
[146 60 76]
[146 64 76]
[146 66 77]
[146 64 77]
[146 75 75]
[146 53 71]
[146 52 73]
[146 52 71]
[146 59 76]
[146 45 45]
[146 45 47]
[146 46 47]
[146 45 49]
[146 45 50]
[146 45 48]
[146 46 50]
[146 65 77]
[146 54 70]
[146 47 66]
[146 46 66]
[146 45 46]
[146 53 75]
[146 54 75]
[146 70 76]
[146 48 68]
[146 47 67]
[146 52 69]
[146 56 76]
[146 58 76]
[146 45 44]
[146 49 69]
[146 50 69]
[146 48 69]
[147 76 76]
[147 52 70]
[147 60 77]
[147 67 78]
[147 66 78]
[147 68 78]
[147 51 70]
[147 59 77]
[147 58 77]
[147 46 67]
[147 47 69]
[147 47 68]
[147 44 43]
[147 62 78]
[147 63 77]
[147 61 78]
[147 63 78]
[147 51 72]
[147 44 48]
[147 44 49]
[147 44 46]
[147 65 78]
[147 53 76]
[147 52 75]
[147 52 76]
[147 51 71]
[147 55 77]
[147 56 77]
[147 75 77]
[147 73 77]
[147 73 76]
[147 70 77]
[147 71 77]
[147 44 47]
[147 44 45]
[147 57 77]
[147 54 77]
[147 53 77]
[147 69 77]
[147 74 77]
[147 49 70]
[147 64 78]
[148 64 79]
[148 63 79]
[148 62 79]
[148 57 78]
[148 56 78]
[148 43 47]
[148 69 78]
[148 69 76]
[148 52 77]
[148 51 76]
[148 70 78]
[148 71 78]
[148 50 70]
[148 50 71]
[148 48 71]
[148 57 76]
[148 66 79]
[148 43 42]
[148 44 44]
[148 65 79]
[148 60 78]
[148 58 78]
[148 77 75]
[148 77 76]
[148 43 48]
[148 46 70]
[148 46 68]
[148 46 69]
[148 48 70]
[148 60 79]
[148 67 79]
[148 45 67]
[148 76 78]
[148 75 78]
[148 76 77]
[148 54 78]
[148 55 78]
[148 72 77]
[148 50 72]
[148 73 78]
[148 69 79]
[148 43 45]
[148 74 78]
[148 50 73]
[148 51 75]
[148 52 74]
[148 51 74]
[148 53 78]
[148 52 78]
[149 66 80]
[149 46 71]
[149 47 70]
[149 45 70]
[149 59 79]
[149 77 77]
[149 63 80]
[149 65 80]
[149 58 75]
[149 45 68]
[149 50 75]
[149 51 77]
[149 50 77]
[149 50 76]
[149 60 80]
[149 59 78]
[149 74 79]
[149 76 79]
[149 56 79]
[149 77 79]
[149 70 79]
[149 51 79]
[149 49 71]
[149 49 72]
[149 54 79]
[149 73 79]
[149 72 79]
[149 51 78]
[149 58 79]
[149 48 72]
[149 55 79]
[149 42 41]
[149 43 43]
[149 44 42]
[149 50 74]
[149 51 73]
[149 43 44]
[149 47 71]
[149 70 80]
[149 69 80]
[149 78 77]
[149 78 76]
[149 68 80]
[149 43 46]
[149 64 80]
[149 62 80]
[149 49 73]
[149 45 69]
[150 74 80]
[150 75 80]
[150 61 80]
[150 61 81]
[150 60 81]
[150 44 41]
[150 55 80]
[150 56 80]
[150 47 72]
[150 42 40]
[150 41 40]
[150 43 41]
[150 43 40]
[150 78 78]
[150 77 78]
[150 63 81]
[150 44 70]
[150 49 75]
[150 45 72]
[150 48 73]
[150 47 73]
[150 78 79]
[150 76 80]
[150 58 80]
[150 52 79]
[150 57 80]
[150 65 81]
[150 64 81]
[150 49 76]
[150 50 78]
[150 49 77]
[150 49 78]
[150 71 79]
[150 71 80]
[150 57 79]
[150 59 80]
[150 61 79]
[150 69 81]
[150 68 81]
[150 67 80]
[150 44 69]
[150 45 71]
[150 70 81]
[150 71 81]
[150 72 78]
[150 72 80]
[150 73 80]
[150 53 80]
[150 53 79]
[150 54 80]
[150 66 81]
[150 68 79]
[150 49 74]
[150 48 74]
[151 57 81]
[151 42 39]
[151 43 69]
[151 44 71]
[151 43 71]
[151 66 82]
[151 47 74]
[151 46 72]
[151 46 73]
[151 54 81]
[151 52 81]
[151 52 80]
[151 53 81]
[151 48 75]
[151 47 75]
[151 56 81]
[151 76 81]
[151 75 81]
[151 77 81]
[151 64 82]
[151 49 79]
[151 50 79]
[151 48 77]
[151 48 79]
[151 60 82]
[151 62 82]
[151 59 81]
[151 58 81]
[151 72 81]
[151 71 82]
[151 70 82]
[151 55 81]
[151 41 39]
[151 44 68]
[151 67 81]
[151 68 82]
[151 69 82]
[151 63 82]
[151 62 81]
[151 45 42]
[151 45 40]
[151 44 40]
[151 74 81]
[151 75 79]
[151 78 80]
[151 51 80]
[151 43 39]
[151 44 39]
[151 48 76]
[151 44 73]
[151 45 73]
[151 44 72]
[151 73 81]
[152 57 82]
[152 56 82]
[152 65 82]
[152 64 83]
[152 63 83]
[152 65 83]
[152 58 82]
[152 46 74]
[152 44 74]
[152 61 82]
[152 61 83]
[152 62 83]
[152 42 38]
[152 75 82]
[152 77 82]
[152 76 82]
[152 70 83]
[152 50 80]
[152 53 82]
[152 54 82]
[152 55 82]
[152 43 72]
[152 52 82]
[152 74 82]
[152 59 82]
[152 43 74]
[152 43 73]
[152 45 41]
[152 45 39]
[152 77 80]
[152 42 70]
[152 73 82]
[152 72 82]
[152 40 38]
[152 40 39]
[152 42 72]
[152 43 70]
[152 46 75]
[152 47 78]
[152 48 78]
[152 44 38]
[152 50 81]
[152 41 38]
[152 47 80]
[152 49 80]
[152 51 82]
[152 68 83]
[152 67 83]
[152 69 83]
[152 46 76]
[152 47 76]
[152 60 83]
[152 78 81]
[152 71 83]
[153 43 37]
[153 41 37]
[153 40 37]
[153 42 37]
[153 48 81]
[153 48 80]
[153 69 84]
[153 68 84]
[153 72 83]
[153 63 84]
[153 61 84]
[153 51 81]
[153 50 82]
[153 58 83]
[153 56 83]
[153 42 71]
[153 49 81]
[153 50 83]
[153 52 83]
[153 59 83]
[153 39 37]
[153 66 83]
[153 66 84]
[153 64 84]
[153 77 83]
[153 42 73]
[153 41 72]
[153 41 71]
[153 65 84]
[153 60 84]
[153 47 77]
[153 47 81]
[153 47 79]
[153 78 82]
[153 54 83]
[153 45 75]
[153 55 83]
[153 45 38]
[153 43 38]
[153 44 37]
[153 74 83]
[153 75 83]
[153 51 83]
[153 62 84]
[153 42 74]
[153 46 79]
[153 70 84]
[153 71 84]
[153 72 84]
[153 73 83]
[153 45 76]
[153 45 77]
[153 78 83]
[153 67 84]
[153 44 75]
[153 43 75]
[153 53 83]
[154 68 85]
[154 67 85]
[154 44 77]
[154 46 77]
[154 46 78]
[154 45 78]
[154 45 80]
[154 46 80]
[154 56 84]
[154 70 85]
[154 41 73]
[154 44 36]
[154 66 85]
[154 44 78]
[154 76 84]
[154 76 83]
[154 73 84]
[154 75 84]
[154 74 84]
[154 77 84]
[154 57 83]
[154 57 84]
[154 39 38]
[154 40 36]
[154 63 85]
[154 64 85]
[154 65 85]
[154 51 84]
[154 49 83]
[154 49 84]
[154 59 84]
[154 46 38]
[154 46 37]
[154 45 74]
[154 46 81]
[154 46 82]
[154 48 82]
[154 41 75]
[154 39 36]
[154 41 36]
[154 62 85]
[154 61 85]
[154 59 85]
[154 60 85]
[154 42 36]
[154 55 84]
[154 54 84]
[154 71 85]
[154 67 82]
[154 43 36]
[154 42 75]
[154 44 76]
[154 72 85]
[154 52 84]
[154 41 74]
[154 50 84]
[154 40 71]
[154 40 72]
[155 38 35]
[155 38 37]
[155 38 36]
[155 39 71]
[155 41 76]
[155 42 76]
[155 40 35]
[155 74 85]
[155 70 86]
[155 72 86]
[155 71 86]
[155 61 86]
[155 60 86]
[155 62 86]
[155 63 86]
[155 64 86]
[155 65 86]
[155 45 79]
[155 66 86]
[155 75 85]
[155 53 84]
[155 55 85]
[155 54 85]
[155 69 85]
[155 43 35]
[155 44 35]
[155 42 35]
[155 67 86]
[155 69 86]
[155 78 85]
[155 76 85]
[155 40 74]
[155 40 73]
[155 40 75]
[155 77 85]
[155 44 79]
[155 44 81]
[155 44 80]
[155 52 85]
[155 50 85]
[155 51 85]
[155 43 76]
[155 43 78]
[155 56 85]
[155 57 85]
[155 53 85]
[155 59 86]
[155 58 86]
[155 58 84]
[155 43 77]
[155 41 35]
[155 45 37]
[155 48 83]
[155 47 82]
[155 47 83]
[155 48 84]
[155 45 82]
[155 40 76]
[156 68 87]
[156 70 87]
[156 43 79]
[156 43 81]
[156 54 86]
[156 75 86]
[156 73 86]
[156 59 87]
[156 60 87]
[156 68 86]
[156 45 81]
[156 43 82]
[156 43 80]
[156 65 87]
[156 63 87]
[156 72 87]
[156 78 86]
[156 78 84]
[156 58 87]
[156 39 73]
[156 39 72]
[156 42 78]
[156 42 77]
[156 45 36]
[156 39 74]
[156 39 75]
[156 66 87]
[156 43 34]
[156 41 34]
[156 52 86]
[156 51 86]
[156 46 83]
[156 45 83]
[156 77 86]
[156 53 86]
[156 56 86]
[156 57 86]
[156 58 85]
[156 48 85]
[156 38 72]
[156 38 71]
[156 38 70]
[156 37 35]
[156 37 36]
[156 55 86]
[156 42 79]
[156 73 85]
[156 71 87]
[156 69 87]
[156 39 35]
[156 39 34]
[156 47 84]
[156 41 77]
[156 40 77]
[156 62 87]
[156 61 87]
[156 64 87]
[156 39 76]
[157 42 33]
[157 71 88]
[157 53 87]
[157 54 87]
[157 55 87]
[157 69 88]
[157 67 87]
[157 67 88]
[157 38 34]
[157 39 70]
[157 37 71]
[157 37 72]
[157 60 88]
[157 38 73]
[157 65 88]
[157 64 88]
[157 77 87]
[157 78 87]
[157 76 86]
[157 36 35]
[157 36 36]
[157 42 80]
[157 41 78]
[157 40 78]
[157 42 81]
[157 46 84]
[157 47 85]
[157 46 85]
[157 70 88]
[157 44 83]
[157 44 82]
[157 47 86]
[157 42 82]
[157 37 70]
[157 38 69]
[157 37 69]
[157 75 87]
[157 52 87]
[157 38 77]
[157 38 76]
[157 39 77]
[157 36 34]
[157 37 34]
[157 40 34]
[157 40 33]
[157 41 33]
[157 73 87]
[157 73 88]
[157 62 88]
[157 61 88]
[157 56 87]
[157 39 33]
[157 45 84]
[157 44 84]
[157 79 87]
[157 74 86]
[157 74 87]
[157 39 78]
[157 66 88]
[157 68 88]
[157 51 87]
[157 57 87]
[157 59 88]
[157 38 74]
[157 38 75]
[158 40 32]
[158 38 32]
[158 39 32]
[158 38 33]
[158 74 88]
[158 56 88]
[158 55 88]
[158 67 89]
[158 45 86]
[158 54 88]
[158 73 89]
[158 39 79]
[158 38 79]
[158 76 88]
[158 76 87]
[158 78 88]
[158 44 85]
[158 45 85]
[158 68 89]
[158 70 89]
[158 41 32]
[158 41 80]
[158 62 89]
[158 36 73]
[158 36 72]
[158 71 89]
[158 37 75]
[158 37 74]
[158 53 88]
[158 65 89]
[158 43 83]
[158 37 73]
[158 37 76]
[158 57 88]
[158 36 69]
[158 36 68]
[158 43 84]
[158 43 32]
[158 42 32]
[158 75 88]
[158 35 34]
[158 35 33]
[158 35 35]
[158 58 88]
[158 58 89]
[158 37 77]
[158 79 88]
[158 42 83]
[158 60 89]
[158 61 89]
[158 59 89]
[158 36 71]
[158 41 81]
[158 41 79]
[158 40 79]
[158 50 86]
[158 48 86]
[158 48 87]
[158 47 87]
[158 37 33]
[158 36 70]
[158 38 68]
[159 36 76]
[159 43 31]
[159 78 89]
[159 79 89]
[159 56 89]
[159 77 88]
[159 72 88]
[159 73 90]
[159 72 89]
[159 72 90]
[159 37 78]
[159 38 80]
[159 37 79]
[159 37 80]
[159 42 85]
[159 35 72]
[159 35 73]
[159 35 71]
[159 35 70]
[159 41 82]
[159 42 84]
[159 41 84]
[159 35 69]
[159 36 67]
[159 75 89]
[159 76 89]
[159 77 89]
[159 35 74]
[159 36 74]
[159 49 87]
[159 49 86]
[159 40 31]
[159 60 90]
[159 61 90]
[159 37 32]
[159 34 35]
[159 36 78]
[159 40 81]
[159 57 89]
[159 66 89]
[159 66 90]
[159 36 75]
[159 54 89]
[159 55 89]
[159 40 82]
[159 39 80]
[159 38 78]
[159 41 31]
[159 43 33]
[159 44 86]
[159 74 89]
[159 58 90]
[159 49 85]
[159 50 87]
[159 46 86]
[159 44 87]
[159 45 87]
[159 70 90]
[159 62 90]
[159 63 89]
[159 63 90]
[159 63 88]
[159 43 86]
[159 38 31]
[159 37 31]
[159 67 90]
[159 68 90]
[159 69 89]
[159 57 90]
[159 53 89]
[159 46 88]
[159 34 34]
[159 36 32]
[159 40 80]
[160 34 72]
[160 35 75]
[160 35 77]
[160 64 89]
[160 76 90]
[160 75 90]
[160 34 71]
[160 34 73]
[160 74 90]
[160 72 91]
[160 73 91]
[160 60 91]
[160 61 91]
[160 34 74]
[160 52 88]
[160 54 90]
[160 77 90]
[160 78 90]
[160 59 90]
[160 35 31]
[160 63 91]
[160 64 91]
[160 44 88]
[160 37 68]
[160 35 68]
[160 39 30]
[160 36 30]
[160 36 31]
[160 38 30]
[160 55 90]
[160 56 90]
[160 43 87]
[160 43 85]
[160 36 80]
[160 79 90]
[160 59 91]
[160 58 91]
[160 43 88]
[160 45 88]
[160 45 89]
[160 47 88]
[160 71 90]
[160 71 91]
[160 69 90]
[160 36 79]
[160 41 30]
[160 40 30]
[160 46 87]
[160 41 86]
[160 41 85]
[160 35 79]
[160 36 77]
[160 35 78]
[160 69 91]
[160 67 91]
[160 39 82]
[160 65 91]
[160 41 83]
[160 36 33]
[160 64 90]
[160 34 70]
[160 39 81]
[160 49 88]
[160 38 81]
[160 43 30]
[160 42 30]
[160 42 31]
[160 40 83]
[160 33 34]
[160 37 81]
[160 68 91]
[160 36 81]
[161 43 89]
[161 44 89]
[161 40 84]
[161 64 92]
[161 35 32]
[161 34 31]
[161 35 30]
[161 34 30]
[161 56 91]
[161 55 91]
[161 34 76]
[161 34 75]
[161 35 76]
[161 48 89]
[161 50 89]
[161 48 88]
[161 43 29]
[161 38 83]
[161 57 91]
[161 74 91]
[161 75 91]
[161 34 69]
[161 33 70]
[161 33 69]
[161 42 86]
[161 40 85]
[161 40 86]
[161 34 77]
[161 34 78]
[161 35 81]
[161 37 30]
[161 33 72]
[161 39 31]
[161 40 29]
[161 37 29]
[161 65 90]
[161 66 91]
[161 68 92]
[161 42 88]
[161 79 91]
[161 73 92]
[161 74 92]
[161 77 91]
[161 62 91]
[161 62 92]
[161 60 92]
[161 34 79]
[161 35 80]
[161 51 89]
[161 51 88]
[161 33 73]
[161 59 92]
[161 58 92]
[161 70 92]
[161 72 92]
[161 36 82]
[161 42 89]
[161 37 82]
[161 33 33]
[161 39 29]
[161 53 91]
[161 53 90]
[161 38 82]
[161 39 83]
[161 36 29]
[161 35 29]
[161 69 92]
[161 70 91]
[161 44 90]
[161 46 90]
[161 33 71]
[162 50 88]
[162 50 90]
[162 36 28]
[162 35 28]
[162 34 29]
[162 34 28]
[162 73 93]
[162 71 92]
[162 52 89]
[162 60 93]
[162 61 93]
[162 59 93]
[162 33 79]
[162 32 32]
[162 32 33]
[162 54 92]
[162 52 91]
[162 52 92]
[162 54 91]
[162 43 91]
[162 43 90]
[162 34 81]
[162 56 92]
[162 57 92]
[162 39 84]
[162 38 84]
[162 33 30]
[162 34 32]
[162 33 31]
[162 33 29]
[162 55 92]
[162 75 92]
[162 57 93]
[162 41 89]
[162 42 87]
[162 41 88]
[162 41 87]
[162 40 87]
[162 39 85]
[162 39 87]
[162 58 93]
[162 32 71]
[162 32 69]
[162 32 70]
[162 65 93]
[162 33 76]
[162 33 75]
[162 33 77]
[162 37 83]
[162 37 84]
[162 37 28]
[162 61 92]
[162 63 92]
[162 74 93]
[162 33 74]
[162 32 72]
[162 41 90]
[162 38 29]
[162 45 90]
[162 47 91]
[162 47 90]
[162 32 68]
[162 33 68]
[162 34 68]
[162 75 93]
[162 70 93]
[162 68 93]
[162 63 93]
[162 36 83]
[162 33 78]
[162 33 80]
[162 34 80]
[162 48 90]
[162 34 33]
[162 66 92]
[162 47 89]
[162 67 93]
[162 69 93]
[162 77 92]
[162 76 92]
[162 51 90]
[162 42 90]
[163 36 84]
[163 40 88]
[163 35 82]
[163 35 83]
[163 31 70]
[163 31 71]
[163 33 32]
[163 46 89]
[163 32 34]
[163 31 32]
[163 67 92]
[163 66 93]
[163 65 92]
[163 32 76]
[163 60 94]
[163 61 94]
[163 32 73]
[163 32 79]
[163 32 81]
[163 53 92]
[163 54 93]
[163 53 93]
[163 55 93]
[163 51 91]
[163 52 93]
[163 33 81]
[163 49 90]
[163 49 89]
[163 49 91]
[163 59 94]
[163 57 94]
[163 58 94]
[163 39 86]
[163 38 85]
[163 32 31]
[163 31 33]
[163 31 31]
[163 43 92]
[163 48 91]
[163 46 91]
[163 67 94]
[163 50 91]
[163 32 28]
[163 33 28]
[163 76 93]
[163 45 91]
[163 78 91]
[163 78 93]
[163 35 27]
[163 34 27]
[163 32 74]
[163 32 75]
[163 41 91]
[163 42 91]
[163 32 77]
[163 32 78]
[163 37 85]
[163 40 90]
[163 52 90]
[163 71 93]
[163 72 93]
[163 69 94]
[163 56 93]
[163 74 94]
[163 64 94]
[163 63 94]
[163 64 93]
[163 62 93]
[163 76 91]
[163 33 82]
[163 44 91]
[163 70 94]
[163 71 94]
[163 31 68]
[163 36 85]
[163 66 94]
[163 33 67]
[163 34 67]
[163 72 94]
[163 73 94]
[163 40 89]
[163 56 94]
[163 33 27]
[163 31 67]
[163 76 94]
[163 46 92]
[163 47 92]
[163 39 88]
[164 73 95]
[164 75 94]
[164 48 92]
[164 77 94]
[164 34 83]
[164 34 84]
[164 34 82]
[164 53 94]
[164 51 93]
[164 52 94]
[164 39 89]
[164 40 91]
[164 39 91]
[164 33 66]
[164 31 80]
[164 32 80]
[164 31 79]
[164 44 92]
[164 60 95]
[164 61 95]
[164 30 32]
[164 30 33]
[164 30 70]
[164 31 74]
[164 31 75]
[164 31 76]
[164 32 67]
[164 30 68]
[164 30 69]
[164 50 92]
[164 43 93]
[164 45 93]
[164 47 93]
[164 55 94]
[164 38 86]
[164 56 95]
[164 74 95]
[164 32 27]
[164 71 95]
[164 70 95]
[164 69 95]
[164 62 95]
[164 63 95]
[164 72 95]
[164 45 92]
[164 65 94]
[164 59 95]
[164 58 95]
[164 57 95]
[164 31 81]
[164 31 82]
[164 32 82]
[164 39 90]
[164 54 94]
[164 79 92]
[164 78 92]
[164 64 95]
[164 65 95]
[164 66 95]
[164 67 95]
[164 68 95]
[164 36 86]
[164 35 85]
[164 37 86]
[164 77 93]
[164 79 94]
[164 32 66]
[164 31 66]
[164 49 92]
[164 32 83]
[164 31 28]
[164 32 29]
[164 31 77]
[164 31 73]
[164 30 31]
[164 31 30]
[164 30 30]
[164 38 87]
[164 46 93]
[165 38 92]
[165 50 93]
[165 49 93]
[165 64 96]
[165 48 94]
[165 46 94]
[165 31 69]
[165 59 96]
[165 60 96]
[165 53 95]
[165 51 95]
[165 73 96]
[165 71 96]
[165 72 96]
[165 33 84]
[165 30 71]
[165 29 70]
[165 29 69]
[165 79 93]
[165 78 94]
[165 35 86]
[165 77 95]
[165 29 68]
[165 29 31]
[165 30 74]
[165 30 75]
[165 30 73]
[165 29 30]
[165 54 95]
[165 55 95]
[165 30 29]
[165 31 29]
[165 30 28]
[165 30 81]
[165 30 80]
[165 58 96]
[165 62 94]
[165 63 96]
[165 62 96]
[165 37 88]
[165 30 82]
[165 31 83]
[165 65 96]
[165 66 96]
[165 45 94]
[165 41 92]
[165 33 83]
[165 30 76]
[165 30 77]
[165 70 96]
[165 69 96]
[165 67 96]
[165 75 95]
[165 76 95]
[165 68 96]
[165 51 92]
[165 51 94]
[165 31 78]
[165 30 79]
[165 31 84]
[165 30 66]
[165 34 86]
[165 31 72]
[165 30 72]
[165 74 96]
[165 37 87]
[165 36 87]
[165 44 94]
[165 42 93]
[165 42 92]
[165 35 84]
[165 38 91]
[165 44 93]
[165 56 96]
[165 57 96]
[165 38 88]
[165 38 90]
[166 28 69]
[166 76 96]
[166 78 96]
[166 31 85]
[166 32 84]
[166 30 84]
[166 30 85]
[166 28 67]
[166 29 67]
[166 29 81]
[166 44 95]
[166 43 95]
[166 65 97]
[166 67 97]
[166 51 96]
[166 52 96]
[166 50 96]
[166 45 95]
[166 29 73]
[166 35 87]
[166 29 75]
[166 66 97]
[166 29 80]
[166 29 78]
[166 30 78]
[166 63 97]
[166 61 96]
[166 62 97]
[166 29 76]
[166 29 74]
[166 54 96]
[166 60 97]
[166 59 97]
[166 61 97]
[166 53 96]
[166 50 95]
[166 47 95]
[166 47 94]
[166 69 97]
[166 29 28]
[166 49 94]
[166 48 93]
[166 32 30]
[166 37 92]
[166 37 91]
[166 41 94]
[166 41 93]
[166 43 94]
[166 58 97]
[166 68 97]
[166 29 71]
[166 72 97]
[166 30 83]
[166 64 97]
[166 29 72]
[166 29 82]
[166 50 94]
[166 38 89]
[166 31 27]
[166 34 85]
[166 70 97]
[166 29 66]
[166 30 67]
[166 55 96]
[166 34 87]
[166 33 87]
[166 33 85]
[166 40 93]
[166 37 90]
[166 37 89]
[166 75 96]
[166 29 77]
[167 30 27]
[167 29 79]
[167 28 79]
[167 40 92]
[167 39 93]
[167 39 94]
[167 39 92]
[167 68 98]
[167 69 98]
[167 65 98]
[167 71 97]
[167 70 98]
[167 67 98]
[167 42 94]
[167 35 88]
[167 33 86]
[167 77 97]
[167 77 96]
[167 78 97]
[167 78 95]
[167 73 98]
[167 72 98]
[167 59 98]
[167 57 98]
[167 58 98]
[167 45 96]
[167 44 96]
[167 28 27]
[167 46 95]
[167 76 97]
[167 75 97]
[167 42 95]
[167 53 97]
[167 52 95]
[167 51 97]
[167 52 97]
[167 31 86]
[167 29 85]
[167 29 86]
[167 28 77]
[167 28 78]
[167 28 73]
[167 28 72]
[167 66 98]
[167 32 85]
[167 29 83]
[167 29 84]
[167 28 74]
[167 28 75]
[167 43 96]
[167 28 71]
[167 28 70]
[167 49 95]
[167 74 97]
[167 28 76]
[167 36 91]
[167 36 90]
[167 28 83]
[167 28 81]
[167 28 80]
[167 28 82]
[167 61 98]
[167 60 98]
[167 62 98]
[167 36 88]
[167 54 97]
[167 28 66]
[167 49 96]
[167 49 97]
[167 38 93]
[167 36 92]
[167 36 93]
[167 48 95]
[167 33 88]
[168 35 89]
[168 27 79]
[168 27 80]
[168 28 86]
[168 27 78]
[168 27 77]
[168 28 85]
[168 67 99]
[168 66 99]
[168 73 99]
[168 73 97]
[168 74 98]
[168 48 96]
[168 37 93]
[168 38 94]
[168 75 98]
[168 76 98]
[168 41 95]
[168 53 98]
[168 78 98]
[168 40 94]
[168 27 70]
[168 27 72]
[168 27 71]
[168 45 97]
[168 30 87]
[168 30 86]
[168 27 83]
[168 27 82]
[168 64 98]
[168 64 99]
[168 46 96]
[168 44 97]
[168 28 84]
[168 27 73]
[168 57 97]
[168 59 99]
[168 34 88]
[168 33 89]
[168 52 98]
[168 71 98]
[168 40 95]
[168 27 81]
[168 29 27]
[168 50 97]
[168 50 98]
[168 35 94]
[168 37 94]
[168 36 94]
[168 35 92]
[168 56 99]
[168 58 99]
[168 36 89]
[168 51 98]
[168 70 99]
[168 61 99]
[168 27 76]
[168 27 74]
[168 63 98]
[168 42 96]
[168 48 98]
[168 27 84]
[168 71 99]
[168 32 86]
[168 32 87]
[168 41 96]
[169 26 72]
[169 26 73]
[169 26 71]
[169 31 87]
[169 29 87]
[169 29 88]
[169 34 89]
[169 32 88]
[169 34 90]
[169 37 95]
[169 38 95]
[169 42 97]
[169 41 97]
[169 40 96]
[169 27 85]
[169 26 85]
[169 26 83]
[169 62 99]
[169 63 99]
[169 74 99]
[169 26 82]
[169 47 97]
[169 26 77]
[169 72 99]
[169 56 98]
[169 57 99]
[169 56 100]
[169 55 99]
[169 35 93]
[169 35 95]
[169 34 95]
[169 27 86]
[169 26 79]
[169 54 98]
[169 44 98]
[169 46 97]
[169 35 91]
[169 34 91]
[169 26 78]
[169 70 100]
[169 71 100]
[169 47 98]
[169 79 98]
[169 26 80]
[169 45 98]
[169 26 70]
[169 52 99]
[169 50 99]
[169 60 100]
[169 61 100]
[169 26 75]
[169 26 76]
[169 39 95]
[169 39 96]
[169 76 99]
[169 72 100]
[169 36 95]
[169 27 75]
[169 26 74]
[169 57 100]
[169 59 100]
[169 35 90]
[169 53 99]
[169 77 99]
[169 64 100]
[169 65 100]
[169 65 99]
[169 49 98]
[169 51 99]
[170 25 77]
[170 25 79]
[170 25 78]
[170 51 100]
[170 53 100]
[170 44 99]
[170 43 97]
[170 55 97]
[170 55 98]
[170 54 99]
[170 62 100]
[170 52 100]
[170 54 100]
[170 34 92]
[170 79 99]
[170 73 100]
[170 72 101]
[170 71 101]
[170 73 101]
[170 25 85]
[170 25 84]
[170 25 86]
[170 26 86]
[170 32 89]
[170 31 88]
[170 25 80]
[170 58 100]
[170 38 97]
[170 38 96]
[170 76 100]
[170 77 98]
[170 64 101]
[170 25 73]
[170 28 89]
[170 28 88]
[170 30 88]
[170 30 89]
[170 29 89]
[170 47 96]
[170 46 98]
[170 28 87]
[170 42 98]
[170 43 98]
[170 45 99]
[170 46 99]
[170 37 96]
[170 34 94]
[170 78 100]
[170 60 101]
[170 60 99]
[170 59 101]
[170 33 91]
[170 69 99]
[170 69 101]
[170 50 100]
[170 55 101]
[170 74 100]
[170 75 100]
[170 75 99]
[170 34 96]
[170 35 96]
[170 41 98]
[170 25 75]
[170 25 71]
[170 25 70]
[170 25 82]
[170 26 81]
[170 36 96]
[170 25 83]
[170 26 84]
[170 33 95]
[170 33 94]
[170 47 99]
[170 48 99]
[170 48 97]
[170 49 99]
[170 25 74]
[170 61 101]
[170 62 101]
[170 33 90]
[171 27 89]
[171 56 97]
[171 77 100]
[171 24 80]
[171 24 76]
[171 25 81]
[171 24 85]
[171 24 84]
[171 62 102]
[171 63 100]
[171 32 95]
[171 32 93]
[171 32 94]
[171 33 93]
[171 34 93]
[171 49 100]
[171 70 101]
[171 68 101]
[171 52 101]
[171 53 101]
[171 51 101]
[171 74 101]
[171 24 71]
[171 24 72]
[171 25 72]
[171 36 97]
[171 37 97]
[171 55 100]
[171 54 101]
[171 40 99]
[171 40 97]
[171 41 99]
[171 24 79]
[171 24 77]
[171 24 78]
[171 24 81]
[171 24 83]
[171 24 82]
[171 48 100]
[171 47 100]
[171 45 100]
[171 63 101]
[171 78 99]
[171 63 102]
[171 42 99]
[171 60 102]
[171 34 97]
[171 35 97]
[171 58 101]
[171 59 102]
[171 25 76]
[171 24 75]
[171 24 74]
[171 27 90]
[171 29 90]
[171 50 101]
[171 75 101]
[171 32 91]
[171 44 100]
[171 43 99]
[171 26 87]
[171 25 87]
[171 24 73]
[171 32 90]
[171 28 90]
[171 46 100]
[171 31 90]
[171 55 102]
[171 56 101]
[171 54 102]
[172 23 78]
[172 23 79]
[172 24 86]
[172 23 85]
[172 23 86]
[172 23 84]
[172 44 101]
[172 43 101]
[172 43 100]
[172 45 101]
[172 27 91]
[172 29 91]
[172 23 83]
[172 23 70]
[172 23 71]
[172 23 72]
[172 23 73]
[172 34 98]
[172 36 98]
[172 53 102]
[172 33 92]
[172 23 76]
[172 23 75]
[172 68 100]
[172 67 100]
[172 39 100]
[172 40 98]
[172 39 99]
[172 51 102]
[172 50 102]
[172 48 101]
[172 23 80]
[172 61 103]
[172 61 102]
[172 59 103]
[172 42 100]
[172 41 100]
[172 23 77]
[172 58 103]
[172 23 82]
[172 30 90]
[172 28 91]
[172 62 103]
[172 31 94]
[172 26 90]
[172 26 88]
[172 76 101]
[172 31 91]
[172 30 91]
[172 31 89]
[172 24 87]
[172 56 103]
[172 52 102]
[172 25 88]
[172 35 98]
[172 23 74]
[172 58 102]
[172 57 102]
[172 33 98]
[172 32 92]
[172 31 92]
[172 23 81]
[173 32 98]
[173 32 97]
[173 32 99]
[173 34 99]
[173 33 99]
[173 60 103]
[173 36 99]
[173 37 98]
[173 35 99]
[173 22 83]
[173 41 101]
[173 22 76]
[173 22 75]
[173 22 77]
[173 66 100]
[173 40 100]
[173 39 101]
[173 40 101]
[173 42 101]
[173 22 69]
[173 22 70]
[173 22 79]
[173 57 104]
[173 59 104]
[173 57 103]
[173 39 98]
[173 57 101]
[173 68 99]
[173 69 100]
[173 44 102]
[173 30 95]
[173 30 93]
[173 46 102]
[173 45 102]
[173 22 81]
[173 49 101]
[173 49 103]
[173 30 92]
[173 29 92]
[173 23 87]
[173 23 88]
[173 22 86]
[173 50 103]
[173 22 82]
[173 31 93]
[173 26 89]
[173 22 85]
[173 53 103]
[173 28 92]
[173 22 80]
[173 55 104]
[173 58 104]
[173 25 90]
[173 25 91]
[173 22 72]
[173 22 71]
[173 47 101]
[173 49 102]
[173 47 102]
[173 25 89]
[173 27 88]
[173 27 87]
[173 26 92]
[173 27 92]
[173 26 91]
[174 21 74]
[174 21 76]
[174 22 68]
[174 23 69]
[174 21 68]
[174 22 89]
[174 22 88]
[174 22 87]
[174 23 89]
[174 58 105]
[174 57 105]
[174 21 71]
[174 21 69]
[174 48 102]
[174 46 103]
[174 44 103]
[174 46 101]
[174 45 103]
[174 60 104]
[174 59 105]
[174 21 80]
[174 21 82]
[174 31 98]
[174 33 97]
[174 31 97]
[174 25 92]
[174 27 93]
[174 39 97]
[174 36 100]
[174 35 100]
[174 31 99]
[174 33 100]
[174 32 100]
[174 31 100]
[174 24 91]
[174 21 81]
[174 21 72]
[174 34 100]
[174 21 86]
[174 21 84]
[174 24 88]
[174 24 89]
[174 48 104]
[174 42 102]
[174 22 73]
[174 29 93]
[174 54 103]
[174 21 85]
[174 21 83]
[174 55 103]
[174 54 105]
[174 56 104]
[174 55 105]
[174 22 78]
[174 30 94]
[174 56 102]
[174 28 93]
[174 47 103]
[174 43 102]
[174 21 75]
[174 21 77]
[174 37 99]
[174 38 98]
[174 49 104]
[174 51 103]
[174 51 104]
[174 32 96]
[174 31 96]
[174 29 96]
[174 29 95]
[174 31 95]
[175 27 94]
[175 28 94]
[175 26 93]
[175 20 79]
[175 21 79]
[175 20 75]
[175 20 74]
[175 21 73]
[175 30 96]
[175 38 99]
[175 57 106]
[175 50 104]
[175 50 105]
[175 49 105]
[175 48 103]
[175 53 104]
[175 42 103]
[175 20 84]
[175 22 84]
[175 20 85]
[175 24 90]
[175 31 101]
[175 32 101]
[175 33 101]
[175 29 94]
[175 54 106]
[175 28 95]
[175 29 97]
[175 28 97]
[175 28 96]
[175 30 99]
[175 30 100]
[175 30 101]
[175 43 104]
[175 45 104]
[175 43 103]
[175 34 101]
[175 22 74]
[175 46 104]
[175 44 104]
[175 30 98]
[175 23 90]
[175 22 90]
[175 47 104]
[175 20 71]
[175 20 72]
[175 36 101]
[175 35 101]
[175 25 93]
[175 24 92]
[175 21 88]
[175 21 89]
[175 54 104]
[175 21 70]
[175 20 70]
[175 20 69]
[175 20 68]
[175 22 67]
[175 21 67]
[175 58 106]
[175 52 103]
[175 20 86]
[175 20 87]
[175 23 91]
[175 37 100]
[175 20 82]
[175 20 83]
[175 20 81]
[175 20 76]
[175 56 105]
[175 30 97]
[176 25 94]
[176 51 105]
[176 50 106]
[176 19 82]
[176 19 84]
[176 19 75]
[176 19 74]
[176 20 80]
[176 27 96]
[176 57 107]
[176 58 107]
[176 28 98]
[176 19 79]
[176 21 78]
[176 19 78]
[176 29 99]
[176 29 100]
[176 21 90]
[176 47 105]
[176 19 87]
[176 20 88]
[176 19 69]
[176 19 68]
[176 33 102]
[176 32 102]
[176 19 83]
[176 29 98]
[176 19 72]
[176 19 70]
[176 37 101]
[176 38 101]
[176 53 105]
[176 55 106]
[176 53 107]
[176 53 106]
[176 23 93]
[176 23 92]
[176 24 93]
[176 19 71]
[176 19 76]
[176 19 77]
[176 19 73]
[176 20 73]
[176 49 106]
[176 48 106]
[176 48 105]
[176 42 104]
[176 35 102]
[176 27 95]
[176 26 95]
[176 26 94]
[176 20 78]
[176 45 105]
[176 41 102]
[176 41 104]
[176 27 98]
[176 34 102]
[176 44 105]
[176 43 105]
[176 22 91]
[176 21 91]
[176 52 104]
[176 52 105]
[176 30 102]
[176 46 105]
[176 31 102]
[176 29 101]
[176 29 102]
[176 20 89]
[177 40 102]
[177 38 100]
[177 37 102]
[177 47 106]
[177 18 80]
[177 51 106]
[177 52 106]
[177 18 82]
[177 18 83]
[177 18 78]
[177 18 77]
[177 43 106]
[177 56 106]
[177 56 107]
[177 55 107]
[177 22 94]
[177 23 94]
[177 22 93]
[177 24 94]
[177 22 92]
[177 42 105]
[177 24 95]
[177 18 72]
[177 30 103]
[177 20 92]
[177 20 91]
[177 54 107]
[177 52 107]
[177 41 103]
[177 49 107]
[177 50 107]
[177 48 107]
[177 18 87]
[177 20 77]
[177 18 75]
[177 18 74]
[177 18 76]
[177 28 99]
[177 26 97]
[177 27 97]
[177 18 70]
[177 18 69]
[177 18 68]
[177 18 84]
[177 19 85]
[177 18 73]
[177 31 103]
[177 46 106]
[177 18 71]
[177 38 102]
[177 36 102]
[177 28 101]
[177 18 81]
[177 28 100]
[177 32 103]
[177 34 103]
[177 33 103]
[177 36 103]
[177 35 103]
[177 20 90]
[177 19 90]
[177 19 89]
[177 21 87]
[177 19 88]
[177 25 95]
[177 25 96]
[177 26 96]
[177 19 80]
[178 23 95]
[178 21 94]
[178 49 108]
[178 43 107]
[178 44 106]
[178 44 107]
[178 42 106]
[178 19 92]
[178 17 71]
[178 17 70]
[178 32 104]
[178 18 89]
[178 19 91]
[178 53 108]
[178 17 81]
[178 17 82]
[178 21 92]
[178 27 99]
[178 40 104]
[178 36 104]
[178 35 104]
[178 34 104]
[178 40 103]
[178 17 69]
[178 17 73]
[178 17 75]
[178 23 96]
[178 17 85]
[178 17 84]
[178 25 97]
[178 33 104]
[178 17 87]
[178 18 86]
[178 17 86]
[178 19 86]
[178 24 97]
[178 19 81]
[178 17 74]
[178 17 72]
[178 18 85]
[178 31 104]
[178 17 77]
[178 52 108]
[178 51 107]
[178 17 76]
[178 37 103]
[178 39 102]
[178 39 103]
[178 38 103]
[178 18 79]
[178 50 108]
[178 41 105]
[178 17 83]
[178 27 100]
[178 24 96]
[178 26 98]
[178 17 68]
[178 17 67]
[178 21 93]
[178 46 107]
[178 47 107]
[178 17 79]
[179 16 84]
[179 42 107]
[179 41 106]
[179 39 104]
[179 45 107]
[179 34 105]
[179 36 105]
[179 51 108]
[179 25 99]
[179 25 98]
[179 16 74]
[179 16 73]
[179 26 99]
[179 16 72]
[179 16 75]
[179 16 76]
[179 16 85]
[179 22 97]
[179 22 95]
[179 22 96]
[179 16 71]
[179 16 68]
[179 46 108]
[179 54 108]
[179 16 67]
[179 32 105]
[179 40 105]
[179 40 106]
[179 45 106]
[179 35 105]
[179 37 105]
[179 17 80]
[179 16 80]
[179 17 78]
[179 16 69]
[179 47 108]
[179 42 108]
[179 44 108]
[179 18 92]
[179 18 91]
[179 20 93]
[179 18 93]
[179 16 83]
[179 16 82]
[179 16 81]
[179 16 86]
[179 17 89]
[179 18 88]
[179 18 90]
[179 17 88]
[179 33 105]
[179 49 109]
[179 23 98]
[179 24 98]
[179 20 95]
[179 21 95]
[179 38 104]
[179 37 104]
[180 15 84]
[180 15 86]
[180 16 66]
[180 38 105]
[180 39 105]
[180 15 80]
[180 15 82]
[180 15 70]
[180 16 70]
[180 36 106]
[180 37 106]
[180 19 95]
[180 21 96]
[180 19 94]
[180 20 94]
[180 19 96]
[180 15 71]
[180 15 72]
[180 16 88]
[180 15 73]
[180 34 106]
[180 35 106]
[180 33 106]
[180 24 99]
[180 15 81]
[180 15 85]
[180 15 74]
[180 39 106]
[180 15 77]
[180 15 75]
[180 15 76]
[180 17 93]
[180 19 93]
[180 17 91]
[180 17 90]
[180 15 87]
[180 16 79]
[180 23 97]
[180 48 109]
[180 48 108]
[180 15 83]
[180 41 107]
[180 43 109]
[180 44 109]
[180 45 108]
[180 43 108]
[180 20 96]
[181 14 88]
[181 14 87]
[181 16 87]
[181 14 86]
[181 16 90]
[181 17 92]
[181 14 75]
[181 14 74]
[181 14 83]
[181 14 85]
[181 14 84]
[181 39 107]
[181 38 106]
[181 16 78]
[181 16 65]
[181 14 77]
[181 16 77]
[181 14 78]
[181 14 82]
[181 14 80]
[181 14 71]
[181 14 70]
[181 36 107]
[181 37 107]
[181 34 107]
[181 20 97]
[181 18 94]
[181 18 95]
[181 14 72]
[181 16 92]
[181 16 93]
[181 42 109]
[181 15 79]
[181 14 79]
[181 40 107]
[181 41 108]
[181 15 89]
[181 16 89]
[181 42 110]
[181 18 97]
[181 18 96]
[182 15 90]
[182 43 110]
[182 41 111]
[182 41 109]
[182 42 111]
[182 38 108]
[182 37 108]
[182 36 108]
[182 40 108]
[182 39 108]
[182 17 96]
[182 15 92]
[182 16 91]
[182 13 81]
[182 13 80]
[182 13 84]
[182 13 85]
[182 13 83]
[182 13 71]
[182 13 86]
[182 14 81]
[182 13 79]
[182 13 78]
[182 13 74]
[182 13 75]
[182 13 87]
[182 15 64]
[182 16 64]
[182 15 93]
[182 13 70]
[182 13 72]
[182 34 108]
[182 35 107]
[182 14 76]
[182 13 77]
[182 15 78]
[182 20 98]
[182 13 73]
[182 14 73]
[182 17 94]
[182 17 95]
[182 13 82]
[182 14 90]
[182 14 89]
[183 12 79]
[183 12 78]
[183 41 110]
[183 40 112]
[183 41 112]
[183 38 107]
[183 38 109]
[183 12 88]
[183 12 86]
[183 12 87]
[183 12 82]
[183 12 81]
[183 12 80]
[183 35 109]
[183 35 108]
[183 40 109]
[183 12 73]
[183 12 74]
[183 12 69]
[183 12 71]
[183 14 69]
[183 15 63]
[183 17 64]
[183 17 63]
[183 17 97]
[183 16 96]
[183 12 77]
[183 13 76]
[183 36 109]
[183 37 109]
[183 12 84]
[183 12 85]
[183 13 90]
[183 14 91]
[183 13 89]
[183 15 91]
[183 14 93]
[183 16 94]
[183 14 92]
[183 15 94]
[183 14 94]
[183 16 95]
[183 21 98]
[183 15 88]
[183 13 88]
[183 14 63]
[183 16 63]
[184 12 68]
[184 11 68]
[184 11 69]
[184 16 62]
[184 17 62]
[184 21 97]
[184 36 110]
[184 15 95]
[184 13 62]
[184 15 62]
[184 40 111]
[184 11 80]
[184 11 81]
[184 11 79]
[184 37 110]
[184 13 92]
[184 11 83]
[184 11 74]
[184 11 72]
[184 11 73]
[184 11 86]
[184 11 77]
[184 11 78]
[184 39 113]
[184 15 96]
[184 12 89]
[184 12 90]
[184 11 87]
[184 11 85]
[184 11 70]
[184 12 72]
[184 13 68]
[184 13 91]
[184 11 88]
[184 13 94]
[184 13 93]
[184 14 95]
[184 39 110]
[184 39 109]
[184 38 110]
[184 12 75]
[184 11 82]
[185 17 61]
[185 10 89]
[185 10 87]
[185 10 84]
[185 10 86]
[185 10 85]
[185 10 70]
[185 11 71]
[185 11 76]
[185 12 76]
[185 10 81]
[185 10 79]
[185 13 95]
[185 14 96]
[185 10 73]
[185 10 75]
[185 11 67]
[185 12 93]
[185 10 82]
[185 10 88]
[185 39 112]
[185 10 77]
[185 10 76]
[185 10 78]
[185 13 69]
[185 36 111]
[185 39 111]
[185 40 110]
[185 14 62]
[185 10 74]
[185 10 72]
[185 38 113]
[185 10 67]
[185 10 68]
[185 10 83]
[185 12 83]
[185 12 94]
[185 16 61]
[185 12 63]
[185 12 62]
[185 12 92]
[185 12 91]
[185 11 84]
[185 12 70]
[186 9 73]
[186 12 95]
[186 13 96]
[186 9 83]
[186 9 82]
[186 37 112]
[186 37 114]
[186 38 112]
[186 39 114]
[186 11 75]
[186 9 74]
[186 36 112]
[186 9 76]
[186 9 75]
[186 13 63]
[186 9 78]
[186 9 84]
[186 9 70]
[186 9 71]
[186 9 69]
[186 11 90]
[186 10 90]
[186 11 89]
[186 9 77]
[186 9 80]
[186 9 79]
[186 16 60]
[186 9 68]
[186 11 93]
[186 11 91]
[186 11 92]
[186 11 94]
[186 11 95]
[186 10 69]
[187 15 59]
[187 37 111]
[187 37 113]
[187 8 84]
[187 38 114]
[187 8 79]
[187 9 81]
[187 8 81]
[187 10 80]
[187 9 72]
[187 8 73]
[187 8 74]
[187 10 91]
[187 10 71]
[187 8 72]
[187 8 70]
[187 38 111]
[187 8 75]
[187 8 77]
[187 8 76]
[187 8 69]
[187 37 115]
[187 38 115]
[187 10 92]
[187 8 71]
[187 8 82]
[187 8 78]
[187 8 80]
[187 14 64]
[187 9 85]
[187 8 83]
[187 8 85]
[188 7 72]
[188 7 70]
[188 8 86]
[188 9 86]
[188 7 84]
[188 7 83]
[188 7 82]
[188 7 73]
[188 38 116]
[188 7 81]
[188 7 74]
[188 7 75]
[188 7 76]
[188 7 78]
[188 7 77]
[188 7 69]
[188 7 80]
[188 7 79]
[189 6 80]
[189 6 78]
[189 6 77]
[189 6 79]
[189 6 82]
[189 8 87]
[189 6 74]
[189 6 72]
[189 6 73]
[189 6 84]
[189 6 71]
[189 7 71]
[189 6 69]
[189 6 70]
[189 6 76]
[189 7 87]
[189 7 86]
[189 9 87]
[189 6 81]
[190 5 80]
[190 5 69]
[190 5 70]
[190 5 73]
[190 5 72]
[190 7 88]
[190 6 88]
[190 5 79]
[190 5 77]
[190 5 78]
[190 6 75]
[190 9 88]
[190 6 86]
[190 6 85]
[190 6 83]
[191 4 77]
[191 5 76]
[191 4 76]
[191 5 74]
[191 5 75]
[191 4 78]
[191 4 80]
[191 7 85]
[191 6 87]
[191 5 87]
[191 5 71]
[191 4 70]
[191 4 71]
[191 4 79]
[191 8 89]
[191 5 88]
[191 5 89]
[191 6 89]
[191 4 72]
[191 4 74]
[191 7 89]
[191 5 86]
[192 4 75]
[192 3 71]
[192 4 73]
[192 4 86]
[192 4 88]
[192 3 72]
[192 3 70]
[192 3 76]
[192 3 77]
[192 3 69]
[192 3 79]
[192 3 78]
[192 3 73]
[192 3 75]
[192 4 87]
[192 3 80]
[192 3 81]
[192 5 81]
[193 3 82]
[193 4 82]
[193 2 82]
[193 2 80]
[193 4 81]
[193 3 87]
[193 2 69]
[193 2 70]
[193 2 68]
[193 3 86]
[193 2 71]
[193 2 81]
[193 2 76]
[193 3 74]
[193 2 77]
[193 2 72]
[194 3 85]
[194 2 85]
[194 1 83]
[194 1 81]
[194 4 83]
[194 3 83]
[194 1 69]
[194 1 71]
[194 1 70]
[194 1 72]
[194 2 73]
[194 2 87]
[194 2 88]
[194 1 82]
[194 1 80]
[194 3 68]
[194 5 82]
[194 1 78]
[194 1 77]
[195 1 86]
[195 1 87]
[195 0 71]
[195 0 70]
[195 0 81]
[195 1 79]
[195 2 79]
[195 3 84]
[195 2 84]
[195 2 86]
[195 4 85]
[195 1 85]
[195 0 78]
[195 0 76]
[195 2 78]
[195 0 77]
[195 1 76]
[195 4 84]
[195 1 84]
[195 0 83]
[195 0 84]
[195 2 83]
[195 0 72]
[195 0 82]
[195 2 89]
[195 1 89]
[195 5 83]
[195 5 84]
[195 0 79]
[195 2 74]
[195 1 74]
[196 1 73]
[196 0 86]
[196 -1 83]
[196 -1 77]
[196 0 75]
[196 2 75]
[196 -1 78]
[196 -1 80]
[196 -1 70]
[196 0 80]
[196 1 75]
[196 -1 69]
[196 -1 71]
[196 -1 72]
[196 0 85]
[196 -1 84]
[196 -1 76]
[196 0 89]
[196 1 88]
[196 0 88]
[197 -1 73]
[197 0 73]
[197 -2 72]
[197 0 87]
[197 -2 79]
[197 -2 85]
[197 -2 83]
[197 -2 84]
[197 -2 76]
[197 0 74]
[197 -2 82]
[197 -1 82]
[197 -2 69]
[197 -2 70]
[197 -1 88]
[197 -1 89]
[197 -2 71]
[197 -1 79]
[197 -1 86]
[197 -1 74]
[197 -1 75]
[197 0 69]
[198 -3 85]
[198 -2 86]
[198 -3 70]
[198 -3 71]
[198 -3 69]
[198 -2 89]
[198 -2 88]
[198 -1 87]
[198 -3 73]
[198 -2 74]
[198 -2 73]
[198 -3 72]
[198 -1 85]
[198 -2 75]
[198 -3 83]
[198 -3 82]
[198 -2 81]
[198 -1 81]
[198 -3 78]
[198 -3 79]
[198 -3 80]
[198 -2 80]
[199 -4 72]
[199 -3 74]
[199 -4 84]
[199 -3 84]
[199 -3 86]
[199 -4 86]
[199 -4 79]
[199 -4 77]
[199 -4 78]
[199 -3 77]
[199 -3 81]
[199 -3 88]
[199 -4 69]
[199 -4 70]
[199 -2 87]
[199 -2 78]
[199 -4 81]
[199 -4 80]
[199 -4 83]
[199 -4 82]
[199 -3 76]
[200 -3 68]
[200 -5 68]
[200 -5 81]
[200 -5 80]
[200 -3 87]
[200 -5 85]
[200 -3 75]
[200 -4 75]
[200 -2 77]
[200 -4 85]
[200 -5 82]
[200 -5 83]
[200 -5 84]
[200 -4 73]
[200 -5 73]
[200 -4 87]
[200 -5 78]
[200 -5 79]
[200 -5 77]
[200 -4 74]
[200 -3 89]
[200 -5 76]
[201 -6 85]
[201 -6 84]
[201 -6 86]
[201 -5 86]
[201 -4 88]
[201 -6 79]
[201 -5 69]
[201 -4 68]
[201 -4 76]
[201 -6 76]
[201 -6 75]
[201 -5 75]
[201 -6 77]
[201 -6 74]
[201 -6 73]
[201 -6 72]
[201 -6 80]
[201 -6 81]
[201 -5 87]
[201 -5 72]
[201 -6 83]
[202 -7 86]
[202 -6 87]
[202 -7 76]
[202 -7 77]
[202 -7 84]
[202 -7 82]
[202 -4 71]
[202 -6 71]
[202 -5 71]
[202 -7 73]
[202 -7 72]
[202 -7 71]
[202 -7 74]
[202 -7 75]
[202 -5 88]
[202 -5 74]
[202 -7 81]
[202 -7 80]
[202 -6 82]
[202 -6 69]
[202 -6 68]
[202 -5 70]
[202 -7 79]
[203 -8 76]
[203 -8 79]
[203 -6 78]
[203 -8 80]
[203 -7 78]
[203 -8 75]
[203 -8 78]
[203 -5 67]
[203 -7 68]
[203 -8 74]
[203 -8 73]
[203 -7 70]
[203 -8 70]
[203 -8 72]
[203 -8 71]
[203 -7 69]
[203 -8 83]
[203 -7 85]
[203 -7 83]
[203 -8 82]
[203 -6 70]
[204 -9 73]
[204 -9 75]
[204 -9 74]
[204 -7 67]
[204 -8 68]
[204 -8 67]
[204 -9 69]
[204 -9 71]
[204 -8 69]
[204 -9 83]
[204 -9 82]
[204 -8 81]
[204 -9 72]
[204 -9 76]
[204 -9 77]
[204 -8 77]
[204 -9 81]
[204 -9 80]
[204 -9 79]
[204 -8 84]
[204 -6 66]
[204 -8 85]
[205 -10 75]
[205 -10 80]
[205 -10 71]
[205 -10 72]
[205 -10 70]
[205 -10 82]
[205 -10 81]
[205 -10 74]
[205 -10 73]
[205 -9 66]
[205 -9 68]
[205 -10 76]
[205 -10 77]
[205 -10 68]
[205 -7 66]
[205 -6 67]
[205 -8 66]
[205 -9 78]
[205 -9 70]
[205 -10 78]
[206 -11 79]
[206 -10 79]
[206 -11 78]
[206 -11 77]
[206 -11 75]
[206 -11 76]
[206 -10 67]
[206 -11 67]
[206 -9 67]
[206 -11 80]
[206 -11 81]
[206 -11 82]
[206 -11 70]
[206 -9 65]
[206 -7 65]
[206 -10 65]
[206 -10 66]
[206 -11 69]
[206 -10 69]
[206 -5 66]
[206 -11 83]
[206 -10 83]
[206 -11 73]
[206 -11 74]
[207 -12 69]
[207 -12 68]
[207 -12 80]
[207 -9 64]
[207 -11 64]
[207 -12 74]
[207 -12 72]
[207 -11 72]
[207 -12 75]
[207 -8 64]
[207 -6 65]
[207 -7 64]
[207 -8 65]
[207 -12 78]
[207 -12 83]
[207 -11 84]
[207 -12 76]
[207 -12 77]
[207 -10 64]
[207 -11 66]
[207 -12 67]
[207 -11 68]
[207 -12 79]
[207 -12 81]
[207 -5 65]
[207 -11 71]
[207 -12 71]
[208 -13 72]
[208 -13 73]
[208 -6 64]
[208 -13 67]
[208 -13 68]
[208 -7 63]
[208 -8 63]
[208 -13 66]
[208 -12 66]
[208 -12 70]
[208 -13 74]
[208 -13 75]
[208 -12 65]
[208 -10 63]
[208 -9 63]
[208 -11 65]
[208 -13 77]
[208 -13 79]
[208 -6 63]
[208 -12 85]
[208 -12 84]
[208 -11 85]
[208 -10 84]
[208 -13 76]
[208 -13 78]
[208 -12 82]
[208 -13 83]
[208 -12 64]
[208 -12 63]
[208 -13 81]
[208 -12 73]
[209 -8 62]
[209 -14 74]
[209 -11 62]
[209 -13 63]
[209 -12 62]
[209 -10 86]
[209 -7 62]
[209 -13 65]
[209 -14 77]
[209 -14 78]
[209 -14 73]
[209 -14 66]
[209 -14 65]
[209 -13 85]
[209 -13 69]
[209 -14 67]
[209 -14 79]
[209 -13 84]
[209 -14 83]
[209 -14 82]
[209 -13 86]
[209 -14 72]
[209 -13 82]
[209 -14 81]
[209 -13 71]
[209 -13 70]
[209 -9 62]
[210 -15 65]
[210 -15 73]
[210 -15 74]
[210 -15 79]
[210 -15 78]
[210 -13 80]
[210 -14 84]
[210 -14 85]
[210 -13 64]
[210 -14 64]
[210 -14 62]
[210 -10 62]
[210 -10 61]
[210 -14 69]
[210 -14 70]
[210 -15 82]
[210 -15 83]
[210 -8 61]
[210 -15 64]
[210 -15 80]
[210 -14 80]
[210 -15 81]
[210 -13 61]
[210 -11 63]
[210 -12 86]
[210 -12 87]
[210 -14 86]
[210 -14 76]
[210 -15 76]
[210 -9 61]
[210 -10 87]
[210 -11 86]
[210 -10 85]
[210 -11 87]
[210 -15 71]
[210 -15 72]
[211 -14 63]
[211 -16 82]
[211 -16 81]
[211 -16 75]
[211 -15 75]
[211 -15 61]
[211 -15 84]
[211 -16 74]
[211 -13 87]
[211 -16 79]
[211 -15 70]
[211 -15 69]
[211 -16 73]
[211 -16 71]
[211 -14 71]
[211 -10 60]
[211 -9 60]
[211 -10 88]
[211 -12 88]
[211 -11 88]
[211 -15 63]
[211 -13 88]
[211 -16 65]
[211 -14 68]
[211 -15 68]
[211 -16 80]
[211 -16 78]
[211 -15 77]
[211 -15 85]
[211 -15 86]
[211 -14 75]
[211 -16 66]
[211 -15 66]
[211 -16 77]
[211 -12 61]
[211 -13 60]
[211 -16 70]
[211 -16 72]
[212 -17 73]
[212 -17 83]
[212 -16 83]
[212 -17 81]
[212 -16 84]
[212 -16 67]
[212 -17 70]
[212 -11 59]
[212 -11 61]
[212 -17 64]
[212 -17 65]
[212 -17 66]
[212 -17 74]
[212 -17 75]
[212 -17 77]
[212 -16 69]
[212 -17 79]
[212 -17 80]
[212 -17 78]
[212 -16 61]
[212 -14 60]
[212 -16 60]
[212 -17 71]
[212 -11 89]
[212 -10 89]
[212 -17 76]
[212 -16 76]
[212 -17 82]
[212 -15 62]
[212 -14 87]
[212 -12 59]
[212 -14 59]
[212 -15 67]
[212 -12 89]
[212 -17 72]
[213 -18 80]
[213 -18 65]
[213 -17 67]
[213 -18 82]
[213 -18 74]
[213 -18 75]
[213 -18 73]
[213 -17 68]
[213 -17 63]
[213 -16 64]
[213 -18 69]
[213 -18 71]
[213 -15 59]
[213 -15 60]
[213 -17 61]
[213 -18 77]
[213 -18 78]
[213 -10 59]
[213 -11 58]
[213 -10 58]
[213 -17 62]
[213 -18 79]
[213 -18 76]
[213 -13 58]
[213 -14 58]
[213 -15 58]
[213 -9 90]
[213 -18 72]
[213 -18 70]
[213 -11 90]
[213 -10 90]
[213 -11 60]
[213 -16 68]
[213 -13 59]
[214 -19 80]
[214 -19 78]
[214 -18 68]
[214 -18 67]
[214 -9 89]
[214 -19 70]
[214 -19 68]
[214 -17 69]
[214 -18 63]
[214 -18 62]
[214 -18 61]
[214 -18 81]
[214 -13 57]
[214 -16 63]
[214 -18 64]
[214 -16 62]
[214 -18 60]
[214 -19 75]
[214 -19 77]
[214 -12 60]
[214 -19 76]
[214 -19 72]
[214 -19 73]
[214 -16 58]
[214 -16 59]
[214 -19 74]
[214 -19 71]
[214 -19 64]
[214 -19 65]
[214 -14 57]
[214 -15 57]
[214 -12 58]
[214 -11 91]
[214 -19 79]
[215 -20 72]
[215 -20 74]
[215 -19 66]
[215 -20 64]
[215 -20 80]
[215 -20 79]
[215 -20 71]
[215 -20 70]
[215 -20 69]
[215 -19 61]
[215 -19 62]
[215 -13 56]
[215 -14 56]
[215 -15 56]
[215 -20 78]
[215 -20 77]
[215 -20 75]
[215 -20 68]
[215 -20 67]
[215 -19 69]
[215 -10 91]
[215 -12 91]
[215 -12 92]
[215 -19 59]
[215 -17 60]
[215 -17 59]
[215 -19 67]
[215 -16 56]
[215 -20 81]
[215 -19 81]
[215 -12 57]
[215 -17 58]
[215 -17 57]
[215 -19 63]
[215 -20 63]
[215 -20 65]
[216 -21 78]
[216 -21 77]
[216 -20 73]
[216 -18 58]
[216 -16 57]
[216 -18 59]
[216 -18 57]
[216 -18 56]
[216 -21 70]
[216 -21 68]
[216 -21 69]
[216 -21 71]
[216 -9 91]
[216 -21 65]
[216 -21 74]
[216 -21 76]
[216 -11 93]
[216 -20 58]
[216 -19 60]
[216 -20 60]
[216 -21 79]
[216 -21 81]
[216 -21 80]
[216 -21 67]
[216 -15 55]
[216 -21 63]
[216 -21 64]
[216 -20 66]
[216 -21 66]
[216 -17 55]
[216 -20 61]
[216 -13 91]
[216 -13 90]
[216 -11 92]
[216 -21 72]
[217 -22 66]
[217 -22 65]
[217 -22 81]
[217 -22 67]
[217 -20 62]
[217 -22 62]
[217 -21 75]
[217 -22 73]
[217 -22 68]
[217 -21 57]
[217 -21 59]
[217 -19 58]
[217 -19 57]
[217 -22 71]
[217 -22 70]
[217 -16 55]
[217 -17 56]
[217 -22 78]
[217 -22 82]
[217 -22 63]
[217 -21 61]
[217 -20 59]
[217 -22 72]
[217 -22 80]
[217 -22 79]
[217 -22 75]
[217 -22 76]
[217 -11 94]
[218 -20 57]
[218 -23 81]
[218 -21 58]
[218 -21 60]
[218 -23 73]
[218 -23 71]
[218 -23 70]
[218 -21 62]
[218 -23 77]
[218 -22 83]
[218 -21 83]
[218 -23 82]
[218 -20 76]
[218 -23 67]
[218 -23 66]
[218 -23 79]
[218 -23 80]
[218 -23 78]
[218 -23 75]
[218 -23 76]
[218 -22 69]
[218 -22 64]
[218 -23 64]
[218 -22 60]
[218 -22 61]
[218 -23 61]
[218 -23 65]
[218 -23 68]
[218 -22 57]
[219 -24 80]
[219 -24 79]
[219 -24 77]
[219 -24 78]
[219 -23 69]
[219 -24 70]
[219 -24 69]
[219 -23 62]
[219 -24 75]
[219 -22 77]
[219 -24 81]
[219 -22 59]
[219 -24 60]
[219 -24 62]
[219 -23 60]
[219 -24 64]
[219 -24 65]
[219 -24 82]
[219 -23 72]
[219 -24 74]
[219 -24 76]
[219 -24 72]
[219 -24 66]
[219 -22 58]
[219 -23 58]
[219 -24 67]
[219 -22 84]
[219 -21 82]
[220 -24 68]
[220 -23 57]
[220 -24 59]
[220 -24 61]
[220 -25 82]
[220 -23 63]
[220 -24 63]
[220 -25 64]
[220 -25 77]
[220 -25 80]
[220 -24 71]
[220 -23 83]
[220 -25 71]
[220 -25 70]
[220 -23 59]
[220 -25 76]
[220 -25 75]
[220 -25 81]
[220 -25 69]
[220 -25 68]
[220 -25 66]
[220 -25 65]
[220 -25 79]
[221 -26 63]
[221 -26 64]
[221 -26 66]
[221 -24 83]
[221 -24 84]
[221 -23 84]
[221 -26 74]
[221 -26 76]
[221 -25 74]
[221 -26 79]
[221 -26 78]
[221 -26 80]
[221 -25 78]
[221 -25 72]
[221 -26 71]
[221 -26 72]
[221 -25 67]
[221 -26 83]
[221 -25 83]
[221 -25 63]
[221 -26 68]
[221 -26 65]
[221 -26 77]
[221 -26 81]
[221 -26 82]
[221 -25 60]
[221 -24 58]
[221 -26 67]
[221 -26 70]
[221 -25 61]
[221 -24 57]
[222 -27 65]
[222 -27 66]
[222 -27 67]
[222 -26 75]
[222 -26 73]
[222 -27 74]
[222 -27 73]
[222 -27 75]
[222 -27 79]
[222 -24 73]
[222 -27 71]
[222 -25 84]
[222 -26 84]
[222 -27 80]
[222 -27 76]
[222 -27 78]
[222 -27 77]
[222 -27 64]
[222 -25 62]
[222 -26 62]
[222 -25 57]
[222 -24 56]
[222 -26 69]
[222 -27 81]
[222 -25 73]
[222 -26 61]
[222 -27 68]
[222 -24 85]
[222 -27 82]
[222 -27 83]
[222 -27 63]
[222 -25 59]
[223 -27 70]
[223 -27 61]
[223 -27 84]
[223 -28 84]
[223 -28 82]
[223 -28 83]
[223 -26 85]
[223 -25 85]
[223 -27 85]
[223 -27 60]
[223 -27 72]
[223 -28 77]
[223 -28 78]
[223 -28 64]
[223 -28 65]
[223 -28 63]
[223 -28 68]
[223 -28 74]
[223 -28 79]
[223 -25 56]
[223 -28 67]
[223 -28 75]
[223 -28 76]
[223 -28 81]
[223 -25 86]
[223 -28 66]
[223 -25 58]
[223 -26 58]
[223 -28 72]
[223 -27 62]
[223 -23 74]
[224 -28 85]
[224 -29 82]
[224 -27 86]
[224 -29 73]
[224 -29 72]
[224 -29 71]
[224 -28 71]
[224 -29 80]
[224 -28 80]
[224 -29 81]
[224 -29 65]
[224 -29 64]
[224 -29 63]
[224 -28 61]
[224 -26 86]
[224 -24 86]
[224 -26 57]
[224 -26 59]
[224 -27 59]
[224 -25 87]
[224 -29 77]
[224 -28 62]
[224 -28 60]
[224 -26 60]
[224 -29 85]
[224 -29 83]
[224 -29 84]
[224 -27 69]
[224 -29 67]
[224 -29 69]
[224 -28 69]
[224 -22 74]
[224 -29 66]
[224 -25 55]
[224 -29 75]
[224 -29 76]
[224 -29 74]
[224 -28 73]
[225 -29 78]
[225 -30 76]
[225 -30 74]
[225 -30 84]
[225 -30 85]
[225 -30 73]
[225 -27 56]
[225 -30 71]
[225 -28 70]
[225 -29 70]
[225 -29 68]
[225 -30 68]
[225 -30 81]
[225 -30 65]
[225 -30 63]
[225 -30 83]
[225 -21 73]
[225 -24 87]
[225 -28 58]
[225 -28 59]
[225 -26 56]
[225 -26 55]
[225 -30 70]
[225 -30 69]
[225 -30 64]
[225 -30 72]
[225 -30 67]
[225 -30 66]
[225 -30 82]
[225 -30 80]
[225 -29 79]
[225 -29 59]
[225 -29 61]
[226 -31 83]
[226 -31 82]
[226 -29 62]
[226 -31 63]
[226 -31 73]
[226 -31 72]
[226 -31 71]
[226 -31 65]
[226 -27 57]
[226 -31 68]
[226 -31 84]
[226 -31 80]
[226 -31 81]
[226 -31 74]
[226 -31 85]
[226 -30 61]
[226 -29 60]
[226 -27 58]
[226 -30 59]
[226 -30 60]
[226 -23 87]
[226 -31 77]
[226 -30 75]
[226 -31 70]
[226 -31 75]
[226 -27 55]
[226 -29 57]
[226 -28 57]
[226 -30 77]
[226 -30 78]
[226 -31 69]
[226 -31 67]
[226 -28 55]
[227 -31 64]
[227 -32 64]
[227 -29 56]
[227 -32 84]
[227 -32 85]
[227 -29 58]
[227 -32 83]
[227 -31 60]
[227 -31 79]
[227 -32 70]
[227 -30 62]
[227 -32 62]
[227 -32 63]
[227 -32 68]
[227 -32 74]
[227 -32 72]
[227 -32 81]
[227 -32 75]
[227 -32 80]
[227 -32 76]
[227 -31 78]
[227 -31 76]
[227 -30 56]
[227 -30 57]
[227 -28 56]
[227 -32 79]
[227 -30 79]
[227 -31 66]
[227 -32 67]
[227 -32 69]
[227 -32 73]
[227 -31 59]
[227 -22 88]
[227 -31 61]
[227 -31 62]
[228 -32 61]
[228 -33 62]
[228 -33 63]
[228 -33 64]
[228 -29 55]
[228 -22 87]
[228 -23 88]
[228 -32 78]
[228 -32 77]
[228 -32 59]
[228 -33 74]
[228 -33 75]
[228 -31 58]
[228 -32 60]
[228 -32 65]
[228 -33 69]
[228 -33 70]
[228 -33 80]
[228 -33 81]
[228 -33 72]
[228 -33 79]
[228 -33 73]
[228 -32 82]
[228 -33 82]
[228 -33 68]
[228 -33 67]
[228 -33 76]
[228 -33 78]
[228 -33 71]
[229 -34 66]
[229 -33 66]
[229 -32 66]
[229 -34 67]
[229 -34 64]
[229 -34 62]
[229 -34 80]
[229 -34 81]
[229 -34 71]
[229 -32 71]
[229 -34 72]
[229 -30 58]
[229 -33 83]
[229 -34 82]
[229 -34 61]
[229 -34 63]
[229 -34 74]
[229 -34 75]
[229 -34 77]
[229 -33 77]
[229 -34 73]
[229 -33 60]
[229 -33 58]
[229 -34 79]
[229 -34 78]
[229 -34 69]
[229 -33 59]
[229 -34 70]
[229 -34 68]
[229 -34 65]
[230 -35 72]
[230 -35 71]
[230 -35 70]
[230 -34 60]
[230 -35 66]
[230 -33 65]
[230 -35 67]
[230 -35 68]
[230 -35 78]
[230 -35 79]
[230 -34 76]
[230 -35 75]
[230 -35 77]
[230 -34 59]
[230 -35 74]
[230 -33 61]
[230 -35 61]
[230 -35 63]
[230 -35 81]
[230 -35 80]
[230 -34 84]
[230 -35 83]
[230 -35 82]
[230 -35 73]
[230 -35 62]
[230 -35 60]
[231 -36 61]
[231 -36 59]
[231 -36 62]
[231 -36 83]
[231 -35 59]
[231 -36 77]
[231 -34 83]
[231 -35 84]
[231 -36 70]
[231 -36 69]
[231 -35 76]
[231 -36 76]
[231 -36 74]
[231 -36 78]
[231 -36 73]
[231 -36 72]
[231 -36 60]
[231 -36 65]
[231 -36 67]
[231 -33 84]
[231 -36 66]
[231 -36 79]
[231 -36 80]
[231 -36 71]
[231 -35 69]
[231 -36 63]
[231 -36 64]
[231 -36 75]
[232 -37 67]
[232 -37 68]
[232 -37 72]
[232 -37 71]
[232 -37 79]
[232 -37 76]
[232 -37 78]
[232 -37 70]
[232 -37 65]
[232 -35 65]
[232 -37 75]
[232 -37 60]
[232 -36 81]
[232 -37 81]
[232 -35 64]
[232 -37 63]
[232 -37 74]
[232 -37 61]
[232 -37 62]
[232 -37 82]
[232 -36 82]
[232 -37 83]
[232 -37 59]
[233 -38 82]
[233 -38 79]
[233 -38 78]
[233 -38 58]
[233 -37 69]
[233 -38 70]
[233 -38 62]
[233 -38 61]
[233 -38 73]
[233 -37 73]
[233 -38 74]
[233 -37 80]
[233 -38 80]
[233 -38 81]
[233 -38 64]
[233 -38 65]
[233 -38 66]
[233 -38 72]
[233 -37 77]
[233 -38 75]
[233 -36 68]
[233 -38 67]
[233 -37 84]
[233 -38 71]
[234 -39 82]
[234 -39 80]
[234 -39 81]
[234 -37 66]
[234 -39 65]
[234 -37 64]
[234 -39 60]
[234 -39 62]
[234 -39 72]
[234 -39 70]
[234 -39 69]
[234 -39 79]
[234 -38 83]
[234 -36 84]
[234 -38 77]
[234 -38 76]
[234 -39 75]
[234 -39 76]
[234 -39 66]
[234 -39 67]
[234 -39 59]
[234 -38 57]
[234 -39 57]
[234 -38 59]
[234 -39 58]
[234 -39 64]
[234 -39 73]
[234 -39 74]
[234 -39 71]
[234 -38 68]
[235 -40 69]
[235 -40 71]
[235 -40 63]
[235 -39 63]
[235 -40 61]
[235 -37 56]
[235 -40 64]
[235 -40 77]
[235 -40 75]
[235 -39 77]
[235 -40 70]
[235 -40 66]
[235 -38 84]
[235 -40 60]
[235 -38 60]
[235 -40 59]
[235 -40 72]
[235 -39 78]
[235 -40 58]
[235 -38 56]
[235 -40 57]
[235 -39 56]
[235 -40 56]
[235 -39 68]
[235 -38 69]
[235 -40 74]
[235 -37 58]
[235 -39 61]
[235 -40 73]
[235 -40 67]
[236 -41 74]
[236 -41 76]
[236 -41 66]
[236 -40 68]
[236 -41 56]
[236 -41 58]
[236 -41 57]
[236 -41 71]
[236 -41 72]
[236 -41 73]
[236 -39 55]
[236 -41 55]
[236 -41 68]
[236 -41 69]
[236 -41 78]
[236 -41 60]
[236 -41 59]
[236 -40 62]
[236 -38 55]
[236 -40 78]
[236 -40 76]
[236 -36 58]
[236 -36 57]
[236 -40 55]
[236 -38 63]
[236 -41 63]
[236 -41 64]
[236 -41 65]
[236 -41 70]
[237 -42 65]
[237 -41 67]
[237 -40 65]
[237 -41 75]
[237 -42 73]
[237 -42 75]
[237 -42 71]
[237 -42 72]
[237 -42 70]
[237 -35 57]
[237 -42 59]
[237 -42 55]
[237 -42 56]
[237 -40 54]
[237 -42 57]
[237 -42 64]
[237 -42 68]
[237 -42 69]
[237 -42 60]
[237 -42 58]
[237 -42 74]
[237 -42 66]
[237 -41 54]
[237 -42 77]
[237 -41 77]
[237 -42 62]
[237 -41 61]
[238 -42 76]
[238 -42 67]
[238 -43 60]
[238 -43 58]
[238 -41 62]
[238 -42 61]
[238 -43 77]
[238 -43 76]
[238 -43 57]
[238 -43 65]
[238 -43 66]
[238 -43 67]
[238 -43 71]
[238 -43 63]
[238 -42 63]
[238 -43 59]
[238 -43 68]
[238 -43 55]
[238 -35 58]
[238 -43 54]
[238 -42 54]
[239 -44 65]
[239 -44 67]
[239 -43 62]
[239 -44 62]
[239 -44 64]
[239 -43 75]
[239 -44 68]
[239 -44 69]
[239 -43 61]
[239 -44 58]
[239 -44 57]
[239 -44 56]
[239 -43 56]
[239 -43 64]
[239 -44 76]
[239 -44 53]
[239 -44 55]
[239 -43 53]
[239 -44 54]
[240 -43 52]
[240 -42 53]
[240 -44 52]
[240 -44 59]
[240 -45 59]
[240 -45 58]
[240 -43 69]
[240 -45 69]
[240 -45 68]
[240 -44 70]
[240 -43 70]
[240 -44 60]
[240 -44 61]
[240 -45 65]
[240 -44 75]
[240 -43 74]
[240 -45 56]
[240 -45 54]
[240 -45 55]
[240 -45 64]
[240 -44 63]
[240 -45 63]
[240 -45 62]
[240 -45 67]
[240 -45 75]
[241 -46 62]
[241 -46 63]
[241 -45 61]
[241 -46 61]
[241 -45 60]
[241 -45 53]
[241 -46 66]
[241 -45 66]
[241 -46 68]
[241 -45 71]
[241 -46 65]
[241 -46 64]
[241 -46 58]
[241 -46 59]
[241 -44 66]
[241 -46 70]
[241 -43 73]
[241 -46 54]
[241 -46 55]
[241 -46 53]
[241 -46 57]
[241 -45 57]
[241 -44 74]
[241 -45 74]
[241 -46 74]
[241 -45 76]
[242 -46 67]
[242 -47 62]
[242 -47 61]
[242 -47 65]
[242 -47 64]
[242 -47 70]
[242 -47 71]
[242 -45 70]
[242 -47 74]
[242 -47 66]
[242 -47 54]
[242 -45 52]
[242 -46 52]
[242 -47 52]
[242 -44 71]
[242 -45 72]
[242 -46 72]
[242 -44 72]
[242 -47 55]
[242 -47 69]
[242 -47 67]
[242 -45 73]
[242 -44 73]
[242 -47 59]
[242 -47 63]
[242 -46 60]
[242 -47 56]
[242 -47 60]
[243 -46 73]
[243 -46 71]
[243 -48 64]
[243 -48 62]
[243 -46 69]
[243 -48 68]
[243 -48 70]
[243 -48 69]
[243 -48 71]
[243 -48 72]
[243 -47 57]
[243 -48 57]
[243 -48 55]
[243 -46 56]
[243 -48 66]
[243 -48 65]
[243 -43 72]
[243 -48 67]
[243 -48 63]
[243 -48 61]
[243 -46 51]
[243 -48 54]
[243 -48 53]
[243 -47 73]
[243 -48 74]
[243 -48 60]
[243 -48 51]
[243 -48 52]
[243 -48 56]
[244 -47 72]
[244 -49 68]
[244 -49 69]
[244 -49 61]
[244 -49 65]
[244 -49 66]
[244 -49 64]
[244 -47 58]
[244 -49 67]
[244 -47 68]
[244 -49 53]
[244 -49 52]
[244 -49 59]
[244 -49 71]
[244 -49 56]
[244 -49 55]
[244 -49 63]
[244 -49 72]
[244 -49 73]
[244 -47 50]
[244 -47 51]
[244 -46 50]
[244 -49 62]
[244 -49 57]
[244 -48 58]
[245 -50 56]
[245 -49 54]
[245 -50 65]
[245 -48 50]
[245 -48 49]
[245 -50 64]
[245 -50 57]
[245 -50 55]
[245 -45 51]
[245 -48 59]
[245 -49 58]
[245 -50 71]
[245 -50 73]
[245 -50 59]
[245 -50 60]
[245 -50 58]
[245 -50 63]
[245 -50 53]
[245 -50 54]
[245 -50 52]
[245 -50 68]
[245 -50 69]
[245 -50 70]
[245 -50 62]
[245 -50 72]
[245 -48 73]
[245 -50 67]
[245 -50 66]
[246 -51 71]
[246 -51 70]
[246 -49 70]
[246 -51 68]
[246 -51 69]
[246 -49 51]
[246 -49 60]
[246 -51 59]
[246 -51 57]
[246 -51 73]
[246 -51 55]
[246 -51 54]
[246 -51 56]
[246 -51 53]
[246 -51 52]
[246 -51 61]
[246 -51 60]
[246 -51 58]
[246 -51 72]
[246 -50 74]
[246 -51 63]
[246 -51 64]
[246 -51 62]
[247 -52 60]
[247 -52 59]
[247 -51 51]
[247 -52 53]
[247 -52 52]
[247 -52 68]
[247 -52 67]
[247 -50 61]
[247 -52 70]
[247 -52 72]
[247 -52 71]
[247 -52 69]
[247 -52 57]
[247 -52 56]
[247 -52 61]
[247 -52 62]
[247 -52 54]
[247 -52 55]
[247 -52 58]
[247 -52 63]
[247 -49 50]
[247 -50 50]
[247 -49 74]
[247 -52 65]
[247 -52 64]
[247 -51 65]
[247 -51 74]
[247 -52 74]
[248 -50 49]
[248 -49 49]
[248 -50 51]
[248 -52 73]
[248 -53 58]
[248 -53 52]
[248 -53 60]
[248 -53 68]
[248 -51 67]
[248 -52 66]
[248 -53 74]
[248 -53 56]
[248 -53 55]
[248 -51 66]
[248 -53 64]
[248 -53 65]
[248 -53 63]
[248 -53 72]
[248 -53 59]
[248 -53 61]
[248 -53 57]
[248 -52 51]
[248 -53 62]
[248 -53 70]
[248 -53 69]
[249 -54 57]
[249 -54 56]
[249 -54 61]
[249 -54 59]
[249 -53 73]
[249 -53 71]
[249 -54 53]
[249 -54 51]
[249 -54 68]
[249 -54 60]
[249 -54 69]
[249 -54 70]
[249 -51 48]
[249 -50 48]
[249 -51 50]
[249 -53 50]
[249 -52 50]
[249 -54 63]
[249 -54 62]
[249 -54 65]
[249 -54 71]
[249 -54 64]
[249 -53 66]
[249 -54 55]
[249 -53 54]
[249 -54 73]
[250 -55 61]
[250 -55 60]
[250 -51 49]
[250 -55 62]
[250 -55 63]
[250 -55 53]
[250 -55 52]
[250 -55 54]
[250 -55 70]
[250 -55 69]
[250 -54 54]
[250 -55 55]
[250 -55 56]
[250 -54 58]
[250 -53 53]
[250 -55 72]
[250 -53 51]
[250 -55 64]
[250 -55 65]
[250 -52 49]
[250 -55 57]
[250 -54 74]
[250 -55 74]
[250 -55 73]
[250 -54 66]
[250 -53 67]
[250 -55 68]
[251 -56 62]
[251 -54 50]
[251 -56 53]
[251 -53 49]
[251 -52 48]
[251 -56 65]
[251 -56 63]
[251 -55 67]
[251 -56 69]
[251 -54 67]
[251 -56 71]
[251 -56 59]
[251 -56 60]
[251 -55 59]
[251 -56 61]
[251 -56 55]
[251 -56 56]
[251 -54 52]
[251 -56 64]
[251 -56 54]
[251 -54 72]
[251 -56 72]
[251 -56 66]
[251 -55 66]
[252 -53 47]
[252 -57 66]
[252 -57 65]
[252 -57 57]
[252 -57 56]
[252 -57 60]
[252 -57 61]
[252 -56 67]
[252 -55 58]
[252 -55 71]
[252 -57 63]
[252 -57 64]
[252 -57 67]
[252 -57 71]
[252 -57 72]
[252 -57 70]
[252 -54 49]
[252 -57 62]
[252 -56 68]
[252 -57 69]
[252 -56 70]
[252 -57 59]
[252 -56 58]
[253 -58 66]
[253 -58 67]
[253 -57 68]
[253 -58 63]
[253 -58 60]
[253 -58 59]
[253 -58 65]
[253 -57 58]
[253 -58 57]
[253 -58 58]
[253 -56 57]
[253 -58 64]
[253 -58 70]
[253 -58 69]
[253 -58 72]
[253 -58 56]
[253 -55 49]
[253 -58 71]
[253 -56 73]
[253 -58 62]
[253 -52 46]
[253 -52 47]
[253 -53 46]
[254 -59 65]
[254 -57 74]
[254 -59 60]
[254 -59 59]
[254 -59 67]
[254 -59 66]
[254 -59 63]
[254 -58 61]
[254 -59 61]
[254 -51 46]
[254 -59 62]
[254 -56 49]
[254 -59 57]
[254 -59 58]
[254 -59 68]
[254 -58 68]
[254 -59 71]
[254 -59 73]
[254 -59 70]
[254 -52 45]
[254 -51 45]
[255 -52 44]
[255 -51 44]
[255 -59 74]
[255 -60 74]
[255 -58 74]
[255 -60 72]
[255 -60 58]
[255 -60 59]
[255 -60 66]
[255 -60 65]
[255 -60 67]
[255 -57 73]
[255 -58 73]
[255 -56 74]
[255 -60 68]
[255 -60 62]
[255 -60 60]
[255 -60 61]
[255 -60 69]
[255 -60 70]
[255 -60 63]
[255 -59 64]
[255 -50 44]
[256 -61 66]
[256 -61 57]
[256 -59 69]
[256 -61 71]
[256 -60 71]
[256 -61 73]
[256 -60 73]
[256 -61 68]
[256 -59 75]
[256 -60 75]
[256 -61 74]
[256 -61 62]
[256 -61 61]
[256 -61 60]
[256 -51 43]
[256 -61 63]
[256 -50 43]
[256 -60 64]
[256 -61 58]
[256 -61 67]
[256 -61 70]
[257 -62 72]
[257 -62 71]
[257 -61 65]
[257 -61 72]
[257 -62 59]
[257 -62 58]
[257 -60 57]
[257 -62 62]
[257 -62 64]
[257 -61 64]
[257 -62 61]
[257 -61 59]
[257 -61 69]
[257 -62 68]
[257 -62 67]
[257 -62 66]
[257 -62 69]
[257 -62 57]
[258 -63 63]
[258 -63 65]
[258 -62 63]
[258 -63 64]
[258 -63 69]
[258 -63 59]
[258 -63 60]
[258 -63 66]
[258 -63 70]
[258 -63 73]
[258 -62 60]
[258 -62 70]
[258 -63 72]
[258 -62 65]
[259 -64 58]
[259 -64 60]
[259 -64 68]
[259 -64 70]
[259 -64 69]
[259 -64 71]
[259 -63 61]
[259 -64 61]
[259 -64 72]
[259 -63 71]
[259 -64 65]
[259 -64 63]
[259 -64 73]
[259 -64 66]
[259 -63 62]
[259 -64 64]
[260 -65 61]
[260 -65 63]
[260 -64 62]
[260 -65 64]
[260 -65 73]
[260 -65 71]
[260 -63 67]
[260 -65 67]
[260 -64 67]
[260 -65 72]
[260 -65 68]
[260 -65 70]
[260 -65 66]
[260 -63 68]
[261 -66 72]
[261 -66 73]
[261 -66 64]
[261 -66 63]
[261 -65 69]
[261 -66 70]
[261 -65 62]
[261 -66 61]
[261 -66 60]
[261 -66 65]
[261 -66 69]
[261 -66 66]
[261 -66 68]
[262 -67 70]
[262 -65 65]
[262 -67 64]
[262 -67 66]
[262 -67 62]
[262 -67 61]
[262 -66 62]
[262 -65 60]
[262 -65 59]
[262 -67 60]
[262 -67 67]
[262 -66 67]
[262 -66 74]
[262 -67 72]
[262 -67 71]
[262 -67 69]
[262 -66 71]
[262 -67 73]
[263 -68 60]
[263 -68 62]
[263 -68 70]
[263 -67 68]
[263 -68 69]
[263 -68 61]
[263 -66 59]
[263 -65 58]
[263 -64 59]
[263 -68 64]
[263 -67 63]
[263 -68 67]
[263 -68 66]
[263 -68 74]
[263 -68 72]
[263 -67 74]
[263 -68 73]
[263 -68 63]
[263 -68 71]
[264 -69 63]
[264 -69 61]
[264 -69 70]
[264 -68 68]
[264 -69 68]
[264 -69 67]
[264 -69 73]
[264 -69 74]
[264 -69 62]
[264 -69 60]
[264 -67 59]
[264 -69 66]
[264 -69 71]
[264 -69 64]
[264 -69 69]
[264 -69 65]
[264 -68 59]
[265 -70 70]
[265 -70 71]
[265 -70 67]
[265 -68 65]
[265 -70 66]
[265 -70 72]
[265 -69 72]
[265 -70 68]
[265 -70 59]
[265 -70 73]
[265 -70 64]
[265 -70 63]
[265 -70 61]
[265 -70 62]
[265 -70 60]
[265 -70 69]
[265 -70 75]
[265 -70 74]
[265 -69 75]
[265 -69 59]
[266 -71 69]
[266 -71 73]
[266 -71 74]
[266 -71 72]
[266 -71 71]
[266 -71 59]
[266 -71 58]
[266 -69 58]
[266 -71 60]
[266 -71 65]
[266 -71 67]
[266 -70 58]
[266 -71 75]
[266 -71 70]
[266 -71 62]
[266 -71 61]
[266 -71 64]
[266 -70 65]
[266 -67 65]
[267 -72 62]
[267 -71 63]
[267 -72 63]
[267 -72 72]
[267 -72 73]
[267 -72 60]
[267 -72 61]
[267 -72 70]
[267 -72 58]
[267 -72 59]
[267 -69 57]
[267 -68 57]
[267 -70 57]
[267 -72 69]
[267 -72 68]
[267 -71 68]
[267 -72 66]
[267 -72 67]
[267 -71 66]
[267 -72 75]
[267 -72 74]
[267 -72 65]
[267 -72 64]
[268 -73 58]
[268 -73 59]
[268 -73 68]
[268 -73 70]
[268 -73 73]
[268 -73 71]
[268 -73 72]
[268 -73 64]
[268 -73 63]
[268 -73 65]
[268 -73 67]
[268 -73 69]
[268 -73 57]
[268 -73 75]
[268 -73 74]
[268 -73 60]
[268 -73 61]
[268 -73 62]
[268 -73 66]
[268 -72 71]
[268 -70 56]
[268 -69 56]
[268 -68 56]
[269 -70 55]
[269 -74 72]
[269 -74 71]
[269 -74 67]
[269 -74 61]
[269 -74 62]
[269 -74 74]
[269 -74 68]
[269 -74 66]
[269 -74 73]
[269 -74 60]
[269 -74 65]
[269 -74 63]
[269 -74 69]
[269 -74 70]
[269 -74 64]
[269 -74 57]
[269 -74 58]
[269 -74 59]
[270 -75 74]
[270 -75 59]
[270 -75 60]
[270 -74 56]
[270 -75 71]
[270 -75 72]
[270 -75 63]
[270 -75 62]
[270 -75 67]
[270 -75 68]
[270 -75 69]
[270 -75 66]
[270 -75 65]
[270 -75 64]
[270 -75 70]
[270 -75 73]
[270 -75 75]
[271 -75 56]
[271 -73 56]
[271 -75 55]
[271 -74 75]
[271 -76 60]
[271 -76 61]
[271 -76 59]
[271 -76 73]
[271 -76 72]
[271 -76 69]
[271 -76 71]
[271 -76 63]
[271 -76 74]
[271 -76 70]
[271 -76 64]
[271 -76 65]
[271 -75 58]
[271 -76 67]
[271 -76 68]
[272 -77 71]
[272 -77 72]
[272 -77 60]
[272 -76 62]
[272 -77 62]
[272 -77 61]
[272 -77 69]
[272 -74 55]
[272 -73 55]
[272 -76 54]
[272 -77 64]
[272 -76 58]
[272 -76 57]
[272 -75 57]
[272 -77 70]
[272 -77 68]
[272 -77 67]
[272 -77 73]
[272 -77 66]
[272 -77 74]
[272 -77 75]
[272 -76 75]
[273 -78 69]
[273 -78 67]
[273 -78 71]
[273 -75 54]
[273 -75 53]
[273 -78 75]
[273 -78 74]
[273 -77 57]
[273 -78 59]
[273 -75 61]
[273 -78 66]
[273 -76 66]
[273 -77 65]
[273 -78 73]
[273 -78 72]
[273 -78 68]
[273 -78 70]
[273 -78 62]
[273 -76 56]
[273 -78 60]
[273 -78 63]
[273 -74 54]
[274 -74 53]
[274 -79 61]
[274 -79 60]
[274 -79 59]
[274 -79 65]
[274 -79 66]
[274 -79 67]
[274 -78 58]
[274 -79 58]
[274 -75 52]
[274 -76 53]
[274 -79 69]
[274 -79 62]
[274 -79 70]
[274 -79 68]
[274 -78 64]
[274 -76 55]
[274 -79 74]
[274 -79 72]
[274 -78 61]
[274 -77 63]
[274 -77 58]
[274 -77 56]
[274 -78 57]
[275 -75 51]
[275 -74 52]
[275 -76 52]
[275 -79 57]
[275 -77 52]
[275 -80 67]
[275 -80 71]
[275 -79 71]
[275 -80 58]
[275 -80 65]
[275 -80 66]
[275 -80 60]
[275 -80 61]
[275 -80 59]
[275 -80 69]
[275 -80 70]
[275 -80 64]
[275 -78 65]
[275 -80 68]
[275 -77 59]
[275 -78 56]
[275 -80 62]
[275 -80 63]
[275 -73 54]
[275 -73 53]
[276 -73 51]
[276 -73 52]
[276 -81 59]
[276 -80 57]
[276 -81 58]
[276 -72 53]
[276 -81 67]
[276 -81 68]
[276 -81 66]
[276 -81 70]
[276 -81 72]
[276 -81 71]
[276 -79 56]
[276 -79 64]
[276 -79 63]
[276 -81 64]
[276 -81 60]
[276 -81 61]
[276 -81 62]
[276 -80 72]
[276 -76 51]
[276 -74 50]
[276 -76 50]
[276 -81 63]
[276 -81 69]
[276 -81 65]
[277 -82 65]
[277 -82 63]
[277 -82 68]
[277 -82 67]
[277 -82 61]
[277 -82 62]
[277 -71 52]
[277 -82 60]
[277 -81 57]
[277 -82 59]
[277 -82 57]
[277 -80 56]
[277 -82 71]
[277 -82 73]
[277 -72 51]
[277 -72 50]
[277 -72 52]
[277 -74 51]
[277 -82 69]
[277 -82 70]
[277 -75 49]
[277 -75 50]
[277 -76 49]
[277 -77 51]
[277 -79 73]
[277 -80 73]
[277 -74 49]
[277 -73 49]
[277 -82 58]
[277 -82 64]
[278 -71 50]
[278 -71 51]
[278 -73 48]
[278 -74 48]
[278 -75 48]
[278 -73 50]
[278 -72 48]
[278 -71 53]
[278 -70 53]
[278 -81 73]
[278 -83 69]
[278 -76 48]
[278 -83 65]
[278 -83 64]
[278 -82 74]
[278 -82 72]
[278 -83 72]
[278 -72 49]
[278 -83 59]
[278 -77 49]
[278 -83 61]
[278 -83 60]
[278 -83 58]
[278 -83 63]
[278 -83 57]
[278 -83 66]
[278 -83 71]
[278 -78 52]
[278 -77 50]
[278 -78 51]
[278 -83 68]
[278 -83 67]
[279 -81 75]
[279 -83 74]
[279 -83 75]
[279 -81 74]
[279 -84 61]
[279 -84 60]
[279 -73 47]
[279 -71 49]
[279 -71 48]
[279 -70 50]
[279 -70 52]
[279 -83 73]
[279 -84 73]
[279 -84 71]
[279 -84 68]
[279 -84 69]
[279 -83 70]
[279 -76 47]
[279 -70 54]
[279 -82 66]
[279 -84 67]
[279 -83 62]
[279 -70 49]
[279 -79 50]
[279 -75 47]
[279 -84 66]
[279 -84 59]
[279 -84 72]
[279 -84 64]
[279 -84 63]
[279 -78 50]
[279 -78 49]
[279 -74 47]
[279 -72 47]
[280 -75 46]
[280 -85 69]
[280 -85 68]
[280 -73 46]
[280 -72 46]
[280 -84 70]
[280 -85 72]
[280 -82 75]
[280 -84 75]
[280 -70 48]
[280 -69 49]
[280 -74 46]
[280 -76 46]
[280 -70 51]
[280 -79 49]
[280 -84 74]
[280 -85 60]
[280 -85 62]
[280 -85 61]
[280 -83 76]
[280 -79 48]
[280 -85 67]
[280 -77 46]
[280 -85 63]
[280 -85 64]
[280 -84 65]
[280 -85 71]
[280 -85 66]
[280 -85 58]
[280 -85 70]
[280 -80 75]
[280 -80 74]
[280 -82 76]
[280 -80 76]
[280 -79 51]
[281 -85 65]
[281 -86 62]
[281 -86 64]
[281 -84 62]
[281 -86 63]
[281 -86 70]
[281 -86 61]
[281 -71 47]
[281 -69 47]
[281 -70 47]
[281 -69 48]
[281 -74 45]
[281 -72 45]
[281 -86 69]
[281 -75 45]
[281 -76 45]
[281 -77 47]
[281 -77 45]
[281 -81 76]
[281 -86 66]
[281 -73 45]
[281 -86 65]
[281 -86 67]
[281 -68 48]
[281 -84 58]
[281 -85 59]
[281 -86 60]
[281 -86 59]
[281 -78 47]
[281 -85 75]
[281 -85 74]
[281 -83 77]
[281 -78 48]
[281 -80 49]
[281 -80 48]
[281 -86 72]
[281 -86 73]
[281 -85 73]
[281 -79 75]
[281 -86 68]
[282 -68 46]
[282 -76 44]
[282 -82 77]
[282 -80 47]
[282 -87 66]
[282 -87 67]
[282 -70 46]
[282 -69 46]
[282 -71 46]
[282 -86 71]
[282 -87 71]
[282 -87 69]
[282 -74 44]
[282 -73 44]
[282 -80 50]
[282 -87 60]
[282 -87 61]
[282 -79 47]
[282 -77 48]
[282 -87 64]
[282 -86 74]
[282 -86 76]
[282 -84 76]
[282 -87 68]
[282 -84 77]
[282 -68 47]
[282 -87 63]
[282 -87 62]
[282 -72 44]
[282 -78 46]
[282 -87 65]
[282 -71 45]
[282 -71 44]
[282 -79 46]
[283 -70 45]
[283 -80 46]
[283 -78 45]
[283 -79 45]
[283 -81 48]
[283 -81 46]
[283 -68 45]
[283 -67 45]
[283 -70 44]
[283 -72 43]
[283 -74 43]
[283 -81 49]
[283 -87 76]
[283 -85 76]
[283 -87 75]
[283 -86 75]
[283 -85 77]
[283 -86 77]
[283 -88 65]
[283 -88 72]
[283 -87 72]
[283 -87 70]
[283 -73 43]
[283 -88 68]
[283 -88 66]
[283 -88 64]
[283 -83 78]
[283 -88 62]
[283 -88 61]
[283 -88 67]
[283 -81 77]
[283 -87 73]
[283 -87 74]
[283 -76 43]
[283 -77 43]
[283 -69 45]
[283 -67 46]
[284 -73 42]
[284 -71 43]
[284 -71 42]
[284 -72 42]
[284 -69 44]
[284 -88 77]
[284 -88 76]
[284 -78 42]
[284 -77 42]
[284 -76 42]
[284 -89 65]
[284 -89 67]
[284 -82 49]
[284 -82 48]
[284 -87 77]
[284 -87 78]
[284 -89 66]
[284 -89 64]
[284 -81 45]
[284 -70 43]
[284 -75 42]
[284 -74 42]
[284 -89 62]
[284 -88 63]
[284 -89 63]
[284 -75 44]
[284 -80 45]
[284 -82 46]
[284 -89 69]
[284 -89 68]
[284 -77 44]
[284 -78 44]
[284 -88 71]
[284 -82 78]
[284 -88 73]
[284 -81 50]
[284 -88 70]
[284 -88 69]
[285 -88 78]
[285 -81 44]
[285 -80 44]
[285 -90 70]
[285 -75 43]
[285 -74 41]
[285 -75 41]
[285 -82 50]
[285 -83 48]
[285 -89 70]
[285 -90 67]
[285 -76 41]
[285 -77 41]
[285 -78 43]
[285 -72 41]
[285 -71 41]
[285 -78 41]
[285 -79 43]
[285 -70 41]
[285 -89 78]
[285 -89 77]
[285 -90 63]
[285 -90 64]
[285 -90 65]
[285 -90 68]
[285 -68 44]
[285 -69 43]
[285 -89 71]
[285 -83 45]
[285 -81 47]
[285 -82 47]
[285 -90 62]
[285 -79 44]
[285 -83 47]
[286 -90 69]
[286 -91 67]
[286 -75 40]
[286 -69 41]
[286 -69 42]
[286 -83 46]
[286 -76 40]
[286 -91 63]
[286 -91 65]
[286 -91 64]
[286 -68 43]
[286 -83 50]
[286 -89 76]
[286 -90 78]
[286 -90 71]
[286 -91 66]
[286 -73 40]
[286 -88 79]
[286 -89 79]
[286 -80 42]
[286 -79 42]
[286 -82 44]
[286 -82 45]
[286 -91 71]
[286 -91 69]
[286 -91 68]
[286 -84 48]
[286 -83 49]
[286 -70 42]
[286 -72 40]
[286 -79 41]
[286 -77 40]
[286 -67 43]
[286 -67 44]
[287 -84 50]
[287 -76 39]
[287 -75 39]
[287 -66 44]
[287 -90 80]
[287 -90 79]
[287 -77 39]
[287 -84 47]
[287 -85 48]
[287 -85 47]
[287 -81 42]
[287 -80 43]
[287 -80 41]
[287 -82 51]
[287 -84 49]
[287 -92 64]
[287 -90 66]
[287 -92 66]
[287 -83 44]
[287 -78 40]
[287 -68 42]
[287 -67 42]
[287 -91 70]
[287 -80 40]
[287 -73 41]
[287 -72 39]
[287 -73 39]
[287 -74 39]
[287 -74 40]
[287 -68 41]
[287 -66 42]
[287 -66 43]
[287 -92 65]
[287 -87 79]
[287 -88 80]
[287 -84 46]
[287 -84 45]
[288 -83 43]
[288 -84 44]
[288 -85 49]
[288 -83 51]
[288 -85 50]
[288 -81 51]
[288 -76 38]
[288 -85 45]
[288 -67 41]
[288 -65 42]
[288 -86 46]
[288 -85 46]
[288 -93 65]
[288 -66 41]
[288 -89 80]
[288 -75 38]
[288 -86 48]
[288 -86 49]
[288 -72 38]
[288 -81 43]
[288 -80 39]
[288 -81 40]
[288 -74 38]
[288 -73 38]
[288 -89 81]
[288 -87 80]
[288 -78 39]
[288 -68 40]
[288 -86 80]
[289 -66 40]
[289 -87 48]
[289 -72 37]
[289 -73 37]
[289 -93 64]
[289 -77 38]
[289 -76 37]
[289 -77 37]
[289 -79 38]
[289 -79 40]
[289 -79 39]
[289 -86 44]
[289 -85 44]
[289 -81 39]
[289 -81 41]
[289 -75 37]
[289 -86 81]
[289 -87 81]
[289 -85 80]
[289 -65 40]
[289 -67 40]
[289 -74 37]
[289 -88 81]
[289 -87 47]
[289 -82 42]
[289 -82 43]
[289 -90 81]
[289 -88 82]
[289 -65 41]
[290 -73 36]
[290 -74 36]
[290 -83 42]
[290 -86 45]
[290 -88 47]
[290 -87 46]
[290 -86 47]
[290 -78 38]
[290 -80 38]
[290 -75 36]
[290 -72 36]
[290 -79 37]
[290 -80 37]
[290 -86 82]
[290 -87 82]
[290 -77 36]
[290 -76 36]
[290 -87 83]
[290 -88 83]
[290 -82 41]
[290 -82 40]
[290 -78 37]
[290 -82 39]
[290 -82 38]
[290 -65 39]
[290 -66 39]
[290 -64 39]
[290 -67 39]
[290 -84 81]
[290 -85 82]
[290 -87 43]
[290 -87 44]
[291 -78 36]
[291 -76 35]
[291 -83 41]
[291 -84 42]
[291 -86 83]
[291 -85 81]
[291 -83 39]
[291 -83 38]
[291 -81 38]
[291 -83 40]
[291 -75 35]
[291 -74 35]
[291 -72 35]
[291 -73 35]
[291 -89 46]
[291 -63 38]
[291 -81 37]
[291 -81 36]
[291 -77 35]
[291 -88 45]
[291 -87 45]
[291 -86 43]
[291 -87 84]
[291 -86 84]
[291 -88 84]
[291 -79 36]
[291 -88 44]
[291 -88 43]
[291 -82 37]
[291 -84 82]
[291 -83 82]
[291 -85 83]
[291 -80 36]
[292 -72 34]
[292 -85 84]
[292 -79 35]
[292 -78 35]
[292 -77 34]
[292 -83 37]
[292 -74 34]
[292 -82 36]
[292 -73 34]
[292 -86 85]
[292 -84 40]
[292 -80 35]
[292 -85 41]
[292 -85 43]
[292 -84 41]
[292 -87 42]
[292 -86 42]
[292 -81 35]
[292 -89 45]
[292 -89 44]
[292 -64 38]
[292 -64 37]
[292 -76 34]
[292 -83 83]
[292 -84 83]
[292 -87 85]
[292 -75 34]
[292 -88 46]
[292 -84 38]
[292 -89 43]
[292 -89 42]
[293 -85 37]
[293 -88 41]
[293 -90 43]
[293 -90 41]
[293 -90 42]
[293 -72 33]
[293 -86 41]
[293 -84 84]
[293 -84 43]
[293 -86 86]
[293 -87 86]
[293 -63 37]
[293 -63 36]
[293 -85 40]
[293 -86 40]
[293 -85 39]
[293 -75 33]
[293 -84 36]
[293 -84 37]
[293 -85 86]
[293 -80 34]
[293 -76 33]
[293 -84 85]
[293 -85 85]
[293 -78 34]
[293 -79 34]
[293 -85 42]
[293 -82 35]
[293 -83 35]
[293 -81 34]
[293 -87 41]
[293 -73 33]
[293 -82 84]
[293 -74 33]
[294 -74 32]
[294 -75 32]
[294 -83 85]
[294 -89 41]
[294 -86 39]
[294 -85 36]
[294 -87 87]
[294 -84 35]
[294 -83 36]
[294 -76 32]
[294 -88 40]
[294 -88 42]
[294 -85 38]
[294 -86 38]
[294 -64 36]
[294 -83 84]
[294 -83 86]
[294 -83 34]
[294 -73 32]
[294 -72 32]
[294 -79 33]
[294 -78 33]
[294 -86 37]
[294 -81 33]
[294 -82 34]
[294 -82 33]
[294 -86 87]
[294 -84 87]
[294 -87 40]
[295 -84 33]
[295 -83 87]
[295 -84 88]
[295 -83 88]
[295 -85 88]
[295 -85 87]
[295 -82 86]
[295 -84 86]
[295 -82 85]
[295 -88 39]
[295 -87 39]
[295 -82 32]
[295 -89 40]
[295 -90 40]
[295 -80 32]
[295 -80 33]
[295 -79 32]
[295 -77 32]
[295 -78 32]
[295 -86 35]
[295 -86 36]
[295 -73 31]
[295 -75 31]
[295 -87 36]
[295 -87 37]
[295 -74 31]
[295 -72 31]
[295 -77 31]
[295 -76 31]
[296 -81 31]
[296 -81 32]
[296 -84 34]
[296 -85 32]
[296 -85 33]
[296 -83 32]
[296 -81 86]
[296 -89 39]
[296 -85 35]
[296 -87 35]
[296 -83 31]
[296 -78 30]
[296 -76 30]
[296 -75 30]
[296 -91 40]
[296 -91 39]
[296 -86 88]
[296 -87 38]
[296 -73 30]
[296 -79 31]
[296 -80 31]
[296 -85 89]
[296 -83 89]
[296 -82 87]
[296 -86 89]
[296 -82 88]
[296 -88 36]
[296 -88 37]
[296 -88 35]
[296 -72 30]
[296 -85 34]
[296 -87 34]
[296 -82 89]
[297 -82 31]
[297 -86 34]
[297 -84 32]
[297 -78 31]
[297 -84 90]
[297 -82 30]
[297 -84 31]
[297 -81 87]
[297 -81 88]
[297 -82 90]
[297 -83 90]
[297 -86 31]
[297 -86 33]
[297 -86 32]
[297 -89 36]
[297 -84 89]
[297 -89 34]
[297 -90 39]
[297 -90 38]
[297 -91 38]
[297 -81 30]
[297 -88 38]
[297 -85 90]
[297 -76 29]
[297 -77 30]
[297 -75 29]
[297 -88 34]
[297 -74 30]
[297 -74 29]
[297 -89 37]
[297 -79 30]
[297 -78 29]
[297 -80 30]
[298 -87 33]
[298 -87 32]
[298 -84 91]
[298 -89 35]
[298 -90 35]
[298 -90 37]
[298 -91 37]
[298 -81 90]
[298 -82 91]
[298 -81 89]
[298 -81 29]
[298 -78 28]
[298 -79 28]
[298 -79 29]
[298 -77 29]
[298 -77 28]
[298 -85 91]
[298 -89 38]
[298 -74 28]
[298 -76 28]
[298 -80 88]
[298 -86 30]
[298 -80 29]
[298 -89 33]
[298 -90 34]
[298 -75 28]
[298 -73 28]
[298 -73 29]
[298 -83 30]
[298 -85 31]
[298 -83 33]
[298 -83 91]
[298 -85 30]
[299 -91 36]
[299 -90 36]
[299 -77 27]
[299 -84 92]
[299 -88 32]
[299 -84 30]
[299 -72 27]
[299 -72 29]
[299 -72 28]
[299 -91 34]
[299 -90 33]
[299 -80 89]
[299 -86 29]
[299 -84 29]
[299 -85 29]
[299 -75 27]
[299 -87 31]
[299 -87 29]
[299 -82 92]
[299 -80 28]
[299 -82 28]
[299 -81 28]
[299 -82 29]
[299 -88 33]
[299 -90 32]
[299 -85 92]
[299 -83 92]
[299 -88 31]
[299 -80 91]
[299 -81 91]
[299 -79 27]
[299 -80 27]
[300 -81 27]
[300 -71 27]
[300 -73 27]
[300 -91 32]
[300 -89 32]
[300 -80 90]
[300 -79 92]
[300 -85 28]
[300 -84 28]
[300 -84 93]
[300 -82 93]
[300 -85 93]
[300 -83 28]
[300 -88 30]
[300 -86 28]
[300 -87 28]
[300 -88 28]
[300 -87 30]
[300 -91 33]
[300 -92 35]
[300 -91 35]
[300 -83 29]
[300 -89 31]
[300 -90 31]
[300 -76 26]
[300 -76 27]
[300 -75 26]
[300 -74 27]
[300 -79 26]
[300 -80 26]
[300 -78 27]
[300 -81 92]
[300 -80 92]
[300 -78 26]
[300 -81 93]
[301 -83 93]
[301 -81 94]
[301 -83 94]
[301 -92 34]
[301 -85 27]
[301 -83 27]
[301 -84 94]
[301 -80 93]
[301 -80 94]
[301 -82 94]
[301 -77 25]
[301 -77 26]
[301 -76 25]
[301 -79 25]
[301 -70 26]
[301 -91 30]
[301 -91 31]
[301 -88 29]
[301 -92 33]
[301 -78 91]
[301 -78 92]
[301 -79 93]
[301 -75 25]
[301 -74 26]
[301 -84 27]
[301 -89 29]
[301 -86 27]
[301 -87 27]
[301 -72 26]
[302 -70 27]
[302 -69 27]
[302 -74 25]
[302 -74 24]
[302 -75 24]
[302 -93 33]
[302 -92 32]
[302 -93 32]
[302 -92 30]
[302 -77 93]
[302 -81 95]
[302 -79 94]
[302 -79 95]
[302 -77 24]
[302 -78 25]
[302 -76 24]
[302 -85 26]
[302 -77 91]
[302 -73 26]
[302 -73 25]
[302 -84 26]
[302 -83 26]
[302 -80 24]
[302 -80 25]
[302 -86 26]
[302 -85 95]
[302 -84 95]
[302 -82 95]
[302 -80 95]
[302 -78 93]
[302 -78 94]
[302 -87 26]
[302 -92 29]
[302 -90 30]
[302 -90 29]
[303 -69 26]
[303 -73 24]
[303 -77 23]
[303 -76 23]
[303 -93 29]
[303 -93 31]
[303 -93 30]
[303 -86 25]
[303 -84 25]
[303 -80 96]
[303 -85 96]
[303 -84 96]
[303 -85 25]
[303 -91 29]
[303 -90 28]
[303 -89 28]
[303 -91 28]
[303 -77 94]
[303 -77 92]
[303 -68 26]
[303 -76 92]
[303 -76 91]
[303 -82 27]
[303 -83 25]
[303 -82 25]
[303 -76 94]
[303 -89 30]
[303 -92 31]
[303 -78 95]
[303 -81 96]
[303 -81 25]
[303 -81 23]
[303 -87 25]
[303 -88 25]
[303 -78 23]
[303 -83 96]
[303 -83 95]
[303 -82 96]
[303 -79 24]
[303 -77 95]
[303 -74 23]
[304 -72 25]
[304 -80 23]
[304 -81 22]
[304 -82 23]
[304 -67 26]
[304 -88 24]
[304 -88 26]
[304 -86 24]
[304 -89 26]
[304 -77 22]
[304 -79 22]
[304 -78 24]
[304 -76 93]
[304 -84 24]
[304 -85 24]
[304 -76 22]
[304 -78 96]
[304 -77 96]
[304 -82 24]
[304 -83 24]
[304 -81 26]
[304 -81 24]
[304 -81 97]
[304 -82 97]
[304 -83 97]
[304 -92 28]
[304 -89 27]
[304 -85 97]
[304 -79 97]
[304 -80 97]
[304 -94 31]
[304 -73 22]
[304 -75 23]
[304 -82 26]
[304 -90 27]
[304 -92 27]
[304 -91 27]
[304 -84 97]
[304 -76 95]
[304 -94 30]
[304 -75 22]
[304 -94 28]
[304 -94 29]
[304 -93 28]
[305 -76 96]
[305 -75 95]
[305 -75 94]
[305 -90 26]
[305 -84 98]
[305 -83 98]
[305 -75 92]
[305 -79 23]
[305 -83 23]
[305 -82 22]
[305 -86 23]
[305 -80 98]
[305 -79 96]
[305 -78 97]
[305 -78 98]
[305 -81 98]
[305 -77 21]
[305 -78 21]
[305 -76 21]
[305 -89 25]
[305 -89 23]
[305 -92 26]
[305 -93 27]
[305 -91 26]
[305 -80 21]
[305 -82 98]
[305 -80 22]
[305 -74 22]
[305 -75 21]
[305 -85 98]
[305 -66 25]
[305 -73 23]
[305 -85 23]
[305 -84 23]
[306 -77 98]
[306 -77 97]
[306 -83 99]
[306 -82 99]
[306 -84 99]
[306 -77 20]
[306 -79 21]
[306 -81 20]
[306 -81 21]
[306 -80 20]
[306 -83 22]
[306 -88 22]
[306 -90 24]
[306 -90 22]
[306 -93 26]
[306 -92 25]
[306 -75 93]
[306 -74 93]
[306 -74 21]
[306 -85 22]
[306 -85 99]
[306 -74 95]
[306 -74 94]
[306 -74 20]
[306 -76 20]
[306 -79 99]
[306 -78 99]
[306 -79 98]
[306 -80 99]
[306 -81 99]
[306 -67 25]
[306 -65 25]
[306 -66 26]
[306 -78 22]
[306 -91 25]
[306 -86 22]
[306 -87 22]
[306 -87 24]
[306 -87 23]
[306 -89 24]
[306 -75 97]
[307 -86 21]
[307 -78 19]
[307 -87 21]
[307 -90 25]
[307 -92 24]
[307 -91 24]
[307 -88 23]
[307 -83 100]
[307 -85 100]
[307 -76 97]
[307 -83 21]
[307 -84 21]
[307 -81 100]
[307 -79 100]
[307 -64 25]
[307 -88 21]
[307 -74 96]
[307 -75 96]
[307 -84 22]
[307 -85 21]
[307 -78 20]
[307 -79 20]
[307 -89 21]
[307 -90 21]
[307 -91 22]
[307 -90 23]
[307 -93 25]
[307 -82 20]
[307 -82 21]
[307 -75 19]
[307 -81 19]
[307 -80 19]
[307 -80 100]
[307 -73 21]
[307 -94 25]
[307 -94 27]
[307 -82 100]
[307 -84 100]
[307 -82 19]
[308 -89 22]
[308 -90 20]
[308 -88 20]
[308 -80 101]
[308 -81 101]
[308 -86 20]
[308 -85 20]
[308 -83 20]
[308 -79 101]
[308 -79 19]
[308 -95 26]
[308 -82 101]
[308 -74 18]
[308 -74 19]
[308 -81 18]
[308 -82 18]
[308 -84 101]
[308 -85 101]
[308 -93 24]
[308 -93 23]
[308 -91 23]
[308 -92 23]
[308 -94 24]
[308 -63 25]
[308 -77 19]
[308 -83 19]
[308 -83 18]
[308 -92 21]
[308 -84 20]
[308 -83 101]
[308 -94 26]
[308 -89 20]
[308 -77 18]
[309 -83 102]
[309 -84 102]
[309 -95 25]
[309 -87 20]
[309 -89 19]
[309 -88 19]
[309 -84 19]
[309 -92 22]
[309 -94 23]
[309 -78 17]
[309 -77 17]
[309 -76 18]
[309 -76 19]
[309 -81 17]
[309 -83 17]
[309 -75 18]
[309 -75 20]
[309 -78 18]
[309 -91 21]
[309 -91 20]
[309 -91 19]
[309 -82 17]
[309 -80 17]
[309 -80 18]
[309 -93 20]
[309 -93 21]
[309 -82 102]
[309 -80 102]
[309 -74 17]
[309 -86 19]
[309 -87 19]
[309 -95 23]
[309 -95 24]
[309 -64 24]
[309 -62 26]
[310 -79 16]
[310 -78 16]
[310 -92 20]
[310 -90 19]
[310 -92 19]
[310 -94 21]
[310 -94 19]
[310 -93 19]
[310 -94 20]
[310 -84 18]
[310 -82 16]
[310 -96 23]
[310 -91 18]
[310 -92 18]
[310 -79 17]
[310 -89 18]
[310 -85 19]
[310 -87 18]
[310 -76 17]
[310 -75 17]
[310 -76 16]
[310 -79 18]
[310 -94 22]
[310 -86 18]
[310 -61 26]
[310 -62 27]
[310 -93 22]
[310 -96 22]
[310 -96 24]
[310 -95 22]
[310 -83 16]
[310 -81 16]
[310 -81 102]
[310 -80 16]
[311 -85 18]
[311 -85 17]
[311 -74 16]
[311 -75 16]
[311 -95 21]
[311 -95 20]
[311 -81 15]
[311 -79 15]
[311 -97 23]
[311 -97 24]
[311 -97 22]
[311 -88 17]
[311 -89 17]
[311 -90 17]
[311 -77 16]
[311 -76 15]
[311 -87 17]
[311 -86 17]
[311 -95 19]
[311 -80 15]
[311 -78 15]
[311 -77 15]
[311 -90 18]
[311 -88 18]
[311 -94 18]
[311 -61 27]
[311 -61 28]
[311 -62 28]
[311 -84 15]
[311 -84 17]
[311 -82 15]
[311 -93 18]
[311 -91 17]
[312 -98 22]
[312 -98 23]
[312 -98 21]
[312 -96 21]
[312 -62 29]
[312 -87 16]
[312 -86 16]
[312 -90 16]
[312 -88 16]
[312 -89 16]
[312 -96 19]
[312 -95 18]
[312 -96 20]
[312 -76 14]
[312 -81 14]
[312 -61 29]
[312 -80 14]
[312 -82 14]
[312 -84 16]
[312 -83 14]
[312 -85 16]
[312 -91 16]
[312 -75 15]
[312 -83 15]
[312 -93 17]
[312 -79 14]
[312 -78 14]
[312 -74 15]
[313 -99 22]
[313 -98 24]
[313 -79 13]
[313 -78 13]
[313 -94 17]
[313 -94 16]
[313 -96 18]
[313 -62 30]
[313 -60 29]
[313 -82 13]
[313 -81 13]
[313 -90 15]
[313 -89 15]
[313 -80 13]
[313 -75 14]
[313 -86 15]
[313 -97 21]
[313 -97 19]
[313 -97 18]
[313 -87 15]
[313 -92 16]
[313 -91 15]
[313 -88 15]
[313 -61 30]
[313 -77 14]
[313 -76 13]
[313 -99 23]
[313 -84 14]
[313 -83 13]
[313 -84 13]
[313 -97 20]
[313 -98 20]
[314 -83 12]
[314 -81 12]
[314 -82 12]
[314 -100 23]
[314 -84 12]
[314 -98 19]
[314 -98 18]
[314 -77 12]
[314 -77 13]
[314 -75 13]
[314 -76 12]
[314 -75 12]
[314 -85 12]
[314 -91 14]
[314 -89 14]
[314 -86 14]
[314 -88 14]
[314 -87 14]
[314 -74 14]
[314 -95 17]
[314 -93 16]
[314 -93 15]
[314 -99 21]
[314 -79 12]
[314 -96 17]
[314 -60 30]
[314 -100 22]
[314 -62 31]
[314 -80 12]
[314 -85 15]
[314 -78 12]
[314 -92 15]
[314 -85 14]
[315 -85 13]
[315 -78 11]
[315 -76 11]
[315 -75 11]
[315 -74 13]
[315 -77 11]
[315 -99 20]
[315 -100 20]
[315 -100 21]
[315 -98 17]
[315 -99 17]
[315 -97 17]
[315 -99 18]
[315 -101 22]
[315 -101 21]
[315 -96 16]
[315 -90 13]
[315 -80 11]
[315 -79 11]
[315 -83 11]
[315 -84 11]
[315 -94 15]
[315 -94 14]
[315 -86 13]
[315 -92 14]
[315 -99 19]
[315 -88 13]
[315 -81 11]
[315 -82 11]
[315 -62 32]
[315 -92 13]
[315 -91 13]
[315 -95 16]
[315 -87 13]
[316 -77 10]
[316 -78 10]
[316 -90 14]
[316 -92 12]
[316 -99 16]
[316 -100 17]
[316 -100 18]
[316 -100 16]
[316 -81 10]
[316 -82 10]
[316 -83 10]
[316 -93 13]
[316 -95 15]
[316 -93 14]
[316 -94 13]
[316 -95 13]
[316 -100 19]
[316 -75 10]
[316 -89 13]
[316 -88 12]
[316 -87 12]
[316 -86 12]
[316 -102 22]
[316 -102 21]
[316 -84 10]
[316 -76 10]
[316 -101 20]
[316 -102 20]
[316 -97 16]
[316 -62 33]
[316 -80 10]
[316 -96 15]
[316 -79 10]
[316 -91 12]
[317 -80 9]
[317 -81 9]
[317 -79 9]
[317 -86 11]
[317 -87 11]
[317 -101 17]
[317 -101 18]
[317 -83 9]
[317 -75 9]
[317 -103 20]
[317 -76 9]
[317 -78 9]
[317 -95 14]
[317 -102 19]
[317 -103 21]
[317 -91 11]
[317 -92 11]
[317 -82 9]
[317 -97 14]
[317 -94 12]
[317 -93 12]
[317 -77 9]
[317 -96 12]
[317 -95 12]
[317 -98 15]
[317 -97 15]
[317 -89 12]
[317 -90 12]
[317 -85 9]
[317 -85 10]
[317 -84 9]
[317 -85 11]
[317 -63 34]
[318 -77 8]
[318 -75 8]
[318 -76 8]
[318 -79 8]
[318 -99 14]
[318 -99 15]
[318 -98 16]
[318 -86 10]
[318 -88 11]
[318 -84 8]
[318 -83 8]
[318 -82 8]
[318 -102 17]
[318 -102 16]
[318 -103 18]
[318 -101 19]
[318 -103 19]
[318 -96 13]
[318 -96 14]
[318 -63 35]
[318 -64 35]
[318 -93 11]
[318 -97 11]
[318 -97 13]
[318 -89 11]
[318 -85 8]
[318 -86 9]
[318 -92 10]
[318 -90 11]
[318 -91 10]
[318 -90 10]
[318 -95 11]
[318 -94 11]
[318 -93 10]
[318 -81 8]
[318 -104 20]
[318 -98 14]
[318 -98 13]
[319 -86 8]
[319 -87 9]
[319 -87 8]
[319 -81 7]
[319 -80 7]
[319 -80 8]
[319 -90 9]
[319 -98 12]
[319 -96 10]
[319 -97 10]
[319 -98 10]
[319 -95 10]
[319 -89 10]
[319 -88 10]
[319 -78 8]
[319 -79 7]
[319 -104 19]
[319 -97 12]
[319 -99 12]
[319 -99 13]
[319 -103 17]
[319 -102 18]
[319 -104 18]
[319 -103 16]
[319 -101 16]
[319 -82 7]
[319 -86 7]
[319 -85 7]
[319 -92 9]
[319 -83 7]
[319 -87 10]
[319 -100 13]
[319 -100 15]
[319 -96 11]
[319 -100 14]
[320 -82 6]
[320 -101 15]
[320 -88 9]
[320 -88 7]
[320 -88 8]
[320 -101 13]
[320 -79 6]
[320 -78 7]
[320 -98 11]
[320 -96 9]
[320 -80 6]
[320 -81 6]
[320 -87 7]
[320 -94 9]
[320 -95 9]
[320 -94 10]
[320 -104 17]
[320 -103 15]
[320 -104 15]
[320 -104 16]
[320 -83 6]
[320 -91 9]
[320 -93 9]
[320 -89 8]
[320 -86 6]
[320 -87 6]
[320 -84 6]
[320 -105 19]
[320 -98 9]
[320 -99 9]
[320 -99 11]
[320 -97 9]
[320 -105 20]
[320 -105 18]
[321 -89 7]
[321 -89 9]
[321 -102 15]
[321 -105 17]
[321 -105 16]
[321 -84 7]
[321 -85 6]
[321 -105 15]
[321 -89 6]
[321 -88 6]
[321 -99 10]
[321 -87 5]
[321 -88 5]
[321 -77 6]
[321 -78 6]
[321 -93 8]
[321 -94 8]
[321 -92 8]
[321 -106 18]
[321 -106 17]
[321 -106 19]
[321 -95 8]
[321 -82 5]
[321 -83 5]
[321 -102 14]
[321 -100 11]
[321 -100 12]
[321 -98 8]
[321 -86 5]
[321 -80 5]
[321 -79 5]
[321 -81 5]
[321 -91 8]
[321 -90 8]
[321 -78 5]
[321 -102 12]
[321 -101 14]
[321 -101 12]
[321 -102 13]
[322 -86 4]
[322 -88 4]
[322 -87 4]
[322 -84 5]
[322 -82 4]
[322 -84 4]
[322 -107 18]
[322 -99 7]
[322 -97 8]
[322 -101 11]
[322 -100 10]
[322 -91 7]
[322 -106 16]
[322 -94 7]
[322 -92 7]
[322 -102 11]
[322 -103 11]
[322 -90 7]
[322 -103 14]
[322 -85 5]
[322 -81 4]
[322 -95 7]
[322 -77 5]
[322 -103 13]
[322 -89 5]
[322 -90 5]
[322 -90 6]
[322 -80 4]
[322 -107 16]
[322 -79 4]
[322 -78 4]
[322 -77 4]
[322 -85 4]
[322 -103 12]
[322 -93 7]
[323 -103 10]
[323 -104 12]
[323 -87 3]
[323 -83 4]
[323 -108 18]
[323 -96 8]
[323 -76 5]
[323 -78 3]
[323 -76 4]
[323 -77 3]
[323 -93 6]
[323 -94 6]
[323 -92 6]
[323 -108 16]
[323 -106 15]
[323 -108 15]
[323 -81 3]
[323 -82 3]
[323 -104 14]
[323 -83 3]
[323 -98 7]
[323 -100 8]
[323 -88 3]
[323 -86 3]
[323 -91 6]
[323 -95 6]
[323 -104 13]
[323 -96 6]
[323 -89 4]
[323 -90 4]
[323 -91 5]
[323 -85 3]
[323 -80 3]
[323 -101 10]
[323 -102 10]
[324 -109 17]
[324 -108 17]
[324 -101 9]
[324 -107 15]
[324 -84 3]
[324 -76 2]
[324 -76 3]
[324 -105 11]
[324 -105 12]
[324 -91 4]
[324 -84 2]
[324 -75 5]
[324 -75 3]
[324 -75 4]
[324 -95 5]
[324 -97 5]
[324 -97 6]
[324 -96 7]
[324 -85 2]
[324 -90 3]
[324 -89 3]
[324 -109 15]
[324 -107 17]
[324 -106 14]
[324 -107 14]
[324 -97 7]
[324 -82 2]
[324 -83 2]
[324 -88 2]
[324 -89 2]
[324 -80 2]
[324 -76 6]
[324 -75 6]
[324 -104 10]
[324 -102 9]
[324 -104 9]
[324 -78 2]
[324 -92 5]
[324 -96 5]
[324 -94 5]
[324 -101 7]
[324 -99 8]
[324 -101 8]
[324 -100 7]
[324 -98 6]
[324 -105 14]
[324 -81 2]
[324 -79 2]
[325 -108 14]
[325 -110 15]
[325 -109 16]
[325 -109 14]
[325 -96 4]
[325 -74 3]
[325 -90 2]
[325 -91 3]
[325 -100 9]
[325 -105 8]
[325 -104 8]
[325 -103 8]
[325 -105 10]
[325 -105 13]
[325 -84 1]
[325 -95 4]
[325 -100 6]
[325 -101 6]
[325 -102 7]
[325 -102 8]
[325 -102 6]
[325 -106 13]
[325 -107 13]
[325 -77 2]
[325 -77 1]
[325 -108 13]
[325 -106 11]
[325 -104 11]
[325 -98 5]
[325 -82 1]
[325 -83 1]
[325 -99 6]
[325 -75 2]
[325 -74 5]
[325 -79 3]
[325 -78 1]
[325 -74 4]
[325 -87 1]
[325 -87 2]
[325 -105 9]
[325 -103 9]
[325 -85 1]
[325 -86 1]
[325 -80 1]
[325 -94 4]
[325 -110 16]
[326 -82 0]
[326 -84 0]
[326 -92 3]
[326 -110 14]
[326 -91 1]
[326 -90 1]
[326 -91 2]
[326 -85 0]
[326 -83 0]
[326 -88 1]
[326 -86 0]
[326 -103 7]
[326 -81 1]
[326 -97 4]
[326 -86 2]
[326 -76 1]
[326 -104 7]
[326 -106 7]
[326 -106 9]
[326 -99 5]
[326 -99 4]
[326 -107 12]
[326 -106 12]
[326 -111 15]
[326 -111 16]
[326 -73 4]
[326 -73 5]
[326 -95 3]
[326 -93 4]
[326 -93 3]
[326 -93 5]
[326 -102 5]
[326 -100 5]
[326 -79 1]
[326 -109 13]
[326 -109 12]
[326 -110 13]
[326 -101 5]
[326 -108 12]
[327 -83 -1]
[327 -81 0]
[327 -72 4]
[327 -72 5]
[327 -84 -1]
[327 -112 15]
[327 -88 0]
[327 -89 0]
[327 -87 0]
[327 -106 6]
[327 -107 7]
[327 -107 6]
[327 -106 8]
[327 -107 8]
[327 -111 14]
[327 -98 3]
[327 -80 0]
[327 -104 6]
[327 -93 2]
[327 -94 3]
[327 -108 11]
[327 -107 11]
[327 -103 6]
[327 -105 7]
[327 -86 -1]
[327 -110 11]
[327 -109 11]
[327 -110 12]
[327 -89 1]
[327 -90 0]
[327 -112 14]
[327 -92 2]
[327 -101 4]
[327 -102 4]
[327 -107 9]
[327 -92 4]
[327 -96 3]
[327 -98 4]
[327 -92 0]
[327 -103 4]
[327 -103 5]
[327 -95 2]
[327 -96 2]
[327 -100 4]
[328 -108 8]
[328 -107 5]
[328 -111 11]
[328 -100 3]
[328 -94 1]
[328 -94 2]
[328 -85 -2]
[328 -84 -2]
[328 -83 -2]
[328 -85 -1]
[328 -97 3]
[328 -89 -1]
[328 -111 13]
[328 -113 13]
[328 -101 3]
[328 -82 -2]
[328 -107 10]
[328 -108 10]
[328 -106 10]
[328 -91 0]
[328 -93 1]
[328 -105 6]
[328 -99 3]
[328 -95 1]
[328 -104 4]
[328 -102 3]
[328 -104 5]
[328 -104 3]
[328 -109 10]
[328 -97 1]
[328 -96 1]
[328 -97 2]
[328 -108 7]
[328 -111 12]
[328 -110 10]
[328 -72 3]
[328 -81 -1]
[328 -112 13]
[328 -91 -1]
[328 -105 5]
[328 -71 4]
[329 -90 -2]
[329 -88 -2]
[329 -89 -2]
[329 -90 -1]
[329 -98 2]
[329 -86 -2]
[329 -91 -2]
[329 -82 -3]
[329 -82 -1]
[329 -83 -3]
[329 -112 12]
[329 -109 9]
[329 -109 7]
[329 -103 3]
[329 -113 12]
[329 -80 -2]
[329 -81 -2]
[329 -92 1]
[329 -85 -3]
[329 -111 9]
[329 -110 9]
[329 -111 10]
[329 -98 1]
[329 -108 9]
[329 -106 5]
[329 -104 2]
[329 -105 3]
[329 -103 2]
[329 -98 0]
[329 -100 2]
[329 -97 0]
[329 -95 0]
[329 -96 0]
[329 -93 0]
[329 -94 0]
[329 -106 4]
[329 -105 4]
[329 -108 6]
[329 -108 5]
[329 -109 8]
[329 -71 2]
[329 -72 2]
[329 -73 2]
[329 -71 3]
[329 -81 -3]
[330 -104 1]
[330 -87 -3]
[330 -87 -1]
[330 -102 2]
[330 -109 6]
[330 -109 5]
[330 -71 1]
[330 -72 1]
[330 -97 -1]
[330 -96 -1]
[330 -95 -1]
[330 -113 11]
[330 -112 11]
[330 -88 -1]
[330 -88 -3]
[330 -90 -3]
[330 -82 -4]
[330 -81 -4]
[330 -101 2]
[330 -99 2]
[330 -99 0]
[330 -79 -3]
[330 -79 -2]
[330 -80 -1]
[330 -110 7]
[330 -110 6]
[330 -94 -1]
[330 -93 -1]
[330 -73 1]
[330 -92 -1]
[330 -84 -4]
[330 -84 -3]
[330 -114 11]
[330 -80 -3]
[330 -98 -1]
[330 -110 8]
[330 -112 8]
[330 -112 9]
[330 -102 1]
[330 -105 2]
[330 -107 4]
[330 -70 4]
[330 -70 3]
[330 -107 3]
[330 -109 4]
[330 -73 3]
[330 -89 -3]
[330 -85 -4]
[331 -84 -5]
[331 -83 -4]
[331 -111 8]
[331 -113 8]
[331 -96 -2]
[331 -99 1]
[331 -100 1]
[331 -99 -2]
[331 -97 -2]
[331 -99 -1]
[331 -78 -2]
[331 -92 -2]
[331 -80 -4]
[331 -82 -5]
[331 -111 6]
[331 -110 5]
[331 -100 -1]
[331 -105 1]
[331 -106 2]
[331 -106 1]
[331 -78 -1]
[331 -79 -1]
[331 -113 10]
[331 -114 10]
[331 -115 10]
[331 -74 2]
[331 -89 -4]
[331 -83 -5]
[331 -112 10]
[331 -103 1]
[331 -69 4]
[331 -69 3]
[331 -85 -5]
[331 -86 -3]
[331 -86 -5]
[331 -111 7]
[331 -98 -2]
[331 -108 4]
[331 -104 0]
[331 -108 3]
[331 -79 0]
[331 -79 -4]
[331 -101 1]
[331 -93 -2]
[331 -94 -2]
[331 -87 -2]
[331 -88 -4]
[331 -86 -4]
[331 -90 -4]
[331 -70 2]
[331 -95 -2]
[331 -101 0]
[331 -70 0]
[331 -110 3]
[331 -109 3]
[332 -78 -3]
[332 -79 -5]
[332 -96 -3]
[332 -95 -3]
[332 -97 -3]
[332 -68 3]
[332 -114 9]
[332 -105 0]
[332 -87 -4]
[332 -87 -5]
[332 -113 9]
[332 -113 7]
[332 -110 4]
[332 -111 4]
[332 -106 0]
[332 -102 0]
[332 -100 0]
[332 -81 -5]
[332 -82 -6]
[332 -78 0]
[332 -93 -3]
[332 -94 -3]
[332 -106 3]
[332 -107 2]
[332 -107 1]
[332 -89 -5]
[332 -88 -5]
[332 -83 -6]
[332 -111 2]
[332 -109 2]
[332 -110 2]
[332 -69 2]
[332 -91 -4]
[332 -91 -5]
[332 -115 9]
[332 -98 -3]
[332 -105 -1]
[332 -103 -1]
[332 -104 -1]
[332 -90 -5]
[332 -100 -2]
[332 -70 1]
[332 -69 0]
[332 -69 1]
[332 -87 -6]
[332 -92 -3]
[332 -91 -3]
[333 -77 -3]
[333 -107 -1]
[333 -67 3]
[333 -108 1]
[333 -108 2]
[333 -108 0]
[333 -107 0]
[333 -95 -4]
[333 -93 -4]
[333 -111 1]
[333 -112 2]
[333 -110 1]
[333 -88 -6]
[333 -86 -6]
[333 -89 -6]
[333 -102 -1]
[333 -101 -1]
[333 -80 -5]
[333 -79 -6]
[333 -78 -5]
[333 -78 -4]
[333 -103 -2]
[333 -103 0]
[333 -104 -2]
[333 -97 -4]
[333 -96 -4]
[333 -82 -7]
[333 -77 0]
[333 -77 -1]
[333 -91 -6]
[333 -112 6]
[333 -114 6]
[333 -114 7]
[333 -112 7]
[333 -111 3]
[333 -111 5]
[333 -100 -3]
[333 -101 -2]
[333 -81 -6]
[333 -68 2]
[333 -92 -4]
[333 -86 -7]
[333 -87 -7]
[333 -115 8]
[333 -114 8]
[333 -116 9]
[333 -81 -7]
[333 -90 -6]
[333 -92 -5]
[333 -92 -6]
[334 -102 -2]
[334 -85 -7]
[334 -101 -4]
[334 -99 -4]
[334 -105 -2]
[334 -103 -3]
[334 -105 -3]
[334 -95 -5]
[334 -97 -5]
[334 -96 -5]
[334 -77 -2]
[334 -109 0]
[334 -109 1]
[334 -108 -1]
[334 -91 -7]
[334 -115 5]
[334 -113 5]
[334 -115 6]
[334 -114 5]
[334 -98 -5]
[334 -80 -6]
[334 -80 -8]
[334 -82 -8]
[334 -80 -7]
[334 -112 3]
[334 -88 -7]
[334 -79 -7]
[334 -78 -6]
[334 -112 5]
[334 -112 4]
[334 -93 -5]
[334 -93 -6]
[334 -113 6]
[334 -104 -3]
[334 -90 -7]
[334 -92 -7]
[334 -109 -1]
[334 -113 2]
[334 -112 1]
[334 -111 0]
[334 -110 0]
[334 -67 2]
[334 -116 8]
[334 -107 -2]
[334 -106 -1]
[334 -102 -3]
[334 -101 -3]
[334 -85 -6]
[334 -85 -8]
[334 -86 -8]
[334 -87 -8]
[334 -112 0]
[335 -109 -2]
[335 -102 -4]
[335 -100 -5]
[335 -102 -5]
[335 -85 -9]
[335 -84 -9]
[335 -84 -7]
[335 -86 -9]
[335 -84 -6]
[335 -104 -4]
[335 -89 -7]
[335 -91 -8]
[335 -89 -8]
[335 -90 -8]
[335 -115 7]
[335 -116 7]
[335 -100 -4]
[335 -106 -2]
[335 -113 1]
[335 -114 3]
[335 -78 -8]
[335 -88 -8]
[335 -87 -9]
[335 -111 -1]
[335 -79 -8]
[335 -81 -8]
[335 -117 7]
[335 -113 0]
[335 -99 -5]
[335 -98 -4]
[335 -97 -6]
[335 -98 -6]
[335 -113 -1]
[335 -107 -3]
[335 -108 -2]
[335 -108 -3]
[335 -83 -9]
[335 -95 -6]
[335 -94 -4]
[335 -94 -5]
[335 -105 -4]
[335 -115 4]
[335 -113 4]
[335 -110 -2]
[335 -94 -6]
[335 -77 -7]
[335 -106 -3]
[335 -103 -4]
[335 -113 3]
[335 -110 -1]
[335 -81 -9]
[335 -116 5]
[335 -92 -8]
[336 -84 -8]
[336 -114 0]
[336 -114 2]
[336 -78 -7]
[336 -77 -8]
[336 -76 -7]
[336 -105 -5]
[336 -106 -4]
[336 -106 -5]
[336 -114 -1]
[336 -114 1]
[336 -116 4]
[336 -114 4]
[336 -109 -3]
[336 -96 -7]
[336 -97 -7]
[336 -85 -10]
[336 -114 -2]
[336 -113 -2]
[336 -112 -1]
[336 -101 -6]
[336 -100 -6]
[336 -94 -7]
[336 -90 -9]
[336 -91 -9]
[336 -92 -9]
[336 -93 -9]
[336 -99 -6]
[336 -88 -9]
[336 -86 -10]
[336 -98 -7]
[336 -78 -9]
[336 -79 -9]
[336 -77 -9]
[336 -115 3]
[336 -89 -9]
[336 -82 -10]
[336 -82 -9]
[336 -80 -9]
[336 -107 -4]
[336 -109 -4]
[336 -116 6]
[336 -117 4]
[336 -117 6]
[336 -83 -8]
[336 -83 -7]
[336 -84 -10]
[336 -111 -2]
[336 -99 -3]
[336 -118 6]
[336 -117 8]
[336 -108 -4]
[336 -103 -5]
[336 -101 -5]
[337 -84 -11]
[337 -110 -3]
[337 -110 -5]
[337 -108 -5]
[337 -109 -5]
[337 -107 -5]
[337 -96 -6]
[337 -92 -10]
[337 -93 -8]
[337 -94 -8]
[337 -99 -7]
[337 -78 -10]
[337 -79 -10]
[337 -102 -6]
[337 -101 -7]
[337 -115 -2]
[337 -104 -6]
[337 -115 -3]
[337 -114 -3]
[337 -118 7]
[337 -88 -10]
[337 -89 -10]
[337 -90 -10]
[337 -95 -8]
[337 -91 -10]
[337 -115 1]
[337 -118 5]
[337 -117 5]
[337 -107 -6]
[337 -105 -6]
[337 -81 -10]
[337 -116 2]
[337 -115 -1]
[337 -85 -11]
[337 -83 -11]
[337 -80 -10]
[337 -99 -8]
[337 -76 -9]
[337 -76 -8]
[337 -100 -7]
[337 -112 -3]
[337 -111 -3]
[337 -112 -2]
[337 -117 3]
[337 -116 3]
[337 -81 -11]
[337 -113 -3]
[337 -115 2]
[337 -118 3]
[337 -86 -11]
[338 -100 -8]
[338 -101 -8]
[338 -116 0]
[338 -115 0]
[338 -116 1]
[338 -115 -4]
[338 -113 -4]
[338 -85 -12]
[338 -87 -12]
[338 -109 -6]
[338 -108 -7]
[338 -107 -7]
[338 -108 -6]
[338 -106 -6]
[338 -110 -4]
[338 -89 -11]
[338 -90 -11]
[338 -111 -4]
[338 -93 -7]
[338 -100 -9]
[338 -98 -8]
[338 -117 2]
[338 -94 -9]
[338 -95 -7]
[338 -96 -9]
[338 -95 -9]
[338 -96 -8]
[338 -105 -7]
[338 -117 1]
[338 -104 -7]
[338 -80 -11]
[338 -80 -12]
[338 -82 -12]
[338 -88 -11]
[338 -87 -11]
[338 -116 -2]
[338 -118 4]
[338 -114 -4]
[338 -84 -12]
[338 -83 -12]
[338 -110 -6]
[338 -93 -10]
[338 -92 -11]
[338 -112 -4]
[338 -102 -7]
[338 -79 -11]
[338 -91 -11]
[338 -86 -12]
[339 -87 -13]
[339 -116 -1]
[339 -117 -2]
[339 -117 -1]
[339 -88 -12]
[339 -118 1]
[339 -113 -5]
[339 -99 -10]
[339 -103 -8]
[339 -89 -12]
[339 -111 -5]
[339 -97 -9]
[339 -97 -8]
[339 -99 -9]
[339 -78 -11]
[339 -84 -13]
[339 -87 -10]
[339 -109 -7]
[339 -111 -7]
[339 -82 -13]
[339 -83 -13]
[339 -115 -5]
[339 -114 -5]
[339 -116 -5]
[339 -116 -4]
[339 -96 -10]
[339 -109 -8]
[339 -108 -8]
[339 -82 -11]
[339 -81 -13]
[339 -101 -9]
[339 -91 -12]
[339 -90 -12]
[339 -117 0]
[339 -92 -12]
[339 -112 -5]
[339 -81 -12]
[339 -102 -8]
[339 -85 -13]
[339 -106 -7]
[339 -79 -12]
[339 -95 -10]
[339 -118 0]
[340 -118 -1]
[340 -107 -8]
[340 -86 -13]
[340 -84 -14]
[340 -117 -4]
[340 -100 -10]
[340 -98 -10]
[340 -98 -11]
[340 -99 -11]
[340 -100 -11]
[340 -98 -9]
[340 -115 -6]
[340 -116 -6]
[340 -104 -8]
[340 -103 -9]
[340 -102 -9]
[340 -94 -10]
[340 -86 -14]
[340 -88 -14]
[340 -96 -11]
[340 -95 -11]
[340 -118 -2]
[340 -118 -3]
[340 -114 -6]
[340 -83 -14]
[340 -88 -13]
[340 -90 -13]
[340 -89 -13]
[340 -80 -14]
[340 -81 -14]
[340 -80 -13]
[340 -82 -14]
[340 -110 -8]
[340 -109 -9]
[340 -108 -9]
[340 -110 -9]
[340 -113 -6]
[340 -112 -6]
[340 -93 -13]
[340 -93 -11]
[340 -93 -12]
[340 -110 -7]
[340 -112 -8]
[340 -111 -6]
[340 -111 -8]
[340 -102 -10]
[340 -83 -10]
[340 -91 -13]
[340 -92 -13]
[340 -119 1]
[341 -106 -9]
[341 -98 -12]
[341 -99 -12]
[341 -97 -10]
[341 -112 -9]
[341 -95 -12]
[341 -96 -12]
[341 -94 -11]
[341 -94 -12]
[341 -116 -7]
[341 -115 -7]
[341 -101 -12]
[341 -112 -7]
[341 -101 -10]
[341 -119 -2]
[341 -117 -3]
[341 -119 -3]
[341 -91 -14]
[341 -89 -14]
[341 -108 -10]
[341 -110 -10]
[341 -105 -8]
[341 -105 -9]
[341 -104 -9]
[341 -103 -7]
[341 -107 -10]
[341 -119 0]
[341 -90 -14]
[341 -80 -15]
[341 -114 -7]
[341 -113 -7]
[341 -83 -15]
[341 -85 -15]
[341 -113 -9]
[341 -113 -8]
[341 -101 -11]
[341 -103 -10]
[341 -103 -11]
[341 -81 -15]
[341 -118 -5]
[341 -116 -3]
[341 -117 -5]
[341 -104 -10]
[341 -87 -14]
[341 -85 -14]
[341 -86 -15]
[341 -92 -14]
[341 -89 -15]
[341 -87 -15]
[341 -100 -12]
[341 -119 -1]
[341 -97 -12]
[342 -95 -13]
[342 -94 -13]
[342 -97 -13]
[342 -99 -13]
[342 -97 -11]
[342 -86 -16]
[342 -85 -16]
[342 -106 -10]
[342 -102 -11]
[342 -114 -8]
[342 -103 -6]
[342 -105 -10]
[342 -118 -4]
[342 -107 -11]
[342 -107 -9]
[342 -81 -16]
[342 -102 -13]
[342 -102 -12]
[342 -114 -9]
[342 -117 -6]
[342 -117 -8]
[342 -118 -6]
[342 -104 -11]
[342 -120 -3]
[342 -120 -2]
[342 -84 -15]
[342 -91 -15]
[342 -93 -15]
[342 -93 -14]
[342 -82 -16]
[342 -96 -13]
[342 -113 -10]
[342 -111 -10]
[342 -112 -10]
[342 -90 -15]
[342 -89 -16]
[342 -88 -15]
[342 -119 -4]
[342 -100 -13]
[342 -98 -13]
[342 -119 -6]
[342 -111 -11]
[342 -110 -11]
[342 -92 -15]
[342 -84 -16]
[342 -105 -11]
[342 -82 -15]
[343 -80 -16]
[343 -82 -17]
[343 -117 -7]
[343 -86 -17]
[343 -85 -17]
[343 -119 -5]
[343 -106 -11]
[343 -91 -16]
[343 -90 -16]
[343 -120 -5]
[343 -120 -6]
[343 -118 -7]
[343 -119 -7]
[343 -101 -13]
[343 -103 -12]
[343 -102 -14]
[343 -106 -8]
[343 -115 -8]
[343 -94 -14]
[343 -83 -16]
[343 -84 -17]
[343 -83 -17]
[343 -114 -10]
[343 -112 -11]
[343 -112 -12]
[343 -109 -11]
[343 -110 -12]
[343 -109 -10]
[343 -116 -8]
[343 -116 -9]
[343 -96 -14]
[343 -92 -16]
[343 -87 -16]
[343 -87 -17]
[343 -101 -14]
[343 -100 -14]
[343 -99 -14]
[343 -97 -14]
[343 -113 -11]
[343 -111 -9]
[343 -98 -14]
[343 -108 -12]
[343 -107 -12]
[343 -106 -12]
[343 -95 -14]
[343 -104 -12]
[343 -105 -12]
[343 -114 -11]
[343 -88 -17]
[343 -90 -17]
[344 -111 -12]
[344 -103 -13]
[344 -104 -13]
[344 -115 -11]
[344 -111 -13]
[344 -112 -13]
[344 -100 -15]
[344 -98 -15]
[344 -82 -18]
[344 -81 -17]
[344 -86 -18]
[344 -84 -18]
[344 -120 -7]
[344 -118 -8]
[344 -119 -8]
[344 -107 -13]
[344 -106 -13]
[344 -108 -11]
[344 -95 -15]
[344 -97 -15]
[344 -96 -15]
[344 -83 -18]
[344 -103 -14]
[344 -103 -15]
[344 -102 -15]
[344 -121 -6]
[344 -121 -5]
[344 -91 -18]
[344 -89 -17]
[344 -101 -15]
[344 -117 -9]
[344 -115 -9]
[344 -105 -13]
[344 -91 -17]
[344 -108 -13]
[344 -94 -15]
[344 -80 -17]
[344 -109 -12]
[344 -88 -18]
[344 -88 -16]
[344 -113 -12]
[344 -115 -12]
[344 -115 -10]
[344 -99 -15]
[344 -110 -13]
[344 -109 -13]
[345 -119 -9]
[345 -120 -8]
[345 -107 -14]
[345 -106 -14]
[345 -108 -14]
[345 -97 -16]
[345 -100 -16]
[345 -101 -16]
[345 -99 -16]
[345 -87 -18]
[345 -88 -19]
[345 -81 -18]
[345 -116 -10]
[345 -104 -16]
[345 -104 -14]
[345 -104 -15]
[345 -96 -16]
[345 -116 -11]
[345 -116 -13]
[345 -115 -13]
[345 -93 -16]
[345 -80 -18]
[345 -120 -4]
[345 -114 -12]
[345 -110 -14]
[345 -113 -13]
[345 -92 -19]
[345 -91 -19]
[345 -90 -18]
[345 -102 -16]
[345 -109 -14]
[345 -82 -19]
[345 -84 -19]
[345 -111 -14]
[345 -92 -18]
[345 -92 -17]
[345 -112 -14]
[345 -86 -19]
[345 -83 -19]
[345 -85 -19]
[345 -118 -9]
[345 -103 -16]
[346 -89 -19]
[346 -88 -20]
[346 -87 -20]
[346 -87 -19]
[346 -81 -19]
[346 -118 -10]
[346 -105 -14]
[346 -90 -20]
[346 -112 -15]
[346 -89 -18]
[346 -119 -10]
[346 -106 -15]
[346 -102 -17]
[346 -93 -17]
[346 -93 -18]
[346 -93 -19]
[346 -114 -13]
[346 -85 -20]
[346 -83 -20]
[346 -82 -20]
[346 -101 -17]
[346 -116 -14]
[346 -114 -14]
[346 -115 -14]
[346 -96 -17]
[346 -98 -16]
[346 -93 -20]
[346 -117 -10]
[346 -117 -11]
[346 -95 -16]
[346 -108 -15]
[346 -110 -15]
[346 -84 -20]
[346 -109 -15]
[346 -111 -15]
[346 -117 -12]
[346 -117 -13]
[346 -105 -15]
[346 -104 -17]
[346 -105 -17]
[346 -85 -18]
[346 -121 -8]
[346 -120 -9]
[347 -109 -16]
[347 -111 -16]
[347 -102 -18]
[347 -100 -18]
[347 -100 -17]
[347 -97 -17]
[347 -95 -17]
[347 -96 -18]
[347 -95 -18]
[347 -119 -11]
[347 -118 -11]
[347 -113 -15]
[347 -113 -14]
[347 -114 -15]
[347 -82 -21]
[347 -90 -19]
[347 -81 -21]
[347 -83 -21]
[347 -121 -7]
[347 -112 -16]
[347 -117 -14]
[347 -105 -16]
[347 -106 -16]
[347 -85 -21]
[347 -103 -17]
[347 -105 -18]
[347 -90 -21]
[347 -86 -20]
[347 -86 -21]
[347 -103 -18]
[347 -101 -18]
[347 -88 -21]
[347 -89 -21]
[347 -94 -17]
[347 -94 -18]
[347 -94 -20]
[347 -92 -20]
[347 -94 -19]
[347 -118 -14]
[347 -118 -12]
[347 -118 -13]
[347 -116 -12]
[347 -110 -16]
[347 -108 -16]
[347 -107 -16]
[347 -89 -20]
[347 -81 -20]
[347 -93 -21]
[347 -92 -21]
[347 -116 -15]
[348 -94 -21]
[348 -95 -19]
[348 -98 -18]
[348 -98 -17]
[348 -97 -18]
[348 -87 -21]
[348 -119 -12]
[348 -119 -14]
[348 -85 -22]
[348 -84 -21]
[348 -81 -22]
[348 -100 -19]
[348 -91 -20]
[348 -115 -16]
[348 -116 -16]
[348 -117 -15]
[348 -117 -16]
[348 -91 -22]
[348 -92 -22]
[348 -91 -21]
[348 -93 -22]
[348 -99 -17]
[348 -99 -18]
[348 -90 -22]
[348 -111 -17]
[348 -96 -19]
[348 -102 -19]
[348 -112 -17]
[348 -83 -22]
[348 -82 -22]
[348 -109 -17]
[348 -120 -10]
[348 -120 -12]
[348 -108 -17]
[348 -106 -17]
[348 -105 -19]
[348 -106 -19]
[348 -104 -19]
[348 -106 -18]
[348 -115 -15]
[348 -114 -16]
[348 -107 -17]
[348 -107 -15]
[348 -119 -13]
[349 -91 -23]
[349 -107 -18]
[349 -107 -19]
[349 -120 -13]
[349 -120 -11]
[349 -82 -23]
[349 -118 -16]
[349 -92 -23]
[349 -108 -18]
[349 -84 -22]
[349 -114 -17]
[349 -109 -18]
[349 -94 -23]
[349 -103 -19]
[349 -104 -20]
[349 -105 -20]
[349 -113 -16]
[349 -97 -19]
[349 -95 -20]
[349 -106 -20]
[349 -81 -23]
[349 -110 -18]
[349 -84 -23]
[349 -86 -23]
[349 -117 -17]
[349 -97 -20]
[349 -118 -15]
[349 -120 -15]
[349 -115 -17]
[349 -121 -11]
[349 -121 -13]
[349 -121 -12]
[349 -101 -20]
[349 -100 -20]
[349 -110 -17]
[349 -94 -22]
[349 -95 -22]
[349 -95 -21]
[349 -99 -19]
[349 -98 -19]
[349 -118 -17]
[349 -116 -17]
[349 -101 -19]
[349 -103 -20]
[350 -102 -20]
[350 -98 -20]
[350 -98 -21]
[350 -96 -21]
[350 -97 -21]
[350 -108 -19]
[350 -93 -24]
[350 -93 -23]
[350 -95 -23]
[350 -95 -24]
[350 -99 -20]
[350 -104 -18]
[350 -85 -24]
[350 -87 -23]
[350 -106 -21]
[350 -107 -21]
[350 -114 -18]
[350 -119 -16]
[350 -109 -19]
[350 -91 -24]
[350 -90 -24]
[350 -103 -21]
[350 -104 -21]
[350 -120 -16]
[350 -121 -16]
[350 -100 -21]
[350 -83 -24]
[350 -84 -24]
[350 -83 -23]
[350 -85 -23]
[350 -119 -15]
[350 -96 -20]
[350 -102 -21]
[350 -120 -14]
[350 -119 -18]
[350 -107 -20]
[350 -96 -22]
[350 -115 -18]
[351 -96 -23]
[351 -108 -22]
[351 -88 -24]
[351 -88 -23]
[351 -104 -22]
[351 -105 -22]
[351 -97 -22]
[351 -98 -22]
[351 -108 -20]
[351 -90 -23]
[351 -114 -19]
[351 -121 -15]
[351 -121 -17]
[351 -101 -21]
[351 -100 -22]
[351 -121 -14]
[351 -82 -24]
[351 -115 -19]
[351 -92 -24]
[351 -94 -24]
[351 -120 -18]
[351 -120 -17]
[351 -119 -19]
[351 -120 -19]
[351 -118 -18]
[351 -85 -25]
[351 -84 -25]
[351 -103 -22]
[351 -102 -22]
[351 -106 -22]
[351 -107 -22]
[351 -101 -22]
[352 -84 -26]
[352 -86 -26]
[352 -106 -23]
[352 -121 -18]
[352 -100 -23]
[352 -99 -23]
[352 -101 -23]
[352 -99 -21]
[352 -97 -23]
[352 -98 -23]
[352 -89 -24]
[352 -118 -20]
[352 -118 -19]
[352 -97 -24]
[352 -96 -24]
[352 -88 -25]
[352 -89 -25]
[352 -87 -24]
[352 -109 -21]
[352 -117 -18]
[352 -103 -23]
[352 -105 -23]
[352 -107 -23]
[352 -116 -20]
[352 -114 -20]
[352 -115 -20]
[352 -104 -23]
[352 -113 -20]
[352 -108 -21]
[353 -117 -20]
[353 -117 -19]
[353 -116 -18]
[353 -104 -24]
[353 -103 -24]
[353 -108 -24]
[353 -99 -22]
[353 -100 -24]
[353 -109 -22]
[353 -110 -20]
[353 -87 -25]
[353 -99 -24]
[353 -98 -24]
[353 -102 -23]
[353 -102 -24]
[353 -114 -21]
[353 -119 -20]
[353 -118 -21]
[353 -105 -24]
[353 -106 -24]
[353 -107 -24]
[354 -110 -19]
[354 -109 -20]
[354 -111 -19]
[354 -116 -19]
[354 -100 -25]
[354 -103 -25]
[354 -101 -25]
[354 -102 -25]
[354 -106 -25]
[354 -99 -25]
[354 -113 -21]
[354 -107 -25]
[354 -104 -25]
[355 -111 -20]
[355 -112 -22]
[355 -113 -22]
[355 -102 -26]
[355 -98 -26]
[355 -108 -26]
[355 -101 -26]
[356 -102 -27]
[356 -98 -27]
[356 -111 -22]
[356 -111 -21]
[356 -100 -27]
[356 -112 -23]
[356 -112 -21]
[356 -110 -21]
[356 -109 -27]
[356 -107 -27]
[357 -97 -28]
[357 -99 -27]
[357 -110 -22]
[357 -109 -26]
[357 -101 -27]
[357 -108 -27]
[358 -98 -28]
[358 -96 -27]
[358 -98 -29]
[358 -97 -29]
[359 -96 -26]
[359 -95 -28]
[359 -95 -26]
[359 -97 -27]
[359 -98 -30]
[359 -99 -30]
[360 -95 -27]
[360 -94 -27]
[360 -99 -31]
[360 -98 -31]
[361 -94 -28]
[361 -97 -30]
[361 -97 -32]
[361 -93 -27]
[361 -98 -32]
[361 -100 -30]
[362 -92 -28]
[362 -101 -30]
[362 -96 -31]
[362 -96 -33]
[362 -96 -30]
[363 -95 -31]
[363 -96 -32]
[363 -95 -32]
[363 -92 -27]
[363 -91 -27]
[363 -95 -33]
[363 -96 -29]
[363 -102 -29]
[364 -94 -32]
[364 -94 -31]
[364 -95 -30]
[364 -103 -29]
[364 -103 -30]
[364 -102 -30]
[364 -90 -28]
[364 -91 -28]
[364 -93 -28]
[364 -94 -34]
[365 -103 -31]
[365 -104 -31]
[365 -94 -33]
[365 -89 -29]
[365 -90 -29]
[366 -102 -32]
[366 -103 -32]
[366 -104 -32]
[366 -104 -30]
[366 -105 -30]
[366 -93 -32]
[366 -93 -34]
[366 -89 -28]
[367 -104 -29]
[367 -105 -29]
[367 -103 -33]
[367 -92 -33]
[367 -106 -29]
[367 -88 -29]
[367 -102 -33]
[367 -101 -32]
[368 -91 -32]
[368 -92 -32]
[368 -105 -28]
[368 -107 -28]
[368 -106 -28]
[368 -87 -29]
[368 -88 -30]
[368 -87 -30]
[368 -100 -31]
[368 -100 -33]
[368 -100 -32]
[368 -102 -34]
[369 -106 -27]
[369 -91 -33]
[369 -86 -29]
[369 -86 -30]
[369 -101 -34]
[369 -102 -35]
[369 -101 -35]
[369 -99 -32]
[370 -100 -35]
[370 -90 -34]
[370 -92 -34]
[370 -90 -33]
[370 -100 -34]
[371 -91 -35]
[371 -93 -33]
[371 -91 -34]
[371 -89 -35]
[371 -89 -33]
[371 -90 -35]
[371 -89 -34]
[372 -92 -35]
[372 -88 -35]
[372 -90 -36]
[372 -89 -36]
[372 -88 -34]
[373 -87 -35]
[373 -87 -34]
[373 -89 -37]
[373 -88 -37]
[373 -88 -36]
